:020000040800F2
:1000000000000220316B00081D680008236800080A
:10001000296800082F680008356800080000000003
:100020000000000000000000000000003B68000825
:10003000496800080000000057680008656800086B
:10004000816B0008816B0008816B0008816B0008E0
:10005000816B0008816B0008816B0008816B0008D0
:10006000816B0008816B0008816B0008816B0008C0
:10007000816B0008816B0008816B0008816B0008B0
:10008000816B0008816B0008816B0008816B0008A0
:10009000816B0008816B0008816B0008816B000890
:1000A000816B0008816B0008816B0008816B000880
:1000B000816B0008816B0008816B0008816B000870
:1000C000816B0008816B0008816B0008816B000860
:1000D000816B00085510000805100008890B010805
:1000E000816B0008816B000800000000816B000834
:1000F000816B0008816B0008816B0008816B000830
:10010000816B0008816B0008816B0008816B00081F
:100110002D10000841100008816B0008816B000859
:10012000816B0008816B0008816B0008816B0008FF
:10013000816B0008816B0008816B0008816B0008EF
:1001400000000000000000000000000000000000AF
:10015000816B0008816B0008816B000851FD00086D
:10016000816B0008816B0008816B0008816B0008BF
:10017000816B0008816B0008816B000800000000A3
:10018000816B0008816B000819100008F10F00084E
:10019000816B0008816B0008816B0008816B00088F
:1001A000816B0008816B0008816B0008816B00087F
:1001B000816B0008816B0008816B0008816B00086F
:1001C000816B0008816B0008816B0008816B00085F
:1001D000816B000881680008816B0008816B000852
:1001E000816B0008816B0008816B0008816B00083F
:1001F000816B0008816B0008816B0008816B00082F
:10020000816B0008816B0008816B0008816B00081E
:10021000816B0008816B0008816B0008816B00080E
:10022000816B0008816B0008816B000800000000F2
:10023000816B0008816B000800000000816B0008E2
:10024000816B0008816B0008816B0008816B0008DE
:10025000816B0008816B0008816B0008816B0008CE
:10026000816B0008816B0008816B0008816B0008BE
:10027000816B0008816B0008816B000800000000A2
:10028000816B0008816B0008816B00080000000092
:0802900000000000816B000872
:1002A00010B5054C237833B9044B13B10448AFF3B0
:1002B00000800123237010BD100200240000000004
:1002C000E84A020808B5034B1BB103490348AFF3E2
:1002D000008008BD0000000014020024E84A020863
:1002E00001F0FF01102A2BDB10F0070F08D010F8E7
:1002F000013B013A8B422DD010F0070F42B3F6D1EB
:10030000F0B441EA012141EA014122F007047FF003
:1003100000070023F0E80256083C85EA010586EA5A
:10032000010685FA47F5A3FA87F586FA47F6A5FA96
:1003300087F68EB9EED1F0BC01F0FF0102F00702A2
:1003400032B110F8013B013A83EA010313B1F8D14D
:100350000020704701387047002D06BF354603382E
:10036000073815F0010F07D1013015F4807F02BF67
:10037000013015F4C03F0130F0BC0138704700BFB8
:1003800081F0004102E000BF83F0004330B54FEA46
:1003900041044FEA430594EA050F08BF90EA020FB3
:1003A0001FBF54EA000C55EA020C7FEA645C7FEA46
:1003B000655C00F0E2804FEA5454D4EB5555B8BF69
:1003C0006D420CDD2C4480EA020281EA030382EADA
:1003D000000083EA010180EA020281EA0303362D6C
:1003E00088BF30BD11F0004F4FEA01314FF4801C3F
:1003F0004CEA113102D0404261EB410113F0004F51
:100400004FEA03334CEA133302D0524263EB430307
:1004100094EA050F00F0A780A4F10104D5F1200EA5
:100420000DDB02FA0EFC22FA05F2801841F1000100
:1004300003FA0EF2801843FA05F359410EE0A5F1D4
:1004400020050EF1200E012A03FA0EFC28BF4CF005
:10045000020C43FA05F3C01851EBE37101F00045BB
:1004600007D54FF0000EDCF1000C7EEB00006EEBC8
:100470000101B1F5801F1BD3B1F5001F0CD3490852
:100480005FEA30004FEA3C0C04F101044FEA4452A9
:1004900012F5800F80F09A80BCF1004F08BF5FEA30
:1004A000500C50F1000041EB045141EA050130BD10
:1004B0005FEA4C0C404141EB0101013C28BFB1F522
:1004C000801FE9D291F0000F04BF01460020B1FA6D
:1004D00081F308BF2033A3F10B03B3F120020CDA40
:1004E0000C3208DD02F1140CC2F10C0201FA0CF01E
:1004F00021FA02F10CE002F11402D8BFC2F1200C83
:1005000001FA02F120FA0CFCDCBF41EA0C01904038
:10051000E41AA2BF01EB0451294330BD6FEA040481
:100520001F3C1CDA0C340EDC04F11404C4F120026C
:1005300020FA04F001FA02F340EA030021FA04F37E
:1005400045EA030130BDC4F10C04C4F1200220FAD5
:1005500002F001FA04F340EA0300294630BD21FA13
:1005600004F0294630BD94F0000F83F4801306BFD9
:1005700081F480110134013D4EE77FEA645C18BFCD
:100580007FEA655C29D094EA050F08BF90EA020F64
:1005900005D054EA000C04BF1946104630BD91EA5C
:1005A000030F1EBF0021002030BD5FEA545C05D15F
:1005B0004000494128BF41F0004130BD14F580049E
:1005C0003CBF01F5801130BD01F0004545F0FE4112
:1005D00041F470014FF0000030BD7FEA645C1ABF47
:1005E000194610467FEA655C1CBF0B46024650EA7E
:1005F000013406BF52EA033591EA030F41F40021AA
:1006000030BD00BF90F0000F04BF0021704730B52F
:100610004FF4806404F132044FF000054FF0000104
:1006200050E700BF90F0000F04BF0021704730B5C5
:100630004FF4806404F1320410F0004548BF40429A
:100640004FF000013EE700BF42004FEAE2014FEAEF
:1006500031014FEA02701FBF12F07F4393F07F4FCA
:1006600081F06051704732F07F4208BF704793F0CD
:100670007F4F04BF41F40021704730B54FF46074E0
:1006800001F0004521F000411CE700BF50EA0102E3
:1006900008BF704730B54FF000050AE050EA01028C
:1006A00008BF704730B511F0004502D5404261EBFC
:1006B00041014FF4806404F132045FEA915C3FF43D
:1006C000D8AE4FF003025FEADC0C18BF03325FEADA
:1006D000DC0C18BF033202EBDC02C2F1200300FA8B
:1006E00003FC20FA02F001FA03FE40EA0E0021FAB0
:1006F00002F11444BDE600BF53B94AB9002908BF4E
:1007000000281CBF4FF0FF314FF0FF3000F06EB9F2
:10071000ADF1080C6DE904CE00F006F8DDF804E058
:10072000DDE9022304B070472DE9F047089D044637
:100730008C46002B40F083808A42174647D9B2FA94
:1007400082F242B1C2F1200024FA00F091409740B9
:1007500040EA010C94404FEA1748230CBCFBF8F622
:100760001FFA87FE08FB16C143EA014306FB0EF1A0
:10077000994209D9FB1806F1FF3080F0198199429E
:1007800040F21681023E3B445B1AA4B2B3FBF8F080
:1007900008FB103344EA034400FB0EFEA64509D9CA
:1007A0003C1900F1FF3380F00581A64540F202813B
:1007B00002383C4440EA0640A4EB0E0400261DB17A
:1007C000D4400023C5E900433146BDE8F08702B9B3
:1007D000FFDEB2FA82F2002A50D1CB1B4FEA174E4D
:1007E0001FFA87F80126B3FBFEFC210C0EFB1C331D
:1007F00041EA034108FB0CF38B4207D979180CF14D
:10080000FF3002D28B4200F2E9808446C91AA3B2BB
:10081000B1FBFEF00EFB101143EA014408FB00F8A7
:10082000A04507D93C1900F1FF3302D2A04500F2E0
:10083000D9801846A4EB080440EA0C40BFE78B427D
:1008400009D9002D00F0B1800026C5E9000130462D
:100850003146BDE8F087B3FA83F6002E4AD18B42C9
:1008600002D3824200F2B880841A61EB03010120B6
:100870008C46002DA8D0C5E9004CA5E7C2F12003A5
:1008800020FA03F6974001FA02F04FEA174ED940DA
:100890003043030CB1FBFEF61FFA87F80EFB16116E
:1008A00043EA014306FB08F1994204FA02F409D92C
:1008B000FB1806F1FF3C80F08D80994240F28A805F
:1008C000023E3B445B1A81B2B3FBFEF00EFB1033D9
:1008D00041EA034100FB08F38B4207D9791800F184
:1008E000FF3C73D28B4271D902383944CB1A40EAAB
:1008F000064678E7C6F1200C03FA06F422FA0CF358
:100900001C4320FA0CF701FA06F34FEA144E21FAC1
:100910000CF11F433B0CB1FBFEF91FFA84F80EFBF0
:10092000191143EA014109FB08FA8A4502FA06F265
:1009300000FA06F308D9611809F1FF3048D28A4558
:1009400046D9A9F102092144A1EB0A01BFB2B1FBCA
:10095000FEF00EFB101147EA014700FB08F8B8450E
:1009600007D9E71900F1FF312ED2B8452CD902384A
:10097000274440EA0940A7EB0807A0FB02894F453E
:10098000C64649461AD317D05DB1B3EB0E0267EBEA
:10099000010707FA0CFCF2404CEA0202F740C5E9F5
:1009A000002700263146BDE8F0872E4628460BE793
:1009B0000646E9E61846FDE64345E5D2B8EB020EE9
:1009C00069EB04010138DFE70846D2E760468DE7AE
:1009D0008146B9E7664675E730464AE7ACF1020C56
:1009E000394413E702383C4424E700BF704700BF96
:1009F00080B582B000AF7860786800F005F87B6859
:100A000018460837BD4680BD80B485B000AF786019
:100A10007A6842F21003134400221A607A6842F2A4
:100A2000100313441A68796842F214030B441A60E5
:100A30000023FB60FB68032B08DC7B68FA6800215D
:100A400043F82210FB680133FB60F3E700BF143763
:100A5000BD465DF8047B704780B582B000AF78601A
:100A600039607B68012B07D13B684FF6FF729342D8
:100A700002D10348FFF7BCFF00BF0837BD4680BD69
:100A80002C02002480B500AF4FF6FF710120FFF764
:100A9000E3FF80BD80B483B000AF786039607B68CD
:100AA0005B683A6813443B607B681A687B689B68A4
:100AB0003968994204DB7B689B683968CB1A00E08F
:100AC0003B6813441B7818460C37BD465DF8047B21
:100AD000704780B582B000AF786000217868FFF77A
:100AE000D9FF034618460837BD4680BD80B483B0A1
:100AF00000AF7860044A7B681A607B6818460C3740
:100B0000BD465DF8047B70477C4B020880B582B01F
:100B100000AF78607868FFF7E9FF0421786820F07B
:100B200039FD7B6818460837BD4680BD80B483B068
:100B300000AF78607B6815221A6000BF0C37BD4695
:100B40005DF8047B704780B485B000AFF860B96091
:100B50007A60FB68BA68DA60FB687A681A61FB68D9
:100B600000225A6100BF1437BD465DF8047B704710
:100B700080B586B002AFF860B9607A603B603B68D0
:100B800000937B68BA680449F86802F016FA00BF5F
:100B90001037BD4680BD00BF8C5B020880B586B0B3
:100BA00002AFF860B9607A603B603B6800937B6895
:100BB000BA680449F86802F000FA00BF1037BD4671
:100BC00080BD00BF884B020880B483B000AF78605E
:100BD0007B681B68002B0CBF01230023DBB2184687
:100BE0000C37BD465DF8047B704780B483B000AF1E
:100BF00078607B681B68012B03D07B681B68022B25
:100C000001D1012300E0002318460C37BD465DF8F2
:100C1000047B704780B483B000AF78607B685B680A
:100C200018460C37BD465DF8047B704780B483B02E
:100C300000AF78607B689B6818460C37BD465DF84E
:100C4000047B704780B483B000AF786039607A6805
:100C50003B6802339B0013445B6818460C37BD4663
:100C60005DF8047B704780B483B000AF78607B6828
:100C70001B6918460C37BD465DF8047B704780B48D
:100C800083B000AF78607B689B6818460C37BD4620
:100C90005DF8047B704780B483B000AF78607B68F8
:100CA000DB6818460C37BD465DF8047B704780B49E
:100CB00083B000AF78607B681B6918460C37BD466F
:100CC0005DF8047B704780B584B000AFF860B96010
:100CD0007A603B60FB681B69002B36DB3B68B3F135
:100CE000FF3F32D03B68002B03D1FB6800221A6122
:100CF0002CE03B68012B03D1FB6801221A6125E03F
:100D00003B68022B05D17A68B968F86800F021F8D1
:100D10001CE03B68032B05D17A68B968F86800F0DD
:100D200034F813E03B68042B05D17A68B968F86899
:100D300000F048F80AE03B68052B07D16FF000424D
:100D40000021F86800F03EF800E000BF1037BD4613
:100D500080BD80B485B000AFF860B9607A60FB6890
:100D60001B69002B0BDBFB68BA685A61FB687A6869
:100D70009A61FB680022DA61FB6802221A6100BFF7
:100D80001437BD465DF8047B704780B485B000AF72
:100D9000F860B9607A60FB681B69002B0CDBFB68AC
:100DA000BA685A61FB687A689A61FB689A68FB685E
:100DB000DA61FB6802221A6100BF1437BD465DF894
:100DC000047B704780B485B000AFF860B9607A608A
:100DD000FB681B69002B08DBFB68BA685A61FB687B
:100DE0007A689A61FB6803221A6100BF1437BD4616
:100DF0005DF8047B704780B483B000AF78607B6897
:100E00001B69002B01DC00232FE07B681B69012B91
:100E100001DC012329E07B681B69022B15DC7B6860
:100E20001A687B685B699A4205DB7B681A687B6895
:100E30009B699A4205DD7B689A687B68DB699A4208
:100E400001DA012311E000230FE07B681A687B6858
:100E50005B699A4205DB7B681A687B689B699A42EA
:100E600001DD012300E0002300BF18460C37BD461A
:100E70005DF8047B704780B582B000AF78607B6816
:100E80001B69012B02DC7B681B6909E07868FFF7AE
:100E9000B2FF0346002B01D0012300E0042300BF72
:100EA00018460837BD4680BD80B483B000AF786077
:100EB0007B6803F5C05318460C37BD465DF8047BCC
:100EC0007047000080B483B000AF786039607A6802
:100ED000054B13443A685201134418460C37BD467B
:100EE0005DF8047B704700BFA4AE010080B483B0FE
:100EF00000AF78607A6842F60403134418460C3752
:100F0000BD465DF8047B704780B483B000AF786065
:100F1000044B1A687B68134418460C37BD465DF8CD
:100F2000047B70476085022480B483B000AF786092
:100F3000064B1A687B68D31ADB43DB0FDBB218461B
:100F40000C37BD465DF8047B704700BF6085022406
:100F500080B483B000AF78607B681B6C9BB218468E
:100F60000C37BD465DF8047B704780B483B000AF9A
:100F700078607B689A6A7B685B6A9A42B4BF012397
:100F80000023DBB218460C37BD465DF8047B704782
:100F900080B483B000AF78607B681B6818460C375C
:100FA000BD465DF8047B704780B483B000AF7860C5
:100FB0007B685B6818460C37BD465DF8047B70475C
:100FC00080B483B000AF78607B689B6818460C37AC
:100FD000BD465DF8047B704780B400AF034B1B68CF
:100FE0001846BD465DF8047B704700BF445F02248D
:100FF00080B500AF024811F097FF00BF80BD00BF71
:1010000004EC012480B500AF024811F08DFF00BF51
:1010100080BD00BFBCEE012480B500AF024811F0D6
:1010200083FF00BF80BD00BF74F1012480B500AF15
:10103000024811F079FF00BF80BD00BF2CF40124ED
:1010400080B500AF024811F06FFF00BF80BD00BF48
:10105000E4F6012480B500AF024812F089FD00BF1C
:1010600080BD00BF9CF9012480B500AF034812F099
:1010700035FD00F035F800BF80BD00BF9CF90124AC
:1010800080B500AF0548FFF70FFF02464FF48053CD
:10109000FF21034814F0F5FA00BF80BD942300241B
:1010A000A468022480B500AF0648FFF7FDFE0246A3
:1010B0004FF480534FF47F21034814F0BCFA00BF73
:1010C00080BD00BF94230024A468022480B500AF33
:1010D0000021024814F038FB00BF80BDA468022440
:1010E00080B588B000AF624B624A1A600023FB6192
:1010F000FB69042B0ADC604AFB6952F8233018466E
:1011000011F011FEFB690133FB61F1E75B481AF056
:10111000BDFC5A481AF0E0FCFFF7C4FF4FF400632F
:10112000574A0021574814F086FA3B1D5449184687
:1011300013F024F83B1D1946534801F051FD534B61
:1011400000221A60514B1B68514A13600023BB6197
:10115000BB69272B66DCBB694FF41C7202FB03F3EF
:101160000833494A134404331846FFF753FD3861E6
:1011700004223969002001F0EDFB0346002B4DD01D
:10118000BB694FF41C7202FB03F308333E4A13445D
:1011900004331846FFF718FD034683F00103DBB262
:1011A000002B3BD0344A3B6952F82320BB694FF4F3
:1011B0001C7101FB03F337490B441946104611F02B
:1011C000FBFDBB694FF41C7202FB03F3314A1A4466
:1011D0002F4B1B68591C2E4801602F4941F82320D2
:1011E000BB694FF41C7202FB03F30833264A134415
:1011F00004331846FFF7F9FC0346002B0ED0BB69F9
:101200004FF41C7202FB03F3224A1A441F4B1B6863
:10121000591C1E480160214941F82320BB69013354
:10122000BB6195E700F040F800237B61174B1B681A
:101230007A699A420ADA194A7B6952F823301846C9
:1012400001F03EFE7B6901337B61EFE71448FFF755
:10125000DBFB144810F09FFF002000F091F83B1DCD
:10126000184601F059FC00BF2037BD4680BD00BFC5
:10127000FCEB012401150008000000249423002445
:10128000FCDB0124A4680224A0F9012488230024A3
:1012900084230024ACF9012444220024E422002405
:1012A0002C0200244CD3012480B582B000AF00236F
:1012B0007B607B68272B12DC7B684FF41C7202FB7F
:1012C00003F30833084A1344181D0023002247F68D
:1012D000FF71FFF74DFC7B6801337B60E9E700BFDE
:1012E0000837BD4680BD00BFA0F9012480B582B09B
:1012F00000AF00F01DF800237B607B68272B11DC1A
:101300007B684FF41C7202FB03F30833074A134453
:10131000181D002332220021FFF72AFC7B680133CD
:101320007B60EAE700BF0837BD4680BDA0F9012415
:1013300080B582B000AF00237B600D4B1B687A68DC
:101340009A420ADA0B4A7B6852F82330184602F0B8
:10135000B1F87B6801337B60EFE707481AF096FB32
:10136000064B41221A6000BF0837BD4680BD00BF52
:1013700088230024E42200249423002490230024C2
:1013800090B583B000AF78607B68B3F1FF3F74D055
:101390007B68B3F1FF3F37DB7B68452B34DC7B6830
:1013A000412B31DB7B68413B042B2DD801A252F845
:1013B00023F000BFC9130008CF130008D913000899
:1013C000E3130008F5130008FFF7B2FF56E0012110
:1013D0002C481AF0B7FB51E000212A481AF0B2FB62
:1013E0004CE0284A284B13444FF0FF321A60FFF7B5
:1013F0007DFF43E0234A244B134400221A60FFF789
:1014000097FFFFF751FF39E07B68002B36DB7B68E5
:101410003F2B33DC1D4A7B681360FFF789FF1C4AB2
:101420007B6803F63143DB0013449B68002B25DD0A
:10143000174A7B6803F63143DB0013449B68154A67
:1014400093421BDC124A7B6803F63143DB001344F2
:101450005C680C48FFF74AFD02460D497B6803F6BD
:101460003143DB000B449B6821460B4814F0E3F842
:10147000012104481AF066FB00E000BF00BF0C37F2
:10148000BD4690BD942300245CAF0100902300244E
:10149000A0F901249F860100A468022480B582B0CF
:1014A00000AF786039603B68002B06DD3A680021A8
:1014B00004481AF0DFFE034600E000231846083710
:1014C000BD4680BD9423002480B582B000AF786013
:1014D00079680020FFF7E2FF034618460837BD464B
:1014E00080BD000080B483B000AF7860034B184625
:1014F0000C37BD465DF8047B704700BFC914000877
:1015000080B584B000AF12F007F90023FB60FB68E0
:10151000042B0ADC254AFB6852F82330184611F0E8
:1015200063FCFB680133FB60F1E712F0B7F9204977
:10153000204810F088FE0023BB601F4B1B68BA6870
:101540009A420ADA1D4ABB6852F82330184601F065
:10155000B7FCBB680133BB60EFE70121144817F00B
:101560008DF8134A164B13441B68002B0DDB104AF1
:10157000134B13441B681846FFF702FF0C4A104B2D
:1015800013444FF0FF321A600CE00949094810F08B
:10159000AAFE3B1D1846FFF7A5FF0346194609485A
:1015A00001F0EFF900BF1037BD4680BD00000024F8
:1015B000942300244CD3012488230024E422002413
:1015C00028AF01002C02002480B485B000AF786001
:1015D00039600023FB60FB68272B11DCFB684FF4AC
:1015E0001C7202FB03F30C4A13447A689A4203D13B
:1015F0000A4AFB68136003E0FB680133FB60EAE71B
:10160000074A3B681360074B074A1A6000BF14374C
:10161000BD465DF8047B7047ACF90124F8DB01247A
:10162000F4DB0124FCEB0124CD1A000880B586B060
:1016300000AF786000237B617B69042B0ADC204AC1
:101640007B6952F82330184611F0CEFB7B690133D9
:101650007B61F1E77868FFF757FC78607868FFF7FF
:1016600063FC034683F00103DBB2002B23D001238C
:10167000FB740023FB60FB68042B14DCFB7C83F011
:101680000103DBB2002B0ED10D4AFB6852F8233068
:101690001846FFF76AFC034683F00103FB74FB68FE
:1016A0000133FB60E7E7FB7C002B03D1012012F044
:1016B00003FDD3E700BF00BF1837BD4680BD00BFA4
:1016C0000000002480B584B000AF7860396000234A
:1016D000FB600C4B1B68FA689A420CDA0A4AFB68FA
:1016E00052F823303A6879681846FFF72CFAFB68FD
:1016F0000133FB60EDE70420FFF798FF00BF1037D0
:10170000BD4680BD842300244422002480B590B0CF
:1017100000AF0023FB63FB6B092B36DC00210020AC
:10172000FFF7D0FF012387F83B3000237B63994B01
:101730001B687A6B9A421CDA97F83B3083F00103FE
:10174000DBB2002B15D1944A7B6B52F82330022177
:101750001846FFF777FA03469BB240F29472934221
:101760000CBF0123002387F83B307B6B01337B6385
:10177000DDE797F83B30002B06D10A2012F09CFCE5
:10178000FB6B0133FB63C6E700BFFB6B092B26DD58
:1017900000233B637F4B1B683A6B9A421FDA7E4AF9
:1017A0003B6B52F8233002211846FFF74BFA0346F1
:1017B0009BB240F29472934214BF01230023DBB228
:1017C000002B08D0744A3B6B52F823300121184695
:1017D000FFF7FAFE6EE13B6B01333B63DAE76F4BD9
:1017E0001B6801336D4A13600023FB63FB6B012B05
:1017F0003BDC00210E20FFF765FF40F6B83012F009
:101800005BFC00210020FFF75DFF012387F82F30EC
:101810000023BB625F4B1B68BA6A9A421CDA97F8D6
:101820002F3083F00103DBB2002B15D15A4ABB6A7B
:1018300052F8233002211846FFF704FA03469BB200
:1018400040F2947293420CBF0123002387F82F309B
:10185000BB6A0133BB62DDE797F82F30002B03D161
:10186000FB6B0133FB63C1E700BFFB6B012B26DD84
:1018700000237B62474B1B687A6A9A421FDA464A0A
:101880007B6A52F8233002211846FFF7DBF9034642
:101890009BB240F29472934214BF01230023DBB247
:1018A000002B08D03C4A7B6A52F8233002211846AC
:1018B000FFF78AFEFEE07B6A01337B62DAE7374B93
:1018C0001B680133354A136000233B623B6A042BDB
:1018D0000CDC334A3B6A52F8233044F62061184648
:1018E00011F05AFA3B6A01333B62EFE72D4B1B685C
:1018F0002D4A82FB03121A44D211DB17D31AFB6163
:10190000FB69002B01DC0123FB61284B1A68254B86
:101910001B689A4280F2C480244B1B689B00BB600A
:101920002348FFF7E3FA7860BB687A6813441B78B2
:101930001946BB6801337A6813441B781B0241EADD
:101940000302BB68023379680B441B781B041A43FB
:10195000BB68033379680B441B781B0613433B6059
:10196000144B1B68BA681344BB600023BB61094B6E
:101970001B68BA699A421FDA074ABB6952F82330DA
:101980003A68B9681846FFF7DEF8BB690133BB61F6
:10199000EDE700BF8423002444220024F0DB01246F
:1019A00000000024ECDB012409040281E8DB0124AF
:1019B00094230024E4DB01240023FB63FB6B092B4D
:1019C00036DC4FF47A70FFF731FE0123FB750023FC
:1019D0003B613A4B1B683A699A421EDA384A3B69C6
:1019E00052F8233000211846FFF72CF90346002B4C
:1019F00014BF01230023DBB2002B0AD0304A3B691D
:101A000052F823303A68B9681846FFF79CF800236B
:101A1000FB753B6901333B61DBE7FB7D002B06D1A6
:101A20001E2012F049FBFB6B0133FB63C6E700BFCE
:101A3000FB6B092B23DD0023FB60204B1B68FA683E
:101A40009A421CDA1E4AFB6852F8233000211846DD
:101A5000FFF7F8F80346002B14BF01230023DBB285
:101A6000002B08D0164AFB6852F82330B968184694
:101A7000FFF7AAFD1EE0FB680133FB60DDE7114BB9
:101A80001B6801330F4A13600E4B1A68FB6992FB07
:101A9000F3F302330C4A1360012012F00DFB34E71C
:101AA00000210A20FFF70EFEFFF71AFB064B40F25B
:101AB00001121A604037BD4680BD00BF8423002458
:101AC00044220024E8DB0124F0DB012480B400AFD1
:101AD00000BFBD465DF8047B7047000080B586B04E
:101AE00000AF7860396000237B617B69072B60DC85
:101AF0003A687B6942FA03F303F00103002B54D0E8
:101B00007A687B6913443B613B694FF41C7202FBAA
:101B100003F30833294A134404331846FFF77AF8CD
:101B2000F8600422F968002000F014FF0346002B3F
:101B30003BD03B694FF41C7202FB03F308331F4A8E
:101B4000134404331846FFF73FF8034683F00103BC
:101B5000DBB2002B29D03B694FF41C7202FB03F36C
:101B60000833164A134404331846FEF7DFFF144ABD
:101B7000FB6852F823203B694FF41C7101FB03F30F
:101B800010490B441946104611F016F93B694FF401
:101B90001C7202FB03F30B4A1A440B4B1B68591CC3
:101BA00009480160094941F823207B6901337B61C1
:101BB0009BE700BF1837BD4680BD00BFA0F90124D8
:101BC00000000024ACF901248423002444220024D2
:101BD00080B586B000AFF860B9607A603B600023E2
:101BE0007B617B69042B0ADC1C4A7B6952F8233039
:101BF000184611F098F87B6901337B61F1E71848CA
:101C000019F044FF174B00221A60F9680020FFF713
:101C100065FFB9680820FFF761FF79681020FFF7BA
:101C20005DFF39681820FFF759FF396A2020FFF758
:101C300055FF0D4B00221A600B4B1B680B4A1360BB
:101C40000B4B00221A600A4B1B680A4A13600A4BAE
:101C50000A4A1A6000BF1837BD4680BD0000002444
:101C60009423002484230024F4DB0124F8DB0124E2
:101C7000F0DB0124E8DB0124FCEB01240D17000854
:101C800090B5B1B002AF786039607868FEF721FF97
:101C90000346413B352B00F2668401A252F823F043
:101CA0003F220008F1240008D11E00086725000823
:101CB000BD1E00086D1E00083D23000867250008B2
:101CC000791D00086725000867250008E123000842
:101CD000552400086725000867250008ED20000846
:101CE00067250008712300083D1F00087D1F0008BC
:101CF000E9220008C12100086725000867250008BF
:101D00006725000867250008672500086725000883
:101D10006725000867250008672500086725000873
:101D2000672500086725000867250008C91D000809
:101D30006725000867250008672500086725000853
:101D40006725000867250008672500086725000843
:101D50006725000867250008672500086725000833
:101D60006725000867250008672500086725000823
:101D700067250008FB210008692138680CF004FF82
:101D80002022764938680CF0A9FEA82138680CF0AA
:101D900073FE734B5B68194638680CF080FE704B1D
:101DA0009B68194638680CF07AFEFFF715F9034670
:101DB000194638680CF073FE012138680CF05CFE9F
:101DC00038680CF0FCFED5E378680DF001F9C7F82F
:101DD000B400D7F8B430634A12685A40624B1340DB
:101DE000002B05D0D7F8B4205F4B13405D4A136039
:101DF000D7F8B430C3F30B03C7F8B4300023C7F8E7
:101E0000B030D7F8B0301F2B11DC78680DF060F8D7
:101E10000346D9B2D7F8B4305A1CC7F8B420534A95
:101E2000D154D7F8B0300133C7F8B030E9E7D7F86C
:101E3000B430C3F30B03002B08D14A4B1B681913B2
:101E40004FF48053494A4A4813F01BFC4F2138682D
:101E50000CF09AFE38680CF0B2FE424B1B681B1364
:101E6000FF2B40F08483FFF73BF980E378680DF0A7
:101E7000AFF8F8610023C7F8AC30D7F8AC301F2BAF
:101E800010DC78680DF024F80346D9B2374AD7F849
:101E9000AC3013440A461A70D7F8AC300133C7F897
:101EA000AC30EAE73149F86911F0A2FE66213868E2
:101EB0000CF06AFE38680CF082FE5BE311F078FEED
:101EC000652138680CF060FE38680CF078FE51E34C
:101ED00078680DF07DF8B861BB69002B01D1FFF780
:101EE00027FABB69002B21DBBB69224A93421DDC28
:101EF0002148FEF7FBFF0246BB6913447B610023C8
:101F0000C7F8A830D7F8A8301F2B0FDC78680CF082
:101F1000DFFF0146D7F8A8307A691344CAB21A70B5
:101F2000D7F8A8300133C7F8A830EBE77321386839
:101F30000CF02AFE38680CF042FE1BE378680CF0C7
:101F4000C7FF7864786CFFF71BFA732138680CF0D0
:101F50001BFE38680CF033FE0CE300BF544B020844
:101F6000A0F901248C23002400F0FFFFFCDB0124F6
:101F7000A46802247F8601009423002478680CF072
:101F8000A7FF034627221946002000F03AFDF86615
:101F900078680DF00EF8034640F6E8421946002036
:101FA00000F02FFDB86678680DF003F8034640F6A0
:101FB000E8421946002000F024FD786678680DF0AC
:101FC00007F8386678680CF083FF03460322194649
:101FD000002000F016FDF86578680CF0F9FF034664
:101FE000BC4A1946002000F00CFDB86578680CF07A
:101FF000EFFF0346B74A1946002000F002FD78655E
:1020000078680CF065FF3865F96DB348FEF75AFF44
:10201000F8643B6D7A6DB96DF86CFEF754FE7B6E1B
:10202000002B05D03B6E7A6EF96CAB4819F022FE9E
:10203000FB6E4FF41C7202FB03F30833A74A1344F0
:102040000433BB64742138680CF09EFDF96E386867
:102050000CF081FC0021B86CFEF7F4FD0346194634
:1020600038680CF009FD0121B86CFEF7EBFD034662
:10207000194638680CF000FD0221B86CFEF7E2FD4D
:102080000346194638680CF0F7FCB86C01F03EFACC
:102090000346194638680CF05EFCB96E38680CF0DF
:1020A000EBFCBB6E002B06DDBA6E00218A481AF0ED
:1020B000E1F8034600E00023194638680CF0EFFC15
:1020C000F96D38680CF047FCFB6C1B6819463868E2
:1020D0000CF0E5FCF86CFEF7CEFE034619463868B6
:1020E0000CF039FC38680CF06AFD43E278680CF0BB
:1020F000EFFE034604221946002000F082FC7863BC
:10210000774A7B6B52F823303B63502138680CF0E0
:102110003BFD796B38680CF01EFC3B6B483318466E
:1021200001F0BDFB0346194638680CF014FC3B6B0C
:1021300048331846FEF7A3FD0346194638680CF0ED
:102140000AFC3B6B48331846FEF7A5FD03461946CB
:1021500038680CF091FC3B6B48331846FEF7A7FD3E
:102160000346194638680CF09AFC38680CF027FDD5
:1021700078680CF0ADFEF862FB6A032B40F3F9813E
:1021800078680CF0A5FEB86278680CF012FF7862EF
:10219000FB6A042B07D13B6B48337A6AB96A18464D
:1021A00001F068FBE5E13B6B03F1480478680CF053
:1021B0000FFF03467A6AB96A204601F042FBD8E174
:1021C00078680CF0F6FEC7F88800D7F8880000F0B1
:1021D000E7F9C7F88400762138680CF0D5FCD7F809
:1021E000881038680CF048FCD7F8841038680CF078
:1021F00056FC38680CF0E3FCBCE178680CF0D9FEC2
:10220000C7F8900078680CF0E3FEC7F88C00D7F8A8
:102210008C10D7F8900000F04BFA762138680CF05B
:10222000B3FCD7F8901038680CF026FCD7F88C1067
:1022300038680CF034FC38680CF0C1FC9AE178681E
:102240000CF0B7FEF860612138680CF09DFCF9686D
:1022500038680CF011FC234800F0ECFB03461946EB
:1022600038680CF009FC0023C7F8A430D7F8A43074
:10227000032B2ADC0023C7F8A0301A4800F0E9FB42
:102280000246D7F8A0309342B4BF01230023DBB24B
:10229000002B14D0FA68D7F8A43013441A46D7F8A4
:1022A000A010104800F0E0FB0346194638680CF017
:1022B000E3FBD7F8A0300133C7F8A030DDE7D7F84B
:1022C000A4300133C7F8A430D0E738680CF077FCAD
:1022D00050E100BF9F86010094230024A0F901244F
:1022E000000000242C02002478680CF0B1FDC7F82F
:1022F000800078680CF0ACFDF86778680CF0A8FDF9
:10230000B86778680CF0A4FD786778680CF0A0FDD9
:10231000386778680CF05CFE0346984A136078686A
:102320000CF056FE0346964A13603B6F00937B6F9A
:10233000BA6FF96FD7F88000FFF74AFC752138684B
:102340000CF022FC8F4B1B68194638680CF003FB1D
:102350008D4B1B68194638680CF0A1FB8B4B1B6832
:10236000194638680CF088FB38680CF028FC01E14D
:1023700078680CF06DFD034687F84330844B1B787A
:1023800097F843209A422BD0814A97F84330137034
:102390000023C7F89C30D7F89C30182B20DC7868D5
:1023A0000CF007FEF863D7F89C304FF41C7202FB68
:1023B00003F30833774A13440433BB63B86BFEF767
:1023C00014FC0346002B05D000230322F96BB86BE5
:1023D000FEF7E4FBD7F89C300133C7F89C30DAE70E
:1023E000722138680CF0D0FB012200216A4819F0F4
:1023F00041FF0346194638680CF0ADFA0023C7F8D0
:102400009830D7F89830182B20DCD7F898304FF454
:102410001C7202FB03F308335E4A134404333B622D
:10242000386AFEF7E2FB0346002B04D0386AFEF759
:102430001AFC034600E00023194638680CF01CFB28
:10244000D7F898300133C7F89830DAE738680CF0DD
:10245000B6FB8FE06D2138680CF096FB4F4BB3F95B
:102460005430194638680CF007FB4C4BB3F9563022
:10247000194638680CF000FB484BB3F95830194640
:1024800038680CF0F9FA454BB3F950311946386801
:102490000CF0F2FA414BB3F95231194638680CF09E
:1024A000EBFA3E4BB3F95431194638680CF0E4FAB4
:1024B0003A4BB3F94430194638680CF0DDFA374B23
:1024C000B3F94630194638680CF0D6FA334BB3F9F5
:1024D0004830194638680CF0CFFA304BB3F94A301F
:1024E000194638680CF0C8FA38680CF068FB41E00F
:1024F000622138680CF048FB01220021264819F0BF
:10250000B9FE0346194638680CF025FA0023C7F8CF
:102510009430D7F89430182B21DCD7F894304FF44E
:102520001C7202FB03F308331A4A134404333B6161
:102530003869FEF75AFB0346002B05D002213869A3
:10254000FEF780FB034600E00023194638680CF0D4
:1025500093FAD7F894300133C7F89430D9E7386844
:102560000CF02DFB06E038680CF0FBFA02E000BF2F
:1025700000E000BF00BFBC37BD4690BDE4DB0124D6
:10258000ECDB0124F8DB0124F4DB0124F0DB012483
:1025900000EC0124A0F9012494230024486A0224B9
:1025A00080B582B000AF78607B68632B11DD7B68FB
:1025B0008B2B0EDC7B68643B4FF41C7202FB03F335
:1025C0000833384A134404331846FEF74CFB0346DD
:1025D00064E07B68132B60D801A252F823F000BF9F
:1025E000312600089B260008352600089B26000897
:1025F0009B2600089B2600089B2600089B260008B7
:102600009B2600089B2600083F2600084926000854
:10261000532600085D260008652600086B26000882
:10262000732600087B260008832600088B260008F6
:10263000A82333E01C48FEF78BFC03462EE01B4822
:10264000FEF7A6FC034629E01848FEF7ADFC03465A
:1026500024E01648FEF7B4FC03461FE0134B93F842
:1026600060301BE0114B1B6D18E0104BB3F9443088
:1026700014E00E4BB3F9463010E00C4BB3F9483080
:102680000CE00A4BB3F94A3008E0084BD3ED107A5E
:10269000FDEEE77A17EE903A00E00023184608377F
:1026A000BD4680BDA0F9012400200240486A0224F2
:1026B00080B483B000AF7860396000BF0C37BD468E
:1026C0005DF8047B7047000080B582B000AF786091
:1026D0007A680021034819F0CDFD034618460837F3
:1026E000BD4680BD9423002480B582B000AF7860E1
:1026F00039603B687A680021034819F0BBFA00BFD3
:102700000837BD4680BD00BF9423002490B585B036
:1027100000AF786039607B68002B11DB7B68272B6A
:102720000EDC7B684FF41C7202FB03F30833214A72
:10273000134404331846FEF747FA0346002B01D032
:10274000012300E00023002B01D000232DE07B6853
:102750004FF41C7202FB03F30833164A134404338C
:102760001846FEF757FAF860FB68002B02DBFB689F
:10277000042B01DD002318E00F4AFB6852F82330D8
:1027800003F148047B684FF41C7202FB03F3083327
:10279000084A134404331846FEF748FA03463A68D9
:1027A0001946204601F066F8012318461437BD4645
:1027B00090BD00BFA0F901240000002490B587B0AF
:1027C00000AFF860B9607A60FB68002B11DBFB6832
:1027D000272B0EDCFB684FF41C7202FB03F308335B
:1027E000204A134404331846FEF7EEF90346002B43
:1027F00001D0012300E00023002B01D000232DE0B5
:10280000FB684FF41C7202FB03F30833154A1344B0
:1028100004331846FEF7FEF978617B69002B02DB72
:102820007B69042B01DD002318E00F4A7B6952F815
:10283000233003F14804FB684FF41C7202FB03F3DE
:102840000833084A134404331846FEF7EFF90146EB
:102850007B68BA68204600F0F4FF012318461C3755
:10286000BD4690BDA0F901240000002490B587B0BA
:1028700000AFF860B9607A60FB68002B11DBFB6881
:10288000272B0EDCFB684FF41C7202FB03F30833AA
:102890002E4A134404331846FEF796F90346002BDC
:1028A00001D0012300E00023002B01D0002348E0E9
:1028B000FB684FF41C7202FB03F30833234A1344F2
:1028C00004331846FEF7A6F978617B69002B02DB1A
:1028D0007B69042B01DD002333E01D4A7B6952F83C
:1028E000233048333B61386900F0D9FF0346002BA1
:1028F0001BD03869FEF7CFF90246BB68934214D16A
:10290000FB684FF41C7202FB03F308330F4A1344B5
:1029100004331846FEF78AF904463869FEF7AFF922
:1029200003469C4201D1012300E00023002B07D085
:102930003869FEF7BCF902467B681A60012300E0A3
:10294000002318461C37BD4690BD00BFA0F90124E6
:102950000000002480B485B000AFF860B9607A60F0
:10296000FA68BB689A4205DCBA687B689A4201DC67
:10297000012300E0002318461437BD465DF8047BB0
:10298000704780B584B000AF786039607A6842F2F1
:10299000100313441A68796842F214030B441B684D
:1029A0009A422ADA7A6842F2100313441B689B00A9
:1029B000BB600023FB60FB68032B13DC3B687A6879
:1029C000F96852F82120104698470146BA68FB681A
:1029D0001A4409B27B68083223F81210FB680133ED
:1029E000FB60E8E77A6842F2100313441B685A1C44
:1029F000796842F210030B441A6000BF1037BD46DD
:102A000080BD80B485B000AFF860B9607A60BA6804
:102A1000FB689A4207DBBA687B689A4201DD7B68F3
:102A200002E0BB6800E0FB6818461437BD465DF85D
:102A3000047B704780B483B000AF78607A6842F25C
:102A4000100313441B6818460C37BD465DF8047B21
:102A5000704780B483B000AF7860042318460C3709
:102A6000BD465DF8047B704780B485B000AFF86068
:102A7000B9607A607B689A00BB681A44FB680832C8
:102A800033F9123018461437BD465DF8047B7047A1
:102A900080B582B000AF786039607B68012B1ED1B1
:102AA0003B684FF6FF72934219D10F4815F0A0FD15
:102AB0000E480FF05BFB0E490E4810F017F90E4957
:102AC0000E4810F013F90E490E4810F00FF90E4998
:102AD0000E4810F00BF90E490E4810F007F900BF30
:102AE0000837BD4680BD00BF942300244CD3012489
:102AF000007C004004EC012400440040BCEE0124B2
:102B00000078004074F10124004C00402CF40124B2
:102B100000500040E4F6012480B582B000AF786038
:102B2000054A7B681A607B681846FDF7DFFF7B6803
:102B300018460837BD4680BD8C13040880B582B0A6
:102B400000AF78607868FFF7E7FF0C2178681EF027
:102B500021FD7B6818460837BD4680BD80B500AFB3
:102B60004FF6FF710120FFF793FF80BD80B582B063
:102B700000AF78603960786811F03FFB02463B682F
:102B80001A6000BF0837BD4680BD80B582B000AF77
:102B9000786039607B6819463868FFF7E7FF7B6823
:102BA000043319463868FFF7E1FF00BF0837BD4618
:102BB00080BDB0B582B000AF78607B680C3327244D
:102BC0001D46002C07DB0021284600F049F905F5D9
:102BD0001C75013CF5E77B6818460837BD46B0BD5B
:102BE00080B586B000AF786039607B681946386878
:102BF000FFF7BCFF7B681B68052B25D17B6804337E
:102C000019463868FFF7B2FF7B6808331946386801
:102C1000FFF7ACFF7B680C3328221946386800F0B8
:102C2000B5F87A6846F28C13134440221946386886
:102C300000F0CBF87A6846F28C33134440221946F0
:102C4000386800F0C2F89DE07B681B68042B3AD11D
:102C50007B68043319463868FFF788FF7B680833C0
:102C600019463868FFF782FF7B680C332822194623
:102C7000386800F08BF87A6846F28C1313444022CF
:102C80001946386800F0A1F800237B617B693F2B6F
:102C900078DC7A687B6903F67143DB001344002219
:102CA0009A607A687B6903F67143DB0013449A6883
:102CB00079687B6903F67143DB000B445A607B69DA
:102CC00001337B61E2E77B6805221A607B680022A2
:102CD0005A607B6800229A6000233B613B69272B86
:102CE00012DC3B694FF41C7202FB03F308337A6871
:102CF0001344181D0023002247F6FF71FDF738FF2B
:102D00003B6901333B61E9E70023FB60FB683F2B34
:102D100019DC7A68FB6803F63143DB0013440022B8
:102D20009A607A68FB6803F63143DB0013449A68C3
:102D30007968FB6803F63143DB000B445A60FB689B
:102D40000133FB60E2E70023BB60BB683F2B19DC6B
:102D50007A68BB6803F67143DB00134400229A6073
:102D60007A68BB6803F67143DB0013449A6879689C
:102D7000BB6803F67143DB000B445A60BB68013348
:102D8000BB60E2E700BF1837BD4680BD80B586B0A6
:102D900000AFF860B9607A6000237B617A697B6874
:102DA0009A420EDA7B694FF41C7202FB03F3BA6895
:102DB0001344F968184600F087FD7B6901337B6195
:102DC000ECE700BF1837BD4680BD80B586B000AFC8
:102DD000F860B9607A6000237B617A697B689A4207
:102DE0000BDA7B69DB00BA681344F9681846FFF711
:102DF000CCFE7B6901337B61EFE700BF1837BD462E
:102E000080BD000080B582B000AF786039607B681B
:102E1000012B07D13B684FF6FF72934202D1034862
:102E2000FFF7C7FE00BF0837BD4680BDA0F90124EB
:102E300080B500AF4FF6FF710120FFF7E3FF80BDC3
:102E400080B582B000AF78603960786811F0F2F92F
:102E500002463B681A6000BF0837BD4680BD0000CF
:102E600080B485B000AF786039607B683A681A60DA
:102E70007B6800225A607B6800229A607B6800228F
:102E800083F848207B680D4AC3F86C220023FB605E
:102E9000FB68022B0ADC7B680022DA627B68DA6A54
:102EA0007B68DA60FB680133FB60F1E77B681846FA
:102EB0001437BD465DF8047B704700BF8C5B020889
:102EC00080B483B000AF78607B685B6E002B18D055
:102ED0007B689B6E591C7A6891667A6834335B0014
:102EE0001344B3F904301A467B68DA607B689B6E42
:102EF000DAB27B689A667B685B6E5A1E7B685A669C
:102F000038E07B681B6E002B09D07B681B6E5A1E55
:102F10007B681A667B68DA6C7B68DA602AE07B681B
:102F2000DB6D002B1FD07B68DB6D5A1E7B68DA657A
:102F30007B685A6D7B689B6D1A447B685A657B6819
:102F4000DA6C7B681B6D7968D1F86C027968496D21
:102F5000091289000144096801FB03F39B121A441A
:102F60007B68DA6006E07B68DA6C7B681B6D1A446C
:102F70007B68DA607B68DB68B3F5FA4F06DA7B685A
:102F8000DA687B689B6A1A447B68DA6000BF0C379A
:102F9000BD465DF8047B704780B483B000AF7860B5
:102FA00039607B68DB6C3A68D21A7B681A6500BFAF
:102FB0000C37BD465DF8047B704780B485B000AF28
:102FC000F860B9607A603B60FB6800225A66FB6873
:102FD000BA68C3F86C227B68B3F5FA4F3CDA3B68F9
:102FE000002B39DDFB68DB6CB3F5FA4F04DBFB68C3
:102FF0001A69FB68DA641EE0FB68DB6D002B13D0F6
:10300000FB68DA6CFB681B6DF968D1F86C02F96833
:10301000496D091289000144096801FB03F39B1201
:103020001A44FB68DA6406E0FB68DA6CFB681B6D27
:103030001A44FB68DA64FB68DB6C7A68D21AFB68B6
:103040001A65FB6800225A654FF480223B6892FBA8
:10305000F3F2FB689A6509E000233B603B68BB61C3
:10306000FB687A68DA64FB6800221A65FB68BA6953
:103070001A66FB683A68DA6500BF1437BD465DF82A
:10308000047B704780B48BB000AFF860B9607A60A1
:10309000FB680022DA65FB68DA6DFB681A66FB687C
:1030A0005A6E7B681344FF2B02DC7B68002B01DC2B
:1030B000002375E0BB68B3F5FA4F57DAFB685B6E27
:1030C000002B08D0FB68DA6CFB681B6D1344BA68F0
:1030D000D31A7B6217E0FB68DA6CFB681B6D1A443D
:1030E000FB68DA64FB68DB6CB3F5FA4F03DBFB6863
:1030F0001A69FB68DA64FB6800221A65FB68DB6CFE
:10310000BA68D31A7B627A6A7B6892FBF3F3BB617D
:1031100000233B623A6A7B689A423ADAFB689A6E0D
:10312000FB685B6E581CF96848661344DBB27B6130
:10313000FB68DB6C9AB2FB681B6D9BB213449AB2BE
:103140003B6A013399B2BB699BB211FB03F39BB29B
:1031500013449BB219B2FA687B6934335B001344A1
:103160000A469A803B6A01333B62D3E7FB689A6E5A
:10317000FB685B6E581CF96848661344DBB2FB6160
:10318000BB6819B2FA68FB6934335B0013440A4622
:103190009A80FB68DB6CBA68D21AFB681A65012357
:1031A00018462C37BD465DF8047B704780B487B065
:1031B00000AFF8600B467A607B81FB680022DA651D
:1031C000FB68DA6DFB681A66FB685A6E7B6813440D
:1031D000FF2B02DC7B68002B01DC00232CE0FB686A
:1031E0009A6EFB685B6E13447B61FB685A6E7B686A
:1031F0001A44FB685A667B685A1E7A60002B14BF1B
:1032000001230023DBB2002B0ED07B69DBB27B6194
:10321000B7F90A107B695A1C7A61FA6834335B008B
:1032200013440A469A80E6E7B7F90A20FB68DA6495
:10323000FB6800221A65012318461C37BD465DF85D
:10324000047B704780B487B000AFF8607A603B6061
:103250000B467B81FB680022DA65FB68DA6DFB6850
:103260001A66FB685A6E3B681344FF2B02DC3B680E
:10327000002B01DC002336E0FB689A6EFB685B6E76
:1032800013447B61FB685A6E3B681A44FB685A66BC
:103290003B685A1E3A60002B14BF01230023DBB2A7
:1032A000002B18D07B685A1C7A6093F900309AB2D0
:1032B0007B8913449BB27B817B69DBB27B61B7F96D
:1032C0000A107B695A1C7A61FA6834335B00134434
:1032D0000A469A80DCE7B7F90A20FB68DA64FB68E3
:1032E00000221A65012318461C37BD465DF8047B91
:1032F000704780B487B000AFF8607A603B600B46DF
:103300007B81FB680022DA65FB68DA6DFB681A6670
:10331000FB685A6E3B681344FF2B02DC3B68002BB2
:1033200001DC00233FE0FB689A6EFB685B6E134490
:103330007B61FB685A6E3B681A44FB685A663B68BF
:103340005A1E3A60002B14BF01230023DBB2002B6E
:1033500021D07B685A1C7A601B787B827B685A1C60
:103360007A601B781B021AB27B8A13437B827A89AC
:103370007B8A13449BB27B817B69DBB27B61B7F9AB
:103380000A107B695A1C7A61FA6834335B00134473
:103390000A469A80D3E7B7F90A20FB68DA64FB682B
:1033A00000221A65012318461C37BD465DF8047BD0
:1033B0007047000080B489B000AFF8607B600B46B6
:1033C0007B8113463B81FB680022DA65FB68DA6D7E
:1033D000FB681A66FB685A6E7B681344FF2B02DC9D
:1033E0007B68012B01DC00235CE0B7F90820B7F90A
:1033F0000A30D31A7B610023FB614FF480627B6843
:1034000092FBF3F33B61FB689A6EFB685B6E1344BF
:10341000BB61FB685A6E7B681A44FB685A667B681E
:10342000013B7B607B685A1E7A60002B14BF01232E
:103430000023DBB2002B1DD0FA693B691344FB610A
:10344000BB69DBB2BB611A4AFB6952F823307A6967
:1034500002FB03F39B129AB27B8913449BB219B20D
:10346000BB695A1CBA61FA6834335B0013440A46DC
:103470009A80D7E7BB69DBB2BB61FA68BB693433BA
:103480005B0013443A899A80FA68BB6934335B0065
:103490001344B3F904301A46FB68DA64FB6800226F
:1034A0001A65012318462437BD465DF8047B704732
:1034B0008C5B020880B483B000AF78607B68002228
:1034C0009A617B685B6E002B03D07B6800225A6692
:1034D00016E07B68DB6D002B12D07B681B6D7A6871
:1034E000D2F86C127A68526D121292000A44126875
:1034F00002FB03F39A127B681A657B680022DA6587
:1035000000BF0C37BD465DF8047B704780B483B0C4
:1035100000AF78607B6893F84830002B01D001231E
:1035200000E0002318460C37BD465DF8047B704769
:1035300080B582B000AF78607B681B68012B15D125
:103540007B68DA687B68DA627B681A6B7B681A6171
:103550007B685A6B7B685A617B6800229A617B6842
:103560000022DA617B6800221A626CE07B681B68CB
:10357000022B1CD17B68DA687B68DA627B685A6A46
:103580007B685A647B681A6B7B681A617B689A6BEC
:103590007B689A617B68DA6B7B68DA617B685A6B5F
:1035A0007B685A617B681A6C7B681A624BE07B68A7
:1035B0001B68032B0CD17B68DA6A7B68DA607B6856
:1035C0001A6B7B681A617B685A6B7B685A613AE0B8
:1035D0007B681B68142B36D17B685B6B012B1BD17E
:1035E0007B6803F10C027B682C331946104600F00F
:1035F00090F97B6803F110027B683033194610465E
:1036000000F087F97B6803F114027B6834331946B4
:10361000104600F07EF916E07B68DA687B68DA62B3
:103620007B681A697B681A637B685A697B685A638E
:103630007B6800225A617B685A697B681A617B68E3
:103640001A697B68DA607B6893F849207B6883F8A5
:10365000482000BF0837BD4680BD80B584B000AFAC
:10366000F860B9607A60FB681B68012B0BD1FB68BE
:103670009968FB68DB6A1A46B8680BF0E4FA7B6865
:1036800006221A6053E0FB681B68022B0CD1FB6812
:103690009968FB68DA6AFB685B6CB8680BF0E9FA5A
:1036A0007B6809221A6042E0FB681B68032B09D182
:1036B000FB689B681946B8680BF0F6FA7B6808222D
:1036C0001A6034E0FB681B68142B20D1FB685B6B2D
:1036D000032B1CDDFB685B6B042B0BD1FB6899682B
:1036E000FB68DB6A1A46B8680BF00AFB7B680622A7
:1036F0001A601CE0FB689968FB68DA6AFB681B6B60
:10370000B8680BF0E2FA7B6806221A600FE0FB68EB
:103710001B68152B0BD1FB689968FB68DA68FB689E
:103720001B69B8680BF002FB7B6806221A60FB6815
:10373000002283F8492000BF1037BD4680BD90B5F8
:1037400085B002AF786039607B681B68012B0CD1B3
:1037500038680BF02EFC02467B681A6338680BF061
:1037600028FC02467B685A6363E07B681B68022B77
:1037700018D17B682C33191D7B682C3303F10800AA
:103780007B682C3303F10C047B682C3310337A688C
:103790002C321432019200932346024638680BF013
:1037A0008AFC46E07B681B68032B12D138680BF05B
:1037B00000FC02467B68DA6238680BF0FAFB0246CE
:1037C0007B681A6338680BF0F4FB02467B685A6327
:1037D0002FE07B681B68142B1ED17B685B6B042B6E
:1037E00009D138680BF0F4FB02467B681A637B68EA
:1037F00001225A631DE07B681C6B38680BF0E8FB04
:1038000003469C420CBF01230023DBB2002B10D0E7
:103810007B6802225A630CE07B681B68152B08D179
:1038200038680BF0D5FB02467B685A617B68002242
:10383000DA607B68012283F8492000BF0C37BD465F
:1038400090BD80B485B000AFF860B9607A603B602D
:10385000FB6805225A61FB683A681A61FB687A685E
:10386000DA60FB68BA689A6000BF1437BD465DF83D
:10387000047B704780B485B000AFF860B9607A60AF
:10388000FB6804225A61FB687A68DA60FB68BA68F0
:103890009A6000BF1437BD465DF8047B704780B462
:1038A00085B000AF78607B685B69FB607B685B69B3
:1038B000022B02DC7B6800225A61FB681846143731
:1038C000BD465DF8047B704780B582B000AF78607C
:1038D00039607B6819463868FFF7B2FA7B680433B1
:1038E00019463868FFF7ACFA7B6808331946386820
:1038F000FFF7A6FA00BF0837BD4680BD80B483B08D
:1039000000AF78607B6818460C37BD465DF8047BD5
:10391000704780B584B000AF786039607868FFF791
:10392000EDFF03461B68FB603868FFF7E7FF0346BF
:103930001A687B681A6007F10C031846FFF7DEFF70
:1039400003461A683B681A6000BF1037BD4680BD49
:1039500080B400AF044BDB681B0A03F00703184672
:10396000BD465DF8047B704700ED00E080B483B095
:1039700000AF0346FB80B7F90630002B0BDBFB885A
:1039800003F01F020749B7F906305B09012000FA6E
:1039900002F241F8232000BF0C37BD465DF8047BDE
:1039A000704700BF00E100E080B483B000AF034681
:1039B000FB80B7F90630002B12DBFB8803F01F02F7
:1039C0000A49B7F906305B09012000FA02F22033F8
:1039D00041F82320BFF34F8F00BFBFF36F8F00BFAD
:1039E00000BF0C37BD465DF8047B704700E100E086
:1039F00080B483B000AF03463960FB80B7F906306E
:103A0000002B0ADB3B68DAB20C49B7F90630120129
:103A1000D2B20B4483F800230AE03B68DAB20849CB
:103A2000FB8803F00F03043B1201D2B20B441A7659
:103A300000BF0C37BD465DF8047B704700E100E035
:103A400000ED00E080B489B000AFF860B9607A6042
:103A5000FB6803F00703FB61FB69C3F10703042B59
:103A600028BF0423BB61FB690433062B02D9FB6921
:103A7000033B00E000237B614FF0FF32BB6902FA99
:103A800003F3DA43BB681A407B699A404FF0FF3179
:103A90007B6901FA03F3D9437B680B401343184653
:103AA0002437BD465DF8047B704780B487B000AF13
:103AB000786039603B68C3F31303002B07D13B6880
:103AC0009B0E03F01F03012202FA03F315E03B688B
:103AD0003B613B6993FAA3F3FB60FB687B617B6905
:103AE000002B01D1202303E07B69B3FA83F3DBB21F
:103AF00003F01F03012202FA03F37A68D2691A4322
:103B00007B68DA6100BF1C37BD465DF8047B7047F7
:103B100080B487B000AFF860B9607A60FB6830337A
:103B20001A46BB681B0A9B0003F00C0313447B611D
:103B30007B691A68BB6803F01F031F2101FA03F3B6
:103B4000DB431A407B689B0E03F01F01BB6803F048
:103B50001F0301FA03F31A437B691A6000BF1C3785
:103B6000BD465DF8047B704780B487B000AFF86055
:103B7000B9607A60FB6814331A46BB685B0E9B0021
:103B800003F0040313447B617B691A68BB681B0D57
:103B900003F01F03072101FA03F3DB431A40BB685C
:103BA0001B0D03F01F03796801FA03F31A437B69C5
:103BB0001A6000BF1C37BD465DF8047B70470000EB
:103BC00080B485B000AFF860B9607A60FB68D3F864
:103BD000C020BB68C3F31303DB431A407B6803F0C8
:103BE00018030849D940BB680B40C3F313031A43B9
:103BF000FB68C3F8C02000BF1437BD465DF8047BE6
:103C0000704700BFFFFF0F0080B483B000AF786043
:103C100039607B681A69064B13403A681A437B681F
:103C20001A6100BF0C37BD465DF8047B704700BFCA
:103C3000FCFBFFFF80B483B000AF78607B689A68BC
:103C4000044B13407A68936000BF0C37BD465DF8A3
:103C5000047B7047C0FFFF5F80B483B000AF786023
:103C60007B689A68054B134043F080527B689A60EA
:103C700000BF0C37BD465DF8047B7047C0FFFF6F87
:103C800080B483B000AF78607B689A68054B1340BE
:103C900043F001027B689A6000BF0C37BD465DF8B7
:103CA000047B7047C0FFFF7F80B483B000AF7860B3
:103CB0007B689A68054B134043F004027B689A6066
:103CC00000BF0C37BD465DF8047B7047C0FFFF7F27
:103CD00080B483B000AF786039607B681A683B6855
:103CE00003F01003022101FA03F31A437B681A6000
:103CF00000BF0C37BD465DF8047B704780B487B0C9
:103D000000AFF860B9607A60FB687B610D4ABB6800
:103D100013441B781A467B6913441B6823F0C002C6
:103D20000849BB680B441B7819467B690B4419464C
:103D30007B6813430B6000BF1C37BD465DF8047BF6
:103D4000704700BF906B020880B487B000AFF86086
:103D5000B9607A60FB687B610D4ABB6813441B78CD
:103D60001A467B6913441B6823F490720849BB68A8
:103D70000B441B7819467B690B4419467B68134337
:103D80000B6000BF1C37BD465DF8047B704700BF69
:103D9000906B020880B487B000AFF860B9607A60B9
:103DA000FB687B610D4ABB6813441B781A467B692C
:103DB00013441B6823F400720849BB680B441B784A
:103DC00019467B690B4419467B6813430B6000BF9F
:103DD0001C37BD465DF8047B704700BF906B02083E
:103DE00080B487B000AFF860B9607A60FB687B612F
:103DF0000D4ABB6813441B781A467B6913441B6841
:103E000023F480620849BB680B441B7819467B6920
:103E10000B4419467B6813430B6000BF1C37BD463B
:103E20005DF8047B704700BF906B020880B487B0D8
:103E300000AFF860B9607A60FB687B610D4ABB68CF
:103E400013441B781A467B6913441B6823F4C05241
:103E50000849BB680B441B7819467B690B4419461B
:103E60007B6813430B6000BF1C37BD465DF8047BC5
:103E7000704700BF906B020880B487B000AFF86055
:103E8000B9607A60FB687B610D4ABB6813441B789C
:103E90001A467B6913441B6823F4C0420849BB6877
:103EA0000B441B7819467B690B4419467B68134306
:103EB0000B6000BF1C37BD465DF8047B704700BF38
:103EC000906B020880B487B000AFF860B9607A6088
:103ED000FB687B610D4ABB6813441B781A467B69FB
:103EE00013441B6823F440320849BB680B441B7819
:103EF00019467B690B4419467B6813430B6000BF6E
:103F00001C37BD465DF8047B704700BF906B02080C
:103F100080B485B000AFF860B9607A60BA68124BBF
:103F200013449B00FA6811498A4201D1002200E043
:103F3000202213441B6823F0FF02B9680A4B0B448C
:103F40009B00F9680948814201D1002100E020214D
:103F50000B4419467B6813430B6000BF1437BD4602
:103F60005DF8047B704700BF008200100000024033
:103F700080B485B000AF786039607B68FB600C4A24
:103F80003B6813441B781A46FB6813445B69084975
:103F90003A680A4412781146FA680A4423F0040386
:103FA000536100BF1437BD465DF8047B704700BF06
:103FB000906B020880B487B000AFF860B9607A6097
:103FC0003B60FB687B610E4ABB6813441B781A4652
:103FD0007B6913445B6923F0070279683B680B43F4
:103FE0000748B968014409780846796901441343D0
:103FF0004B6100BF1C37BD465DF8047B704700BFB6
:10400000906B020880B487B000AFF860B9607A6046
:10401000FB687B61074ABB6813441B781A467B69BF
:1040200013441A467B68936000BF1C37BD465DF899
:10403000047B7047906B020880B400AF054B1B688F
:10404000044A43F48033136000BFBD465DF8047B2F
:10405000704700BF0044025880B400AF074B1B6894
:1040600003F40033B3F5003F01D1012300E0002346
:104070001846BD465DF8047B704700BF00440258F7
:1040800080B483B000AF7860064B1B6923F0070251
:1040900004497B6813430B6100BF0C37BD465DF8D4
:1040A000047B70470044025880B483B000AF78604E
:1040B000064B9B6923F4706204497B6813438B6150
:1040C00000BF0C37BD465DF8047B704700440258C2
:1040D00080B483B000AF7860064B9B6923F00F0279
:1040E00004497B6813438B6100BF0C37BD465DF804
:1040F000047B70470044025880B483B000AF7860FE
:10410000064BDB6923F0700204497B681343CB61E3
:1041100000BF0C37BD465DF8047B70470044025871
:1041200080B483B000AF7860064BDB6923F4E062B3
:1041300004497B681343CB6100BF0C37BD465DF873
:10414000047B70470044025880B483B000AF7860AD
:10415000064B9B6923F0700204497B6813438B6113
:1041600000BF0C37BD465DF8047B70470044025821
:1041700080B483B000AF7860064B1B6A23F07002F6
:1041800004497B6813430B6200BF0C37BD465DF8E2
:10419000047B70470044025880B485B000AF78605B
:1041A0007B68DAB2104B1344FB60FB681A687B68CB
:1041B000190E7B681B0A03F01F0301FA03F3DB43AC
:1041C0001A407B681B0CD9B27B681B0A03F01F03E3
:1041D00001FA03F31A43FB681A6000BF1437BD46A7
:1041E0005DF8047B704700BF4C44025880B582B034
:1041F00000AF78607868FFF7CFFF00BF0837BD4693
:1042000080BD80B582B000AF78607868FFF7C4FFEA
:1042100000BF0837BD4680BD80B483B000AF786072
:10422000064B9B6D23F4403204497B6813438B6536
:1042300000BF0C37BD465DF8047B70470044025850
:1042400080B483B000AF7860064B9B6A23F0030212
:1042500004497B6813438B6200BF0C37BD465DF891
:10426000047B70470044025880B400AF054B1B68C4
:10427000044A43F08073136000BFBD465DF8047BC1
:10428000704700BF0044025880B400AF074B1B6862
:1042900003F00073B3F1007F01D1012300E000239C
:1042A0001846BD465DF8047B704700BF00440258C5
:1042B00080B400AF054BDB6A044A43F48033D36219
:1042C00000BFBD465DF8047B704700BF0044025844
:1042D00080B400AF054BDB6A044A43F40033D36279
:1042E00000BFBD465DF8047B704700BF0044025824
:1042F00080B400AF054BDB6A044A43F48023D362E9
:1043000000BFBD465DF8047B704700BF0044025803
:1043100080B483B000AF7860074BDB6A23F0020201
:104320007B685B0004491343CB6200BF0C37BD467A
:104330005DF8047B704700BF0044025880B483B02E
:1043400000AF7860074BDB6A23F00C027B689B00B0
:1043500004491343CB6200BF0C37BD465DF8047BB4
:10436000704700BF0044025880B483B000AF78604B
:10437000074B1A6B074B13407A68013A0449134301
:104380000B6300BF0C37BD465DF8047B704700BF70
:104390000044025800FEFFFF80B483B000AF786095
:1043A000074B9B6A23F47C727B681B01044913430F
:1043B0008B6200BF0C37BD465DF8047B704700BFC1
:1043C0000044025880B483B000AF7860074B1B6B89
:1043D00023F47E427B68013B5B02044913430B6379
:1043E00000BF0C37BD465DF8047B7047004402589F
:1043F00080B483B000AF7860074B1B6B23F4FE02E0
:104400007B68013B1B04044913430B6300BF0C375B
:10441000BD465DF8047B70470044025880B483B009
:1044200000AF7860074B1B6B23F0FE427B68013BBB
:104430001B06044913430B6300BF0C37BD465DF8F0
:10444000047B70470044025880B400AF054B1B68E2
:10445000044A43F08063136000BFBD465DF8047BEF
:10446000704700BF0044025880B400AF074B1B6880
:1044700003F00063B3F1006F01D1012300E00023DA
:104480001846BD465DF8047B704700BF00440258E3
:1044900080B400AF054BDB6A044A43F40023D362C7
:1044A00000BFBD465DF8047B704700BF0044025862
:1044B00080B483B000AF7860074BDB6A23F0200242
:1044C0007B685B0104491343CB6200BF0C37BD46D8
:1044D0005DF8047B704700BF0044025880B483B08D
:1044E00000AF7860074BDB6A23F0C0027B689B015A
:1044F00004491343CB6200BF0C37BD465DF8047B13
:10450000704700BF0044025880B483B000AF7860A9
:10451000074B9A6B074B13407A68013A04491343DF
:104520008B6300BF0C37BD465DF8047B704700BF4E
:104530000044025800FEFFFF80B483B000AF7860F3
:10454000074B9B6A23F47C327B681B0304491343AB
:104550008B6200BF0C37BD465DF8047B704700BF1F
:104560000044025880B483B000AF7860074B9B6B67
:1045700023F47E427B68013B5B02044913438B6357
:1045800000BF0C37BD465DF8047B704700440258FD
:1045900080B483B000AF7860074B9B6B23F4FE02BE
:1045A0007B68013B1B04044913438B6300BF0C373A
:1045B000BD465DF8047B70470044025880B483B068
:1045C00000AF7860074B9B6B23F0FE427B68013B9A
:1045D0001B06044913438B6300BF0C37BD465DF8CF
:1045E000047B70470044025880B400AF054B1B6841
:1045F000044A43F08053136000BFBD465DF8047B5E
:10460000704700BF0044025880B400AF074B1B68DE
:1046100003F00053B3F1005F01D1012300E0002358
:104620001846BD465DF8047B704700BF0044025841
:1046300080B400AF054BDB6A044A43F40003D36245
:1046400000BFBD465DF8047B704700BF00440258C0
:1046500080B483B000AF7860074BDB6A23F400724C
:104660007B685B0204491343CB6200BF0C37BD4635
:104670005DF8047B704700BF0044025880B483B0EB
:1046800000AF7860074BDB6A23F440627B689B02D3
:1046900004491343CB6200BF0C37BD465DF8047B71
:1046A000704700BF0044025880B483B000AF786008
:1046B000074B1A6C074B13407A68013A04491343BD
:1046C0000B6400BF0C37BD465DF8047B704700BF2C
:1046D0000044025800FEFFFF80B483B000AF786052
:1046E000074B9B6A23F07C727B681B0504491343CC
:1046F0008B6200BF0C37BD465DF8047B704700BF7E
:104700000044025880B483B000AF7860074B1B6C44
:1047100023F47E427B68013B5B02044913430B6434
:1047200000BF0C37BD465DF8047B7047004402585B
:1047300080B483B000AF7860074B1B6C23F4FE029B
:104740007B68013B1B04044913430B6400BF0C3717
:10475000BD465DF8047B70470044025880B483B0C6
:1047600000AF7860074B1B6C23F0FE427B68013B77
:104770001B06044913430B6400BF0C37BD465DF8AC
:10478000047B70470044025880B485B000AF786065
:104790000A4BD3F8D82009497B681343C1F8D830B5
:1047A000064BD3F8D8207B681340FB60FB6800BF42
:1047B0001437BD465DF8047B704700BF00440258C3
:1047C00080B485B000AF78600A4BD3F8E020094987
:1047D0007B681343C1F8E030064BD3F8E0207B68D8
:1047E0001340FB60FB6800BF1437BD465DF8047BD7
:1047F000704700BF0044025880B485B000AF7860B5
:104800000A4BD3F8E82009497B681343C1F8E83024
:10481000064BD3F8E8207B681340FB60FB6800BFC1
:104820001437BD465DF8047B704700BF0044025852
:1048300080B485B000AF78600A4BD3F8F020094906
:104840007B681343C1F8F030064BD3F8F0207B6847
:104850001340FB60FB6800BF1437BD465DF8047B66
:10486000704700BF0044025880B483B000AF786046
:10487000064B1B6823F00F0204497B6813430B604F
:1048800000BF0C37BD465DF8047B70470020005226
:1048900080B400AF044B1B6803F00F031846BD46FD
:1048A0005DF8047B704700BF0020005280B483B0E5
:1048B00000AF7860064BDB6823F0070204497B6891
:1048C0001343CB6000BF0C37BD465DF8047B7047D7
:1048D0000048025880B483B000AF7860064B9B69F3
:1048E00023F4404204497B6813438B6100BF0C37BB
:1048F000BD465DF8047B70470048025880B483B021
:1049000000AF78607B68DB6843F000427B68DA6068
:1049100000BF0C37BD465DF8047B704780B483B0A0
:1049200000AF786039607B68DB6823F460123B6815
:104930001A437B68DA6000BF0C37BD465DF8047B24
:10494000704780B483B000AF78607B68DB6843F069
:1049500080427B68DA6000BF0C37BD465DF8047B9F
:10496000704780B483B000AF78607B68DB6823F069
:1049700080427B68DA6000BF0C37BD465DF8047B7F
:10498000704780B483B000AF78607B681B6823F009
:1049900080027B681A6000BF0C37BD465DF8047B5F
:1049A0007047000080B485B000AF786039603B6824
:1049B000012B28D03B68042B23D03B68102B1ED042
:1049C0003B68402B19D03B68B3F5807F13D03B6820
:1049D000B3F5806F0DD03B68B3F5805F07D03B68BF
:1049E000B3F5803F01D107230EE008230CE0062336
:1049F0000AE0052308E0042306E0032304E0022381
:104A000002E0012300E00023FB737B6818331946A2
:104A1000FB7B0A4AD35C0B44BB60BB681A68FB7B18
:104A20000749CB5C194604238B401A43BB681A60C4
:104A300000BF1437BD465DF8047B7047986B0208D1
:104A4000A46B020880B485B000AF786039603B6821
:104A5000012B28D03B68042B23D03B68102B1ED0A1
:104A60003B68402B19D03B68B3F5807F13D03B687F
:104A7000B3F5806F0DD03B68B3F5805F07D03B681E
:104A8000B3F5803F01D107230EE008230CE0062395
:104A90000AE0052308E0042306E0032304E00223E0
:104AA00002E0012300E00023FB737B681833194602
:104AB000FB7B0A4AD35C0B44BB60BB681A68FB7B78
:104AC0000749CB5C194608238B401A43BB681A6020
:104AD00000BF1437BD465DF8047B7047986B020831
:104AE000A46B020880B483B000AF786039607B6843
:104AF0009A68064B13403A681A437B689A6000BF75
:104B00000C37BD465DF8047B704700BFF8BFFEFF61
:104B100080B483B000AF786039607B685B6823F055
:104B200070023B681A437B685A6000BF0C37BD4671
:104B30005DF8047B704780B483B000AF7860396063
:104B40007B685B6823F470023B681A437B685A6099
:104B500000BF0C37BD465DF8047B704780B483B05E
:104B600000AF78607B689B6823F080027B689A6066
:104B700000BF0C37BD465DF8047B704780B483B03E
:104B800000AF78607B681B6843F001027B681A60A5
:104B900000BF0C37BD465DF8047B704780B483B01E
:104BA00000AF78607B681B6843F000527B681A6036
:104BB00000BF0C37BD465DF8047B704780B489B0F8
:104BC00000AF786039607B680833FB60FB6853E8AE
:104BD000003FBB60BB6823F060423B685B07134348
:104BE000FB617B680833FA69BA617B617969BA69EC
:104BF00041E800233B613B69002BE4D100BF00BFCB
:104C00002437BD465DF8047B704780B489B000AF9F
:104C1000786039607B680833FB60FB6853E8003FCD
:104C2000BB60BB6823F060623B685B061343FB61BB
:104C30007B680833FA69BA617B617969BA6941E8CE
:104C400000233B613B69002BE4D100BF00BF243748
:104C5000BD465DF8047B704780B483B000AF7860D8
:104C600039607B681B6823F4F8123B681B041A4305
:104C70007B681A6000BF0C37BD465DF8047B704747
:104C800080B483B000AF786039607B681B6823F024
:104C900078723B685B051A437B681A6000BF0C376B
:104CA000BD465DF8047B704780B483B000AF786088
:104CB0007B689B6843F480427B689A6000BF0C3736
:104CC000BD465DF8047B704780B483B000AF786068
:104CD00039607B689B6823F400423B681A437B6819
:104CE0009A6000BF0C37BD465DF8047B704780B406
:104CF00083B000AF78607B685B6823F490427B6888
:104D00005A607B689B6823F02A027B689A6000BF28
:104D10000C37BD465DF8047B704780B483B000AFAC
:104D200078607B68DB6903F40013B3F5001F01D1E1
:104D3000012300E0002318460C37BD465DF8047BD4
:104D4000704780B483B000AF78607B68DB6903F4A0
:104D50008003B3F5800F01D1012300E00023184642
:104D60000C37BD465DF8047B704780B483B000AF5C
:104D7000786039607B683A689A6100BF0C37BD463D
:104D80005DF8047B704780B483B000AF7860396011
:104D90003B681A047B689A6100BF0C37BD465DF81A
:104DA000047B704780B500AF01F0ECFE00F02EF8F8
:104DB00000F096F801F014FC01F0F8FB00F0D4F8D4
:104DC00000F094F900F008FA00F0FEFA00F0E8FCB8
:104DD00001F0F8F900F0A2FE00F044FF00F0C0FD81
:104DE00000F064FE00F0E2FF01F06EF801F010F94F
:104DF00001F076FA1BF086FE00F022FE01F05AFB6D
:104E000000F0DAFB0CF02AFDFEE7000080B500AFF1
:104E10000420FFF729FD00BFFFF73AFD0346042BEE
:104E2000FAD10220FFF742FD4FF44040FFF752FD58
:104E3000FFF702F900BFFFF70FF90346012BFAD184
:104E40000220FFF7FDF9FFF733FAFFF741FAFFF70A
:104E50004FFA0120FFF772FA0020FFF759FA0820F5
:104E6000FFF79AFA4FF4F070FFF77EFA0220FFF78F
:104E7000A9FA0820FFF7BCFA0420FFF7CFFAFFF7E2
:104E8000F3F900BFFFF700FA0346012BFAD108201F
:104E9000FFF71EF90320FFF7F3F80020FFF704F9EE
:104EA0000820FFF715F94020FFF726F94FF480603E
:104EB000FFF736F94020FFF747F94020FFF758F990
:104EC000064808F0A9F8002001F098FE0346002BE0
:104ED00001D001F06DFC00BF80BD00BF00389C1CFC
:104EE00080B500AFFFF7D4FA0120FFF7F7FA0020F2
:104EF000FFF7DEFA0820FFF71FFB8820FFF704FB0F
:104F00000820FFF72FFB0420FFF742FB0220FFF7EA
:104F100055FBFFF799FA00BFFFF7A6FA0346012BEE
:104F2000FAD1FFF785FB0120FFF7A8FB0020FFF770
:104F30008FFB0820FFF7D0FBC020FFF7B5FB022056
:104F4000FFF7E0FB0820FFF7F3FB0620FFF706FC66
:104F5000FFF74AFB00BFFFF757FB0346012BFAD1CF
:104F600000BF00BF80BD000080B594B000AF07F166
:104F7000400300221A605A609A6007F12803002259
:104F80001A605A609A60DA601A615A6107F1180370
:104F900000221A605A609A60DA603B4600221A606A
:104FA0005A609A60DA601A615A610020FFF734F99A
:104FB0002020FFF7E9FB0420FFF702FC20233B60E1
:104FC00003237B6000233B613B461946404804F0C5
:104FD0001FFF08233B640023BB6407F1400319460D
:104FE0003C4804F041FD0023BB620023FB62002328
:104FF0003B634FF400537B634FF48053FB6307F133
:1050000028031946334804F05BFD00213148FEF7C0
:10501000FBFD4FF48013BB610023FB6107F1180314
:1050200019462D4804F0C8FC2A48FEF703FE29481B
:10503000FEF712FE294B1B689B09294AA2FB03239A
:105040009A0913469B0013445B001A46254BA3FBA9
:105050000223DB08FB6402E0FB6C013BFB64FB6C9E
:10506000002BF9D1204A06211A48FEF751FD0422EF
:105070001D491848FEF778FD40F2FF721A4915489D
:10508000FEF79EFD18491348FEF70FFD1148FEF785
:10509000F7FD124B1B689B09114AA2FB03239A09D7
:1050A00013469B0013445B001A460E4BA3FB0223DE
:1050B000DB08FB6402E0FB6C013BFB64FB6C002B38
:1050C000F9D10448FEF7F0FD00BF5037BD4680BD62
:1050D000000802580020024000230240140000246F
:1050E000632D3E05CDCCCCCC0001802180B58CB0A9
:1050F00000AF07F1180300221A605A609A60DA6064
:105100001A615A613B4600221A605A609A60DA605E
:105110001A615A614FF00050FFF76EFB0120FFF754
:105120004FFB20233B6003237B6000233B613B4616
:105130001946254804F06CFE442202212348FEF75C
:10514000E7FE402202212148FEF7D8FD002202217D
:105150001E48FEF7B7FE4FF4807202211B48FEF78F
:10516000F3FD002202211948FEF714FE4FF480627D
:1051700002211648FEF734FE002202211348FEF7F2
:1051800055FE002202211148FEF776FE02210F484B
:10519000FEF7EEFE1C23BB610023FB6100237B6254
:1051A0000023BB620023FB6207F118031A4608497B
:1051B000084804F0EEFC06490648FEF789FD00BFEA
:1051C0003037BD4680BD00BF0000025800040240D9
:1051D000720040350074004080B590B000AF07F118
:1051E00018032822002118461EF084FC3B460022AA
:1051F0001A605A609A60DA601A615A616B48FFF768
:1052000000F84FF48050FFF713FB0820FFF7D8FA9F
:105210000220FFF7D5FA80233B6002237B60002346
:10522000BB600023FB6000233B6105237B613B46A1
:1052300019465F4804F0ECFD18233B6002237B60B5
:105240000023BB600023FB6000233B6105237B61DF
:105250003B461946574804F0DBFD252202215648FB
:10526000FEF756FE002202215348FEF747FD0022BA
:1052700002215148FEF726FE002202214E48FEF789
:1052800063FD002202214C48FEF784FD4FF480624A
:1052900002214948FEF7A4FD002202214648FEF7FC
:1052A000C5FD002202214448FEF7E6FD02214248E6
:1052B000FEF75EFE262203213F48FEF729FE40222C
:1052C00003213D48FEF71AFD002203213A48FEF76C
:1052D000F9FD002203213848FEF736FD00220321A4
:1052E0003548FEF757FD4FF4806203213248FEF740
:1052F00077FD002203213048FEF798FD00220321AC
:105300002D48FEF7B9FD03212B48FEF731FEFEF7CD
:105310001FFB0346002200211846FEF793FB0346BD
:1053200019462320FEF764FB2320FEF71FFB002312
:10533000BB614FF48003FB6107233B6200237B6268
:105340000023BB624FF08063FB624FF0A0433B63DE
:1053500000237B630023BB630023FB6307F1180377
:105360001946164805F0A6FC00211448FFF7D6FAA6
:105370001248FFF7E6FA0323002203210E48FEF746
:1053800019FE0F4A02210C48FEF73CFE0D4A03218C
:105390000948FEF737FE2320FEF706FB0748FFF714
:1053A000ADFA00BF4037BD4680BD00BF040C00070A
:1053B000000C025800040258000002400030014076
:1053C000303001402030014080B590B000AF07F18F
:1053D00018032822002118461EF08CFB3B460022B1
:1053E0001A605A609A60DA601A615A616B48FEF777
:1053F00008FF4FF48040FFF7FFF90420FFF7E0F9C2
:105400000220FFF7DDF906233B6002237B600023C7
:10541000BB600023FB6000233B6105237B613B46AF
:1054200019465F4804F0F4FC4FF400533B6002233C
:105430007B600023BB600023FB6000233B610523EE
:105440007B613B461946574804F0E2FC27220021C5
:105450005548FEF75DFD002200215348FEF74EFC43
:10546000002200215048FEF72DFD002200214E4869
:10547000FEF76AFC002200214B48FEF78BFC4FF43C
:10548000806200214848FEF7ABFC0022002146481C
:10549000FEF7CCFC002200214348FEF7EDFC002182
:1054A0004148FEF765FD282201213F48FEF730FD07
:1054B000402201213C48FEF721FC002201213A480C
:1054C000FEF700FD002201213748FEF73DFC0022D7
:1054D00001213548FEF75EFC4FF48062012132481D
:1054E000FEF77EFC002201212F48FEF79FFC0022E0
:1054F00001212D48FEF7C0FC01212B48FEF738FDA5
:10550000FEF726FA0346002200211846FEF79AFA13
:10551000034619462420FEF76BFA2420FEF726FAEC
:105520000023BB614FF48003FB6107233B62002330
:105530007B620023BB624FF08063FB624FF0A043AD
:105540003B6300237B630023BB630023FB6307F102
:1055500018031946154805F0ADFB00211348FFF765
:10556000DDF91248FFF7EDF90323002201210E486F
:10557000FEF720FD0E4A00210B48FEF743FD0D4AC1
:1055800001210948FEF73EFD2420FEF70DFA0748E9
:10559000FFF7B4F900BF4037BD4680BD040C0007DB
:1055A0000008025800040258000002400038004081
:1055B000303800402038004080B590B000AF07F18F
:1055C00018032822002118461EF094FA3B460022B8
:1055D0001A605A609A60DA601A615A616948FEF787
:1055E00010FE4FF40040FFF707F90220FFF7E8F83C
:1055F0000420FFF7E5F804233B6002237B600023CF
:10560000BB600023FB6000233B6107237B613B46BB
:1056100019465D4804F0FCFB4FF440633B600223F5
:105620007B600023BB600023FB6000233B610623FB
:105630007B613B461946554804F0EAFB3D220321B5
:105640005348FEF765FC002203215148FEF756FB44
:10565000002203214E48FEF735FC002203214C486E
:10566000FEF772FB002203214948FEF793FB4FF43B
:10567000806203214648FEF7B3FB00220321444821
:10568000FEF7D4FB002203214148FEF7F5FB03217E
:105690003F48FEF76DFC3E2204213D48FEF738FCF2
:1056A000402204213A48FEF729FB00220421384811
:1056B000FEF708FC002204213548FEF745FB0022D6
:1056C00004213348FEF766FB4FF480620421304822
:1056D000FEF786FB002204212D48FEF7A7FB0022DF
:1056E00004212B48FEF7C8FB04212948FEF740FCA3
:1056F000FEF72EF90346002200211846FEF7A2F914
:10570000034619463320FEF773F93320FEF72EF9CE
:105710000023BB610023FB6107233B6200237B6204
:105720000023BB624FF08063FB6200237B63002396
:10573000BB630023FB6307F118031946154805F006
:10574000B9FA00211348FFF7E9F81248FFF709F901
:105750000323002204210E48FEF72CFC0E4A0321ED
:105760000B48FEF74FFC0D4A04210948FEF74AFC9E
:105770003320FEF719F90748FFF7C0F800BF40379C
:10578000BD4680BD040C0007000402580008025802
:1057900000040240003C0040303C0040203C0040FF
:1057A00080B590B000AF07F11803282200211846F9
:1057B0001EF0A0F93B4600221A605A609A60DA6037
:1057C0001A615A616048FEF71CFD4FF40050FFF764
:1057D0002FF81020FEF7F4FF4FF483533B600223B1
:1057E0007B600323BB600023FB6000233B61052338
:1057F0007B613B461946554804F00AFB53220421BD
:105800005348FEF785FB002204215148FEF776FA43
:10581000002204214E48FEF755FB002204214C488B
:10582000FEF792FA002204214948FEF7B3FA4FF43A
:10583000806204214648FEF7D3FA0022042144483E
:10584000FEF7F4FA002204214148FEF715FB04217B
:105850003F48FEF78DFB542205213D48FEF758FBDB
:10586000402205213A48FEF749FA0022052138482E
:10587000FEF728FB002205213548FEF765FA0022D5
:1058800005213348FEF786FA4FF48062052130483F
:10589000FEF7A6FA002205212D48FEF7C7FA0022DE
:1058A00005212B48FEF7E8FA05212948FEF760FBA1
:1058B000FEF74EF80346002200211846FEF7C2F814
:1058C000034619465420FEF793F85420FEF74EF88D
:1058D0000023BB614FF48003FB6107233B6200237D
:1058E0007B620023BB624FF08063FB624FF000538A
:1058F0003B6300237B630023BB630023FB6307F14F
:1059000018031946134805F0D5F900211148FFF78F
:1059100005F81048FFF715F80323002205210C486D
:10592000FEF748FB0C4A04210948FEF76BFB0B4AC3
:1059300005210748FEF766FB5420FEF735F800BF47
:105940004037BD4680BD00BF04100007001002585C
:105950000000024000340140303401402034014056
:1059600080B594B000AF07F13C0300221A605A6082
:105970009A60DA601A6107F11C03202200211846A0
:105980001EF0B8F83B1D00221A605A609A60DA6077
:105990001A615A610220FEF72FFF4FF4F073BB87A4
:1059A00000233B644FF4FA737B640023BB6407F16C
:1059B0003C031946204805F08DFA1F48FEF7E1FF29
:1059C00000211D48FFF78EF810211B48FFF73AF819
:1059D0006023FB6100233B6200237B620023BB62E8
:1059E0000023FB6207F11C031A461021124805F040
:1059F00005FB10211048FEF7D5FF00210E48FFF7E8
:105A000087F80D48FFF7AAF80120FEF7D9FE80239A
:105A10007B600223BB600023FB6000233B6100230B
:105A20007B610223BB613B1D1946044804F0F0F979
:105A300000BF5037BD4680BD000400400000025842
:105A400080B586B000AF3B1D00221A605A609A6094
:105A5000DA601A610220FEF7EBFE0023BB80002310
:105A6000BB6043F69823FB6000233B6100237B610E
:105A70003B1D19460C4805F02DFA0B48FEF781FF37
:105A800000210948FFF72EF820210748FFF740F8CA
:105A900000210548FFF74FF80348FFF75FF800BF04
:105AA0001837BD4680BD00BF0004014080B586B0F8
:105AB00000AF3B1D00221A605A609A60DA601A61DA
:105AC0004FF48020FEF7B4FEFDF742FF03460022AC
:105AD00000211846FDF7B6FF034619467620FDF76C
:105AE00087FF7620FDF742FF45F6C053BB800023B9
:105AF000BB6044F62063FB6000233B6100237B61B5
:105B00003B1D1946044805F0E5F90348FEF739FF47
:105B100000BF1837BD4680BD0048014080B58EB03B
:105B200000AF07F118032022002118461DF0E2FF04
:105B30003B4600221A605A609A60DA601A615A6124
:105B40004348FEF753FB4FF40020FEF755FE0220BA
:105B5000FEF736FE0820FEF733FE4FF480433B602D
:105B600002237B600023BB600023FB6000233B61BA
:105B700008237B613B461946364804F049F9032364
:105B80003B6002237B600023BB600023FB6000239B
:105B90003B6108237B613B4619462F4804F038F9E6
:105BA000FDF7D6FE0346002200211846FDF74AFF06
:105BB000034619463420FDF71BFF3420FDF7D6FEBF
:105BC0000023BB61254BFB6100233B6200237B620A
:105BD0000023BB620C23FB6200233B6300237B6337
:105BE00007F1180319461E4805F0C2FD1C48FFF7CF
:105BF0005BF800211A48FFF767F801211848FFF702
:105C00003FF801211648FFF727F81548FEF7C6FFB1
:105C100004211348FEF7D2FF01211148FEF7F5FFDA
:105C20000F48FFF764F80E48FEF7A8FF00BF0C48C6
:105C3000FFF773F80346002BF9D00948FFF781F806
:105C40000346002BF3D000BF00BF3837BD4680BDF0
:105C50000800000700040258000C0258C0C62D00BE
:105C6000004C004080B58EB000AF07F11803202231
:105C7000002118461DF03EFF3B4600221A605A6084
:105C80009A60DA601A615A614348FEF7AFFA4FF43E
:105C90008010FEF7B1FD0420FEF792FD0220FEF712
:105CA0008FFD4FF480733B6002237B600023BB6059
:105CB0000023FB6000233B6108237B613B461946C0
:105CC000364804F0A5F860233B6002237B60002384
:105CD000BB600023FB6000233B610E237B613B46DE
:105CE00019462F4804F094F8FDF732FE03460022CF
:105CF00000211846FDF7A6FE034619463520FDF79C
:105D000077FE3520FDF732FE0023BB61254BFB619A
:105D100000233B6200237B620023BB620C23FB62F7
:105D200000233B6300237B6307F1180319461E48D9
:105D300005F01EFD1C48FEF7B7FF00211A48FEF7CC
:105D4000C3FF01211848FEF79BFF01211648FEF70B
:105D500083FF1548FEF722FF04211348FEF72EFFAC
:105D600001211148FEF751FF0F48FEF7C0FF0E4812
:105D7000FEF704FF00BF0C48FEF7CFFF0346002BE1
:105D8000F9D00948FEF7DDFF0346002BF3D000BF32
:105D900000BF3837BD4680BD080000070008025824
:105DA00000040258C0C62D000050004080B58EB0DF
:105DB00000AF07F118032022002118461DF09AFEBB
:105DC0003B4600221A605A609A60DA601A615A6192
:105DD0003948FEF70BFA4FF08040FEF70DFD10201A
:105DE000FEF7EEFC4FF460733B6002237B60002300
:105DF000BB600023FB6000233B6107237B613B46C4
:105E000019462E4804F004F8FDF7A2FD03460022CF
:105E100000211846FDF716FE034619465220FDF7ED
:105E2000E7FD5220FDF7A2FD0023BB61244BFB617F
:105E300000233B6200237B620023BB620C23FB62D6
:105E400000233B6300237B6307F1180319461D48B9
:105E500005F08EFC1B48FEF727FF00211948FEF7CE
:105E600033FF01211748FEF70BFF01211548FEF70C
:105E7000F3FE1448FEF792FE04211248FEF79EFE40
:105E800001211048FEF7C1FE0E48FEF730FF0D4815
:105E9000FEF774FE00BF0B48FEF73FFF0346002BE2
:105EA000F9D00848FEF74DFF0346002BF3D000BFA2
:105EB00000BF3837BD4680BD0800000700100258FB
:105EC000C0C62D000078004080B58EB000AF07F14D
:105ED00018032022002118461DF00CFE3B4600222C
:105EE0001A605A609A60DA601A615A614348FEF794
:105EF0007DF94FF00040FEF77FFC0820FEF760FCC4
:105F00001020FEF75DFC4FF400433B6002237B60F2
:105F10000023BB600023FB6000233B6108237B61FF
:105F20003B461946364803F073FF03233B600223C8
:105F30007B600023BB600023FB6000233B610823E0
:105F40007B613B4619462F4803F062FFFDF700FDD9
:105F50000346002200211846FDF774FD034619464A
:105F60005320FDF745FD5320FDF700FD0023BB61E5
:105F7000254BFB6100233B6200237B620023BB6255
:105F80000C23FB6200233B6300237B6307F11803B0
:105F900019461E4805F0ECFB1C48FEF785FE002163
:105FA0001A48FEF791FE01211848FEF769FE01210B
:105FB0001648FEF751FE1548FEF7F0FD0421134880
:105FC000FEF7FCFD01211148FEF71FFE0F48FEF70A
:105FD0008EFE0E48FEF7D2FD00BF0C48FEF79DFE78
:105FE0000346002BF9D00948FEF7ABFE0346002B11
:105FF000F3D000BF00BF3837BD4680BD08000007A2
:10600000000C025800100258C0C62D00007C004051
:1060100080B58EB000AF07F118032022002118468A
:106020001DF068FD3B4600221A605A609A60DA60F3
:106030001A615A615E48FEF7D9F81020FEF7F8FBA6
:106040000120FEF7BDFB4FF4C0633B6002237B6081
:106050000023BB600023FB6000233B6107237B61BF
:106060003B461946534803F0D3FE292200215248EB
:10607000FDF74EFF002200214F48FDF73FFE0022B2
:1060800000214D48FDF71EFF002200214A48FDF780
:106090005BFE002200214848FDF77CFE4FF4806241
:1060A00000214548FDF79CFE002200214248FDF7F3
:1060B000BDFE002200214048FDF7DEFE00213E48E3
:1060C000FDF756FF2A2201213B48FDF721FF402220
:1060D00001213948FDF712FE002201213648FDF763
:1060E000F1FE002201213448FDF72EFE002201219D
:1060F0003148FDF74FFE4FF4806201212E48FDF735
:106100006FFE002201212C48FDF790FE00220121A4
:106110002948FDF7B1FE01212748FDF729FFFDF7CA
:1061200017FC0346002200211846FDF78BFC0346AE
:1061300019462520FDF75CFC2520FDF717FC002300
:10614000BB611E4BFB6100233B6200237B6200238B
:10615000BB620C23FB6200233B6300237B6307F1DC
:1061600018031946164805F003FB00211448FEF7F2
:1061700025FD01211248FEF748FD1148FEF70EFDEE
:106180000F48FEF7B4FD0E48FEF7F8FC00BF0C48C0
:10619000FEF7C3FD0346002BF9D00948FEF7D1FDF9
:1061A0000346002BF3D000BF00BF3837BD4680BD8B
:1061B00008030007000002580004024060E31600D4
:1061C0000010014080B58EB000AF07F11803202207
:1061D000002118461DF08EFC3B4600221A605A60D2
:1061E0009A60DA601A615A613948FDF7FFFF4FF48F
:1061F0000030FEF701FB0120FEF7E2FA0E233B60C0
:1062000002237B600023BB600023FB6000233B6113
:1062100007237B613B4619462E4803F0F9FDFDF745
:1062200097FB0346002200211846FDF70BFC0346AE
:1062300019462620FDF7DCFB2620FDF797FB0023FF
:10624000BB61254BFB6100233B6200237B62002383
:10625000BB620C23FB6200233B6300237B6307F1DB
:10626000180319461D4805F083FA04211B48FEF760
:10627000A5FC01211948FEF7C8FC1848FEF714FDDB
:1062800000211648FEF720FD01211448FEF7F8FC16
:1062900001211248FEF7E0FC1048FEF77FFC0F4892
:1062A000FEF725FD0D48FEF769FC00BF0B48FEF721
:1062B00034FD0346002BF9D00848FEF742FD0346A3
:1062C000002BF3D000BF00BF3837BD4680BD00BFF4
:1062D0000800000700000258C0C62D00004400401E
:1062E00080B58EB000AF07F11803202200211846B8
:1062F0001DF000FC3B4600221A605A609A60DA608A
:106300001A615A616648FDF771FF4FF48020FEF76D
:1063100073FA0820FEF754FA4FF498533B600223B7
:106320007B600023BB600023FB6000233B610723ED
:106330007B613B4619465B4803F06AFD2D2206212E
:106340005948FDF7E5FD002206215748FDF7D6FC28
:10635000002206215448FDF7B5FD002206215248CF
:10636000FDF7F2FC002206214F48FDF713FD4FF424
:10637000806206214C48FDF733FD002206214A4881
:10638000FDF754FD002206214748FDF775FD062163
:106390004548FDF7EDFD2E2207214348FDF7B8FDE6
:1063A000402207214048FDF7A9FC002207213E4872
:1063B000FDF788FD002207213B48FDF7C5FC0022C0
:1063C00007213948FDF7E6FC4FF480620721364883
:1063D000FDF706FD002207213348FDF727FD0022C7
:1063E00007213148FDF748FD07212F48FDF7C0FD83
:1063F000FDF7AEFA0346002200211846FDF722FB06
:10640000034619462720FDF7F3FA2720FDF7AEFAD9
:106410000023BB61254BFB6100233B6200237B62B1
:106420000023BB620C23FB6200233B6300237B63DE
:1064300007F1180319461E4805F09AF904211C4873
:10644000FEF7BCFB01211A48FEF7DFFB1848FEF7F8
:106450002BFC00211648FEF737FC01211448FEF7FB
:106460000FFC01211248FEF7F7FB1148FEF796FBDF
:106470000F48FEF73CFC0E48FEF780FB00BF0C48BF
:10648000FEF74BFC0346002BF9D00948FEF759FCF8
:106490000346002BF3D000BF00BF3837BD4680BD98
:1064A00008000007000C025800000240C0C62D0082
:1064B0000048004080B58EB000AF07F118032022DD
:1064C000002118461DF016FB3B4600221A605A6058
:1064D0009A60DA601A615A613148FDF787FE202020
:1064E000FEF7A6F90420FEF76BF9C0233B600223F8
:1064F0007B600023BB600023FB6000233B6107231C
:106500007B613B461946274803F082FCFDF720FAE1
:106510000346002200211846FDF794FA0346194667
:106520004720FDF765FA4720FDF720FA0023BB61FD
:106530004FF41653FB6100233B6200237B62002370
:10654000BB620C23FB6200233B6300237B6307F1E8
:1065500018031946144805F00BF900211248FEF7FC
:106560002DFB00211048FEF750FB0F48FEF716FBED
:106570000D48FEF7BCFB0C48FEF700FB00BF0A48C5
:10658000FEF7CBFB0346002BF9D00748FEF7D9FBFB
:106590000346002BF3D000BF00BF3837BD4680BD97
:1065A00008030007000802580014014080B500AF3E
:1065B0000120FEF7E9F80220FEF7E6F8FDF7C8F93A
:1065C0000346002200211846FDF73CFA034619460F
:1065D0003B20FDF70DFA3B20FDF7C8F900BF80BD59
:1065E00080B586B000AF3B4600221A605A609A60C0
:1065F000DA601A615A611020FEF7E2F88020FEF797
:10660000DFF80420FEF7DCF80120FEF7D9F80220BD
:10661000FEF7D6F80820FEF7D3F810215F48FEF702
:10662000A4FB10215E48FEF7A0FB4FF400615D481B
:10663000FEF79BFB4FF400715B48FEF796FB4FF4AF
:1066400000715A48FEF791FB4FF480615348FEF702
:106650009AFB4FF400415248FEF795FB4FF48071CE
:106660005248FEF790FB10233B6001237B6003231D
:10667000BB600023FB6000233B613B461946474853
:1066800003F0C6FB10233B6001237B600323BB6048
:106690000023FB6000233B613B461946404803F062
:1066A000B7FB4FF480633B6001237B600023BB603A
:1066B0000023FB6000233B613B461946374803F04B
:1066C000A7FB4FF484533B6000237B6001233B61B5
:1066D0003B461946354803F09BFB4FF480633B6013
:1066E00000237B6001233B613B4619462D4803F0A4
:1066F0008FFB4FF400633B6001237B600023BB6092
:106700000023FB6000233B613B461946254803F00C
:106710007FFB4FF400733B6001237B600223BB606F
:106720000023FB6000233B613B4619461E4803F0F3
:106730006FFB4FF400433B6001237B600023BB6091
:106740000023FB6000233B613B461946144803F0DD
:106750005FFB4FF480733B6001237B600023BB60D1
:106760000023FB6000233B613B4619460F4803F0C2
:106770004FFB4FF400733B6001237B600323BB603E
:106780000023FB6000233B613B461946074803F0AA
:106790003FFB00BF1837BD4680BD00BF0010025848
:1067A00000000258000C0258000802580004025869
:1067B00080B400AF72B600BFFEE7000080B582B0C3
:1067C00000AF154BD3F8F430134A43F00203C2F87C
:1067D000F430114BD3F8F43003F002037B607B6894
:1067E0000D4BD3F8F4300C4A43F40043C2F8F430B4
:1067F000094BD3F8F43003F400433B603B680020BE
:1068000000F076FA00F09CFA002000F085FA00BF54
:106810000837BD4680BD00BF0044025880B400AFB9
:10682000FEE780B400AFFEE780B400AFFEE780B4BF
:1068300000AFFEE780B400AFFEE780B400AF00BF5A
:10684000BD465DF8047B704780B400AF00BFBD4615
:106850005DF8047B704780B400AF00BFBD465DF8B3
:10686000047B704780B500AF044B1B680133034ABB
:10687000136000F0F9F900BF80BD00BF60850224FD
:1068800080B500AF024801F03EFE00BF80BD00BFF2
:106890000C8F022480B400AF01231846BD465DF87A
:1068A000047B704780B582B000AF786039601DF01E
:1068B000D9F8034616221A604FF0FF3318460837FE
:1068C000BD4680BD80B582B000AF78604FF0FF312B
:1068D0007868FFF7E7FFFEE780B586B000AFF860A5
:1068E000B9607A6000237B610AE0AFF30080014663
:1068F000BB685A1CBA60CAB21A707B6901337B61EB
:106900007A697B689A42F0DB7B6818461837BD4687
:1069100080BD80B586B000AFF860B9607A600023B2
:106920007B6109E0BB685A1CBA601B781846AFF35C
:1069300000807B6901337B617A697B689A42F1DB75
:106940007B6818461837BD4680BD80B483B000AF61
:1069500078604FF0FF3318460C37BD465DF8047B76
:10696000704780B483B000AF786039603B684FF403
:1069700000525A60002318460C37BD465DF8047B70
:10698000704780B483B000AF7860012318460C379D
:10699000BD465DF8047B704780B485B000AFF860F9
:1069A000B9607A60002318461437BD465DF8047B51
:1069B0007047000080B586B000AF7860144A154B70
:1069C000D31A7B617B693B61134B1B68002B02D19F
:1069D000114B124A1A60104B1A687B6813443A69CB
:1069E0009A4207D21DF03EF803460C221A604FF07F
:1069F000FF3309E0084B1B68FB60074B1A687B6894
:106A00001344054A1360FB6818461837BD4680BD1D
:106A100000000220000800002C5F0224000000207B
:106A200080B400AF374BD3F88830364A43F4700354
:106A3000C2F88830344B1B6803F00F03062B07D8CD
:106A4000314B1B6823F00F032F4A43F007031360F9
:106A50002E4B1B682D4A43F0010313602B4B002281
:106A60001A612A4B1A682949294B13400B60264B9F
:106A70001B6803F00803002B07D0234B1B6823F08F
:106A80000F03214A43F007031360204B00229A6151
:106A90001E4B0022DA611D4B00221A621B4B1D4A5D
:106AA0009A621A4B1C4ADA62184B1C4A1A63174B3B
:106AB00000225A63154B194A9A63144B0022DA6379
:106AC000124B164A1A64114B00225A640F4B1B6872
:106AD0000E4A23F4802313600C4B00221A66104BDD
:106AE0001A68104B1340B3F1005F02D20E4B012223
:106AF0001A600E4B43F2D2021A6000BFBD465DF829
:106B0000047B704700ED00E0002000520044025872
:106B10007FEDF6EA000202020000FF01800201019F
:106B20000010005C0000FFFF08810051004000528F
:106B3000DFF834D0FFF774FF0C480D490D4A0023ED
:106B400002E0D458C4500433C4188C42F9D30A4A22
:106B50000A4C002301E013600432A242FBD31CF074
:106B600087FFFEF71FF97047000002200000002495
:106B70000C02002438330408100200242493022459
:106B8000FEE7000080B582B000AF032000F0CCF932
:106B900002F042FD0246154B9B691B0A03F00F03EE
:106BA0001349CB5C03F01F0322FA03F37B600F4B06
:106BB0009B6903F00F030E4AD35C03F01F037A684E
:106BC00022FA03F30B4A13600B4A7B681360002020
:106BD00000F014F80346002B01D0012302E0FFF778
:106BE000EDFD002318460837BD4680BD004402581D
:106BF000B06B0208180000241400002480B582B095
:106C000000AF7860154B1B78002B01D1012321E0E8
:106C1000134B1A68114B1B7819464FF47A73B3FB68
:106C2000F1F3B2FBF3F3184600F0B1F90346002B81
:106C300001D001230EE07B680F2B0AD8002279686F
:106C40004FF0FF3000F07BF9064A7B6813600023A9
:106C500000E0012318460837BD4680BD200000240F
:106C6000140000241C00002480B400AF064B1B78E5
:106C70001A46064B1B681344044A136000BFBD4606
:106C80005DF8047B704700BF200000241C890224AB
:106C900080B400AF034B1B681846BD465DF8047B0B
:106CA000704700BF1C89022480B584B000AF7860B3
:106CB000FFF7EEFFB8607B68FB60FB68B3F1FF3F56
:106CC00005D00A4B1B781A46FB681344FB6000BFD3
:106CD000FFF7DEFF0246BB68D31AFA689A42F7D87C
:106CE00000BF00BF1037BD4680BD00BF200000249C
:106CF00080B483B000AF7860064B1B6823F070024D
:106D000004497B6813430B6000BF0C37BD465DF838
:106D1000047B7047003C005880B483B000AF7860BB
:106D2000064B1B6823F0020204497B6813430B6087
:106D300000BF0C37BD465DF8047B7047003C00582F
:106D400080B582B000AF0F4B1B680E4A43F00103C1
:106D50001360FFF79DFF786008E0FFF799FF024698
:106D60007B68D31A0A2B01D9032306E0054B1B6865
:106D700003F00803002BF0D0002318460837BD4667
:106D800080BD00BF003C005880B485B000AF786083
:106D90007B6803F00703FB600B4BDB68BB60BA68E2
:106DA0004FF6FF031340BB60FB681A02BB681A432F
:106DB000064B1343BB60044ABB68D36000BF143763
:106DC000BD465DF8047B704700ED00E00000FA0569
:106DD00080B400AF044BDB681B0A03F007031846BE
:106DE000BD465DF8047B704700ED00E080B483B0E1
:106DF00000AF0346FB80B7F90630002B0BDBFB88A6
:106E000003F01F020749B7F906305B09012000FAB9
:106E100002F241F8232000BF0C37BD465DF8047B29
:106E2000704700BF00E100E080B483B000AF0346CC
:106E30003960FB80B7F90630002B0ADB3B68DAB219
:106E40000C49B7F906301201D2B20B4483F8002383
:106E50000AE03B68DAB20849FB8803F00F03043B01
:106E60001201D2B20B441A7600BF0C37BD465DF852
:106E7000047B704700E100E000ED00E080B489B0E1
:106E800000AFF860B9607A60FB6803F00703FB614C
:106E9000FB69C3F10703042B28BF0423BB61FB6913
:106EA0000433062B02D9FB69033B00E000237B611E
:106EB0004FF0FF32BB6902FA03F3DA43BB681A40B2
:106EC0007B699A404FF0FF317B6901FA03F3D943A4
:106ED0007B680B40134318462437BD465DF8047B9E
:106EE0007047000080B582B000AF78607B68013BDE
:106EF000B3F1807F01D301230FE00A4A7B68013B95
:106F000053600F214FF0FF30FFF78EFF054B00223B
:106F10009A60044B07221A60002318460837BD46C2
:106F200080BD00BF10E000E080B582B000AF7860A7
:106F30007868FFF729FF00BF0837BD4680BD80B5E0
:106F400086B000AF0346B9607A60FB81FFF740FF6F
:106F500078617A68B9687869FFF790FF0246B7F9F7
:106F60000E3011461846FFF75FFF00BF1837BD46C9
:106F700080BD80B582B000AF0346FB80B7F9063014
:106F80001846FFF733FF00BF0837BD4680BD80B508
:106F900082B000AF78607868FFF7A4FF0346184618
:106FA0000837BD4680BD000080B58AB000AFF860EC
:106FB000B9607A60BB683B627B68FB610823FB7544
:106FC000404B1B7D012B01D1022376E03D4B01227A
:106FD0001A75BB68B3F1006F06D3BB68B3F1016FDC
:106FE00002D20123BB610CE0BB68B3F1016F06D391
:106FF000BB68B3F1026F02D20223BB6101E001233F
:107000005BE0304B00229A61B9694CF2503000F0DD
:10701000EBF8034687F8273097F82730002B47D145
:10702000BB69012B06D1284BDB68274A43F00203DA
:10703000D36007E0244BD3F80C31234A43F002031A
:10704000C2F80C31BFF36F8F00BFBFF34F8F00BF8B
:10705000FB691A683B6A1A603B6A04333B62FB694E
:107060000433FB61FB7D013BFB75FB7D002BEFD106
:10707000BFF36F8F00BFBFF34F8F00BFB9694CF2F2
:10708000503000F0B1F8034687F82730BB69012B78
:1070900006D10D4BDB680C4A23F00203D36007E0F6
:1070A000094BD3F80C31084A23F00203C2F80C3123
:1070B000044B00221A7597F8273018462837BD462A
:1070C00080BD00BF208902240020005280B400AFA0
:1070D000184BDB6803F00103002B0DD0154B164A4B
:1070E0005A60144B154A5A60124BDB6803F00103D7
:1070F000002B01D0012318E00E4BD3F80C3103F024
:107100000103002B10D00B4B0B4AC3F80421094B91
:107110000A4AC3F80421074BD3F80C3103F00103EA
:10712000002B01D0012300E000231846BD465DF886
:10713000047B70470020005223016745AB89EFCDE7
:1071400080B400AF0C4B9B6903F00103002B0DD002
:10715000094B0A4A9A60084B094A9A60064B9B6998
:1071600003F00103002B01D0012300E000231846A7
:10717000BD465DF8047B7047002000523B2A190889
:107180007F6E5D4C80B582B000AF01214CF2503073
:1071900000F002F90346002B02D00123FB710CE042
:1071A00002214CF2503000F0F7F80346002B02D0D9
:1071B0000123FB7101E00023FB71FB79002B0BD154
:1071C000084B9B69074A43F0020393614CF250302D
:1071D00000F0A6F80346FB71FB7918460837BD4658
:1071E00080BD00BF0020005280B586B000AF78603F
:1071F000396004237B6100233B61FFF749FDF860A0
:107200003B68022B13D1414B7B6110E07B68B3F1EB
:10721000FF3F0CD0FFF73CFD0246FB68D31A7A68AB
:107220009A4202D37B68002B01D103236AE07A697A
:10723000374B13407A699A420AD1364B1A697B69F7
:1072400013407A699A420CBF01230023DBB20CE0A1
:10725000304BD3F81031DA437B69134023F00043FD
:10726000002B0CBF01230023DBB2002BCED13B68E7
:10727000012B05D1274B1A69274B13403B6107E0CF
:10728000244BD3F81021244B134043F000433B61BF
:107290003B6923F00043002B17D0204B9A693B69D0
:1072A00013431E4A93613A69194B13403A699A4253
:1072B00003D1184A3B69536105E0164A3B6923F044
:1072C0000043C2F8143101231CE03B68012B0BD1B1
:1072D000104B1B6903F48033B3F5803F11D10D4B84
:1072E0004FF480325A610CE00A4BD3F8103103F4AA
:1072F0008033B3F5803F04D1064B4FF48032C3F89E
:107300001421002318461837BD4680BD04000080B4
:107310000F00EF1F002000520000EE17208902240A
:1073200080B584B000AF7860FFF7B2FCF86010E081
:107330007B68B3F1FF3F0CD0FFF7AAFC0246FB6865
:10734000D31A7A689A4202D37B68002B01D10323B7
:107350001AE00F4BDB6903F00103002BE8D10C4B63
:10736000DB6903F08043002B0DD00A4B9B6943F08F
:107370008043084A9361064B5B6A054A43F08043A9
:107380005362012300E0002318461037BD4680BD3C
:10739000002000522089022480B584B000AF7860BC
:1073A0003960FFF775FCB8603B68012B02D10823F8
:1073B000FB6013E0314BFB6010E07B68B3F1FF3FF3
:1073C0000CD0FFF765FC0246BB68D31A7A689A4274
:1073D00002D37B68002B01D103234BE0FA68284BD2
:1073E0001340FA689A420AD1264B1A69FB68134087
:1073F000FA689A420CBF01230023DBB20CE0214B58
:10740000D3F81031DA43FB68134023F00043002B1C
:107410000CBF01230023DBB2002BCED13B68012B34
:1074200012D1184B1B6903F08053B3F1805F20D158
:10743000154B9B6943F08053134A9361114B4FF0F6
:1074400080525A61012315E00E4BD3F8103103F03E
:107450008053B3F1805F0CD10B4B9B6943F0104319
:10746000094A9361074B4FF08052C3F8142101235E
:1074700000E0002318461037BD4680BD080000809C
:107480000F00EF1F002000522089022480B584B035
:1074900000AF786039600023FB735E4B1B7D012BCE
:1074A00001D10223B2E05B4B01221A75594B002235
:1074B0009A617B685B6803F00103002B09D001210E
:1074C0004CF25030FFF790FE0346002B01D0012311
:1074D000FB737B685B6803F00203002B09D0022179
:1074E0004CF25030FFF780FE0346002B01D0012301
:1074F000FB73FB7B002B40F085807B681B68012BB6
:1075000036D17B681A697B685B681946104600F0C3
:1075100087F97B685B6803F00103002B0FD0012122
:107520004CF25030FFF760FE0346002B01D00123E0
:10753000FB73394BDB68384A23F00803D3607B6860
:107540005B6803F00203002B5CD002214CF2503048
:10755000FFF74AFE0346002B01D00123FB732E4B9D
:10756000D3F80C312C4A23F00803C2F80C3149E05F
:107570003B684FF0FF321A607B689B68BB6039E064
:107580007B6859687B681B691A46B86800F0B2F9D5
:107590007B685B6803F00103002B0CD001214CF2E7
:1075A0005030FFF721FE0346FB731B4BDA681A4984
:1075B0001A4B1340CB607B685B6803F00203002B1F
:1075C0000ED002214CF25030FFF70EFE0346FB7343
:1075D000114BD3F80C211049104B1340C1F80C315A
:1075E000FB7B002B03D03B68BA681A600AE0BB68DB
:1075F0000133BB607B68DA687B689B681344BA68B8
:107600009A42BDD3034B00221A75FB7B18461037F4
:10761000BD4680BD2089022400200052FBF8FFFFF8
:1076200080B584B000AF78604E4B1B7D012B01D13B
:10763000022392E04B4B01221A754A4B00229A61B9
:1076400001214CF25030FFF7CFFD0346002B02D052
:107650000123FB730CE002214CF25030FFF7C4FD14
:107660000346002B02D00123FB7301E00023FB73D0
:10767000FB7B002B6DD17B681B6803F00103002BA3
:1076800014D07B685B68012B08D17B689A687B68A3
:10769000DB691946104600F06BF907E07B689A68D1
:1076A0007B68DB691946104600F08CF97B681B6823
:1076B00003F00203002B04D07B68DB68184600F05F
:1076C000D7F97B681B6803F00403002B07D07B68A5
:1076D0005A697B689B691946104600F0F9F97B6886
:1076E0001B6803F00803002B09D07B68186A7B68CD
:1076F000596A7B689A6A7B68DB6900F0A1FA7B684B
:107700001B6803F01003002B04D07B681B6918462C
:1077100000F00EFB7B681B6803F04003002B08D0D1
:107720007B68D86A7B68196B7B685B6B1A4600F0D4
:1077300021FB7B681B6803F02003002B09D07B68CA
:10774000986B7B68D96B7B681A6C7B68DB6900F08F
:1077500057FB044B00221A75FB7B18461037BD46B9
:1077600080BD00BF2089022480B582B000AF786060
:107770007B6816221A6000F08FF902467B68DA6097
:1077800000F048FA02467B689A6100F0E5FA02468A
:107790007B681A617B68DB69012B03D07B68DB693E
:1077A000022B29D17B681B6843F029027B681A6091
:1077B0007B68181D7B6803F108017B68DB691A464A
:1077C00000F028F97B6803F120007B6803F12401B5
:1077D0007B6803F128027B68DB6900F067FA7B684D
:1077E00003F138007B6803F13C017B6803F1400240
:1077F0007B68DB6900F03EFB7B6803F130027B684D
:1078000034331946104600F0DFFA7B681B6843F0FA
:1078100040027B681A6000BF0837BD4680BD00008B
:1078200080B483B000AF786039603B6803F0030335
:10783000032B22D12E4BDB682D4A23F03003D3607B
:107840002B4BD3F80C312A4A23F03003C2F80C3109
:10785000274BDA6826497B681343CB60244BD3F867
:107860000C2123497B681343C1F80C31204B9B69E1
:107870001F4A43F01003936133E03B6803F00103B8
:10788000002B11D01A4BDB68194A23F03003D36068
:10789000174BDA6816497B681343CB60144BDB68DF
:1078A000134A43F08803D3603B6803F00203002BC4
:1078B00017D00F4BD3F80C310D4A23F03003C2F828
:1078C0000C310B4BD3F80C2109497B681343C1F8E9
:1078D0000C31074BD3F80C31054A43F08803C2F84A
:1078E0000C3100BF0C37BD465DF8047B704700BF0C
:1078F0000020005280B485B000AFF860B9607A60B3
:10790000BB6803F00103002B10D0184BDB68174A4B
:1079100023F4E663D360154BDA68FB6819027B68D1
:107920000B431343114A43F08403D360BB6803F055
:107930000203002B14D00D4BD3F80C310B4A23F467
:10794000E663C2F80C31094BD3F80C21FB6819022D
:107950007B680B431343054A43F08403C2F80C31A0
:1079600000BF1437BD465DF8047B7047002000520D
:1079700080B483B000AF786039603B6803F00103E6
:10798000002B07D00E4BDA6B7B68DBB2DB430C4974
:107990001340CB633B6803F00203002B09D0084B74
:1079A000D3F83C217B68DBB2DB4305491340C1F8C7
:1079B0003C3100BF0C37BD465DF8047B704700BF0B
:1079C0000020005280B483B000AF786039603B681B
:1079D00003F00103002B06D00D4BDA6B7B68DBB2A2
:1079E0000B491343CB633B6803F00203002B08D021
:1079F000074BD3F83C217B68DBB205491343C1F840
:107A00003C3100BF0C37BD465DF8047B704700BFBA
:107A10000020005280B487B000AFF860B9607A608F
:107A200000237B617B68012B02D1104B9B6B7B6138
:107A30007B68022B03D10D4BD3F838317B617B6916
:107A4000DB43DAB2BB681A60BB681B68002B03D14A
:107A5000FB6800221A6002E0FB6801221A6000BF86
:107A60001C37BD465DF8047B704700BF0020005204
:107A700080B483B000AF7860064B1B6A23F47F426A
:107A800004497B6813430B6200BF0C37BD465DF8A9
:107A9000047B70470020005280B483B000AF0B4BD2
:107AA000DB6903F47F437B607B68B3F52A4F06D024
:107AB0007B68B3F54C4F02D04FF4AA4300E07B68DB
:107AC00018460C37BD465DF8047B70470020005215
:107AD00080B485B000AF786039600023FB6000237C
:107AE000BB607B6803F00103002B09D03B6803F007
:107AF0001003FA681343FB60BB6843F01003BB60DC
:107B00007B6803F00203002B09D03B6803F04003BD
:107B1000FA681343FB60BB6843F04003BB607B68BB
:107B200003F00403002B09D03B6803F08003FA68DC
:107B30001343FB60BB6843F08003BB607B6803F0CA
:107B40000803002B09D03B6803F40033FA681343A1
:107B5000FB60BB6843F40033BB607B6803F0100339
:107B6000002B09D03B6803F48023FA681343FB60C1
:107B7000BB6843F48023BB607B6803F02003002BC9
:107B800009D03B6803F4C013FA681343FB60BB6879
:107B900043F4C013BB607B6803F04003002B09D0A3
:107BA0003B6803F40013FA681343FB60BB6843F4BB
:107BB0000013BB607B6803F48073002B09D03B6823
:107BC00003F00043FA681343FB60BB6843F00043D3
:107BD000BB607B6803F08003002B09D03B6803F097
:107BE0000053FA681343FB60BB6843F00053BB606B
:107BF000074B1A6ABB68DB431A400549FB6813430D
:107C00000B6200BF1437BD465DF8047B704700BFB0
:107C10000020005280B483B000AF074BDB697B606B
:107C20007A68064B13407B607B6818460C37BD466C
:107C30005DF8047B704700BF00200052F300FFFF97
:107C400080B485B000AFF860B9607A603B603B6893
:107C500003F00103002B0DD0BB6803F178431A0A2F
:107C60007B6803F178431B0A1B041A430E49FB6827
:107C70001343CB623B6803F00203002B0ED0BB68BA
:107C8000A3F101631A0A7B68A3F101631B0A1B04B9
:107C90001A430549FB681343C1F82C3100BF143760
:107CA000BD465DF8047B70470020005280B487B069
:107CB00000AFF860B9607A603B6000237B6100230D
:107CC0003B613B68012B05D1174B9B6A7B614FF0F1
:107CD00000633B613B68022B06D1134BD3F828317C
:107CE0007B614FF001633B617B6903F00042FB68FD
:107CF0001A607B691A020D4B13403A691A44BB683B
:107D00001A607B691B0CC3F30B027B681A607B68EB
:107D10001B681A023B691A447B681A6000BF1C3753
:107D2000BD465DF8047B70470020005200FF0F0045
:107D300080B483B000AF7860064B1B6A23F00C025E
:107D400004497B6813430B6200BF0C37BD465DF8E6
:107D5000047B70470020005280B400AF044BDB6905
:107D600003F00C031846BD465DF8047B704700BF66
:107D70000020005280B485B000AFF860B9607A602E
:107D8000FB6803F00103002B08D00D4B5A6C0D4B20
:107D90001340BA68120C0A4913434B64FB6803F0A2
:107DA0000203002B06D0064B5B6C9AB204497B6839
:107DB00013434B6400BF1437BD465DF8047B704726
:107DC000002000520000FFFF80B485B000AF786053
:107DD0003960094B1B6CFB60FB681A047B681A60F6
:107DE000FA68064B13403A68136000BF1437BD466B
:107DF0005DF8047B704700BF002000520000FFFFC9
:107E000080B485B000AFF860B9607A603B603B68D1
:107E100003F00103002B0FD0BB6803F178431A0A6B
:107E20007B6803F178431B0A1B041A43FB6803F0C9
:107E300000430F4913434B633B6803F00203002BDD
:107E400010D0BB68A3F101631A0A7B68A3F1016338
:107E50001B0A1B041A43FB6803F000430449134345
:107E6000C1F8343100BF1437BD465DF8047B70475C
:107E70000020005280B487B000AFF860B9607A602B
:107E80003B6000237B6100233B613B68012B05D1F4
:107E9000174B1B6B7B614FF000633B613B68022B10
:107EA00006D1134BD3F830317B614FF001633B6156
:107EB0007B6903F00042FB681A607B691A020D4B74
:107EC00013403A691A44BB681A607B691B0CC3F300
:107ED0000B027B681A607B681B681A023B691A44B4
:107EE0007B681A6000BF1C37BD465DF8047B704795
:107EF0000020005200FF0F0080B489B000AF78600E
:107F000039600023FB61894B7B6194E13B681A680F
:107F10000121FB6901FA03F313403B613B69002B2C
:107F200000F086813B685B6803F00303012B05D0FA
:107F30003B685B6803F00303022B30D17B689B68CE
:107F4000BB61FB695B00032202FA03F3DB43BA69FE
:107F50001340BB613B68DA68FB695B0002FA03F31C
:107F6000BA691343BB617B68BA699A607B685B68D6
:107F7000BB610122FB6902FA03F3DB43BA691340D8
:107F8000BB613B685B681B0903F00102FB6902FAF5
:107F900003F3BA691343BB617B68BA695A603B68F3
:107FA0005B6803F00303032B17D07B68DB68BB61BE
:107FB000FB695B00032202FA03F3DB43BA69134057
:107FC000BB613B689A68FB695B0002FA03F3BA691C
:107FD0001343BB617B68BA69DA603B685B6803F096
:107FE0000303022B23D1FB69DA087B68083253F8BC
:107FF0002230BB61FB6903F007039B000F2202FAEA
:1080000003F3DB43BA691340BB613B681A69FB6940
:1080100003F007039B0002FA03F3BA691343BB6141
:10802000FB69DA087B680832B96943F822107B687B
:108030001B68BB61FB695B00032202FA03F3DB43AD
:10804000BA691340BB613B685B6803F00302FB69DC
:108050005B0002FA03F3BA691343BB617B68BA6938
:108060001A603B685B6803F44033002B00F0E0804B
:108070002F4BD3F8F4302E4A43F00203C2F8F43009
:108080002B4BD3F8F43003F00203FB60FB68294A62
:10809000FB699B08023352F82330BB61FB6903F094
:1080A00003039B000F2202FA03F3DB43BA69134078
:1080B000BB617B68204A934252D07B681F4A93423F
:1080C00031D07B681E4A93422BD07B681D4A934275
:1080D00025D07B681C4A93421FD07B681B4A934281
:1080E00019D07B681A4A934213D07B68194A93428D
:1080F0000DD07B68184A934207D07B68174A934299
:1081000001D109232DE00A232BE0082329E00723CE
:1081100027E0062325E0052323E0042321E00323B1
:108120001FE002231DE001231BE000BF8000005878
:10813000004402580004005800000258000402588D
:1081400000080258000C025800100258001402588F
:1081500000180258001C025800200258002402583F
:108160000023FA6902F0030292009340BA691343B4
:10817000BB613849FB699B080233BA6941F8232087
:108180004FF0B0431B68BB613B69DB43BA691340E6
:10819000BB613B685B6803F48013002B03D0BA69B2
:1081A0003B691343BB614FF0B042BB6913604FF0B2
:1081B000B0435B68BB613B69DB43BA691340BB6199
:1081C0003B685B6803F40013002B03D0BA693B697A
:1081D0001343BB614FF0B042BB6953607B695B687E
:1081E000BB613B69DB43BA691340BB613B685B68B9
:1081F00003F40033002B03D0BA693B691343BB611E
:108200007B69BA695A607B691B68BB613B69DB4368
:10821000BA691340BB613B685B6803F48033002B91
:1082200003D0BA693B691343BB617B69BA691A60C1
:10823000FB690133FB613B681A68FB6922FA03F3AF
:10824000002B7FF463AE00BF00BF2437BD465DF84E
:10825000047B704700040058F0B58FB00AAF786017
:108260007B68002B01D1012316E17B681B68BB6092
:108270007B6893F8BD33DBB2002B06D17B6800220C
:1082800083F8BC23786818F069FE7B68032283F8C2
:10829000BD23BB68DB6B03F48073002B02D17B68CA
:1082A00000221A617B681B68184603F02CFC7B686F
:1082B0001B683B607E686D4606F110040FCC0FC54D
:1082C0000FCC0FC594E8030085E80300331D0ECBE7
:1082D000386803F0F7FA0346002B05D07B680222CA
:1082E00083F8BD230123D7E07B681B680021184673
:1082F00003F01AFC0023FB734AE0FA7B796813460B
:10830000DB009B1A9B000B443D3301221A70FA7B61
:1083100079681346DB009B1A9B000B443C33FA7BC5
:108320001A70FA7BFB7B98B279681346DB009B1AC4
:108330009B000B44423302461A80FA7B796813464D
:10834000DB009B1A9B000B443F3300221A70FA7B20
:1083500079681346DB009B1A9B000B4444330022D0
:108360001A60FA7B79681346DB009B1A9B000B446A
:10837000483300221A60FA7B79681346DB009B1AA7
:108380009B000B44503300221A60FB7B0133FB73CC
:10839000FA7B7B685B689A42AFD30023FB7344E0AF
:1083A000FA7B79681346DB009B1A9B000B4403F2AF
:1083B000FD1300221A70FA7B79681346DB009B1AC2
:1083C0009B000B4403F5FE73FA7B1A70FA7B796805
:1083D0001346DB009B1A9B000B4403F2FF130022A1
:1083E0001A70FA7B79681346DB009B1A9B000B44DA
:1083F00003F5017300221A60FA7B79681346DB00EB
:108400009B1A9B000B4403F5027300221A60FA7B4F
:1084100079681346DB009B1A9B000B4403F5047339
:1084200000221A60FB7B0133FB73FA7B7B685B687D
:108430009A42B5D37B681B683B607E686D4606F147
:1084400010040FCC0FC50FCC0FC594E8030085E8CE
:108450000300331D0ECB386803F0B2FB0346002B3C
:1084600005D07B68022283F8BD23012314E07B68DA
:10847000002283F838207B68012283F8BD237B68C3
:108480005B6A012B02D1786801F086F87B681B6873
:10849000184604F04AFC002318461437BD46F0BDC8
:1084A00080B584B000AF78607B681B68FB607B6838
:1084B00093F8BC33012B01D1022320E07B68012219
:1084C00083F8BC237B689B6A012B09D17B689B697D
:1084D000012B05D0FB689B6B43F48032FB689A63E9
:1084E0007B681B68184603F0FDFA7B681B6818461A
:1084F00004F0FAFB7B68002283F8BC2300231846B3
:108500001037BD4680BD90B58DB000AF78607B68F8
:108510001B683B623B6AFB617B681B68184604F082
:10852000B8FC0346002B40F0BE837B681B681846EE
:1085300004F01CFC0346002B00F0B4837B681B682E
:10854000184604F013FC034603F00203022B07D184
:108550007B681B685A697B681B6802F002025A61DB
:108560007B681B68184604F001FC034603F0100307
:10857000102B61D17B681B689A697B681B6822F0AD
:1085800010029A613B6A1B6ABB61BB6903F00F0270
:108590001346DB009B1A9B0003F5FC737A681344B7
:1085A00004337B61BB695B0C03F00F03022B24D106
:1085B000BA6947F6F0731340002B35D07B69D96850
:1085C000BB691B099BB2C3F30A039BB21A46386A04
:1085D00004F038FA7B69DA68BB691B09C3F30A0344
:1085E0001A447B69DA607B699A69BB691B09C3F32A
:1085F0000A031A447B699A6116E0BB695B0C03F0BD
:108600000F03062B10D17B6803F5717308221946FE
:10861000386A04F017FA7B699A69BB691B09C3F3CE
:108620000A031A447B699A617B681B689A697B68B4
:108630001B6842F010029A617B681B68184604F0C0
:1086400095FB034603F40023B3F5002F6ED10023FE
:108650007B627B681B68184604F09BFBB86262E093
:10866000BB6A03F00103002B57D07B681B687A6A52
:10867000D2B21146184604F0C0FB38613B6903F0E2
:108680000103002B0CD07B6A5A01FB69134403F5EC
:1086900030631A4601239360796A786800F0D2FD4E
:1086A0003B6903F00803002B0CD07B6A5A01FB697D
:1086B000134403F530631A4608239360796A786897
:1086C00000F0CCFE3B6903F01003002B08D07B6A5E
:1086D0005A01FB69134403F530631A461023936073
:1086E0003B6903F02003002B08D07B6A5A01FB6929
:1086F000134403F530631A46202393603B6903F467
:108700000053002B09D07B6A5A01FB69134403F51F
:1087100030631A464FF4005393607B6A01337B62E7
:10872000BB6A5B08BB62BB6A002B99D17B681B6884
:10873000184604F01BFB034603F48023B3F5802F97
:1087400040F0C4807B681B68184604F03CFBB862AC
:1087500000237B62B6E0BB6A03F00103002B00F04C
:10876000AB807B681B687A6AD2B21146184604F067
:1087700062FB38613B6903F00103002B57D07B6A31
:1087800003F00F03012202FA03F3FB60FB6903F518
:1087900000635A6BFB68DB43F96901F50061134024
:1087A0004B637B6A5A01FB69134403F510631A4655
:1087B000012393607B681B69012B32D179687A6A47
:1087C0001346DB009B1A9B000B44483319687868FA
:1087D0007A6A1346DB009B1A9B00034444331B68F0
:1087E000194478687A6A1346DB009B1A9B0003449D
:1087F000483319607B6A002B13D179687A6A134673
:10880000DB009B1A9B000B4450331B68002B08D1E4
:108810007B6818687B6803F571731A46012104F0C0
:108820006BFB7B6ADBB21946786818F01CFC3B696D
:1088300003F00803002B08D07B6A5A01FB6913443C
:1088400003F510631A46082393603B6903F0100395
:10885000002B08D07B6A5A01FB69134403F51063AF
:108860001A46102393603B6903F04003002B08D0A5
:108870007B6A5A01FB69134403F510631A464023CF
:1088800093603B6903F00203002B0CD0796A386ACD
:1088900003F0F4FA7B6A5A01FB69134403F5106391
:1088A0001A46022393603B6903F08003002B03D038
:1088B000796A786800F038FC7B6A01337B62BB6AB6
:1088C0005B08BB62BB6A002B7FF445AF7B681B680B
:1088D000184604F04BFA034603F00043B3F1004F8F
:1088E00022D1FB6903F500635B68FA6902F5006257
:1088F00023F0010353607B6893F8F433012B08D114
:108900007B68002283F8F4230021786800F068FE79
:1089100002E0786818F01EFC7B681B685A697B6867
:108920001B6802F000425A617B681B68184604F01D
:108930001DFA034603F40063B3F5006F12D1FB691F
:1089400003F500639B6803F00103012B02D17868F3
:1089500018F0DAFB7B681B685A697B681B6802F4B5
:1089600000625A617B681B68184604F0FFF90346F1
:1089700003F00063B3F1006F21D17B681B685A6973
:108980007B681B6802F000625A617B6893F8F433DD
:10899000002B11D17B68012283F8F4237B681B68CC
:1089A0005B6D9B0803F00F027B68C3F8F82301217D
:1089B000786800F015FE02E0786818F0A5FB7B6887
:1089C0001B68184604F0D2F9034603F48053B3F54C
:1089D000805F40F0B780FB6903F500635B68FA696C
:1089E00002F5006223F0010353607B681B681021CD
:1089F000184603F043FA0023FB6246E0FB6A5A0183
:108A0000FB69134403F510631A464FF67F339360F6
:108A1000FB6A5A01FB69134403F510631B68FA6A89
:108A20005101FA690A4402F5106223F4001313603D
:108A3000FB6A5A01FB69134403F530631A464FF68B
:108A40007F339360FB6A5A01FB69134403F530637B
:108A50001B68FA6A5101FA690A4402F5306223F48C
:108A600000131360FB6A5A01FB69134403F530637A
:108A70001B68FA6A5101FA690A4402F5306243F050
:108A800000631360FB6A0133FB627B685B68FA6A10
:108A90009A42B3D3FB6903F50063DB69FA6902F517
:108AA000006243F00113D3617B681B6B002B16D06F
:108AB000FB6903F50063D3F88430FA6902F50062BC
:108AC00043F00B03C2F88430FB6903F500635B6C71
:108AD000FA6902F5006243F00B03536415E0FB6989
:108AE00003F500635A69FB6903F50063194642F216
:108AF0002B0313434B61FB6903F500631B69FA69A0
:108B000002F5006243F00B031361FB6903F5006398
:108B10001B68FA6902F5006223F4FE6313607B6848
:108B200018687B681B69D9B27B6803F571731A46B4
:108B300004F0E2F97B681B685A697B681B6802F4E1
:108B400080525A617B681B68184604F00FF903468F
:108B500003F40053B3F5005F24D17B681B6818460B
:108B600004F0A6F97B681B68184603F000FA034678
:108B70001A467B68DA607B681C6800F0C7FE014615
:108B80007B68DB68DBB21A46204602F009FF786892
:108B900018F091FA7B681B685A697B681B6802F4BD
:108BA00000525A617B681B68184604F0DFF80346E0
:108BB00003F00803082B0AD1786818F06EFA7B6876
:108BC0001B685A697B681B6802F008025A617B685F
:108BD0001B68184604F0CAF8034603F48013B3F583
:108BE000801F0FD100237B627B6ADBB21946786855
:108BF00018F0D0FA7B681B685A697B681B6802F41E
:108C000080125A617B681B68184604F0AFF803466F
:108C100003F40013B3F5001F0FD100237B627B6ABE
:108C2000DBB21946786818F0A3FA7B681B685A69AA
:108C30007B681B6802F400125A617B681B68184647
:108C400004F094F8034603F08043B3F1804F0AD157
:108C5000786818F0B1FA7B681B685A697B681B68F2
:108C600002F080425A617B681B68184604F07EF867
:108C7000034603F00403042B15D17B681B685B6873
:108C8000BB61BB6903F00403002B02D0786818F0C5
:108C9000A1FA7B681B6859687B681B68BA690A433C
:108CA0005A6000E000BF3437BD4690BD80B582B049
:108CB00000AF78600B46FB707B6893F8BC33012BE8
:108CC00001D1022313E07B68012283F8BC237B6877
:108CD000FA7883F838207B681B68FA7811461846C2
:108CE00003F0DCFF7B68002283F8BC2300231846D6
:108CF0000837BD4680BD80B584B000AF78600846B7
:108D000011461A460346FB700B463B801346BB7068
:108D10000023FB7297F90330002B0FDAFB7803F086
:108D20000F021346DB009B1A9B0038337A6813440A
:108D30000433FB60FB6801225A700FE0FB7803F0FC
:108D40000F021346DB009B1A9B0003F5FC737A6845
:108D500013440433FB60FB6800225A70FB7803F075
:108D60000F03DAB2FB681A703A88FB689A60FB68F6
:108D7000BA78DA70FB685B78002B04D0FB681B784C
:108D80009AB2FB68DA80BB78022B02D1FB68002222
:108D90001A717B6893F8BC33012B01D102230EE0DA
:108DA0007B68012283F8BC237B681B68F96818463E
:108DB00003F002F97B68002283F8BC23FB7A184693
:108DC0001037BD4680BD80B584B000AF78600B46DB
:108DD000FB7097F90330002B0FDAFB7803F00F02DA
:108DE0001346DB009B1A9B0038337A681344043324
:108DF000FB60FB6801225A700FE0FB7803F00F0262
:108E00001346DB009B1A9B0003F5FC737A6813443E
:108E10000433FB60FB6800225A70FB7803F00F03F9
:108E2000DAB2FB681A707B6893F8BC33012B01D16E
:108E300002230EE07B68012283F8BC237B681B6859
:108E4000F968184603F040F97B68002283F8BC23D8
:108E5000002318461037BD4680BD80B586B000AFF0
:108E6000F8607A603B600B46FB72FB7A03F00F02FE
:108E70001346DB009B1A9B0003F5FC73FA6813444E
:108E800004337B617B697A68DA607B693A685A618E
:108E90007B6900229A617B6900225A70FB7A03F099
:108EA0000F03DAB27B691A70FB681B69012B02D1D0
:108EB0007A687B691A61FB7A03F00F03002B09D1F2
:108EC000FB681868FB681B69DBB21A46796903F016
:108ED00023FC08E0FB681868FB681B69DBB21A46D4
:108EE000796903F0CDF9002318461837BD4680BDD7
:108EF00080B483B000AF78600B46FB70FB7803F062
:108F00000F0279681346DB009B1A9B000B4403F5A4
:108F100005731B6818460C37BD465DF8047B704727
:108F200080B586B000AFF8607A603B600B46FB729C
:108F3000FB7A03F00F021346DB009B1A9B003833C9
:108F4000FA68134404337B617B697A68DA607B6971
:108F50003A685A617B6900229A617B6901225A70E2
:108F6000FB7A03F00F03DAB27B691A70FB681B69A6
:108F7000012B02D17A687B691A61FB7A03F00F0337
:108F8000002B09D1FB681868FB681B69DBB21A4625
:108F9000796903F0C1FB08E0FB681868FB681B698E
:108FA000DBB21A46796903F06BF9002318461837CB
:108FB000BD4680BD80B584B000AF78600B46FB70C5
:108FC000FB7803F00F027B685B689A4201D90123AA
:108FD00050E097F90330002B0FDAFB7803F00F0213
:108FE0001346DB009B1A9B0038337A681344043322
:108FF000FB60FB6801225A700DE0FA781346DB0033
:109000009B1A9B0003F5FC737A6813440433FB60DE
:10901000FB6800225A70FB6801229A70FB7803F00B
:109020000F03DAB2FB681A707B6893F8BC33012B2C
:1090300001D102231EE07B68012283F8BC237B68F8
:109040001B68F968184603F055FDFB7803F00F0321
:10905000002B0AD17B6818687B681B69D9B27B68D2
:1090600003F571731A4603F047FF7B68002283F80B
:10907000BC23002318461037BD4680BD80B584B0A0
:1090800000AF78600B46FB70FB7803F00F027B6843
:109090005B689A4201D9012342E097F90330002B23
:1090A0000FDAFB7803F00F021346DB009B1A9B00DC
:1090B00038337A6813440433FB60FB6801225A702A
:1090C0000FE0FB7803F00F021346DB009B1A9B00B6
:1090D00003F5FC737A6813440433FB60FB680022D9
:1090E0005A70FB6800229A70FB7803F00F03DAB223
:1090F000FB681A707B6893F8BC33012B01D1022303
:109100000EE07B68012283F8BC237B681B68F9684A
:10911000184603F05DFD7B68002283F8BC23002322
:1091200018461037BD4680BD80B58AB002AF786062
:1091300039607B681B687B617B693B613A681346D9
:10914000DB009B1A9B0038337A6813440433FB60BE
:10915000FB689A69FB685B699A4201D901236CE05C
:10916000FB685A69FB689B69D31AFB61FB689B68C3
:10917000FA699A4202D9FB689B68FB61FB69033379
:109180009B08BB612BE0FB685A69FB689B69D31A9B
:10919000FB61FB689B68FA699A4202D9FB689B688D
:1091A000FB61FB6903339B08BB61FB68D9683B68C3
:1091B000DAB2FB6998B27B681B69DBB200930346A5
:1091C000786903F001FCFB68DA68FB691A44FB6804
:1091D000DA60FB689A69FB691A44FB689A613B682C
:1091E0005A013B69134403F510639B699BB2BA694A
:1091F0009A4209D8FB689A69FB685B699A4203D274
:10920000FB685B69002BBED1FB685A69FB689B69F0
:109210009A4211D83B6803F00F03012202FA03F3CC
:10922000BB603B6903F500635A6BBB68DB4339697C
:1092300001F5006113404B63002318462037BD46FB
:1092400080BD000080B586B000AF786039607B6873
:109250001B687B617B693B617B693C3304331B6822
:10926000FB603B685A013B69134403F530639B681C
:10927000BB607B681B69012B40F0A080BB6803F0DA
:109280000803002B15D0FB68724A934240F2DD8040
:10929000BB6803F40043002B00F0D7803B685A0101
:1092A0003B69134403F530631A464FF4004393605F
:1092B000CBE0BB6803F02003002B09D03B685A01C8
:1092C0003B69134403F530631A4620239360BCE0E6
:1092D000BB6803F02803002B40F0B780FB685D4AB1
:1092E00093420FD9BB6803F40043002B0AD03B68BC
:1092F0005A013B69134403F530631A464FF40043A7
:109300009360A2E079683A681346DB009B1A9B00E1
:109310000B4403F501731A683B6859013B690B4420
:1093200003F530631B69C3F31203D11A78683A68F6
:109330001346DB009B1A9B00034403F50573196079
:1093400079683A681346DB009B1A9B000B4403F5CF
:109350000273196878683A681346DB009B1A9B0011
:10936000034403F501731B68194478683A6813468F
:10937000DB009B1A9B00034403F5027319603B68F2
:10938000002B14D179683A681346DB009B1A9B00C6
:109390000B4403F504731B68002B08D17B68186825
:1093A0007B6803F571731A46012103F0A5FD3B6844
:1093B000DBB21946786817F03BFE46E0FB68264AA8
:1093C000934224D1BB6803F40043002B0AD03B68CE
:1093D0005A013B69134403F530631A464FF40043C6
:1093E000936032E0BB6803F02003002B08D03B6899
:1093F0005A013B69134403F530631A4620239360F6
:109400003B68DBB21946786817F012FE1DE03B6836
:10941000002B14D179683A681346DB009B1A9B0035
:109420000B4403F504731B68002B08D17B68186894
:109430007B6803F571731A46002103F05DFD3B68FC
:10944000DBB21946786817F0F3FD00231846183789
:10945000BD4680BD0A30544F0A31544F80B586B0A6
:1094600000AF786039607B681B687B617B693B611A
:109470007B693C3304331B68FB603B685A013B69E2
:10948000134403F530639B68BB60FB68154A934245
:109490000ED9BB6803F40043002B09D03B685A0186
:1094A0003B69134403F530631A464FF4004393605D
:1094B000786817F0ABFDFB680A4A93420CD97B68C9
:1094C0001B69012B08D17B6818687B6803F57173F1
:1094D0001A46012103F010FD002318461837BD4637
:1094E00080BD00BF0A30544F80B485B000AF7860B3
:1094F0000B46FB7013463B807B681B685B6ABB6056
:10950000FB78002B07D13B8819047B681B68BA687D
:109510000A439A6228E07B681B689B6A1B0CBA6846
:109520001344BB600023FB730DE07B681A68FB7B70
:1095300040339B0013445B681B0CBA681344BB6048
:10954000FB7B0133FB73FA7BFB78013B9A42ECD344
:109550003B8818047B681968FB78013BBA680243B2
:1095600040339B000B445A60002318461437BD4615
:109570005DF8047B704780B483B000AF78600B4621
:109580007B807B681B687A885A62002318460C37F8
:10959000BD465DF8047B704780B485B000AF78604D
:1095A0007B681B68FB607B680122C3F8FC237B6837
:1095B000002283F8F423FB689B6943F00062FB6898
:1095C0009A61FB685A6D054B1343FA685365002393
:1095D00018461437BD465DF8047B70470300001041
:1095E00080B483B000AF78600B46FB7000BF0C37CF
:1095F000BD465DF8047B704780B400AF054BDB6867
:10960000044A43F08073D36000BFBD465DF8047B1D
:10961000704700BF0048025880B489B000AFB34B18
:109620001B6903F03803182B00F2558101A252F890
:1096300023F000BF99960008D7980008D798000833
:10964000D7980008D7980008D7980008D79800083E
:10965000D7980008BF960008D7980008D798000848
:10966000D7980008D7980008D7980008D79800081E
:10967000D7980008C5960008D7980008D798000822
:10968000D7980008D7980008D7980008D7980008FE
:10969000D7980008CB960008944B1B6803F0200372
:1096A000002B09D0914B1B68DB0803F00303904AA1
:1096B00022FA03F3BB6111E18D4BBB610EE18D4BCF
:1096C000BB610BE18C4BBB6108E1884B9B6A03F0EB
:1096D00003037B61854B9B6A1B0903F03F033B61DE
:1096E000824BDB6A03F00103FB60804B5B6BDB08A2
:1096F000C3F30C03FA6802FB03F307EE903AF8EEAB
:10970000677AC7ED027A3B69002B00F0E1807B6944
:10971000022B00F083807B69022B00F2A1807B6921
:10972000002B03D07B69012B56D099E06F4B1B684F
:1097300003F02003002B2DD06C4B1B68DB0803F0DB
:1097400003036B4A22FA03F37B607B6807EE903ACF
:10975000F8EE676A3B6907EE903AF8EE677A86EEB4
:10976000A77A624B1B6BC3F3080307EE903AF8EE3F
:10977000676A97ED026ADFED615AC6EE257A76EEEA
:10978000A77AF7EE006A77EEA67A67EE277AC7ED3A
:10979000077A87E03B6907EE903AF8EE677ADFEDEB
:1097A000586A86EEA77A514B1B6BC3F3080307EE8A
:1097B000903AF8EE676A97ED026ADFED505AC6EE0E
:1097C000257A76EEA77AF7EE006A77EEA67A67EE4C
:1097D000277AC7ED077A65E03B6907EE903AF8EE25
:1097E000677ADFED486A86EEA77A404B1B6BC3F3BE
:1097F000080307EE903AF8EE676A97ED026ADFED2C
:109800003F5AC6EE257A76EEA77AF7EE006A77EE33
:10981000A67A67EE277AC7ED077A43E03B6907EE41
:10982000903AF8EE677ADFED386A86EEA77A2F4B2A
:109830001B6BC3F3080307EE903AF8EE676A97EDE7
:10984000026ADFED2E5AC6EE257A76EEA77AF7EE9B
:10985000006A77EEA67A67EE277AC7ED077A21E0ED
:109860003B6907EE903AF8EE677ADFED266A86EEFE
:10987000A77A1E4B1B6BC3F3080307EE903AF8EE72
:10988000676A97ED026ADFED1D5AC6EE257A76EE1D
:10989000A77AF7EE006A77EEA67A67EE277AC7ED29
:1098A000077A00BF114B1B6B5B0A03F07F03013388
:1098B0003B603B6807EE903AB8EE677AD7ED076AEF
:1098C000C6EE877AFCEEE77A17EE903ABB6105E0C8
:1098D0000023BB6102E0074BBB6100BFBB691846B8
:1098E0002437BD465DF8047B704700BF0044025832
:1098F0000090D00300093D000024F4000000004661
:109900000024744C0024744A0024744B80B582B047
:1099100000AFFFF781FE0246104B9B691B0A03F064
:109920000F030F49CB5C03F01F0322FA03F37B60A4
:109930000A4B9B6903F00F03094AD35C03F01F0332
:109940007A6822FA03F3074A1360074A7B681360B8
:10995000044B1B6818460837BD4680BD00440258BA
:10996000B06B0208180000241400002480B483B0F7
:1099700000AF786039607B681B6B23F00F023B6897
:109980001A437B681A6300BF0C37BD465DF8047B41
:10999000704780B483B000AF78607B689B6803F049
:1099A0000103012B01D1012300E0002318460C37ED
:1099B000BD465DF8047B704790B585B000AF786018
:1099C00039600023FB737B68224A93420ED1224800
:1099D000FFF7DFFF04462148FFF7DBFF0346234381
:1099E000002B0CBF01230023DBB208E01C48FFF76B
:1099F000D0FF0346002B0CBF01230023DBB2002B5A
:109A000020D03B685B68002B12D07B689A68154BAE
:109A100013403A6811683A68526811433A6892688C
:109A200011433A68D2680A431A437B689A600BE094
:109A30007B689A680B4B13403A6812681A437B683C
:109A40009A6001E00123FB73FB7B18461437BD4687
:109A500090BD00BF002302400020024000210240D0
:109A600000600258E030C0FF80B584B000AF78607D
:109A700039600023FB737868FFF78BFF0346002BE8
:109A800015D17B68DA680D4B13403A6811683A6863
:109A900092680A431A437B68DA607B681B6923F08B
:109AA00070423B685B681A437B681A6101E00123DE
:109AB000FB73FB7B18461037BD4680BDE3BFFFFF3D
:109AC00080B584B000AF786039600023FB7378689C
:109AD000FFF75FFF0346002B32D13B685B68002B2A
:109AE00015D07B68DA681A4B13403A6811683A68F7
:109AF000926811433A68D26811433A681269114377
:109B00003A6852690A431A437B68DA6011E07B685D
:109B1000DA680F4B13403A6811683A68D26811430B
:109B20003A68126911433A6852690A431A437B68DA
:109B3000DA603B685B6819467868FFF717FF01E059
:109B40000123FB73FB7B18461037BD4680BD00BF69
:109B50001CC0F0FF80B483B000AF786039607B68D0
:109B60001A683B6803F01003012101FA03F31A405D
:109B70003B6803F01003012101FA03F39A4201D17B
:109B8000012300E0002318460C37BD465DF8047B36
:109B9000704780B586B000AFF860B9607A60002386
:109BA000FB75B968F868FFF7D5FF0346002B4ED167
:109BB0007B685B68002B1BD0FB681A68BB6803F0EE
:109BC000100340F6FC7101FA03F3DB431A407B6893
:109BD00019687B685B6819437B689B681943BB689D
:109BE00003F0100301FA03F31A43FB681A6013E051
:109BF000FB681A68BB6803F01003FC2101FA03F349
:109C0000DB431A407B681968BB6803F0100301FA54
:109C100003F31A43FB681A60FB68DA6BBB6803F056
:109C20001003072101FA03F3DB431A407B68D9686C
:109C30007B681B6919437B685B691943BB6803F048
:109C4000100301FA03F31A43FB68DA6301E001230E
:109C5000FB75FB7D18461837BD4680BD80B485B0C6
:109C600000AFF860B9607A60FB681968BB6803FBF5
:109C700003F213465B001344DB4301EA0302BB68B3
:109C800003FB03F3796801FB03F31A43FB681A60D3
:109C900000BF1437BD465DF8047B704780B485B0C3
:109CA00000AFF860B9607A60FB685A68BB68DB4354
:109CB0001A40BB68796801FB03F31A43FB685A60DA
:109CC00000BF1437BD465DF8047B704780B485B093
:109CD00000AFF860B9607A60FB689968BB6803FB05
:109CE00003F213465B001344DB4301EA0302BB6843
:109CF00003FB03F3796801FB03F31A43FB689A60E3
:109D000000BF1437BD465DF8047B704780B485B052
:109D100000AFF860B9607A60FB68D968BB6803FB84
:109D200003F213465B001344DB4301EA0302BB6802
:109D300003FB03F3796801FB03F31A43FB68DA6062
:109D400000BF1437BD465DF8047B704780B485B012
:109D500000AFF860B9607A60FB68196ABB6803FB02
:109D600003F3BA6802FB03F3BA6802FB03F213467B
:109D70001B019B1ADB4301EA0302BB6803FB03F3ED
:109D8000B96801FB03F3B96801FB03F3796801FBD0
:109D900003F31A43FB681A6200BF1437BD465DF82F
:109DA000047B704780B485B000AFF860B9607A601A
:109DB000FB68596ABB681B0ABA68120A02FB03F304
:109DC000BA68120A02FB03F3BA68120A02FB03F232
:109DD00013461B019B1ADB4301EA0302BB681B0A03
:109DE000B968090A01FB03F3B968090A01FB03F327
:109DF000B968090A01FB03F3796801FB03F31A430D
:109E0000FB685A6200BF1437BD465DF8047B70479B
:109E100080B588B000AF786039603B681B683B61F3
:109E20003B6993FAA3F3FB60FB687B617B69002BC2
:109E300001D1202303E07B69B3FA83F3DBB2FB613A
:109E400048E03B681A680121FB6901FA03F31340FB
:109E5000BB61BB69002B3AD03B685B68012B03D028
:109E60003B685B68022B0ED13B689B681A46B96958
:109E70007868FFF72BFF3B6819683B68DB681A4678
:109E80007868FFF70BFF3B681B691A46B969786869
:109E9000FFF73CFF3B685B68022B11D1BB69FF2BCE
:109EA00007D83B685B691A46B9697868FFF74EFFC7
:109EB00006E03B685B691A46B9697868FFF772FF8C
:109EC0003B685B681A46B9697868FFF7C7FEFB69AB
:109ED0000133FB613B681A68FB6922FA03F3002B2C
:109EE000AFD1002318462037BD4680BD80B400AFF7
:109EF000074B1B6803F40033B3F5003F01D1012386
:109F000000E000231846BD465DF8047B704700BFA3
:109F10000044025880B400AF064B1B6803F00403F2
:109F2000042B01D1012300E000231846BD465DF853
:109F3000047B70470044025880B400AF044B1B6898
:109F400003F018031846BD465DF8047B704700BF58
:109F50000044025880B400AF074B1B6803F48073C1
:109F6000B3F5807F01D1012300E000231846BD46F0
:109F70005DF8047B704700BF0044025880B400AF16
:109F8000064B1B6F03F00203022B01D1012300E0FB
:109F900000231846BD465DF8047B70470044025814
:109FA00080B400AF044B1B6903F038031846BD466C
:109FB0005DF8047B704700BF0044025880B400AFD6
:109FC000044B9B6903F470631846BD465DF8047B3F
:109FD000704700BF0044025880B400AF044B9B6937
:109FE00003F00F031846BD465DF8047B704700BFC1
:109FF0000044025880B400AF044BDB6903F07003E7
:10A000001846BD465DF8047B704700BF0044025807
:10A0100080B400AF044BDB6903F4E0631846BD462F
:10A020005DF8047B704700BF0044025880B485B0DF
:10A0300000AF78607B68DAB20E4B1344FB60FB68BC
:10A040001A687B68190E7B681B0A03F01F0301FA6C
:10A0500003F31A407B681B0A03F01F0322FA03F381
:10A060001A047B68134318461437BD465DF8047B19
:10A07000704700BF4C44025880B582B000AF786092
:10A080007868FFF7D3FF034618460837BD4680BD02
:10A0900080B400AF044B9B6A03F003031846BD462F
:10A0A0005DF8047B704700BF0044025880B400AFE5
:10A0B000074BDB6A03F48033B3F5803F01D1012302
:10A0C00000E000231846BD465DF8047B704700BFE2
:10A0D0000044025880B400AF074BDB6A03F400333E
:10A0E000B3F5003F01D1012300E000231846BD462F
:10A0F0005DF8047B704700BF0044025880B400AF95
:10A10000074BDB6A03F48023B3F5802F01D10123D1
:10A1100000E000231846BD465DF8047B704700BF91
:10A120000044025880B400AF064BDB6A03F0010321
:10A13000012B01D1012300E000231846BD465DF844
:10A14000047B70470044025880B400AF044B1B6B83
:10A15000C3F3080301331846BD465DF8047B70471E
:10A160000044025880B400AF044B9B6A1B0903F003
:10A170003F031846BD465DF8047B70470044025813
:10A1800080B400AF054B1B6B5B0A03F07F03013308
:10A190001846BD465DF8047B704700BF0044025876
:10A1A00080B400AF054B1B6B1B0C03F07F03013326
:10A1B0001846BD465DF8047B704700BF0044025856
:10A1C00080B400AF054B1B6B1B0E03F07F03013304
:10A1D0001846BD465DF8047B704700BF0044025836
:10A1E00080B400AF044B5B6BDB08C3F30C03184671
:10A1F000BD465DF8047B70470044025880B400AF50
:10A20000074B1B6803F00063B3F1006F01D101231A
:10A2100000E000231846BD465DF8047B704700BF90
:10A220000044025880B400AF074BDB6A03F40023FC
:10A23000B3F5002F01D1012300E000231846BD46ED
:10A240005DF8047B704700BF0044025880B400AF43
:10A25000074BDB6A03F48013B3F5801F01D10123A0
:10A2600000E000231846BD465DF8047B704700BF40
:10A270000044025880B400AF074BDB6A03F40013BC
:10A28000B3F5001F01D1012300E000231846BD46AD
:10A290005DF8047B704700BF0044025880B400AFF3
:10A2A000064BDB6A03F01003102B01D1012300E001
:10A2B00000231846BD465DF8047B704700440258F1
:10A2C00080B400AF044B9B6BC3F308030133184603
:10A2D000BD465DF8047B70470044025880B400AF6F
:10A2E000044B9B6A1B0B03F03F031846BD465DF809
:10A2F000047B70470044025880B400AF054B9B6B51
:10A300005B0A03F07F0301331846BD465DF8047B0A
:10A31000704700BF0044025880B400AF054B9B6BF0
:10A320001B0C03F07F0301331846BD465DF8047B28
:10A33000704700BF0044025880B400AF054B9B6BD0
:10A340001B0E03F07F0301331846BD465DF8047B06
:10A35000704700BF0044025880B400AF044BDB6B71
:10A36000DB08C3F30C031846BD465DF8047B704759
:10A370000044025880B400AF074B1B6803F0005341
:10A38000B3F1005F01D1012300E000231846BD4670
:10A390005DF8047B704700BF0044025880B400AFF2
:10A3A000074BDB6A03F48003B3F5800F01D101236F
:10A3B00000E000231846BD465DF8047B704700BFEF
:10A3C0000044025880B400AF074BDB6A03F400037B
:10A3D000B3F5000F01D1012300E000231846BD466C
:10A3E0005DF8047B704700BF0044025880B400AFA2
:10A3F000074BDB6A03F08073B3F1807F01D1012347
:10A4000000E000231846BD465DF8047B704700BF9E
:10A410000044025880B400AF074BDB6A03F480733A
:10A42000B3F5807F01D1012300E000231846BD462B
:10A430005DF8047B704700BF0044025880B400AF51
:10A44000044B1B6CC3F3080301331846BD465DF88B
:10A45000047B70470044025880B400AF044B9B6AF1
:10A460001B0D03F03F031846BD465DF8047B7047A3
:10A470000044025880B400AF054B1B6C5B0A03F02C
:10A480007F0301331846BD465DF8047B704700BF6B
:10A490000044025880B400AF054B1B6C1B0C03F04A
:10A4A0007F0301331846BD465DF8047B704700BF4B
:10A4B0000044025880B400AF054B1B6C1B0E03F028
:10A4C0007F0301331846BD465DF8047B704700BF2B
:10A4D0000044025880B400AF044B5B6CDB08C3F34C
:10A4E0000C031846BD465DF8047B704700440258D3
:10A4F00080B58AB002AF78600023FB610023BB61A6
:10A50000FFF7C6FD78617B69022B1FD07B69022BA8
:10A5100024D87B69002B03D07B69012B0ED01DE072
:10A52000FFF7F8FC0346002B1AD0FFF705FD0346A2
:10A53000DB08384A22FA03F3FB6111E0FFF70AFD5A
:10A540000346002B0ED0344BFB610BE0FFF7CEFC33
:10A550000346002B08D0314BFB6105E000BF04E04F
:10A5600000BF02E000BF00E000BF7B6800221A606D
:10A570007B6800225A607B6800229A60FFF7F2FD38
:10A580003861FFF7E1FDF860FFF7CCFD0346002BD3
:10A5900002D0FFF725FEB8613B69002B35D0FFF7ED
:10A5A00085FD0346002B0CD0FFF7EAFD0346009320
:10A5B000BB69FA683969F86900F064F902467B689A
:10A5C0001A60FFF787FD0346002B0CD0FFF7E8FD6C
:10A5D00003460093BB69FA683969F86900F052F9DB
:10A5E00002467B685A60FFF789FD0346002B0CD0BA
:10A5F000FFF7E6FD03460093BB69FA683969F8691D
:10A6000000F040F902467B689A6000BF2037BD46E3
:10A6100080BD00BF0090D00300093D000024F4007D
:10A6200080B58AB002AF78600023FB610023BB6174
:10A63000FFF72EFD78617B69022B1FD07B69022B0F
:10A6400024D87B69002B03D07B69012B0ED01DE041
:10A65000FFF760FC0346002B1AD0FFF76DFC0346A2
:10A66000DB08384A22FA03F3FB6111E0FFF772FCC2
:10A670000346002B0ED0344BFB610BE0FFF736FC9A
:10A680000346002B08D0314BFB6105E000BF04E01E
:10A6900000BF02E000BF00E000BF7B6800221A603C
:10A6A0007B6800225A607B6800229A60FFF716FEE2
:10A6B0003861FFF705FEF860FFF7F0FD0346002B59
:10A6C00002D0FFF749FEB8613B69002B35D0FFF798
:10A6D000A9FD0346002B0CD0FFF70EFE03460093A6
:10A6E000BB69FA683969F86900F0CCF802467B6802
:10A6F0001A60FFF7ABFD0346002B0CD0FFF70CFEF2
:10A7000003460093BB69FA683969F86900F0BAF842
:10A7100002467B685A60FFF7ADFD0346002B0CD064
:10A72000FFF70AFE03460093BB69FA683969F869C6
:10A7300000F0A8F802467B689A6000BF2037BD464B
:10A7400080BD00BF0090D00300093D000024F4004C
:10A7500080B58AB002AF78600023FB610023BB6143
:10A76000FFF796FC78617B69022B1FD07B69022B77
:10A7700024D87B69002B03D07B69012B0ED01DE010
:10A78000FFF7C8FB0346002B1AD0FFF7D5FB0346A3
:10A79000DB08394A22FA03F3FB6111E0FFF7DAFB29
:10A7A0000346002B0ED0354BFB610BE0FFF79EFB01
:10A7B0000346002B08D0324BFB6105E000BF04E0EC
:10A7C00000BF02E000BF00E000BF7B6800221A600B
:10A7D0007B6800225A607B6800229A60FFF73CFE8B
:10A7E0003861FFF72BFEF860FFF714FE0346002BDD
:10A7F00002D0FFF76FFEB8613B69002B38D0FB69D0
:10A80000002B35D0FFF7CAFD0346002B0CD0FFF715
:10A8100031FE03460093BB69FA683969F86900F0B4
:10A8200031F802467B681A60FFF7CCFD0346002B27
:10A830000CD0FFF72FFE03460093BB69FA68396915
:10A84000F86900F01FF802467B685A60FFF7CEFDFA
:10A850000346002B0CD0FFF72DFE03460093BB6987
:10A86000FA683969F86900F00DF802467B689A6069
:10A8700000BF2037BD4680BD0090D00300093D00D9
:10A880000024F40080B487B000AFF860B9607A604B
:10A890003B60FB6807EE903AF8EE676ABB6807EE2C
:10A8A000903AF8EE677A86EEA77A7B6807EE903AE0
:10A8B000F8EE676A3B6807EE903AB8EE676ADFED3C
:10A8C000105AC6EE257A76EEA77A67EE277AC7ED9C
:10A8D000057A3B6A07EE903AB8EE677AD7ED056ADB
:10A8E000C6EE877AC7ED057AD7ED057AFCEEE77AF2
:10A8F00017EE903A18461C37BD465DF8047B70474A
:10A900000000004690B587B000AF786000237B61FF
:10A910007868FFF7B1FB0346624A934200F0A980D2
:10A92000604A934200F2AE805F4A934200F0A180F9
:10A930005D4A934200F2A6805C4A934200F0918007
:10A940005A4A934200F29E80594A934200F089800D
:10A95000574A934200F29680564A934273D0554A22
:10A96000934200F28F80544A93426CD0524A9342F1
:10A9700000F28880514A934258D0504A934200F2E4
:10A9800081804F4A934251D04D4A93427AD84D4AE2
:10A9900093423ED04B4A934274D84B4A934238D0AC
:10A9A000494A93426ED8494A93421AD0484A934240
:10A9B00068D100F095F80446FFF700FB03461B0A38
:10A9C00003F00F03434AD35C03F01F0324FA03F39D
:10A9D000184600F0E7F80346184600F011F97861D0
:10A9E0005BE000F07DF80446FFF7E8FA03461B0A37
:10A9F00003F00F03374AD35C03F01F0324FA03F379
:10AA0000184600F0CFF80346184600F0E1F87861E8
:10AA100043E0FFF7F3FB0346002B35D007F10803B3
:10AA20001846FFF7FDFDFB687B612DE0FFF7A2FCF8
:10AA30000346002B2AD007F108031846FFF788FECB
:10AA4000FB687B6122E0FFF765FA0346002B1FD00D
:10AA5000FFF772FA0346DB081F4A22FA03F37B6111
:10AA600016E0FFF777FA0346002B13D01B4B7B61F0
:10AA700010E0FFF783FA0346002B0DD04FF400439C
:10AA80007B6109E000BF08E000BF06E000BF04E012
:10AA900000BF02E000BF00E000BF7B6918461C3722
:10AAA000BD4690BD08030507080005070803040715
:10AAB0000800040708030307080003070803020748
:10AAC0000800020708030107080001070800000743
:10AAD00008030007C06B02080090D00300093D0086
:10AAE00080B584B000AF0023FB60FFF759FA03463E
:10AAF000182B4BD801A252F823F000BF61AB00081D
:10AB00008DAB00088DAB00088DAB00088DAB000845
:10AB10008DAB00088DAB00088DAB000873AB00084F
:10AB20008DAB00088DAB00088DAB00088DAB000825
:10AB30008DAB00088DAB00088DAB000879AB000829
:10AB40008DAB00088DAB00088DAB00088DAB000805
:10AB50008DAB00088DAB00088DAB00087FAB000803
:10AB6000FFF7EAF90346DB080B4A22FA03F3FB601E
:10AB70000DE00A4BFB600AE0094BFB6007E03B4637
:10AB80001846FFF7B5FC3B68FB6000E000BFFB68C0
:10AB900018461037BD4680BD0090D00300093D0027
:10ABA0000024F40080B582B000AF7860FFF714FA9B
:10ABB000034603F00F03054AD35C03F01F037A68D2
:10ABC00022FA03F318460837BD4680BDC06B020861
:10ABD00080B582B000AF7860FFF70CFA03461B091E
:10ABE00003F00703054AD35C03F01F037A6822FAD7
:10ABF00003F318460837BD4680BD00BFC06B02088E
:10AC000080B582B000AF7860FFF702FA03461B0AF6
:10AC100003F00703054AD35C03F01F037A6822FAA6
:10AC200003F318460837BD4680BD00BFC06B02085D
:10AC300080B483B000AF78607B681B6803F00103C9
:10AC4000012B01D1012300E0002318460C37BD463B
:10AC50005DF8047B704780B483B000AF78603960E2
:10AC60007B681B6823F480523B681A437B681A6038
:10AC700000BF0C37BD465DF8047B704780B483B0DD
:10AC800000AF78607B68DB6803F0805318460C37B0
:10AC9000BD465DF8047B704780B483B000AF786038
:10ACA00039607B683A681A6400BF0C37BD465DF8AE
:10ACB000047B704780B586B000AF786039600123AF
:10ACC000FB757868FFF7B4FF0346002B69D17B68FA
:10ACD0009A68364B13403A6891693A68126A114390
:10ACE0003A6892680A431A437B689A603B685B69DA
:10ACF0003B613B685B68FB603B69B3F1806F18D1D7
:10AD00007868FFF7BBFF0346002B03D1FB68B3F560
:10AD1000800F09D07868FFF7B1FF0346B3F1805F79
:10AD200007D1FB68002B04D14FF480517868FFF7FE
:10AD300092FF7B68DA681E4B13403A6851693A68A3
:10AD4000D26811433A68126911433A68D2691143D3
:10AD50003A68526811433A68126802F4C0220A4302
:10AD60001A437B68DA607B681B6823F400623B68E7
:10AD70001B6803F400631A437B681A603B681B6A14
:10AD8000B3F5800F05D13B685B6A19467868FFF719
:10AD900083FF7B681B6D23F001027B681A6500232B
:10ADA000FB75FB7D18461837BD4680BDE0FFBF8FA1
:10ADB000FFFF39D880B483B000AF786039607B681A
:10ADC0003A689A6200BF0C37BD465DF8047B704755
:10ADD00080B483B000AF786039607B683A68DA622B
:10ADE00000BF0C37BD465DF8047B704780B483B06C
:10ADF00000AF786039607B683A681A6300BF0C372F
:10AE0000BD465DF8047B704780B483B000AF7860C6
:10AE100039607B683A685A6300BF0C37BD465DF8FD
:10AE2000047B704780B483B000AF786039607B6882
:10AE30003A689A6300BF0C37BD465DF8047B7047E3
:10AE400080B483B000AF786039607B683A68DA63B9
:10AE500000BF0C37BD465DF8047B704780B483B0FB
:10AE600000AF786039607B683A681A6400BF0C37BD
:10AE7000BD465DF8047B704780B483B000AF786056
:10AE800039607B689B6D7B683A689A6500BF0C37B8
:10AE9000BD465DF8047B704780B483B000AF786036
:10AEA00039607B683A68DA6500BF0C37BD465DF8EB
:10AEB000047B704780B483B000AF78607B685B69C7
:10AEC00043F001027B685A6100BF0C37BD465DF854
:10AED000047B704780B584B000AF786039607B68D0
:10AEE0001B68FB607B683D4A934213D07B68B3F1DB
:10AEF000804F0FD07B683A4A93420BD07B68394A27
:10AF0000934207D07B68384A934203D07B68374A24
:10AF1000934206D1FB6823F070023B685B681343E1
:10AF2000FB607B682D4A93421FD07B68B3F1804F52
:10AF30001BD07B682A4A934217D07B68294A9342E8
:10AF400013D07B68284A93420FD07B68274A9342EC
:10AF50000BD07B68264A934207D07B68254A9342F0
:10AF600003D07B68244A934206D1FB6823F44072E5
:10AF70003B68DB681343FB607B68FA681A603B68D8
:10AF80009B6819467868FFF723FF3B681B881946C2
:10AF90007868FFF70FFF7B68104A93420FD07B68F9
:10AFA000124A93420BD07B68114A934207D07B68C8
:10AFB000104A934203D07B680F4A934205D13B6805
:10AFC0001B6919467868FFF711FF7868FFF772FF71
:10AFD000002318461037BD4680BD00BF0000014069
:10AFE0000004004000080040000C00400004014044
:10AFF00000400140004401400048014080B586B057
:10B0000000AFF860B9607A600123FB75BB68B3F5E7
:10B01000801F45D0BB68B3F5801F48D8BB68B3F527
:10B02000803F36D0BB68B3F5803F40D8BB68B3F5EE
:10B03000805F27D0BB68B3F5805F38D8BB68B3F5B5
:10B04000807F18D0BB68B3F5807F30D8BB68012BF8
:10B0500003D0BB68102B07D029E07968F86800F0AE
:10B060002DF80346FB7523E07968F86800F0A6F830
:10B070000346FB751CE07968F86800F023F9034685
:10B08000FB7515E07968F86800F0A0F90346FB75D8
:10B090000EE07968F86800F005FA0346FB7507E0F2
:10B0A0007968F86800F062FA0346FB7500E000BFBB
:10B0B000FB7D18461837BD4680BD000080B586B0C0
:10B0C00000AF786039607B681B6A23F001027B68FF
:10B0D0001A627B681B6A7B617B685B683B617B688B
:10B0E0009B69FB60FB6823F00303FB60FA682D4B50
:10B0F00013403A6812681343FB607B6923F0020235
:10B100003B681B6913437B617B6923F001023B6849
:10B110005B6813437B617B68234A93420FD07B6853
:10B12000224A93420BD07B68214A934207D07B6826
:10B13000204A934203D07B681F4A93421ED17B6909
:10B1400023F008023B685B699B0013437B617B69CA
:10B1500023F004023B689B689B0013437B613B69BF
:10B1600023F480723B689B6913433B613B6923F482
:10B1700000723B68DB695B0013433B617B683A69A3
:10B180005A607B68FA689A613B68DB6819467868A0
:10B19000FFF73AFE7B687A691A620023184618376F
:10B1A000BD4680BD8FFFFEFF00000140000401404E
:10B1B00000400140004401400048014080B586B095
:10B1C00000AF786039607B681B6A23F010027B68EF
:10B1D0001A627B681B6A7B617B685B683B617B688A
:10B1E0009B69FB60FB6823F44073FB60FA682F4B9C
:10B1F00013403A68126812021343FB607B6923F024
:10B2000020023B681B691B0113437B617B6923F0B0
:10B2100010023B685B681B0113437B617B68244A17
:10B2200093420FD07B68234A93420BD07B68224A1B
:10B23000934207D07B68214A934203D07B68204A1F
:10B2400093421FD17B6923F080023B685B699B01BD
:10B2500013437B617B6923F040023B689B689B0141
:10B2600013437B613B6923F480623B689B699B00CD
:10B2700013433B613B6923F400623B68DB69DB00FD
:10B2800013433B617B683A695A607B68FA689A614C
:10B290003B68DB6819467868FFF7C4FD7B687A690C
:10B2A0001A62002318461837BD4680BDFF8FFFFE87
:10B2B0000000014000040140004001400044014002
:10B2C0000048014080B586B000AF786039607B6887
:10B2D0001B6A23F480727B681A627B681B6A7B613D
:10B2E0007B685B683B617B68DB69FB60FB6823F024
:10B2F0000303FB60FA682F4B13403A68126813434C
:10B30000FB607B6923F400723B681B691B021343DB
:10B310007B617B6923F480723B685B681B0213438B
:10B320007B617B68244A93420FD07B68234A934217
:10B330000BD07B68224A934207D07B68214A934214
:10B3400003D07B68204A93421FD17B6923F40062BB
:10B350003B685B699B0213437B617B6923F48062DA
:10B360003B689B689B0213437B613B6923F48052DB
:10B370003B689B691B0113433B613B6923F400520B
:10B380003B68DB695B0113433B617B683A695A6048
:10B390007B68FA68DA613B68DB6819467868FFF712
:10B3A0004FFD7B687A691A62002318461837BD463C
:10B3B00080BD00BF8FFFFEFF000001400004014080
:10B3C00000400140004401400048014080B586B083
:10B3D00000AF786039607B681B6A23F480527B6819
:10B3E0001A627B681B6A3B617B685B687B617B6878
:10B3F000DB69FB60FB6823F44073FB60FA68234B56
:10B4000013403A68126812021343FB603B6923F44D
:10B4100000523B681B691B0313433B613B6923F4E8
:10B4200080523B685B681B0313433B617B68184A8F
:10B4300093420FD07B68174A93420BD07B68164A21
:10B44000934207D07B68154A934203D07B68144A25
:10B45000934207D17B6923F480423B689B699B013F
:10B4600013437B617B687A695A607B68FA68DA61AA
:10B470003B68DB6819467868FFF7F0FC7B683A693F
:10B480001A62002318461837BD4680BDFF8FFFFEA5
:10B490000000014000040140004001400044014020
:10B4A0000048014080B584B000AF786039607B68A7
:10B4B0001B6A23F480327B681A627B681B6AFB601C
:10B4C0007B685B6DBB60BA68224B13403A681268B8
:10B4D0001343BB60FB6823F400323B681B691B0409
:10B4E0001343FB60FB6823F480323B685B681B04FA
:10B4F0001343FB607B68184A93420FD07B68174A5E
:10B5000093420BD07B68164A934207D07B68154A5A
:10B51000934203D07B68144A934209D17B685B68ED
:10B5200023F480323B689B691B021A437B685A6094
:10B530007B68BA685A653B68DB6819467868FFF72C
:10B540009BFC7B68FA681A62002318461037BD46D8
:10B5500080BD00BF8FFFFEFF0000014000040140DE
:10B5600000400140004401400048014080B584B0E3
:10B5700000AF786039607B681B6A23F480127B68B7
:10B580001A627B681B6AFB607B685B6DBB60BA6894
:10B59000224B13403A68126812021343BB60FB68E7
:10B5A00023F400123B681B691B051343FB60FB6817
:10B5B00023F480123B685B681B051343FB607B68C8
:10B5C000174A93420FD07B68164A93420BD07B6890
:10B5D000154A934207D07B68144A934203D07B6894
:10B5E000134A934209D17B685B6823F480223B684D
:10B5F0009B699B021A437B685A607B68BA685A65EC
:10B600003B68DB6819467868FFF746FC7B68FA6898
:10B610001A62002318461037BD4680BDFF8FFFFE1B
:10B62000000001400004014000400140004401408E
:10B630000048014080B483B000AF78607B681B682D
:10B6400003F00103012B01D1012300E00023184680
:10B650000C37BD465DF8047B704780B483B000AF03
:10B66000786039607B68DB6A23F00F033A6892B236
:10B670001A437B68DA6200BF0C37BD465DF8047B75
:10B68000704780B483B000AF786039607B685B68D6
:10B6900023F440523B681A437B685A6000BF0C3762
:10B6A000BD465DF8047B704780B483B000AF78601E
:10B6B00039607B689B6823F440723B681A437B685F
:10B6C0009A6000BF0C37BD465DF8047B70470000F0
:10B6D00080B487B000AFF860B9607A603B607B6887
:10B6E0000B2B3CD83B6A002B39D03B68B3F5004F9D
:10B6F00022D17B68DBB21A461C4B53F82230BA6861
:10B70000B2FBF3F35A003B6A5B081A443B6AB2FB94
:10B71000F3F39BB27B617A694FF6F07313403B61A0
:10B720007B695B089BB203F007033A6913433B61F3
:10B73000FB683A69DA6012E07B68DBB21A460B4BB1
:10B7400053F82230BA68B2FBF3F23B6A5B081A4442
:10B750003B6AB2FBF3F39BB21A46FB68DA6000BFA8
:10B760001C37BD465DF8047B704700BFD06B0208F4
:10B7700080B586B002AF786039600123FB73002387
:10B78000BB607868FFF756FF0346002B7FD17B68CC
:10B790001A68414B13403A6891683A68126911433C
:10B7A0003A68526911433A68D2690A431A437B687E
:10B7B0001A603B68DB6819467868FFF762FF3B68F0
:10B7C0009B6919467868FFF76FFF7B68334A93429D
:10B7D00004D13348FFF796F8B8603DE07B68314A02
:10B7E000934204D13048FFF78DF8B86034E07B68AD
:10B7F0002E4A934204D12C48FFF784F8B8602BE01E
:10B800007B682B4A934204D12748FFF77BF8B86046
:10B8100022E07B68274A934204D12348FFF772F85D
:10B82000B86019E07B68244A934204D11C48FFF7B2
:10B8300069F8B86010E07B68204A934204D11A4846
:10B84000FFF760F8B86007E07B681D4A934203D1B8
:10B850001548FFF757F8B860BB68002B11D03B685C
:10B860005B68002B0DD00023FB733B681A683B68B4
:10B87000D9693B685B6800930B46B9687868FFF745
:10B8800027FF3B681B6819467868FFF7E6FEFB7BDD
:10B8900018461037BD4680BDF369FFEF0010014028
:10B8A000080300070044004008000007004800406B
:10B8B000004C00400050004000140140007800405F
:10B8C000007C004084B080B584B000AF786007F1A0
:10B8D0001C0080E80E003B6B012B20D17B689B6B2A
:10B8E00023F480327B689A637B68DA682A4B1340C2
:10B8F0007A68D3607B68DB6823F440127B68DA6087
:10B90000FB6C012B05D17B68DB6843F480127B68FC
:10B91000DA60786801F04EFB0346FB731AE07B683F
:10B92000DB6843F040027B68DA60786801F042FB34
:10B930000346FB733B6C002B06D17B689B6B43F487
:10B9400080327B689A6305E07B689B6B23F48032CE
:10B950007B689A63BB6A012B16D17B68DB6D9AB258
:10B960007B68DA657B68DA6D0C4B13437A68D365C4
:10B970007B689B6843F006027B689A607B689B68E3
:10B9800043F020027B689A60FB7B18461037BD4667
:10B99000BDE8804004B07047BFFFBDFF0000EE036C
:10B9A00080B487B000AFF860B9601346FB71FB79D3
:10B9B000022B65D1BB68414A934206D9BB68404A15
:10B9C000934202D20F237B6162E0BB683C4A934200
:10B9D00006D3BB683B4A934202D20E237B6157E0F9
:10B9E000BB68384A934206D3BB68374A934202D2B7
:10B9F0000D237B614CE0BB68334A934206D3BB689E
:10BA0000324A934202D80C237B6141E0BB682F4A43
:10BA1000934206D9BB682E4A934202D80B237B611E
:10BA200036E0BB682A4A934206D9BB68294A93424A
:10BA300002D80A237B612BE0BB68264A934206D9D1
:10BA4000BB68254A934202D209237B6120E0BB6890
:10BA5000214A934206D3BB68204A934202D8082366
:10BA60007B6115E0BB681D4A934206D9BB681C4A3E
:10BA7000934202D207237B610AE006237B6107E041
:10BA8000FB79002B02D109237B6101E009237B6153
:10BA9000FB68DB6823F47052FB68DA60FB68DA68E5
:10BAA0007B699B0203F470531A43FB68DA6000233E
:10BAB00018461C37BD465DF8047B7047BFACD80004
:10BAC000C0E1E4000024F400807306019F491A01DC
:10BAD000FF2C31013FA44C0100366E011FABA601C3
:10BAE0000048E80180B483B000AF78607B689B6851
:10BAF00043F001027B689A60002318460C37BD466C
:10BB00005DF8047B704780B483B000AF78607B68D9
:10BB10009B6823F001027B689A60002318460C376B
:10BB2000BD465DF8047B704780B584B000AF786097
:10BB30000B46FB700023FB607B68DB6823F0C04290
:10BB40007B68DA60FB78012B15D17B68DB6843F0FA
:10BB500000527B68DA600120FBF7A6F8FB6801332E
:10BB6000FB60786801F095F90346012B1ED0FB6855
:10BB7000312BF0D91AE0FB78002B15D17B68DB68FC
:10BB800043F080427B68DA600120FBF78DF8FB68A8
:10BB90000133FB60786801F07CF90346002B05D087
:10BBA000FB68312BF0D901E0012305E0FB68322B63
:10BBB00001D1012300E0002318461037BD4680BDA7
:10BBC00084B080B586B000AF786007F1240080E8CB
:10BBD0000E000023FB757B68FB6000233B6109E0DE
:10BBE0007A683B6940339B00134400225A603B69EA
:10BBF00001333B613B690E2BF2D9FB6C002B1CD14E
:10BC0000FB6803F500635B68FA6802F5006243F0C5
:10BC1000020353607B689B6B23F400127B689A637A
:10BC20007B681B6843F040027B681A607B681B6876
:10BC300043F080027B681A6005E07B689B6B43F4ED
:10BC400000127B689A63FB6803F560631A46002361
:10BC50001360FB6803F500631946FB6803F5006396
:10BC60001A460B681360BB6B012B0CD1FB6A002BCF
:10BC700004D10021786800F061F908E001217868BA
:10BC800000F05CF903E00321786800F057F9102117
:10BC9000786800F0F3F80346002B01D00123FB7510
:10BCA000786800F01DF90346002B01D00123FB75D5
:10BCB000FB6803F500631A4600231361FB6803F574
:10BCC00000631A4600235361FB6803F500631A46BC
:10BCD0000023D36100233B6143E03B695A01FB68C9
:10BCE000134403F510631B6803F00043B3F1004FE6
:10BCF00018D13B69002B0AD13B695A01FB681344F8
:10BD000003F510631A464FF00063136013E03B69BC
:10BD10005A01FB68134403F510631A464FF0904331
:10BD2000136008E03B695A01FB68134403F5106394
:10BD30001A46002313603B695A01FB68134403F55C
:10BD400010631A46002313613B695A01FB681344D0
:10BD500003F510631A464FF67F3393603B69013356
:10BD60003B617B6A3A699A42B7D300233B6143E067
:10BD70003B695A01FB68134403F530631B6803F009
:10BD80000043B3F1004F18D13B69002B0AD13B6946
:10BD90005A01FB68134403F530631A464FF0006301
:10BDA000136013E03B695A01FB68134403F53063E9
:10BDB0001A464FF09043136008E03B695A01FB6854
:10BDC000134403F530631A46002313603B695A019C
:10BDD000FB68134403F530631A46002313613B6983
:10BDE0005A01FB68134403F530631A464FF67F335C
:10BDF00093603B6901333B617B6A3A699A42B7D3EE
:10BE0000FB6803F500631B69FA6802F5006223F41E
:10BE1000807313617B6800229A617B686FF08042B7
:10BE20005A613B6B002B05D17B689B6943F0100284
:10BE30007B689A617B689A690E4B13437A689361B9
:10BE4000FB6B002B05D07B689B6943F008027B6885
:10BE50009A61FB6C012B05D17B689A69064B1343F1
:10BE60007A689361FB7D18461837BD46BDE880406F
:10BE700004B0704700383C800400004080B485B0B6
:10BE800000AF786039600023FB60FB680133FB6022
:10BE9000124A934201D903231AE07B681B69002BE5
:10BEA000F3DA0023FB603B689B0143F020027B68D0
:10BEB0001A61FB680133FB60084A934201D90323EE
:10BEC00006E07B681B6903F02003202BF1D00023E0
:10BED00018461437BD465DF8047B7047400D0300DB
:10BEE00080B485B000AF78600023FB60FB6801334D
:10BEF000FB60114A934201D9032317E07B681B6959
:10BF0000002BF3DA0023FB607B6810221A61FB68C8
:10BF10000133FB60084A934201D9032306E07B68A2
:10BF20001B6903F01003102BF1D0002318461437BF
:10BF3000BD465DF8047B7047400D030080B485B0BA
:10BF400000AF78600B46FB707B68FB60FB6803F515
:10BF500000631A68FB78F96801F5006113430B6010
:10BF6000002318461437BD465DF8047B704780B443
:10BF700087B000AF78607B683B613B6903F5006385
:10BF80009B6803F00603FB60FB68002B02D10023D3
:10BF9000FB750AE0FB68022B02D0FB68062B02D17E
:10BFA0000223FB7501E00F23FB75FB7D18461C3750
:10BFB000BD465DF8047B704780B485B000AF786003
:10BFC00039607B68FB603B681B78BB603B685B78D3
:10BFD000012B39D1FB6803F50063DA693B681B78F4
:10BFE00003F00F03012101FA03F39BB2F96801F595
:10BFF00000611343CB61BB685A01FB68134403F52E
:10C0000010631B6803F40043002B53D1BB685A0133
:10C01000FB68134403F510631A683B689B68C3F31D
:10C020000A013B68DB789B041943BB689B050B4303
:10C030001A43BB685901FB680B4403F510631946AA
:10C04000204B13430B6035E0FB6803F50063DA69AE
:10C050003B681B7803F00F03012101FA03F31B0473
:10C06000F96801F500611343CB61BB685A01FB68B5
:10C07000134403F530631B6803F40043002B19D10C
:10C08000BB685A01FB68134403F530631A683B68C8
:10C090009B68C3F30A013B68DB789B040B431A439C
:10C0A000BB685901FB680B4403F530631946054B27
:10C0B00013430B60002318461437BD465DF8047B1C
:10C0C000704700BF0080001080B485B000AF78607A
:10C0D00039607B68FB603B681B78BB603B685B78C2
:10C0E000012B61D1BB685A01FB68134403F510634F
:10C0F0001B6803F00043B3F1004F1FD1BB685A0126
:10C10000FB68134403F510631B68BA685101FA68B1
:10C110000A4402F5106243F000631360BB685A01E1
:10C12000FB68134403F510631B68BA685101FA6891
:10C130000A4402F5106243F080431360FB6803F584
:10C140000063DA6B3B681B7803F00F03012101FAEF
:10C1500003F39BB2DB43F96801F500611340CB6345
:10C16000FB6803F50063DA693B681B7803F00F0393
:10C17000012101FA03F39BB2DB43F96801F5006189
:10C180001340CB61BB685A01FB68134403F510638D
:10C190001A68BB685901FB680B4403F51063194624
:10C1A000354B13400B6060E0BB685A01FB681344D9
:10C1B00003F530631B6803F00043B3F1004F1FD158
:10C1C000BB685A01FB68134403F530631B68BA6807
:10C1D0005101FA680A4402F5306243F000631360CB
:10C1E000BB685A01FB68134403F530631B68BA68E7
:10C1F0005101FA680A4402F5306243F0804313604B
:10C20000FB6803F50063DA6B3B681B7803F00F03F0
:10C21000012101FA03F31B04DB43F96801F5006116
:10C220001340CB63FB6803F50063DA693B681B7856
:10C2300003F00F03012101FA03F31B04DB43F96848
:10C2400001F500611340CB61BB685A01FB681344E0
:10C2500003F530631A68BB685901FB680B4403F5AA
:10C2600030631946054B13400B6000231846143702
:10C27000BD465DF8047B7047007833EC0078F3EF3F
:10C2800080B58AB002AFF860B9601346FB71FB68F5
:10C29000FB61BB681B78BB61BB685B78012B40F01E
:10C2A0006381BB685B69002B32D1BB695A01FB69B2
:10C2B000134403F510631A69BB695901FB690B4408
:10C2C00003F510631946A54B13400B61BB695A0176
:10C2D000FB69134403F510631B69BA695101FA69DC
:10C2E0000A4402F5106243F400231361BB695A014A
:10C2F000FB69134403F510631A69BB695901FB69B3
:10C300000B4403F510631946954B13400B6174E021
:10C31000BB695A01FB69134403F510631A69BB69D1
:10C320005901FB690B4403F5106319468C4B13400C
:10C330000B61BB695A01FB69134403F510631A6969
:10C34000BB695901FB690B4403F510631946834B24
:10C3500013400B61BB695A01FB69134403F5106379
:10C360001A69BB685969BB689B680B44591EBB6856
:10C370009B68B1FBF3F3D9047A4B0B40B9694801D0
:10C38000F969014401F5106113430B61BB695A015E
:10C39000FB69134403F510631A69BB685B69C3F357
:10C3A0001203B9694801F969014401F510611343A9
:10C3B0000B61BB68DB78012B1FD1BB695A01FB699C
:10C3C000134403F510631B69BA695101FA690A4401
:10C3D00002F5106223F0C0431361BB695A01FB6987
:10C3E000134403F510631B69BA695101FA690A44E1
:10C3F00002F5106243F000531361FB79012B4BD11E
:10C40000BB681B69002B09D0BB695A01FB69134447
:10C4100003F510631A46BB681B695361BB68DB7880
:10C42000012B28D1FB6903F500639B6803F480733B
:10C43000002B10D1BB695A01FB69134403F510634B
:10C440001B68BA695101FA690A4402F5106243F0A7
:10C45000005313600FE0BB695A01FB69134403F5F5
:10C4600010631B68BA695101FA690A4402F5106247
:10C4700043F080531360BB695A01FB69134403F511
:10C4800010631B68BA695101FA690A4402F5106227
:10C4900043F00443136033E1BB695A01FB69134461
:10C4A00003F510631B68BA695101FA690A4402F581
:10C4B000106243F004431360BB68DB78012B15D096
:10C4C000BB685B69002B00F01B81FB6903F500630F
:10C4D0005A6BBB681B7803F00F03012101FA03F3C9
:10C4E000F96901F5006113434B6309E1FB6903F549
:10C4F00000639B6803F48073002B10D1BB695A0161
:10C50000FB69134403F510631B68BA695101FA69AA
:10C510000A4402F5106243F0005313600FE0BB6958
:10C520005A01FB69134403F510631B68BA69510192
:10C53000FA690A4402F5106243F080531360BB6845
:10C54000D968BB681A78BB685B6998B2FB790093BD
:10C550000346F86800F038FAD2E000BFFFFF07E0BA
:10C560000000F8FF0000F81FBB695A01FB69134483
:10C5700003F530631A69BB695901FB690B4403F584
:10C5800030631946614B13400B61BB695A01FB696B
:10C59000134403F530631A69BB695901FB690B4405
:10C5A00003F5306319465A4B13400B61BB685B6956
:10C5B000002B23D1BB695A01FB69134403F5306397
:10C5C0001A69BB689B68C3F31203B9694801F9692A
:10C5D000014401F5306113430B61BB695A01FB69EA
:10C5E000134403F530631B69BA695101FA690A44BF
:10C5F00002F5306243F40023136133E0BB685A69EB
:10C60000BB689B6813445A1EBB689B68B2FBF3F37C
:10C61000FB82BB695A01FB69134403F530631A6955
:10C62000FB8AD9043B4B0B40B9694801F9690144C5
:10C6300001F5306113430B61BB695A01FB69134477
:10C6400003F530631A69BB689B68F98A01FB03F341
:10C65000C3F31203B9694801F969014401F5306176
:10C6600013430B61FB79012B0DD1BB68DB68002BF9
:10C6700009D0BB68D968BB695A01FB69134403F54B
:10C6800030630A465A61BB68DB78012B28D1FB690D
:10C6900003F500639B6803F48073002B10D1BB6922
:10C6A0005A01FB69134403F530631B68BA695101F1
:10C6B000FA690A4402F5306243F0005313600FE058
:10C6C000BB695A01FB69134403F530631B68BA69FF
:10C6D0005101FA690A4402F5306243F08053136055
:10C6E000BB695A01FB69134403F530631B68BA69DF
:10C6F0005101FA690A4402F5306243F004431360C1
:10C70000002318462037BD4680BD00BF0000F8FF5B
:10C71000FFFF07E00000F81F80B487B000AFF860AB
:10C72000B9601346FB71FB687B61BB681B783B619A
:10C73000BB685B78012B40F0CD80BB685B69002B48
:10C7400032D13B695A017B69134403F510631A69BE
:10C750003B6959017B690B4403F510631946984BFB
:10C7600013400B613B695A017B69134403F5106365
:10C770001B693A6951017A690A4402F5106243F46F
:10C78000002313613B695A017B69134403F510636D
:10C790001A693B6959017B690B4403F5106319461B
:10C7A000884B13400B614EE03B695A017B6913448F
:10C7B00003F510631A693B6959017B690B4403F562
:10C7C000106319467F4B13400B613B695A017B692B
:10C7D000134403F510631A693B6959017B690B44E3
:10C7E00003F510631946764B13400B61BB685A6919
:10C7F000BB689B689A4203D9BB689A68BB685A6158
:10C800003B695A017B69134403F510631B693A695C
:10C8100051017A690A4402F5106243F4002313615E
:10C820003B695A017B69134403F510631A69BB68BD
:10C830005B69C3F31203396948017969014401F561
:10C84000106113430B61FB79012B1ED1BB681B697F
:10C85000002B09D03B695A017B69134403F510632F
:10C860001A46BB681B6953613B695A017B691344D3
:10C8700003F510631B683A6951017A690A4402F5AD
:10C88000106243F00443136092E03B695A017B69F4
:10C89000134403F510631B683A6951017A690A442D
:10C8A00002F5106243F004431360BB685B69002B20
:10C8B0007ED07B6903F500635A6BBB681B7803F07D
:10C8C0000F03012101FA03F3796901F500611343B4
:10C8D0004B636DE03B695A017B69134403F5306398
:10C8E0001A693B6959017B690B4403F530631946AA
:10C8F000344B13400B613B695A017B69134403F5C8
:10C9000030631A693B6959017B690B4403F5306355
:10C9100019462B4B13400B61BB685B69002B03D09E
:10C92000BB689A68BB685A613B695A017B691344CA
:10C9300003F530631B693A6951017A690A4402F5CB
:10C94000306243F4002313613B695A017B6913444D
:10C9500003F530631A69BB689B68C3F31203396936
:10C9600048017969014401F5306113430B61FB799A
:10C97000012B0DD1BB68DB68002B09D0BB68D968DF
:10C980003B695A017B69134403F530630A465A61D7
:10C990003B695A017B69134403F530631B683A69AC
:10C9A00051017A690A4402F5306243F0044313608E
:10C9B000002318461C37BD465DF8047B704700BF56
:10C9C000FFFF07E00000F8FF80B489B000AFF86017
:10C9D000B96011461A460B46FB711346BB80FB68D3
:10C9E0007B61BB68FB6197F82830002B23D1BB88A3
:10C9F00003339B083B610023BB6118E0FB791A03FA
:10CA00007B69134403F580531A46FB691B68136066
:10CA1000FB690133FB61FB690133FB61FB69013396
:10CA2000FB61FB690133FB61BB690133BB61BA691F
:10CA30003B699A42E2D3002318462437BD465DF88D
:10CA4000047B704780B48BB000AFF860B9601346C8
:10CA5000FB80FB68BB61BB687B62FB889B089BB269
:10CA60007B61FB8803F00303FB8300233B6214E03C
:10CA7000BB6903F580531A687B6A1A607B6A0133CD
:10CA80007B627B6A01337B627B6A01337B627B6AF8
:10CA900001337B623B6A01333B623A6A7B699A42AB
:10CAA000E6D3FB8B002B1ED000233B62BB6903F552
:10CAB00080531A4607F1100312681A603A693B6AFC
:10CAC000DBB2DB0022FA03F3DAB27B6A1A703B6A4C
:10CAD00001333B627B6A01337B62FB8B013BFB834F
:10CAE000FB8B002BEAD17B6A18462C37BD465DF8DC
:10CAF000047B704780B485B000AF786039607B6894
:10CB0000FB603B681B78BB603B685B78012B2CD1DA
:10CB1000BB685A01FB68134403F510631B68002BC4
:10CB200012DBBB68002B0FD0BB685A01FB681344B3
:10CB300003F510631B68BA685101FA680A4402F5EC
:10CB4000106223F080431360BB685A01FB681344F2
:10CB500003F510631B68BA685101FA680A4402F5CC
:10CB6000106243F4001313602BE0BB685A01FB68AA
:10CB7000134403F530631B68002B12DBBB68002BEA
:10CB80000FD0BB685A01FB68134403F530631B6880
:10CB9000BA685101FA680A4402F5306223F0804312
:10CBA0001360BB685A01FB68134403F530631B68CC
:10CBB000BA685101FA680A4402F5306243F400137E
:10CBC0001360002318461437BD465DF8047B704798
:10CBD00080B485B000AF786039607B68FB603B68EB
:10CBE0001B78BB603B685B78012B28D1BB685A017E
:10CBF000FB68134403F510631B68BA685101FA68B7
:10CC00000A4402F5106223F4001313603B68DB78DA
:10CC1000032B03D03B68DB78022B38D1BB685A0169
:10CC2000FB68134403F510631B68BA685101FA6886
:10CC30000A4402F5106243F08053136027E0BB689A
:10CC40005A01FB68134403F530631B68BA6851014D
:10CC5000FA680A4402F5306223F4001313603B685B
:10CC6000DB78032B03D03B68DB78022B0FD1BB684A
:10CC70005A01FB68134403F530631B68BA6851011D
:10CC8000FA680A4402F5306243F0805313600023CF
:10CC900018461437BD465DF8047B704780B485B0F4
:10CCA00000AF78600B46FB707B68FB60FB6803F5A8
:10CCB00000631B68FA6802F5006223F4FE631360E8
:10CCC000FB6803F500631A68FB781B0103F4FE633D
:10CCD000F96801F5006113430B600023184614370F
:10CCE000BD465DF8047B704780B485B000AF7860C6
:10CCF0007B68FB60FB6803F560631B68FA6802F5FC
:10CD0000606223F003031360FB6803F500635B6854
:10CD1000FA6802F5006223F002035360002318460C
:10CD20001437BD465DF8047B704780B485B000AF12
:10CD300078607B68FB60FB6803F560631B68FA68DA
:10CD400002F5606223F003031360FB6803F50063E0
:10CD50005B68FA6802F5006243F002035360002347
:10CD600018461437BD465DF8047B704780B485B023
:10CD700000AF78607B685B69FB607B689B69FA68E1
:10CD80001340FB60FB6818461437BD465DF8047B12
:10CD9000704780B485B000AF78607B68FB60FB684B
:10CDA00003F500639B69BB60FB6803F50063DB6907
:10CDB000BA681340BB60BB681B0C18461437BD46ED
:10CDC0005DF8047B704780B485B000AF78607B6805
:10CDD000FB60FB6803F500639B69BB60FB6803F5C0
:10CDE0000063DB69BA681340BB60BB689BB218463E
:10CDF0001437BD465DF8047B704780B485B000AF42
:10CE000078600B46FB707B68FB60FB785A01FB681F
:10CE1000134403F530639B68BB60FB6803F5006354
:10CE20005B69BA681340BB60BB6818461437BD46DF
:10CE30005DF8047B704780B487B000AF78600B4624
:10CE4000FB707B687B617B6903F500631B693B6159
:10CE50007B6903F500635B6BFB60FB7803F00F03FA
:10CE6000FA6822FA03F3DB01DBB23A6913433B6150
:10CE7000FB785A017B69134403F510639B683A6998
:10CE80001340BB60BB6818461C37BD465DF8047B89
:10CE9000704780B483B000AF78607B685B6903F053
:10CEA000010318460C37BD465DF8047B704700004F
:10CEB00080B485B000AF78607B68FB60FB6803F5E9
:10CEC00010631A68FB6803F510631946094B134099
:10CED0000B60FB6803F500635B68FA6802F50062AB
:10CEE00043F480735360002318461437BD465DF841
:10CEF000047B704700F8FFFF80B487B000AFF86094
:10CF00000B467A60FB72FB687B61FB683C33043341
:10CF10001B683B613B69264A93420AD97B6903F54A
:10CF200030631B6803F00043B3F1004F01D10023CD
:10CF300037E07B6903F530631A46002313617B6990
:10CF400003F530631B697A6902F5306243F400230C
:10CF500013617B6903F530631B697A6902F53062FE
:10CF600043F0180313617B6903F530631B697A6929
:10CF700002F5306243F0C0431361FB7A012B0FD1FD
:10CF80007B6903F530631A467B6853617B6903F55F
:10CF900030631B687A6902F5306243F080231360C6
:10CFA000002318461C37BD465DF8047B704700BF60
:10CFB0000A30544F80B485B000AF78600023FB6026
:10CFC000FB680133FB60134A934201D903231AE043
:10CFD0007B681B69002BF3DA0023FB607B681B690D
:10CFE00043F001027B681A61FB680133FB60094A68
:10CFF000934201D9032306E07B681B6903F0010318
:10D00000012BF1D0002318461437BD465DF8047B90
:10D01000704700BF400D030080B483B000AF78605C
:10D02000044A7B68136000BF0C37BD465DF8047B83
:10D03000704700BF1400002480B584B000AF786052
:10D040000B46FB704FF4077014F060FAF860FB6851
:10D05000002B05D17B680022C3F8BC22022366E0C6
:10D060007B68FA68C3F8BC227B681B7C002B19D153
:10D070004FF4007302228121786814F024F97B6850
:10D0800001221A874FF4007302220121786814F0FC
:10D090001AF97B680122A3F878217B681022A3F893
:10D0A0004E2016E0402302228121786814F00BF90B
:10D0B0007B6801221A87402302220121786814F03C
:10D0C00002F97B680122A3F878217B681022A3F87B
:10D0D0004E20082303228221786814F0F4F87B683C
:10D0E0000122A3F84C207B68D3F8C0321B68984714
:10D0F000FB680022C3F81422FB680022C3F8182240
:10D100007B681B7C002B09D1FB68D3F804224FF409
:10D1100000730121786814F0C5F907E0FB68D3F8C3
:10D12000042240230121786814F0BCF9002318463A
:10D130001037BD4680BD80B582B000AF78600B4629
:10D14000FB708121786814F0E4F87B6800221A876C
:10D150000121786814F0DDF87B680022A3F87821BB
:10D160008221786814F0D5F87B680022A3F84C205F
:10D170007B680022A3F84E207B68D3F8BC32002BDA
:10D180000ED07B68D3F8C0325B6898477B68D3F8D1
:10D19000BC32184614F0C8F97B680022C3F8BC22E0
:10D1A000002318460837BD4680BD000080B586B014
:10D1B00000AF786039607B68D3F8BC323B610023F4
:10D1C0007B7300237B810023FB753B69002B01D11E
:10D1D0000323AFE03B681B7803F06003002B3FD0D4
:10D1E000202B40F09F803B68DB88002B2ED03B68D3
:10D1F0001B785BB2002B16DA7B68D3F8C0329B68D1
:10D200003A68507839693A68D28898473B68DB8831
:10D21000072B28BF0723FB813B69FA8919467868E9
:10D2200001F019FB85E03B685A783B6983F80022DE
:10D230003B68DB88DAB23B6983F8012239693B68D5
:10D24000DB881A46786801F032FB72E07B68D3F81D
:10D25000C0329B683A68507800223968984768E085
:10D260003B685B780B2B52D801A252F823F000BF29
:10D27000A1D200081DD300080FD300080FD3000867
:10D280000FD300080FD300080FD300080FD30008F6
:10D290000FD300080FD30008CBD20008F5D2000846
:10D2A0007B6893F89C32DBB2032B07D107F10A03AA
:10D2B00002221946786801F0CEFA32E039687868BF
:10D2C00001F058FA0323FB752BE07B6893F89C323E
:10D2D000DBB2032B07D107F10D0301221946786851
:10D2E00001F0B9FA1DE03968786801F043FA0323C8
:10D2F000FB7516E07B6893F89C32DBB2032B0FD0F2
:10D300003968786801F036FA0323FB7508E039685C
:10D31000786801F02FFA0323FB7502E000BF08E0F4
:10D3200000BF06E03968786801F024FA0323FB7532
:10D3300000BFFB7D18461837BD4680BD80B584B060
:10D3400000AF78600B46FB707B68D3F8C432FB609B
:10D350007B68D3F8BC32002B01D103234FE07B68FC
:10D36000D3F8BC32BB60FA78796813469B0013444B
:10D370009B000B4418331B68002B29D0FA7879687E
:10D3800013469B0013449B000B4418331A68F9782A
:10D39000F8680B46DB005B1A9B00034444331B68B0
:10D3A000B2FBF3F103FB01F3D31A002B10D1FA788F
:10D3B000796813469B0013449B000B4418330022EA
:10D3C0001A60F97800230022786814F04AF815E012
:10D3D000BB680022C3F814227B68D3F8C0321B69F3
:10D3E000002B0BD07B68D3F8C0321B69BA68D2F827
:10D3F0000802BA6802F50471FA78984700231846C3
:10D400001037BD4680BD80B584B000AF78600B4654
:10D41000FB707B68D3F8BC32FB607B68D3F8BC320E
:10D42000002B01D1032315E0FB781946786814F02E
:10D430005AF80246FB68C3F80C227B68D3F8C03266
:10D44000DB68FA68D2F80402FA6802F50372114642
:10D450009847002318461037BD4680BD80B584B07C
:10D4600000AF78607B68D3F8BC32FB60FB68002BB0
:10D4700001D103231BE07B68D3F8C032002B15D009
:10D48000FB6893F80032FF2B10D07B68D3F8C032D2
:10D490009B68FA6892F80002F968FA6892F801222B
:10D4A00092B29847FB68FF2283F8002200231846B7
:10D4B0001037BD4680BD000080B483B000AF7860F7
:10D4C0007B6843221A80034B18460C37BD465DF833
:10D4D000047B7047AC00002480B483B000AF786058
:10D4E0007B6843221A80034B18460C37BD465DF813
:10D4F000047B70476800002480B483B000AF78607C
:10D500007B6843221A80034B18460C37BD465DF8F2
:10D51000047B7047F000002480B483B000AF7860D3
:10D520007B680A221A80034B18460C37BD465DF80B
:10D53000047B70472400002480B483B000AF78607F
:10D5400039603B68002B01D1032304E07B683A6813
:10D55000C3F8C022002318460C37BD465DF8047B93
:10D56000704780B487B000AFF860B9607A60FB683C
:10D57000D3F8BC327B617B69002B01D1032308E027
:10D580007B69BA68C3F808227B697A68C3F81022FD
:10D59000002318461C37BD465DF8047B704780B4F5
:10D5A00085B000AF786039607B68D3F8BC32FB602F
:10D5B000FB68002B01D1032304E0FB683A68C3F841
:10D5C0000422002318461437BD465DF8047B7047DB
:10D5D00080B584B000AF78607B68D3F8BC32BB60A4
:10D5E0000123FB737B68D3F8BC32002B01D10323EA
:10D5F0001AE0BB68D3F81432002B14D1BB680122A7
:10D60000C3F81422BB68D3F810227B68DA62BB68C7
:10D61000D3F80822BB68D3F810328121786813F060
:10D6200020FF0023FB73FB7B18461037BD4680BDEF
:10D6300080B584B000AF78607B68D3F8BC32FB6003
:10D640007B68D3F8BC32002B01D1032316E07B6842
:10D650001B7C002B09D1FB68D3F804224FF4007324
:10D660000121786813F01EFF07E0FB68D3F804225D
:10D6700040230121786813F015FF00231846103766
:10D68000BD4680BD80B586B000AFF860B960134676
:10D69000FB71FB68002B01D103231FE0FB68002214
:10D6A000C3F8B822FB680022C3F8C022FB6800223E
:10D6B000C3F8CC22BB68002B03D0FB68BA68C3F860
:10D6C000B422FB68012283F89C22FB68FA791A7065
:10D6D000F86813F08DFD0346FB75FB7D184618377F
:10D6E000BD4680BD80B584B000AF7860396000234E
:10D6F000FB813B68002B01D1032316E07B683A686D
:10D70000C3F8B8227B68D3F8B832DB6A002B0BD0A1
:10D710007B68D3F8B832DB6A07F10E0210469847EF
:10D7200002467B68C3F8CC22002318461037BD465A
:10D7300080BD80B582B000AF7860786813F0A8FD36
:10D74000034618460837BD4680BD80B483B000AF9D
:10D750007860002318460C37BD465DF8047B70479F
:10D7600080B584B000AF78600B46FB700323FB7379
:10D770007B68D3F8B832002B09D07B68D3F8B83275
:10D780001B68FA781146786898470346FB73FB7B61
:10D7900018461037BD4680BD80B582B000AF7860B6
:10D7A0000B46FB707B68D3F8B832002B07D07B6840
:10D7B000D3F8B8325B68FA78114678689847002346
:10D7C00018460837BD4680BD80B584B000AF78608C
:10D7D00039607B6803F2AA233968184600F090FF8D
:10D7E0007B680122C3F894227B68B3F8B0321A46F2
:10D7F0007B68C3F898227B6893F8AA3203F01F0372
:10D80000022B1AD0022B22D8002B02D0012B0AD0D7
:10D810001DE07B6803F2AA231946786800F062FADB
:10D820000346FB7320E07B6803F2AA23194678685D
:10D8300000F0C6FA0346FB7316E07B6803F2AA23E6
:10D840001946786800F005FB0346FB730CE07B6823
:10D8500093F8AA3223F07F03DBB21946786813F0FD
:10D8600077FD0346FB7300BFFB7B18461037BD46B0
:10D8700080BD80B586B000AFF8600B467A60FB7261
:10D88000FB7A002B38D1FB6803F5AA733B61FB6878
:10D89000D3F89432032B4AD13B699A683B69DB6821
:10D8A0009A4213D93B699A683B69DB68D21A3B6993
:10D8B0009A603B69DA683B699B68934228BF1346CC
:10D8C0001A467968F86801F00FF830E0FB6893F8C1
:10D8D0009C32DBB2032B0BD1FB68D3F8B8321B6947
:10D8E000002B05D0FB68D3F8B8321B69F86898475D
:10D8F000F86801F00AF81AE0FB6893F89C32DBB292
:10D90000032B14D1FB68D3F8B8329B69002B0ED0DF
:10D91000FB68D3F8B8329B69FA7A1146F8689847E1
:10D920000346FB75FB7D002B01D0FB7D00E000234F
:10D9300018461837BD4680BD80B586B000AFF86088
:10D940000B467A60FB72FB7A002B6BD1FB681433B9
:10D950003B61FB68D3F89432022B56D13B699A683D
:10D960003B69DB689A4214D93B699A683B69DB687A
:10D97000D21A3B699A603B699B681A467968F868D5
:10D9800000F084FF002300220021F86813F08AFDD4
:10D990003BE03B69DA683B699B689A421CD13B6972
:10D9A0005A683B69DB689A4216D33B695A68FB6840
:10D9B000D3F898329A420FD200220021F86800F082
:10D9C00065FFFB680022C3F8982200230022002193
:10D9D000F86813F067FD18E0FB6893F89C32DBB23F
:10D9E000032B0BD1FB68D3F8B832DB68002B05D0D2
:10D9F000FB68D3F8B832DB68F86898478021F8688C
:10DA000013F0A6FCF86800F093FFFB6893F8A032CF
:10DA1000012B22D1F868FFF798FEFB68002283F8FB
:10DA2000A0221AE0FB6893F89C32DBB2032B14D1DE
:10DA3000FB68D3F8B8325B69002B0ED0FB68D3F8D3
:10DA4000B8325B69FA7A1146F86898470346FB7565
:10DA5000FB7D002B01D0FB7D00E00023184618372A
:10DA6000BD4680BD80B582B000AF78607B68012282
:10DA700083F89C227B680022C3F894227B680022F2
:10DA80005A607B680022C3F8A4227B68D3F8B832BE
:10DA9000002B01D103232FE07B68D3F8BC32002B8D
:10DAA0000FD07B68D3F8B8325B68002B09D07B6855
:10DAB000D3F8B8325B687A685268D2B21146786897
:10DAC0009847402300220021786813F0FCFB7B6814
:10DAD0000122A3F864217B684022C3F8602140231F
:10DAE00000228021786813F0EEFB7B6801229A8483
:10DAF0007B6840221A62002318460837BD4680BD65
:10DB000080B483B000AF78600B46FB707B68FA7816
:10DB10001A74002318460C37BD465DF8047B704725
:10DB200080B483B000AF78607B6893F89C32DAB23F
:10DB30007B6883F89D227B68042283F89C22002363
:10DB400018460C37BD465DF8047B704780B483B03F
:10DB500000AF78607B6893F89C32DBB2042B06D16F
:10DB60007B6893F89D32DAB27B6883F89C220023AD
:10DB700018460C37BD465DF8047B704780B582B00F
:10DB800000AF78607B68D3F8B832002B01D1032353
:10DB900012E07B6893F89C32DBB2032B0BD17B68DD
:10DBA000D3F8B832DB69002B05D07B68D3F8B832E4
:10DBB000DB6978689847002318460837BD4680BD62
:10DBC00080B582B000AF78600B46FB707B68D3F8FD
:10DBD000B832002B01D1032314E07B6893F89C3208
:10DBE000DBB2032B0DD17B68D3F8B8321B6A002B54
:10DBF00007D07B68D3F8B8321B6AFA781146786888
:10DC00009847002318460837BD4680BD80B582B0CE
:10DC100000AF78600B46FB707B68D3F8B832002BFE
:10DC200001D1032314E07B6893F89C32DBB2032B11
:10DC30000DD17B68D3F8B8325B6A002B07D07B68C4
:10DC4000D3F8B8325B6AFA781146786898470023AF
:10DC500018460837BD4680BD80B483B000AF7860F9
:10DC6000002318460C37BD465DF8047B704780B52D
:10DC700082B000AF78607B68012283F89C227B68C9
:10DC8000D3F8B832002B09D07B68D3F8B8325B6880
:10DC90007A685268D2B211467868984700231846CD
:10DCA0000837BD4680BD80B487B000AF78607B6820
:10DCB0007B617B691B787B827B6901337B617B693C
:10DCC0001B783B823B8A1B021AB2B7F9123013430E
:10DCD0001BB2FB81FB8918461C37BD465DF8047BEF
:10DCE0007047000080B584B000AF786039600023D1
:10DCF000FB733B681B7803F06003402B05D0402B7F
:10DD000053D8002B0BD0202B4FD17B68D3F8B832DF
:10DD10009B683968786898470346FB734AE03B681C
:10DD20005B78092B3BD801A252F823F081DD000873
:10DD300095DD00089FDD00088BDD00089FDD0008F1
:10DD40005FDD000855DD00089FDD000877DD000875
:10DD500069DD00083968786800F0DEF924E0396888
:10DD6000786800F043FB1FE03968786800F082FBB8
:10DD70000346FB7318E03968786800F021FC13E073
:10DD80003968786800F052FC0EE03968786800F075
:10DD900081FC09E03968786800F090FC04E039689B
:10DDA000786800F0E7FC00BF04E03968786800F0AC
:10DDB000E1FC00BFFB7B18461037BD4680BD00BFAD
:10DDC00080B584B000AF786039600023FB733B6896
:10DDD0001B7803F06003402B05D0402B2FD8002B7D
:10DDE00001D0202B2BD17B6893F89C32DBB2013B16
:10DDF000022B1DD83B689B88DBB2012B13D87B68B4
:10DE0000D3F8B8329B683968786898470346FB7343
:10DE10003B68DB88002B10D1FB7B002B0DD1786891
:10DE200000F073FD09E03968786800F0A3FC04E0B5
:10DE30003968786800F09EFC00E000BF04E03968B3
:10DE4000786800F097FC00BFFB7B18461037BD4692
:10DE500080BD80B584B000AF786039600023FB736B
:10DE60003B689B88BB733B681B7803F06003402BC7
:10DE700007D0402B00F24581002B0CD0202B40F026
:10DE800040817B68D3F8B8329B68396878689847D6
:10DE90000346FB733AE13B685B78032B07D0032B07
:10DEA00000F32981002B7FD0012B3CD023E17B683C
:10DEB00093F89C32DBB2022B02D0032B16D02CE05D
:10DEC000BB7B002B0DD0BB7B802B0AD0BB7B1946C4
:10DED000786813F03DFA8021786813F039FA00BFB2
:10DEE00020E03968786800F045FC1BE03B685B88FF
:10DEF000002B0ED1BB7B002B0BD0BB7B802B08D023
:10DF00003B68DB88002B04D1BB7B1946786813F093
:10DF10001FFA786800F0F9FC04E03968786800F0CE
:10DF200029FC00BFECE07B6893F89C32DBB2022B4B
:10DF300002D0032B16D030E0BB7B002B0DD0BB7B77
:10DF4000802B0AD0BB7B1946786813F001FA802138
:10DF5000786813F0FDF900BF25E03968786800F0B3
:10DF600009FC20E03B685B88002B1BD1BB7B03F0E6
:10DF70007F03002B04D0BB7B1946786813F007FAA7
:10DF8000786800F0C2FC7B68D3F8B8329B683968C7
:10DF9000786898470346FB7304E03968786800F0B6
:10DFA000E9FB00E000BFABE07B6893F89C32DBB29A
:10DFB000022B02D0032B32D097E0BB7B002B07D083
:10DFC000BB7B802B04D03968786800F0D3FB91E0EC
:10DFD00097F90E30002B0BDABB7B03F07F02134660
:10DFE0009B0013449B0010337A68134404330BE006
:10DFF000BB7B03F07F0213469B0013449B0003F599
:10E00000A8737A6813440433BB60BB6800221A60AB
:10E01000BB6802221946786800F01DFC6AE097F997
:10E020000E30002B11DABB7B03F00F027968134628
:10E030009B0013449B000B4424331B88002B17D1F7
:10E040003968786800F096FB54E0BB7B03F00F0260
:10E05000796813469B0013449B000B4403F5B2738D
:10E060001B88002B04D13968786800F083FB41E0FD
:10E0700097F90E30002B0BDABB7B03F07F021346BF
:10E080009B0013449B0010337A68134404330BE065
:10E09000BB7B03F07F0213469B0013449B0003F5F8
:10E0A000A8737A6813440433BB60BB7B002B02D097
:10E0B000BB7B802B03D1BB6800221A600EE0BB7BC8
:10E0C0001946786813F082F90346002B03D0BB6829
:10E0D00001221A6002E0BB6800221A60BB680222BB
:10E0E0001946786800F0B7FB04E03968786800F0FA
:10E0F00041FB00BF04E03968786800F03BFB00BFDB
:10E1000004E03968786800F035FB00BFFB7B1846F7
:10E110001037BD4680BD000080B584B000AF786088
:10E12000396000233B810023FB600023FB723B68C6
:10E130005B881B0A9BB2013B062B00F2288101A2DF
:10E1400052F823F061E1000879E10008B9E1000824
:10E150008FE300088FE300082FE300085BE300086B
:10E160007B68D3F8B4321B687A68127C07F1080127
:10E1700010469847F86012E17B681B7C002B0DD19C
:10E180007B68D3F8B8329B6A07F1080210469847BB
:10E19000F860FB68013302221A7000E17B68D3F853
:10E1A000B832DB6A07F1080210469847F860FB684E
:10E1B000013302221A70F2E03B685B88DBB2052B68
:10E1C00000F2AC8001A252F823F000BFE5E10008A4
:10E1D00019E200084DE2000881E20008B5E20008FB
:10E1E000E9E200087B68D3F8B4325B68002B0BD0FF
:10E1F0007B68D3F8B4325B687A68127C07F1080157
:10E2000010469847F86091E03968786800F0B2FAF3
:10E21000FB7A0133FB7289E07B68D3F8B4329B68E8
:10E22000002B0BD07B68D3F8B4329B687A68127CE1
:10E2300007F1080110469847F86077E03968786878
:10E2400000F098FAFB7A0133FB726FE07B68D3F839
:10E25000B432DB68002B0BD07B68D3F8B432DB68B8
:10E260007A68127C07F1080110469847F8605DE073
:10E270003968786800F07EFAFB7A0133FB7255E06A
:10E280007B68D3F8B4321B69002B0BD07B68D3F8C2
:10E29000B4321B697A68127C07F10801104698476E
:10E2A000F86043E03968786800F064FAFB7A01337B
:10E2B000FB723BE07B68D3F8B4325B69002B0BD078
:10E2C0007B68D3F8B4325B697A68127C07F1080185
:10E2D00010469847F86029E03968786800F04AFAF3
:10E2E000FB7A0133FB7221E07B68D3F8B4329B697F
:10E2F000002B0BD07B68D3F8B4329B697A68127C10
:10E3000007F1080110469847F8600FE0396878680F
:10E3100000F030FAFB7A0133FB7207E03968786865
:10E3200000F028FAFB7A0133FB7200BF37E07B680C
:10E330001B7C002B09D17B68D3F8B8325B6B07F1EB
:10E34000080210469847F86029E03968786800F0BC
:10E3500011FAFB7A0133FB7221E07B681B7C002BF6
:10E360000DD17B68D3F8B8321B6B07F10802104659
:10E370009847F860FB68013307221A700FE039688C
:10E38000786800F0F7F9FB7A0133FB7207E039682F
:10E39000786800F0EFF9FB7A0133FB7200BFFB7A7B
:10E3A000002B1ED13B68DB88002B16D03B89002B4D
:10E3B0000ED03B68DA883B89934228BF13469BB254
:10E3C0003B813B891A46F968786800F044FA09E015
:10E3D0003968786800F0CEF904E0786800F095FAC2
:10E3E00000E000BF1037BD4680BD00BF80B584B0DF
:10E3F00000AF786039603B689B88002B31D13B6867
:10E40000DB88002B2DD13B685B887F2B29D83B68AC
:10E410005B88DBB203F07F03FB737B6893F89C326D
:10E42000DBB2032B04D13968786800F0A3F91DE052
:10E430007B68FA7B83F89E22FB7B1946786812F092
:10E44000F1FF786800F061FAFB7B002B04D07B6859
:10E45000022283F89C2209E07B68012283F89C2237
:10E4600004E03968786800F085F900BF00BF103714
:10E47000BD4680BD80B584B000AF786039600023B0
:10E48000FB733B685B88DAB24C4B1A704B4B1B78C2
:10E49000012B05D93968786800F06CF9032388E00E
:10E4A0007B6893F89C32DBB2022B02D0032B25D081
:10E4B00071E0424B1B78002B1CD0404B1B781A4656
:10E4C0007B685A603D4B1B7819467868FFF748F91E
:10E4D0000346FB73FB7B002B04D03968786800F09F
:10E4E00049F965E0786800F010FA7B68032283F848
:10E4F0009C225DE0786800F008FA59E02F4B1B7809
:10E50000002B12D17B68022283F89C222B4B1B78B4
:10E510001A467B685A60294B1B7819467868FFF7C2
:10E520003BF9786800F0F1F942E0244B1B781A4679
:10E530007B685B689A422AD07B685B68DBB21946CD
:10E540007868FFF729F91D4B1B781A467B685A60DB
:10E550001A4B1B7819467868FFF702F90346FB73DC
:10E56000FB7B002B0FD03968786800F003F97B68DB
:10E570005B68DBB219467868FFF70EF97B68022208
:10E5800083F89C2214E0786800F0BFF910E0786806
:10E5900000F0BBF90CE03968786800F0EBF8074B45
:10E5A0001B7819467868FFF7F7F80323FB7300BF61
:10E5B000FB7B18461037BD4680BD00BF305F02248C
:10E5C00080B582B000AF786039603B68DB88012B92
:10E5D00004D03968786800F0CDF823E07B6893F8C0
:10E5E0009C32DBB2022B02DC002B03DC15E0032B98
:10E5F0000BD012E07B6800229A607B68083301220E
:10E600001946786800F027F90CE07B680433012292
:10E610001946786800F01FF904E03968786800F05E
:10E62000A9F800BF00BF0837BD4680BD80B582B0E5
:10E6300000AF786039607B6893F89C32DBB2013BB5
:10E64000022B1ED83B68DB88022B04D0396878681F
:10E6500000F090F81AE07B680122DA607B68D3F85A
:10E66000A432002B05D07B68DB6843F002027B6894
:10E67000DA607B680C3302221946786800F0EBF808
:10E6800004E03968786800F075F800BF00BF08370B
:10E69000BD4680BD80B582B000AF786039603B6810
:10E6A0005B88012B06D17B680122C3F8A42278681D
:10E6B00000F02BF900BF0837BD4680BD80B582B0A1
:10E6C00000AF786039607B6893F89C32DBB2013B25
:10E6D000022B0BD83B685B88012B0CD17B68002296
:10E6E000C3F8A422786800F010F904E0396878686B
:10E6F00000F040F800E000BF00BF0837BD4680BD15
:10E7000080B584B000AF786039603B68FB60FB681F
:10E710001A787B681A70FB680133FB60FB681A7813
:10E720007B685A70FB680133FB60F868FFF7BBFA3F
:10E7300003461A467B685A80FB680133FB60FB681E
:10E740000133FB60F868FFF7AEFA03461A467B68B0
:10E750009A80FB680133FB60FB680133FB60F8685B
:10E76000FFF7A1FA03461A467B68DA8000BF10372C
:10E77000BD4680BD80B582B000AF78603960802131
:10E78000786812F0E5FD0021786812F0E1FD00BF25
:10E790000837BD4680BD80B586B000AFF860B9606F
:10E7A0007A600023FB75FB68002B36D0FB683B6169
:10E7B000386900F036F8034601339BB25B009AB229
:10E7C0007B681A80FB7DBA6813447A6812781A70E5
:10E7D000FB7D0133FB75FB7DBA68134403221A707D
:10E7E000FB7D0133FB7513E0FB7DBA6813443A6986
:10E7F00012781A703B6901333B61FB7D0133FB7575
:10E80000FB7DBA68134400221A70FB7D0133FB754F
:10E810003B691B78002BE7D100E000BF1837BD46ED
:10E8200080BD80B485B000AF78600023FB737B6847
:10E83000BB6005E0FB7B0133FB73BB680133BB604E
:10E84000BB681B78002BF5D1FB7B18461437BD46FF
:10E850005DF8047B704780B584B000AFF860B960A4
:10E860007A60FB680222C3F89422FB687A689A6196
:10E87000FB687A68DA617B68BA680021F86812F090
:10E88000F0FD002318461037BD4680BD80B584B02A
:10E8900000AFF860B9607A607B68BA680021F868F8
:10E8A00012F0DFFD002318461037BD4680BD80B54D
:10E8B00084B000AFF860B9607A60FB680322C3F8E7
:10E8C0009422FB687A68C3F85821FB687A68C3F819
:10E8D0005C217B68BA680021F86812F0E3FD002330
:10E8E00018461037BD4680BD80B584B000AFF860D3
:10E8F000B9607A607B68BA680021F86812F0D2FDCE
:10E90000002318461037BD4680BD80B582B000AFE9
:10E9100078607B680422C3F894220023002200213F
:10E92000786812F09EFD002318460837BD4680BD6A
:10E9300080B582B000AF78607B680522C3F894226E
:10E94000002300220021786812F0ACFD0023184655
:10E950000837BD4680BD80B485B000AF78603960AF
:10E960007B685B6C591C7A6851647A68D15C7A6800
:10E97000926C386800FA02F2D2B20A43D2B262F064
:10E980007F02D1B27A68D1547B689B6CC3F10703D4
:10E99000FB60FB68C3F108027B689A643B68DAB2EB
:10E9A000FB6842FA03F35BB263F07F035AB27B6801
:10E9B0005B6CD1B27A68D1547B689B6C072B0CD10D
:10E9C0007B685B6C5A1C7B685A647B685B6C7A68FA
:10E9D0000021D1547B6800229A6400BF1437BD46E1
:10E9E0005DF8047B704780B485B000AF7860396013
:10E9F0007B685B6C591C7A6851647A68D15C7A6870
:10EA0000926C386800FA02F2D2B20A43D2B262F0D3
:10EA10007F02D1B27A68D1547B689B6CC3F1070343
:10EA2000FB60FB68072B0ED03B6803F07F02FB689E
:10EA300042FA03F35BB263F07F035AB27B685B6C0C
:10EA4000D1B27A68D15400BF1437BD465DF8047B5B
:10EA5000704780B582B000AF7860396039687868F7
:10EA6000FFF7C1FF3B68DB111946786800F04CFBEB
:10EA700000BF0837BD4680BD80B582B000AF78606A
:10EA8000396039687868FFF766FF3B681B121946E2
:10EA90007868FFF760FF00BF0837BD4680BD80B5CE
:10EAA00082B000AF7860396039687868FFF753FF4B
:10EAB0003B681B1219467868FFF74DFF3B681B1433
:10EAC00019467868FFF747FF3B681B1619467868B8
:10EAD000FFF741FF00BF0837BD4680BD80B584B059
:10EAE00000AFF860B9607A607B685A1E7A60002BCC
:10EAF00014BF01230023DBB2002B08D0BB685A1CD3
:10EB0000BA601B781946F868FFF725FFECE700BFED
:10EB10001037BD4680BD80B485B000AFF8600B46AD
:10EB20007A60FB72FB6800229A64FB6801225A64D7
:10EB3000FB7A1B015BB203F070035AB27B685BB2D5
:10EB400003F00F035BB213435BB2DAB2FB681A70D7
:10EB5000FB6800225A7000BF1437BD465DF8047B85
:10EB6000704780B483B000AF78607B6800229A64FD
:10EB70007B6800225A647B6800221A7000BF0C3741
:10EB8000BD465DF8047B704780B483B000AF786009
:10EB90000B46FB707B6800229A647B6801225A64F2
:10EBA000FB7803F07F03DAB27B681A707B6800227F
:10EBB0005A7000BF0C37BD465DF8047B704780B5C6
:10EBC00082B000AF7860786800F011F87B685B6C09
:10EBD000591C7A6851647A680A21D1547B685B6C4D
:10EBE0007A680021D15400BF0837BD4680BD80B58A
:10EBF00082B000AF78607B689B6C002B04D07B6890
:10EC00005B6C5A1C7B685A6478687B68596C00237B
:10EC1000002200F0A7F803465BB263F07F035AB20C
:10EC20007B685B6CD1B27A68D1547B685B6C5A1C90
:10EC30007B685A647B685B6C7A680021D15400BFA2
:10EC40000837BD4680BD80B584B000AFF860B960BC
:10EC50007A60BA680021F868FFF75DFF7968F868A4
:10EC6000FFF70AFFF868FFF7C2FF00BF1037BD4685
:10EC700080BD80B584B000AFF860B9607A603B6059
:10EC8000BA680021F868FFF746FF7968F868FFF76F
:10EC9000F3FE3968F868FFF7DCFEF868FFF7A7FFB6
:10ECA00000BF1037BD4680BD80B582B000AF786030
:10ECB00039603A6801217868FFF72DFF7868FFF71F
:10ECC00096FF00BF0837BD4680BD80B584B000AF59
:10ECD000F860B9607A603B60BA680521F868FFF7B0
:10ECE0001AFF7968F868FFF7C7FE3968F868FFF718
:10ECF000D6FEF868FFF77BFF00BF1037BD4680BD2A
:10ED000080B584B000AFF860B9607A60BA68062157
:10ED1000F868FFF700FF7968F868FFF7ADFEF8685C
:10ED2000FFF765FF00BF1037BD4680BD80B584B0DA
:10ED300000AFF860B9607A603B60BA680721F86894
:10ED4000FFF7E9FE7968F868FFF7A9FE3968F86807
:10ED5000FFF7A5FEF868FFF74AFF00BF1037BD4672
:10ED600080BD000080B487B000AFF860B9607A6001
:10ED70003B60FF23FB75BB685A1EBA60002B14BFB3
:10ED800001230023DBB2002B0BD0FB685A1CFA6076
:10ED90001A78FB7D5340DBB21A46104B9B5CFB7527
:10EDA000E9E73B685A1E3A60002B14BF0123002399
:10EDB000DBB2002B0BD07B685A1C7A601A78FB7D83
:10EDC0005340DBB21A46054B9B5CFB75E9E7FB7DC4
:10EDD00018461C37BD465DF8047B7047006C02087E
:10EDE00080B485B000AFF860B96011461A460B4692
:10EDF000FB801346BB80FB68BA681A60B7F906202F
:10EE0000FB685A60B7F90420FB689A60FB68BA692E
:10EE1000DA60FB6800221A61FB6818461437BD46A9
:10EE20005DF8047B704780B485B000AFF860B960CE
:10EE30007A60FB68BA685A60FB687A68DA60FB68D7
:10EE400000221A6100BF1437BD465DF8047B70478D
:10EE500080B584B000AF78607B68DB68591C7A6845
:10EE6000D16019467868F1F715FE034603F07F027A
:10EE70007B681B6942FA03F3FB607B681B69C3F183
:10EE80000703BB607B68DB6819467868F1F702FE10
:10EE9000034603F07F02BB6802FA03F3DBB2FA68B1
:10EEA0001343FB60BB68C3F108027B681A617B688F
:10EEB0001B69072B07D17B68DB685A1C7B68DA600B
:10EEC0007B6800221A61FB6818461037BD4680BD7A
:10EED00080B584B000AF78607868FFF7B9FF03466B
:10EEE000FB7397F90F3018461037BD4680BD80B5CB
:10EEF00084B000AF78607B68DB68591C7A68D160A9
:10EF000019467868F1F7C6FD034603F07F027B6877
:10EF10001B6942FA03F3FB607B681B69C3F10703BB
:10EF2000BB60BB68072B10D07B68DB68194678682C
:10EF3000F1F7B0FD034603F07F02BB6802FA03F36A
:10EF400003F07F03FA681343FB60FB681846103731
:10EF5000BD4680BD80B584B000AF78607868FFF7AB
:10EF6000C6FF03461B01FB81786800F014F90346D5
:10EF7000DB021AB2FB891343FB81B7F90E301B1178
:10EF800018461037BD4680BD80B584B000AF7860AC
:10EF90007868FFF75DFFF8607868FFF759FF034670
:10EFA0001B02FA681343FB60FB6818461037BD4626
:10EFB00080BD80B584B000AF78607868FFF7E4FF6B
:10EFC0000346FB81B7F90E3018461037BD4680BDA9
:10EFD00080B584B000AF78607868FFF739FFF860DB
:10EFE0007868FFF735FF03461B02FA681343FB609E
:10EFF0007868FFF72DFF03461B04FA681343FB6094
:10F000007868FFF725FF03461B06FA681343FB6089
:10F01000FB6818461037BD4680BD90B587B000AF7D
:10F02000786039603B68013B3B607B689A687B682D
:10F030005B68D31A7B617A693B689A421BDB7B6809
:10F040001B687A6852689818002300223968FFF715
:10F0500089FE034643F08003FB6039687868F1F766
:10F0600019FD0346BB60FA68BB689A420CBF0123D6
:10F070000023DBB21BE03A687B69D31A3B617B68F3
:10F080001B687A68526898187B681A683B697969C6
:10F09000FFF768FE034643F0800439687868F1F7AB
:10F0A000F9FC03469C420CBF01230023DBB2184647
:10F0B0001C37BD4690BD80B584B000AFF860B96024
:10F0C0007A603B60F868FFF774FF0246BB681A601D
:10F0D000F868FFF73FFF02467B681A60F868FFF7A1
:10F0E00039FF02463B681A60F868FFF733FF0246B3
:10F0F000BB691A60F86800F08EF80246FB691A6076
:10F1000000BF1037BD4680BD80B485B000AF7860C9
:10F1100039603B6803F01F033B607B685B6C7A6877
:10F12000D25C7B689B6C396801FA03F3DBB2134352
:10F13000DAB27B685B6C62F07F02D1B27A68D1543C
:10F140007B689B6CC3F10703FB60FB68052B17DC36
:10F150007B685B6C5A1C7B685A643A68FB6842FAAD
:10F1600003F35BB263F07F035AB27B685B6CD1B28E
:10F170007A68D154FB68C3F105027B689A6404E0A5
:10F180007B689B6C5A1D7B689A6400BF1437BD4630
:10F190005DF8047B704780B584B000AF78607B6811
:10F1A000DB6819467868F1F775FC034603F07F02C7
:10F1B0007B681B6942FA03F3FB607B681B69C3F140
:10F1C0000703BB60BB68052B1BDC7B68DB685A1C34
:10F1D0007B68DA607B68DB6819467868F1F75AFC6F
:10F1E000034603F07F02BB6802FA03F303F01F0338
:10F1F000FA681343FB60BB68C3F105027B681A61C0
:10F2000004E07B681B695A1D7B681A61FB6818461D
:10F210001037BD4680BD80B584B000AF78607B6894
:10F22000DB6819467868F1F735FC034603F07F0286
:10F230007B681B6942FA03F3FB607B681B69C3F1BF
:10F240000703BB60BB68042B1BDC7B68DB685A1CB4
:10F250007B68DA607B68DB6819467868F1F71AFC2E
:10F26000034603F07F02BB6802FA03F303F00F03C7
:10F27000FA681343FB60BB68C3F104027B681A6140
:10F2800004E07B681B691A1D7B681A61FB681846DD
:10F290001037BD4680BD80B483B000AF78607B6816
:10F2A0001B6843F001027B681A6000BF0C37BD4643
:10F2B0005DF8047B704780B483B000AF786039603C
:10F2C0007B681A6A3B681A437B681A6200BF0C3776
:10F2D000BD465DF8047B704780B483B000AF7860B2
:10F2E00039607B683A689A6300BF0C37BD465DF8A9
:10F2F000047B704780B483B000AF786039603B68AE
:10F300001B68002B14BF01230023DBB218460C3707
:10F31000BD465DF8047B704780B582B000AF786071
:10F3200079680020FFF7E6FF034618460837BD4618
:10F3300080BD000080B483B000AF7860034B1846F6
:10F340000C37BD465DF8047B704700BF19F3000819
:10F3500080B584B000AF786007F10C031846FFF762
:10F36000E9FF03461946786800F08AF800BF1037B5
:10F37000BD4680BD80B582B000AF78603960174867
:10F38000FFF7E6FF154B1B68002BF8D0134B1B68EB
:10F39000013B124A1360124B1B68124A1360114B57
:10F3A0001B68002B15D00F4B1B68013B0D4A1360E7
:10F3B000FA210D48FFF790FF4FF4967004F07CFEA1
:10F3C00000210948FFF788FF4FF4967004F074FE9F
:10F3D000E5E74FF47A7004F06FFED3E7385F02245C
:10F3E000345F02243C5F02240004004080B582B0F8
:10F3F00000AF786079680020FFF7BCFF0837BD4692
:10F4000080BD000080B483B000AF7860034B184625
:10F410000C37BD465DF8047B704700BFEDF3000874
:10F4200080B582B000AF0A48FFF735FF10210848C9
:10F43000FFF741FF3B1D1846FFF7E4FF024600239C
:10F440000021C82004F02EFD00BF0837BD4680BD56
:10F450000004004080B483B000AF78603960064A91
:10F460007B681360054A3B68136000BF0C37BD46DC
:10F470005DF8047B704700BF345F0224385F0224CC
:10F4800080B582B000AF786039603968786804F080
:10F490005DFD00BF0837BD4680BD80B483B000AFBE
:10F4A00078607B68DB6903F02003202B01D1012306
:10F4B00000E0002318460C37BD465DF8047B70471A
:10F4C00080B483B000AF78607B68DB6903F04003F1
:10F4D000402B01D1012300E0002318460C37BD4624
:10F4E0005DF8047B704780B483B000AF78607B68C0
:10F4F000DB6903F08003802B01D1012300E00023AE
:10F5000018460C37BD465DF8047B704780B483B065
:10F5100000AF78607B6808221A6200BF0C37BD46D6
:10F520005DF8047B704780B489B000AF78607B6879
:10F53000FB60FB6853E8003FBB60BB6843F02003FF
:10F54000FB617B68FA69BA617B617969BA6941E8F4
:10F5500000233B613B69002B14BF01230023DBB276
:10F56000002B00D0E3E700BF2437BD465DF8047BE5
:10F57000704780B489B000AF78607B68FB60FB683F
:10F5800053E8003FBB60BB6823F02003FB617B684E
:10F59000FA69BA617B617969BA6941E800233B6124
:10F5A0003B69002B14BF01230023DBB2002B00D0EA
:10F5B000E3E700BF2437BD465DF8047B704780B4A5
:10F5C00083B000AF78607B685B6ADBB218460C37AB
:10F5D000BD465DF8047B704780B483B000AF7860AF
:10F5E0000B46FB70FA787B689A6200BF0C37BD4609
:10F5F0005DF8047B704780B483B000AF78607B68AF
:10F600009B6943F008027B689A6100BF0C37BD46D6
:10F610005DF8047B704780B483B000AF78603960D8
:10F620007B683A689A6100BF0C37BD465DF8047B81
:10F63000704780B483B000AF786039603B681A04CB
:10F640007B689A6100BF0C37BD465DF8047B70474C
:10F6500080B483B000AF78607B6800225A647B6816
:10F6600000229A647B6818460C37BD465DF8047B1F
:10F67000704780B483B000AF78607B685B6C1846DD
:10F680000C37BD465DF8047B704780B483B000AF93
:10F6900078607B6818460C37BD465DF8047B704780
:10F6A00080B483B000AF78603960054A3B6813606E
:10F6B0007B6818460C37BD465DF8047B704700BF79
:10F6C0005060022480B582B000AF78603960094B89
:10F6D0001B78002B07D13B681B681846F1F724FC08
:10F6E0000346002B01D0012300E000231846083711
:10F6F000BD4680BD4C5F022480B582B000AF78600B
:10F7000079680020FFF7DEFF034618460837BD463C
:10F7100080BD000080B483B000AF7860034B184612
:10F720000C37BD465DF8047B704700BFF9F6000852
:10F7300090B587B002AF786039604F4B1B78BFF34C
:10F740005B8FDBB203F00103002B0CBF012300230E
:10F75000DBB2002B16D0484811F01EFF0346002BE9
:10F7600014BF01230023DBB2002B0BD00023009336
:10F770004FF48073002241494148FFF731FB3E4876
:10F7800011F016FF3F4B1B78BFF35B8FDBB203F02A
:10F790000103002B0CBF01230023DBB2002B10D090
:10F7A000384811F0F9FE0346002B14BF0123002353
:10F7B000DBB2002B05D03448FFF74AFF314811F087
:10F7C000F7FE3248F1F7A0FB0346314A136007F118
:10F7D0000C031846FFF79EFF034619462C48FFF717
:10F7E0004FFE2B4B1B681846F1F79EFB0346002B80
:10F7F00009D0284802F0C8F92448F1F785FB0346F0
:10F80000234A136036E0244B00221A70234B1B68F6
:10F8100019461B48FFF701FC0346002B23D01A486A
:10F82000FFF79FF9012200211548FFF7FCFA164A5D
:10F830001349184802F058F91348FFF71AFF034616
:10F84000002B14BF01230023DBB2002B0BD00E488A
:10F85000FFF71BFF04460C48FFF70BFF0346194652
:10F86000204600F031FA4FF4FF70F1F74DFB0346EC
:10F87000074A1360ABE700BF68600224505F0224B0
:10F8800054600224B86002246C60022400F9150060
:10F89000BC600224DC8102244C5F0224485F022405
:10F8A00080B582B000AF786079680020FFF740FF34
:10F8B0000837BD4680BD000080B483B000AF7860DB
:10F8C000034B18460C37BD465DF8047B704700BFFC
:10F8D000A1F8000880B582B000AF6C4B1B681846D9
:10F8E000FFF747FE4FF400716948FFF7A2FE694B2E
:10F8F00041221A70674B54225A70664B2B229A7021
:10F90000644B4E22DA70634B41221A71614B4D22D7
:10F910005A71604B45229A715E4B3F22DA715D4B02
:10F920000D221A725B4B0A225A720A21594800F0C2
:10F93000CBF9564B1B681846FFF7C2FD0346002B58
:10F940000CBF01230023DBB2002B00D0F1E74F4BAB
:10F950001B681846FFF74FFE6420F1F7D5FA786070
:10F960004D4B00221A607868F1F7DEFA0346002B4F
:10F9700073D1464B1B681846FFF78FFD0346002BDB
:10F9800014BF01230023DBB2002BECD03F4B1B68DC
:10F990001846FFF714FE0346FB703F4B1B680A2B0B
:10F9A00011DC3E4B1A683C4B1B68591C3A480160FD
:10F9B00013441B78FA789A4214BF01230023DBB268
:10F9C000002BD0D04AE0344B1B680B2B0DD1FB78B9
:10F9D000303B4FF47A7202FB03F3314A13602E4B33
:10F9E0001B6801332C4A1360BDE72B4B1B680C2BA3
:10F9F0000FD1FB78303B642202FB03F2284B1B68DB
:10FA00001344274A1360244B1B680133224A1360B6
:10FA1000A9E7214B1B680D2B12D1FB78A3F1300213
:10FA200013469B0013445B001A461D4B1B6813448E
:10FA30001B4A1360184B1B680133174A136092E787
:10FA4000154B1B680E2B8ED1FB78A3F13002144BA3
:10FA50001B681344124A136000E000BF4FF40071AA
:10FA60000B48FFF7D8FD094B1B681846FFF75BFDF5
:10FA70003B461846FFF720FF024600230021C8201E
:10FA800004F010FA00BF0837BD4680BD5060022464
:10FA900000080258505F0224485F02243401002409
:10FAA000445F022480B582B000AF1A4B1B68184631
:10FAB000FFF785FD03467B607B680D2B25D07B68B7
:10FAC0000A2B03D1144B01221A701FE07B6803F04C
:10FAD0008003002B05D1114B00221A600E4B00222F
:10FAE0001A707B68D8B20D4B1B685A1C0B490A6010
:10FAF0000B4A0146D154094B1B68FF2B06DD074B0F
:10FB00001B68013B054A136000E000BF0837BD4693
:10FB100080BD00BF506002244C5F0224485F022475
:10FB2000505F022480B586B000AF78605F4B1B68E1
:10FB30001846FFF71EFD4FF400715D48FFF779FD91
:10FB40007A685C4B83FB02139910D317C91A0B46D2
:10FB50009B000B445B00D31A7B617B68554A82FB98
:10FB600003129210DB17D21A524B83FB0213991027
:10FB7000D317C91A0B469B000B445B00D31A3B6199
:10FB80007B684D4A82FB03125211DB17D21A494B94
:10FB900083FB02139910D317C91A0B469B000B4421
:10FBA0005B00D31AFB607B68444A82FB031292110C
:10FBB000DB17D21A3F4B83FB02139910D317C91AD4
:10FBC0000B469B000B445B00D31ABB603C4B4122AD
:10FBD0001A703B4B54225A70394B2B229A70384B77
:10FBE0004E22DA70364B41221A71354B4D225A7132
:10FBF000334B45229A71324B3D22DA71304B5222FF
:10FC00001A722F4B4F225A722D4B4B229A722C4B49
:10FC10004922DA722A4B2D221A73BB68DBB23033C9
:10FC2000DAB2274B5A73FB68DBB23033DAB2244BBB
:10FC30009A733B69DBB23033DAB2214BDA737B69FA
:10FC4000DBB23033DAB21E4B1A741D4B0D225A74DC
:10FC50001B4B0A229A741321194800F035F8134BF4
:10FC60001B681846FFF72CFC0346002B0CBF012332
:10FC70000023DBB2002B00D0F1E7642004F01CFA73
:10FC80000A4B1B681846FFF741FC084B1B681846D7
:10FC9000FFF749FC4FF400710548FFF7BCFC094A27
:10FCA0007B68136000BF1837BD4680BD50600224DA
:10FCB00000080258676666661F85EB51D34D6210D7
:10FCC000505F0224445F022480B582B000AF7860A8
:10FCD00039603B680F2B13DC3B685A1E3A60002BDF
:10FCE00014BF01230023DBB2002B2BD0174B186865
:10FCF0007B685A1C7A601B781946FFF76DFCEBE7AE
:10FD00003B685A1E3A60002B14BF01230023DBB26C
:10FD1000002B17D00D4B1B681846FFF7E4FB03467A
:10FD2000002B0CBF01230023DBB2002B00D0F1E736
:10FD3000064B18687B685A1C7A601B781946FFF7D7
:10FD40004BFCDDE700BF0837BD4680BD5060022494
:10FD500080B500AFFFF7A6FE00BF80BD80B582B0C2
:10FD600000AF786039607B68012B08D13B684FF6A3
:10FD7000FF72934203D104490448FFF791FC00BF8E
:10FD80000837BD4680BD00BF00140140405F02241B
:10FD900080B500AF4FF6FF710120FFF7DFFF80BD98
:10FDA00080B483B000AF786039607B681A683B68C4
:10FDB00003F010034FF4805101FA03F31A437B68F8
:10FDC0001A6000BF0C37BD465DF8047B704780B4F5
:10FDD00085B000AFF860B9607A60FB6808331946F7
:10FDE0007B6803F01F03BA6822FA03F39B0003F059
:10FDF0003C030B4418461437BD465DF8047B70473E
:10FE000080B483B000AF786039607B681A683B6863
:10FE100003F01003012101FA03F31A437B681A600F
:10FE200000BF0C37BD465DF8047B704780B485B0D9
:10FE300000AF786039607B68FB600C4A3B68134414
:10FE40001B781A46FB6813441B6808493A680A4441
:10FE500012781146FA680A4443F00103136000BFA8
:10FE60001437BD465DF8047B704700BF006D020883
:10FE700080B485B000AF786039607B68FB600C4A65
:10FE80003B6813441B781A46FB6813441B680849F7
:10FE90003A680A4412781146FA680A4423F00103CA
:10FEA000136000BF1437BD465DF8047B704700BF88
:10FEB000006D020880B487B000AFF860B9607A6066
:10FEC000FB687B610D4ABB6813441B781A467B694B
:10FED00013445A680A4B13400849BA680A44127816
:10FEE00011467A690A4411467A6813434B6000BF91
:10FEF0001C37BD465DF8047B704700BF006D0208EB
:10FF00000000FFFF80B487B000AFF860B9607A608E
:10FF1000FB687B61074ABB6813441B781A467B6900
:10FF200013441A467B68D36000BF1C37BD465DF89A
:10FF3000047B7047006D020880B487B000AFF860A2
:10FF4000B9607A60FB687B61074ABB6813441B7821
:10FF50001A467B6913441A467B68936000BF1C37BE
:10FF6000BD465DF8047B7047006D020880B483B025
:10FF700000AF78607B681B6843F001027B681A6001
:10FF800000BF0C37BD465DF8047B704780B582B07A
:10FF900000AF78603960204B1B78BFF35B8FDBB21A
:10FFA00003F00103002B0CBF01230023DBB2002B65
:10FFB00014D0194811F0F0FA0346002B14BF0123A6
:10FFC0000023DBB2002B09D040231A46134B134405
:10FFD0001A46134B1A60104811F0EAFA114B1B78BD
:10FFE000002B0AD00E4B1B685B689BB2B3F57A7F7F
:10FFF0008CBF01230023DBB20AE0094B1B685B685E
:020000040801F1
:100000009BB240F2E732934294BF01230023DBB25C
:1000100018460837BD4680BDA0680224000402408F
:100020009C6802249868022480B582B000AF786092
:1000300079680020FFF7AAFF034618460837BD4637
:1000400080BD000080B483B000AF7860034B1846D9
:100050000C37BD465DF8047B704700BF29000108DE
:1000600080B584B000AF786039602C48FFF770F934
:100070000023FB602A4B1B6803F2CF73FA689A4295
:1000800047DC07F108031846FFF7DCFF0346194673
:10009000002003F05BFF234B1B78002B17D0204B75
:1000A0001B68FA689A420ADA1C4B1A68FB68D11876
:1000B0001D4A4FF47A731D4805F0BDFA1DE01A4B36
:1000C0004FF47A727F21184613F014FD15E0144B9B
:1000D0001B68FA689A420ADA104B1A68FB68D11852
:1000E0004FF47A73124A114805F0A5FA05E04FF46F
:1000F0007A727F210E4813F0FDFC0A4B1B7883F0C7
:100100000103DAB2074B1A70FB6803F57A73FB60E0
:10011000B0E7024B00221A60A7E700BF90680224F4
:100120009468022498680224A8640224A468022423
:10013000C060022480B582B000AF7860796800208A
:10014000FFF78EFF0837BD4680BD000080B483B046
:1001500000AF7860034B18460C37BD465DF8047B52
:10016000704700BF3501010880B582B000AF0023A1
:100170007B607B68B3F5FA6F08DA204A7B6813442A
:1001800080221A707B6801337B60F2E702211C48F1
:10019000FFF76EFE194B1A4602211948FFF7B2FE0F
:1001A000182218491848FFF712FE03461A46022182
:1001B0001348FFF7C1FE4FF4FA6202211048FFF71F
:1001C00079FE02210E48FFF731FE0E490E48FFF777
:1001D000E7FD0C490C48FFF713FE0C48FFF7C6FE7D
:1001E0003B461846FFF7B2FF024600230021C82015
:1001F00003F058FE00BF0837BD4680BDC060022432
:1002000000040240720040350074004000040140C8
:1002100080B483B000AF78603960064A3B681360F1
:10022000054A7B68136000BF0C37BD465DF8047B50
:10023000704700BF946802249068022480B400AF25
:10024000034B1B681846BD465DF8047B704700BF32
:100250009068022480B586B004AF786039607B680E
:10026000012B12D13B684FF6FF7293420DD1102340
:100270000393084B029304230193074B0093052338
:10028000054A0649064805F0BCF900BF0837BD46D7
:1002900080BD00BF00100258000002400034014041
:1002A000A468022480B500AF4FF6FF710120FFF76C
:1002B000D1FF80BD80B483B000AF7860064B1A6870
:1002C0007B68134403F07F03044AD35C18460C3761
:1002D000BD465DF8047B70478869022408690224E2
:1002E00080B483B000AF7860084B1A687B68134411
:1002F000064A1360054B1B6803F07F03034A136033
:1003000000BF0C37BD465DF8047B70478869022446
:1003100080B500AF0020FFF7CDFF03465BB2002B96
:1003200005DB0020FFF7C6FF03460A2B01D101239E
:1003300000E00023184680BD80B485B000AF78602F
:1003400039607B68FB600C4A3B6813441B781A4693
:10035000FB6813441B6808493A680A44127811463E
:10036000FA680A4443F00103136000BF1437BD4626
:100370005DF8047B704700BF086D020880B485B04B
:1003800000AF786039607B68FB600C4A3B681344BF
:100390001B781A46FB6813441B6808493A680A44EC
:1003A00012781146FA680A4423F00103136000BF73
:1003B0001437BD465DF8047B704700BF086D020826
:1003C00080B487B000AFF860B9607A60FB687B6189
:1003D0000D4ABB6813441B781A467B6913441B689B
:1003E00023F490720849BB680B441B7819467B695B
:1003F0000B4419467B6813430B6000BF1C37BD4696
:100400005DF8047B704700BF086D020880B487B0B8
:1004100000AFF860B9607A60FB687B610D4ABB6829
:1004200013441B781A467B6913445A680A4B1340DD
:100430000849BA680A44127811467A690A44114692
:100440007A6813434B6000BF1C37BD465DF8047BE0
:10045000704700BF086D02080000FFFF80B485B040
:1004600000AF786039607B68FB60074A3B681344E3
:100470001B781A46FB6813445B689BB21846143716
:10048000BD465DF8047B7047086D020880B487B0F4
:1004900000AFF860B9607A60FB687B61074ABB68AF
:1004A00013441B781A467B6913441A467B68D36051
:1004B00000BF1C37BD465DF8047B7047086D02081D
:1004C00080B487B000AFF860B9607A60FB687B6188
:1004D000074ABB6813441B781A467B6913441A46C3
:1004E0007B68936000BF1C37BD465DF8047B704796
:1004F000086D020880B483B000AF78607B684FF06D
:100500008062DA6000BF0C37BD465DF8047B70473F
:1005100080B483B000AF78607B684FF00062DA602F
:1005200000BF0C37BD465DF8047B704780B483B0D4
:1005300000AF78607B684FF00072DA6000BF0C3764
:10054000BD465DF8047B704780B483B000AF78602F
:100550007B681B6843F001027B681A6000BF0C37A0
:10056000BD465DF8047B704780B483B000AF78600F
:100570007B681B6823F001027B681A6000BF0C37A0
:10058000BD465DF8047B704780B489B000AF7860E9
:100590007B68FB60FB6853E8003FBB60BB6843F0CF
:1005A0000403FB617B68FA69BA617B617969BA69A6
:1005B00041E800233B613B69002B14BF012300236A
:1005C000DBB2002B00D0E3E700BF2437BD465DF867
:1005D000047B704780B489B000AF78607B68FB60B3
:1005E000FB6853E8003FBB60BB6823F00403FB617A
:1005F0007B68FA69BA617B617969BA6941E800236D
:100600003B613B69002B14BF01230023DBB2002BAD
:1006100000D0E3E700BF2437BD465DF8047B704798
:1006200080B489B000AF78607B68FB60FB6853E8FA
:10063000003FBB60BB6843F00803FB617B68FA695D
:10064000BA617B617969BA6941E800233B613B6922
:10065000002B14BF01230023DBB2002B00D0E3E703
:1006600000BF2437BD465DF8047B704780B489B075
:1006700000AF78607B68FB60FB6853E8003FBB60BD
:10068000BB6823F00803FB617B68FA69BA617B6190
:100690007969BA6941E800233B613B69002B14BFCB
:1006A00001230023DBB2002B00D0E3E700BF243797
:1006B000BD465DF8047B704780B483B000AF7860BE
:1006C0007B6840221A6200BF0C37BD465DF8047B90
:1006D000704780B489B000AF78607B68FB60FB68CE
:1006E00053E8003FBB60BB6843F04003FB617B689D
:1006F000FA69BA617B617969BA6941E800233B61B3
:100700003B69002B14BF01230023DBB2002B00D078
:10071000E3E700BF2437BD465DF8047B704780B433
:1007200089B000AF78607B68FB60FB6853E8003FEE
:10073000BB60BB6823F04003FB617B68FA69BA6168
:100740007B617969BA6941E800233B613B69002B11
:1007500014BF01230023DBB2002B00D0E3E700BF6E
:100760002437BD465DF8047B704780B489B000AF84
:1007700078607B680833FB60FB6853E8003FBB6030
:10078000BB6843F04003FB617B680833FA69BA61D8
:100790007B617969BA6941E800233B613B69002BC1
:1007A00014BF01230023DBB2002B00D0E1E700BF20
:1007B0002437BD465DF8047B704780B489B000AF34
:1007C00078607B680833FB60FB6853E8003FBB60E0
:1007D000BB6843F08003FB617B680833FA69BA6148
:1007E0007B617969BA6941E800233B613B69002B71
:1007F00014BF01230023DBB2002B00D0E1E700BFD0
:100800002437BD465DF8047B704780B489B000AFE3
:1008100078607B680833FB60FB6853E8003FBB608F
:10082000BB6823F08003FB617B680833FA69BA6117
:100830007B617969BA6941E800233B613B69002B20
:1008400014BF01230023DBB2002B00D0E1E700BF7F
:100850002437BD465DF8047B7047000080B582B048
:1008600000AF786039601948FFF7B4FE1748FFF70A
:10087000FDFE07211648FFF781FD3B681A46072158
:100880001348FFF7C3FD7B681A4607211048FFF79E
:10089000FDFD0F48FFF73CFE0D48FFF72BFE0C480F
:1008A000FFF744FE0948FFF707FF0848FFF711FF6D
:1008B00007210748FFF740FD0448FFF7B1FE034852
:1008C000FFF77BFF00BF0837BD4680BD00480040F2
:1008D0000000024080B500AF06210648FFF7BEFDCC
:1008E0000346054A12681344C3F1800303F07F03F3
:1008F000184680BD000002408869022480B582B09D
:1009000000AF78603960FFF7E5FF0346002B14BFA6
:1009100001230023DBB218460837BD4680BD80B5F1
:1009200082B000AF786079680020FFF7E7FF0346E8
:1009300018460837BD4680BD80B483B000AF7860EC
:10094000034B18460C37BD465DF8047B704700BF6B
:100950001F09010890B58BB002AF78603960FFF7CE
:10096000B9FF0346002B0CBF01230023DBB2002B91
:1009700009D007F11C031846FFF7DEFF03461946AE
:10098000002003F0E3FAFFF7C3FC034683F0010302
:10099000DBB2002B11D00020FFF78CFC0346194678
:1009A000414B00221A60404B1B68404AD1543E4BD9
:1009B0001B6801333C4A136072E03B4B1B68002B01
:1009C0006ED0394B1C680020FFF774FC03461A46B2
:1009D000364B1A55344B1B68344AD35C0A2B53D11F
:1009E00007F1080001230093402300222F49FEF75E
:1009F000F7F92D4B1A6807F1080311461846FEF760
:100A00000CFB0346002B3BD0294B1B78BFF35B8FBD
:100A1000DBB203F00103002B0CBF01230023DBB288
:100A2000002B10D0224810F0B7FD0346002B14BF56
:100A300001230023DBB2002B05D01E48FEF708FE81
:100A40001B4810F0B5FD07F108031A491846F1F7E5
:100A500017F91848FEF70DFE0346002B14BF0123BB
:100A60000023DBB2002B0BD01248FEF70EFE04462B
:100A70001048FEF7FEFD034619462046FFF7EEFE3E
:100A8000094B00221A600BE0074B1B680133064A32
:100A90001360054B1B683F2B02DD034B00221A60DD
:100AA0000120FFF71DFC5AE704690224C4680224F0
:100AB000D86902248C69022480B582B000AF7860C6
:100AC00079680020FFF746FF0837BD4680BD00006B
:100AD00080B483B000AF7860034B18460C37BD4636
:100AE0005DF8047B704700BFB90A010880B582B089
:100AF00000AF2048FFF738FD802206211E48FFF78F
:100B000085FC1E4A06211C48FFF7DAFC1C4B1A46DE
:100B100006211948FFF7BAFC4FF4807206211648E7
:100B2000FFF74EFC06211448FFF706FC154A072183
:100B30001148FFF7C5FC0F48FFF717FE0D48FFF7F8
:100B40003CFE0C48FFF720FD0A48FFF769FD094805
:100B5000FFF7FAFC3B1D1846FFF7BAFF02460023D9
:100B600000214FF4967003F09DF900BF0837BD4691
:100B700080BD00BF00480040000002402448004003
:100B8000086902242848004080B500AF0748FFF7F5
:100B9000C6FD07210648FFF7F1FB0448FFF7F4FC08
:100BA0000248FFF732FE00BF80BD00BF0048004092
:100BB0000000024080B483B000AF78603960064B1B
:100BC0001B78002B14BF01230023DBB218460C371F
:100BD000BD465DF8047B70470C8C022480B582B062
:100BE00000AF786079680020FFF7E4FF03461846FD
:100BF0000837BD4680BD000080B483B000AF786088
:100C0000034B18460C37BD465DF8047B704700BFA8
:100C1000DD0B010890B58DB002AF7860396007F147
:100C200020031846FFF7E8FF03461946002003F0AB
:100C30008DF900237B627B6A3F2B0ADC304A7B6A9A
:100C400013441B780A2B03D07B6A01337B62F2E7E3
:100C500000BF7B6A3F2B4EDC07F10C0001230093A1
:100C6000402300222649FEF7BBF807F10C03796AFE
:100C70001846FEF7D2F90346002B3CD0214B1B78D7
:100C8000BFF35B8FDBB203F00103002B0CBF01232A
:100C90000023DBB2002B10D01A4810F07DFC034675
:100CA000002B14BF01230023DBB2002B05D0164814
:100CB000FEF7CEFC134810F07BFC07F10C03124941
:100CC0001846F0F7DDFF1048FEF7D3FC0346002B73
:100CD00014BF01230023DBB2002B0CD00A48FEF71F
:100CE000D4FC04460848FEF7C4FC03469BB21946F0
:100CF00020460FF0C7FF024B00221A708FE700BF9B
:100D00000C8C0224286A0224DC69022480B582B09B
:100D100000AF786079680020FFF77CFF0837BD4698
:100D200080BD000080B483B000AF7860034B1846EC
:100D30000C37BD465DF8047B704700BF0D0D010800
:100D400080B582B000AF3B1D1846FFF7EBFF0246AF
:100D5000002300214FF4967003F0A4F800BF083779
:100D6000BD4680BD80B485B000AFF860084611462E
:100D70001A4603467B810B463B811346FB80FB688A
:100D8000D3F8D420FB6893F8D230F96808335B00BD
:100D90000B44B3F90230D21AFB68C3F8D420FB68C5
:100DA0007A899A80FB6893F8D2301A46FB68B3F9C7
:100DB0000400F96802F108035B000B440146598006
:100DC000F96802F108035B000B44B3F90220FB68E9
:100DD000D3F8D4301A44FB68C3F8D420FB68D3F8A6
:100DE000D820FB6893F8D230F96828335B000B44B5
:100DF000B3F90230D21AFB68C3F8D820FB683A89ED
:100E0000DA80FB6893F8D2301A46FB68B3F9060023
:100E1000F96802F128035B000B4401465980F96828
:100E200002F128035B000B44B3F90220FB68D3F8FE
:100E3000D8301A44FB68C3F8D820FB68D3F8DC200C
:100E4000FB6893F8D230F96848335B000B44B3F980
:100E50000230D21AFB68C3F8DC20FB68FA881A81DA
:100E6000FB6893F8D2301A46FB68B3F90800F968BA
:100E700002F148035B000B4401465980F96802F116
:100E800048035B000B44B3F90220FB68D3F8DC3065
:100E90001A44FB68C3F8DC20FB6893F8D2300133B6
:100EA000DAB2FB6883F8D220FB6893F8D23003F003
:100EB0001F03DAB2FB6883F8D220FB68D3F8E02086
:100EC000B7F90A301A44FB68C3F8E020FB68D3F88E
:100ED000E420B7F908301A44FB68C3F8E420FB6843
:100EE000D3F8E820B7F906301A44FB68C3F8E820C5
:100EF000FB68D3F8EC305A1CFB68C3F8EC20FB68A5
:100F0000D3F8EC30B3F5007F2ADBFB68D3F8E03090
:100F10005A12FB68C3F8F020FB68D3F8E4305A1289
:100F2000FB68C3F8F420FB68D3F8E8305A12FB687A
:100F3000C3F8F820FB680022C3F8EC20FB68D3F864
:100F4000EC20FB68C3F8E820FB68D3F8E820FB68D6
:100F5000C3F8E420FB68D3F8E420FB68C3F8E02082
:100F600000BF1437BD465DF8047B704780B500AF05
:100F700003F06EF800BF80BD80B584B000AFB960EB
:100F80007A603B600346FB730B4804F00DFB07F1EE
:100F90000F0301221946084803F096FF7B681A46A2
:100FA000B968054804F0B6F8034804F00DFB0023C7
:100FB00018461037BD4680BD2C6A022480B584B027
:100FC00000AFB9607A603B600346FB730B4804F0E6
:100FD000EBFA07F10F0301221946084803F074FFEA
:100FE0007B681A46B968054803F06EFF034804F0B1
:100FF000EBFA002318461037BD4680BD2C6A022448
:1010000080B582B000AF786039607B68B3F57A7FD5
:1010100008D37B680B4AA2FB03239B09184603F005
:101020004BF80BE07B685A1E7A60002B14BF01233B
:101030000023DBB2002B01D000BFF3E700BF08376D
:10104000BD4680BDD34D62102DE9B04386B000AFE0
:10105000786039603B687B617B689B780B2B6ED135
:101060007B685B6807F108021146184606F0B1F884
:101070007B681A787B6983F82E207B689B68D3E9AC
:1010800000237969C1E900237B69D3E90045204643
:1010900029464FF000024FF000034B0143EAD063B2
:1010A000420110461946001B61EB05014FF000029A
:1010B0004FF000038B0143EA90638201121A63EB45
:1010C00001034FF000004FF00001D90041EA5271D6
:1010D000D00002460B4612EB040843EB05097B697E
:1010E000C3E900897B69D3E9000118A3D3E9002390
:1010F000EFF702FB02460B467B699A607B69D3E9F6
:10110000002311467B699B680F4A02FB03F3CA1A4E
:101110007B69DA60B7F908207B699A84B7F90A20FD
:101120007B69DA84B7F90C207B691A85B7F90E2040
:101130007B695A853B8A1AB27B699A8500E000BFB9
:101140001837BD46BDE8B08300CA9A3B00CA9A3B37
:101150000000000080B586B000AF786039603B6861
:101160007B617B685B6807F10C021146184606F04C
:101170007CF87B681A787B691A747B689B68D3E972
:1011800000014FF000024FF00003820942EA816241
:101190008B097B691A60B7F90C10B7F90E20B7F903
:1011A00010307869FFF7DEFD00BF1837BD4680BDFF
:1011B00080B483B000AF78607B6818460C37BD46BA
:1011C0005DF8047B7047000080B584B000AF7860A4
:1011D000396002F03DFF0023FB7307F10F0307495D
:1011E000184604F087FDFB7B002BF2D0034A4FF436
:1011F0000061034804F053FBEBE700BF9074022446
:10120000906C022480B582B000AF786079680020CD
:10121000FFF7DAFF0837BD4680BD000080B483B019
:1012200000AF7860034B18460C37BD465DF8047B71
:10123000704700BF0512010880B58CB004AF78601C
:10124000B34B02930023019340230093B14BB24A66
:10125000B249012004F09CFD03461A467B689A615E
:101260007B689B69002B40F03E81A94804F078FD23
:1012700003461A467B689A617B689B69002B40F0A5
:101280003481A349A64804F057FC03461A467B68FC
:101290009A617B689B69002B40F02981A04B1B78E9
:1012A000892B40F026810C23FB73FB7B9849184661
:1012B00004F0E9FC03461A467B689A617B689B69E7
:1012C000002B40F0188107F10F039149184604F0F4
:1012D000F6FC03461A467B689A617B689B69002B83
:1012E00040F00B810023FB77FB7F8949184604F00F
:1012F0001BFD03461A467B689A617B689B69002B3D
:1013000040F0FD8007F10E038149184604F048FCC7
:1013100003461A467B689A617B689B69002B40F004
:10132000F080BB7B03F01003002B00F0EC80784AC8
:101330007C497D4804F070FC03461A467B689A613C
:101340007B689B69002B40F0E08007F10D0370493A
:10135000184604F005FE03461A467B689A617B68CE
:101360009B69002B40F0EC807B7B002B40F0E880F9
:10137000674804F070FC03461A467B689A617B68F4
:101380009B69002B40F0DE8007F10D036049184691
:1013900004F0E6FD03461A467B689A617B689B6908
:1013A000002B40F0D1807B7B002B40F0CD80584952
:1013B0005E4804F0DBFB03461A467B689A617B6853
:1013C0009B69002B40F0C280584B1B88002B00F01B
:1013D000BD807B6803F120024D4B5549252004F068
:1013E00001FD03461A467B689A617B689B69002B66
:1013F00040F0AE807B6803F15002454B4D4904201C
:1014000004F0F0FC03461A467B689A617B689B698E
:10141000002B40F09F807B6803F5A6723C4B45494A
:101420000D2004F0DFFC03461A467B689A617B6856
:101430009B69002B40F09080354A4FF400613E4894
:1014400004F02DFA03461A467B689A617B689B6913
:10145000002B40F083802E4804F0F4FC03461A462B
:101460007B689A617B689B69002B79D1334BBB61A8
:1014700000237B61264A796997ED060A252004F04E
:101480003AFB03461A467B689A617B689B69002B8E
:1014900068D11F4A796997ED060A042004F02BFBF6
:1014A00003461A467B689A617B689B69002B5BD177
:1014B000174A796997ED060A0D2004F01CFB0346D4
:1014C0001A467B689A617B689B69002B4ED107F1B5
:1014D00010031846FFF7A2FE024600230021FA205F
:1014E00002F0E0FC43E000BF41E000BF3FE000BF8E
:1014F0003DE000BF3BE000BF39E000BF37E000BF88
:1015000035E000BF33E000BF31E000BF2FE000BF97
:101510009074022401100108BD0F0108790F010821
:10152000C87D02246CA60100106D0208CA7D022449
:101530004910010855110108906C02240000FA437B
:1015400000BF14E000BF12E000BF10E000BF0EE0DB
:1015500000BF0CE000BF0AE000BF08E000BF06E0EB
:1015600000BF04E000BF02E000BF00E000BF203782
:10157000BD4680BD80B483B000AF78607B68D3F88F
:101580002431002B00DA1F335B111A467B681A6086
:101590007B68D3F82831002B00DA1F335B111A4621
:1015A0007B685A607B68D3F82C31002B00DA1F333C
:1015B0005B111A467B689A607B68D3F82032002B57
:1015C00000DA1F335B111A467B68DA607B68D3F858
:1015D0002432002B00DA1F335B111A467B681A6134
:1015E0007B68D3F82832002B00DA1F335B111A46D0
:1015F0007B685A6100BF0C37BD465DF8047B7047BD
:1016000080B586B004AF786039607B68012B15D156
:101610003B684FF6FF72934210D110230393094B9E
:10162000029302230193084B00930323064A0749C0
:10163000074803F09CFA0748FFF7BAFD00BF0837D8
:10164000BD4680BD0000025800000240003001404D
:101650002C6A0224486A022480B500AF4FF6FF715D
:101660000120FFF7CDFF80BD80B483B000AF78606C
:1016700039607B683A689A6100BF0C37BD465DF8F7
:10168000047B704780B483B000AF786039603B68FA
:101690001A047B689A6100BF0C37BD465DF8047B75
:1016A0007047000080B584B000AF786039601B4B94
:1016B0001B68002B12D14FF480611948FFF7D4FF4B
:1016C0004FF4967002F0F8FC4FF480611448FFF775
:1016D000D9FF4FF4967002F0EFFCE8E70023FB60BF
:1016E0000E4B1B68FA689A4213DC4FF480610C4879
:1016F000FFF7BAFFC82002F0DFFC4FF48061084812
:10170000FFF7C0FFC82002F0D7FCFB680133FB6085
:10171000E6E74FF42F7002F0CFFCC8E7CC7D02243F
:101720000010025880B582B000AF78607968002060
:10173000FFF7B8FF0837BD4680BD000080B483B016
:1017400000AF7860034B18460C37BD465DF8047B4C
:10175000704700BF2517010880B582B000AF3B1D60
:101760001846FFF7EBFF03461A460021C82000F099
:1017700004F800BF0837BD4680BD80B584B000AF17
:10178000F860B9607A6000237A68B968F86802F096
:1017900089FB00BF1037BD4680BD80B582B000AF69
:1017A000786039603B681B681846EFF7BDFB03465D
:1017B00018460837BD4680BD80B582B000AF78605E
:1017C00079680020FFF7E9FF034618460837BD4651
:1017D00080BD000080B483B000AF7860034B184632
:1017E0000C37BD465DF8047B704700BFB917010890
:1017F00080B584B000AF786007F10C031846FFF79E
:10180000E9FF02463B1D11461846FDF739FE00BFB1
:101810001037BD4680BD80B483B000AF78607B6870
:101820001B6C9BB218460C37BD465DF8047B7047B5
:1018300080B483B000AF786039607B681A693B6818
:1018400013403A689A4201D1012300E00023184670
:101850000C37BD465DF8047B7047000080B582B050
:1018600000AF4FF4C87002F03BFAFFF775FFFFF7C7
:1018700067FAFFF73BF9FDF7D3FDFEF775FC7348F8
:10188000FFF7DAFCFEF726F84FF480517048FFF7B7
:10189000CFFF0346002B08D180216D48FFF7C8FF1A
:1018A0000346002B01D1012300E00023002B01D0CF
:1018B000EFF70CFCEFF7D8FB664B1B6840F2CF72DA
:1018C0009342D4BF01230023DBB2002B00D0F3E707
:1018D00001210120FDF7BEFD0A20EFF715FB78601E
:1018E0007868FFF785FF0A20EFF70EFB786057480E
:1018F000FFF740FE584B1B6898474FF480515448FF
:10190000FFF796FF0346002B0CBF01230023DBB239
:10191000002B19D0514B1B68002B07D140F6152026
:10192000F0F7D2FE03461846EFF72AFD4B4B1E2276
:101930001A604B4A4B4B13441B6843F00102484961
:10194000484B0B441A6012E0444B1B68002B04D038
:10195000424B1B68013B414A1360414A414B1344CF
:101960001B6823F001023E493E4B0B441A60802164
:101970003748FFF75DFF0346002B0CBF0123002310
:10198000DBB2002B19D0384B1B68002B07D140F677
:101990001620F0F799FE03461846EFF7F1FC324B9C
:1019A0001E221A602E4A2F4B13441B6843F002027A
:1019B0002B492C4B0B441A6012E02B4B1B68002B5D
:1019C00004D0294B1B68013B274A1360244A254B4E
:1019D00013441B6823F002022149224B0B441A6076
:1019E0002248FFF718FF034619461D4A204B1344AF
:1019F00019601B4A1E4B13441B6840F69B1293420E
:101A00000EDC1C4B1B7883F00103DBB2002B07D0EC
:101A1000184B01221A7018490320FDF71BFD13E033
:101A2000144B1B78002B3FF45BAF0D4A104B134453
:101A30001B68B3F51D6FFFF653AF0E4B00221A70F3
:101A400000210320FDF706FD4AE700BF486A022493
:101A50000004025860850224FCEB0124D07D02249E
:101A60009423002434AF0100D47D022400200240DE
:101A700038AF0100D87D0224A086010080B483B075
:101A800000AF78607B6818460C37BD465DF8047B74
:101A90007047000080B582B000AF786039607B6825
:101AA000012B07D13B684FF6FF72934202D10348E6
:101AB000FFF7E4FF00BF0837BD4680BDDC7D022490
:101AC00080B500AF4FF6FF710120FFF7E3FF80BD47
:101AD00080B483B000AF78607B6818460C37BD4691
:101AE0005DF8047B7047000080B584B000AFF860FB
:101AF000B9607A60B868EEF7ECFF0346522B0CBF72
:101B000001230023DBB2002B2CD0184A184B1344BE
:101B100001221A60B868FDF75BFA02461349154BBB
:101B20000B441A60B868FDF7D3F902460F49124B0F
:101B30000B441A60B868FDF7CBF902460B490F4B0E
:101B40000B441A60B868FDF7C3F9024607490C4B0D
:101B50000B441A60B868FDF7BBF902460349094B0C
:101B60000B441A6000BF1037BD4680BD942300248B
:101B70003CAF010040AF010048AF01004CAF010095
:101B800054AF010058AF010080B483B000AF78605B
:101B9000194A1A4B134400221A60174A174B134470
:101BA0001A681549164B0B441A60134A144B134418
:101BB0001A681149134B0B441A600F4A114B134416
:101BC0001A680D49104B0B441A600B4A0E4B134414
:101BD0001A6809490D4B0B441A60074A0B4B134412
:101BE0001A6805490A4B0B441A6000BF0C37BD4602
:101BF0005DF8047B704700BF9423002458AF0100B8
:101C000054AF01004CAF010048AF010040AF0100EC
:101C10003CAF010080B582B000AF786039607B686E
:101C2000012B07D13B684FF6FF72934202D1034864
:101C3000FFF74EFF00BF0837BD4680BDDC810224A0
:101C400080B500AF4FF6FF710120FFF7E3FF80BDC5
:101C500080B485B000AFF8607A603B600B46FB72E1
:101C6000FB68FA7A1A707B689AB2FB685A803B6804
:101C70009AB2FB689A80BB699AB2FB68DA80FB690A
:101C80009AB2FB681A813B6A9AB2FB685A817B6AF6
:101C90009AB2FB689A81BB6A9AB2FB68DA81FB6AE6
:101CA0009AB2FB681A8200BF1437BD465DF8047B08
:101CB0007047000080B584B000AFF860B9607A600A
:101CC000FB681B781946786800F04AFBFB681B78B4
:101CD000013B162B00F2458201A252F823F000BF0F
:101CE0003D1D0108631D01087D1D0108A31D01089C
:101CF000C91D0108C91D0108131E0108131E010892
:101D0000751E0108371F0108991F0108CB1F010824
:101D1000E51F0108A7200108092101083B2101084E
:101D2000632101086321010863210108632101087F
:101D3000632101086321010855210108FB685B88C4
:101D40001946786800F05DFBFB689B881946786847
:101D500000F057FBFB68DB881946786800F051FB00
:101D6000FFE1FB685B881A460021B8680AF082FA36
:101D700003461946786800F051FBF2E1FB685B8886
:101D80001A460021B8680AF075FA034619467868C1
:101D900000F044FBFB689B881946786800F031FB33
:101DA000DFE1FB685B881A460021B8680AF062FA36
:101DB00003461946786800F031FBFB689B8819469A
:101DC000786800F01EFBCCE1FB685B881A460021B6
:101DD000B8680AF04FFA03461946786800F02BFB02
:101DE000FB689B881A460021B8680AF043FA03464C
:101DF0001946786800F01FFBFB68DB881A46002153
:101E0000B8680AF037FA03461946786800F013FB01
:101E1000A7E1FB685B881A460021B8680AF02AFA35
:101E200003461946786800F006FBFB689B881A4653
:101E30000021B8680AF01EFA03461946786800F0D7
:101E4000FAFAFB68DB881A460021B8680AF012FA31
:101E500003461946786800F0EEFAFB681B891A46BB
:101E60000021B8680AF006FA03461946786800F0BF
:101E7000E2FA76E1FB685B881A460021B8680AF04E
:101E8000F9F903461946786800F0D5FAFB689B8893
:101E90001A460021B8680AF0EDF903461946786839
:101EA00000F0C9FAFB68DB881A460021B8680AF01E
:101EB000E1F903461946786800F0BDFAFB681B8912
:101EC0001A460021B8680AF0D5F903461946786821
:101ED00000F0B1FAFB685B891A460021B8680AF085
:101EE000C9F903461946786800F0A5FAFB689B8992
:101EF0001A460021B8680AF0BDF903461946786809
:101F000000F099FAFB68DB891A460021B8680AF0EC
:101F1000B1F903461946786800F08DFAFB681B8A10
:101F20001A460021B8680AF0A5F9034619467868F0
:101F300000F081FA15E1FB685B881A460021B86859
:101F40000AF098F903461946786800F074FAFB68BD
:101F50009B881A460021B8680AF08CF90346194696
:101F6000786800F068FAFB68DB881A460021B868D8
:101F70000AF080F903461946786800F05CFAFB68BD
:101F80001B891A460021B8680AF074F903461946FD
:101F9000786800F050FAE4E0FB685B881A4600219C
:101FA000B8680AF067F903461946786800F043FA02
:101FB000FB689B881A460021B8680AF05BF9034663
:101FC0001946786800F037FACBE0FB685B881A4660
:101FD0000021B8680AF04EF903461946786800F007
:101FE0002AFABEE0FB685B881A460021B8680AF04E
:101FF00041F903461946786800F02AFAFB689B8885
:102000001A460021B8680AF035F90346194678687F
:1020100000F01EFAFB68DB881A460021B8680AF057
:1020200029F903461946786800F012FAFB681B8903
:102030001A460021B8680AF01DF903461946786867
:1020400000F006FAFB685B891A460021B8680AF0BE
:1020500011F903461946786800F0FAF9FB689B8984
:102060001A460021B8680AF005F90346194678684F
:1020700000F0EEF9FB68DB891A460021B8680AF027
:10208000F9F803461946786800F0E2F9FB681B8A04
:102090001A460021B8680AF0EDF803461946786838
:1020A00000F0D6F95DE0FB685B881A460021B8684D
:1020B0000AF0E0F803461946786800F0C9F9FB68B1
:1020C0009B881A460021B8680AF0D4F803461946DE
:1020D000786800F0BDF9FB68DB881A460021B86813
:1020E0000AF0C8F803461946786800F0B1F9FB68B1
:1020F0001B891A460021B8680AF0BCF80346194645
:10210000786800F0A5F92CE0FB685B881A4600218E
:10211000B8680AF0AFF803461946786800F098F9F5
:10212000FB689B881A460021B8680AF0A3F80346AA
:102130001946786800F08CF913E0FB685B881A4652
:102140000021B8680AF096F803461946786800F04E
:102150007FF906E0FB685B881946786800F051F962
:1021600000BF00BF1037BD4680BD00BF80B582B044
:1021700000AF78607B6803F59063184600F075F94E
:102180007B6803F5D163184600F082F97B68184636
:102190000837BD4680BD80B588B006AF78607B68E3
:1021A0000022C3F890280023059300230493002302
:1021B000039300230293002301930123009304233C
:1021C00001220121786800F099F80023059300238B
:1021D000049300230393002302930023019300231D
:1021E0000093C82301220421786800F087F80023B7
:1021F00005930023049300230393002302930023F9
:10220000019300230093002300220B21786800F043
:1022100075F8002305930023049300230393002300
:1022200002930023019300230093002305221B2126
:10223000786800F063F87B68012283F8942800BF77
:102240000837BD4680BD80B584B000AF7860396086
:102250007B6893F89438002B41D07B6803F590633A
:10226000184600F028F90023FB607B68D3F890380B
:10227000FA689A4211DAFA681346DB0013445B00ED
:102280007A68D0187B6803F590631A463968FFF7BF
:1022900011FDFB680133FB60E7E77B6803F59063A2
:1022A0000021184600F05CF87B6803F590638022FB
:1022B000FE21184600F014F97B6803F59063184678
:1022C00000F02DF97B6803F5D163184600F05BF947
:1022D00003464FF400720221184611F00BFC00BFB8
:1022E0001037BD4680BD80B483B000AF78603960E0
:1022F00000BF0C37BD465DF8047B704780B58AB0DF
:1023000006AFF8607A603B600B46FB72FB68D3F85F
:1023100090383F2B01DD00231EE0FB68D3F89028A6
:10232000511CFB68C3F890181346DB0013445B0094
:10233000FA68D018F97AFB6A0593BB6A04937B6A42
:1023400003933B6A0293FB690193BB6900933B686B
:102350007A68FFF77DFC012318461037BD4680BD23
:1023600080B485B000AF786039603B6803F01F032C
:102370003B607B68D3F80432C3F10703FB607B68E2
:10238000D3F800327A68D25C7B68D3F804323968BB
:1023900001FA03F3DBB21343DAB27B68D3F80032FD
:1023A00062F07F02D1B27A68D154FB68052B1BDC46
:1023B0007B68D3F800325A1C7B68C3F800223A6865
:1023C000FB6842FA03F35BB263F07F035AB27B68A7
:1023D000D3F80032D1B27A68D154FB68C3F1050258
:1023E0007B68C3F8042206E07B68D3F804325A1DE8
:1023F0007B68C3F8042200BF1437BD465DF8047B38
:10240000704780B582B000AF78603960396878680D
:1024100000F0CCF800BF0837BD4680BD80B582B063
:1024200000AF786039603968786800F01CF900BF47
:102430000837BD4680BD80B582B000AF7860396096
:102440003968786800F070F900BF0837BD4680BD74
:1024500080B582B000AF786039603968786800F084
:10246000C0F900BF0837BD4680BD80B483B000AF5F
:1024700078607B680022C3F800227B680022C3F8E2
:1024800004227B6818460C37BD465DF8047B704714
:1024900080B483B000AF78607B680022C3F800226C
:1024A0007B680022C3F804227B6818460C37BD46BF
:1024B0005DF8047B704780B483B000AF78607B68C0
:1024C0000022C3F804227B680022C3F800227B6844
:1024D00000221A7000BF0C37BD465DF8047B7047C0
:1024E00080B584B000AFF860B9601346FB71FB683B
:1024F000D3F80032BA68D31AFA68D2F80422002A54
:1025000002D04FF0FF3200E000221344FA7919465E
:10251000F86800F0C4F900BF1037BD4680BD80B533
:1025200082B000AF78607B68D3F80432002B06D00D
:102530007B68D3F800325A1C7B68C3F800227868A5
:102540007B68D3F8001200230022FCF70BFC034643
:102550005BB263F07F035AB27B68D3F80032D1B22A
:102560007A68D1547B68D3F800325A1C7B68C3F870
:1025700000227B68D3F800327A680021D15400BF72
:102580000837BD4680BD80B483B000AF78607B68FB
:102590000122C3F800227B680022C3F804227B6872
:1025A00018460C37BD465DF8047B704780B485B093
:1025B00000AF786039603B68DBB23B607B68D3F882
:1025C0000432C3F10703FB607B68D3F80032591C67
:1025D0007A68C2F800127A68D15C7A68D2F804226C
:1025E000386800FA02F2D2B20A43D2B262F07F0235
:1025F000D1B27A68D1543A68FB6842FA03F33B607F
:10260000FB68C3F10803FB60FB68062B16DD3B6823
:102610005BB263F07F035BB2D8B27B68D3F8003261
:10262000591C7A68C2F800127A680146D1543B6896
:10263000DB113B60FB68073BFB60E5E77B68FA6802
:10264000C3F804223B685BB263F07F035AB27B6835
:10265000D3F80032D1B27A68D15400BF1437BD46E6
:102660005DF8047B704780B485B000AF7860396056
:102670007B68D3F80432C3F10703FB607B68D3F8AF
:102680000032591C7A68C2F800127A68D15C7A6804
:10269000D2F80422386800FA02F2D2B20A43D2B267
:1026A00062F07F02D1B27A68D1543A68FB6842FA8C
:1026B00003F33B604FF0FF32FB68DA403B681340A6
:1026C0003B60FB68C3F12003FB60FB68062B16DD53
:1026D0003B685BB263F07F035BB2D8B27B68D3F830
:1026E0000032591C7A68C2F800127A680146D15447
:1026F0003B68DB113B60FB68073BFB60E5E77B6801
:10270000FA68C3F804223B685BB263F07F035AB2F5
:102710007B68D3F80032D1B27A68D15400BF143745
:10272000BD465DF8047B704780B485B000AF78602B
:1027300039603B689BB23B607B68D3F80432C3F1DD
:102740000703FB607B68D3F80032591C7A68C2F833
:1027500000127A68D15C7A68D2F80422386800FAEC
:1027600002F2D2B20A43D2B262F07F02D1B27A68E8
:10277000D1543A68FB6842FA03F33B60FB68C3F14B
:102780001003FB60FB68062B16DD3B685BB263F051
:102790007F035BB2D8B27B68D3F80032591C7A68E9
:1027A000C2F800127A680146D1543B68DB113B60E5
:1027B000FB68073BFB60E5E77B68FA68C3F8042227
:1027C0003B685BB263F07F035AB27B68D3F8003298
:1027D000D1B27A68D15400BF1437BD465DF8047B8E
:1027E000704780B485B000AF786039603B68C3F350
:1027F0000B033B607B68D3F80432C3F10703FB6033
:102800007B68D3F80032591C7A68C2F800127A68E3
:10281000D15C7A68D2F80422386800FA02F2D2B2A7
:102820000A43D2B262F07F02D1B27A68D1543A68D8
:10283000FB6842FA03F33B60FB68C3F10C03FB60E7
:10284000FB68062B16DD3B685BB263F07F035BB26F
:10285000D8B27B68D3F80032591C7A68C2F80012EB
:102860007A680146D1543B68DB113B60FB68073B4B
:10287000FB60E5E77B68FA68C3F804223B685BB25B
:1028800063F07F035AB27B68D3F80032D1B27A6822
:10289000D15400BF1437BD465DF8047B704780B447
:1028A00085B000AFF860B9601346FB71BB68002BC0
:1028B0002BDBFB68D3F80432002B0AD0FB68D3F87B
:1028C00000325A1CFB68C3F80022FB680022C3F8E0
:1028D0000422BB685A1EBA60002B14BF01230023D8
:1028E000DBB2002B0BD0F879FB68D3F80032591C0F
:1028F000FA68C2F80012FA680146D154E9E7FB68A9
:10290000D3F80032FA680021D15400BF1437BD4615
:102910005DF8047B704780B483B000AF78607B685B
:102920001B6818460C37BD465DF8047B704780B4C1
:1029300083B000AF78607B6800225A6100BF0C371B
:10294000BD465DF8047B704780B489B000AF786005
:102950007B68FB60FB6853E8003FBB60BB6843F0EB
:102960000403FB617B68FA69BA617B617969BA69C2
:1029700041E800233B613B69002B14BF0123002386
:10298000DBB2002B00D0E3E700BF2437BD465DF883
:10299000047B704780B489B000AF78607B68FB60CF
:1029A000FB6853E8003FBB60BB6843F00803FB6172
:1029B0007B68FA69BA617B617969BA6941E8002389
:1029C0003B613B69002B14BF01230023DBB2002BCA
:1029D00000D0E3E700BF2437BD465DF8047B7047B5
:1029E00080B483B000AF78607B685B6843F400021A
:1029F0007B685A6000BF0C37BD465DF8047B7047AA
:102A000080B483B000AF786039607B685B6903F0A5
:102A10007F423B681A437B685A6100BF0C37BD4652
:102A20005DF8047B704780B483B000AF78607B684A
:102A3000DB6903F08063B3F1806F01D1012300E013
:102A4000002318460C37BD465DF8047B704780B400
:102A500083B000AF78607B6802221A6200BF0C3737
:102A6000BD465DF8047B704780B483B000AF7860EA
:102A70007B6804221A6200BF0C37BD465DF8047BF8
:102A8000704780B483B000AF78607B684FF4006219
:102A90001A6200BF0C37BD465DF8047B704780B4F6
:102AA00089B000AF78607B68FB60FB6853E8003F4B
:102AB000BB60BB6843F04003FB617B68FA69BA61A5
:102AC0007B617969BA6941E800233B613B69002B6E
:102AD00014BF01230023DBB2002B00D0E3E700BFCB
:102AE0002437BD465DF8047B704780B489B000AFE1
:102AF00078607B68FB60FB6853E8003FBB60BB68A5
:102B000043F08063FB617B68FA69BA617B61796934
:102B1000BA6941E800233B613B69002B14BF0123E4
:102B20000023DBB2002B00D0E3E700BF2437BD4613
:102B30005DF8047B704780B489B000AF78607B6833
:102B40000833FB60FB6853E8003FBB60BB6843F0A1
:102B50008053FB617B680833FA69BA617B617969EC
:102B6000BA6941E800233B613B69002B14BF012394
:102B70000023DBB2002B00D0E1E700BF2437BD46C5
:102B80005DF8047B704780B489B000AF78607B68E3
:102B9000FB60FB6853E8003FBB60BB6823F0400369
:102BA000FB617B68FA69BA617B617969BA6941E85E
:102BB00000233B613B69002B14BF01230023DBB2E0
:102BC000002B00D0E3E700BF2437BD465DF8047B4F
:102BD000704780B489B000AF78607B68FB60FB68A9
:102BE00053E8003FBB60BB6823F08063FB617B68F8
:102BF000FA69BA617B617969BA6941E800233B618E
:102C00003B69002B14BF01230023DBB2002B00D053
:102C1000E3E700BF2437BD465DF8047B704780B40E
:102C200089B000AF78607B680833FB60FB6853E8CD
:102C3000003FBB60BB6823F08053FB617B680833B7
:102C4000FA69BA617B617969BA6941E800233B613D
:102C50003B69002B14BF01230023DBB2002B00D003
:102C6000E1E700BF2437BD465DF8047B704780B4C0
:102C700083B000AF78607B681B6803F04003402B93
:102C800001D1012300E0002318460C37BD465DF852
:102C9000047B704780B483B000AF78607B685B6A68
:102CA000DBB218460C37BD465DF8047B704780B434
:102CB00083B000AF78600B46FB70FA787B689A624D
:102CC00000BF0C37BD465DF8047B704780B483B00D
:102CD00000AF78607B689B6943F008027B689A616B
:102CE00000BF0C37BD465DF8047B704780B582B0ED
:102CF00000AF786039607B683A685A647B68483313
:102D000014211846F0F7ACF87B6848331846FFF7F3
:102D100002FE7B6848331846FFF709FE7B681846B9
:102D20000837BD4680BD80B582B000AF78607B6853
:102D300009229A627B6800225A627B6848331946EE
:102D4000786800F039F87B685B6C1846FFF71BFF6A
:102D50007B685B6C1846FFF73CFF7B685B6C184632
:102D6000FFF75DFF7B685B6C4FF4C8711846FFF797
:102D700047FE7B685B6C1846FFF732FE7B685B6C36
:102D80001846FFF707FE7B685B6C1846FFF7DCFD13
:102D900000BF0837BD4680BD80B582B000AF786007
:102DA00039607B685B6C3A6811461846FFF728FE6D
:102DB00000BF0837BD4680BD80B483B000AF7860E7
:102DC00039607B685B6A082B08DC39687B685B6A62
:102DD000581C7A6850627A6842F8231000BF0C379A
:102DE000BD465DF8047B704780B584B000AF786065
:102DF0007B685B6C1846FFF72AFE7B685B6C1846A5
:102E0000FFF732FE0023FB607B685B6AFA689A4238
:102E10000ADA7B68FA6853F822301846F0F788FB24
:102E2000FB680133FB60EFE77B6800229A627B68F6
:102E30009A6A7B685B6A9A4202DA786800F004F862
:102E400000BF1037BD4680BD90B597B000AF786029
:102E500007F108031846FCF7FBFB7B689A6A7B685E
:102E60005B6A9A424CDA7B689A6A7B6853F8220064
:102E70007B6803F12C0207F108031946F0F7EDFB1C
:102E800007F108031846FCF7F4FB0346002B14BFB8
:102E900001230023DBB2002B2CD000237B6507F13C
:102EA00008031846FCF7E5FB02467B6D9342B4BF6E
:102EB00001230023DBB2002B12D07B685C6C07F18E
:102EC00008031846FCF7E1FB02467B6D13441B78B0
:102ED00019462046FFF7EBFE7B6D01337B65DEE78D
:102EE0007B6800221A647B685B6C1846FFF7D7FD8D
:102EF00000BF05E07B689B6A5A1C7B689A62ACE75E
:102F000000BF5C37BD4690BD80B582B000AF786031
:102F10007B689B6A5A1C7B689A627868FFF794FF0B
:102F200000BF0837BD4680BD80B58AB002AF78606B
:102F30007B685B6C1846FFF79AFE0346002B14BFB4
:102F400001230023DBB2002B19D07B685B6C184691
:102F5000FFF719FE7B685B6C1846FFF7B7FE7B68CE
:102F60005B6C1846FFF78DFD7B685B6C1846FFF7BE
:102F7000BCFD7B685B6C1846FFF7DDFDC3E07B683A
:102F80005B6C1846FFF74FFD0346002B14BF01236F
:102F90000023DBB2002B00F0A9807B68DB6A062BE4
:102FA00027D17B685B6C1846FFF774FE0346184612
:102FB0007B681B6C591C7A6811647A68134402465A
:102FC00083F830207B685B6C1846FFF763FE03468E
:102FD00018467B681B6C591C7A6811647A68134424
:102FE000024683F830207B68DB6A9A1E7B68DA62CF
:102FF00048E07B685B6C1846FFF74CFE03461846BA
:103000007B681B6C591C7A6811647A681344024609
:1030100083F830207B685B6C1846FFF73BFE034665
:1030200018467B681B6C591C7A6811647A681344D3
:10303000024683F830207B685B6C1846FFF72AFE57
:10304000034618467B681B6C591C7A6811647A68C1
:103050001344024683F830207B685B6C1846FFF708
:1030600019FE034618467B681B6C591C7A6811646C
:103070007A681344024683F830207B68DB6A1A1FA3
:103080007B68DA627B68DB6A002B3CD17B685B6C17
:103090001846FFF79EFD7B685B6C1846FFF7BFFD87
:1030A0007B6803F1300107F10C000023009347F621
:1030B000FF730022FBF794FE7B681A6C07F10C0388
:1030C00011461846FBF7A9FF0346002B0AD07B6880
:1030D0009A6A7B6853F8223007F10C0211461846B1
:1030E000F0F72DFB7868FFF70FFF0CE07B685B6C57
:1030F0001846FFF76EFD7B685B6C1846FFF78FFD87
:103100007868FFF701FF2037BD4680BD80B483B0EB
:1031100000AF7860064B1A687B68134403F07F03A6
:10312000044AD35C18460C37BD465DF8047B7047F3
:1031300060820224E081022480B483B000AF786012
:10314000084B1A687B681344064A1360054B1B68DA
:1031500003F07F03034A136000BF0C37BD465DF8E0
:10316000047B70476082022480B485B000AF786031
:1031700039607B68FB600C4A3B6813441B781A4635
:10318000FB6813441B6808493A680A4412781146E0
:10319000FA680A4443F00103136000BF1437BD46C8
:1031A0005DF8047B704700BF7C13040880B485B0D1
:1031B00000AF786039607B68FB600C4A3B68134461
:1031C0001B781A46FB6813441B6808493A680A448E
:1031D00012781146FA680A4423F00103136000BF15
:1031E0001437BD465DF8047B704700BF7C130408AC
:1031F00080B487B000AFF860B9607A60FB687B612B
:103200000D4ABB6813441B781A467B6913441B683C
:1032100023F490720849BB680B441B7819467B69FC
:103220000B4419467B6813430B6000BF1C37BD4637
:103230005DF8047B704700BF7C13040880B487B03E
:1032400000AFF860B9607A60FB687B610D4ABB68CB
:1032500013441B781A467B6913445A680A4B13407F
:103260000849BA680A44127811467A690A44114634
:103270007A6813434B6000BF1C37BD465DF8047B82
:10328000704700BF7C1304080000FFFF80B485B0C6
:1032900000AF786039607B68FB60074A3B68134485
:1032A0001B781A46FB6813445B689BB218461437B8
:1032B000BD465DF8047B70477C13040880B487B07A
:1032C00000AFF860B9607A60FB687B61074ABB6851
:1032D00013441B781A467B6913441A467B68D360F3
:1032E00000BF1C37BD465DF8047B70477C130408A3
:1032F00080B487B000AFF860B9607A60FB687B612A
:10330000074ABB6813441B781A467B6913441A4664
:103310007B68936000BF1C37BD465DF8047B704737
:103320007C13040880B483B000AF78607B684FF4EE
:1033300080629A6000BF0C37BD465DF8047B704721
:1033400080B483B000AF78607B684FF400629A600D
:1033500000BF0C37BD465DF8047B704780B483B076
:1033600000AF78607B684FF400729A6000BF0C3742
:10337000BD465DF8047B704780B483B000AF7860D1
:103380007B681B6843F001027B681A6000BF0C3742
:10339000BD465DF8047B704780B483B000AF7860B1
:1033A0007B681B6823F001027B681A6000BF0C3742
:1033B000BD465DF8047B704780B483B000AF786091
:1033C0007B681B6823F000527B681A6000BF0C37D3
:1033D000BD465DF8047B704780B489B000AF78606B
:1033E0007B68FB60FB6853E8003FBB60BB6843F051
:1033F0000403FB617B68FA69BA617B617969BA6928
:1034000041E800233B613B69002B14BF01230023EB
:10341000DBB2002B00D0E3E700BF2437BD465DF8E8
:10342000047B704780B489B000AF78607B68FB6034
:10343000FB6853E8003FBB60BB6843F00803FB61D7
:103440007B68FA69BA617B617969BA6941E80023EE
:103450003B613B69002B14BF01230023DBB2002B2F
:1034600000D0E3E700BF2437BD465DF8047B70471A
:1034700080B489B000AF78607B68FB60FB6853E87C
:10348000003FBB60BB6823F00803FB617B68FA69FF
:10349000BA617B617969BA6941E800233B613B69A4
:1034A000002B14BF01230023DBB2002B00D0E3E785
:1034B00000BF2437BD465DF8047B704780B483B0FD
:1034C00000AF78607B685B6843F400027B685A60F9
:1034D00000BF0C37BD465DF8047B704780B483B0F5
:1034E00000AF786039607B685B6903F07F423B68BE
:1034F0001A437B685A6100BF0C37BD465DF8047BF8
:10350000704780B483B000AF78607B68DB6903F4F8
:103510000063B3F5006F01D1012300E000231846DA
:103520000C37BD465DF8047B704780B483B000AFB4
:1035300078607B6840221A6200BF0C37BD465DF898
:10354000047B704780B483B000AF78607B684FF431
:1035500000621A6200BF0C37BD465DF8047B7047FD
:1035600080B489B000AF78607B680833FB60FB688B
:1035700053E8003FBB60BB6843F04003FB617B68DE
:103580000833FA69BA617B617969BA6941E8002355
:103590003B613B69002B14BF01230023DBB2002BEE
:1035A00000D0E1E700BF2437BD465DF8047B7047DB
:1035B00080B489B000AF78607B680833FB60FB683B
:1035C00053E8003FBB60BB6843F08003FB617B684E
:1035D0000833FA69BA617B617969BA6941E8002305
:1035E0003B613B69002B14BF01230023DBB2002B9E
:1035F00000D0E1E700BF2437BD465DF8047B70478B
:1036000080B489B000AF78607B680833FB60FB68EA
:1036100053E8003FBB60BB6823F08003FB617B681D
:103620000833FA69BA617B617969BA6941E80023B4
:103630003B613B69002B14BF01230023DBB2002B4D
:1036400000D0E1E700BF2437BD465DF8047B70473A
:1036500080B483B000AF786039607B683A68DA6024
:1036600000BF0C37BD465DF8047B704780B487B05F
:1036700000AF786039604FF6FF73FB8241F221039F
:103680007B8100233B613A693B689A4227D27A6882
:103690003B6913441B781B021AB2B7F9163053402A
:1036A0001BB2FB820023FB60FB68072B13DCB7F91E
:1036B0001630002B08DAFB8A5B001AB241F22103B4
:1036C00053401BB2FB8202E0FB8A5B00FB82FB687B
:1036D0000133FB60E8E73B6901333B61D3E7B7F9AE
:1036E000163018461C37BD465DF8047B7047000055
:1036F00080B500AF00210648FFF7C8FD0346054A24
:1037000012681344C3F1800303F07F03184680BDA1
:10371000000402406082022480B584B000AFFFF74D
:10372000E7FF0346544A13605448FFF7EAFE034696
:10373000002B14BF01230023DBB2002B00F0988084
:103740004F4B01221A704F4B1B6809333B60FFF748
:10375000CFFF02463B685B009A420CBF0123002367
:10376000DBB2002B7BD0484BFB600023BB603B6887
:103770005B00BA689A420DDAB868FFF7C7FC0346E7
:103780001946FB685A1CFA600A461A70BB68013376
:10379000BB60ECE73B68013B3B603B685B00194664
:1037A0003948FFF763FF03461A46334B1A60364A1F
:1037B0003B6832F91320304B1B681BB29A424ED142
:1037C000314BB3F9003018462F4BB3F904301A04CB
:1037D0002D4BB3F902309BB213431946EEF784FF29
:1037E000294BB3F906301846274BB3F90A301A04AF
:1037F000254BB3F908309BB213431946EEF774FF1B
:10380000214BB3F90C301A46204B1A601E4BB3F90A
:103810000E301A461D4B5A6000237B60194B1B6803
:103820007A689A421BDA1A4A1A4B13441A687B6860
:1038300042FA03F303F00103002B0CD0164A7B6815
:1038400052F823207B6808330F4931F913301946A9
:103850001046FFF7FDFE7B6801337B60DEE7FFF774
:1038600047FF03461846FFF767FC0448FFF76AFE68
:1038700000BF1037BD4680BD708202240010014099
:103880006C8202248823002474820224648202242D
:10389000942300245CAF0100E422002490B585B09D
:1038A00000AF864B1B7883F00103DBB2002B40F0A6
:1038B0000181824B00221A70814BB3F95420814B55
:1038C0001A807F4BB3F956207E4B5A807C4BB3F95C
:1038D00058207C4B9A807A4BB3F95021794BDA808F
:1038E000774BB3F95221774B1A81754BB3F95421B9
:1038F000744B5A81724BB3F94420724B9A81704BCE
:10390000B3F946206F4BDA816D4BB3F948206D4B0C
:103910001A826B4BB3F94A206A4B5A8240F6B34085
:10392000EEF7D2FEB860BB681AB2664B9A82BB68EB
:103930001B141AB2634BDA8240F6B540EEF7C4FEB0
:1039400003461BB2DBB21CB240F6B640EEF7BCFE3B
:1039500003461B021BB223F0FF031BB223431AB220
:10396000584B1A8340F6B840EEF7AEFE03461BB242
:10397000DBB21CB240F6B940EEF7A6FE03461B02CE
:103980001BB223F0FF031BB223431AB24D4B5A83E1
:103990004D4B1B681AB24B4B9A834B4B1B68184616
:1039A000EEF792FEB860BB681AB2464BDA83BB688A
:1039B0001B141AB2434B1A84434B5B681AB2414B37
:1039C0005A84414B5B681846EEF77EFEB860BB68D0
:1039D0001AB23C4B9A84BB681B141AB2394BDA8476
:1039E0000023FB60394B1B68FA689A4222DA384A96
:1039F000FB6852F823301846EDF735F90246FB68AC
:103A00000A335B0011B22F4A22F81310304AFB68C8
:103A100052F8233002211846EDF714F90246FB68EC
:103A20005B00153311B2274A22F81310FB680133EB
:103A3000FB60D7E7254B1B680A335B007B607B6824
:103A40005B0019461F48FFF711FE034619461D4A41
:103A50007B6822F813101F48FFF7D2FD1D48FFF7BF
:103A600007FD01211C48FFF7A1FB7B6801335B00C8
:103A70001A4601211848FFF7E1FB124B1A460121B3
:103A80001548FFF71BFC1448FFF75AFC1248FFF7D4
:103A900049FC1148FFF762FC0E48FFF746FD012183
:103AA0000D48FFF761FB0B48FFF7BCFC0948FFF727
:103AB0007FFD00E000BF1437BD4690BD6C8202243C
:103AC000486A0224D88202246482022488230024C3
:103AD000E4220024001001400004024080B582B0BE
:103AE00000AF78601D48FFF757FC1C48FFF764FCE7
:103AF000802200211A48FFF7A1FB1A4A002118482A
:103B0000FFF7F6FB184B1A4600211548FFF7D6FBC6
:103B10004FF4807200211248FFF76AFB0021104821
:103B2000FFF722FB114A01210D48FFF7E1FB0B488B
:103B3000FFF716FD0948FFF74FFC28210748FFF75C
:103B4000CDFC0648FFF7FEFC0448FFF7B7FC03482E
:103B5000FFF712FC00BF0837BD4680BD00100140D2
:103B60000004024024100140E0810224281001409A
:103B700080B483B000AF786000BF0C37BD465DF8FD
:103B8000047B704780B400AFBFF34F8F00BF064B7C
:103B9000DB6803F4E0620449044B1343CB60BFF3DA
:103BA0004F8F00BF00BFFDE700ED00E00400FA0505
:103BB00080B586B000AF01237B600223BB60202369
:103BC0007B61F3F783FA03461A46084B1A603A46BC
:103BD0003B1D11461846F3F759FC03461A46034BA2
:103BE0001A6000BF1837BD4680BD00BF8C83022419
:103BF00080B594B000AF786039607B6803F58013BE
:103C000019463B681A460120F3F7CEF903461A46D7
:103C1000244B1A607B68B3F1006F3ED1F3F756FA7C
:103C200003461A461F4B1A60F3F78AFA03461A46F0
:103C30001C4B1A6007F10C031846F3F795FD04239B
:103C4000FB604FF480733B627B6A002B12DB4FF00A
:103C500000437B6207F10C031846F3F7E1FC0346CF
:103C60001A46104B1A60F3F78DFA03461A460D4BAD
:103C70001A6010E000237B6207F10C031846F3F78B
:103C8000CFFC03461A46074B1A60F3F77BFA03464C
:103C90001A46044B1A60FFF775FF00BF5037BD4648
:103CA00080BD00BF8C83022480B483B000AF7860F5
:103CB00039607B681B68002B0AD17B685B68002B2E
:103CC00004D07B685B683A689A4201D8012300E01F
:103CD000002318460C37BD465DF8047B7047000092
:103CE00080B582B000AF786000F01AFA0D4B0E4A32
:103CF0001A600C4B1B680B4A12689A60094B1B68D0
:103D00000A4A12681A60074B1B687A685A60074BA8
:103D10001A687B689B00D31A044A136000BF0837F7
:103D2000BD4680BD58850224908302245485022418
:103D300080B500AF1F4B1B685B691E4A1268D268D2
:103D4000104698471B4B1B681B4A13601A4B1B6895
:103D50009A68184B1B689A4205D0174B1B689B68E2
:103D6000154A1360F2E7134B1A68134B1B689268ED
:103D70009A60104B1B689B680F4A13600D4B1B68C1
:103D80009B680D4A13600C4B1B681B690A4A12683A
:103D9000D26810469847034683F00103DBB2002B3C
:103DA00005D0054B1B689B68034A1360EBE700F0E6
:103DB0009DF9BFE7588502245C85022480B483B056
:103DC00000AF7860012318460C37BD465DF8047BD0
:103DD0007047000080B485B000AFF860B9607A60C9
:103DE0003B60FB687A68DA60FB68144A1A61FB681A
:103DF0003A685A61124B1A68FB681A60104B1A68CD
:103E0000BB689B00D31A0E4A1360FB68BA685A60FD
:103E1000FB683A7E1A760B4B1B689A68FB689A60BF
:103E2000094AFB681360074B1B68074A12689A60CF
:103E300000BF1437BD465DF8047B7047BD3D0108E7
:103E400054850224588502245C85022480B485B000
:103E500000AFF860B9607A60FB70FB68BA68DA603E
:103E6000FB680D4A1A61FB687A685A61FB68FA7848
:103E70001A760A4B1B689A68FB689A60084AFB68C6
:103E80001360064B1B68064A12689A6000BF14371D
:103E9000BD465DF8047B7047BD3D0108588502248E
:103EA0005C85022480B588B002AFF860B9607A60A2
:103EB000FB70FB78002B02D0224B01221A700023EA
:103EC0007B617B690F2B3ADC7A691346DB009B1A16
:103ED0009B001D4A1344F9681846FFF7E5FE0346A8
:103EE000002B28D018497A691346DB009B1A9B00E7
:103EF0000B4404331B68002B0CD07A691346DB009B
:103F00009B1A9B00104A9818FB787A68B968FFF7EB
:103F10009DFF14E07A691346DB009B1A9B000A4A56
:103F20009818FB7800937B68BA68F968FFF752FF2E
:103F300000F0FEF803E07B6901337B61C1E71837CD
:103F4000BD4680BD508502249083022480B582B096
:103F500000AF786039603B4B1B687A68DA60394B98
:103F60001B683A681A61384B1B78002B45D0354BDB
:103F70001B689B68354A1360344B1A68314B1B68C9
:103F80009A421BD0314B1B681B7E002B0CD02F4B51
:103F90001B681B692D4A1268D26810469847034671
:103FA000002B01D0012300E00023002B05D1274B7B
:103FB0001B689B68254A1360DEE700BF234B1A6825
:103FC000204B1B689A4231D11E4B1B689B681F4ACD
:103FD00013601E4B1B681B691C4A1268D26810468E
:103FE0009847034683F00103DBB2002B1ED0174B2A
:103FF0001B689B68154A1360EBE7124B1B689B68B4
:10400000124A1360114B1B681B69104A1268D26870
:1040100010469847034683F00103DBB2002B05D01E
:104020000A4B1B689B68094A1360EBE7074B1A6849
:10403000044B1B689A4201D000F058F800BF0837C3
:10404000BD4680BD58850224508502245C8502242B
:1040500080B500AF02490020FFF778FF00BF80BDA8
:10406000BD3D010880B582B000AF786039603B6823
:104070001B681846ECF758FF034618460837BD463C
:1040800080BD80B582B000AF786079680020FFF70E
:10409000E9FF034618460837BD4680BD80B483B0AB
:1040A00000AF7860034B18460C37BD465DF8047BC3
:1040B000704700BF8340010880B584B000AF7860CE
:1040C0007B681846ECF720FF03467B6007F10C0382
:1040D0001846FFF7E3FF02463B1D11461846FBF763
:1040E000CFF900BF1037BD4680BD00002DE9F01F9D
:1040F00000B509480468C4F800D0084D2E68066071
:10410000D6F800D05DF804EBBDE8F01F7047588585
:1041100002245C8502240000588502245C85022468
:104120000249684608607047548502245485022479
:1041300008496846084A1268D2F800D02DE9F01FF5
:1041400002B4C2F800D085467047313D01085C8555
:1041500002240000313D01085C85022480B483B054
:1041600000AF7860044A7B681A607B6818460C3799
:10417000BD465DF8047B70477C4B020880B582B079
:1041800000AF786039607B681846FFF7E7FF074AA1
:104190007B681A607B683A685A607B6800229A6084
:1041A0007B6818460837BD4680BD00BF8C130408E5
:1041B00080B487B000AFF860B9607A60BB683B61DB
:1041C00000237B617A697B689A4210DAFB685A683F
:1041D000FB689B68581CF96888601A447B693969D8
:1041E0000B4412781A707B6901337B61EAE700BFE8
:1041F0001C37BD465DF8047B704780B584B000AFC6
:1042000078607B681B6808331B6807F1080104228B
:1042100078689847FB7A1A06BB7A1B041A437B7AA4
:104220001B0213433A7A1343FB60FB6818461037AE
:10423000BD4680BD80B584B000AF78607B681B68E8
:1042400008331B6807F10F0101227868984797F936
:104250000F3018461037BD4680BD000080B485B0D1
:1042600000AF786039607B68FB600C4A3B681344A0
:104270001B781A46FB6813441B6808493A680A44CD
:1042800012781146FA680A4443F00103136000BF34
:104290001437BD465DF8047B704700BF98130408CF
:1042A00080B485B000AF786039607B68FB600C4AF1
:1042B0003B6813441B781A46FB6813441B68084983
:1042C0003A680A4412781146FA680A4423F0010356
:1042D000136000BF1437BD465DF8047B704700BF14
:1042E0009813040880B487B000AFF860B9607A60B2
:1042F000FB687B610D4ABB6813441B781A467B69D7
:1043000013441B6823F480620849BB680B441B7884
:1043100019467B690B4419467B6813430B6000BF49
:104320001C37BD465DF8047B704700BF9813040836
:1043300080B487B000AFF860B9607A60FB687B61D9
:104340000D4ABB6813441B781A467B6913445A68AC
:104350000A4B13400849BA680A44127811467A6930
:104360000A4411467A6813434B6000BF1C37BD46B0
:104370005DF8047B704700BF981304080000FFFF3E
:1043800080B487B000AFF860B9607A60FB687B6189
:10439000074ABB6813441B781A467B6913441A46C4
:1043A0007B68D36000BF1C37BD465DF8047B704757
:1043B0009813040880B483B000AF78607B681B68F2
:1043C00003F02003202B01D1012300E00023184635
:1043D0000C37BD465DF8047B704780B483B000AFF6
:1043E00078607B681B6803F40063B3F5006F01D14C
:1043F000012300E0002318460C37BD465DF8047B1E
:10440000704780B483B000AF78607B681B6803F4AA
:104410000013B3F5001F01D1012300E0002318466B
:104420000C37BD465DF8047B704780B483B000AFA5
:1044300078607B681B6803F00063B3F1006F01D103
:10444000012300E0002318460C37BD465DF8047BCD
:10445000704780B483B000AF78607B685B6803F01E
:104460002003202B01D1012300E0002318460C3744
:10447000BD465DF8047B704780B483B000AF7860C0
:104480007B685B6803F40063B3F5006F01D101231F
:1044900000E0002318460C37BD465DF8047B7047EA
:1044A00080B483B000AF78607B685B6803F400136E
:1044B000B3F5001F01D1012300E0002318460C379B
:1044C000BD465DF8047B704780B483B000AF786070
:1044D0007B685B6803F00063B3F1006F01D10123D7
:1044E00000E0002318460C37BD465DF8047B70479A
:1044F00080B483B000AF78607B6810229A6000BF00
:104500000C37BD465DF8047B704780B483B000AFC4
:1045100078607B684FF480629A6000BF0C37BD46BC
:104520005DF8047B704780B483B000AF78607B682F
:104530004FF480129A6000BF0C37BD465DF8047BD3
:10454000704780B483B000AF78607B684FF08062C2
:104550009A6000BF0C37BD465DF8047B704780B49D
:1045600083B000AF78607B681022DA6000BF0C3740
:10457000BD465DF8047B704780B483B000AF7860BF
:104580007B684FF48062DA6000BF0C37BD465DF88F
:10459000047B704780B483B000AF78607B684FF4D1
:1045A0008012DA6000BF0C37BD465DF8047B7047AF
:1045B00080B483B000AF78607B684FF08062DA60CF
:1045C00000BF0C37BD465DF8047B704780B483B0F4
:1045D00000AF78607B6820229A6000BF0C37BD4630
:1045E0005DF8047B704780B483B000AF78607B686F
:1045F0004FF400629A6000BF0C37BD465DF8047B43
:10460000704780B483B000AF78607B684FF40012CD
:104610009A6000BF0C37BD465DF8047B704780B4DC
:1046200083B000AF78607B684FF000629A6000BF93
:104630000C37BD465DF8047B704780B483B000AF93
:1046400078607B682022DA6000BF0C37BD465DF8D9
:10465000047B704780B483B000AF78607B684FF410
:104660000062DA6000BF0C37BD465DF8047B70471E
:1046700080B483B000AF78607B684FF40012DA60DA
:1046800000BF0C37BD465DF8047B704780B483B033
:1046900000AF78607B684FF00062DA6000BF0C37D3
:1046A000BD465DF8047B704780B483B000AF78608E
:1046B0007B6808229A6000BF0C37BD465DF8047B1A
:1046C000704780B483B000AF78607B684FF40072AD
:1046D0009A6000BF0C37BD465DF8047B704780B41C
:1046E00083B000AF78607B684FF400229A6000BF0F
:1046F0000C37BD465DF8047B704780B483B000AFD3
:1047000078607B684FF000729A6000BF0C37BD463E
:104710005DF8047B704780B483B000AF78607B683D
:104720000822DA6000BF0C37BD465DF8047B704795
:1047300080B483B000AF78607B684FF40072DA60B9
:1047400000BF0C37BD465DF8047B704780B483B072
:1047500000AF78607B684FF40022DA6000BF0C374E
:10476000BD465DF8047B704780B483B000AF7860CD
:104770007B684FF00072DA6000BF0C37BD465DF811
:10478000047B704780B483B000AF78607B680422FC
:104790009A6000BF0C37BD465DF8047B704780B45B
:1047A00083B000AF78607B684FF480729A6000BF7E
:1047B0000C37BD465DF8047B704780B483B000AF12
:1047C00078607B684FF480229A6000BF0C37BD464A
:1047D0005DF8047B704780B483B000AF78607B687D
:1047E0004FF080729A6000BF0C37BD465DF8047BC5
:1047F000704780B483B000AF78607B680422DA60D1
:1048000000BF0C37BD465DF8047B704780B483B0B1
:1048100000AF78607B684FF48072DA6000BF0C37BD
:10482000BD465DF8047B704780B483B000AF78600C
:104830007B684FF48022DA6000BF0C37BD465DF81C
:10484000047B704780B483B000AF78607B684FF022
:104850008072DA6000BF0C37BD465DF8047B70479C
:1048600080B483B000AF78607B6801229A6000BF9B
:104870000C37BD465DF8047B704780B483B000AF51
:1048800078607B6840229A6000BF0C37BD465DF8B7
:10489000047B704780B483B000AF78607B684FF4CE
:1048A00080329A6000BF0C37BD465DF8047B7047CC
:1048B00080B483B000AF78607B684FF480029A6068
:1048C00000BF0C37BD465DF8047B704780B483B0F1
:1048D00000AF78607B680122DA6000BF0C37BD460C
:1048E0005DF8047B704780B483B000AF78607B686C
:1048F0004022DA6000BF0C37BD465DF8047B70478C
:1049000080B483B000AF78607B684FF48032DA60A7
:1049100000BF0C37BD465DF8047B704780B483B0A0
:1049200000AF78607B684FF48002DA6000BF0C371C
:10493000BD465DF8047B704780B483B000AF7860FB
:104940007B681B6843F001027B681A6000BF0C376C
:10495000BD465DF8047B704780B483B000AF7860DB
:104960007B681B6823F001027B681A6000BF0C376C
:10497000BD465DF8047B704780B483B000AF7860BB
:1049800039607B685A68064B13403A681A437B6863
:104990005A6000BF0C37BD465DF8047B704700BF0E
:1049A0000000FFFF80B483B000AF78607B681B68B5
:1049B00043F400727B681A6000BF0C37BD465DF897
:1049C000047B704780B483B000AF78607B685B691C
:1049D00003F00103012B01D1012300E0002318465D
:1049E0000C37BD465DF8047B704780B483B000AFE0
:1049F00078607B685B6903F00203022B01D101231D
:104A000000E0002318460C37BD465DF8047B704774
:104A100080B483B000AF78607B685B6903F4805337
:104A2000B3F5805F01D1012300E0002318460C3765
:104A3000BD465DF8047B704780B483B000AF7860FA
:104A40007B689B6943F008027B689A6100BF0C3762
:104A5000BD465DF8047B704780B483B000AF7860DA
:104A60007B689B6943F010027B689A6100BF0C373A
:104A7000BD465DF8047B704780B483B000AF7860BA
:104A80007B689B6843F480427B689A6000BF0C3768
:104A9000BD465DF8047B704780B483B000AF78609A
:104AA0007B689B6823F480427B689A6000BF0C3768
:104AB000BD465DF8047B704780B483B000AF78607A
:104AC0007B689B6843F400427B689A6000BF0C37A8
:104AD000BD465DF8047B704780B483B000AF78605A
:104AE0007B689B6823F400427B689A6000BF0C37A8
:104AF000BD465DF8047B704780B483B000AF78603A
:104B00007B6830331B78DBB218460C37BD465DF846
:104B1000047B704780B483B000AF78600B46FB70B5
:104B20007B682033FA781A7000BF0C37BD465DF8F9
:104B3000047B704780B483B000AF786039607B68D5
:104B40003A689A6100BF0C37BD465DF8047B704738
:104B500080B483B000AF786039603B681A047B682A
:104B60009A6100BF0C37BD465DF8047B704780B486
:104B700085B000AFF860B9607A603B60FB68BA68E6
:104B80001A60FB687A685A60FB68BA699A60FB68C9
:104B90003A6ADA60FB683A681A61FB68FA695A6136
:104BA000FB68BA8C1A83FB6818461437BD465DF85B
:104BB000047B704780B582B000AF786039603B6895
:104BC000072B63D801A252F823F000BFED4B010878
:104BD000014C0108154C0108294C01083D4C010805
:104BE000514C0108654C0108794C01087868FFF7C1
:104BF000E1FB0346002B14BF01230023DBB246E098
:104C00007868FFF7EAFB0346002B14BF012300235B
:104C1000DBB23CE07868FFF7F4FB0346002B14BFDF
:104C200001230023DBB232E07868FFF7FEFB034686
:104C3000002B14BF01230023DBB228E07868FFF7C4
:104C400008FC0346002B14BF01230023DBB21EE047
:104C50007868FFF711FC0346002B14BF01230023E3
:104C6000DBB214E07868FFF71BFC0346002B14BF8F
:104C700001230023DBB20AE07868FFF725FC034636
:104C8000002B14BF01230023DBB200E000231846F1
:104C90000837BD4680BD00BF80B582B000AF7860E8
:104CA00039603B68072B00F2938001A252F823F091
:104CB000D14C0108F14C0108114D0108314D01089A
:104CC000514D0108714D0108914D0108B14D010888
:104CD0007868FFF77BFC7868FFF70AFC7868FFF7D5
:104CE000E3FC7868FFF74EFD7868FFF7B9FD6FE0E9
:104CF0007868FFF778FC7868FFF707FC7868FFF7BB
:104D0000E0FC7868FFF74BFD7868FFF7B6FD5FE0E1
:104D10007868FFF776FC7868FFF705FC7868FFF79E
:104D2000DEFC7868FFF749FD7868FFF7B3FD4FE0D8
:104D30007868FFF774FC7868FFF703FC7868FFF782
:104D4000DCFC7868FFF747FD7868FFF7B1FD3FE0CE
:104D50007868FFF772FC7868FFF701FC7868FFF766
:104D6000DAFC7868FFF745FD7868FFF7AFFD2FE0C4
:104D70007868FFF76FFC7868FFF7FEFB7868FFF74D
:104D8000D7FC7868FFF742FD7868FFF7ACFD1FE0BD
:104D90007868FFF76DFC7868FFF7FCFB7868FFF731
:104DA000D5FC7868FFF740FD7868FFF7A9FD0FE0B4
:104DB0007868FFF76BFC7868FFF7FAFB7868FFF715
:104DC000D3FC7868FFF73EFD7868FFF7A7FD00BFCA
:104DD00000BF0837BD4680BD80B582B000AF7860A7
:104DE0003960386800F0E8FA034618460837BD46CF
:104DF00080BD80B582B000AF786079680020FFF791
:104E0000EBFF034618460837BD4680BD80B483B02B
:104E100000AF7860034B18460C37BD465DF8047B45
:104E2000704700BFF34D010880B582B000AF7860D5
:104E30003960386800F0C0FA034618460837BD46A6
:104E400080BD80B582B000AF786079680020FFF740
:104E5000EBFF034618460837BD4680BD80B483B0DB
:104E600000AF7860034B18460C37BD465DF8047BF5
:104E7000704700BF434E010880B582B000AF786034
:104E80003960386800F098FA034618460837BD467E
:104E900080BD80B582B000AF786079680020FFF7F0
:104EA000EBFF034618460837BD4680BD80B483B08B
:104EB00000AF7860034B18460C37BD465DF8047BA5
:104EC000704700BF934E010880B588B000AFF8600E
:104ED000B9607A607B68102B4EDCFB681B68184653
:104EE000FFF73AFDFB681B681846FFF7A5FDFB6856
:104EF0001B681846FFF7B0FDFB685A68FB681B6922
:104F000019461046FFF7CCF9FB689A68FB685B69A5
:104F100019461046FFF7C4F9FB681B687A6811460A
:104F20001846FFF729FDFB681B681846FFF704FDCC
:104F3000FB681B681846FFF735FD7B685A1E7A60D0
:104F4000002B14BF01230023DBB2002B09D0FB6828
:104F50001868BB685A1CBA601B781946FFF7DAFD5F
:104F6000EBE707F110031846FFF750FF0346194619
:104F7000F86800F039FB78E0BB68FB61FB6903F07F
:104F80001053B3F1105F14D17A68B968F86800F073
:104F90009FF907F114031846FFF760FF034619460F
:104FA000F86800F021FBFB681B681846FFF794FDCA
:104FB0005BE0FB681B681846FFF7CEFCFB681B68CC
:104FC0001846FFF739FDFB681B681846FFF744FDDC
:104FD000FB685A68FB681B6919461046FFF760F9C1
:104FE000FB689A68FB685B6919461046FFF758F939
:104FF000FB681B687A6811461846FFF7BDFCFB6822
:105000001B681846FFF798FCFB681B681846FFF7FB
:10501000C9FC7B685A1E7A60002B14BF0123002351
:10502000DBB2002B17D0FB681B681846FFF7DDFCCE
:105030000346002B0CBF01230023DBB2002B00D062
:10504000F1E7FB681868BB685A1CBA601B78194600
:10505000FFF760FDDDE707F118031846FFF726FFAD
:1050600003461946F86800F0BFFA00BF2037BD4676
:1050700080BD80B582B000AF78603960386800F0DC
:105080009BF9034618460837BD4680BD80B582B0FF
:1050900000AF786079680020FFF7EBFF0346184601
:1050A0000837BD4680BD000080B483B000AF786093
:1050B000034B18460C37BD465DF8047B704700BFB4
:1050C0008D50010880B582B000AF786039603868D3
:1050D00000F036FA034618460837BD4680BD80B555
:1050E00082B000AF786079680020FFF7EBFF0346DD
:1050F00018460837BD4680BD80B483B000AF7860E5
:10510000034B18460C37BD465DF8047B704700BF63
:10511000DF50010880B588B000AFF860B9607A60F0
:105120007B68102B54DCFB681B681846FFF714FCE7
:10513000FB681B681846FFF77FFCFB681B68184676
:10514000FFF78AFCFB681B687A6811461846FFF770
:1051500013FCFB681B681846FFF7EEFBFB681B6837
:105160001846FFF71FFC7B68FB61FB695A1EFA615A
:10517000002B14BF01230023DBB2002B06D0FB68F9
:105180001B68FF211846FFF7C5FCEEE707F1100387
:105190001846FFF789FF03461946F86800F024FA1D
:1051A0007B685A1E7A60002B14BF01230023DBB2F8
:1051B000002B00F08880FB681B681846FFF79CFCFA
:1051C00003461946BB685A1CBA600A461A70E7E7DC
:1051D000BB68BB61BB6903F01053B3F1105F19D119
:1051E0007A68B968F86800F013F907F114031846F3
:1051F000FFF782FF03461946F86800F0F5F9FB68EF
:105200001B681846FFF768FCFB681B681846FFF729
:1052100043FC58E0FB681B681846FFF79DFBFB68E2
:105220001B681846FFF708FCFB681B681846FFF769
:1052300013FCFB681B687A6811461846FFF79CFB55
:10524000FB681B681846FFF777FBFB681B6818466E
:10525000FFF7A8FB7B685A1E7A60002B14BF01235E
:105260000023DBB2002B2ED0FB681B681846FFF72B
:10527000BCFB0346002B0CBF01230023DBB2002B39
:1052800000D0F1E7FB681B68FF211846FFF742FCDE
:10529000FB681B681846FFF795FB0346002B0CBF05
:1052A00001230023DBB2002B00D0F1E7FB681B6871
:1052B0001846FFF721FC03461946BB685A1CBA6022
:1052C0000A461A70C6E700BF2037BD4680BD000001
:1052D00080B584B000AFF860B9607A60FB685B6845
:1052E0001946FB681B69324AD35C0B441A46314BA2
:1052F0001A60FB681B681846FFF72EFBFB681B68EB
:105300001846FFF799FBFB681B681846FFF7A4FBDC
:10531000FB681B681846FFF7DFFBFB685A68FB68F1
:105320001B6919461046FEF7BBFFFB685868FB680F
:105330001B69BA681946FFF723F8FB685868FB68D1
:105340001B694FF480621946FEF7CCFFFB68586872
:10535000FB681B697A681946FEF7EAFFFB685A6822
:10536000FB681B6919461046FFF796FCFB685A68F4
:10537000FB681B6919461046FEF770FFFB681B6847
:105380007A6811461846FFF7F7FAFB681B6818465B
:10539000FFF792FBFB681B681846FFF7CDFAFB6826
:1053A0001B681846FFF7FEFA00BF1037BD4680BDE8
:1053B000981304086485022480B582B000AF786039
:1053C0007B681B681846FFF723FB0346002B14BFBE
:1053D00001230023DBB218460837BD4680BD80B5E7
:1053E00084B000AFF860B9607A607A68B968F8682C
:1053F000FFF76EFFF868FFF7DFFF034683F0010356
:10540000DBB2002B00D0F5E700BF1037BD4680BDF2
:1054100080B584B000AFF860B9607A60FB681B6843
:105420001846FFF799FAFB681B681846FFF704FB5C
:10543000FB681B681846FFF70FFBFB681B681846E4
:10544000FFF74AFBFB681B681846FFF725FBFB6864
:105450005A68FB681B6919461046FEF721FFFB6876
:105460009A68FB685B6919461046FEF719FFFB68EE
:105470005868FB681B6900221946FEF733FFFB687A
:105480005868FB681B697A681946FEF751FFFB688C
:105490005868FB681B69294A1946FEF771FFFB68CB
:1054A0009868FB685B697A681946FEF741FFFB68FC
:1054B0009868FB685B69BA681946FEF761FFFB688C
:1054C0009A68FB685B6919461046FFF7E5FBFB68C5
:1054D0009A68FB685B6919461046FEF7BFFEFB68D9
:1054E0005A68FB681B6919461046FFF7D5FBFB6835
:1054F0005A68FB681B6919461046FEF7AFFEFB6849
:105500001B687A6811461846FFF736FAFB681B6875
:105510001846FFF7B1FAFB681B681846FFF7CCFA8C
:10552000FB681B681846FFF707FAFB681B681846FC
:10553000FFF738FA00BF1037BD4680BD38010024A0
:1055400080B582B000AF78607B689A687B685B69E1
:1055500019461046FFF72EFB034618460837BD468E
:1055600080BD80B584B000AFF860B9607A607A68B9
:10557000B968F868FFF74CFFF868FFF7E1FF0346EA
:1055800083F00103DBB2002B00D0F5E7FB681B685A
:105590001846FFF7A1FAFB681B681846FFF77CFA6C
:1055A00000BF1037BD4680BD80B582B000AF7860C7
:1055B0007B68DA687B681B8B19461046FFF7C8FAD0
:1055C00000BF0837BD4680BD80B582B000AF7860AF
:1055D0007B68DA687B681B8B19461046FFF7AAFACE
:1055E00000BF0837BD4680BD80B582B000AF78608F
:1055F000396039687868FEF7A9FC00BF0837BD46F6
:1056000080BD80B588B004AFF860B9607A603B6057
:10561000F868BB8C03933B6A0293FB690193BB69F7
:1056200000933B687A68B968FFF7A1FAFB681846EF
:105630001037BD4680BD80B584B000AFF860B9605A
:105640007A603B60FB681846FFF7AEFFBB681A46FE
:105650000B21F86800F09DF8F868FB681A33052202
:105660001946FFF7BCFEFB683A6879681846FFF7F1
:1056700078FFFB681846FFF7A7FF00BF1037BD464D
:1056800080BD80B588B000AFF860B9607A603B60DB
:105690007B68BB61B968F86800F056F80023FB61CD
:1056A000FB690F2B3ADC3B68002B37DDF86800F014
:1056B000BDF8BB681A01FB6913441B021A4602219C
:1056C000F86800F066F8FB681846FFF76DFFF868A9
:1056D000FB681A3304221946FFF781FE3B68B3F5D5
:1056E000807FA8BF4FF480737B613A687B69D31ACF
:1056F0003B60F868FB691B021A46BB6913447A6970
:105700001946FFF76CFEFB681846FFF75DFFF86867
:1057100000F060F8FB690133FB61C1E7FB6804221C
:105720009A76FB681846FFF73FFFF868FB681A3364
:1057300001221946FFF753FEFB681846FFF744FFA6
:1057400000BF2037BD4680BD80B582B000AF786015
:105750003960786800F06AF87B681846FFF724FF24
:105760003B681B031A462021786800F012F878681D
:105770007B681A3304221946FFF731FE7B6818460E
:10578000FFF722FF786800F025F800BF0837BD4614
:1057900080BD80B485B000AFF8600B467A60FB72C4
:1057A000FB68FA7A9A767B681B0CDAB2FB68DA76C9
:1057B0007B681B0ADAB2FB681A777B68DAB2FB688F
:1057C0005A77FB6800229A7700BF1437BD465DF810
:1057D000047B704780B582B000AF78607B6805229B
:1057E0009A767B681846FFF7DFFE78687B681A3385
:1057F00001221946FFF7F3FD7B680122DA767B6808
:10580000DB7E03F00103002B08D078687B681A3335
:10581000013301221946FFF7A4FEF0E77B68184622
:10582000FFF7D2FE00BF0837BD4680BD80B582B00D
:1058300000AF78607B6806229A767B681846FFF78F
:10584000B3FE78687B681A3301221946FFF7C7FD5B
:105850007B681846FFF7B8FE00BF0837BD4680BD1D
:1058600080B586B000AFB9607B600346FB7313461A
:10587000BB810023FB757B68002B08D0BA897B684D
:10588000F87BB96801F0D0F80346FB7501E0FF230F
:10589000FB7597F9173018461837BD4680BD90B58F
:1058A0008FB002AFF860B9607A600023BB627B689A
:1058B000002B02D0FB68002B02D14FF0FF3316E122
:1058C000BB68002B02D16FF0050310E107F1140350
:1058D0001422002118460EF00DF9FB687B62BB68AC
:1058E0003B627A6807F12D031146184601F00FFA62
:1058F000034687F82E3097F92E30002B02D097F907
:105900002E30F4E00023BB6197F82D3087F82F305C
:1059100042E097F82F3003F00603022B0ED097F8E1
:105920002F3003F00603042B08D097F82F3003F034
:105930000603062B02D0FB69002B20D000237B61DD
:105940007A6ABB69D0183A6ABB69D11A7B6807F1D9
:10595000140202F1080407F128020093234601F023
:105960008AFA034687F82E3097F92E30002B02D0A2
:1059700097F92E30BBE0BA69BB6A1344BB6107F1EB
:1059800014037A681946002000F0AEFB034687F83E
:105990002E30002387F82F3097F82F30002B02D1BC
:1059A000FB69002B03D097F92E30002BB1D00023D8
:1059B000BB6197F82D3087F82F3042E097F82F30F1
:1059C00003F01803082B0ED097F82F3003F01803BC
:1059D000102B08D097F82F3003F01803182B02D0A3
:1059E000FB69002B20D000237B617A6ABB69D01849
:1059F0003A6ABB69D11A7B6807F1140202F1080404
:105A000007F128020093234601F04BFA034687F87A
:105A10002E3097F92E30002B02D097F92E3066E009
:105A2000BA69BB6A1344BB6107F114037A6819466B
:105A3000012000F059FB034687F82E30002387F839
:105A40002F3097F82F30002B02D1FB69002B03D0A9
:105A500097F92E30002BB1D00023BB6197F82D3081
:105A600087F82F3036E097F82F3003F04003002BF3
:105A700002D1FB69002B20D000237B617A6ABB69CD
:105A8000D0183A6ABB69D11A7B6807F1140202F197
:105A9000080407F128020093234601F063FA034645
:105AA00087F82E3097F92E30002B02D097F92E3040
:105AB0001DE0BA69BB6A1344BB6107F114037A683D
:105AC0001946022000F010FB034687F82E30002311
:105AD00087F82F3097F82F30002B02D1FB69002B6D
:105AE00003D097F92E30002BBDD097F92E301846F1
:105AF0003437BD4690BD80B586B000AF034687ED14
:105B0000020A79603A60FB730023FB753B68002B47
:105B10000AD03A68FB7B796897ED020A184601F0D3
:105B200037FA0346FB7501E0FF23FB7597F9173041
:105B300018461837BD4680BD80B584B000AF786088
:105B400039600023FB733B68002B07D03B68194684
:105B5000786801F098F80346FB7301E0FF23FB73BC
:105B600097F90F3018461037BD4680BD80B584B018
:105B700000AF786039600023FB733B68002B07D0CF
:105B80003B681946786801F08EF80346FB7301E024
:105B9000FF23FB7397F90F3018461037BD4680BDC1
:105BA00080B584B000AF786039600023FB733B6838
:105BB000002B07D03B681946786801F098F8034637
:105BC000FB7301E0FF23FB7397F90F301846103782
:105BD000BD4680BD80B586B002AF786039600023D5
:105BE000BB600023FB733B68002B0DD03B6807F1C3
:105BF0000802009313462022796840F21F1000F03B
:105C0000BAFF0346FB7301E0FF23FB7397F90F30E4
:105C100018461037BD4680BD80B586B000AFF8602D
:105C2000B9607A600023FB757B68002B02D0FB68AB
:105C3000002B02D1FF23FB7507E07B681A46B96889
:105C4000F86801F0C0F80346FB7597F9173018465D
:105C50001837BD4680BD80B584B000AF78600023A2
:105C6000FB737B68002B02D1FF23FB7305E07B688D
:105C7000184601F0E5F80346FB7397F90F30184614
:105C80001037BD4680BD80B584B000AF0346396093
:105C9000FB710023FB733B68002B02D1FF23FB73D6
:105CA00007E03B68F91D0122072000F0F5FE0346DE
:105CB000FB7397F90F3018461037BD4680BD80B58D
:105CC00084B000AF786039600023FB733B68002B21
:105CD00002D1FF23FB7307E03B68012279680720AC
:105CE00000F0A2FE0346FB7397F90F3018461037F9
:105CF000BD4680BD80B584B000AF786039600023B8
:105D0000FB733B68002B02D1FF23FB7306E03B686B
:105D10001946786800F0FBFF0346FB7397F90F30D4
:105D200018461037BD4680BD80B584B000AF03462D
:105D30003960FB710023FB733B68002B02D1FF230A
:105D4000FB7307E03B68F91D0122062000F0A4FE6A
:105D50000346FB7397F90F3018461037BD4680BDD8
:105D600080B584B000AF78600023FB737B68002BA4
:105D700002D1FF23FB7305E07B68184600F0D7FFD4
:105D80000346FB7397F90F3018461037BD4680BDA8
:105D900080B58AB004AFB9607A603B600346FB739C
:105DA0000023FB75BB6A002B14D040F6381200218B
:105DB000B86A0DF09FFEBB6AF87B02937B6A019381
:105DC0003B6A00933B687A68B96800F0EEFD0346D1
:105DD000FB7501E0FF23FB7597F91730184618375C
:105DE000BD4680BD80B487B000AFB9607A603B60CB
:105DF0000346FB730023FB753B68002B02D0BB6896
:105E0000002B02D1FF23FB7513E0FA7B39681346A0
:105E1000DB0013440B441833BA68C3F80520FA7B3F
:105E200039681346DB0013440B4418337A68C3F80F
:105E3000092097F9173018461C37BD465DF8047BDA
:105E40007047000080B592B000AF78607B68002B8F
:105E500003D1FF2387F847307AE007F10803796818
:105E60001846FFF7B7FE034687F8473097F94730E3
:105E7000002B6DD17B6801221A77012387F8463009
:105E800042E097F84630DB0887F8453097F846300F
:105E900003F00703012202FA03F387F8443097F86E
:105EA000453007F14802134413F8402C97F844306A
:105EB0001340DBB2002B22D07A6807F1280197F853
:105EC0004630184601F097F8034687F8473097F9AF
:105ED0004730002B13D197F83C30002B03D1F82327
:105EE00087F8473018E097F8462097F83C00796823
:105EF0001346DB0013440B441C3302461A7097F818
:105F00004630013387F8463097F84630F42B03D8F3
:105F100097F94730002BB4D0FF2387F8463013E0C1
:105F200097F84630F53B97F846200C49C85C7968ED
:105F30001346DB0013440B441C3302461A7097F8D7
:105F40004630013B87F8463097F84630F42BE7D8C7
:105F500097F9473018464837BD4680BDA01304085E
:105F600080B584B000AF786039600023FB733B6874
:105F7000002B02D07B68002B02D1FF23FB7307E0CC
:105F80003B68012279682E20FFF76AFC0346FB7309
:105F900097F90F3018461037BD4680BD80B487B0E2
:105FA00000AF0346B9607A60FB730023FB757B6822
:105FB000002B4ED0BB68002B4BD0FA7BB8687968B9
:105FC0001346DB0013440B441833024604331868AD
:105FD0005968106051601B7A1372FB7BF42B1BD93C
:105FE000BB681B78002B17D1BB6800225A700022B7
:105FF0009A700022DA7000221A71BB6800225A716E
:1060000000229A710022DA7100221A72FB7BF53BA2
:10601000164AD25CBB681A70FB7B002B1CD1BB6894
:106020001B78002B18D1BB6800225A7000229A708E
:106030000022DA7000221A71BB6800225A71002215
:106040009A710022DA7100221A72BB6801221A705A
:1060500002E0FF23FB7500E000BF97F917301846F8
:106060001C37BD465DF8047B704700BFA0130408D1
:1060700080B485B000AFF8600B467A60FB72FB68B5
:106080001A68FB7A1A44FB685B689A4203D87B68FB
:1060900000221A7002E07B6801221A700023184661
:1060A0001437BD465DF8047B704780B487B000AFFD
:1060B0000346B9607A60FB730023FB75FB7B022B00
:1060C00008D8FB7B03F59273DB007A681A44BB683F
:1060D0001A6001E0F923FB7597F9173018461C3751
:1060E000BD465DF8047B70472DE9F04F93B000AFDB
:1060F00003463961FA60FB75002387F843300023BB
:1061000087F847300023A7F844300023FB775FE18E
:10611000FAF72CFF3B691B68FB633B691A69FB6B51
:1061200013441B7887F8433007F12C01FB7DFA6894
:106130001846FFF7BAFF034687F8473097F947300C
:10614000002B02D097F9473084E197F84330002BB9
:1061500026D0002BC0F2ED80FF2B00F3EA80F52B58
:10616000C0F2E780F53B0A2B00F2E38001A252F86F
:1061700023F000BFAD610108076201087B620108DE
:10618000336301083363010833630108AD6101081B
:10619000076201087B62010833630108A1610108FD
:1061A0003B691B685A1C3B691A6011E107F11F0328
:1061B0001A4602213869FFF75BFF034687F847302C
:1061C00097F94730002B02D097F9473042E1FB7F27
:1061D000002B00D0FCE0FB6AD3E900013B691A699F
:1061E000FB6B013313441B78DAB24FF00003FE6AF5
:1061F000841841EB0305C6E900453B691B689A1CFE
:106200003B691A60E4E007F11F031A46032138696D
:10621000FFF72EFF034687F8473097F94730002BEA
:1062200002D097F9473015E1FB7F002B00D0CFE07B
:10623000FB6AD3E900013B691A69FB6B0133134424
:106240001B781AB23B691E69FB6B023333441B781F
:106250001B021BB213431BB29BB29AB24FF0000356
:10626000FE6A10EB020841EB0309C6E900893B69AD
:106270001B68DA1C3B691A60AAE007F11F031A4683
:1062800006213869FFF7F4FE034687F8473097F98F
:106290004730002B02D097F94730DBE0FB7F002B23
:1062A00000D095E03B691A69FB6B013313441B78FE
:1062B00019463B691A69FB6B023313441B781B02B6
:1062C00041EA03023B691969FB6B03330B441B78FA
:1062D0001B041A433B691969FB6B04330B441B789D
:1062E0001B06134319464FF00002C7E900123B6931
:1062F0001A69FB6B053313441B781946C9B24FF07A
:106300000002084611464FF000024FF00003064617
:1063100033000022FE6A396841EA020A796841EADC
:10632000030BC6E900AB3B691B689A1D3B691A6009
:106330004EE007F1200197F84330FA681846FFF75E
:106340002DFE034687F8473097F94730002B02D0DF
:1063500097F947307EE097F8203007F11F02194681
:106360003869FFF785FE034687F8473097F94730CD
:10637000002B02D097F947306CE0FB7F002B00D058
:1063800026E0D7F82130002B1AD03B691A69FB6B45
:10639000013313447B63FB7D87F83130FB6ABB63B9
:1063A00097F8433087F8303097F8203087F832304C
:1063B000D7F82130D7F8251007F13002104698475A
:1063C0003B691B6897F820201A443B691A6000BF9C
:1063D0003B691A683B695B689A4203D2FB7F002BDA
:1063E0003FF496AE3B695B68002B31D03B695A683D
:1063F0003B691B689A4202D26FF001032AE03B69B5
:106400005A683B691B68D21A3B695A603B695B68F2
:10641000002B1DD00023A7F8443013E03B691A6914
:106420003B691968B7F844300B441A443B69196951
:10643000B7F844300B4412781A70B7F8443001337F
:10644000A7F84430B7F844203B695B689A42E5D32B
:1064500097F9473018464C37BD46BDE8F08F00BF6E
:1064600090B5CFB000AF044607F108000160391DB8
:106470000A603A46136007F10E0322461A80002391
:1064800087F83731D7F85031002B00F076813B1D6B
:106490001B68002B05D007F108031B68002B00F0D8
:1064A0006C81D7F84831002B04D03B461B68002B89
:1064B00000F06381D7F850319B69002B00F05781C1
:1064C0003B1DD7F848211B681344C7F81431D7F88F
:1064D0004C31002B07D0D7F84821D7F84C31134462
:1064E000C7F8203103E0D7F81431C7F82031D7F8C6
:1064F000203103F00303002B06D0D7F820319B088E
:1065000001339B00C7F8203107F10E031B88DAB274
:1065100007F114031A7007F10E031B881B0A9BB2C4
:10652000DAB207F114035A7007F10E031B88022B2D
:106530000FD1D7F820319B08DAB207F114039A7013
:10654000D7F820319B081B0ADAB207F11403DA707E
:106550000CE0D7F82031DAB207F114039A70D7F8BB
:1065600020311B0ADAB207F11403DA700423C7F8EA
:106570002431D7F81431C7F83031D7F83021D7F8A3
:1065800024311344C7F81C314FF48073C7F8183115
:10659000D7F850319B69D7F818219A4240F2DD8034
:1065A000D7F850319B69C7F81831D6E0D7F83021B9
:1065B000D7F824311344D7F818219A420BD2D7F8D0
:1065C0001831C7F82C31D7F81821D7F82431D31A4D
:1065D000C7F8283120E0D7F83021D7F82431134408
:1065E000C7F82C31D7F83031C7F82831D7F82C311B
:1065F00003F00303002B06D0D7F82C319B0801339E
:106600009B00C7F82C31D7F82C31B3F5807F03D924
:106610004FF48073C7F82C31D7F82831002B62D0A3
:106620003B1D1A68D7F828311344D7F830219A4215
:1066300012D307F11402D7F82431D018D7F8142157
:10664000D7F83031D31A3A4612681344D7F82821C4
:1066500019460DF041FA46E03B1DD7F830211B6882
:106660009A422DD907F11402D7F82431D018D7F85F
:106670001421D7F83031D31A3A461268D1183B1D8D
:10668000D7F830211B68D31A1A460DF025FAD7F82F
:106690002421D7F830311A443B1D1B68D31A07F167
:1066A0001402D0183B1D1A68D7F83031D21AD7F827
:1066B00028311A4407F1080319680DF00DFA12E0A9
:1066C00007F11402D7F82431D0183B1D1A68D7F807
:1066D0003031D31A07F1080212681344D7F8282181
:1066E00019460DF0F9F9D7F82421D7F828311344C9
:1066F000D7F82C219A4212D0D7F82421D7F8283184
:10670000134407F11402D018D7F82421D7F8283100
:106710001344C3F580731A4600210DF0EBF907F11D
:106720001401D7F85031D7F82C21002000F0B4F92B
:10673000034687F8373197F93731002B1BD10023F7
:10674000C7F82431D7F83021D7F82831D31AC7F841
:106750003031D7F83031C7F81C31D7F81C31002B55
:106760000FD097F93731002B3FF420AF09E0FE231B
:1067700087F8373105E000BF03E0FF2387F83731A2
:1067800000E000BF97F93731184607F59E77BD4600
:1067900090BD80B584B000AF78600023FB8127E016
:1067A00007F10C037968184600F0B1FA03467B73D1
:1067B00097F90D30002B15D13B7B03F02003002B04
:1067C00002D000237B7317E0796842F2107000F06A
:1067D0009BF903467B7397F90D30002B05D097F991
:1067E0000D300BE097F90D3008E0FB890133FB8198
:1067F000FB89B3F57A7FD3D397F90D30184610375C
:10680000BD4680BD80B584B000AF78600023FB81B9
:106810002FE079684CF2503000F076F903467B7334
:1068200097F90D30002B02DA97F90D302DE007F1C2
:106830000C017B680122252000F0F6F803467B73EB
:1068400097F90D30002B02DA97F90D301DE03B7BF4
:1068500003F01003002B09D03B7B03F02003002B37
:1068600004D03B7B03F04003002B06D0FB890133AF
:10687000FB81FB89632BCCD900E000BFFB89642B33
:1068800002D16FF0040300E0002318461037BD4624
:1068900080BD80B58AB000AFB9607A603B600346C6
:1068A000FB73002387F827307B6B002B72D0BB680B
:1068B000002B6FD03B68002B6CD03B6B002B69D05A
:1068C0007B6B9B69BB613B6B1B68002B14D107F191
:1068D0001401F87B7B6B022200F0A6F8034687F8D0
:1068E00027303B7D1AB27B7D1B021BB213431BB2C8
:1068F0009BB21A463B6B1A603B6B1B68002B4DD05A
:1069000097F92730002B49D13B6B1B687A689A4274
:1069100003D23B687A681A6003E03B6B1A683B68F5
:106920001A603B681B683B620023FB6116E0BA6893
:10693000FB69D118F87B7B6BBA6900F075F80346E8
:1069400087F8273097F92730002B0CD13A6ABB69BA
:10695000D31A3B62FA69BB691344FB613A6ABB69AB
:106960009A42E4D800E000BF3B6A002B0AD0BA6824
:10697000FB69D118F87B7B6B3A6A00F055F8034647
:1069800087F827303B6B1A683B681B68D21A3B6B51
:106990001A6003E0FF2387F8273000E000BF97F973
:1069A000273018462837BD4680BD80B487B000AF79
:1069B000B9607A603B600346FB730023FB75BB6ADA
:1069C000002B27D0BB68002B24D07B68002B21D064
:1069D0003B68002B1ED0BB6ABA681A60BB6A7A6833
:1069E0005A60BB6A3A689A60BB6A7A6A1A61BB6A83
:1069F000FA7B1A733B6A03F00303002B06D03B6A51
:106A00009B0801339A00BB6A9A6105E0BB6A3A6A47
:106A10009A6101E0FF23FB7597F9173018461C3780
:106A2000BD465DF8047B704790B587B000AFB96094
:106A30007A603B600346FB730023FB753B68002BC9
:106A400022D03B681B68002B1ED0BB68002B1BD0DC
:106A50003B681B7B012B03D1FB7B63F07F03FB7344
:106A60003B681C683B681B69F87B7A68B968A0477B
:106A700003461A463B681A753B6893F91430002B9D
:106A800004D0FD23FB7501E0FF23FB7597F9173058
:106A900018461C37BD4690BD90B587B000AFB960B1
:106AA0007A603B600346FB730023FB753B68002B59
:106AB00022D03B681B68002B1ED0BB68002B1BD06C
:106AC0003B681B7B012B03D1FB7B03F07F03FB7334
:106AD0003B685C683B681B69F87B7A68B968A047CB
:106AE00003461A463B681A753B6893F91430002B2D
:106AF00004D0FD23FB7501E0FF23FB7597F91730E8
:106B000018461C37BD4690BD80B584B000AF786094
:106B100039600023FB733B68002B0BD03B689B68FC
:106B2000002B07D03B689B683A6812691146786869
:106B3000984701E0FF23FB7397F90F301846103791
:106B4000BD4680BD80B588B004AFB9607A603B6057
:106B50000346FB81F8893B680293002301930023DD
:106B6000009300237A68B968FFF77AFC0346184659
:106B70001037BD4680BD80B588B002AFB9607A607D
:106B80003B600346FB810023BB820023FB753B6A0D
:106B9000002B6ED0BB68002B6BD03B68002B68D0FD
:106BA0003B6800221A6007F113013B6A01220620AC
:106BB000FFF73AFF0346FB7597F91730002B5BD1BF
:106BC000FB7CBB75FB7C03F07F03DBB2FB74FB7CBF
:106BD000BA7D9A4208D007F113013B6A01220620D0
:106BE000FFF75AFF0346FB7597F91730002B43D187
:106BF000FB8943F4805398B23B6A00220021FFF7DF
:106C0000A1FF0346FB7597F91730002B34D1386A82
:106C1000FFF7BFFD0346FB7597F91730002B2BD10B
:106C200007F114003B6A00933B687A68B96800F08A
:106C30004EF90346FB7597F91730002B1CD1FB7CEE
:106C4000BA7D9A420AD0BB7DFB7407F113013B6AFF
:106C500001220620FFF720FF0346FB7597F9173046
:106C6000002B09D1BB8AFA899A4205D0FB23FB7518
:106C700002E0FF23FB7500E000BF97F917301846CC
:106C80001837BD4680BD80B582B000AF78603960EE
:106C90003B68012279681C20FFF7C6FE03461846B0
:106CA0000837BD4680BD80B584B000AF78603960DC
:106CB0007B68002B13D007F10C013B6802222020D7
:106CC000FFF7B2FE0346FB733B7B1AB27B7B1B02D2
:106CD0001BB213431BB29AB27B681A8001E0FF23F8
:106CE000FB7397F90F3018461037BD4680BD80B54D
:106CF00082B000AF786039603B6801227968252056
:106D0000FFF792FE034618460837BD4680BD80B5A2
:106D100082B000AF786039603B68012279682D202D
:106D2000FFF782FE034618460837BD4680BD80B592
:106D300084B000AF78600123FB720023BB720F2385
:106D4000BB8107F10B017B6801221420FFF7A4FE31
:106D50000346FB7397F90F30002B2ED11FE07968A3
:106D600042F21070FFF7D0FE0346FB7397F90F3025
:106D7000002B14D107F10A017B6801222520FFF7BF
:106D800053FE0346FB7397F90F30002B07D1BB7AF4
:106D9000FF2B04D0BB7A03F01003002B05D1BB8975
:106DA0005A1EBA81002BDAD100E000BFBB7A03F093
:106DB0001003002B01D1FB23FB7397F90F3018460A
:106DC0001037BD4680BD80B586B000AFF860B960B1
:106DD0007A600023FB757B68002B27D0FB68002BB3
:106DE00024D0FB681B781AB2FB6801331B781B02A6
:106DF0001BB213431BB2BB82BB8A46F22B62934287
:106E000002D0FC23FB7514E07B68BA68F9680220A5
:106E1000FFF798FE0346FB7597F91730002B08D152
:106E20007868FFF7EFFC0346FB7502E0FF23FB7574
:106E300000E000BF97F9173018461837BD4680BDEF
:106E400080B584B000AF78607B6800220021032009
:106E5000FFF778FE0346FB7397F90F30002B04D140
:106E60007868FFF7CFFC0346FB7397F90F3018469D
:106E70001037BD4680BD80B586B002AFF860B960FE
:106E80007A603B60BB6901933B6800937B68BA689A
:106E9000F9680120FFF7FDFC034618461037BD4690
:106EA00080BD80B586B002AFF860B9607A603B60A3
:106EB000BB6901933B6800937B68BA68F96802205C
:106EC000FFF7E7FC034618461037BD4680BD80B586
:106ED00086B000AFF860B9607A603B6007F11001DE
:106EE0003B6A04220320FFF79FFD0346FB7597F9D9
:106EF0001730002B30D13B7C1AB207F1100301335D
:106F00001B781B021BB213431BB29AB2FB681A8098
:106F1000BB7C1AB207F11003023301331B781B024A
:106F20001BB213431BB29BB21A463B681A603B6804
:106F30001B68002B10D03B681B687A689A4202D20B
:106F4000FA23FB7508E03B681A683B6AB9680320BE
:106F5000FFF76AFD0346FB7597F917301846183797
:106F6000BD4680BD80B586B002AFF860B9607A607A
:106F70003B60BB6901933B6800937B68BA68F96822
:106F80000320FFF786FC034618461037BD4680BD38
:106F900080B588B000AF034687ED020A79603A6099
:106FA000FB73BB687B61FB7B3B767B69DBB27B76EB
:106FB0007B691B0ADBB2BB767B691B0CDBB2FB7601
:106FC0007B691B0EDBB23B777B68DBB27B777B6830
:106FD0001B0ADBB2BB777B681B0CDBB2FB7707F1CC
:106FE00018013B6808220D20FFF7ACFD0346184648
:106FF0002037BD4680BD80B590B002AF0346B96072
:107000007A60FB73BB68002B00F0DA80FB7BF52B0A
:1070100003D9FE2387F83730D5E0FB7B9BB203F51D
:10702000407398B207F1300207F114017B680093B6
:1070300013461C22FFF79FFD034687F8373097F968
:107040003730002B40F0BF803B6B1C2B03D0FE235E
:1070500087F83730B7E03A7DBB681A707A7DBB6835
:107060005A70BA7DBB689A70FA7DBB68DA703A7E56
:10707000BB681A717A7EBB685A71BA7EBB689A7116
:10708000FA7EBB68DA713A7FBB681A727A7FBB6896
:107090005A72BA7FBB689A72FA7FBB68DA7297F845
:1070A0002020BB681A7397F82120BB685A7397F8A1
:1070B0002220BB689A7397F82320BB68DA7397F88D
:1070C0002420BB681A7497F82520BB685A7497F877
:1070D0002620BB689A7497F82720BB68DA7497F863
:1070E0002820BB681A7597F82920BB681A7697F88C
:1070F0002A20BB685A7697F82B20BB689A7697F8B7
:107100002C20BB68DA76BB681B791AB2BB685B7946
:107110001B021BB213431BB29AB2BB689A80BB68B6
:107120009B791AB2BB68DB791B021BB213431BB2FB
:107130009AB2BB68DA80BB681B7A1A46BB685B7A76
:107140001B021A43BB689B7A1B041A43BB68DB7A99
:107150001B061A43BB689A60BB681B7B1A46BB6858
:107160005B7B1B021A43BB689B7B1B041A43BB68F7
:10717000DB7B1B061A43BB68DA60BB681B7C1A46C4
:10718000BB685B7C1B021A43BB689B7C1B041A43D5
:10719000BB68DB7C1B061A43BB681A61BB681B7E9D
:1071A0001A46BB685B7E1B021A43BB689B7E1B04AE
:1071B0001A43BB68DB7E1B061A43BB689A6102E078
:1071C000FF2387F8373097F9373018463837BD46F0
:1071D00080BD80B483B000AF786039607B681B7875
:1071E0001AB27B6801331B781B021BB213431AB21D
:1071F0003B681A807B6802331B781AB27B680333C2
:107200001B781B021BB213431AB23B685A807B687F
:1072100004331B781AB27B6805331B781B021BB240
:1072200013431AB23B689A807B6806331B781AB204
:107230007B6807331B781B021BB213431AB23B68EF
:10724000DA807B6808331B781AB27B6809331B78B5
:107250001B021BB213431BB29AB23B681A8100BFD8
:107260000C37BD465DF8047B704780B483B000AF37
:10727000786039607B681B781AB27B6801331B78B1
:107280001B021BB213431AB23B681A807B6802339D
:107290001B781AB27B6803331B781B021BB21343A3
:1072A0001AB23B685A807B6804331B781AB27B6839
:1072B00005331B781B021BB213431AB23B689A803A
:1072C00000BF0C37BD465DF8047B704780B483B0C7
:1072D00000AF78607B6800221A607B6800225A60E9
:1072E0007B6800229A607B680022DA607B6800225B
:1072F0001A617B6818460C37BD465DF8047B704701
:1073000080B483B000AF786039607B686FF00102B1
:107310001A617B683A68DA6100BF0C37BD465DF8D8
:10732000047B704780B483B000AF786039607B68BD
:107330004FF0FF321A617B683A68DA6100BF0C37A0
:10734000BD465DF8047B704780B485B000AFF8603F
:10735000B9607A60FB68BA681A60FB687A68DA60BC
:10736000FB68DA68FB685A60FB685A68FB689A60D9
:10737000FB6800221A6100BF1437BD465DF8047B2C
:10738000704780B483B000AF78607B681B69002BC6
:1073900002DB7B6801221A6100BF0C37BD465DF835
:1073A000047B704780B483B000AF786039607A683E
:1073B0003B689A4201DA7B6800E03B6818460C376C
:1073C000BD465DF8047B704780B483B000AF786041
:1073D00039607A683B689A4201DD7B6800E03B686F
:1073E00018460C37BD465DF8047B704780B485B005
:1073F00000AFF860B9607A60FA68BB689A4201DA57
:10740000BB6806E0FA687B689A4201DD7B6800E0B1
:10741000FB6818461437BD465DF8047B704780B49E
:1074200083B000AF78607B681B781A067B680133F5
:107430001B781B0413431B1418460C37BD465DF81C
:10744000047B704780B483B000AF78607B681B78A2
:107450001A067B6801331B781B041A437B680233CE
:107460001B781B0213431B1218460C37BD465DF8F0
:10747000047B704780B483B000AF78607B681B7872
:107480001A067B6801331B781B041A437B6802339E
:107490001B781B0213437A68033212781343184691
:1074A0000C37BD465DF8047B704780B483B000AFF5
:1074B000786039607A683B689A4201D27B6800E064
:1074C0003B6818460C37BD465DF8047B704780B4B6
:1074D00083B000AF786039607A683B689A4201D91E
:1074E0007B6800E03B6818460C37BD465DF8047BBE
:1074F000704780B483B000AF786039607B683A68C9
:107500001A607B681B6807EE903AB0EE670A0C378A
:10751000BD465DF8047B704780B483B000AF7860EF
:1075200087ED000A7B683A681A607B681B6818461A
:107530000C37BD465DF8047B704780B584B000AF62
:1075400078600023FB6007F10C0379681846FFF7A9
:10755000D0FFF0EE407AB0EE670A1037BD4680BD2E
:1075600080B584B000AF87ED010A0023FB6007F10E
:107570000C0397ED010A1846FFF7CEFF03461846A5
:107580001037BD4680BD80B483B000AF78603960ED
:107590007A6842F6040313443A68134418460C37D9
:1075A000BD465DF8047B704780B483B000AF78605F
:1075B00039607A6842F6040313443A681344184663
:1075C0000C37BD465DF8047B704780B582B000AFD4
:1075D00078607A6842F6040313441C331846FFF7B8
:1075E00049FF034618460837BD4680BD80B582B0C6
:1075F00000AF78607A6842F60403134420331846DB
:10760000FFF738FF034618460837BD4680BD80B5F2
:1076100082B000AF78607A6842F6040313442433E2
:107620001846FFF727FF034618460837BD4680BDBA
:1076300080B582B000AF78607A6842F604031344E4
:1076400028331846FFF716FF034618460837BD468D
:1076500080BD80B483B000AF786039607A683B68E1
:107660009B00134418460C37BD465DF8047B7047F9
:1076700080B584B000AFF860B9607A6087ED000A29
:1076800097ED000AFFF76CFF03467A68B968F8685F
:1076900004F0F0FA00BF1037BD4680BD80B584B05D
:1076A00000AFF860B9607A607A68B968F86804F089
:1076B000E1FD03461846FFF740FFF0EE407AB0EEDA
:1076C000670A1037BD4680BD80B483B000AF7860D4
:1076D00039607A683B689B00134418460C37BD46F6
:1076E0005DF8047B7047000080B584B000AFF8609F
:1076F000B9607A607B68002B06DBFA680B4B134499
:107700001B687A689A4205DB0121B868FFF70AFE18
:10771000002307E0FA687B681A4442F60403134426
:107720001B785BB218461037BD4680BD24AF010000
:1077300080B584B000AFF860B9607A607B68002BD8
:1077400007DB7B685A1CF9680C4B0B441B689A4298
:1077500005DB0221B868FFF7E5FD00230AE0FA68BF
:1077600042F6040313447A6813441846FFF757FEA1
:10777000034600BF18461037BD4680BD24AF010048
:1077800080B584B000AFF860B9607A607B68002B88
:1077900007DB7B689A1CF9680C4B0B441B689A4208
:1077A00005DB0321B868FFF7BDFD00230AE0FA6896
:1077B00042F6040313447A6813441846FFF742FE66
:1077C000034600BF18461037BD4680BD24AF0100F8
:1077D00080B584B000AFF860B9607A607B68002B38
:1077E00007DB7B68DA1CF9680C4B0B441B689A4278
:1077F00005DB0421B868FFF795FD00230AE0FA686D
:1078000042F6040313447A6813441846FFF732FE25
:10781000034600BF18461037BD4680BD24AF0100A7
:1078200080B485B000AF78600023FB60FB681E2B3E
:107830000DDC7A68FB6842FA03F303F00103002BC6
:1078400001D0FB6804E0FB680133FB60EEE7002336
:1078500018461437BD465DF8047B704780B483B08A
:1078600000AF78607B681B6818460C37BD465DF832
:10787000047B704780B483B000AF78607B685B683E
:1078800018460C37BD465DF8047B704780B483B062
:1078900000AF78607B689B6818460C37BD465DF882
:1078A000047B704780B483B000AF78607B68DB688E
:1078B00018460C37BD465DF8047B704780B483B032
:1078C00000AF78607B681B6918460C37BD465DF8D1
:1078D000047B704780B483B000AF78607B685B69DD
:1078E00018460C37BD465DF8047B70470000000069
:1078F00080B483B000AF87ED010AD7ED017AB7EE0F
:10790000E77A9FED076B27EE067BFDEEC77B17EE50
:10791000903A18460C37BD465DF8047B704700BFAF
:1079200050AAAC74BD61A44080B582B000AF78604D
:107930007B68D3ED167AB0EE670AFFF7D9FF0346EE
:1079400018460837BD4680BD80B582B000AF78606C
:107950007B68D3ED177AB0EE670AFFF7C9FF0346DD
:1079600018460837BD4680BD80B582B000AF78604C
:107970007B68D3ED187AB0EE670AFFF7B9FF0346CC
:1079800018460837BD4680BD80B582B000AF78602C
:107990007B68D3ED197AB0EE670AFFF7A9FF0346BB
:1079A00018460837BD4680BD80B582B000AF78600C
:1079B0007B68D3ED1A7AB0EE670AFFF799FF0346AA
:1079C00018460837BD4680BD80B582B000AF7860EC
:1079D0007B68D3ED1B7AB0EE670AFFF789FF034699
:1079E00018460837BD4680BD80B485B000AFF8604A
:1079F00087ED020AC7ED010A87ED001AFB68BA6835
:107A00001A60FB6804337A681A60FB6808333A68C6
:107A10001A6000BF1437BD465DF8047B704780B420
:107A200085B000AFF860B9607A60BB6893ED007A0A
:107A30007B68D3ED007A77EE277AFB68C3ED007A96
:107A4000BB68043393ED007A7B680433D3ED007A8E
:107A5000FB68043377EE277AC3ED007ABB680833FE
:107A600093ED007A7B680833D3ED007AFB68083326
:107A700077EE277AC3ED007A00BF1437BD465DF874
:107A8000047B704780B485B000AFF860B9607A605D
:107A9000BB6893ED007A7B68D3ED007A77EE677A66
:107AA000FB68C3ED007ABB68043393ED007A7B6812
:107AB0000433D3ED007AFB68043377EE677AC3EDC5
:107AC000007ABB68083393ED007A7B680833D3ED06
:107AD000007AFB68083377EE677AC3ED007A00BF5F
:107AE0001437BD465DF8047B704780B485B000AFA5
:107AF000F86087ED020AC7ED010A87ED001AFB68FE
:107B000093ED007AD7ED027A27EE277AFB680433EB
:107B1000D3ED006AD7ED017A66EEA77A37EE277AC1
:107B2000FB680833D3ED006AD7ED007A66EEA77ADA
:107B300077EE277AB0EE670A1437BD465DF8047B0E
:107B4000704780B582B000AF786039603B68D3ED94
:107B5000007A3B68043393ED007A3B680833D3ED39
:107B6000006AB0EE661AF0EE470AB0EE670A78686F
:107B7000FFF7BBFFF0EE407AB0EE670A0837BD466C
:107B800080BD80B485B000AFF860B96087ED010AB0
:107B9000BB6893ED007AD7ED017A77EE277AFB6820
:107BA000C3ED007ABB68043393ED007AFB680433BD
:107BB000D7ED017A77EE277AC3ED007ABB680833F8
:107BC00093ED007AFB680833D7ED017A77EE277AD8
:107BD000C3ED007A00BF1437BD465DF8047B7047E3
:107BE00080B485B000AFF860B96087ED010ABB686A
:107BF00093ED007AD7ED017A77EE677AFB68C3EDF3
:107C0000007ABB68043393ED007AFB680433D7ED48
:107C1000017A77EE677AC3ED007ABB68083393ED9B
:107C2000007AFB680833D7ED017A77EE677AC3ED07
:107C3000007A00BF1437BD465DF8047B704780B4FE
:107C400085B000AFF860B96087ED010ABB6893EDBD
:107C5000007AD7ED017A67EE277AFB68C3ED007AE8
:107C6000BB68043393ED007AFB680433D7ED017AE7
:107C700067EE277AC3ED007ABB68083393ED007A8C
:107C8000FB680833D7ED017A67EE277AC3ED007AF7
:107C900000BF1437BD465DF8047B704780B485B0E3
:107CA00000AFF860B96087ED010ABB68D3ED006AE8
:107CB00097ED017AC6EE877AFB68C3ED007ABB6860
:107CC0000433D3ED006AFB68043397ED017AC6EE06
:107CD000877AC3ED007ABB680833D3ED006AFB688E
:107CE000083397ED017AC6EE877AC3ED007A00BFBC
:107CF0001437BD465DF8047B704780B48BB000AF8D
:107D0000786287ED080AC7ED070A87ED061AC7ED06
:107D1000051A87ED042AC7ED032A87ED023AC7ED5D
:107D2000013A87ED004A7B6A3A6A1A607B6A04333B
:107D3000FA691A607B6A0833BA691A607B6A0C3385
:107D40007A691A607B6A10333A691A607B6A143365
:107D5000FA681A607B6A1833BA681A607B6A1C3347
:107D60007A681A607B6A20333A681A6000BF2C3741
:107D7000BD465DF8047B704780B582B000AF786087
:107D800087ED000A97ED004AD7ED003A97ED003AEB
:107D9000D7ED002A97ED002AD7ED001A97ED001ACB
:107DA000D7ED000A97ED000A7868FFF7A6FF00BF3D
:107DB0000837BD4680BD000080B582B000AF786056
:107DC00087ED000A97ED004ADFED0B3A9FED0A3A86
:107DD000DFED092A97ED002ADFED071A9FED061A5D
:107DE000DFED050A97ED000A7868FFF786FF00BF10
:107DF0000837BD4680BD00BF0000000080B582B0DE
:107E000000AF786039602422396878680BF064FE2E
:107E100000BF0837BD4680BD80B487B000AF786032
:107E200039603B6804331B687B613B6808331B681F
:107E30003B613B6814331B68FB603B681A687B68D6
:107E40001A603B6803F10C027B68043312681A6005
:107E50003B6803F118027B68083312681A607B687C
:107E60000C337A691A603B6803F110027B681033A7
:107E700012681A603B6803F11C027B6814331268B5
:107E80001A607B6818333A691A607B681C33FA6899
:107E90001A603B6803F120027B68203312681A6085
:107EA00000BF1C37BD465DF8047B704780B582B0CB
:107EB00000AF786039603B68D3ED007A3B680C33E3
:107EC00093ED007A3B681833D3ED006AB0EE661A82
:107ED000F0EE470AB0EE670A7868FFF706FEF0EEAC
:107EE000407AB0EE670A0837BD4680BD80B58EB0D7
:107EF00000AFF860B9607A607968B868FFF7D6FFBC
:107F0000F0EE407AC7ED057A7B6804331946B8680D
:107F1000FFF7CCFFF0EE407AC7ED067A7B680833B6
:107F20001946B868FFF7C2FFF0EE407AC7ED077A4E
:107F3000BB680C3379681846FFF7B8FFF0EE407A5B
:107F4000C7ED087ABB6803F10C027B68043319465D
:107F50001046FFF7ABFFF0EE407AC7ED097ABB6839
:107F600003F10C027B68083319461046FFF79EFFA9
:107F7000F0EE407AC7ED0A7ABB6818337968184684
:107F8000FFF794FFF0EE407AC7ED0B7ABB6803F180
:107F900018027B68043319461046FFF787FFF0EE9E
:107FA000407AC7ED0C7ABB6803F118027B6808338E
:107FB00019461046FFF77AFFF0EE407AC7ED0D7ACA
:107FC00007F114031946F868FFF718FF00BF3837A8
:107FD000BD4680BD80B487B000AFF860B96087ED62
:107FE000010A00237B617B69082B13DC7B699B0002
:107FF000BA68134493ED007A7B699B00FA681344D6
:10800000D7ED017A67EE277AC3ED007A7B690133F9
:108010007B61E8E700BF1C37BD465DF8047B704715
:1080200090B587B000AFF860B9607A607968B868D9
:10803000FFF787FDF0EE407AC7ED047ABB680C339A
:1080400079681846FFF77DFDF0EE407AC7ED057AB6
:10805000BB6803F11802FB6803F108047968104655
:10806000FFF76FFDF0EE407AC4ED007A3A69FB68E5
:108070001A60FB6804337A691A6000BF1C37BD467A
:1080800090BD90B587B000AFF860B9607A6079684C
:10809000B868FFF70BFFF0EE407AC7ED047A7B6813
:1080A00004331946B868FFF701FFF0EE407AC7EDD8
:1080B000057A7B6803F10802FB6803F108041146A6
:1080C000B868FFF7F3FEF0EE407AC4ED007A3A6943
:1080D000FB681A60FB6804337A691A6000BF1C37BA
:1080E000BD4690BD80B483B000AF78607B6800224D
:1080F000C3F890287B68002283F8942800BF0C37CF
:10810000BD465DF8047B704780B483B000AF7860F3
:108110000B46FB707B68FA7883F8942800BF0C3715
:10812000BD465DF8047B704780B483B000AF7860D3
:108130007B68DA6C7B681B6D134418460C37BD46B0
:108140005DF8047B704780B483B000AF78607B68D3
:108150005B6E18460C37BD465DF8047B704780B4F3
:1081600085B000AFF860B9607A60FA68BB68023326
:108170009B0013447A685A6000BF1437BD465DF80F
:10818000047B704780B483B000AF78607B68002BBD
:1081900001DA002305E07B68272B01DD272300E0BF
:1081A0007B6818460C37BD465DF8047B704780B489
:1081B00083B000AF78607B68DB6818460C37BD463B
:1081C0005DF8047B704780B483B000AF78607B6853
:1081D0001B6918460C37BD465DF8047B704780B4B8
:1081E00083B000AF78607B685B6918460C37BD468A
:1081F0005DF8047B7047000080B590B000AF7861F7
:1082000087ED040AC7ED030A87ED021AC7ED011ACC
:10821000D7ED037A67EEA77AC7ED0E7A97ED017A6C
:10822000D7ED047A27EE277AD7ED036AD7ED027AE5
:1082300066EEA77A77EE277AB7EEE77A37EE077B16
:10824000F7EEC77BC7ED0D7AD7ED047A27EEA77A54
:10825000D7ED0E7A77EE277AB7EEE77A37EE077B1F
:10826000B7EE006B36EE477BF7EEC77BC7ED0C7AB7
:10827000D7ED0C0A97ED0D0A0AF0FAF887ED0B0A14
:1082800097ED017AD7ED037A27EE277AD7ED026AC8
:10829000D7ED047A66EEA77A77EE677AB7EEE77ADB
:1082A00037EE077BF7EEC77BC7ED0F7AD7ED0F7A76
:1082B000B7EE007AF4EEC77AF1EE10FA02DD4FF075
:1082C0007E53FB63D7ED0F7ABFEE007AF4EEC77AE8
:1082D000F1EE10FA01D52C4BFB6397ED0F0A0AF073
:1082E00095F887ED0A0A97ED017AD7ED027A27EE25
:1082F000277AD7ED046AD7ED037A66EEA77A77EE90
:10830000277AB7EEE77A37EE077BF7EEC77BC7ED44
:10831000097AD7ED027A27EEA77AD7ED0E7A77EEB3
:10832000277AB7EEE77A37EE077BB7EE006B36EECB
:10833000477BF7EEC77BC7ED087AD7ED080A97EDC4
:10834000090A0AF095F887ED070A97ED070AFFF783
:1083500007F901467A690D4B1344196097ED0A0A33
:10836000FFF7FEF801467A69094B1344196097ED4F
:108370000B0AFFF7F5F801467A69064B13441960BA
:1083800000BF4037BD4680BD000080BF68AF010020
:108390006CAF010070AF010080B590B000AF7861A4
:1083A000396187ED030AC7ED020A87ED011AC7EDAF
:1083B000001AD7ED027A37EEA77AD7ED027A67EE88
:1083C000277AB7EE007A37EE677AD7ED017A77EE43
:1083D000A76AD7ED017A66EEA77A37EE676AD7ED1E
:1083E000037A37EEA77AD7ED027A27EE277AD7ED10
:1083F000017A77EEA76AD7ED007A66EEA77A77EE74
:10840000675AD7ED037A37EEA77AD7ED017A27EED0
:10841000277AD7ED027A77EEA76AD7ED007A66EE73
:10842000A77A37EE275AD7ED037A37EEA77AD7ED3A
:10843000027A27EE277AD7ED017A77EEA76AD7ED91
:10844000007A66EEA77A77EE274AD7ED037A37EE01
:10845000A77AD7ED037A67EE277AB7EE007A37EE80
:10846000677AD7ED017A77EEA76AD7ED017A66EEE3
:10847000A77A37EE672AD7ED027A37EEA77AD7EDDB
:10848000017A27EE277AD7ED037A77EEA76AD7ED40
:10849000007A66EEA77A77EE672AD7ED037A37EE91
:1084A000A77AD7ED017A27EE277AD7ED027A77EE11
:1084B000A76AD7ED007A66EEA77A37EE673AD7ED6E
:1084C000027A37EEA77AD7ED017A27EE277AD7ED31
:1084D000037A77EEA76AD7ED007A66EEA77A77EE91
:1084E000273AD7ED037A37EEA77AD7ED037A67EE0E
:1084F000277AB7EE007A37EE677AD7ED027A77EE11
:10850000A76AD7ED027A66EEA77A77EE677AB0EEC1
:10851000674AF0EE641AB0EE451AF0EE650AB0EE66
:10852000460A3869FFF7E9FB07F11C039FED0F4A84
:10853000DFED0E3ABFEE003AF7EE002A9FED0B2A70
:10854000DFED0A1A9FED091AFFEE000A9FED070AF8
:108550001846FFF7D2FB07F11C031A463969386940
:10856000FFF7C4FC00BF4037BD4680BD00000000DF
:1085700080B590B000AF7861396187ED030AC7ED2F
:10858000020A87ED011AC7ED001A07F11C03D7EDA7
:10859000001A97ED011AD7ED020A97ED030A194662
:1085A0007869FFF7F9FEB7EE001ADFED090A9FEDD3
:1085B000080A3869FFF718FA07F11C031A463969E7
:1085C0003869FFF75EFD00BF4037BD4680BD00BF84
:1085D0000000000080B582B000AF78607B6818466C
:1085E000FEF774FE7B6818460837BD4680BD000064
:1085F000B0B582B000AF78607B6803F520530022ED
:108600001A607A68174B134403241D46002C05DBBF
:108610002846FFF7DFFF2035013CF7E77A68124B69
:1086200013444FF0FF321A607A68104B134445220E
:108630001A607A680E4B134444221A607A680D4B14
:1086400013444FF0FF321A607A680B4B1344142224
:108650001A60786803F040FA7B6818460837BD4610
:10866000B0BD00BFA4AE010028AF01002CAF0100D7
:1086700030AF01005CAF010060AF010080B584B095
:1086800000AF786039607B685A683B681A447B6841
:108690005A600023FB60FB68032B0DDC7A68084BF3
:1086A0001344FA68520113441946786804F052F9E9
:1086B000FB680133FB60EEE700BF1037BD4680BDAD
:1086C000A4AE01002DE9F0432DED088BC7B006AF35
:1086D00078613961FA60FB68013B40F26D22934298
:1086E00003F2C88101A151F823F000BFC79101082E
:1086F000A590010875BA010875BA010875BA010894
:1087000075BA010875BA010875BA010875BA010889
:108710006B9101088591010875BA010875BA0108C5
:1087200075BA010875BA010875BA0108D99101082E
:108730000592010875BA01089D910108419201084E
:1087400081920108C1920108039301084593010831
:108750009993010875BA010875BA010875BA01083C
:1087600075BA010875BA010875BA010875BA010829
:1087700075BA010875BA010875BA010875BA010819
:1087800075BA010875BA0108619401087B94010863
:1087900081940108A5940108D3940108DB94010891
:1087A0001395010875BA010875BA010875BA010870
:1087B0002B95010823960108C196010863970108CB
:1087C000DF9701086F980108C99801089995010879
:1087D000599901080D9A01081B9C01083D9C01084C
:1087E000719C0108B79C01080F9D0108199D0108A3
:1087F000239D0108719D0108C59D0108BD9A0108CE
:108800004F9B010875BA010875BA010875BA0108CD
:1088100075BA010875BA010875BA010875BA010878
:1088200075BA010875BA0108239E0108639E010804
:108830008F9E0108E39E0108379F0108779F01087A
:10884000B79F010875BA010875BA010875BA010821
:1088500075BA010875BA010875BA010875BA010838
:1088600075BA010875BA010875BA010875BA010828
:1088700075BA010875BA0108F79F010839A0010807
:1088800043A0010875BA010875BA010875BA010854
:1088900075BA010875BA010875BA010875BA0108F8
:1088A00075BA010875BA010875BA010875BA0108E8
:1088B00075BA010875BA010875BA010875BA0108D8
:1088C00075BA010875BA010875BA010875BA0108C8
:1088D00075BA010875BA010875BA010875BA0108B8
:1088E00075BA010875BA010875BA010875BA0108A8
:1088F00075BA010875BA010875BA010875BA010898
:1089000075BA010875BA010875BA010875BA010887
:1089100075BA010875BA010875BA010875BA010877
:1089200075BA010875BA010875BA010875BA010867
:1089300075BA010875BA010875BA010875BA010857
:1089400085A00108B1A001081FA10108ABA1010881
:108950002FA2010875A20108BBA2010875BA01087F
:1089600075BA010875BA010875BA010875BA010827
:1089700075BA010875BA010875BA010875BA010817
:1089800075BA010875BA010875BA010875BA010807
:1089900075BA010875BA010875BA010875BA0108F7
:1089A00075BA010875BA010875BA010875BA0108E7
:1089B00075BA010875BA010875BA010875BA0108D7
:1089C00075BA010875BA010875BA010875BA0108C7
:1089D00075BA010875BA010875BA010875BA0108B7
:1089E00075BA010875BA010875BA010875BA0108A7
:1089F00075BA010875BA010875BA010875BA010897
:108A000075BA010875BA0108CFA20108E5A20108EC
:108A100075BA010875BA010875BA010875BA010876
:108A200075BA010875BA010875BA010875BA010866
:108A300075BA010875BA010875BA010875BA010856
:108A400075BA010875BA010875BA010875BA010846
:108A500075BA010875BA010875BA010875BA010836
:108A600075BA010875BA010875BA010875BA010826
:108A700075BA010875BA010875BA010875BA010816
:108A800075BA010875BA010875BA010875BA010806
:108A900075BA010875BA010875BA010875BA0108F6
:108AA00075BA010875BA010875BA010875BA0108E6
:108AB00075BA010875BA010875BA010875BA0108D6
:108AC00075BA010875BA010875BA010875BA0108C6
:108AD00075BA010875BA010875BA010875BA0108B6
:108AE00075BA010875BA010875BA010875BA0108A6
:108AF00075BA010875BA010875BA010875BA010896
:108B000075BA010875BA010875BA010875BA010885
:108B100075BA010875BA010875BA010875BA010875
:108B200075BA010875BA010875BA010875BA010865
:108B300075BA010875BA010875BA010875BA010855
:108B400075BA010875BA010875BA010875BA010845
:108B500075BA010875BA010875BA010875BA010835
:108B600075BA010875BA010875BA010875BA010825
:108B700075BA010875BA010875BA010875BA010815
:108B800075BA010875BA010875BA010875BA010805
:108B900075BA010875BA010895A30108CBA30108AD
:108BA00001A4010869A40108E5A901086BAA01084C
:108BB00011AB010875BA010875BA010875BA010848
:108BC00075BA010875BA010875BA010875BA0108C5
:108BD00075BA010875BA010875BA010875BA0108B5
:108BE00075BA010875BA010875BA010875BA0108A5
:108BF00075BA010875BA010875BA010875BA010895
:108C000075BA010875BA010875BA010875BA010884
:108C100075BA010875BA010875BA010875BA010874
:108C200075BA010875BA010875BA010875BA010864
:108C300075BA010875BA010875BA010875BA010854
:108C400075BA010875BA010875BA010875BA010844
:108C500075BA010875BA010875BA010875BA010834
:108C600075BA0108F3A4010829A501085FA5010848
:108C700095A5010895A30108CBA30108E3A5010868
:108C800019A601084FA601088DA60108C3A6010870
:108C9000F9A6010857A70108A1A70108D7A701084D
:108CA0000DA8010871A80108C3A80108F9A80108C6
:108CB0002FA901085DA9010893A9010875BA010847
:108CC00075BA010875BA010875BA010875BA0108C4
:108CD00075BA010875BA010875BA010875BA0108B4
:108CE00075BA010875BA010875BA010875BA0108A4
:108CF00075BA010875BA010875BA010875BA010894
:108D000075BA010875BA010875BA010875BA010883
:108D100075BA010875BA010875BA010875BA010873
:108D200075BA010875BA010875BA010875BA010863
:108D300075BA010875BA010875BA010875BA010853
:108D400075BA010875BA010875BA010875BA010843
:108D500075BA010875BA010875BA010875BA010833
:108D600075BA010875BA010875BA010875BA010823
:108D700075BA010875BA010875BA010875BA010813
:108D800075BA010875BA010875BA010875BA010803
:108D900075BA010875BA010875BA010875BA0108F3
:108DA00075BA010875BA010875BA010875BA0108E3
:108DB00075BA010875BA010875BA010875BA0108D3
:108DC00075BA010875BA010875BA010875BA0108C3
:108DD00075BA010875BA010875BA010875BA0108B3
:108DE00075BA010875BA010875BA010875BA0108A3
:108DF00075BA010875BA010875BA010875BA010893
:108E000075BA010875BA010875BA010875BA010882
:108E100075BA010875BA010875BA010875BA010872
:108E200075BA010875BA010875BA010875BA010862
:108E300075BA010875BA010875BA010875BA010852
:108E400075BA010875BA010875BA010875BA010842
:108E500075BA010875BA010875BA010875BA010832
:108E600075BA010875BA010875BA010875BA010822
:108E700075BA010875BA010875BA010875BA010812
:108E800075BA010875BA010875BA010875BA010802
:108E900075BA010875BA010875BA010875BA0108F2
:108EA00075BA010875BA010875BA010875BA0108E2
:108EB00075BA010875BA0108B7AB010823AC0108FF
:108EC00083AC0108E3AC010867AD010875BA01087D
:108ED00075BA010875BA010875BA010875BA0108B2
:108EE000C5AD01081FAE010879AE0108D3AE010877
:108EF00075BA010875BA010875BA010875BA010892
:108F000075BA010875BA01082DAF010829B001082A
:108F100065B00108A1B00108E3B0010825B101085E
:108F200085B10108DFB101083FB2010875BA010837
:108F300075BA010875BA010875BA010875BA010851
:108F400075BA010875BA010875BA010875BA010841
:108F500075BA010875BA010875BA010875BA010831
:108F600075BA010875BA010875BA010875BA010821
:108F700075BA010875BA010875BA010875BA010811
:108F800075BA010875BA010875BA010875BA010801
:108F900075BA010875BA010875BA010875BA0108F1
:108FA00075BA010875BA010875BA010875BA0108E1
:108FB00075BA010875BA010875BA010875BA0108D1
:108FC00075BA010875BA010875BA010875BA0108C1
:108FD00075BA010875BA010875BA010875BA0108B1
:108FE00075BA010875BA010875BA010875BA0108A1
:108FF00075BA010875BA010875BA010875BA010891
:1090000075BA010875BA010875BA010875BA010880
:1090100075BA010875BA010875BA010875BA010870
:1090200075BA010875BA010875BA010875BA010860
:1090300075BA010875BA010875BA010875BA010850
:1090400075BA010875BA01089DB20108A5B20108F8
:10905000FDB2010831B3010877B30108BDB30108BF
:1090600015B401086DB40108D5B4010841B5010873
:10907000EDB5010855B601089BB60108CFB6010849
:109080007BB70108E3B7010829B801085DB80108FA
:1090900095B8010841B90108A9B90108EFB901085B
:1090A00023BA01080123C7F8FC30D7F8FC30032BA2
:1090B00051DC7A69D7F8FC3003F675535B01134431
:1090C00004331B68002B40D1D7F8FC3003F67553EE
:1090D0005B017A6913441C1D3B695B6801331A46C6
:1090E0003969786903F0C6F801467B6903F52053B6
:1090F0001B681A462046FEF727F93B695B681A464B
:109100003969786903F0B6F802467B6903F52053A4
:109110001B689A1A7B6903F520531A60D7F8FC3054
:1091200003F675535B017A69134404331846FEF75E
:1091300028F93B695B689A1CD7F8FC303969786973
:1091400002F098FD002302F096BCD7F8FC30013302
:10915000C7F8FC30A9E73B695B689A1C00233969B2
:10916000786902F087FD02F085BC3B695B681A46AE
:109170003969786903F07EF803461846F6F7D2FCA1
:1091800002F078BC3B695C68E7F726FF034622469D
:109190003969786902F06EFD02F06CBC3B695B686E
:1091A0005C1C3B695B681A463969786903F062F8B0
:1091B0000346002BB8BF5B4222463969786902F04A
:1091C00059FD02F057BC3B695A6808233969786930
:1091D00002F050FD02F04EBC3B695B681A463969EB
:1091E000786903F047F8044601223969786903F089
:1091F00041F80346E31A002BCCBF01230023DBB266
:1092000002F039BC3B695B685C1C3B695B681A46D1
:109210003969786903F02EF80546012239697869C1
:1092200003F028F80346EB1A002BD4BF01230023D8
:10923000DBB222463969786902F01CFD02F01ABCE3
:109240003B695B689C1C3B695B6801331A46396962
:10925000786903F00FF805463B695B681A4639697F
:10926000786903F007F8034619462846FEF79AF88E
:10927000034622463969786902F0FCFC02F0FABB29
:109280003B695B689C1C3B695B6801331A46396922
:10929000786902F0EFFF05463B695B681A46396959
:1092A000786902F0E7FF034619462846FEF78CF876
:1092B000034622463969786902F0DCFC02F0DABB29
:1092C0003B695B689C1C3B695B6801331A463969E2
:1092D000786902F0CFFF03461D463B695B681A467A
:1092E0003969786902F0C6FF034619462846FEF739
:1092F000DCF8034622463969786902F0BBFC02F0CB
:10930000B9BB3B695B689C1C3B695B6801331A46CF
:109310003969786902F0AEFF03461D463B695B6818
:109320001A463969786902F0A5FF034619462846AE
:10933000FEF7CDF8034622463969786902F09AFCB7
:1093400002F098BB3B695B68DC1C3B695B680233DD
:109350001A463969786902F08DFF05463B695B68FA
:1093600001331A463969786902F084FF06463B6981
:109370005B681A463969786902F07CFF03461A4631
:1093800031462846FEF732F80346224639697869A5
:1093900002F070FC02F06EBB3B695B6802331A4658
:1093A0003969786902F066FF78623B695B6801336E
:1093B0001A463969786902F05DFFC7F8F8003B6921
:1093C0005B681A463969786902F054FFC7F8F400FF
:1093D000D7F8F430002B42F33683D7F8F420D7F8CF
:1093E000F8301344B3F5206F82F22D83D7F8F430B0
:1093F0005A007B6A1344AF4A934202F32483796A8A
:109400007869FEF7D1F8C7F8F000D7F8F4305A1EA3
:10941000C7F8F420002B14BF01230023DBB2002B7C
:1094200002F01183D7F8F0305A1CC7F8F0201B78EF
:109430007B84D7F8F0305A1CC7F8F0201B781B0249
:109440001AB27B8C13437B84D7F8F820531CC7F8DF
:10945000F830B7F922303969786902F00BFCD4E7AB
:109460003B695B689C1C0AF0F7FB0346224639699E
:10947000786902F0FFFB02F0FDBA012302F0FBBAAB
:109480003B695B681A463969786902F0F3FE014668
:109490007A69894B13441960786902F0F7FA01235D
:1094A00002F0E9BA3B695B681A463969786902F0EB
:1094B000E1FEF8623B695B6801331A4639697869F5
:1094C00002F0D8FEB862F96AB86AF5F7C3FF02F095
:1094D000D1BAE7F7D5FD02F0CDBA3B695B681A4611
:1094E0003969786902F0C6FE3863744A3B6B03F64B
:1094F0007143DB0013445A6870493B6B03F67143B8
:10950000DB000B449B6819461046F6F781FE02F01B
:10951000B1BAF6F793FE78633B695A687B6B396999
:10952000786902F0A7FB02F0A5BA3B695B681A46AE
:109530003969786902F09EFEC7F8EC000023C7F88D
:10954000E830D7F8E8301F2B02F37F82D7F8EC30F1
:10955000002B02F07A82D7F8EC3003F00103002BE5
:109560000FD0D7F8E8304FF41C7202FB03F3083336
:10957000524A1344181D0023002247F6FF71E7F7F3
:10958000F7FAD7F8EC305B10C7F8EC30D7F8E830D2
:109590000133C7F8E830D4E73B695B681A4639699C
:1095A000786902F067FEC7F8E4000023C7F8E030EE
:1095B000D7F8E0301F2B02F34A82D7F8E430002BB3
:1095C00002F04582D7F8E43003F00103002B1DD0F0
:1095D000D7F8E0304FF41C7202FB03F30833374A2C
:1095E00013441C1DD7F8E0304FF41C7202FB03F348
:1095F0000833324A1344043301211846E7F722FBAB
:109600000146002300222046E7F7B2FAD7F8E430FB
:109610005B10C7F8E430D7F8E0300133C7F8E0302A
:10962000C6E73B695B6802331A463969786902F01C
:1096300021FEC7F8DC003B695B6801331A463969D3
:10964000786902F017FEF8633B695B681A4639696E
:10965000786902F00FFEB8630023C7F8D830D7F856
:10966000D8301F2B02F3F581D7F8DC30002B02F045
:10967000F081D7F8DC3003F00103002B0ED0D7F8CF
:10968000D8304FF41C7202FB03F308330B4A134427
:10969000181D0023BA6BF96BE7F76AFAD7F8DC30CC
:1096A0005B10C7F8DC30D7F8D8300133C7F8D830B2
:1096B000D5E700BF9F86010028AF0100A0F9012473
:1096C0003B695B6803331A463969786902F0D2FD59
:1096D000C7F8D4003B695B6802331A463969786978
:1096E00002F0C8FDB8643B695B6801331A4639690A
:1096F000786902F0BFFD78643B695B681A46396996
:10970000786902F0B7FD38640023C7F8D030D7F885
:10971000D0301F2B02F39F81D7F8D430002B02F0FA
:109720009A81D7F8D43003F00103002B0ED0D7F87C
:10973000D0304FF41C7202FB03F30833B24A1344D7
:10974000181D3B6C7A6CB96CE7F712FAD7F8D43075
:109750005B10C7F8D430D7F8D0300133C7F8D03019
:10976000D5E73B695B6801331A463969786902F0CD
:1097700081FDC7F8CC003B695B681A463969786996
:1097800002F078FDF8640023C7F8C830D7F8C83075
:109790001F2B02F36281D7F8CC30002B02F05D81E1
:1097A000D7F8CC3003F00103002B0DD0D7F8C83028
:1097B0004FF41C7202FB03F30833934A134404333F
:1097C000F96C1846E9F7E8FBD7F8CC305B10C7F81E
:1097D000CC30D7F8C8300133C7F8C830D6E73B697A
:1097E0005B6802331A463969786902F043FDC7F8AD
:1097F000C4003B695B6801331A463969786902F035
:1098000039FD78653B695B681A463969786902F009
:1098100031FD38650023C7F8C030D7F8C0301F2BA2
:1098200002F31D81D7F8C430002B02F01881D7F85D
:10983000C43003F00103002B0ED0D7F8C0304FF432
:109840001C7202FB03F308336F4A134404333A6D6E
:10985000796D1846E9F716FCD7F8C4305B10C7F8E5
:10986000C430D7F8C0300133C7F8C030D5E73B6902
:109870005B6802331A463969786902F0FBFC0346DB
:109880001846FEF77FFC03464FF41C7202FB03F3FD
:1098900008335D4A13441C1D3B695B6801331A465B
:1098A0003969786902F0E6FC05463B695B681A464F
:1098B0003969786902F0DEFC024600232946204619
:1098C000E7F756F902F0D6B83B695B6802331A46EF
:1098D0003969786902F0CEFCC7F8BC003B695B6867
:1098E00001331A463969786902F0C4FCF8653B69AE
:1098F0005B681A463969786902F0BCFCB8650023D8
:10990000C7F8B830D7F8B8301F2B02F3AA80D7F8C1
:10991000BC30002B02F0A580D7F8BC3003F0010367
:10992000002B0ED0D7F8B8304FF41C7202FB03F3B3
:109930000833354A1344181D0023BA6DF96DE7F753
:109940002DF9D7F8BC305B10C7F8BC30D7F8B83069
:109950000133C7F8B830D5E73B695B6803331A4673
:109960003969786902F086FCC7F8B4003B695B6826
:1099700002331A463969786902F07CFCB8663B69A3
:109980005B6801331A463969786902F073FC7866BE
:109990003B695B681A463969786902F06BFC386686
:1099A0000023C7F8B030D7F8B0301F2B02F35B802C
:1099B000D7F8B430002B02F05680D7F8B43003F05B
:1099C0000103002B15D0D7F8B0304FF41C7202FB06
:1099D00003F308330C4A13441C1DBB6E1DB2396ED1
:1099E0007869FDF7D0FD02467B6E29462046E9F7EF
:1099F00029FCD7F8B4305B10C7F8B430D7F8B030D2
:109A00000133C7F8B030CEE7A0F901243B695B68A9
:109A100003331A463969786902F02CFCC7F8AC00A8
:109A20003B695B6802331A463969786902F022FCA7
:109A300078673B695B6801331A463969786902F0D7
:109A400019FC38673B695B681A463969786902F026
:109A500011FCF8660023C7F8A830D7F8A8301F2BF0
:109A600002F30380D7F8AC30002B01F0FE87D7F863
:109A7000AC3003F00103002B15D0D7F8A8304FF419
:109A80001C7202FB03F30833B64A13441C1D7B6FA0
:109A90001DB2F96E7869FDF787FD02463B6F2946D6
:109AA0002046E9F726FCD7F8AC305B10C7F8AC309D
:109AB000D7F8A8300133C7F8A830CEE73B695B6818
:109AC00002331A463969786902F0D4FBC7F8A4005A
:109AD0003B695B6801331A463969786902F0CAFB51
:109AE000F8673B695B681A463969786902F0C2FB1E
:109AF000B8670023C7F8A030D7F8A0301F2B01F3B8
:109B0000B687D7F8A430002B01F0B187D7F8A4307E
:109B100003F00103002B0FD0D7F8A0304FF41C72D4
:109B200002FB03F308338F4A13440433FA6F11B274
:109B3000BA6F1846E9F73AFBD7F8A4305B10C7F8BC
:109B4000A430D7F8A0300133C7F8A030D4E73B6980
:109B50005B6802331A463969786902F08BFBC7F8F3
:109B60009C003B695B6801331A463969786902F0E9
:109B700081FBC7F888003B695B681A4639697869D8
:109B800002F078FBC7F884000023C7F89830D7F8B4
:109B900098301F2B01F36D87D7F89C30002B01F014
:109BA0006887D7F89C3003F00103002B2AD0D7F840
:109BB00098304FF41C7202FB03F36B4A1344C7F84E
:109BC00080300023C7F89430D7F89420D7F8843039
:109BD0009A4217DAD7F88820D7F8943013441A46F7
:109BE0003969786902F046FB03461BB20122194627
:109BF000D7F88000E9F7DAFAD7F894300133C7F8DC
:109C00009430E1E7D7F89C305B10C7F89C30D7F868
:109C100098300133C7F89830B9E73B695B681A465A
:109C20003969786902F026FB01460023009300237E
:109C300000224E4805F0E9F901F01CBF3B695B6862
:109C400001331A463969786902F014FB04463B690E
:109C50005B681A463969786902F00CFB02460023FA
:109C6000009300232146414805F0CFF901F002BFDF
:109C70003B695B6802331A463969786902F0FAFA7F
:109C800004463B695B6801331A463969786902F01A
:109C9000F1FA05463B695B681A463969786902F052
:109CA000E9FA0346002200922A4621462F4805F091
:109CB000ACF901F0DFBE3B695B6803331A463969D2
:109CC000786902F0D7FA04463B695B6802331A46AA
:109CD0003969786902F0CEFA05463B695B68013361
:109CE0001A463969786902F0C5FA06463B695B682D
:109CF0001A463969786902F0BDFA03460093334683
:109D00002A462146194805F080F901F0B3BE1748EC
:109D100005F0A4F901F0AEBE144805F0B0F901F069
:109D2000A9BE3B695B689C1C3B695B6801331A46B2
:109D30003969786902F09EFA05463B695B681A4604
:109D40003969786902F096FA034619462846E8F719
:109D5000DDFC034622463969786901F08BFF01F08A
:109D600089BE00BFA0F90124ACF901242C02002413
:109D70003B695B68DC1C3B695B6802331A463969E6
:109D8000786902F077FA05463B695B6801331A4649
:109D90003969786902F06EFA06463B695B681A46D3
:109DA0003969786902F066FA03461A463146284650
:109DB000E8F704FD034622463969786901F05AFF45
:109DC00001F058BE3B695B68DC1C3B695B68023391
:109DD0001A463969786902F04DFA05463B695B68B5
:109DE00001331A463969786902F044FA06463B693C
:109DF0005B681A463969786902F03CFA03461946ED
:109E00007869FDF726FC03461A4631462846E8F7EE
:109E10002DFD034622463969786901F02BFF01F0D8
:109E200029BE3B695B689C1C3B695B6801331A4631
:109E30003969786902F01EFA05463B695B681A4683
:109E40003969786902F016FA03461946284606F081
:109E50006DFD034622463969786901F00BFF01F078
:109E600009BE3B695B685C1C3B695B681A463969E3
:109E7000786902F0FFF90346184606F081FD0346B3
:109E800022463969786901F0F5FE01F0F3BD3B69BE
:109E90005B68DC1C3B695B6802331A463969786988
:109EA00002F0E8F905463B695B6801331A463969F7
:109EB000786902F0DFF906463B695B681A46396942
:109EC000786902F0D7F903461A463146284606F06B
:109ED000A3FD034622463969786901F0CBFE01F003
:109EE000C9BD3B695B68DC1C3B695B6802331A4691
:109EF0003969786902F0BEF905463B695B68013350
:109F00001A463969786902F0B5F906463B695B681B
:109F10001A463969786902F0ADF903461A463146A6
:109F2000284606F097FD034622463969786901F014
:109F3000A1FE01F09FBD3B695B689C1C3B695B68AF
:109F400001331A463969786902F094F905463B698C
:109F50005B681A463969786902F08CF9034619463C
:109F6000284606F089FD034622463969786901F0E2
:109F700081FE01F07FBD3B695B689C1C3B695B68AF
:109F800001331A463969786902F074F905463B696C
:109F90005B681A463969786902F06CF9034619461C
:109FA000284606F07DFD034622463969786901F0AE
:109FB00061FE01F05FBD3B695B689C1C3B695B68AF
:109FC00001331A463969786902F054F905463B694C
:109FD0005B681A463969786902F04CF903461946FC
:109FE000284606F071FD034622463969786901F07A
:109FF00041FE01F03FBD3B695B6802331A46396997
:10A00000786902F037F904463B695B6801331A4608
:10A010003969786902F02EF905463B695B681A4692
:10A020003969786902F026F903462A462146AA488A
:10A0300006F01DFB01F01EBDA74806F049FC01F02B
:10A0400019BD3B695B6802331A463969786902F0C9
:10A0500011F904463B695B6801331A46396978692E
:10A0600002F008F905463B695B681A463969786968
:10A0700002F000F903462A462146974806F08BFB7A
:10A0800001F0F8BC3B695B685C1C3B695B681A4685
:10A090003969786902F0EEF803461846FDF7C0FB0F
:10A0A000034622463969786901F0E4FD01F0E2BC1B
:10A0B0003B695B68DC1C3B695B6802331A463969A3
:10A0C000786902F0D7F803461846FEF75BF80346B6
:10A0D0004FF41C7202FB03F30833804A13441D1D26
:10A0E0003B695B6801331A463969786902F0C2F846
:10A0F00003461EB23B695B681A463969786902F00B
:10A10000B9F803461A4631462846E9F74FF80346A0
:10A1100022463969786901F0ADFD01F0ABBC3B69BD
:10A120005B681D1D3B695B6803331A4639697869B2
:10A1300002F0A0F803461846FEF724F803464FF451
:10A140001C7202FB03F30833644A13441E1D3B696F
:10A150005B6802331A463969786902F08BF8034666
:10A160000FFA83F87B6942F604041C443B695B6880
:10A1700001331A463969786902F07CF803461C44B9
:10A180003B695B681A463969786902F073F80346DF
:10A19000224641463046E9F755F803462A463969D2
:10A1A000786901F067FD01F065BC3B695B681C1DC7
:10A1B0003B695B6803331A463969786902F05AF8DB
:10A1C00003461846FDF7DEFF03464FF41C7202FB00
:10A1D00003F30833414A13441D1D3B695B68023396
:10A1E0001A463969786902F045F803461EB23B69A0
:10A1F0005B6801331A463969786902F03BF8034617
:10A200000FFA83F83B695B681A463969786902F08E
:10A2100031F80346424631462846E9F7CBF8034673
:10A2200022463969786901F025FD01F023BC3B69BC
:10A230005B685C1C3B695B6801331A463969786965
:10A2400002F018F803461846FDF79CFF03464FF44A
:10A250001C7202FB03F30833204A134404331846EC
:10A26000FDF762FF034622463969786901F002FD75
:10A2700001F000BC3B695B685C1C3B695B680133B7
:10A280001A463969786901F0F5FF03461846FDF76B
:10A2900079FF03464FF41C7202FB03F308330F4AA5
:10A2A000134404331846FDF74EFF0346224639692E
:10A2B000786901F0DFFC01F0DDBB3B695A684FF4BF
:10A2C00080733969786901F0D5FC01F0D3BB04488B
:10A2D00004F06AFF01F0CEBB68850224A0F90124D6
:10A2E000B88502243B695B6806331A463969786988
:10A2F000FDF7D4F9B0EE408A3B695B6805331A4636
:10A3000039697869FDF7CAF9F0EE408A3B695B6804
:10A3100004331A4639697869FDF7C0F9B0EE409AFE
:10A320003B695B6803331A4639697869FDF7B6F90A
:10A33000F0EE409A3B695B6802331A4639697869E6
:10A34000FDF7ACF9B0EE40AA3B695B6801331A46F1
:10A3500039697869FDF7A2F9F0EE40AA3B695B68BC
:10A360001A4639697869FDF799F9F0EE407AB0EE4E
:10A37000673AF0EE6A2AB0EE4A2AF0EE691AB0EEB9
:10A38000491AF0EE680AB0EE480ABE4804F018FF19
:10A3900001F070BB3B695B685C1C3B695B681A46FB
:10A3A00039697869FDF77AF9F0EE407AB0EE670A1C
:10A3B00007F042F9F0EE407AB0EE670A22463969BA
:10A3C0007869FDF755F901F055BB3B695B685C1C8A
:10A3D0003B695B681A4639697869FDF75FF9F0EE09
:10A3E000407AB0EE670A07F03FFFF0EE407AB0EE39
:10A3F000670A224639697869FDF73AF901F03ABBF4
:10A400003B695B6803331A4639697869FDF746F999
:10A41000B0EE408A3B695B6802331A463969786955
:10A42000FDF73CF9F0EE408A3B695B6801331A4660
:10A4300039697869FDF732F9B0EE409A3B695B689B
:10A440001A4639697869FDF729F9F0EE407AF0EE9D
:10A45000671AB0EE491AF0EE680AB0EE480A786959
:10A46000FDF7CAFE01F006BB40F60C223969786997
:10A4700001F000FF07EE900AF8EEE77A9FED827A8E
:10A4800087EE878A40F60D223969786901F0F2FE7D
:10A4900007EE900AF8EEE77A9FED7B7AC7EE878A9F
:10A4A00040F60E223969786901F0E4FE07EE900A61
:10A4B000F8EEE77A9FED747A87EE879A40F60F22DE
:10A4C0003969786901F0D6FE07EE900AF8EEE77A6E
:10A4D000DFED6D6A87EEA67AF0EE471AB0EE491A04
:10A4E000F0EE680AB0EE480A7869FDF785FE01F0E3
:10A4F000C1BA3B695B685C1C3B695B681A46396999
:10A500007869FDF7CBF8F0EE407AB0EE670A07F015
:10A510004BFFF0EE407AB0EE670A2246396978695F
:10A52000FDF7A6F801F0A6BA3B695B685C1C3B69C5
:10A530005B681A4639697869FDF7B0F8F0EE407A41
:10A54000B0EE670A07F062FFF0EE407AB0EE670AFD
:10A55000224639697869FDF78BF801F08BBA3B69BF
:10A560005B685C1C3B695B681A4639697869FDF772
:10A5700095F8F0EE407AB0EE670A07F039F9F0EEA0
:10A58000407AB0EE670A224639697869FDF770F8BB
:10A5900001F070BA3B695B689C1C3B695B680133E6
:10A5A0001A4639697869FDF779F8B0EE408A3B6957
:10A5B0005B681A4639697869FDF770F8F0EE407A01
:10A5C000F0EE670AB0EE480A07F052FFF0EE407A6C
:10A5D000B0EE670A224639697869FDF749F801F05B
:10A5E00049BA3B695B685C1C3B695B681A46396920
:10A5F0007869FDF753F8F0EE407AB0EE670A07F09D
:10A600008FFDF0EE407AB0EE670A2246396978692C
:10A61000FDF72EF801F02EBA3B695B685C1C3B69C4
:10A620005B681A4639697869FDF738F8F0EE407AC8
:10A63000B0EE670A07F01EFFF0EE407AB0EE670A50
:10A64000224639697869FDF713F801F013BA3B69BE
:10A650005B685C1C3B695B681A4639697869FDF781
:10A660001DF8F0EE407AB0EE670A07F095FFF0EEC5
:10A67000407AB0EE670A224639697869FCF7F8FF3C
:10A6800001F0F8B9B8850224000080463B695B6898
:10A690005C1C3B695B681A4639697869FCF7FEFF08
:10A6A000F0EE407AB0EE670A07F062FDF0EE407A15
:10A6B000B0EE670A224639697869FCF7D9FF01F0E4
:10A6C000D9B93B695B685C1C3B695B681A463969B0
:10A6D0007869FCF7E3FFF0EE407AB0EE670A07F026
:10A6E0009DF9F0EE407AB0EE670A22463969786942
:10A6F000FCF7BEFF01F0BEB93B695B681A463969D9
:10A70000786901F0B7FDC7F88C003B695B689C1C59
:10A710003B695B6801331A4639697869FCF7BEFF0B
:10A72000F0EE407A07F11C031846B0EE670A07F016
:10A7300035FAF0EE407AB0EE670A22463969786958
:10A74000FCF796FFFB69D7F88C203969786901F02E
:10A7500091FA01F08FB93B695B689C1C3B695B68AF
:10A7600001331A4639697869FCF798FFB0EE408AE0
:10A770003B695B681A463969786901F07BFD0346DD
:10A780001846B0EE480A07F02FFAF0EE407AB0EE25
:10A79000670A224639697869FCF76AFF01F06AB9ED
:10A7A0003B695B685C1C3B695B681A463969786980
:10A7B000FCF774FFF0EE407AB0EE670A07F03AFA61
:10A7C000F0EE407AB0EE670A224639697869FCF704
:10A7D0004FFF01F04FB93B695B685C1C3B695B68EC
:10A7E0001A4639697869FCF759FFF0EE407AB0EE05
:10A7F000670A07F09BFEF0EE407AB0EE670A224649
:10A8000039697869FCF734FF01F034B93B695B685A
:10A810001A463969786901F02DFDC7F890003B6947
:10A820005B689C1C3B695B6801331A46396978692F
:10A83000FCF734FFF0EE407A07F118031846B0EE4B
:10A84000670A07F05DFAF0EE407AB0EE670A22463A
:10A8500039697869FCF70CFFD7ED067AB0EE670A24
:10A86000D7F8902039697869FCF702FF01F002B946
:10A870003B695B689C1C3B695B6801331A4639691C
:10A880007869FCF70BFFB0EE408A3B695B681A46BB
:10A890003969786901F0EEFC07EE900AF8EEE77A84
:10A8A000F0EE670AB0EE480A07F066FAF0EE407A7A
:10A8B000B0EE670A224639697869FCF7D9FE01F0E3
:10A8C000D9B83B695B685C1C3B695B681A463969AF
:10A8D0007869FCF7E3FEF0EE407AB0EE670A07F025
:10A8E0008BFEF0EE407AB0EE670A2246396978694D
:10A8F000FCF7BEFE01F0BEB83B695B685C1C3B69BF
:10A900005B681A4639697869FCF7C8FEF0EE407A50
:10A91000B0EE670A07F040F8F0EE407AB0EE670A52
:10A92000224639697869FCF7A3FE01F0A3B83B69B8
:10A930005B685C1C3B695B681A4639697869FCF79F
:10A94000ADFEF0EE407AF0EEE77AB0EE670A22460E
:10A9500039697869FCF78CFE01F08CB83B695B685B
:10A960005C1C3B695B681A4639697869FCF796FE9E
:10A97000F0EE407AB0EE670A07F0CEF8F0EE407ADB
:10A98000B0EE670A224639697869FCF771FE01F07A
:10A9900071B83B695B689C1C3B695B6801331A4674
:10A9A00039697869FCF77AFEB0EE408A3B695B68EA
:10A9B0001A463969786901F05DFC07EE900AF8EEF5
:10A9C000E77AF0EE670AB0EE480A07F083FDF0EE92
:10A9D000407AB0EE670A224639697869FCF748FE8A
:10A9E00001F048B83B695B6804331A4639697869F5
:10A9F00001F040FC034619467869FCF765FE044601
:10AA00003B695B6803331A4639697869FCF746FE8F
:10AA1000B0EE408A3B695B6802331A46396978694F
:10AA2000FCF73CFEF0EE408A3B695B6801331A4656
:10AA300039697869FCF732FEB0EE409A3B695B6891
:10AA40001A4639697869FCF729FEF0EE407AF0EE93
:10AA5000671AB0EE491AF0EE680AB0EE480A2146CD
:10AA60007869FDF799FC01F005B83B695B681A4607
:10AA70003969786901F0FEFB034619467869FCF7ED
:10AA800023FE044640F60C223969786901F0F2FB96
:10AA900007EE900AF8EEE77A9FEDC97A87EE878A8B
:10AAA00040F60D223969786901F0E4FB07EE900A5F
:10AAB000F8EEE77A9FEDC27AC7EE878A40F60E225B
:10AAC0003969786901F0D6FB07EE900AF8EEE77A6B
:10AAD0009FEDBB7A87EE879A40F60F223969786935
:10AAE00001F0C8FB07EE900AF8EEE77ADFEDB46AF2
:10AAF00087EEA67AF0EE471AB0EE491AF0EE680A31
:10AB0000B0EE480A21467869FDF746FC00F0B2BF76
:10AB10003B695B681A463969786901F0ABFB03460B
:10AB200019467869FCF7D0FD044640F60C223969D5
:10AB3000786901F09FFB07EE900AF8EEE77A9FED47
:10AB4000A07A87EE878A40F60D223969786901F08C
:10AB500091FB07EE900AF8EEE77A9FED997AC7EE3F
:10AB6000878A40F60E223969786901F083FB07EE87
:10AB7000900AF8EEE77A9FED927A87EE879A40F690
:10AB80000F223969786901F075FB07EE900AF8EE3B
:10AB9000E77ADFED8B6A87EEA67AF0EE471AB0EE21
:10ABA000491AF0EE680AB0EE480A21467869FDF7C6
:10ABB000DFFC00F05FBF3B695B6803331A4639690D
:10ABC000786901F057FB034619467869FCF77CFD6C
:10ABD00004463B695B6802331A4639697869FCF7B9
:10ABE0005DFDB0EE408A3B695B6801331A46396906
:10ABF0007869FCF753FDF0EE408A3B695B681A46C2
:10AC000039697869FCF74AFDF0EE407AB0EE671AD0
:10AC1000F0EE680AB0EE480A2046FCF7E5FE00F0C8
:10AC200029BF3B695B6802331A463969786901F0CC
:10AC300021FB034619467869FCF746FD04463B694B
:10AC40005B6801331A463969786901F013FB0346E2
:10AC500019467869FCF738FD05463B695B681A467A
:10AC60003969786901F006FB034619467869FCF7F3
:10AC70002BFD03461A4629462046FCF7D0FE00F07D
:10AC8000F9BE3B695B6802331A463969786901F09D
:10AC9000F1FA034619467869FCF716FD04463B694C
:10ACA0005B6801331A463969786901F0E3FA0346B3
:10ACB00019467869FCF708FD05463B695B681A464A
:10ACC0003969786901F0D6FA034619467869FCF7C4
:10ACD000FBFC03461A4629462046FCF7D3FE00F04B
:10ACE000C9BE3B695B681C1D3B695B6803331A4640
:10ACF0003969786901F0BEFA034619467869FCF7AC
:10AD0000E3FC05463B695B6802331A46396978699A
:10AD1000FCF7C4FCB0EE408A3B695B6801331A461D
:10AD200039697869FCF7BAFCF0EE408A3B695B68E8
:10AD30001A4639697869FCF7B1FCF0EE407AB0EE5A
:10AD4000671AF0EE680AB0EE480A2846FCF7CDFE16
:10AD5000F0EE407AB0EE670A224639697869FCF76E
:10AD600087FC00F087BE3B695B681C1D3B695B6824
:10AD700001331A463969786901F07CFA03461946AD
:10AD80007869FCF7A1FC05463B695B681A4639699E
:10AD9000786901F06FFA034619467869FCF794FC6C
:10ADA000034619462846FCF7CCFEF0EE407AB0EE9A
:10ADB000670A224639697869FCF75AFC00F05ABEE6
:10ADC000000080463B695B6802331A46396978693E
:10ADD00001F050FA034619467869FCF775FC044601
:10ADE0003B695B6801331A463969786901F042FAB8
:10ADF000034619467869FCF767FC05463B695B68C2
:10AE00001A4639697869FCF749FCF0EE407AB0EEF1
:10AE1000670A29462046FCF7B4FE00F02BBE3B69CA
:10AE20005B6802331A463969786901F023FA0346F0
:10AE300019467869FCF748FC04463B695B680133B6
:10AE40001A463969786901F015FA03461946786996
:10AE5000FCF73AFC05463B695B681A463969786934
:10AE6000FCF71CFCF0EE407AB0EE670A294620465B
:10AE7000FCF7B6FE00F0FEBD3B695B6802331A4684
:10AE80003969786901F0F6F9034619467869FCF7E3
:10AE90001BFC04463B695B6801331A4639697869D3
:10AEA00001F0E8F9034619467869FCF70DFC054600
:10AEB0003B695B681A4639697869FCF7EFFBF0EE8D
:10AEC000407AB0EE670A29462046FCF7B8FE00F04B
:10AED000D1BD3B695B6802331A463969786901F074
:10AEE000C9F9034619467869FCF7EEFB04463B694D
:10AEF0005B6801331A463969786901F0BBF903468A
:10AF000019467869FCF7E0FB05463B695B681A4621
:10AF100039697869FCF7C2FBF0EE407AB0EE670A57
:10AF200029462046FCF7BAFE00F0A4BD3B695B68E9
:10AF300009331A463969786901F09CF903461946C4
:10AF40007869FCF7C1FB04463B695B6808331A4625
:10AF500039697869FCF7A2FBB0EE408A3B695B680F
:10AF600007331A4639697869FCF798FBF0EE408A96
:10AF70003B695B6806331A4639697869FCF78EFBD2
:10AF8000B0EE409A3B695B6805331A4639697869C7
:10AF9000FCF784FBF0EE409A3B695B6804331A4689
:10AFA00039697869FCF77AFBB0EE40AA3B695B68C7
:10AFB00003331A4639697869FCF770FBF0EE40AA52
:10AFC0003B695B6802331A4639697869FCF766FBAE
:10AFD000B0EE40BA3B695B6801331A46396978695B
:10AFE000FCF75CFBF0EE40BA3B695B681A463969D6
:10AFF0007869FCF753FBF0EE407AB0EE674AF0EE6A
:10B000006B3AB0EE4B3AF0EE6A2AB0EE4A2AF0EE16
:10B01000691AB0EE491AF0EE680AB0EE480A204606
:10B02000FCF76BFE00F026BD3B695B6801331A46F6
:10B030003969786901F01EF9034619467869FCF709
:10B0400043FB04463B695B681A4639697869FCF73B
:10B0500025FBF0EE407AB0EE670A2046FCF78CFE46
:10B0600000F008BD3B695B6801331A4639697869AD
:10B0700001F000F9034619467869FCF725FB044600
:10B080003B695B681A4639697869FCF707FBF0EEA3
:10B09000407AB0EE670A2046FCF78EFE00F0EABC6C
:10B0A0003B695B6801331A463969786901F0E2F857
:10B0B000034619467869FCF707FB04463B695B6861
:10B0C0001A463969786901F0D5F803461946786956
:10B0D000FCF7FAFA034619462046FCF78FFE00F00B
:10B0E000C9BC3B695B6801331A463969786901F06C
:10B0F000C1F8034619467869FCF7E6FA04463B694D
:10B100005B681A463969786901F0B4F80346194654
:10B110007869FCF7D9FA034619462046FCF77CFE0D
:10B1200000F0A8BC3B695B6802331A46396978694C
:10B1300001F0A0F8034619467869FCF7C5FA044601
:10B140003B695B6801331A463969786901F092F806
:10B15000034619467869FCF7B7FA05463B695B6810
:10B160001A463969786901F085F803461946786905
:10B17000FCF7AAFA03461A4629462046FCF7B6FE13
:10B1800000F078BC3B695B6802331A46396978691C
:10B1900001F070F8034619467869FCF795FA044601
:10B1A0003B695B6801331A463969786901F062F8D6
:10B1B000034619467869FCF787FA05463B695B68E0
:10B1C0001A4639697869FCF769FAF0EE407AB0EE10
:10B1D000670A29462046FCF7FDFE00F04BBC3B69A0
:10B1E0005B6802331A463969786901F043F803460F
:10B1F00019467869FCF768FA04463B695B680133D5
:10B200001A463969786901F035F8034619467869B4
:10B21000FCF75AFA05463B695B681A463969786952
:10B2200001F028F8034619467869FCF74DFA034601
:10B230001A4629462046FCF7F3FE00F01BBC3B698A
:10B240005B6802331A463969786901F013F80346DE
:10B2500019467869FCF738FA04463B695B680133A4
:10B260001A463969786901F005F803461946786984
:10B27000FCF72AFA05463B695B681A463969786922
:10B2800000F0F8FF034619467869FCF71DFA0346FB
:10B290001A4629462046FCF7F4FEEBE3A748FCF7E4
:10B2A00021FFE7E33B695B6802331A463969786935
:10B2B00000F0E0FF04463B695B6801331A463969D8
:10B2C000786900F0D7FF05463B695B681A46396923
:10B2D000786900F0CFFF0346002205920022049215
:10B2E00000220392002202920022019200932B4638
:10B2F000224601219148F7F701F8BBE33B695B68FF
:10B300001A463969786900F0B5FF024600230593B3
:10B31000002304930023039300230293002301934B
:10B3200000230093002302218448F6F7E7FFA1E3FE
:10B330003B695B6801331A463969786900F09AFF06
:10B3400004463B695B681A463969786900F092FFE8
:10B35000034600220592002204920022039200225A
:10B360000292002201920022009222460321734899
:10B37000F6F7C4FF7EE33B695B6801331A4639691F
:10B38000786900F077FF04463B695B681A463969C3
:10B39000786900F06FFF03460022059200220492B4
:10B3A00000220392002202920022019200220092C7
:10B3B000224604216148F6F7A1FF5BE33B695B6825
:10B3C00002331A463969786900F054FF04463B6934
:10B3D0005B6801331A463969786900F04BFF05460E
:10B3E0003B695B681A463969786900F043FF034698
:10B3F000002205920022049200220392002202926F
:10B400000022019200932B46224605214B48F6F775
:10B4100075FF2FE33B695B6802331A463969786927
:10B4200000F028FF04463B695B6801331A4639691E
:10B43000786900F01FFF05463B695B681A46396969
:10B44000786900F017FF034600220592002204925B
:10B4500000220392002202920022019200932B46C6
:10B46000224606213548F6F749FF03E33B695B684E
:10B4700003331A463969786900F0FCFE05463B69DA
:10B480005B6802331A463969786900F0F3FE0646B4
:10B490003B695B6801331A463969786900F0EAFE56
:10B4A00004463B695B681A463969786900F0E2FE38
:10B4B00003460022059200220492002203920022F9
:10B4C00002920193009433462A4607211B48F6F75F
:10B4D00015FFCFE23B695B6803331A463969786927
:10B4E00000F0C8FE05463B695B6802331A463969BD
:10B4F000786900F0BFFE06463B695B6801331A4677
:10B500003969786900F0B6FE04463B695B681A4603
:10B510003969786900F0AEFE0346002205920022E8
:10B520000492002203920022029201930094334677
:10B530002A4608210148F6F7E1FE9BE24CD301249C
:10B540003B695B6807331A463969786900F092FEF7
:10B5500080463B695B6806331A463969786900F0B2
:10B5600089FE81463B695B6805331A46396978690B
:10B5700000F080FE04463B695B6804331A46396973
:10B58000786900F077FE05463B695B6803331A462D
:10B590003969786900F06EFE06463B695B680233E4
:10B5A0001A463969786900F065FEB8603B695B68E6
:10B5B00001331A463969786900F05CFE78603B69AE
:10B5C0005B681A463969786900F054FE03460593B2
:10B5D0007B680493BB6803930296019500944B46E5
:10B5E00042460921AA48F6F789FE43E23B695B68B7
:10B5F00003331A463969786900F03CFE05463B6919
:10B600005B6802331A463969786900F033FE0646F2
:10B610003B695B6801331A463969786900F02AFE94
:10B6200004463B695B681A463969786900F022FE76
:10B630000346002205920022049200220392002277
:10B6400002920193009433462A460A219048F6F765
:10B6500055FE0FE23B695B6801331A463969786928
:10B6600000F008FE04463B695B681A463969786950
:10B6700000F000FE03460022059200220492002200
:10B68000039200220292002201920022009222469E
:10B690000B217F48F6F732FEECE13B695B681A4606
:10B6A0003969786900F0E6FD02460023059300231E
:10B6B00004930023039300230293002301930023A8
:10B6C000009300230C217248F6F718FED2E13B6983
:10B6D0005B6807331A463969786900F0CBFD80460C
:10B6E0003B695B6806331A463969786900F0C2FD28
:10B6F00081463B695B6805331A463969786900F011
:10B70000B9FD04463B695B6804331A4639697869B8
:10B7100000F0B0FD05463B695B6803331A463969A2
:10B72000786900F0A7FD06463B695B6802331A465C
:10B730003969786900F09EFDB8603B695B68013348
:10B740001A463969786900F095FD78603B695B6855
:10B750001A463969786900F08DFD034605937B68C8
:10B760000493BB6803930296019500944B464246AE
:10B770000D214748F6F7C2FD7CE13B695B68033366
:10B780001A463969786900F075FD05463B695B68C2
:10B7900002331A463969786900F06CFD06463B6948
:10B7A0005B6801331A463969786900F063FD044625
:10B7B0003B695B681A463969786900F05BFD0346AE
:10B7C000002205920022049200220392002202929B
:10B7D0000193009433462A460E212D48F6F78EFD3C
:10B7E00048E13B695B6801331A463969786900F0C2
:10B7F00041FD04463B695B681A463969786900F087
:10B8000039FD034600220592002204920022039291
:10B8100000220292002201920022009222460F2171
:10B820001B48F6F76BFD25E13B695B681A463969F1
:10B83000786900F01FFD024600230593002304935E
:10B84000002303930023029300230193002300931A
:10B85000002310210E48F6F751FD0BE13B695B68B0
:10B860001A463969786900F005FD02460023059300
:10B8700000230493002303930023029300230193E6
:10B8800000230093002317210148F6F737FDF1E06C
:10B890004CD301243B695B6807331A4639697869E0
:10B8A00000F0E8FC80463B695B6806331A4639695C
:10B8B000786900F0DFFC81463B695B6805331A4616
:10B8C0003969786900F0D6FC04463B695B6804334B
:10B8D0001A463969786900F0CDFC05463B695B681A
:10B8E00003331A463969786900F0C4FC06463B699F
:10B8F0005B6802331A463969786900F0BBFCB860AE
:10B900003B695B6801331A463969786900F0B2FC1B
:10B9100078603B695B681A463969786900F0AAFC6F
:10B92000034605937B680493BB68039302960195D5
:10B9300000944B46424618215348F6F7DFFC99E045
:10B940003B695B6803331A463969786900F092FCF9
:10B9500005463B695B6802331A463969786900F02D
:10B9600089FC06463B695B6801331A463969786988
:10B9700000F080FC04463B695B681A4639697869C7
:10B9800000F078FC03460022059200220492002277
:10B990000392002202920193009433462A46192111
:10B9A0003948F6F7ABFC65E03B695B6801331A4642
:10B9B0003969786900F05EFC04463B695B681A46A9
:10B9C0003969786900F056FC03460022059200228E
:10B9D000049200220392002202920022019200228D
:10B9E000009222461A212848F6F788FC42E03B697B
:10B9F0005B681A463969786900F03CFC024600230E
:10BA00000593002304930023039300230293002350
:10BA100001930023009300231B211B48F6F76EFCC3
:10BA200028E03B695B681A463969786900F022FCB6
:10BA30000346002B14BF01230023DBB21946124832
:10BA4000FCF762FB16E000BF14E000BF12E000BF8D
:10BA500010E000BF0EE000BF0CE000BF0AE000BF36
:10BA600008E000BF06E000BF04E000BF02E000BF46
:10BA700000E000BF0023184607F58277BD46BDEC05
:10BA8000088BBDE8F08300BF4CD3012480B582B0A1
:10BA900000AF78607A680E4B13448022002118466C
:10BAA00008F028F87B6803F5205340F2FF321A6053
:10BAB0007B684FF480520021184608F01BF87A6822
:10BAC000044B134400221A6000BF0837BD4680BDF6
:10BAD000A4AE010024AF010080B582B000AF786051
:10BAE0007B6803F580534FF400620021184608F08C
:10BAF00001F87A680E4B13444FF0FF321A607A68EF
:10BB00000C4B134445221A607A680B4B13444422B1
:10BB10001A607A68094B13444FF0FF321A607A6852
:10BB2000074B134414221A6000BF0837BD4680BD7E
:10BB300028AF01002CAF010030AF01005CAF010065
:10BB400060AF010090B585B000AF78600B46FB7028
:10BB50007868FFF79BFF7868FBF76AFD01467A6813
:10BB6000424B134419607A68404B13441B68002B06
:10BB700077DD7868FBF729FDB8600023FB60BA68C1
:10BB8000FB6813441A4600217868FBF7F9FD034669
:10BB9000002B14BF01230023DBB2002B1BD0BA689B
:10BBA000FB6813441A4600217868FBF7E9FD044658
:10BBB000BA68FB68134403331A4600217868FBF720
:10BBC00007FE034622460021786800F053F8FB6820
:10BBD0000733FB60D3E77868FBF708FD0346002BCB
:10BBE0000BDD7868FBF702FD01467A681F4B1344B2
:10BBF0001B68994201DA012300E00023002B30D0BA
:10BC00007B681B4C1C447868FBF7F0FC01467B68A2
:10BC100003F520531B681A462046FBF795FBFB787B
:10BC2000002B06D07A68124B13441846FBF7A9FB89
:10BC30000AE07B680E4818447A680C4B13441B6872
:10BC40001A460021E5F7BEF87868FBF7E0FC0246EB
:10BC50007B6803F520531B689A1A7B6803F5205311
:10BC60001A6000BF1437BD4690BD00BF24AF01006D
:10BC7000A4AE010080B586B000AFF860B9607A600C
:10BC80003B607B68002B09DD7B68B3F5206F05DA2C
:10BC9000FB687A68396843F82210DAE27B6840F67C
:10BCA0003122934258DD7B6840F6B142934253DC27
:10BCB0007B68A3F632237B607B68002B00DA0F33AE
:10BCC0001B117B617B691B017A68D31A3B613B695D
:10BCD000002B09D13B6847F6F972934204D1FA6808
:10BCE000C04B134400221A607B694FF41C7202FBA4
:10BCF00003F30833BC4A134404331846E4F775FFD2
:10BD00000346002B04D03B69002B01D1012300E046
:10BD10000023002B11D07B694FF41C7202FB03F34C
:10BD20000833B14A1344181DFA68AE4B13441A681D
:10BD300000233968E4F71CFF8BE27B694FF41C7227
:10BD400002FB03F30833A84A134404333A68396901
:10BD50001846FCF704FA7CE27B6840F62E229342F8
:10BD600000F3D4807B68B3F5206F67DA66E27B6806
:10BD7000A3F6B2432E2B00F2618201A252F823F007
:10BD800085BF010891BF01089DBF0108A9BF010837
:10BD9000B5BF0108C1BF0108CDBF0108D9BF010867
:10BDA0003DC201083DC201083DC201083DC2010873
:10BDB0003DC201083DC2010859C0010861C0010827
:10BDC00069C0010871C0010879C0010881C001087B
:10BDD00089C0010891C0010899C00108A1C00108EB
:10BDE000A9C00108B1C00108C3C00108D5C001083D
:10BDF000E7C00108F9C001080BC101081DC1010815
:10BE00002FC1010841C1010853C1010865C10108E2
:10BE100077C1010889C101089BC10108ADC10108B2
:10BE2000BFC10108D1C10108E3C10108F5C1010882
:10BE300007C2010819C201082BC201087B68A3F5DB
:10BE400020632E2B00F2FA8101A252F823F000BFEA
:10BE50004DC201084DC201084DC201084DC2010882
:10BE60004DC201084DC201084DC201084DC2010872
:10BE70004DC201084DC201084DC201084DC2010862
:10BE80004DC201084DC201084DC201084DC2010852
:10BE90004DC201084DC201084DC201084DC2010842
:10BEA0004DC2010825BF010831BF01083DBF01088F
:10BEB00049BF010855BF010861BF01086DBF0108F6
:10BEC00079BF01083DC201083DC201083DC2010819
:10BED0003DC201083DC201083DC201083DC2010842
:10BEE0003DC201083DC201083DC201083DC2010832
:10BEF0003DC201083DC201083DC2010829C0010838
:10BF000035C0010841C001084DC001087B68B3F588
:10BF10004E6F00F393817B6840F6B2429342BFF6C6
:10BF200026AF8BE1FA68314B13443A681A6090E10E
:10BF3000FA682F4B13443A681A608AE1FA682D4B6D
:10BF400013443A681A6084E1FA682B4B13443A6848
:10BF50001A607EE1FA68234B13443A681A6078E16C
:10BF6000FA68264B13443A681A6072E1FA68244B67
:10BF700013443A681A606CE1FA68224B13443A6839
:10BF80001A6066E1FA68204B13443A681A6060E16F
:10BF9000FA681E4B13443A681A605AE1FA681C4B5F
:10BFA00013443A681A6054E1FA681A4B13443A6829
:10BFB0001A604EE1FA68184B13443A681A6048E177
:10BFC000FA68164B13443A681A6042E1FA68144B57
:10BFD00013443A681A603CE1FA68124B13443A6819
:10BFE0001A6036E160AF0100A0F901242CAF010016
:10BFF00030AF010034AF01005CAF0100ACAF010015
:10C00000B0AF010064AF01003CAF010040AF0100E0
:10C0100044AF010048AF01004CAF010050AF010038
:10C0200054AF010058AF0100FA688C4B13443A68D2
:10C030001A600EE1FA688A4B13443A681A6008E104
:10C04000FA68884B13443A681A6002E1FA68864B32
:10C0500013443A681A60FCE0844A3B685362F8E093
:10C06000824A3B689362F4E0804A3B68D362F0E026
:10C070007E4A3B681363ECE07C4A3B685363E8E02C
:10C080007A4A3B689363E4E0784A3B68D363E0E034
:10C09000764A3B681364DCE0744A3B685364D8E03A
:10C0A000724A3B689364D4E0704A3B68D364D0E042
:10C0B0003868FBF742FAF0EE407A6D4BC3ED007A38
:10C0C000C7E03868FBF739FAF0EE407A684BC3ED09
:10C0D000017ABEE03868FBF730FAF0EE407A644B44
:10C0E000C3ED027AB5E03868FBF727FAF0EE407A44
:10C0F0005F4BC3ED037AACE03868FBF71EFAF0EE55
:10C10000407A5B4BC3ED047AA3E03868FBF715FA7D
:10C11000F0EE407A564BC3ED057A9AE03868FBF7AB
:10C120000CFAF0EE407A524BC3ED067A91E0386893
:10C13000FBF703FAF0EE407A4D4BC3ED077A88E047
:10C140003868FBF7FAF9F0EE407A494BC3ED087A0C
:10C150007FE03868FBF7F1F9F0EE407A444BC3ED2D
:10C16000097A76E03868FBF7E8F9F0EE407A404B60
:10C17000C3ED0A7A6DE03868FBF7DFF9F0EE407A3C
:10C180003B4BC3ED0B7A64E03868FBF7D6F9F0EE71
:10C19000407A374BC3ED0C7A5BE03868FBF7CDF99A
:10C1A000F0EE407A324BC3ED0D7A52E03868FBF77F
:10C1B000C4F9F0EE407A2E4BC3ED0E7A49E03868B0
:10C1C000FBF7BBF9F0EE407A294BC3ED0F7A40E064
:10C1D0003868FBF7B2F9F0EE407A254BC3ED107AE0
:10C1E00037E03868FBF7A9F9F0EE407A204BC3ED51
:10C1F000117A2EE03868FBF7A0F9F0EE407A1C4B7C
:10C20000C3ED127A25E03868FBF797F9F0EE407A33
:10C21000174BC3ED137A1CE03868FBF78EF9F0EE8C
:10C22000407A134BC3ED147A13E03868FBF785F9B5
:10C23000F0EE407A0E4BC3ED157A0AE0BB68002B96
:10C2400006D07968B868FBF75BF801E000BF00E052
:10C2500000BF00BF1837BD4680BD00BF74AF0100EE
:10C2600078AF01007CAF010080AF01006885022437
:10C27000B885022480B586B000AFF860B9607A60F6
:10C280007B68002B08DD7B68B3F5206F04DAFB6860
:10C290007A6853F8223055E37B6840F62E229342A9
:10C2A00000F3E2807B68B3F5206F75DA1AE37B68F0
:10C2B000A3F6B243352B00F2158301A252F823F006
:10C2C00089C5010893C501089DC50108A7C50108D6
:10C2D000B1C50108BBC50108C5C50108CFC5010826
:10C2E0001FC6010829C6010833C601083DC601085A
:10C2F00047C6010851C601085BC6010861C60108AE
:10C3000067C601086DC6010873C6010879C6010831
:10C310007FC6010885C601088BC6010891C60108C1
:10C3200097C601089DC60108AFC60108C1C601082D
:10C33000D3C60108E5C6010865C7010877C701082B
:10C3400089C701089BC70108ADC70108BFC701081D
:10C35000D1C70108E3C70108F5C7010807C80108EC
:10C3600019C801082BC801083DC801084FC80108B9
:10C3700061C8010873C8010885C8010897C8010889
:10C38000A9C80108B3C80108BDC80108C7C8010889
:10C39000D1C80108DBC801087B68A3F520632E2BF8
:10C3A00000F2A08201A252F823F000BF83C401086A
:10C3B0008DC4010897C40108A1C40108A9C40108DB
:10C3C000B1C40108B9C40108C3C40108CDC401083F
:10C3D000D7C40108DFC40108E7C40108EFC401089D
:10C3E000F7C40108FFC4010807C501080FC501080B
:10C3F00017C501081FC5010827C501082FC5010879
:10C4000039C5010843C501084DC5010875C50108B6
:10C410007FC5010857C5010861C501086BC5010842
:10C42000E5C80108E5C80108E5C80108E5C8010834
:10C43000E5C80108E5C80108E5C80108E5C8010824
:10C44000E5C80108E5C80108E5C8010801C60108FA
:10C450000BC6010815C60108D9C50108E3C50108C6
:10C46000EDC50108F7C501087B6840F6E742934235
:10C4700000F338827B6840F6B2429342BFF617AFB2
:10C4800030E29D48E4F784FD03465BE29A48E4F716
:10C490008BFD034656E29848E4F792FD034651E2CD
:10C4A000954BB3F954304DE2934BB3F9563049E212
:10C4B000914BB3F9583045E28F48FBF778FE0346BD
:10C4C00040E28D48FBF77FFE03463BE28A48FBF7DC
:10C4D00086FE034636E2884BB3F9503132E2864B92
:10C4E000B3F952312EE2844BB3F954312AE2824B34
:10C4F000B3F9443026E2804BB3F9463022E27E4B5A
:10C50000B3F948301EE27C4BB3F94A301AE27A4B59
:10C51000B3F94C3016E2784BD3F8403112E2764B47
:10C52000D3F844310EE2744BD3F848310AE2FA688A
:10C53000724B13441B6805E2FA68714B13441B6885
:10C5400000E2FA686F4B13441B68FBE1FA686E4B1C
:10C5500013441B68F6E1FA686C4B13441B68F1E165
:10C56000FA686B4B13441B68ECE1FA68694B13449F
:10C570001B68E7E1FA68684B13441B68E2E1FA685C
:10C58000664B13441B68DDE1FA68654B13441B6876
:10C59000D8E1FA68634B13441B68D3E1FA68624B35
:10C5A00013441B68CEE1FA68604B13441B68C9E171
:10C5B000FA685F4B13441B68C4E1FA685D4B13448F
:10C5C0001B68BFE1FA685C4B13441B68BAE1FA6868
:10C5D0005A4B13441B68B5E1FA68594B13441B6866
:10C5E000B0E1FA68574B13441B68ABE1FA68564B4D
:10C5F00013441B68A6E1FA68544B13441B68A1E17D
:10C60000FA68534B13441B689CE1FA68514B13447E
:10C610001B6897E1FA68504B13441B6892E14F483E
:10C62000FBF71CF903468DE14C48FBF72FF9034655
:10C6300088E14A48FBF71EF9034683E14748FBF7C8
:10C6400031F903467EE14548FBF738F9034679E1C5
:10C650004248FBF73FF9034674E1404B5B6A71E1E6
:10C660003E4B9B6A6EE13D4BDB6A6BE13B4B1B6BC8
:10C6700068E13A4B5B6B65E1384B9B6B62E1374B92
:10C68000DB6B5FE1354B1B6C5CE1344B5B6C59E160
:10C69000324B9B6C56E1314BDB6C53E1304BD3EDAD
:10C6A000007AB0EE670AFAF75BFF03464AE12C4BCB
:10C6B000D3ED017AB0EE670AFAF752FF034641E183
:10C6C000274BD3ED027AB0EE670AFAF749FF03462B
:10C6D00038E1234BD3ED037AB0EE670AFAF740FF57
:10C6E00003462FE11E4BD3ED047AB0EE670AFAF74A
:10C6F00037FF034626E100BF486A022438AF010035
:10C700002CAF010030AF010034AF0100ACAF01002D
:10C71000B0AF010064AF01005CAF010060AF010089
:10C720003CAF010040AF010044AF010048AF010041
:10C730004CAF010050AF010054AF010058AF0100F1
:10C7400074AF010078AF01007CAF010080AF010041
:10C7500068AF01006CAF010070AF01006885022472
:10C76000B8850224794BD3ED057AB0EE670AFAF763
:10C77000F7FE0346E6E0754BD3ED067AB0EE670AA6
:10C78000FAF7EEFE0346DDE0704BD3ED077AB0EE2C
:10C79000670AFAF7E5FE0346D4E06C4BD3ED087A5E
:10C7A000B0EE670AFAF7DCFE0346CBE0674BD3ED49
:10C7B000097AB0EE670AFAF7D3FE0346C2E0634B8C
:10C7C000D3ED0A7AB0EE670AFAF7CAFE0346B9E07B
:10C7D0005E4BD3ED0B7AB0EE670AFAF7C1FE034663
:10C7E000B0E05A4BD3ED0C7AB0EE670AFAF7B8FE18
:10C7F0000346A7E0554BD3ED0D7AB0EE670AFAF782
:10C80000AFFE03469EE0514BD3ED0E7AB0EE670AC1
:10C81000FAF7A6FE034695E04C4BD3ED0F7AB0EE47
:10C82000670AFAF79DFE03468CE0484BD3ED107A79
:10C83000B0EE670AFAF794FE034683E0434BD3ED6C
:10C84000117AB0EE670AFAF78BFE03467AE03F4BA7
:10C85000D3ED127AB0EE670AFAF782FE034671E072
:10C860003A4BD3ED137AB0EE670AFAF779FE034636
:10C8700068E0364BD3ED147AB0EE670AFAF770FE33
:10C8800003465FE0314BD3ED157AB0EE670AFAF755
:10C8900067FE034656E02D4B93F87030002B01D015
:10C8A00001234FE000234DE02848FBF73DF8034605
:10C8B00048E02648FBF748F8034643E02348FBF7E7
:10C8C00053F803463EE02148FBF75EF8034639E0A3
:10C8D0001E48FBF769F8034634E01C48FBF774F880
:10C8E00003462FE07B6840F63122934222DD7B68CD
:10C8F00040F6B14293421DDC7B68A3F632237B6095
:10C900007B68002B00DA0F331B117B617B691B01F5
:10C910007A68D31A3B617B694FF41C7202FB03F304
:10C9200008330B4A1344043339691846E4F78AF98B
:10C93000034607E0BB68002B03D07968B868FAF7B4
:10C94000DFFC002318461837BD4680BDB885022499
:10C95000A0F90124B0B52DED028B92B000AF786044
:10C96000396000233B643868E4F745FA0346002B3E
:10C9700008D03B6C5A1C3A6442F20F72934201DCBD
:10C98000012300E00023002B02F0C7823B681B68F4
:10C99000002B07DB3B681A687968C64B0B441B68A1
:10C9A0009A4205DB01213868FAF7BCFC02F0B5BAFF
:10C9B0003B681B687A681A4442F6040313441B78E8
:10C9C0007E2BD0D801A252F823F000BFC9CB0108BA
:10C9D000D3CB01080BCC010831CC010857CC01089E
:10C9E00061CD01088FCD0108BDCD0108EBCD010857
:10C9F00019CE01087DCC0108B9CC0108F1CC0108A1
:10CA000029CD010859CE01080BD0010843D00108F7
:10CA1000D3D0010837D10108C1D1010805D20108DE
:10CA200097CE0108DBCE01084BCF010895CF010856
:10CA300037D301084FD3010867D301087FD301081A
:10CA400097D30108AFD30108C7D30108DFD301088A
:10CA5000F7D301080FD4010829D4010853D40108E1
:10CA60007FD20108C5D201087DD40108C9D40108CC
:10CA700015D5010861D50108ADD50108F9D5010822
:10CA800047D6010895D60108E9D601083DD7010827
:10CA900091D70108E5D7010839D801088DD80108D8
:10CAA000DBD8010835D9010897D90108CDD901088B
:10CAB000FBD9010829DA010855DA01087FDA0108F3
:10CAC00097DA0108AFDA0108C7DA0108DFDA0108EE
:10CAD000F7DA01080FDB010827DB01083FDB01085B
:10CAE0008DDB0108EDDB01083BDC01089BDC010864
:10CAF000F1DC010861DD0108B7DD010827DE01086E
:10CB000085DE0108F5DE010853DF0108C3DF0108F7
:10CB1000DDDF010829E0010879E00108C5E001082E
:10CB200015E1010823E1010831E1010897E101085D
:10CB3000F7E1010845E2010893E20108E3E2010898
:10CB400033E3010869E301089FE30108F5E3010805
:10CB50004FE40108A9E40108FFE4010859E50108D0
:10CB6000B3E5010809E6010863E60108BDE601082E
:10CB700027E7010897E7010839E8010895E8010867
:10CB8000F5E8010859E90108B5E9010815EA0108C5
:10CB900075EA0108D1EA010831EB010891EB0108BF
:10CBA000EDEB01084DEC0108ADEC010809ED0108C1
:10CBB00069ED0108C9ED010825EE010885EE0108BF
:10CBC00005E8010867C901083B6800221A6102F004
:10CBD000A2B93B685B685C1E3B685B681A463968B3
:10CBE0007868FFF747FB0346224639687868FFF705
:10CBF00041F83B685B685A1E3B685A603B681B689B
:10CC00005A1C3B681A6002F086B93B685B685A1E82
:10CC10003B685A603B685A68002339687868FFF7B8
:10CC200029F83B681B685A1C3B681A6002F073B90C
:10CC30003B685B685A1E3B685A603B685A68012330
:10CC400039687868FFF716F83B681B685A1C3B6820
:10CC50001A6002F060B93B685B685A1E3B685A6014
:10CC60003B685A68022339687868FFF703F83B6825
:10CC70001B685A1C3B681A6002F04DB93B685B6840
:10CC80005A1E3B685A603B685C683B681B6801330E
:10CC90001A4639687868FAF727FD0346224639684C
:10CCA0007868FEF7E7FF3B681B689A1C3B681A60D0
:10CCB00002F031B924AF01003B685B685A1E3B6843
:10CCC0005A603B685C683B681B6801331A463968E8
:10CCD0007868FAF72DFD0346224639687868FEF732
:10CCE000C9FF3B681B68DA1C3B681A6002F013B985
:10CCF0003B685B685A1E3B685A603B685C683B68EF
:10CD00001B6801331A4639687868FAF739FD03461B
:10CD1000224639687868FEF7ADFF3B681B681A1D2C
:10CD20003B681A6002F0F7B83B685B685A1E3B68C4
:10CD30005A603B685C683B681B6801331A46396877
:10CD40007868FAF745FD0346224639687868FEF7A9
:10CD500091FF3B681B685A1D3B681A6002F0DBB804
:10CD60003B685C683B685B681A4639687868FFF71F
:10CD700081FA03460133224639687868FEF77AFF64
:10CD80003B681B685A1C3B681A6002F0C4B83B68D9
:10CD90005C683B685B681A4639687868FFF76AFA2E
:10CDA00003460233224639687868FEF763FF3B6822
:10CDB0001B685A1C3B681A6002F0ADB83B685C689F
:10CDC0003B685B681A4639687868FFF753FA034690
:10CDD0000333224639687868FEF74CFF3B681B68CE
:10CDE0005A1C3B681A6002F096B83B685C683B6866
:10CDF0005B681A4639687868FFF73CFA03460433E3
:10CE0000224639687868FEF735FF3B681B685A1C74
:10CE10003B681A6002F07FB83B685C683B685B68FF
:10CE20001A4639687868FFF725FA05463B681B689B
:10CE300001331A4639687868FAF756FC03462B44E2
:10CE4000224639687868FEF715FF3B681B689A1C14
:10CE50003B681A6002F05FB83B685B685A1E3B682B
:10CE60005A603B685D683B689C683B681B6801339F
:10CE70001A4639687868FAF737FC034623442A468D
:10CE800039687868FEF7F6FE3B681B689A1C3B68B9
:10CE90001A6002F040B83B685B685A1E3B685A60F3
:10CEA0003B685C683B681B6801331A4639687868E0
:10CEB000FAF73EFC03461A4639687868FFF7DAF954
:10CEC0000346224639687868FEF7D4FE3B681B6843
:10CED000DA1C3B681A6002F01EB83B681B6801331D
:10CEE0001A4639687868FAF723FC78643B681B684F
:10CEF00003331A4639687868FAF7F6FBB861BB69FC
:10CF0000013BBB63BB6B002B18DB3B685B685A1EA5
:10CF10003B685A603B685C687A6CBB6B13441A468A
:10CF200039687868FFF7A6F90346224639687868B9
:10CF3000FEF7A0FEBB6B013BBB63E3E73B681B68EE
:10CF40001A1D3B681A6001F0E6BF3B685B685A1E19
:10CF50003B685A603B685D683B689C683B681B683F
:10CF600001331A4639687868FAF7BEFB0346234452
:10CF70001A4639687868FFF77DF903462A4639680A
:10CF80007868FEF777FE3B681B689A1C3B681A605E
:10CF900001F0C1BF3B681B6801331A4639687868E5
:10CFA000FAF7A2FB78643B681B6802331A463968BB
:10CFB0007868FAF799FBF861FB69013B7B637B6B4F
:10CFC000002B1BDB3B685B685A1E3B685A603B6862
:10CFD0005C683B689A687B6C1A447B6B13441A4606
:10CFE00039687868FFF746F9034622463968786859
:10CFF000FEF740FE7B6B013B7B63E0E73B681B6811
:10D00000DA1C3B681A6001F086BF3B685C683B68CD
:10D010005B681A4639687868FFF72CF903461A46A8
:10D0200039687868FFF726F9034622463968786838
:10D03000FEF720FE3B681B685A1C3B681A6001F033
:10D040006ABF3B681B6801331A4639687868FAF78B
:10D050004BFBB8603B685B681A4639687868FFF735
:10D0600009F978643B685C687A6CBB681344013BDF
:10D070001A4639687868FFF7FDF803462246396892
:10D080007868FEF7F7FDBB68023B3B633B6B002B08
:10D0900018DB3B685B685A1E3B685A603B685C68FB
:10D0A0007A6C3B6B13441A4639687868FFF7E2F8EC
:10D0B0000346224639687868FEF7DCFD3B6B013B8E
:10D0C0003B63E3E73B681B689A1C3B681A6001F00E
:10D0D00022BF3B685B6801331A4639687868FFF7FE
:10D0E000C9F804463B685B681A4639687868FFF7F8
:10D0F000C1F80346224639687868FEF7BBFD3B68F5
:10D100005B685C1C3B685B681A4639687868FFF7A7
:10D11000B1F80346224639687868FEF7ABFD3B68F4
:10D120005B685A1C3B685A603B681B685A1C3B682A
:10D130001A6001F0F0BE3B681B6801331A4639687B
:10D140007868FAF7D1FA38613B685A683B6913444A
:10D150001A4639687868FFF78DF878643B69013BB7
:10D16000FB62FB6A002B1FDB3B685A68FB6A1344B7
:10D170001A4639687868FFF77DF8F8607A6CFB6AC0
:10D180001A44FB6839687868FEF774FD3B685A6892
:10D19000FB6A13445A1CFB6839687868FEF76AFD1D
:10D1A000FB6A013BFB62DCE73B685B685A1C3B683F
:10D1B0005A603B681B689A1C3B681A6001F0ABBE62
:10D1C0003B685B6801331A4639687868FFF752F8A4
:10D1D00004463B685B681A4639687868FFF74AF886
:10D1E0000346224639687868FEF744FD3B685B6871
:10D1F0009A1C3B685A603B681B685A1C3B681A6063
:10D2000001F089BE3B681B6801331A4639687868AB
:10D21000FAF76AFA78613B685A687B6913441A46E0
:10D2200039687868FFF726F878640023BB62BA6A29
:10D230007B699A4215DA7A6CBB6AD4183B685A68E3
:10D24000BB6A13441A4639687868FFF713F8034637
:10D25000224639687868FEF70DFDBB6A0133BB6270
:10D26000E5E73B685A687B6901331A443B685A60BA
:10D270003B681B689A1C3B681A6001F04CBE3B6817
:10D280009C683B681B6801331A4639687868FAF76E
:10D290002BFA03461C443B685B68591C3A68516092
:10D2A0001A4639687868FEF7E5FF03462246396872
:10D2B0007868FEF7DFFC3B681B689A1C3B681A60C5
:10D2C00001F029BE3B681B6801331A46396878684B
:10D2D000FAF70AFA78643B681B6802331A46396821
:10D2E0007868FAF701FA386200237B627A6A3B6A4F
:10D2F0009A4219DA3B689A687B6C1A447B6AD418A4
:10D300003B685B68591C3A6851601A46396878680E
:10D31000FEF7B0FF0346224639687868FEF7AAFC9C
:10D320007B6A01337B62E1E73B681B68DA1C3B6880
:10D330001A6001F0F0BD3B685B685A1E3B685A609A
:10D340003B681B685A1C3B681A6001F0E4BD3B68EF
:10D350005B689A1E3B685A603B681B685A1C3B68B6
:10D360001A6001F0D8BD3B685B685A1C3B685A6084
:10D370003B681B685A1C3B681A6001F0CCBD3B68D7
:10D380005B689A1C3B685A603B681B685A1C3B6888
:10D390001A6001F0C0BD3B685B68DA1C3B685A60EC
:10D3A0003B681B685A1C3B681A6001F0B4BD3B68BF
:10D3B0005B681A1D3B685A603B681B685A1C3B68D7
:10D3C0001A6001F0A8BD3B685B685A1D3B685A6053
:10D3D0003B681B685A1C3B681A6001F09CBD3B68A7
:10D3E0005B689A1D3B685A603B681B685A1C3B6827
:10D3F0001A6001F090BD3B685B68DA1D3B685A60BB
:10D400003B681B685A1C3B681A6001F084BD3B688E
:10D410005B6803F108023B685A603B681B685A1C52
:10D420003B681A6001F077BD3B681B6801331A4600
:10D4300039687868FAF758F902463B685B681A441D
:10D440003B685A603B681B689A1C3B681A6001F095
:10D4500062BD3B681B6801331A4639687868FAF781
:10D4600067F902463B685B681A443B685A603B6850
:10D470001B68DA1C3B681A6001F04DBD3B685B68B5
:10D480005C1C3B685B6801331A4639687868FEF7B4
:10D49000F1FE05463B685B681A4639687868FEF716
:10D4A000E9FE03462B44224639687868FEF7E2FB22
:10D4B0003B685B685A1C3B685A603B681B685A1C97
:10D4C0003B681A6001F027BD3B685B685C1C3B68E9
:10D4D0005B6801331A4639687868FEF7CBFE05466B
:10D4E0003B685B681A4639687868FEF7C3FE0346F6
:10D4F000EB1A224639687868FEF7BCFB3B685B682C
:10D500005A1C3B685A603B681B685A1C3B681A608F
:10D5100001F001BD3B685B685C1C3B685B680133E4
:10D520001A4639687868FEF7A5FE05463B685B68D1
:10D530001A4639687868FEF79DFE03462B4022465E
:10D5400039687868FEF796FB3B685B685A1C3B6855
:10D550005A603B681B685A1C3B681A6001F0DBBCD0
:10D560003B685B685C1C3B685B6801331A46396842
:10D570007868FEF77FFE05463B685B681A463968A7
:10D580007868FEF777FE03462B43224639687868B1
:10D59000FEF770FB3B685B685A1C3B685A603B684F
:10D5A0001B685A1C3B681A6001F0B5BC3B685B689D
:10D5B0005C1C3B685B6801331A4639687868FEF783
:10D5C00059FE05463B685B681A4639687868FEF77D
:10D5D00051FE03466B40224639687868FEF74AFBE5
:10D5E0003B685B685A1C3B685A603B681B685A1C66
:10D5F0003B681A6001F08FBC3B685B685C1C3B6851
:10D600005B6801331A4639687868FEF733FE0546D1
:10D610003B685B681A4639687868FEF72BFE03465C
:10D6200005FA03F3224639687868FEF723FB3B6866
:10D630005B685A1C3B685A603B681B685A1C3B6815
:10D640001A6001F068BC3B685B685C1C3B685B6807
:10D6500001331A4639687868FEF70CFE05463B68C8
:10D660005B681A4639687868FEF704FE034645FA97
:10D6700003F3224639687868FEF7FCFA3B685B687A
:10D680005A1C3B685A603B681B685A1C3B681A600E
:10D6900001F041BC3B685B685C1C3B685B68013324
:10D6A0001A4639687868FEF7E5FD05463B685B6811
:10D6B0001A4639687868FEF7DDFD03469D420CBFC7
:10D6C00001230023DBB2224639687868FEF7D2FADC
:10D6D0003B685B685A1C3B685A603B681B685A1C75
:10D6E0003B681A6001F017BC3B685B685C1C3B68D8
:10D6F0005B6801331A4639687868FEF7BBFD05465A
:10D700003B685B681A4639687868FEF7B3FD0346E4
:10D710009D4214BF01230023DBB22246396878689A
:10D72000FEF7A8FA3B685B685A1C3B685A603B6886
:10D730001B685A1C3B681A6001F0EDBB3B685B68D4
:10D740005C1C3B685B6801331A4639687868FEF7F1
:10D7500091FD05463B685B681A4639687868FEF7B4
:10D7600089FD03469D42B4BF01230023DBB222465C
:10D7700039687868FEF77EFA3B685B685A1C3B683C
:10D780005A603B681B685A1C3B681A6001F0C3BBB7
:10D790003B685B685C1C3B685B6801331A46396810
:10D7A0007868FEF767FD05463B685B681A4639688E
:10D7B0007868FEF75FFD03469D42D4BF0123002336
:10D7C000DBB2224639687868FEF754FA3B685B683A
:10D7D0005A1C3B685A603B681B685A1C3B681A60BD
:10D7E00001F099BB3B685B685C1C3B685B6801337C
:10D7F0001A4639687868FEF73DFD05463B685B6868
:10D800001A4639687868FEF735FD03469D42CCBF5D
:10D8100001230023DBB2224639687868FEF72AFA32
:10D820003B685B685A1C3B685A603B681B685A1C23
:10D830003B681A6001F06FBB3B685B685C1C3B682F
:10D840005B6801331A4639687868FEF713FD0546B0
:10D850003B685B681A4639687868FEF70BFD03463B
:10D860009D42ACBF01230023DBB2224639687868B1
:10D87000FEF700FA3B685B685A1C3B685A603B68DD
:10D880001B685A1C3B681A6001F045BB3B685B682B
:10D890005C1C3B685B6801331A4639687868FEF7A0
:10D8A000E9FC05463B685B681A4639687868FEF70C
:10D8B000E1FC034603FB05F3224639687868FEF76E
:10D8C000D9F93B685B685A1C3B685A603B681B6827
:10D8D0005A1C3B681A6001F01EBB3B685B681A4625
:10D8E00039687868FEF7C6FC78647B6C002B01D140
:10D8F00001237B643B685B685C1C3B685B680133AD
:10D900001A4639687868FEF7B5FC02467B6C92FBD4
:10D91000F3F3224639687868FEF7ACF93B685B6838
:10D920005A1C3B685A603B681B685A1C3B681A606B
:10D9300001F0F1BA3B685B681A4639687868FEF70F
:10D9400099FC78647B6C002B01D101237B643B68DC
:10D950005B685C1C3B685B6801331A463968786811
:10D96000FEF788FC03467A6C93FBF2F2796C01FBBC
:10D9700002F29B1A224639687868FEF77BF93B6809
:10D980005B685A1C3B685A603B681B685A1C3B68C2
:10D990001A6001F0C0BA3B685C683B685B681A4675
:10D9A00039687868FEF766FC0346002B0CBF01233C
:10D9B0000023DBB2224639687868FEF75BF93B68E2
:10D9C0001B685A1C3B681A6001F0A5BA3B685C688A
:10D9D0003B685B681A4639687868FEF74BFC03467B
:10D9E000DB43224639687868FEF744F93B681B68D8
:10D9F0005A1C3B681A6001F08EBA3B685C683B6851
:10DA00005B681A4639687868FEF734FC03465B4267
:10DA1000224639687868FEF72DF93B681B685A1C66
:10DA20003B681A6001F077BA3B689B689A1C3B68B8
:10DA30005A603B689A687B6853F822203B681A60FA
:10DA40003B689B685A1C7B6853F822203B689A60AD
:10DA500001F061BA3B681B6801331A46396878687F
:10DA6000F9F742FE786402237A6C3968786801F02D
:10DA700081FA0346002B01F0358201F04EBA0123F2
:10DA800000223968786801F075FA0346002B01F02E
:10DA90002C8201F042BA012301223968786801F032
:10DAA00069FA0346002B01F0238201F036BA012304
:10DAB00002223968786801F05DFA0346002B01F014
:10DAC0001A8201F02ABA012303223968786801F02A
:10DAD00051FA0346002B01F0118201F01EBA012316
:10DAE00004223968786801F045FA0346002B01F0FA
:10DAF000088201F012BA012305223968786801F022
:10DB000039FA0346002B01F0FF8101F006BA012328
:10DB100006223968786801F02DFA0346002B01F0DF
:10DB2000F68101F0FAB9012307223968786801F01B
:10DB300021FA0346002B01F0ED8101F0EEB93B68BC
:10DB40005B68591C3A6851601A4639687868FEF774
:10DB500091FB78647B6C002B0DDD7B6CB3F5206F43
:10DB600009DA7B687A6C53F82230591C7B687A6C2E
:10DB700043F8221003E0796C3868F9F7C1FB3B6881
:10DB80001B685A1C3B681A6001F0C5B93B685B68AA
:10DB9000591C3A6851601A4639687868FEF76AFB82
:10DBA00078647B6C002B16DD7B6CB3F5206F12DA8A
:10DBB0003B681B6801331A4639687868F9F7E0FD5D
:10DBC00001467B687A6C53F8223019447B687A6C82
:10DBD00043F8221003E0796C3868F9F791FB3B6851
:10DBE0001B681A1D3B681A6001F095B93B685B68B9
:10DBF000591C3A6851601A4639687868FEF73AFB52
:10DC000078647B6C002B0DDD7B6CB3F5206F09DA3B
:10DC10007B687A6C53F82230591E7B687A6C43F823
:10DC2000221003E0796C3868F9F76AFB3B681B68DF
:10DC30005A1C3B681A6001F06EB93B685B68591C5E
:10DC40003A6851601A4639687868FEF713FB7864C1
:10DC50007B6C002B16DD7B6CB3F5206F12DA3B6812
:10DC60001B6801331A4639687868F9F789FD01465F
:10DC70007B687A6C53F82230591A7B687A6C43F8C7
:10DC8000221003E0796C3868F9F73AFB3B681B68AF
:10DC90001A1D3B681A6001F03EB93B685B681A4682
:10DCA00039687868FEF7E6FA78647B6C002B14DD3F
:10DCB0007B6CB3F5206F10DA3B685C687B687A6C2C
:10DCC00053F82230581C7A68796C42F821002246B9
:10DCD00039687868FDF7CEFF03E0796C3868F9F7AA
:10DCE0000FFB3B681B685A1C3B681A6001F013B9B4
:10DCF0003B685B681A4639687868FEF7BBFA786457
:10DD00007B6C002B21DD7B6CB3F5206F1DDA3B684B
:10DD100059687B687A6C53F822300A46396878680B
:10DD2000FDF7A8FF3B681B6801331A46396878681D
:10DD3000F9F726FD01467B687A6C53F822301944C6
:10DD40007B687A6C43F8221003E0796C3868F9F745
:10DD5000D7FA3B681B681A1D3B681A6001F0DBB8F4
:10DD60003B685B681A4639687868FEF783FA78641E
:10DD70007B6C002B14DD7B6CB3F5206F10DA3B68F5
:10DD80005C687B687A6C53F82230581E7A68796C2C
:10DD900042F82100224639687868FDF76BFF03E0FE
:10DDA000796C3868F9F7ACFA3B681B685A1C3B6819
:10DDB0001A6001F0B0B83B685B681A463968786849
:10DDC000FEF758FA78647B6C002B21DD7B6CB3F591
:10DDD000206F1DDA3B6859687B687A6C53F82230F3
:10DDE0000A4639687868FDF745FF3B681B680133D0
:10DDF0001A4639687868F9F7C3FC01467B687A6C83
:10DE000053F82230591A7B687A6C43F8221003E0E9
:10DE1000796C3868F9F774FA3B681B681A1D3B681F
:10DE20001A6001F078B83B685B681A463968786810
:10DE3000FEF720FA78647B6C002B18DD7B6CB3F561
:10DE4000206F14DA3B6858687B687A6C53F822308C
:10DE5000591C7B687A6C43F822107B687A6C53F803
:10DE60002230024639687868FDF704FF03E0796CD8
:10DE70003868F9F745FA3B681B685A1C3B681A601A
:10DE800001F049B83B685B681A4639687868FEF764
:10DE9000F1F978647B6C002B21DD7B6CB3F5206F8E
:10DEA0001DDA3B685C683B681B6801331A463968B9
:10DEB0007868F9F765FC01467B687A6C53F8223084
:10DEC00019447B687A6C43F822107B687A6C53F8AB
:10DED0002230224639687868FDF7CCFE03E0796C81
:10DEE0003868F9F70DFA3B681B681A1D3B681A6021
:10DEF00001F011B83B685B681A4639687868FEF72C
:10DF0000B9F978647B6C002B18DD7B6CB3F5206F5E
:10DF100014DA3B6858687B687A6C53F82230591ED3
:10DF20007B687A6C43F822107B687A6C53F8223055
:10DF3000024639687868FDF79DFE03E0796C386821
:10DF4000F9F7DEF93B681B685A1C3B681A6000F061
:10DF5000E2BF3B685B681A4639687868FEF78AF961
:10DF600078647B6C002B21DD7B6CB3F5206F1DDAB0
:10DF70003B685C683B681B6801331A4639687868FF
:10DF8000F9F7FEFB01467B687A6C53F82230591A88
:10DF90007B687A6C43F822107B687A6C53F82230E5
:10DFA000224639687868FDF765FE03E0796C3868C9
:10DFB000F9F7A6F93B681B681A1D3B681A6000F068
:10DFC000AABF3B681B6801331A4639687868F9F7BD
:10DFD000D7FB02463B681A6000F09DBF3B685B6858
:10DFE000591C3A6851601A4639687868FEF742F958
:10DFF0000346002B14BF01230023DBB2002B0CD0FF
:10E000003B681B6801331A4639687868F9F7B8FB32
:10E0100002463B681A6000F07EBF3B681B681A1D11
:10E020003B681A6000F077BF3B685B681A46396846
:10E030007868FEF71FF90346002B14BF0123002365
:10E04000DBB2002B0CD03B681B6801331A463968E1
:10E050007868F9F795FB02463B681A6000F05BBFF1
:10E060003B685B685A1C3B685A603B681B681A1D1A
:10E070003B681A6000F04FBF3B685B68591C3A6808
:10E0800051601A4639687868FEF7F4F80346002BA9
:10E090000CBF01230023DBB2002B0CD03B681B68B4
:10E0A00001331A4639687868F9F76AFB02463B681B
:10E0B0001A6000F030BF3B681B681A1D3B681A608D
:10E0C00000F029BF3B685B681A4639687868FEF73C
:10E0D000D1F80346002B0CBF01230023DBB2002B39
:10E0E0000CD03B681B6801331A4639687868F9F729
:10E0F00047FB02463B681A6000F00DBF3B685B6857
:10E100005A1C3B685A603B681B681A1D3B681A60C2
:10E1100000F001BF3B681B685A1C3B681A6000F0A6
:10E12000FABE3B681B685A1C3B681A6000F0F5BEDB
:10E130003B685B681A4639687868FEF79BF807EE1B
:10E14000900AF8EEE77AC7ED0F7A3B685B68013317
:10E150001A4639687868FEF78DF8034697ED0F0A7E
:10E160001A4639687868F9F783FA3B685B680133C7
:10E1700097ED0F0A1A4639687868F9F779FA3B681B
:10E180005B685A1C3B685A603B681B685A1C3B68BA
:10E190001A6000F0C0BE3B685B681A463968786850
:10E1A000F9F77CFAF0EE407AFDEEE77A17EE903A56
:10E1B0007B643B685B6801331A4639687868FEF710
:10E1C00059F802467B6C39687868FDF753FD3B6867
:10E1D0005B685A1C7B6C39687868FDF74BFD3B68BF
:10E1E0005B685A1C3B685A603B681B685A1C3B685A
:10E1F0001A6000F090BE3B685B6801331A463968CC
:10E200007868FEF737F804463B685B681A46396859
:10E210007868FEF72FF807EE900AF8EEE77AB0EE8E
:10E22000670A224639687868F9F722FA3B685B6822
:10E230009A1C3B685A603B681B685A1C3B681A6012
:10E2400000F069BE3B685B6801331A46396878683C
:10E25000FEF710F804463B685B681A463968786830
:10E26000F9F71CFAF0EE407AFDEEE77A17EE903AF5
:10E27000224639687868FDF7FDFC3B685B689A1CAC
:10E280003B685A603B681B685A1C3B681A6000F088
:10E2900042BE3B689C683B681B6801331A4639687C
:10E2A0007868F9F721FA03461C443B685B68591CFF
:10E2B0003A6851601A4639687868FDF7DBFF07EE67
:10E2C000900AF8EEE77AB0EE670A22463968786875
:10E2D000F9F7CEF93B681B689A1C3B681A6000F09E
:10E2E0001ABE3B689C683B681B6801331A46396854
:10E2F0007868F9F7F9F903461C443B685B68591CD8
:10E300003A6851601A4639687868F9F7C7F9F0EE4B
:10E31000407AFDEEE77A17EE903A2246396878683F
:10E32000FDF7A8FC3B681B689A1C3B681A6000F06C
:10E33000F2BD3B685C683B685B681A463968786880
:10E34000F9F7ACF9F0EE407AFDEEE77A17EE903A85
:10E35000224639687868FDF78DFC3B681B685A1CBB
:10E360003B681A6000F0D7BD3B685C683B685B683F
:10E370001A4639687868FDF77DFF07EE900AF8EED7
:10E38000E77AB0EE670A224639687868F9F770F9DB
:10E390003B681B685A1C3B681A6000F0BCBD3B68B8
:10E3A0005B685C1C3B685B6801331A4639687868B7
:10E3B000F9F774F9B0EE408A3B685B681A46396831
:10E3C0007868F9F76BF9F0EE407A78EE277AB0EEDC
:10E3D000670A224639687868F9F74AF93B685B684A
:10E3E0005A1C3B685A603B681B685A1C3B681A60A1
:10E3F00000F091BD3B685B685C1C3B685B68013367
:10E400001A4639687868F9F749F9B0EE408A3B68EE
:10E410005B681A4639687868FDF72CFF07EE900AAA
:10E42000F8EEE77A78EE277AB0EE670A2246396886
:10E430007868F9F71DF93B685B685A1C3B685A60BD
:10E440003B681B685A1C3B681A6000F064BD3B685F
:10E450005B685C1C3B685B6801331A463968786806
:10E46000FDF708FF07EE900AB8EEE78A3B685B68A5
:10E470001A4639687868F9F711F9F0EE407A78EEC3
:10E48000277AB0EE670A224639687868F9F7F0F81B
:10E490003B685B685A1C3B685A603B681B685A1CA7
:10E4A0003B681A6000F037BD3B685B685C1C3B68EA
:10E4B0005B6801331A4639687868F9F7EFF8B0EE0F
:10E4C000408A3B685B681A4639687868F9F7E6F86D
:10E4D000F0EE407A78EE677AB0EE670A2246396845
:10E4E0007868F9F7C5F83B685B685A1C3B685A6066
:10E4F0003B681B685A1C3B681A6000F00CBD3B6807
:10E500005B685C1C3B685B6801331A463968786855
:10E51000F9F7C4F8B0EE408A3B685B681A46396880
:10E520007868FDF7A7FE07EE900AF8EEE77A78EE36
:10E53000677AB0EE670A224639687868F9F798F882
:10E540003B685B685A1C3B685A603B681B685A1CF6
:10E550003B681A6000F0DFBC3B685B685C1C3B6892
:10E560005B6801331A4639687868FDF783FE07EE69
:10E57000900AB8EEE78A3B685B681A4639687868A3
:10E58000F9F78CF8F0EE407A78EE677AB0EE670A29
:10E59000224639687868F9F76BF83B685B685A1C63
:10E5A0003B685A603B681B685A1C3B681A6000F065
:10E5B000B2BC3B685B685C1C3B685B6801331A4615
:10E5C00039687868F9F76AF8B0EE408A3B685B68AA
:10E5D0001A4639687868F9F761F8F0EE407A68EE23
:10E5E000277AB0EE670A224639687868F9F740F86A
:10E5F0003B685B685A1C3B685A603B681B685A1C46
:10E600003B681A6000F087BC3B685B685C1C3B6839
:10E610005B6801331A4639687868F9F73FF8B0EE5D
:10E62000408A3B685B681A4639687868FDF722FEC5
:10E6300007EE900AF8EEE77A68EE277AB0EE670AFE
:10E64000224639687868F9F713F83B685B685A1C0A
:10E650003B685A603B681B685A1C3B681A6000F0B4
:10E660005ABC3B685B685C1C3B685B6801331A46BC
:10E6700039687868FDF7FEFD07EE900AB8EEE78A84
:10E680003B685B681A4639687868F9F707F8F0EE76
:10E69000407A68EE277AB0EE670A224639687868D1
:10E6A000F8F7E6FF3B685B685A1C3B685A603B68BA
:10E6B0001B685A1C3B681A6000F02DBC3B685B6805
:10E6C0001A4639687868F8F7E9FF87ED0F0AD7ED41
:10E6D0000F7AF5EE407AF1EE10FA01D19D4BFB6313
:10E6E0003B685B685C1C3B685B6801331A463968B1
:10E6F0007868F8F7D3FFF0EE406AD7ED0F7A86EE30
:10E70000A77AB0EE470A224639687868F8F7B0FF72
:10E710003B685B685A1C3B685A603B681B685A1C24
:10E720003B681A60F7E33B685B681A4639687868AB
:10E73000FDF7A0FD78647B6C002B02D1854BFB6359
:10E7400006E07B6C07EE903AF8EEE77AC7ED0F7AB9
:10E750003B685B685C1C3B685B6801331A46396840
:10E760007868F8F79BFFF0EE406AD7ED0F7A86EEF7
:10E77000A77AB0EE470A224639687868F8F778FF3A
:10E780003B685B685A1C3B685A603B681B685A1CB4
:10E790003B681A60BFE33B685B681A463968786873
:10E7A000F8F77CFF87ED0F0AD7ED0F7AF5EE407A88
:10E7B000F1EE10FA01D1674BFB633B685B685C1CB0
:10E7C0003B685B6801331A4639687868FDF752FD8B
:10E7D00007EE900AB8EEE77AD7ED0F7AC7EE276A10
:10E7E000B0EE660A224639687868F8F741FF3B6860
:10E7F0005B685A1C3B685A603B681B685A1C3B6844
:10E800001A6088E33B685C683B685B681A46396855
:10E810007868F8F743FFF0EE407AF1EE677AB0EEF1
:10E82000670A224639687868F8F722FF3B681B6858
:10E830005A1C3B681A606EE33B685B685C1C3B6873
:10E840005B6801331A4639687868F8F727FFB0EE3D
:10E85000408A3B685B681A4639687868F8F71EFF9B
:10E86000F0EE407AB4EE678AF1EE10FA0CBF0123A5
:10E870000023DBB2224639687868FDF7FBF93B6874
:10E880005B685A1C3B685A603B681B685A1C3B68B3
:10E890001A6040E33B685B685C1C3B685B68013363
:10E8A0001A4639687868F8F7F9FEB0EE408A3B6896
:10E8B0005B681A4639687868FDF7DCFC07EE900A59
:10E8C000F8EEE77AB4EE678AF1EE10FA0CBF012396
:10E8D0000023DBB2224639687868FDF7CBF93B6844
:10E8E0005B685A1C3B685A603B681B685A1C3B6853
:10E8F0001A6010E33B685B685C1C3B685B68013333
:10E900001A4639687868FDF7B5FC07EE900AB8EE4C
:10E91000E78A3B685B681A4639687868F8F7BEFE94
:10E92000F0EE407AB4EE678AF1EE10FA0CBF0123E4
:10E930000023DBB2224639687868FDF79BF93B6813
:10E940005B685A1C3B685A603B681B685A1C3B68F2
:10E950001A60E0E2ACC527373B685B685C1C3B682B
:10E960005B6801331A4639687868F8F797FEB0EEAD
:10E97000408A3B685B681A4639687868F8F78EFE0B
:10E98000F0EE407AB4EE678AF1EE10FA14BF01237C
:10E990000023DBB2224639687868FDF76BF93B68E3
:10E9A0005B685A1C3B685A603B681B685A1C3B6892
:10E9B0001A60B0E23B685B685C1C3B685B680133D3
:10E9C0001A4639687868F8F769FEB0EE408A3B6805
:10E9D0005B681A4639687868FDF74CFC07EE900AC8
:10E9E000F8EEE77AB4EE678AF1EE10FA14BF01236D
:10E9F0000023DBB2224639687868FDF73BF93B68B3
:10EA00005B685A1C3B685A603B681B685A1C3B6831
:10EA10001A6080E23B685B685C1C3B685B680133A2
:10EA20001A4639687868FDF725FC07EE900AB8EEBB
:10EA3000E78A3B685B681A4639687868F8F72EFE03
:10EA4000F0EE407AB4EE678AF1EE10FA14BF0123BB
:10EA50000023DBB2224639687868FDF70BF93B6882
:10EA60005B685A1C3B685A603B681B685A1C3B68D1
:10EA70001A6050E23B685B685C1C3B685B68013372
:10EA80001A4639687868F8F709FEB0EE408A3B68A4
:10EA90005B681A4639687868F8F700FEF0EE407A4D
:10EAA000B4EEE78AF1EE10FA4CBF01230023DBB28B
:10EAB000224639687868FDF7DDF83B685B685A1CC8
:10EAC0003B685A603B681B685A1C3B681A6022E22C
:10EAD0003B685B685C1C3B685B6801331A463968BD
:10EAE0007868F8F7DBFDB0EE408A3B685B681A4651
:10EAF00039687868FDF7BEFB07EE900AF8EEE77A12
:10EB0000B4EEE78AF1EE10FA4CBF01230023DBB22A
:10EB1000224639687868FDF7ADF83B685B685A1C97
:10EB20003B685A603B681B685A1C3B681A60F2E1FC
:10EB30003B685B685C1C3B685B6801331A4639685C
:10EB40007868FDF797FB07EE900AB8EEE78A3B6816
:10EB50005B681A4639687868F8F7A0FDF0EE407AED
:10EB6000B4EEE78AF1EE10FA4CBF01230023DBB2CA
:10EB7000224639687868FDF77DF83B685B685A1C67
:10EB80003B685A603B681B685A1C3B681A60C2E1CC
:10EB90003B685B685C1C3B685B6801331A463968FC
:10EBA0007868F8F77BFDB0EE408A3B685B681A46F0
:10EBB00039687868F8F772FDF0EE407AB4EEE78ACB
:10EBC000F1EE10FA94BF01230023DBB2224639682C
:10EBD0007868FDF74FF83B685B685A1C3B685A60E1
:10EBE0003B681B685A1C3B681A6094E13B685B6891
:10EBF0005C1C3B685B6801331A4639687868F8F733
:10EC00004DFDB0EE408A3B685B681A46396878680B
:10EC1000FDF730FB07EE900AF8EEE77AB4EEE78AEC
:10EC2000F1EE10FA94BF01230023DBB222463968CB
:10EC30007868FDF71FF83B685B685A1C3B685A60B0
:10EC40003B681B685A1C3B681A6064E13B685B6860
:10EC50005C1C3B685B6801331A4639687868FDF7CD
:10EC600009FB07EE900AB8EEE78A3B685B681A4634
:10EC700039687868F8F712FDF0EE407AB4EEE78A6A
:10EC8000F1EE10FA94BF01230023DBB2224639686B
:10EC90007868FCF7EFFF3B685B685A1C3B685A607A
:10ECA0003B681B685A1C3B681A6034E13B685B6830
:10ECB0005C1C3B685B6801331A4639687868F8F772
:10ECC000EDFCB0EE408A3B685B681A4639687868AC
:10ECD000F8F7E4FCF0EE407AB4EEE78AF1EE10FAD1
:10ECE000CCBF01230023DBB2224639687868FCF7E9
:10ECF000C1FF3B685B685A1C3B685A603B681B68F5
:10ED00005A1C3B681A6006E13B685B685C1C3B6808
:10ED10005B6801331A4639687868F8F7BFFCB0EED3
:10ED2000408A3B685B681A4639687868FDF7A2FA42
:10ED300007EE900AF8EEE77AB4EEE78AF1EE10FA01
:10ED4000CCBF01230023DBB2224639687868FCF788
:10ED500091FF3B685B685A1C3B685A603B681B68C4
:10ED60005A1C3B681A60D6E03B685B685C1C3B68D9
:10ED70005B6801331A4639687868FDF77BFA07EE5D
:10ED8000900AB8EEE78A3B685B681A46396878688B
:10ED9000F8F784FCF0EE407AB4EEE78AF1EE10FA70
:10EDA000CCBF01230023DBB2224639687868FCF728
:10EDB00061FF3B685B685A1C3B685A603B681B6894
:10EDC0005A1C3B681A60A6E03B685B685C1C3B68A9
:10EDD0005B6801331A4639687868F8F75FFCB0EE73
:10EDE000408A3B685B681A4639687868F8F756FCD1
:10EDF000F0EE407AB4EEE78AF1EE10FAACBF0123F0
:10EE00000023DBB2224639687868FCF733FF3B68A1
:10EE10005B685A1C3B685A603B681B685A1C3B681D
:10EE20001A6078E03B685B685C1C3B685B68013398
:10EE30001A4639687868F8F731FCB0EE408A3B68CA
:10EE40005B681A4639687868FDF714FA07EE900A8D
:10EE5000F8EEE77AB4EEE78AF1EE10FAACBF0123E0
:10EE60000023DBB2224639687868FCF703FF3B6871
:10EE70005B685A1C3B685A603B681B685A1C3B68BD
:10EE80001A6048E03B685B685C1C3B685B68013368
:10EE90001A4639687868FDF7EDF907EE900AB8EE82
:10EEA000E78A3B685B681A4639687868F8F7F6FBCA
:10EEB000F0EE407AB4EEE78AF1EE10FAACBF01232F
:10EEC0000023DBB2224639687868FCF7D3FE3B6842
:10EED0005B685A1C3B685A603B681B685A1C3B685D
:10EEE0001A6018E000BFFDF73EBD00BFFDF73BBD57
:10EEF00000BFFDF738BD00BFFDF735BD00BFFDF712
:10EF000032BD00BFFDF72FBD00BFFDF72CBD00BF18
:10EF1000FDF729BD00BFFDF726BD4837BD46BDEC56
:10EF2000028BB0BD80B485B000AFF860B9607A6084
:10EF30003B60BB685B685A1EBB689968FB6843F816
:10EF40002210BB685B689A1EFB68396843F8221080
:10EF5000BB685B689A1EBB685A60BB685A68BB682E
:10EF60009A60BB687A681A6000BF1437BD465DF8C6
:10EF7000047B704780B586B000AFF860B9607A60F6
:10EF80003B60BB685A687B6813441A46B968F868E6
:10EF9000FDF770F97861BB685B68032B04DDBB6823
:10EFA0005B68B3F5206F07DDBB685B681946B8681E
:10EFB000F8F7A6F9012324E07B69002B13DA7B69BB
:10EFC00023F000431A46B968F868F9F77BFB03465B
:10EFD000002B01D0012314E0BB681A683B681A4477
:10EFE000BB681A600CE0BB681A683B681A44BB68CF
:10EFF0001A60BB681B687A69B968F868FFF792FF06
:10F00000002318461837BD4680BD80B485B000AFD8
:10F01000F860B9607A603B60FA6842F21403134406
:10F0200000221A60FA6842F2140313441A68F9685D
:10F0300042F210030B441A60FB68BA681A60FB685E
:10F040007A685A60FB683A689A60FB68BA69DA6065
:10F0500000BF1437BD465DF8047B704780B483B0B1
:10F0600000AF78607A6842F2140313444FF4806270
:10F070001A6000BF0C37BD465DF8047B704780B452
:10F0800083B000AF78607A6842F214031344002220
:10F090001A607A6842F2140313441A68796842F2DB
:10F0A00010030B441A6000BF0C37BD465DF8047BAB
:10F0B0007047000080B582B000AF786039607B682F
:10F0C000012B07D13B684FF6FF72934202D10348F0
:10F0D00001F0C2FA00BF0837BD4680BD6885022432
:10F0E00080B500AF4FF6FF710120FFF7E3FF80BD51
:10F0F00080B489B000AFF86187ED060AC7ED050A54
:10F1000087ED041AC7ED031A87ED022AC7ED012A1D
:10F11000FB6993F87030002B09D0FB69D3ED197AA5
:10F1200097ED037AB4EEE77AF1EE10FA16DCFB699C
:10F13000BA699A65FB697A69DA65FB693A691A66A0
:10F14000FB69FA685A66FB69BA689A66FB697A686D
:10F15000DA66FB69012283F8702000E000BF2437E3
:10F16000BD465DF8047B704780B483B000AF87ED87
:10F17000010AD7ED017AF0EEE77AB0EE670A0C37B4
:10F18000BD465DF8047B704780B483B000AF87ED67
:10F19000010AD7ED017A67EEA77AB0EE670A0C375D
:10F1A000BD465DF8047B704780B483B000AF7860E3
:10F1B00000BF0C37BD465DF8047B704700000000BF
:10F1C00080B52DED028BC0B000AFF86187ED060A67
:10F1D000C7ED050A87ED041AC7ED031A87ED022A69
:10F1E000C7ED012A3B4683ED003AFB69002283F814
:10F1F00070203B461B68C7F8C43097ED310A02F017
:10F200001BFA87ED300A97ED310A03F02DF887EDF0
:10F210002F0AD7ED037A27EEA77AD7ED027A67EEA9
:10F22000A77A37EE277AD7ED017A67EEA77A77EEDD
:10F23000277AB0EE670A03F0DFF987ED2E0AD7EDE3
:10F24000036A97ED2E7AC6EE877AC7ED037AD7ED7B
:10F25000026A97ED2E7AC6EE877AC7ED027AD7ED6D
:10F26000016A97ED2E7AC6EE877AC7ED017A97ED9F
:10F27000067AD7ED307A27EE277AFB69D3ED006A5C
:10F28000D7ED057A76EEA76AD7ED2F7A66EEA77AE4
:10F2900077EE277AC7ED2D7AFB6993ED007AD7EDEB
:10F2A000057A37EE277AD7ED307A27EE277AD7ED31
:10F2B000066AD7ED2F7A66EEA77A77EE677AC7ED02
:10F2C0002C7A3B69C7F8AC3097ED037AD7ED307AEA
:10F2D00027EE277AD7ED026AD7ED2F7A66EEA77A66
:10F2E00077EE277AC7ED2A7A97ED027AD7ED307A52
:10F2F00027EE277AD7ED036AD7ED2F7A66EEA77A45
:10F3000077EE677AC7ED297A7B68C7F8A030FB698A
:10F3100093ED0D7AFB69D3ED0C7A37EE677AF2EE56
:10F32000046AC7EE267AC7ED277AC84B1B78BFF36D
:10F330005B8FDBB203F00103002B0CBF0123002322
:10F34000DBB2002B10D0C14802F026F90346002B97
:10F3500014BF01230023DBB2002B05D0BC4801F011
:10F3600051F8BA4802F024F9B94801F059F80023DD
:10F37000C7F8FC30D7F8FC300A2B00F3AE80FB69ED
:10F3800093ED0C7AD7F8FC3007EE903AF8EEE76A86
:10F39000D7ED277A66EEA77A77EE277AC7ED267A39
:10F3A00097ED260A02F048F987ED250A97ED260A1F
:10F3B00002F05AFF87ED240AFB6993ED017AD7ED3D
:10F3C0002C7A37EE277AD7ED257A27EE277AD7EDF4
:10F3D0002B6AD7ED247A66EEA77A37EE277AFB6997
:10F3E000D3ED097A37EE678A97ED297AD7ED257A3A
:10F3F00027EE277AD7ED286AD7ED247A66EEA77A2A
:10F4000077EE277AB0EE670AFFF7BEFEF0EE408A8D
:10F4100097ED287AD7ED257A27EE277AD7ED296A56
:10F42000D7ED247A66EEA77A77EE677AB0EE670AB0
:10F43000FFF7AAFEF0EE407A38EEE77AD7ED2A7AA7
:10F4400067EEA77A77EE677A28EE277AFB69D3ED25
:10F45000077A37EE678AFB6993ED087AD7ED296A58
:10F46000D7ED257A66EEA76A97ED286AD7ED247A5C
:10F4700066EE277A76EEA77A67EE278A97ED287AE6
:10F48000D7ED257A27EE277AD7ED296AD7ED247AAA
:10F4900066EEA77A77EE677AB0EE670AFFF774FE3A
:10F4A000B0EE407AD7ED2A7A67EEA77A77EE277A20
:10F4B000B0EE670A03F0A0F8B0EE407AC8EE877AA3
:10F4C00078EE677AB0EE670A614800F0B6FFD7F8C9
:10F4D000FC300133C7F8FC304CE75E4B1B78BFF3C0
:10F4E0005B8FDBB203F00103002B0CBF0123002371
:10F4F000DBB2002B10D0574802F04EF80346002B29
:10F5000014BF01230023DBB2002B05D0524800F0CA
:10F51000ABFF504802F04CF84F4800F0B3FF002317
:10F52000C7F8F830D7F8F830092B43DCD7F8F810D3
:10F53000474800F0B4FFF0EE407AF5EEC07AF1EE05
:10F5400010FA0DDDD7F8F83001331946404800F0C5
:10F55000A6FFF0EE407AF5EEC07AF1EE10FA19D47B
:10F56000D7F8F8103A4800F09AFFF0EE407AF5EE3E
:10F57000C07AF1EE10FA0FD5D7F8F83001331946FA
:10F58000334800F08CFFF0EE407AF5EEC07AF1EEF1
:10F5900010FA01DD012300E00023002B04D0D7F88E
:10F5A000F8102D4800F08FFFD7F8F8300133C7F876
:10F5B000F830B7E70023C7F8F430274800F098FF89
:10F5C0000346002B0CBF01230023DBB2002B7AD0B3
:10F5D0000023C7F8F030D7F8F0300A2B2DDCD7F82D
:10F5E000F0101B4800F05BFFF0EE407AB0EE670AC7
:10F5F000FFF7BAFDB0EE408AD7F8F410144800F0D7
:10F600004EFFF0EE407AB0EE670AFFF7ADFDF0EE88
:10F61000407AB4EEE78AF1EE10FA4CBF01230023E2
:10F62000DBB2002B03D0D7F8F030C7F8F430D7F8AE
:10F63000F0300133C7F8F030CDE7D7F8F4300A2BBB
:10F640000CD10921044800F03EFF3CE05C86022416
:10F650002C8602249086022460860224D7F8F43097
:10F66000013B1946DC4800F01AFFF0EE407AB0EE9C
:10F67000670AFFF779FDB0EE408AD7F8F43001331E
:10F680001946D54800F00BFFF0EE407AB0EE670A5D
:10F69000FFF76AFDF0EE407AB4EEE78AF1EE10FA79
:10F6A0004CBF01230023DBB2002B07D0D7F8F43086
:10F6B000013B1946C94800F006FF04E0D7F8F410F2
:10F6C000C64800F000FFC64B1B78BFF35B8FDBB270
:10F6D00003F00103002B0CBF01230023DBB2002B3E
:10F6E00010D0BF4801F058FF0346002B14BF012380
:10F6F0000023DBB2002B05D0BA4800F005FFB84864
:10F7000001F056FFB74800F00DFF0023C7F8EC30BA
:10F71000B24800F0EDFE0246D7F8EC309342B4BF99
:10F7200001230023DBB2002B00F0C681FB6993EDBF
:10F730000C8AD7F8EC10A94800F001FF07EE900AF8
:10F74000B8EEE77AD7ED277A67EE277A78EE277A50
:10F75000C7ED3A7A97ED3A7AD7ED277A77EE277A9E
:10F76000C7ED397A97ED397AD7ED3A7A37EE677A7D
:10F77000F2EE046AC7EE267AC7ED0C7A964800F0DE
:10F780004FFE0023C7F8E030D7F8E0300A2B00F333
:10F79000AD80D7F8E03007EE903AB8EEE77AD7EDD3
:10F7A0000C7A67EE277A97ED3A7A77EE277AC7EDEB
:10F7B0000B7A97ED0B0A01F03FFF87ED0A0A97EDF0
:10F7C0000B0A02F051FD87ED090AFB6993ED017AFE
:10F7D000D7ED2C7A37EE277AD7ED0A7A27EE277AFB
:10F7E000D7ED2B6AD7ED097A66EEA77A37EE277A3E
:10F7F000FB69D3ED097A37EE678A97ED297AD7ED61
:10F800000A7A27EE277AD7ED286AD7ED097A66EECD
:10F81000A77A77EE277AB0EE670AFFF7B5FCF0EE2D
:10F82000408A97ED287AD7ED0A7A27EE277AD7ED26
:10F83000296AD7ED097A66EEA77A77EE677AB0EE95
:10F84000670AFFF7A1FCF0EE407A38EEE77AD7EDD1
:10F850002A7A67EEA77A77EE677A28EE277AFB692D
:10F86000D3ED077A37EE678AFB6993ED087AD7ED17
:10F87000296AD7ED0A7A66EEA76A97ED286AD7ED6E
:10F88000097A66EE277A76EEA77A67EE278A97EDF1
:10F89000287AD7ED0A7A27EE277AD7ED296AD7EDAD
:10F8A000097A66EEA77A77EE677AB0EE670AFFF715
:10F8B0006BFCB0EE407AD7ED2A7A67EEA77A77EE46
:10F8C000277AB0EE670A02F097FEB0EE407AC8EEF3
:10F8D000877A78EE677AB0EE670A3F4800F0ADFDB0
:10F8E000D7F8E0300133C7F8E0304DE70023C7F820
:10F8F000F4300023C7F8DC30D7F8DC300A2B2DDCDD
:10F90000D7F8DC10344800F0CAFDF0EE407AB0EED3
:10F91000670AFFF729FCB0EE408AD7F8F4102E48AA
:10F9200000F0BDFDF0EE407AB0EE670AFFF71CFC78
:10F93000F0EE407AB4EEE78AF1EE10FA4CBF012304
:10F940000023DBB2002B03D0D7F8DC30C7F8F4304B
:10F95000D7F8DC300133C7F8DC30CDE7D7F8F43026
:10F96000002B03D10123C7F8D83042E0D7F8F43098
:10F970000A2B03D10923C7F8D8303AE0D7F8F4307E
:10F98000013B1946144800F08AFDF0EE407AB0EED3
:10F99000670AFFF7E9FBB0EE408AD7F8F43001338D
:10F9A00019460D4800F07BFDF0EE407AB0EE670A94
:10F9B000FFF7DAFBF0EE407AB4EEE78AF1EE10FAE8
:10F9C0004CBF01230023DBB2002B0DD0D7F8F4305D
:10F9D000013BC7F8D8300CE02C8602246086022454
:10F9E000C086022494860224D7F8F4300133C7F885
:10F9F000D830D7F8F43007EE903AB8EEE77AD7ED82
:10FA00000C7A67EE277A97ED3A7A77EE277AC7ED88
:10FA10000B7AD7F8F420D7F8D8309A4218DDD7F807
:10FA2000D83007EE903AB8EEE77AD7ED0C7A67EE69
:10FA3000277A97ED3A7A77EE277AC7ED3A7A97EDFB
:10FA40003A7AD7ED0C7A77EE277AC7ED397A17E054
:10FA5000D7F8F43007EE903AB8EEE77AD7ED0C7AA3
:10FA600067EE277A97ED3A7A77EE277AC7ED3A7AFA
:10FA700097ED3A7AD7ED0C7A77EE277AC7ED397A97
:10FA800097ED397AD7ED3A7A77EE677AB7EEE77A7B
:10FA90009FED596BB4EEC67BF1EE10FA00D461E62F
:10FAA00000BF97ED0B0A564800F059FDD7F8EC302F
:10FAB0000133C7F8EC302BE6524B1B78BFF35B8F5A
:10FAC000DBB203F00103002B0CBF01230023DBB2E8
:10FAD000002B10D04B4801F05FFD0346002B14BFF4
:10FAE00001230023DBB2002B05D0474800F00CFDBA
:10FAF000444801F05DFD444800F014FD0023C7F8C0
:10FB0000D4303F4800F042FD0246D7F8D43093424B
:10FB1000B4BF01230023DBB2002B77D0D7F8D41079
:10FB2000374800F03FFDF0EE407AB0EE670A02F091
:10FB3000F7FA87ED0E0AD7ED297AB1EE677AD7ED9D
:10FB4000286AD7ED0E7A66EEA77A37EE678A97EDC8
:10FB5000297AD7ED0E7A67EE277A97ED287A77EE35
:10FB6000677AB0EE670AFFF70FFBF0EE406AD7ED59
:10FB70002A7A27EEA77AD7ED0E7A67EEA77AB7EE44
:10FB8000006A77EE867A67EE277A76EEA77AB0EE8D
:10FB9000670A02F031FDB0EE407AC8EE077AB0EEA7
:10FBA000670A01F025FE87ED0D0AFB69D3ED147A93
:10FBB00097ED0D7AB4EEE77AF1EE10FA14DDFB69F9
:10FBC000D3ED157A97ED0D7AB4EEE77AF1EE10FAEF
:10FBD0000AD597ED0D0A0C4800F0C1FCD7F8D430D7
:10FBE0000133C7F8D43004E0D7F8D410044800F04B
:10FBF000EDFC86E7AFF30080FCA9F1D24D62303F07
:10FC000094860224F0860224C48602240023C7F8C6
:10FC1000D030C84800F0BAFC0246D7F8D030934242
:10FC2000B4BF01230023DBB2002B00F0DF83D7F841
:10FC3000D010C04800F0B6FCF0EE407AB0EE670A93
:10FC400001F0FAFC87ED230AD7F8D010B94800F08C
:10FC5000A9FCF0EE407AB0EE670A02F005FB87EDF2
:10FC6000220AD7ED2A7AB1EE677AD7ED286AD7ED66
:10FC7000237A66EEA76A97ED296AD7ED227A66EEB7
:10FC8000277A76EEE77AC7EE276AB0EE660A01F0C9
:10FC9000AFFD87ED210A97ED210A02F0E5FA87ED25
:10FCA000200A97ED210A01F0C7FC87ED1F0AFB69C6
:10FCB00093ED037AD7ED207A27EE277AD7ED2D6AD8
:10FCC000D7ED1F7A66EEA77A37EE277AD7ED2B6A43
:10FCD000D7ED237A66EEA76AFB6993ED016AD7ED4B
:10FCE0002C7A36EE276AD7ED227A66EE277A76EE00
:10FCF000E76AD7ED207A66EEA77A77EE277AC7ED26
:10FD00001E7AFB6993ED067AFB69D3ED036AD7EDA2
:10FD10001F7A66EEA77A37EE277AD7ED2B6AD7EDF2
:10FD2000237A66EEA76AFB6993ED016AD7ED2C7A18
:10FD300036EE276AD7ED227A66EE277A76EEE76A04
:10FD4000D7ED1F7A66EEA77A37EE277AD7ED2D6AC0
:10FD5000D7ED207A66EEA77A37EE678AFB69D3ED96
:10FD6000088AD7F8D010744800F01CFCF0EE407AF6
:10FD7000B0EE670A01F060FCB0EE407AC8EE877A18
:10FD800038EE278AFB6993ED017AD7ED2C7A37EEAE
:10FD9000277AD7ED237A27EE277AD7ED2B6AD7ED8E
:10FDA000227A66EEA77A37EE277AFB69D3ED097AD5
:10FDB00077EE678AD7F8D0105F4800F0F3FBF0EEDB
:10FDC000407AB0EE670A02F0ABF9F0EE407A68EEE6
:10FDD000A77A78EE277AC7ED1D7AD7ED1E7A27EE3F
:10FDE000A77AD7ED1D7A67EEA77A37EE277AFB69F7
:10FDF000D3ED056AFB69D3ED057A66EEA77A37EE97
:10FE0000277AFB69D3ED046AFB69D3ED047A66EEC9
:10FE1000A77A77EE676AFB69D3ED057A37EEA77AA2
:10FE2000C6EE877AC7ED1C7AD7ED1E7A27EEA77A41
:10FE3000D7ED1C7A27EE277AD7ED1C7A27EE277AA2
:10FE4000D7ED1E7A67EEA76AD7ED1D7A67EEA77A1F
:10FE500076EEA76AD7ED1C7A27EEA76AD7ED1D7A52
:10FE600067EEA77A76EE677A66EEA77A77EE677A1C
:10FE7000C7ED1B7AD7ED1B7AF5EEC07AF1EE10FADA
:10FE800000DAADE2D7ED1E7AB1EE677AD7ED1C7AD3
:10FE900027EE278A97ED1B0A02F0AEFBF0EE407AC0
:10FEA00078EE276AD7ED1E7A27EEA77AD7ED1D7A6E
:10FEB00067EEA77A37EE277AC6EE877AC7ED1A7A09
:10FEC000D7ED1E7AB1EE677AD7ED1C7A27EE278A36
:10FED00097ED1B0A02F090FBF0EE407A78EE676A2D
:10FEE000D7ED1E7A27EEA77AD7ED1D7A67EEA77AAF
:10FEF00037EE277AC6EE877AC7ED197A97ED1A0A98
:10FF0000FFF732F9F0EE407AB7EE007AF4EEC77AF6
:10FF1000F1EE10FA12D897ED190AFFF725F9F0EE75
:10FF2000407AB7EE007AF4EEC77AF1EE10FA05D80F
:10FF3000012304E094860224C48602240023002BBB
:10FF400000F04B8297ED1A0A02F060FA87ED330A4F
:10FF500097ED190A02F05AFA87ED320A97ED1E7AE8
:10FF6000D7ED1A7A37EE277AD7ED1C7A77EE277A13
:10FF7000F1EE676A97ED1D7AC6EE877AC7ED187ABB
:10FF800097ED1E7AD7ED197A37EE277AD7ED1C7ADE
:10FF900077EE277AF1EE676A97ED1D7AC6EE877ADB
:10FFA000C7ED177A97ED180AFFF7DEF8F0EE407A02
:10FFB000B7EE007AF4EEC77AF1EE10FA94BF01239F
:10FFC0000023DBB2002B28D097ED180A02F0ECF9E1
:10FFD00087ED160AD7ED337AF5EEC07AF1EE10FA16
:10FFE00008DD97ED167AD7ED337AB4EEE77AF1EEC5
:10FFF00010FA0FDCD7ED337AF5EEC07AF1EE10FA95
:020000040802F0
:100000000BD597ED167AD7ED337AB4EEE77AF1EEA9
:1000100010FA02D5BB6DC7F8CC3097ED170AFFF781
:10002000A3F8F0EE407AB7EE007AF4EEC77AF1EE7C
:1000300010FA94BF01230023DBB2002B28D097EDE8
:10004000170A02F0B1F987ED150AD7ED327AF5EE0D
:10005000C07AF1EE10FA08DD97ED157AD7ED327A15
:10006000B4EEE77AF1EE10FA0FDCD7ED327AF5EE66
:10007000C07AF1EE10FA0BD597ED157AD7ED327AFA
:10008000B4EEE77AF1EE10FA02D57B6DC7F8C8300E
:10009000FB6993ED058A97ED330A02F0E5F8F0EE7F
:1000A000407A28EE277AD7ED1E7A77EE277AF1EE9E
:1000B000678AFB6993ED058A97ED330A01F0BCFA74
:1000C000F0EE407A28EE277AD7ED1D7A77EE277A80
:1000D000F1EE677AF0EE670AB0EE680A02F0C8F94E
:1000E000B0EE407AD7ED337A77EE677AC7ED147ABF
:1000F000FB6993ED058A97ED320A02F0B5F8F0EE50
:10010000407A28EE277AD7ED1E7A77EE277AF1EE3D
:10011000678AFB6993ED058A97ED320A01F08CFA44
:10012000F0EE407A28EE277AD7ED1D7A77EE277A1F
:10013000F1EE677AF0EE670AB0EE680A02F098F91D
:10014000B0EE407AD7ED327A77EE677AC7ED137A60
:1001500097ED337AD7ED147A37EE277AD7ED217AF7
:1001600077EE677AC7ED127A97ED327AD7ED137A88
:1001700037EE277AD7ED217A77EE677AC7ED117AD5
:10018000FB69D3ED0E7A97ED127AB4EEE77AF1EED1
:1001900010FA09D4FB69D3ED0F7A97ED127AB4EE19
:1001A000E77AF1EE10FA01DD012300E0002387F881
:1001B0004330FB69D3ED0E7A97ED117AB4EEE77A0E
:1001C000F1EE10FA09D4FB69D3ED0F7A97ED117AAD
:1001D000B4EEE77AF1EE10FA01DD012300E000232E
:1001E00087F84230FB69D3ED107A97ED147AB4EEBC
:1001F000E77AF1EE10FA09D4FB69D3ED117A97EDA5
:10020000147AB4EEE77AF1EE10FA01DD012300E092
:10021000002387F84130FB69D3ED107A97ED137A0C
:10022000B4EEE77AF1EE10FA09D4FB69D3ED117A56
:1002300097ED137AB4EEE77AF1EE10FA01DD0123BF
:1002400000E0002387F84030FB69D3ED127A97ED88
:10025000337AB4EEE77AF1EE10FA09D4FB69D3ED04
:10026000137A97ED337AB4EEE77AF1EE10FA01DD06
:10027000012300E0002387F83F30FB69D3ED127AB9
:1002800097ED327AB4EEE77AF1EE10FA09D4FB6911
:10029000D3ED137A97ED327AB4EEE77AF1EE10FAF5
:1002A00001DD012300E0002387F83E3097F843305A
:1002B000002B04D097F84230002B40F0908097F844
:1002C0004130002B04D097F84030002B40F087805D
:1002D00097F83F30002B03D097F83E30002B7ED1AB
:1002E00097F84330002B07D197F84130002B03D10A
:1002F00097F83F30002B0BD097F84230002B6ED18F
:1003000097F84030002B6AD197F83E30002B66D129
:1003100097F8433083F00103DBB2002B2AD097F823
:10032000413083F00103DBB2002B23D097F83F303C
:1003300083F00103DBB2002B1CD0D7F8D0102F487C
:1003400000F030F9B0EE408AD7F8D0102C4800F019
:1003500029F9F0EE407AF0EE672A97ED332AD7EDCF
:10036000141A97ED121AF0EE480A97ED310AF8695F
:10037000FEF7BEFE97F8423083F00103DBB2002B9C
:100380002ED097F8403083F00103DBB2002B27D04A
:1003900097F83E3083F00103DBB2002B20D0D7F872
:1003A000D010164800F0FEF8B0EE408AD7F8D01012
:1003B000134800F0F7F8F0EE407AF0EE672A97ED78
:1003C000322AD7ED131A97ED111AF0EE480A97ED7D
:1003D000310AF869FEF78CFE02E000BF00E000BFC2
:1003E000D7F8D0300133C7F8D03012E400BF07F59A
:1003F0008077BD46BDEC028B80BD00BF9486022491
:10040000C486022480B483B000AF78607B68002289
:100410001A607B6818460C37BD465DF8047B704750
:1004200080B483B000AF78607B6800221A6000BFA0
:100430000C37BD465DF8047B704780B483B000AFD5
:10044000786087ED000A3A687B681B68581C7968F9
:10045000086079689B000B4404331A6000BF0C37B6
:10046000BD465DF8047B704780B483B000AF786010
:100470007B6800221A607B6818460C37BD465DF821
:10048000047B704780B483B000AF78607B68002243
:100490001A6000BF0C37BD465DF8047B704780B41E
:1004A00083B000AF786039607A683B689B00134482
:1004B00004331B6807EE903AB0EE670A0C37BD466E
:1004C0005DF8047B704780B483B000AF786039601A
:1004D0003A687B681B68581C7968086079689B00DB
:1004E0000B445A6000BF0C37BD465DF8047B704773
:1004F00080B483B000AF78607B681B6818460C3707
:10050000BD465DF8047B704780B483B000AF78606F
:100510007B6800221A607B6818460C37BD465DF880
:10052000047B704780B483B000AF78607B680022A2
:100530001A6000BF0C37BD465DF8047B704780B47D
:1005400083B000AF786039607A683B689B001344E1
:100550005B6818460C37BD465DF8047B704780B475
:1005600083B000AF786087ED000A3A687B681B684B
:10057000581C7968086079689B000B4404331A6042
:1005800000BF0C37BD465DF8047B704780B483B074
:1005900000AF78607B681B6818460C37BD465DF875
:1005A000047B704780B483B000AF786039607A68AC
:1005B0003B689B00134404331B6807EE903AB0EE8F
:1005C000670A0C37BD465DF8047B704780B483B082
:1005D00000AF786039603B6801333B607B681B6823
:1005E0003A689A4210DA3B68013B79683A689200AF
:1005F0000A440432126879689B000B4404331A6081
:100600003B6801333B60E9E77B681B685A1E7B68E7
:100610001A6000BF0C37BD465DF8047B704780B49C
:1006200083B000AF786039607B689A693B68D31A01
:1006300018460C37BD465DF8047B704780B483B024
:1006400000AF78607B68002BB8BF5B4218460C3760
:10065000BD465DF8047B704780B483B000AF78601E
:100660007B6818460C37BD465DF8047B704780B543
:1006700088B000AFF860B9607A603B60FB68DB6B04
:100680003A68D31AFB617B68002B05D07968F8695A
:1006900000F006FA034600E0FB69BB617B68002BB3
:1006A0000AD07868FFF7CAFF03461A46B969F869A5
:1006B00000F0B2F9034600E00023FA685361FB68DA
:1006C0005A69FB685A607B68002B08DAFB685B6933
:1006D0005A42FB685A61FB685A69FB685A60FB68BA
:1006E000DB6ABA69D21AFB689B6BD31A7B61BB6861
:1006F000002B05D0B968786900F0D2F9034600E014
:100700007B693B61BB68002B0AD0B868FFF796FF96
:1007100003461A463969786900F07EF9034600E01D
:100720000023FA689360BB68002B04DAFB689B68BF
:100730005A42FB689A60FB689B685A42FB681A61E0
:10074000FB68186BFB685B6B3A69194600F082F92D
:100750000246FB68DA60FB68196BFB685B6B1A4644
:10076000386900F059F90246FB689B681A44FB6837
:100770009A60FB68596BFB681B6B1A46386900F07E
:100780004BF90246FB681B691A44FB681A6100BFFB
:100790002037BD4680BD80B58EB000AFF860B9602F
:1007A0007A603B60FB68DB6B3A68D31A7B637B68DB
:1007B000002B05D07968786B00F072F9034600E0F1
:1007C0007B6B3B637B68002B0AD07868FFF736FFB2
:1007D00003461A46396B786B00F01EF9034600E0B9
:1007E0000023FA685361FB685A69FB685A607B68AA
:1007F000002B08DAFB685B695A42FB685A61FB68A8
:100800005A69FB685A60FB681B6ABA68D31ABB60F6
:10081000FB68DB6A3A68D31AFB62B968F86A00F0D1
:100820003FF9B862BA68B96AF86A00F0F5F8786218
:10083000FB68DB6BFA6AD21AFB689B6BD31A3B62CC
:10084000FB68DB691A46396AB86A00F0E5F8F861B6
:10085000FB68DB69BA6A396A184600F0DDF8B861EE
:10086000FB68186BFB685B6B3A6A194600F0F2F89C
:100870000246FB68DA60FB68196BFB685B6B1A4623
:10088000386A00F0C9F80246FB689A60FB689A680B
:100890007B6AD21AFB69D21AFB689A60B969F86858
:1008A000FFF7BDFE7861FB68596BFB681B6B1A464E
:1008B000386A00F0B1F80246FB681A61FB681A69F1
:1008C0007B691A44FB681A6100BF3837BD4680BD9A
:1008D00080B582B000AF78607B681A6C7B689B6CD7
:1008E000D21A7B681A627B68186A7B689A6B7B688D
:1008F000DB6B1344194600F0D3F802467B68DA61DB
:100900007B68186A7B68D9697B689A6B7B68DB6B4C
:1009100013441A4600F080F80346C3F500527B6882
:100920009A6100BF0837BD4680BD000080B485B025
:1009300000AF786039603B68002B02D14FF4005360
:1009400015E07B685A023B6892FBF3F3FB60FB689F
:10095000002B04DB094AFB6852F8233006E0FB68F1
:100960005B42064A52F82330C3F5005300BF1846D5
:100970001437BD465DF8047B704700BFAC13040814
:1009800080B582B000AF78607B68002B01DC00236B
:100990003AE07B68012B01DC012335E07B68062B04
:1009A00001DC022330E07B680B2B01DC03232BE00E
:1009B0007B68142B01DC042326E07B68202B01DC00
:1009C000052321E07B6840F6C412934208DC7B6873
:1009D0001B11023B7B600E4A7B6852F8233013E008
:1009E0007B68B3F5B03F08DA7B68DB11133B7B60B3
:1009F000084A7B6852F8233006E07B681B121846D1
:100A0000FFF7BEFF03461B0118460837BD4680BDF1
:100A1000B01B0408201E040880B584B000AFF86045
:100A2000B9607A60BB6803FB03F2FB6803FB03F366
:100A30001A447B6803FB03F3D01AFB68BA6802FB15
:100A400003F35B001946FFF771FF034618461037A2
:100A5000BD4680BD80B584B000AFF860B9607A60F3
:100A60007A68B968F868FFF7D7FF0346C3F5005303
:100A700018461037BD4680BD80B582B000AF7860A3
:100A800039603B6803FB03F27B6803FB03F3D31A73
:100A90001846FFF775FF034618460837BD4680BD68
:100AA00080B582B000AF786039607B6803FB03F2E9
:100AB0003B6803FB03F313441846FFF761FF03464B
:100AC00018460837BD4680BD80B483B000AF78605B
:100AD00039607B68B3F5806F01DB3B6809E07B68B8
:100AE000C3F30903064A52F823303A6802FB03F3C2
:100AF0009B1218460C37BD465DF8047B704700BF5B
:100B00008C5B020880B500AF002213491348ECF754
:100B1000B9FD0346002B01D0E5F74AFE10490F4806
:100B2000ECF7E0FD0346002B01D0E5F741FE0D494F
:100B30000A48ECF701FD0346002B01D0E5F738FE2B
:100B40000648ECF7F6FD0346002B01D0E5F730FE32
:100B5000E8F752FD00BF80BD500100243C8902240B
:100B6000300000243C01002480B500AF002205497C
:100B70000548ECF7F6FC05490348ECF710FD0023A7
:100B8000184680BD8C8C02243C8902240C8C0224E3
:100B900080B400AF00231846BD465DF8047B704763
:100BA00080B483B000AF03463960FB711346BB804D
:100BB000FB79232B4AD801A252F823F04D0C0208EE
:100BC0004D0C02084D0C02084D0C02084D0C020899
:100BD0004D0C02084D0C02084D0C02084D0C020889
:100BE0004D0C02084D0C02084D0C02084D0C020879
:100BF0004D0C02084D0C02084D0C02084D0C020869
:100C00004D0C02084D0C02084D0C02084D0C020858
:100C10004D0C02084D0C02084D0C02084D0C020848
:100C20004D0C02084D0C02084D0C02084D0C020838
:100C30004D0C02084D0C02084D0C02084D0C020828
:100C40004D0C02084D0C02084D0C020800BF002399
:100C500018460C37BD465DF8047B704780B582B0FE
:100C600000AF7860396079680548ECF798FC044873
:100C7000ECF7DEFC002318460837BD4680BD00BFF8
:100C80003C89022480B584B000AF78600B467B803D
:100C90000023FB730D4BD3F8BC32BB60BB68D3F8A9
:100CA0001432002B01D001230BE07B881A467968AF
:100CB0000648ECF756FC0548ECF78AFC0346FB7344
:100CC000FB7B18461037BD4680BD00BF3C8902241F
:100CD00080B487B000AFF860B9601346FB710023A1
:100CE000FB7597F9173018461C37BD465DF8047B35
:100CF0007047000080B483B000AF03463960FB71D9
:100D00003B6812221A80034B18460C37BD465DF82B
:100D1000047B70476C01002480B483B000AF0346AD
:100D20003960FB713B6804221A80034B18460C376C
:100D3000BD465DF8047B70478001002480B582B019
:100D400000AF03463960FB71FB79002B05D13A688F
:100D500007490848EDF71FFD04E03A6804490548D3
:100D6000EDF719FD024B18460837BD4680BD00BFA0
:100D70000C8D02240C4B020880B582B000AF0346F4
:100D80003960FB713A6804490448EDF704FD024BF1
:100D900018460837BD4680BD0C8D0224244B02083E
:100DA00080B582B000AF03463960FB713B681A2200
:100DB0001A8000F043F8024B18460837BD4680BD44
:100DC0008401002480B582B000AF03463960FB7116
:100DD000FB79002B05D13A6807490848EDF7DBFCA1
:100DE00004E03A6804490548EDF7D5FC024B184683
:100DF0000837BD4680BD00BF0C8D0224384B020869
:100E000080B582B000AF03463960FB71FB79002BDF
:100E100005D13A6807490848EDF7BDFC04E03A6897
:100E200004490548EDF7B7FC024B18460837BD46A4
:100E300080BD00BF0C8D0224444B020880B584B0F5
:100E400000AF0F4B1B68FB600E4B1B68BB600E4B6B
:100E50001B687B60FA687B681344FB60FB68002BAF
:100E600009D008220949F86800F014F8042208495A
:100E7000B86800F00FF800BF1037BD4680BD00BF56
:100E800000E8F11F04E8F11F08E8F11F86010024C3
:100E90009601002480B487B000AFF860B9601346B3
:100EA000FB710023FB750023FB7527E0FB681B0F1C
:100EB000092B0BD8FB681B0FDAB2FB7D5B001946D0
:100EC000BB680B443032D2B21A700AE0FB681B0FC9
:100ED000DAB2FB7D5B001946BB680B443732D2B2F5
:100EE0001A70FB681B01FB60FB7D5B000133BA6875
:100EF000134400221A70FB7D0133FB75FA7DFB79E8
:100F00009A42D3D300BF00BF1C37BD465DF8047BB7
:100F10007047000080B483B000AF7860064B5B6D13
:100F200023F4401204497B6813434B6500BF0C3720
:100F3000BD465DF8047B70470044025880B400AFA2
:100F4000054BDB68044A43F08073D36000BFBD46A5
:100F50005DF8047B704700BF0048025880B58AB036
:100F600000AF786007F1140300221A605A609A609B
:100F7000DA601A617B681B68214A93423CD14FF4C6
:100F80000010FFF7C7FFFFF7D9FF1E4BD3F8E03083
:100F90001C4A43F00103C2F8E0301A4BD3F8E030AA
:100FA00003F001033B613B694FF4C0537B610223B3
:100FB000BB610023FB6100233B620A237B6207F1D4
:100FC000140319461048E6F797FF0E4BD3F8D830B4
:100FD0000C4A43F00063C2F8D8300A4BD3F8D8303B
:100FE00003F00063FB60FB68002200216520E5F749
:100FF000A6FF6520E5F7BDFF00BF2837BD4680BDD1
:1010000000000840004402580000025880B582B039
:1010100000AF78607B68D3F804247B6803F57173B4
:1010200019461046ECF7D0FB00BF0837BD4680BD1F
:1010300080B582B000AF78600B46FB707B68D3F858
:101040000404FA7879681346DB009B1A9B000B4472
:1010500003F502731A68FB781946ECF70AFC00BF27
:101060000837BD4680BD80B582B000AF78600B46C2
:10107000FB707B68D3F80404FA7879681346DB00C8
:101080009B1A9B000B4448331A68FB781946ECF70F
:1010900053FC00BF0837BD4680BD80B582B000AFAD
:1010A00078607B68D3F804341846ECF767FD00BF1E
:1010B0000837BD4680BD80B584B000AF786001239D
:1010C000FB737B68DB68002B02D10023FB7308E015
:1010D0007B68DB68022B02D10123FB7301E0E5F79B
:1010E00067FB7B68D3F80434FA7B11461846ECF7AB
:1010F00007FD7B68D3F804341846ECF7B3FC00BF57
:101100001037BD4680BD000080B582B000AF78606A
:101110007B68D3F804341846ECF702FD7B681B6843
:1011200003F560631B687A68126802F5606243F039
:10113000010313607B681B6A002B05D0044B1B69FD
:10114000034A43F00603136100BF0837BD4680BD64
:1011500000ED00E080B582B000AF78607B68D3F826
:1011600004341846ECF7F2FC00BF0837BD4680BDDA
:1011700080B582B000AF78600B46FB707B68D3F817
:101180000434FA7811461846ECF740FD00BF0837E2
:10119000BD4680BD80B582B000AF78600B46FB7065
:1011A0007B68D3F80434FA7811461846ECF708FD4A
:1011B00000BF0837BD4680BD80B582B000AF786003
:1011C0007B68D3F804341846ECF746FD00BF0837B7
:1011D000BD4680BD80B582B000AF78607B68D3F833
:1011E00004341846ECF743FD00BF0837BD4680BD08
:1011F00080B582B000AF78607B681B78002B3ED151
:10120000214A7B68C2F804347B681F4AC3F8C422B1
:101210001D4B1E4A1A601C4B09225A601A4B0222AF
:10122000DA60194B00221A61174B02229A61164BA1
:101230000022DA61144B00221A62134B00225A6218
:10124000114B00229A62104B0022DA620E4B0022F0
:101250001A630D48E7F700F80346002B01D0E5F7C5
:10126000A7FA80210848E8F786F9402200210648BD
:10127000E8F73AF9802201210348E8F735F900231D
:1012800018460837BD4680BD0C8F02240000084078
:1012900080B584B000AF78600023FB730023BB737C
:1012A0007B68D3F8C4321846E7F7FAF80346FB73B5
:1012B000FB7B184600F042F90346BB73BB7B184624
:1012C0001037BD4680BD80B584B000AF7860084659
:1012D00011461A460346FB700B46BB7013463B8013
:1012E0000023FB730023BB737B68D3F8C402BB7875
:1012F0003A88F978E7F7FFFC0346FB73FB7B184657
:1013000000F01CF90346BB73BB7B18461037BD4683
:1013100080BD80B584B000AF78600B46FB700023C1
:10132000FB730023BB737B68D3F8C432FA78114691
:101330001846E7F748FD0346FB73FB7B184600F0B1
:10134000FDF80346BB73BB7B18461037BD4680BD16
:1013500080B584B000AF78600B46FB700023FB7350
:101360000023BB737B68D3F8C432FA781146184661
:10137000E7F720FE0346FB73FB7B184600F0DEF820
:101380000346BB73BB7B18461037BD4680BD80B596
:1013900084B000AF78600B46FB700023FB73002322
:1013A000BB737B68D3F8C432FA7811461846E7F766
:1013B00065FE0346FB73FB7B184600F0BFF803464F
:1013C000BB73BB7B18461037BD4680BD80B485B06B
:1013D00000AF78600B46FB707B68D3F8C432FB60CB
:1013E00097F90330002B0BDAFB7803F07F02F968E2
:1013F0001346DB009B1A9B000B443E331B780BE02B
:10140000FB7803F07F02F9681346DB009B1A9B0010
:101410000B4403F5FF731B7818461437BD465DF87F
:10142000047B704780B584B000AF78600B46FB70DA
:101430000023FB730023BB737B68D3F8C432FA78B4
:1014400011461846E7F732FC0346FB73FB7B184650
:1014500000F074F80346BB73BB7B18461037BD46DB
:1014600080BD80B586B000AFF8607A603B600B4607
:10147000FB720023FB750023BB75FB68D3F8C40225
:10148000F97A3B687A68E7F74BFD0346FB75FB7D0D
:10149000184600F053F80346BB75BB7D1846183755
:1014A000BD4680BD80B586B000AFF8607A603B6015
:1014B0000B46FB720023FB750023BB75FB68D3F85A
:1014C000C402F97A3B687A68E7F7C7FC0346FB7504
:1014D000FB7D184600F032F80346BB75BB7D18460D
:1014E0001837BD4680BD80B582B000AF78600B462E
:1014F000FB707B68D3F8C432FA7811461846E7F7D8
:10150000F7FC034618460837BD4680BD80B483B05B
:1015100000AF7860034B18460C37BD465DF8047B7E
:10152000704700BFF486022480B483B000AF7860B7
:1015300000BF0C37BD465DF8047B704780B485B0B2
:1015400000AF0346FB710023FB73FB79032B17D815
:1015500001A252F823F000BF691502086F150208B6
:10156000751502087B1502080023FB730BE00323AB
:10157000FB7308E00123FB7305E00323FB7302E028
:101580000323FB7300BFFB7B18461437BD465DF891
:10159000047B704700F012B80368DB0706D4437879
:1015A00003B1FFDE012343701846704700207047E7
:1015B00001230360704708B500F00EF802F084BA0A
:1015C00008B5804702F046FA024B1868BFF35B8FFC
:1015D000704700BFA001002408B5FFF7F5FFFFF733
:1015E000EFFFCB0712D421EE006B90ED1A5B90ED6C
:1015F000187BA5EE017B90ED165B21EE061BA5EE98
:10160000060BA7EE010BB7EEC00B704790ED145B15
:1016100021EE016B90ED127B90ED0C0BA1EE057BA2
:1016200090ED0E5BA1EE050B90ED105B21EE061B1D
:10163000A6EE050BE5E70000F8B510EE104AC4F37E
:101640000A53B3F57D7FB7EEC06A0CD226EE061BB7
:10165000B3F5667F78D3B0EE460B3F480121BDE875
:10166000F840FFF7BEBF40F22E42934226D83A4BD5
:1016700093ED087B26EE077BFDEEC77B03F1700040
:1016800017EE901A01F50001091607EE901A01F005
:10169000030203EBC202B8EEE75B92ED000B93EDA1
:1016A0000A7B11F0020FA5EE476B81F0010108BF24
:1016B000184626EE061B20EE060BD0E7B3F5FF6FAB
:1016C0003ED2264BC4F3836203EB8200C4F31601BF
:1016D000C4F3C255066A006941F40001A94053F8F9
:1016E0002250A1FB066705FB01F33A46E0FB01230C
:1016F000111C43F100560020101A06F0404163EB24
:101700000101DEF7CBFFB50F134B05EBD4749FED52
:10171000100B41EC170B04F0030203EBC20227EE9F
:10172000000B92ED007B20EE001B14F0020F03F182
:10173000700085F0010108BF184627EE000B8EE708
:10174000BDE8F84000F044B8B7EE000AF8BD00BFAD
:10175000182D4454FB21193CE82C0408882C04085B
:1017600013B504468DED010A02F07CF99DED010AE6
:10177000046002B010BD30B1F1EE407A27EE800A6D
:101780002220FFF7EDBFF0EE407AF7E79FED010A68
:10179000FFF7F1BF000000109FED010AFFF7EBBF5C
:1017A0000000201A9FED010AFFF7E5BF000000705E
:1017B000B7EE000AFFEE007A002840FE277A9FED80
:1017C000030A222087EE800AFFF7CABF000000004C
:1017D000F0EE407A30EE407AF4EE677AF1EE10FAED
:1017E00087EE070A02D62120FFF7BABF7047000034
:1017F00038B510EE105A25F00044B4F1A14FF0EEC8
:10180000407A0FDBB4F1FF4F04DD70EE007AB0EEEA
:10181000670A38BDDFED4D7A9FED4D0A002D77FE4A
:10182000807AF4E74B4B9C4210DCB4F1445F0ADA57
:101830009FED497A30EE077AF7EE006AB4EEE67A69
:10184000F1EE10FAE3DC4FF0FF3313E000F05CF947
:10185000424B9C424FDCA3F5D0039C4241DCF0EEAE
:10186000007ABFEE007AA0EE277A002330EE270A36
:10187000C7EE007A5A1C67EEA76ADFED395A9FED72
:10188000396A9FED395A9FED390A26EEA67AA7EEFE
:10189000256ADFED375AE6EE075A9FED366AA5EE68
:1018A000876ADFED355AE6EE075A9FED346AA5EEFA
:1018B000876ADFED335AE7EE055A9FED325AA5EEFF
:1018C000875ADFED315AE5EE075AA5EE870A20EE7A
:1018D000070AA6EE260A27EE800A21D177EEC07A03
:1018E00095E7F7EE007A30EE677A30EE270A0123AB
:1018F000C7EE007ABEE7254B9C420BDCF7EE087A78
:10190000B7EE007AA0EE277A022370EE676AC6EE81
:10191000877AAFE7BFEE007AC7EE007A0323A9E724
:101920001B4A1C4902EB830201EB830393ED007A0F
:1019300030EE470A002D70EE677A92ED000A70EEE5
:10194000677AB8BFF1EE677A61E700BFDB0FC93F86
:10195000DB0FC9BFFFFFDF3ECAF24971FFFF973FB0
:10196000D769853C59DA4B3D21A215BDCDCC4CBE83
:10197000356B883D6E2EBA3D2549123EABAAAA3E74
:101980006BF16EBD95879DBD388EE3BDFFFF1B409B
:10199000D4280408E428040810EE103AC3F3C75210
:1019A0007F3A162A23F000412ADC002A11DADFED03
:1019B000197A30EE270AB5EEC00AF1EE10FA05DD0D
:1019C000002B23DB002918BF4FF07E5300EE103AA6
:1019D0007047114911410B42FAD0DFED0E7A30EE1B
:1019E000270AB5EEC00AF1EE10FAEFDD002BC2BFF8
:1019F0004FF4000040FA02F29B1823EA0103E5E7E6
:101A0000B1F1FF4FE4D330EE000A70474FF00043CE
:101A1000DCE700BFCAF24971FFFF7F0010EE102A19
:101A200070B4C2F30A5340F22A44A342B7EEC06A2C
:101A30002AD912F5000F59D0B3F5FF6F03D330EE5A
:101A4000000A70BC7047DFED2B7AB4EEE70AF1EEC6
:101A500010FA03DD70BC0020FFF7A4BEDFED267A8C
:101A6000B4EEE70AF1EE10FA03D570BC0020FFF7E0
:101A70008DBEDFED227AB4EEE70AF1EE10FA03D55F
:101A800070BC0020FFF788BE1D4BB7EE000B93ED36
:101A90004A5B93ED484BB0EE447BA5EE067B17EE18
:101AA000105A37EE447B05F01F0203EBC202D2E965
:101AB000004695EE067B93ED504B93ED4C5BA4EE08
:101AC000070B93ED4E6B002318194FEAC53242EB1A
:101AD0000601A5EE076B27EE075B41EC170BA6EEA0
:101AE000050B20EE070BB7EEC00BAAE79FED050A2A
:101AF000A7E700BF1772B142B4F1CFC2CF8ECEC2FA
:101B0000F82804080000000010EE103A23F000430B
:101B100000EE103A7047000010EE103AC3F3C752BF
:101B20007F3A162A23F000412ADC002A11DADFED81
:101B3000187A30EE270AB5EEC00AF1EE10FA05DD8C
:101B4000002B23DA134A002918BF134600EE103A7F
:101B50007047114911410B42FAD0DFED0D7A30EE9A
:101B6000270AB5EEC00AF1EE10FAEFDD002BBEBF7A
:101B70004FF4000040FA02F29B1823EA0103E5E764
:101B8000B1F1FF4FE4D330EE000A70470023DDE7E8
:101B9000CAF24971000080BFFFFF7F0010EE103ACB
:101BA00023F000420021B2F1FF4F016019DAC2B107
:101BB00013F0FF4F0AD1DFED0B7A60EE277A6FF05A
:101BC000180117EE903A016023F000420168D21527
:101BD00023F0FF437E3A43F07C530A4400EE103A70
:101BE000026070470000004C10B52DED028B0446DA
:101BF000B0EE408A01F01AFFB8B1B5EE408AF1EEBE
:101C000010FA12D0B0EE480A204600F019FAB0EEF1
:101C1000408A01F00BFF20B1B5EE408AF1EE10FAD8
:101C200003D101F01FFF22230360B0EE480ABDEC90
:101C3000028B10BD10EE103AB3F17E5F10B455D098
:101C4000A3F50002B2F1FE4F1AD35A0004D15DF899
:101C5000044B0120FFF7ACBDB3F1FF4F43D0002B85
:101C600002DBB2F17F4F03D35DF8044BFFF7B0BD49
:101C7000DFED207A20EE270A10EE103AA3F1386348
:101C800003F140421C49BFEE000B02F54D02C2F3C6
:101C9000C340D40D01EB0010E40590ED006B1B1B5D
:101CA00007EE903A91ED405BB7EEE77AD215A6EEDB
:101CB000070B90ED026B07EE902A91ED444BB8EEC6
:101CC000E77BA7EE056B91ED467B20EE005BA4EE73
:101CD000007B91ED424B30EE060BA4EE057BA5EEAA
:101CE000070BB7EEC00B5DF8044B70479FED030A7E
:101CF000F9E700BF0000004B402A04080000000084
:101D000010EE103AC3F3C7527F3A162A0ADC002AB3
:101D100003DA03F00043036070470A4941FA02F214
:101D2000134206D103F0004380ED000A00EE103AA2
:101D3000704723EA020307EE903A036030EE670A29
:101D4000704700BFFFFF7F00C0F3C7537E2B10DD3D
:101D5000962B0CDC0122C3F1960302FA03F35A1E00
:101D6000024206D103420CBF02200120704702202C
:101D70007047002070470000F0B510EE101A10EE0A
:101D8000906AA1F500037200B3F1FE4F85B002F135
:101D9000FF306FF0807356D2984256D2002001F186
:101DA0004042A34EBFEE006B02F54D02C2F3C347A3
:101DB000D20D06EB0717D2058B1A97ED005B07EEE5
:101DC000903AD215B7EEE77AA5EE076B97ED025B76
:101DD00026EE062B22EE021B07EE902A96ED404BD4
:101DE000B8EEE77B37EE057B96ED425B96ED443B24
:101DF000A6EE045B96ED464BA6EE034B96ED483BF4
:101E0000B7EEE00AA6EE037BA2EE047BA5EE017B13
:101E100020EE070B10EE901A00230027C1F3CF32FB
:101E200048F2BE069F4208BF964280F0B1809FED07
:101E3000787BB4EEC70BF1EE10FA79DD05B0BDE8A2
:101E4000F040FFF7AFBC98422DD352B981F4800324
:101E50005B0013F5000F40F2CD8030EE200A05B094
:101E6000F0BDB1F17E5F05D186F48006760016F5EF
:101E7000000FF0E74B00B3F17F4FEED8B2F17F4F88
:101E8000EBD1B3F1FE4F00F0B580B3F1FE4F6FEA36
:101E9000060634BF00230123F60FB34240F0AD80A5
:101EA00020EEA00ADBE74F007A1E9A421CD30029DD
:101EB00020EE000A0FDA10EE900AFFF745FF012826
:101EC00009D1B1EE400A47B9002EC8DA05B0BDE825
:101ED000F040FFF76DBC0020F5E7002EBFDAF7EE0B
:101EE000007A87EE800ABAE700291FDA10EE900A1E
:101EF000FFF72AFF20B905B0BDE8F040FFF768BC46
:101F0000012814BF00204FF4803021F00041B1F5CA
:101F1000000FBFF444AFDFED477A20EE270A10EE42
:101F2000103A23F00043A3F1386138E70020EEE7D0
:101F30009FED397BB4EEC70BF1EE10FA10DD4FF0D8
:101F40004C5300285CD10293DDED027AB7EE007AA3
:101F500077EE877AF4EE477AF1EE10FA7FF46EAFFF
:101F60009FED2F7BB4EEC70BF1EE10FA04D805B04D
:101F7000BDE8F040FFF70ABC9FED2B7BB4EEC70B2A
:101F8000F1EE10FA04D505B0BDE8F040FFF704BC4F
:101F9000294B93ED407B30EE076B8DED006B36EEF9
:101FA000477B30EE477BDDE90067B7EE000B06F0BC
:101FB0001F0103EBC101D1E900CE93ED425B93ED2C
:101FC000446B93ED464BA7EE056B27EE075B361887
:101FD000002313EB0C044FEAC63141EB0E05A7EECC
:101FE000040B45EC174BA6EE050B20EE070BB7EEE6
:101FF000C00B34E7B7EE000A31E79FED100A2EE779
:102000000393DDED037ABFEE007A77EE677AA1E7FE
:1020100071D5D1FFFFFF5F40E2AAA3FFFFFF5F4042
:102020000000000000C062C00000000000A062C00C
:10203000602B04080000004BF82804080000000092
:1020400010EE103A33F0004224D0B2F1FF4F02D329
:1020500030EE000A704713F0FF4F21D1294BDFED1E
:102060002A7A984220EE270A15DB10EE103AC3F3C5
:10207000C752193A0244FE2A14DDDFED247ADFED5F
:10208000246A10EE103AB0EE677A002B67FEA67A4B
:1020900027EE270A7047DFED1F7A20EE270A7047E8
:1020A000D20DE7E7002A06DD23F0FF4343EAC253DF
:1020B00000EE103A704712F1160F19DA4CF2503355
:1020C000984210EE103A03F0004309DD9FED0F0A2D
:1020D0009FED0F7AF0EE407A002B00FE070ADCE756
:1020E0009FED0C0A9FED0C7AF0EE407A002BF4E79E
:1020F000193223F0FF4343EAC253DFED087A07EEBB
:10210000103AC5E7B03CFFFF0000004CCAF249712D
:10211000CAF249F16042A20D6042A28D0000003374
:1021200010EE103A07B5104A23F00043934205DC45
:10213000DFED0E0A012001F079FA04E0B3F1FF4F60
:1021400004DB30EE400A03B05DF804FB684600F0A3
:1021500035FE400000F00200DDED010A9DED000AB1
:10216000C0F10100E7E700BFDA0F493F00000000BF
:1021700010B510EE104A24F00043B3F1FF4F2DEDDF
:10218000028BB0EE407A0CDBB7EE000AC0EE077AA5
:10219000002CACBF37EE800A37EEC00ABDEC028BD4
:1021A00010BD1B4A934230DCB3F1105F06DAF7EE44
:1021B000007A70EE277A27EE800AEFE7B3F17E5FB0
:1021C000B0EE008A12DBFFF79FFC30EE000A01F050
:1021D0000FFB30EE080AC8EE007AB7EE000A30EEC8
:1021E000670A002CB8BFB1EE400AD7E7FFF78CFCB6
:1021F000F8EE007A20EE270A01F0FAFA70EE087A7B
:10220000B1EE407A87EE270AEBE7B7EE000AE8E77F
:10221000FFFFAF41CB0712D421EE006B90ED1A5BAC
:1022200090ED187BA5EE017B90ED165B21EE061B71
:10223000A5EE060BA7EE010BB7EEC00B704790EDB5
:10224000145B21EE016B90ED127B90ED0C0BA1EE77
:10225000057B90ED0E5BA1EE050B90ED105B21EE82
:10226000061BA6EE050BE5E7F7B510EE104AC4F322
:102270000A53B3F57D7FB7EEC06AF0EE407A4FEABD
:10228000145218D226EE061BB3F5667F0AD212F45A
:10229000FF6F03D1B7EEC11B8DED011AB0EE670AD7
:1022A00003B0F0BD3E48B0EE460B002103B0BDE8E0
:1022B000F040FFF7AFBF40F22E42934224D8384B94
:1022C00093ED087B26EE077BFDEEC77B03F17000E4
:1022D00017EE901A01F50001091607EE901A01F0A9
:1022E000030203EBC202B8EEE75B92ED000B93ED45
:1022F0000A7B11F0020FA5EE476B08BF184626EEC9
:10230000061B20EE060BD1E7B3F5FF6F3DD2254B40
:10231000C4F3836203EB8200C4F31601066A00690A
:10232000C4F3C25541F40001A94053F82250A1FB67
:10233000066705FB01F33A46E0FB0123111C43F15C
:1023400000560020101A06F0404163EB0101DEF751
:10235000A5F9B50F124A05EBD4739FED0F0B41ECB5
:10236000170B03F0030102EBC10127EE000B91ED07
:10237000007B20EE001B13F0020F02F170002946D3
:1023800008BF104627EE000B90E703B0BDE8F04011
:10239000FFF71EBAAFF30080182D4454FB21193CFF
:1023A000E82C0408882C040808B52DED028BB0EE4B
:1023B000408A00F047F9134B93F900300133F0EEF7
:1023C000408A1AD0B4EE488AF1EE10FA15D6B0EE73
:1023D000480AFFF799FBF7EE007AB4EEE70AF1EE50
:1023E00010FA0ADD01F03EFBBDEC028B21230360F5
:1023F000BDE80840044801F027BBB0EE680ABDEC18
:10240000028B08BDA40100246D32040808B52DED2F
:10241000028BB0EE408A00F00FFA134B93F90030B4
:102420000133F0EE408A1AD0B4EE488AF1EE10FA89
:1024300015D6B0EE480AFFF767FBF7EE007AB4EE68
:10244000E70AF1EE10FA0ADD01F00CFBBDEC028B9D
:1024500021230360BDE80840044801F0F5BAB0EE5E
:10246000680ABDEC028B08BDA40100246D3204088B
:1024700000F0C8BA08B52DED028BB0EE408A00F02E
:102480005FFB114B93F900300133F0EE408A15D019
:10249000B4EE488AF1EE10FA10D6B0EE480AFFF713
:1024A00033FBDFED0A7AB4EEE70AF1EE10FA05DD50
:1024B00001F0D8FADFED068A22230360B0EE680A45
:1024C000BDEC028B08BD00BFA4010024FCD4B242C5
:1024D0000000807F08B52DED028BF0EE408AB0EE53
:1024E000608A00F091FB0F4B93F90030013316D056
:1024F000B4EE488AF1EE10FA11D6F4EE688AF1EEE5
:1025000010FA0CD6DFED088AB4EE688AF1EE10FA04
:1025100005D101F0A7FA88EEA80A21230360BDECDB
:10252000028B08BDA40100240000000008B52DEDB9
:10253000028BB0EE408A00F0E9FB144B93F90030B7
:10254000013314D0B4EE488AF1EE10FA0FD6B5EE8E
:10255000C08AF1EE10FA0AD8B5EE408AF1EE10FA10
:1025600008D101F07FFA22239FED090A0360BDEC38
:10257000028B08BD01F076FABDEC028B21230360CB
:10258000BDE80840034801F05FBA00BFA401002481
:10259000000080FF6D32040808B52DED028BF0EECF
:1025A000408A00F047FD114B93F900300133B0EE43
:1025B000408A15D001F03AFA90B9B0EE680A01F0FD
:1025C00035FA68B101F04EFA9FED098A9FED090ACC
:1025D0002223F5EEC08AF1EE10FA036038FE008A7D
:1025E000B0EE480ABDEC028B08BD00BFA401002478
:1025F0000000807F000080FF08B52DED028BB0EE5B
:10260000408A00F085FD0D4B93F90030013311D065
:10261000B4EE488AF1EE10FA0CD6DFED098AB4EE7A
:10262000E88AF1EE10FA05D501F01CFA88EEA80A46
:1026300021230360BDEC028B08BD00BFA401002470
:102640000000000008B510EE103A23F00042B2F18D
:102650007E5F2DED0C8B09D19FED660A9FED668A9A
:10266000002B30FE080ABDEC0C8B08BD04DD30EEFB
:10267000408A88EE080AF6E7B2F17C5F3EDAB2F1F2
:102680000C5F40F3B38060EE007ADFED5C6A9FED93
:102690005C7A9FED5C6A9FED5C8AA7EEA67ADFED1F
:1026A0005B6AE7EE276A9FED5A7AA6EEA77ADFED1E
:1026B000596AE7EE276A9FED587AA6EEA77ADFED12
:1026C000576AA7EEA66ADFED566AE6EE276A9FED27
:1026D000556AA6EEA76AF7EE006AE6EE276A27EECD
:1026E000277AF0EE667AC7EE276ADFED4F7AA0EE22
:1026F000668A30EE480A37EEC00AB4E7002BDFEDF9
:102700003FDADFED3FCA9FED41CADFED41BA9FEDF1
:1027100041BADFED418A9FED41DADFED3AAA9FED44
:1027200040AADFED409AB7EE009AF6EE007A28DA7A
:1027300030EE090A20EE270AE0EE2DCAE0EE0DAADF
:10274000ACEE80CAAAEE80AAECEE00BAEAEE009ADD
:10275000ABEE80BAA9EE809AEBEE008A68EE808A32
:1027600000F0D6FC88EE897ADFED307AE0EE077A69
:10277000B0EE007A77EE807A9FED2D0AA7EEC70AB9
:1027800071E739EE408A28EE278AB0EE480A00F059
:10279000BFFCE8EE2DCAE8EE0DAAACEE88CAAAEEA0
:1027A00088AAECEE08BA10EE103AABEE88BA23F421
:1027B0007F6323F00F03EAEE089A07EE903AEBEE00
:1027C000088AB0EE486AA7EEE76AA9EE889A70EE2A
:1027D000276A68EE888A86EE267AC8EE896AA0EEB5
:1027E000267A37EE870A30EE000A3CE79FED110AA1
:1027F00039E700BF00000000DB0F494008EF113847
:10280000047F4F3A613330BF6821A233461124BDA3
:10281000A80A4E3E90B0A6BEABAA2A3E2EC69D3D4B
:102820002D57014039D119C0DA0FC93F6821A2B331
:10283000DA0F4940DB0FC93F38B510EE105A25F0CA
:102840000044B4F17E5F2DED048B0CD1DFED5D7A99
:102850009FED5D7A60EE277AE0EE077AB0EE670AC8
:10286000BDEC048B38BD04DD70EE407A87EEA70A1C
:10287000F6E7B4F17C5FF7EE008A0BDAB4F1485F5B
:1028800052DADFED527A70EE277AF4EEE87AF1EE62
:1028900010FAE5DCFFF738F938EEC00AB6EE008A28
:1028A00020EE088ADFED4A7A9FED4A7A9FED4A9A38
:1028B000A8EE277ADFED497AE7EE087A9FED487AAD
:1028C000A7EE887ADFED477AE7EE087A9FED467A41
:1028D000A7EE889ADFED457AE8EE077A9FED447A15
:1028E000A7EE887ADFED437AE7EE087AB0EE480A81
:1028F000E7EE888A00F00CFC3F4B29EE089A9C42D8
:1029000089EE286AF0EE006A3DDDA0EE060ADFEDF2
:102910003B7AE0EE267A9FED2C0A30EE670A002D16
:10292000D8BFB1EE400A9BE760EE007ADFED286A7F
:102930009FED287A9FED2C6AA7EEA67ADFED276A35
:10294000E7EE276A9FED267AA6EEA77ADFED256AE5
:10295000E7EE276A9FED207AA6EEA77ADFED236ADD
:10296000E7EE866A9FED226AA6EEA76ADFED216A8E
:10297000E6EE276A27EE277AE6EEA78AC7EE287AE0
:10298000A0EE270A6CE710EE103A23F47F6323F0E1
:102990000F0307EE103AA7EE478A70EE077A30EE83
:1029A000000AC8EE275ADFED077AE5EEE67AD0EEA8
:1029B000067A9FED130AB0EE406AA7EE666A77EEDC
:1029C000C67AAAE72EBD3BB3DB0FC93FCAF24971F5
:1029D00008EF1138047F4F3AABAA2A3E461124BDB6
:1029E000A80A4E3E90B0A6BE2EC69D3D613330BFB4
:1029F0002D57014039D119C09999793F2EBD3B33EC
:102A0000DB0F493F10EE902A22F00041B1F1FF4F59
:102A100010B5F0EE407A06DC10EE100A20F000430C
:102A2000B3F1FF4F04DD77EEA07AB0EE670A10BD78
:102A3000B2F17E5F03D1BDE81040FEF7D9BE941716
:102A400004F0020444EAD0743BB9022C5CD09FED40
:102A5000337A032C47FE007AE7E739B9DFED307AA5
:102A60009FED300A002867FE807ADEE7B1F1FF4F64
:102A700010D1B3F1FF4F04F1FF3407D1022C46D837
:102A8000294B03EB8404D4ED007ACEE7022C41D825
:102A9000264BF6E7B3F1FF4FE0D05B1AB3F1F45FDA
:102AA0004FEAE3511ADA002A01DA3C3119DB87EEEA
:102AB000A00AFFF729F8FEF79BFEF0EE407A012C02
:102AC00012D0022C17D0002CAFD09FED190A77EE50
:102AD000807A9FED180A77EEC07AA6E7DFED107ACC
:102AE000EDE7DFED157AEAE717EE903A03F10043E0
:102AF00007EE903A99E79FED0E0A77EE807A9FED08
:102B00000D0A70EE677A90E7DFED0A7A8DE7DFED68
:102B10000B7A8AE7DFED087A87E700BFDB0F49C051
:102B2000DB0FC93FDB0FC9BFC82D0408D42D040833
:102B30002EBDBB33DB0F494000000000DB0F493FD7
:102B400010B510EE104A24F00044B4F1FF4F2DED03
:102B5000028B04DB20EE000ABDEC028B10BD254B7E
:102B60009C4215DCFEF7D0FF00F042FEF7EE006A53
:102B7000B4F1105FF0EE407A30EE260AECDB27EE7F
:102B8000A77A70EE007A87EE270A30EE260AE3E78E
:102B9000194B9C420CDCFEF7B7FFFEF73FFFB6EE89
:102BA000007AC7EE007AE0EE077AB0EE670AD3E764
:102BB000124B9C4208DCFEF7A7FFFEF72FFFF6EE54
:102BC000007A20EE270AC7E70D4B9C420CDCFEF78B
:102BD0009BFFB6EE008A20EE080AFEF71FFF20EEEC
:102BE000088A28EE000AB7E79FED060A20EE000AE1
:102BF000B2E700BF1772B13EFFFFAF411772B1429B
:102C0000FCD4B242CAF24971F0B510EE906A36F0C7
:102C1000004509D010EE102A22F00043B3F1FF4F17
:102C200002DAB5F1FF4F04DD60EE200A80EEA00A63
:102C3000F0BDAB42FCDB02F0004406D1324AE30FA8
:102C400002EB830393ED000AF2E712F0FF4F3FD14E
:102C500019026FF07D00002937DC16F0FF4F3DD1DF
:102C60002F026FF07D01002F35DA10F17E0FBBBF10
:102C70006FF07D02121AC2F316039340A8BF43F40B
:102C8000000311F17E0FB5BF6FF07D02C6F316058C
:102C9000521A45F40005B8BF9540401A5A1B00BBB4
:102CA00013EA220338BF1346002BC7D0B3F5000F39
:102CB0001FDB11F17E0F1FDBA3F500037F312343E0
:102CC00043EAC15300EE103AB2E701384900C2E7C7
:102CD000D8157F38C1E701397F00C4E7E9157F398E
:102CE000C3E7002A02DA5B000138D7E7A6D0530019
:102CF000FAE75B000139D9E7C1F1FF2101F57F0156
:102D000082310B412343DDE7E02D040808B510EEC6
:102D1000102A32F000432DED028B08D19FED217A6D
:102D2000DFED217A87EE270ABDEC028B08BD002A71
:102D300002DA30EE407AF3E7B2F1FF4F02DB30EE19
:102D4000000AF1E7B2F5000FBFBFDFED187A60EEC1
:102D5000277A6FF0180117EE902A4FEAE253A8BFC6
:102D600000217F3B0B44D90F03EBD37307EE903A5E
:102D7000C2F31602C1F17F0342EAC35300EE103AD8
:102D8000B8EEE78AFEF756FFDFED097A20EE270A54
:102D9000DFED087AA8EE270ADFED077AA8EE270A0A
:102DA000C2E700BF000000CC000000000000004CA3
:102DB000D95BDE3EDB27543580209A3EF0B510EE1D
:102DC000106A8E4B26F000459D4287B0F0EE407AA7
:102DD000044605DC002380ED000A436000201AE071
:102DE000874B9D4246DC002E9FED860A864B25F0E0
:102DF0000F051FDD9D4277EEC07A0ED09FED837ADE
:102E000037EEC70A77EEC07A80ED000A77EEC77A10
:102E10000120C4ED017A07B0F0BD9FED7D0A9FED62
:102E20007D7A77EEC07A77EEC76A77EEE67AC0ED04
:102E3000006AEBE79D4277EE807A0ED09FED737AC1
:102E400037EE870A77EEC07A80ED000A77EE877A50
:102E50004FF0FF30C4ED017ADDE79FED6D0A9FED85
:102E60006D7A77EE807A77EE876A77EEE67AC0ED54
:102E7000006AEBE7684B9D4272DCFEF745FE9FED72
:102E8000677AF6EE007AE0EE077AFDEEE77AB8EEC2
:102E9000E77A17EE900ADFED5B7AA7EE670A1F2844
:102EA000DFED5A7A67EE277AB1EE476A70EE676A0D
:102EB00016EE902A1CDC5A49471E25F0FF0351F8F4
:102EC00027108B4214D0226094ED007A30EE470A2E
:102ED000002E30EE670A84ED010A9CDAB1EE477AE3
:102EE000B1EE400A84ED007A84ED010A404292E797
:102EF000C2F3C751EB15C1EBD555082DE3DDDFED6E
:102F0000447AF0EE406AE6EE276A30EE660AA6EEF4
:102F1000270ADFED407A97EE270A76EEC05AF0EEE8
:102F2000407A15EE902AC2F3C7515B1A192B04DCC4
:102F3000C4ED005AB0EE660AC6E7DFED3A5AB0EECD
:102F4000660AA6EE250A76EEC07ADFED376AE6EE6F
:102F5000257AD7EE267A30EE677A84ED007AB3E7E9
:102F6000B5F1FF4F06DB70EE407AC0ED017AC0ED9F
:102F7000007A33E7EA15863AA5EBC25307EE903A9A
:102F8000BDEEE77ADFED296AB8EEC77A77EEC77A49
:102F90008DED037A67EEA67ABDEEE77AB8EEC77AD2
:102FA00077EEC77A8DED047A67EEA67AF5EE407A71
:102FB000F1EE10FACDED057A1ED1B5EE407AF1EEC4
:102FC00010FA14BF02230123194901910221009133
:102FD00003A8214600F0A0F8002EBFF61CAFD4EDE8
:102FE000007AF1EE677AC4ED007AD4ED017AF1EE61
:102FF000677AC4ED017A79E70323E5E7D80F493F03
:10300000E3CB1640800FC93FD00FC93F434435374B
:103010000044353708A3852E800F494384F9223FA9
:10302000E82D040800A3852E32318D240000804352
:10303000682E040810B510EE103A23F00044B4F1E5
:10304000FF4F2DED028BF0EE407A06DB70EE007A3A
:10305000BDEC028BB0EE670A10BD002B284BF6EEDC
:10306000008ABEEE008A28FE888A9C422ADCB4F1DF
:10307000465FF7EE008A08DA9FED227A30EE077A93
:10308000B4EEE87AF1EE10FAE2DCB0EE670AFEF791
:103090003BFD00F0ADFBB4F17E5FBBBF20EE007ADC
:1030A00070EE288A70EE288AC7EE287AADBF80EECF
:1030B000287AB0EE007AD0EE077A77EE007A67EEE3
:1030C000887AC5E7104B9C4206DCFEF71DFDFEF733
:1030D000A5FC60EE087ABBE70C4B9C420ADCFEF7CD
:1030E00013FD20EE280AFEF799FC68EE007A67EEE1
:1030F000807AADE79FED037A60EE077AA8E700BF1C
:10310000FFFFAF41C2BDF07C1772B142FCD4B242A6
:10311000B1EEC00A704700002DE9F04F2DED048B91
:10312000D7B016469846649ABB4B019053F822706C
:10313000331D0D4608F1FF3929DBF11E48BF311D53
:10314000C9104C1CE3000293659B9FEDB77AA1EB7D
:10315000090003EB800EA6EBC40407EB090C0DF18C
:10316000680A0023634514DD1AAB03EB8803CC46E1
:103170000DF5847AC8F1010B0BEB0C02974227DBAB
:10318000DDF804E0DFEDA87A1846002216E0002101
:10319000D7E7D8425DBF5EF8232007EE902AF8EE0D
:1031A000E77AF0EE477AEAEC017A0133DAE7FEECEF
:1031B000016A90ED007AE6EE877A01324A45A0F185
:1031C0000400F4DDEAEC017A04330CF1010CD3E7DE
:1031D00006AB03EB87030493659BDFED928A9FEDBB
:1031E000909A03EB81030393BA4656AB03EB8A0331
:1031F00013ED140A06AB18465246002A51DC20464D
:103200000593FEF71DFFB0EE408AB4EE000A28EEEB
:10321000000AFEF781FCF2EE007AA0EE678A002C2D
:10322000059BFDEEC87AB8EEE70ACDED007A38EEE0
:10323000408A4BDD0AF1FF3C06AAC4F1080E52F8A1
:103240002C2017EE901A42FA0EF00144009100FA79
:103250000EF006A9121A41F82C20C4F1070042FA18
:1032600000FBBBF1000F43DD009A4FF0000E01326E
:1032700000927046F2456CDC002C04DD012C79D004
:10328000022C00F08280BBF1020F31D1B7EE000AB0
:1032900030EE488A60B32046FEF7D2FE38EE408A10
:1032A00026E060EE287A013AFDEEE77A42A9F8EED0
:1032B000E77A01EB820CA7EEC90ABDEEC00AA0ECCA
:1032C000010A9CED000A37EE800A96E707D10AF161
:1032D000FF3206A951F822204FEA222BC1E7F6EE71
:1032E000007AB4EEE78AF1EE10FA2FDA4FF0000B15
:1032F000B5EE408AF1EE10FA40F098800AF1FF3303
:103300009C460022BC4548DA002A5FD006AA083C49
:1033100052F8231000297DD02046B7EE000A019311
:10332000FEF78EFE019B9FED3F7A1946002980F241
:10333000AF80184600240028C0F2D08042A901EBDB
:103340008006364ADFED387A0021BBE04FF0020BF1
:103350008AE71A6848B91AB1C2F580721A60012268
:103360000EF1010E0433104684E7C2F1FF021A6029
:103370000246F5E70AF1FF3C06AB53F82C3003F0A8
:103380007F0306AA42F82C307DE70AF1FF3C06AB2A
:1033900053F82C3003F03F03F3E706A951F82C0053
:1033A0000CF1FF3C0243ADE7013053F8042D002A35
:1033B000FAD01AA90AEB080201EB82020AF1010312
:1033C0000AEB0001994204DA8A460EE7049B0120C9
:1033D000EBE70398DDF804C050F82300009007EEF7
:1033E000900AF8EEE77A0020E2EC017ADFED0E7A3F
:1033F0009646484506DD42A800EB8300C0ED007A02
:103400000133DFE7FCEC016A3EED017A0130E6EEC4
:10341000877AEEE7013B79E7AC3104088031040894
:10342000000080430000803B00000000029BB0EEE3
:10343000480A981BFEF704FE1FED077AB4EEC70A90
:10344000F1EE10FA1BDB5FED097A60EE277A06AA2F
:10345000FDEEE77A06A9F8EEE77A0834A7EEC70A88
:10346000FDEEE77ABDEEC00A10EE103A42F82A30BF
:1034700017EE902A0AF1010341F823204CE7BDEE34
:10348000C00A06AA10EE103A42F82A30534643E723
:1034900042AA02EB810006AA52F82120019207EE0F
:1034A000902AF8EEE77A013967EE807A20EE070A73
:1034B000C0ED007A3AE7F2EC016AB6EC017AE6EE8A
:1034C000877A0131B94201DC8C42F4DA56AA02EB68
:1034D000840141ED287A013801342CE7649A022AEC
:1034E0000ADC002A61DC3CD0009B03F0070057B0E7
:1034F000BDEC048BBDE8F08F649A032AF4D12EAAA8
:1035000002EB830108461C46002CA0F1040059DCA4
:1035100018460128A1F1040164DC5FED3D7A012B1E
:1035200070DCDDED2E6A9DED2F7ABBF1000F72D1BC
:10353000C5ED006A85ED017AC5ED027AD4E72EAAC1
:1035400002EB830191ED007A77EE877A013B002B45
:10355000F5DABBF1000F01D0F1EE677AC5ED007A24
:10356000C2E75FED4F7AF2E72EAA02EB8100D0EDC1
:10357000007A37EE277A01390029F5DABBF1000F1E
:1035800017D0F1EE477AC5ED007ADDED2E7A77EEB1
:10359000C77A2FA801218B420EDABBF1000F01D0B0
:1035A000F1EE677AC5ED017A9EE71FED617A194663
:1035B000E2E7F0EE477AE6E7B0EC017A013177EE28
:1035C000877AE8E7D0ED007AD0ED016A37EEA67A87
:1035D000013C77EEC77A80ED007A77EEA67AC0EDEF
:1035E000017A91E7D1ED007AD1ED016A37EEA67A42
:1035F000013877EEC77A81ED007A77EEA67AC1EDD1
:10360000017A86E72EAA02EB830191ED007A013B55
:1036100077EE877A83E7F1EE666AB1EE477AC5ED19
:10362000006A85ED017AF1EE677A85E708B510EE5C
:10363000103A23F00042B2F1465FF0EE407A17DA1A
:10364000BDEEC07A17EE101A41BB431C134308D1DC
:10365000FEF75AFAB7EE007AC7EE007AB0EE670AC4
:1036600008BD0128FAD0BFEE007AC7EE007AF5E770
:103670004D498A4212DB002BB8BFF1EE407A9FED34
:103680004B0A70EE677A9FED4A0AB8BFF1EE600A06
:1036900070EE600A70EEA77ADFED460ADFED465A5B
:1036A0009FED466A9FED465A3F4967EEA76A8A42F8
:1036B00026EEA67AA7EE256ADFED425AE6EE075A15
:1036C0009FED416AA5EE876ADFED405AE6EE075AA4
:1036D0009FED3F6AA5EE876ADFED3E5AE7EE055A99
:1036E0009FED3D5AA5EE875ADFED3C5AE5EE075AAD
:1036F0009FED3B5AA5EE875ADFED3A5AE5EE075AA1
:10370000B0EE657AA7EE266A67EEA65AB0EE467A64
:10371000B0EE606AA7EE256A9FED337AE6EE260AE0
:10372000E5EE870A37EEA07A1DDB06EE900AB8EECA
:10373000E60A27EE076A37EE007A9B17C6EE076A9D
:1037400003F00203C3F10103B0EE007A76EEE00A63
:1037500077EEE07AA7EEC70A07EE903AF8EEE77A3E
:1037600067EE807A7AE701281BD0204B17EE102AEB
:103770001A4006EE102A76EE677A70EEE70AFFEE40
:10378000007AC7EE876AB7EE007A16EE902A1340E9
:1037900007EE903AA6EE277AA0EEA77AE7EE267A11
:1037A0005CE7F0EE477A59E740A12C3FDA0F493F3A
:1037B00068212233000000005FAE9BB745F4A338B8
:1037C0008453D937C8261A3A16696B3BA427B33CF1
:1037D0008988083E7AC09538B937813948DEBE3AC3
:1037E0001F37113CD10D5D3DABAAAA3E00F0FFFF93
:1037F00010EE102A7E4922F000438B4220D9B3F10B
:10380000FF4F02D930EE000A704705D1FFEE007A73
:10381000002A20FE270A7047002A05DB75498B42E3
:1038200060D90020FDF7BEBFDFED737A70EE277A16
:10383000F5EEC07AF1EE10FA54D5BFEE000A7047EB
:103840006E498B426AD96E498B424BD89FED6D7A97
:10385000002AA7BF30EE477ADFED6B7ADFED6B7A97
:1038600030EE077AACBF01234FF0FF3337EE670A23
:1038700037EE407A77EE677AF6EE005A20EE255A58
:10388000DFED636A9FED636A20EE057AA7EE266A94
:10389000DFED616AE6EE076A9FED606AA6EE876A71
:1038A000DFED5F6AE6EE076AB7EE006AF0EE464AC1
:1038B000E6EE874AF0EE646AF0EE084AE5EE664A04
:1038C00036EEE45AF1EE086AE0EE646AF0EE664A1B
:1038D000C5EE246A66EE876A73BBF0EE477AD0EED7
:1038E000267A24E0BEEE007AF6EE007A002A67FE21
:1038F000877A9FED4C7ADFED446A40EE077A9FEDC0
:10390000417AFDEEE77A17EE903AF8EEE77AA7EE05
:10391000C70A67EEA67AB0EE407AA7E7B3F14C5F2C
:1039200008D2DFED417A70EE277A77EEE77A30EE53
:10393000670A704700239FE776EEE76A5A1CD6EEC7
:10394000807A77EEC77A06D170EE677ABEEE000A0B
:10395000A7EEA50A7047012B18D1BDEE007AB4EE90
:10396000C70AF1EE10FA41BF30EE250A37EEC00A61
:10397000F8EE007A20EE270A5FBF30EE670AF0EE1D
:10398000007AA0EE276AB0EE460A70475A1C392A20
:103990004FEAC3510BD937EEC00A36EE400A10EE9B
:1039A000103A0B4400EE103A30EE460A7047162BE0
:1039B00011DC4FF0807242FA03F3C3F17E5337EE0D
:1039C000C00A07EE903A37EEC00A10EE103A0B44E8
:1039D00000EE103A7047C3F17F03DB0507EE103AA3
:1039E00077EE877A30EE670A30EE060AEDE700BF21
:1039F00043B895411772B1426042A20D1872B13EB0
:103A00009115853F8071313FD1F71737D1F717B73F
:103A1000BBED57B4547E8636CD70A6B8010DD03AB2
:103A2000898808BD3BAAB83FCAF2497182B08DEDC2
:103A3000010A019820F00040B0F1FF4FACBF002018
:103A4000012002B0704700009FED010A704700BFDF
:103A50000000C07F08B5062000F076F90120E2F7EB
:103A600031FF0000014B1868704700BFA801002417
:103A700070B50D4D0D4C641BA4100026A64209D153
:103A80000B4D0C4C01F030F8641BA4100026A6422C
:103A900005D170BD55F8043B98470136EEE755F85F
:103AA000043B98470136F2E70C3304080C33040852
:103AB0000C33040834330408024B0146186800F044
:103AC00071B800BFA8010024024B0146186800F03D
:103AD00019B800BFA80100240A44914200F1FF3345
:103AE00000D1704710B511F8014B03F8014F914216
:103AF000F9D110BD02440346934200D1704703F848
:103B0000011BF9E737B5002948D051F8043C019072
:103B1000002BA1F10404B8BFE41800F061F9204AB9
:103B200001981368154633B96360146003B0BDE8AB
:103B3000304000F05BB9A3420BD921686218934270
:103B400004BF1A685B68636004BF521822602C606F
:103B5000ECE71A465B680BB1A342FAD91168551815
:103B6000A5420BD1246821445418A3421160DDD131
:103B70001C685B68536021441160D7E702D90C23AD
:103B80000360D3E7256861198B4204BF19685B683D
:103B9000636004BF491921605460C7E703B030BDBA
:103BA00014890224F8B5CD1C25F0030508350C2D29
:103BB00038BF0C25002D064601DBA94203D90C2392
:103BC00033600020F8BD00F00BF921490A68144663
:103BD0009CB9204F3B6823B92146304600F07CF861
:103BE00038602946304600F077F8431C23D10C2377
:103BF0003360304600F0FAF8E3E723685B1B17D424
:103C00000B2B03D923601C44256004E06368A242A7
:103C10000CBF0B605360304600F0E8F804F10B0075
:103C2000231D20F00700C21ACCD01B1AA350C9E7ED
:103C300022466468CCE7C41C24F00304A042E3D00D
:103C4000211A304600F048F80130DDD1CFE700BF3F
:103C50001489022418890224174B10B51C68A36B21
:103C6000B3B91820FFF728FFA06328B90246134B09
:103C700013484E2100F084F8124A134BC0E9002388
:103C8000124B83600B23838101220023C0E90423AC
:103C9000A16B0F480A694B690E4C504304FB0300AB
:103CA000A2FB04345A1C044444F10000C1E904207E
:103CB00020F0004010BD00BFA8010024BC31040862
:103CC000D33104080E33CDAB34126DE6ECDE0500C3
:103CD0002DF451582D7F954C38B5064D00230446E0
:103CE00008462B60E2F766FE431C02D12B6803B145
:103CF000236038BD149302241F2938B504460D46AD
:103D000004D9162303604FF0FF3038BD426C12B166
:103D100052F821304BB9204600F030F82A460146CF
:103D20002046BDE8384000F017B8012B0AD0591CD6
:103D300003D1162303600120E7E7002442F8254061
:103D4000284698470020E0E7024B01461868FFF735
:103D5000D3BF00BFA801002438B5074D0023044697
:103D6000084611462B60E2F79DFD431C02D12B68EB
:103D700003B1236038BD00BF14930224E2F78ABD6B
:103D80001FB514461A46094B1B680546D8684CB146
:103D9000074B0091CDE9013406492B4600F00EF89F
:103DA000FFF758FE044B1C46F3E700BFA8010024B0
:103DB000323204083F3204086D3204080EB403B5F1
:103DC000014603AB054853F8042B0068019300F04B
:103DD0003DF802B05DF804EB03B07047A801002481
:103DE000014800F06FBD00BF1C930224014800F0A1
:103DF0006ABD00BF1C9302249368013B002B10B4E2
:103E0000936008DA9469A34201DB0A2903D15DF8C3
:103E1000044B00F0DFBA1368581C10601970084694
:103E20005DF8044B7047F8B506460F461446D518A2
:103E3000AC4201D1002007E014F8011B3A4630469D
:103E4000FFF7DAFF431CF3D1F8BD00002DE9F04F76
:103E50000D469DB014469846064618B183690BB9C5
:103E600000F092FC894B9D421BD175686B6ED9079F
:103E700005D4AB899A0502D4A86D00F023FDAB8967
:103E80001B0701D52B69EBB92946304600F0F4FA3F
:103E9000C0B16B6EDC070ED54FF0FF301DB0BDE832
:103EA000F08F7B4B9D4201D1B568DFE7794B9D4296
:103EB00008BFF568DAE7AB899805EDD4A86D00F086
:103EC00002FDE9E70023099320238DF82930CDF87E
:103ED0000C803023DFF8C0818DF82A304FF00109C3
:103EE00023469A4613F8012B0AB1252AF9D1BAEBD9
:103EF000040B0BD05B46224629463046FFF793FF62
:103F0000013000F0AA80099A5A4409929AF80030C8
:103F1000002B00F0A28000234FF0FF32CDE90523F3
:103F20000AF1010A049307938DF853301A9354460B
:103F3000052214F8011B5848DCF7D2F9049AD8B9C5
:103F4000D10644BF20238DF85330130744BF2B23E1
:103F50008DF853309AF800302A2B15D0079A544622
:103F600000204FF00A0C214611F8013B303B092B91
:103F70004ED9B0B1079214E0A0EB080309FA03F39D
:103F800013430493A246D2E7039B191D1B680391B8
:103F9000002BBBBF5B4242F0020207930793B8BFFE
:103FA000049223782E2B0CD163782A2B35D1039BD6
:103FB0001A1D1B680392002BB8BF4FF0FF33023469
:103FC0000593DFF8E4A0217803225046DCF788F956
:103FD00040B14023A0EB0A0003FA00F0049B034326
:103FE0000134049314F8011B2C488DF82810062284
:103FF000DCF776F900283FD0294B1BBB039B073326
:1040000023F0070308330393099B3B44099367E7B5
:104010000CFB02320C460120A5E700230134059376
:1040200019464FF00A0C204610F8012B303A092AA5
:1040300003D9002BC5D00591C3E70CFB0121044631
:104040000123F0E703AB00932A46164B04A9304640
:10405000AFF300800746781CD6D16B6ED90705D424
:10406000AB899A0502D4A86D00F02DFCAB895B06E4
:104070003FF512AF099811E703AB00932A46094BAD
:1040800004A9304600F080F8E4E700BFC432040819
:10409000E4320408A43204086E32040878320408BA
:1040A00000000000273E0208743204082DE9F047A2
:1040B000164699468A680B69DDF820809342B8BF9E
:1040C0001346336091F8432007460C460AB101338A
:1040D00033602368990642BF336802333360256832
:1040E00015F0060506D104F1190AE36832689B1A37
:1040F000AB4226DC94F84320131E226818BF01232C
:1041000092062BD404F1430249463846C047013099
:104110001ED02368E568326803F00603042B08BF4D
:10412000AD1AA36822690CBF25EAE5750025934204
:10413000C4BF9B1AED1800261A34B5421AD10020CC
:1041400008E00123524649463846C047013003D1B2
:104150004FF0FF30BDE8F0870135C6E7E1185A1C83
:10416000302081F84300224494F8451082F843102F
:104170000233C7E70123224649463846C04701308B
:10418000E6D00136D9E700002DE9FF470C469146FD
:10419000277E0C99782F80469A4604F1430207D86F
:1041A000622F0AD8002F00F0D880582F00F0A3808B
:1041B00004F1420684F842703AE0A7F16303152B3C
:1041C000F6D801A050F823F0214202083542020837
:1041D000B1410208B1410208B1410208B1410208EF
:1041E00035420208B1410208B1410208B14102085A
:1041F000B141020841430208654202082343020814
:10420000B1410208B141020863430208B14102080A
:1042100065420208B1410208B14102082B4302087D
:104220000B681A1D1B680A6004F1420684F84230CC
:104230000123A3E0256808682E0600F104030AD5CF
:1042400005680B60002D03DA2D236D4284F843309E
:104250005E480A2319E015F0400F05680B6018BF8F
:104260002DB2EFE70B682568181D0860280601D5F8
:104270001D6802E06906FBD51D8854486F2F0CBFEE
:1042800008230A23002184F843106668A660002EE4
:10429000A2BF216821F0040121600DB9002E4DD08C
:1042A0001646B5FBF3F103FB1157C75D06F8017D18
:1042B0002F46BB420D46F4D9082B0BD12368DF07EC
:1042C00008D5236961689942DEBF302306F8013CB6
:1042D00006F1FF36921B2261CDF800A04B4603AADF
:1042E00021464046FFF7E2FE01304CD14FF0FF304F
:1042F00004B0BDE8F087354884F8457023680E683F
:104300001F0656F8045B0E6014D5D90744BF43F06E
:10431000200323601DB9236823F0200323601023AA
:10432000B0E7236843F0200323607823284884F80B
:104330004530E3E75E0648BFADB2E6E71646BBE7A9
:104340000B68266860691D1D0D6035061B6801D568
:10435000186002E07106FBD5188000232361164621
:10436000BAE70B681A1D0A601E68626800213046B1
:10437000DBF7B6FF08B1801B606063682361002330
:1043800084F84330A8E72369324649464046D0477F
:104390000130ABD023689B0713D4E068039B98429D
:1043A000B8BF1846A4E70123324649464046D047E5
:1043B00001309BD00135E36803995B1AAB42F2DC14
:1043C000EBE7002504F11906F5E700BF7F3204088A
:1043D00090320408F8B50E461446054618B18369B4
:1043E0000BB900F0D1F9214B9C422BD16C68A36929
:1043F000A360A3891A072FD523696BB323692068AB
:10440000C01A6369F6B28342374604DC2146284667
:1044100000F026F930BBA368013BA36023685A1C57
:1044200022601E7063690130834204D0A389DB07D8
:1044300006D50A2E04D12146284600F011F988B984
:104440003846F8BD0A4B9C4201D1AC68CFE7094B16
:104450009C4208BFEC68CAE72146284600F00CF8E9
:104460000028CBD04FF0FF37EAE700BFC432040882
:10447000E4320408A4320408324B70B51D680646C5
:104480000C4625B1AB6913B9284600F07DF92E4BD7
:104490009C420FD16C68A389B4F90C2019072CD465
:1044A000DD0611D40923336042F04003A3814FF0AD
:1044B000FF303EE0254B9C4201D1AC68EBE7244B3A
:1044C0009C4208BFEC68E6E7580712D5616B41B122
:1044D00004F14403994202D03046FFF713FB002356
:1044E0006363A38923F02403A3810023636023690A
:1044F0002360A38943F00803A38123694BB9A389EF
:1045000003F42073B3F5007F03D02146304600F05A
:10451000FFF9A089B4F90C2010F001030AD00023A0
:10452000A36063695B42A361236943B910F0800013
:10453000BAD170BD810758BF6369A360F4E700205A
:10454000F7E700BFA8010024C4320408E4320408DD
:10455000A43204088A892DE9F041054610070C466B
:1045600058D44B68002B05DC0B6C002B02DC0020C0
:10457000BDE8F081E66A002EF9D0002312F48052E3
:104580002F682B6032D0606DA3895A0705D5636808
:10459000C01A636B0BB1236CC01A00230246E66A93
:1045A000216A2846B047431CA38906D129681D29E2
:1045B0002CD82A4ACA40D60728D500226260D904DE
:1045C0002269226004D5421C01D12B6803B96065C1
:1045D000616B2F600029CAD004F14403994202D0D4
:1045E0002846FFF78FFA00206063C1E7216A0123A4
:1045F0002846B047411CC7D12B68002BC4D01D2BC7
:1046000001D0162B01D12F60B1E7A38943F04003FD
:10461000A381ADE70F69002FA9D093070E6808BFEB
:104620004B690F6018BF0023A6EB07088B60B8F139
:10463000000F9CDD216AA66A43463A462846B047E9
:10464000002806DCA38943F04003A3814FF0FF302C
:104650008EE70744A8EB0008E9E700BF010040200F
:1046600038B50B6905460C4613B90025284638BDF8
:1046700018B183690BB900F087F8144B9C421BD129
:104680006C68B4F90C30002BEFD0626ED00704D404
:10469000990502D4A06D00F015F928462146FFF7D0
:1046A00059FF636EDA070546E0D4A3899B05DDD484
:1046B000A06D00F008F9D9E7054B9C4201D1AC6828
:1046C000DFE7044B9C4208BFEC68DAE7C432040819
:1046D000E4320408A4320408002310B50446C0E9FB
:1046E0000033C0E90433836081814366C281836102
:1046F000194608225C30FFF7FDF9054B6362054B54
:10470000A362054BE362054B2462236310BD00BF27
:1047100091490208B3490208EB4902080F4A02080E
:10472000014900F0AFB800BF6146020870B54A1EEB
:10473000682555430E4605F17401FFF733FA044628
:1047400040B10021C0E900160C30A06005F16802FC
:10475000FFF7D0F9204670BD014800F0B3B800BFA4
:1047600020930224014800F0AEB800BF2093022439
:10477000014800F0A7B800BF1B930224014800F0D5
:10478000A2B800BF1B93022410B50446FFF7F0FF48
:10479000A3691BB1BDE81040FFF7F0BFC4E91233B5
:1047A0002365134B134A1B68A262A34204BF012373
:1047B000A361204600F020F86060204600F01CF85D
:1047C000A060204600F018F80022E0600421606834
:1047D000FFF782FFA06801220921FFF77DFFE06853
:1047E00002221221FFF778FF0123A361D2E700BF65
:1047F000B831040821470208F8B50746FFF7ACFFB7
:104800001E4B1E68B36913B93046FFF7BDFF48362B
:10481000D6E90134013B03D533680BB33668F7E7BB
:10482000B4F90C50D5B9164BE36004F15800656635
:1048300000F047F8FFF796FFC4E90155C4E90455B5
:104840002560A5610822294604F15C00FFF752F9B2
:10485000C4E90D55C4E912552046F8BD6834D9E7BE
:1048600004213846FFF762FF044630600028D5D1A6
:10487000FFF778FF0C233B60EEE700BFB831040878
:104880000100FFFF2DE9F8430646884600F1480481
:104890000027D4E90195B9F1010905D52468002C58
:1048A000F7D13846BDE8F883AB89012B07D9B5F9B4
:1048B0000E30013303D029463046C04707436835E0
:1048C000E9E770477047704770B50E46B1F90E10B2
:1048D000002996B014461D4607DA00232B60B389E1
:1048E0001A0610D44FF480630EE06A4600F0B6F862
:1048F0000028F2DB019A02F47042A2F500535A42FA
:104900005A412A60EEE740230020236016B070BDB4
:104910008B8973B59D0706460C4607D504F14703FE
:10492000236023610123636102B070BD01AB6A465D
:10493000FFF7CAFF009905463046FFF733F948B93B
:10494000B4F90C309A05EFD423F0030343F00203CB
:10495000A381E3E70D4BB362A389206043F080039A
:10496000A381009B6361019B20615BB1B4F90E10D0
:10497000304600F085F828B1A38923F0030343F003
:104980000103A381A0890543A581CDE72147020842
:1049900010B50C46B1F90E1000F094F80028ABBF2A
:1049A000636DA3891B1823F48053ACBF6365A38197
:1049B00010BD2DE9F0411F468B89DB0505460C46ED
:1049C000164605D5B1F90E100223002200F068F852
:1049D000A389B4F90E1023F48053A38132463B46D9
:1049E0002846BDE8F04100F017B810B50C46B1F903
:1049F0000E1000F055F8431CA38915BF606523F421
:104A0000805343F48053A38118BFA38110BDB1F933
:104A10000E1000F013B8000038B5074D04460846E4
:104A2000114600222A601A46E1F773FF431C02D1A7
:104A30002B6803B1236038BD1493022438B5064DAA
:104A40000023044608462B60E1F77FFF431C02D198
:104A50002B6803B1236038BD1493022438B5074D89
:104A600000230446084611462B60E1F77AFF431CF9
:104A700002D12B6803B1236038BD00BF1493022418
:104A800038B5064D0023044608462B60E1F779FF50
:104A9000431C02D12B6803B1236038BD1493022458
:104AA00038B5074D04460846114600222A601A46CA
:104AB000E1F772FF431C02D12B6803B1236038BDBC
:104AC0001493022438B5074D0446084611460022C7
:104AD0002A601A46E1F700FF431C02D12B6803B19C
:104AE000236038BD14930224F8B500BFF8BC08BC9D
:104AF0009E467047F8B500BFF8BC08BC9E4670479C
:104B00002B4E414D453D524F4B492D0053544D3393
:104B100032205669727475616C20436F6D506F72EC
:104B20007400000053544D6963726F656C65637463
:104B3000726F6E696373000043444320436F6E6677
:104B40006967000043444320496E7465726661637F
:104B500065000000726F626F5A75627254797065F9
:104B600042360000000000000000000000000000CD
:104B70000000000000000000000000000000000035
:104B800000000000B715020800000000010000004E
:104B90000200000003000000040000000500000007
:104BA00006000000070000000800000009000000E7
:104BB0000A0000000B0000000C0000000D000000C7
:104BC0000E0000000F0000001000000011000000A7
:104BD0001200000013000000140000001500000087
:104BE0001600000017000000180000001900000067
:104BF0001A0000001B0000001C0000001D00000047
:104C00001E0000001F000000200000002100000026
:104C10002200000023000000240000002500000006
:104C200026000000270000002800000029000000E6
:104C30002A0000002B0000002C0000002D000000C6
:104C40002E0000002F0000003000000031000000A6
:104C50003200000033000000340000003500000086
:104C60003600000037000000380000003900000066
:104C70003A0000003B0000003C0000003D00000046
:104C80003E0000003F000000400000004100000026
:104C90004200000043000000440000004500000006
:104CA00046000000470000004800000049000000E6
:104CB0004A0000004B0000004C0000004D000000C6
:104CC0004E0000004F0000005000000051000000A6
:104CD0005200000053000000540000005500000086
:104CE0005600000057000000580000005900000066
:104CF0005A0000005B0000005C0000005D00000046
:104D00005E0000005F000000600000006100000025
:104D10006200000063000000640000006500000005
:104D200066000000670000006800000069000000E5
:104D30006A0000006B0000006C0000006D000000C5
:104D40006E0000006F0000007000000071000000A5
:104D50007200000073000000740000007500000085
:104D60007600000077000000780000007900000065
:104D70007A0000007B0000007C0000007D00000045
:104D80007E0000007F000000800000008100000025
:104D90008200000083000000840000008500000005
:104DA00086000000870000008800000089000000E5
:104DB0008A0000008B0000008C0000008D000000C5
:104DC0008E0000008F0000009000000091000000A5
:104DD0009200000093000000940000009500000085
:104DE0009600000097000000980000009900000065
:104DF0009A0000009B0000009C0000009D00000045
:104E00009E0000009F000000A0000000A100000024
:104E1000A2000000A3000000A4000000A500000004
:104E2000A6000000A7000000A8000000A9000000E4
:104E3000AA000000AB000000AC000000AD000000C4
:104E4000AE000000AF000000B0000000B1000000A4
:104E5000B2000000B3000000B4000000B500000084
:104E6000B6000000B7000000B8000000B900000064
:104E7000BA000000BB000000BC000000BD00000044
:104E8000BE000000BF000000C0000000C100000024
:104E9000C2000000C3000000C4000000C500000004
:104EA000C6000000C7000000C8000000C9000000E4
:104EB000CA000000CB000000CC000000CD000000C4
:104EC000CE000000CF000000D0000000D1000000A4
:104ED000D2000000D3000000D4000000D500000084
:104EE000D6000000D7000000D8000000D900000064
:104EF000DA000000DB000000DC000000DD00000044
:104F0000DE000000DF000000E0000000E100000023
:104F1000E2000000E3000000E4000000E500000003
:104F2000E6000000E7000000E8000000E9000000E3
:104F3000EA000000EB000000EC000000ED000000C3
:104F4000EE000000EF000000F0000000F1000000A3
:104F5000F2000000F3000000F4000000F500000083
:104F6000F6000000F7000000F8000000F900000063
:104F7000FA000000FB000000FC000000FD00000043
:104F8000FE000000FF000000000100000101000021
:104F900002010000030100000401000005010000FF
:104FA00006010000070100000801000009010000DF
:104FB0000A0100000B0100000C0100000D010000BF
:104FC0000E0100000F01000010010000110100009F
:104FD000120100001301000014010000150100007F
:104FE000160100001701000018010000190100005F
:104FF0001A0100001B0100001C0100001D0100003F
:105000001E0100001F01000020010000210100001E
:1050100022010000230100002401000025010000FE
:1050200026010000270100002801000029010000DE
:105030002A0100002B0100002C0100002D010000BE
:105040002E0100002F01000030010000310100009E
:10505000320100003301000034010000350100007E
:10506000360100003701000038010000390100005E
:105070003A0100003B0100003C0100003D0100003E
:105080003E0100003F01000040010000410100001E
:1050900042010000430100004401000045010000FE
:1050A00046010000470100004801000049010000DE
:1050B0004A0100004B0100004C0100004D010000BE
:1050C0004E0100004F01000050010000510100009E
:1050D000520100005301000054010000550100007E
:1050E000560100005701000058010000590100005E
:1050F0005A0100005B0100005C0100005D0100003E
:105100005E0100005F01000060010000610100001D
:1051100062010000630100006401000065010000FD
:1051200066010000670100006801000069010000DD
:105130006A0100006B0100006C0100006D010000BD
:105140006E0100006F01000070010000710100009D
:10515000720100007301000074010000750100007D
:10516000760100007701000078010000790100005D
:105170007A0100007B0100007C0100007D0100003D
:105180007E0100007F01000080010000810100001D
:1051900082010000830100008401000085010000FD
:1051A00086010000870100008801000089010000DD
:1051B0008A0100008B0100008C0100008D010000BD
:1051C0008E0100008F01000090010000910100009D
:1051D000920100009301000094010000950100007D
:1051E000960100009701000098010000990100005D
:1051F0009A0100009B0100009C0100009D0100003D
:105200009E0100009F010000A0010000A10100001C
:10521000A2010000A3010000A4010000A5010000FC
:10522000A6010000A7010000A8010000A9010000DC
:10523000AA010000AB010000AC010000AD010000BC
:10524000AE010000AF010000B0010000B10100009C
:10525000B2010000B3010000B4010000B50100007C
:10526000B6010000B7010000B8010000B90100005C
:10527000BA010000BB010000BC010000BD0100003C
:10528000BE010000BF010000C0010000C10100001C
:10529000C2010000C3010000C4010000C5010000FC
:1052A000C6010000C7010000C8010000C9010000DC
:1052B000CA010000CB010000CC010000CD010000BC
:1052C000CE010000CF010000D0010000D10100009C
:1052D000D2010000D3010000D4010000D50100007C
:1052E000D6010000D7010000D8010000D90100005C
:1052F000DA010000DB010000DC010000DD0100003C
:10530000DE010000DF010000E0010000E10100001B
:10531000E2010000E3010000E4010000E5010000FB
:10532000E6010000E7010000E8010000E9010000DB
:10533000EA010000EB010000EC010000ED010000BB
:10534000EE010000EF010000F0010000F10100009B
:10535000F2010000F3010000F4010000F50100007B
:10536000F6010000F7010000F8010000F90100005B
:10537000FA010000FB010000FC010000FD0100003B
:10538000FE010000FF010000000200000102000019
:1053900002020000030200000402000005020000F7
:1053A00006020000070200000802000009020000D7
:1053B0000A0200000B0200000C0200000D020000B7
:1053C0000E0200000F020000100200001102000097
:1053D0001202000013020000140200001502000077
:1053E0001602000017020000180200001902000057
:1053F0001A0200001B0200001C0200001D02000037
:105400001E0200001F020000200200002102000016
:1054100022020000230200002402000025020000F6
:1054200026020000270200002802000029020000D6
:105430002A0200002B0200002C0200002D020000B6
:105440002E0200002F020000300200003102000096
:105450003202000033020000340200003502000076
:105460003602000037020000380200003902000056
:105470003A0200003B0200003C0200003D02000036
:105480003E0200003F020000400200004102000016
:1054900042020000430200004402000045020000F6
:1054A00046020000470200004802000049020000D6
:1054B0004A0200004B0200004C0200004D020000B6
:1054C0004E0200004F020000500200005102000096
:1054D0005202000053020000540200005502000076
:1054E0005602000057020000580200005902000056
:1054F0005A0200005B0200005C0200005D02000036
:105500005E0200005F020000600200006102000015
:1055100062020000630200006402000065020000F5
:1055200066020000670200006802000069020000D5
:105530006A0200006B0200006C0200006D020000B5
:105540006E0200006F020000700200007102000095
:105550007202000073020000740200007502000075
:105560007602000077020000780200007902000055
:105570007A0200007B0200007C0200007D02000035
:105580007E0200007F020000800200008102000015
:1055900082020000830200008402000085020000F5
:1055A00086020000870200008802000089020000D5
:1055B0008A0200008B0200008C0200008D020000B5
:1055C0008E0200008F020000900200009102000095
:1055D0009202000093020000940200009502000075
:1055E0009602000097020000980200009902000055
:1055F0009A0200009B0200009C0200009D02000035
:105600009E0200009F020000A0020000A102000014
:10561000A2020000A3020000A4020000A5020000F4
:10562000A6020000A7020000A8020000A9020000D4
:10563000AA020000AB020000AC020000AD020000B4
:10564000AE020000AF020000B0020000B102000094
:10565000B2020000B3020000B4020000B502000074
:10566000B6020000B7020000B8020000B902000054
:10567000BA020000BB020000BC020000BD02000034
:10568000BE020000BF020000C0020000C102000014
:10569000C2020000C3020000C4020000C5020000F4
:1056A000C6020000C7020000C8020000C9020000D4
:1056B000CA020000CB020000CC020000CD020000B4
:1056C000CE020000CF020000D0020000D102000094
:1056D000D2020000D3020000D4020000D502000074
:1056E000D6020000D7020000D8020000D902000054
:1056F000DA020000DB020000DC020000DD02000034
:10570000DE020000DF020000E0020000E102000013
:10571000E2020000E3020000E4020000E5020000F3
:10572000E6020000E7020000E8020000E9020000D3
:10573000EA020000EB020000EC020000ED020000B3
:10574000EE020000EF020000F0020000F102000093
:10575000F2020000F3020000F4020000F502000073
:10576000F6020000F7020000F8020000F902000053
:10577000FA020000FB020000FC020000FD02000033
:10578000FE020000FF020000000300000103000011
:1057900002030000030300000403000005030000EF
:1057A00006030000070300000803000009030000CF
:1057B0000A0300000B0300000C0300000D030000AF
:1057C0000E0300000F03000010030000110300008F
:1057D000120300001303000014030000150300006F
:1057E000160300001703000018030000190300004F
:1057F0001A0300001B0300001C0300001D0300002F
:105800001E0300001F03000020030000210300000E
:1058100022030000230300002403000025030000EE
:1058200026030000270300002803000029030000CE
:105830002A0300002B0300002C0300002D030000AE
:105840002E0300002F03000030030000310300008E
:10585000320300003303000034030000350300006E
:10586000360300003703000038030000390300004E
:105870003A0300003B0300003C0300003D0300002E
:105880003E0300003F03000040030000410300000E
:1058900042030000430300004403000045030000EE
:1058A00046030000470300004803000049030000CE
:1058B0004A0300004B0300004C0300004D030000AE
:1058C0004E0300004F03000050030000510300008E
:1058D000520300005303000054030000550300006E
:1058E000560300005703000058030000590300004E
:1058F0005A0300005B0300005C0300005D0300002E
:105900005E0300005F03000060030000610300000D
:1059100062030000630300006403000065030000ED
:1059200066030000670300006803000069030000CD
:105930006A0300006B0300006C0300006D030000AD
:105940006E0300006F03000070030000710300008D
:10595000720300007303000074030000750300006D
:10596000760300007703000078030000790300004D
:105970007A0300007B0300007C0300007D0300002D
:105980007E0300007F03000080030000810300000D
:1059900082030000830300008403000085030000ED
:1059A00086030000870300008803000089030000CD
:1059B0008A0300008B0300008C0300008D030000AD
:1059C0008E0300008F03000090030000910300008D
:1059D000920300009303000094030000950300006D
:1059E000960300009703000098030000990300004D
:1059F0009A0300009B0300009C0300009D0300002D
:105A00009E0300009F030000A0030000A10300000C
:105A1000A2030000A3030000A4030000A5030000EC
:105A2000A6030000A7030000A8030000A9030000CC
:105A3000AA030000AB030000AC030000AD030000AC
:105A4000AE030000AF030000B0030000B10300008C
:105A5000B2030000B3030000B4030000B50300006C
:105A6000B6030000B7030000B8030000B90300004C
:105A7000BA030000BB030000BC030000BD0300002C
:105A8000BE030000BF030000C0030000C10300000C
:105A9000C2030000C3030000C4030000C5030000EC
:105AA000C6030000C7030000C8030000C9030000CC
:105AB000CA030000CB030000CC030000CD030000AC
:105AC000CE030000CF030000D0030000D10300008C
:105AD000D2030000D3030000D4030000D50300006C
:105AE000D6030000D7030000D8030000D90300004C
:105AF000DA030000DB030000DC030000DD0300002C
:105B0000DE030000DF030000E0030000E10300000B
:105B1000E2030000E3030000E4030000E5030000EB
:105B2000E6030000E7030000E8030000E9030000CB
:105B3000EA030000EB030000EC030000ED030000AB
:105B4000EE030000EF030000F0030000F10300008B
:105B5000F2030000F3030000F4030000F50300006B
:105B6000F6030000F7030000F8030000F90300004B
:105B7000FA030000FB030000FC030000FD0300002B
:105B8000FE030000FF03000000040000000000000E
:105B90000100000001000000010000000100000001
:105BA00001000000010000000100000001000000F1
:105BB00001000000010000000100000001000000E1
:105BC00001000000010000000100000001000000D1
:105BD00001000000010000000100000001000000C1
:105BE00002000000020000000200000002000000AD
:105BF000020000000200000002000000020000009D
:105C00000300000003000000030000000300000088
:105C10000300000003000000030000000400000077
:105C20000400000004000000040000000400000064
:105C30000500000005000000050000000500000050
:105C4000050000000600000006000000060000003D
:105C50000600000007000000070000000700000029
:105C60000700000008000000080000000800000015
:105C70000800000009000000090000000900000001
:105C8000090000000A0000000A0000000A000000ED
:105C90000B0000000B0000000B0000000C000000D7
:105CA0000C0000000C0000000D0000000D000000C2
:105CB0000D0000000E0000000E0000000E000000AD
:105CC0000F0000000F0000000F0000001000000097
:105CD0001000000011000000110000001100000081
:105CE000120000001200000013000000130000006A
:105CF0001300000014000000140000001500000054
:105D0000150000001600000016000000170000003B
:105D10001700000017000000180000001800000025
:105D200019000000190000001A0000001A0000000D
:105D30001B0000001B0000001C0000001C000000F5
:105D40001D0000001D0000001E0000001E000000DD
:105D50001F0000001F0000002000000021000000C4
:105D600021000000220000002200000023000000AB
:105D70002300000024000000250000002500000092
:105D80002600000026000000270000002700000079
:105D90002800000029000000290000002A0000005F
:105DA0002B0000002B0000002C0000002C00000045
:105DB0002D0000002E0000002E0000002F0000002B
:105DC0003000000030000000310000003200000010
:105DD00032000000330000003400000034000000F6
:105DE00035000000360000003600000037000000DB
:105DF0003800000039000000390000003A000000BF
:105E00003B0000003B0000003C0000003D000000A3
:105E10003E0000003E0000003F0000004000000087
:105E2000410000004100000042000000430000006B
:105E3000440000004500000045000000460000004E
:105E40004700000048000000490000004900000031
:105E50004A0000004B0000004C0000004D00000014
:105E60004D0000004E0000004F00000050000000F8
:105E700051000000520000005200000053000000DA
:105E800054000000550000005600000057000000BC
:105E90005800000059000000590000005A0000009E
:105EA0005B0000005C0000005D0000005E00000080
:105EB0005F00000060000000610000006200000060
:105EC0006200000063000000640000006500000044
:105ED0006600000067000000680000006900000024
:105EE0006A0000006B0000006C0000006D00000004
:105EF0006E0000006F0000007000000071000000E4
:105F000072000000730000007400000075000000C3
:105F100076000000770000007800000079000000A3
:105F20007A0000007B0000007C0000007D00000083
:105F30007E0000007F000000800000008100000063
:105F40008200000083000000840000008500000043
:105F50008600000087000000880000008900000023
:105F60008A0000008C0000008D0000008E00000000
:105F70008F000000900000009100000092000000DF
:105F800093000000940000009500000096000000BF
:105F900098000000990000009A0000009B0000009B
:105FA0009C0000009D0000009E0000009F0000007B
:105FB000A1000000A2000000A3000000A400000057
:105FC000A5000000A6000000A7000000A900000036
:105FD000AA000000AB000000AC000000AD00000013
:105FE000AF000000B0000000B1000000B2000000EF
:105FF000B3000000B4000000B6000000B7000000CD
:10600000B8000000B9000000BA000000BC000000A9
:10601000BD000000BE000000BF000000C100000085
:10602000C2000000C3000000C4000000C600000061
:10603000C7000000C8000000C9000000CA0000003E
:10604000CC000000CD000000CE000000D000000019
:10605000D1000000D2000000D3000000D5000000F5
:10606000D6000000D7000000D8000000DA000000D1
:10607000DB000000DC000000DE000000DF000000AC
:10608000E0000000E1000000E3000000E400000088
:10609000E5000000E7000000E8000000E900000063
:1060A000EB000000EC000000ED000000EF0000003D
:1060B000F0000000F1000000F3000000F400000018
:1060C000F5000000F7000000F8000000F9000000F3
:1060D000FB000000FC000000FD000000FF000000CD
:1060E00000010000010100000301000004010000A4
:1060F0000601000007010000080100000A0100007D
:106100000B0100000C0100000E0100000F01000057
:106110001101000012010000130100001501000030
:106120001601000017010000190100001A0100000B
:106130001C0100001D0100001F01000020010000E3
:1061400021010000230100002401000026010000BD
:1061500027010000280100002A0100002B01000097
:106160002D0100002E01000030010000310100006F
:106170003201000034010000350100003701000049
:10618000380100003A0100003B0100003D01000021
:106190003E0100003F0100004101000042010000FB
:1061A00044010000450100004701000048010000D3
:1061B0004A0100004B0100004D0100004E010000AB
:1061C0005001000051010000530100005401000083
:1061D0005501000057010000580100005A0100005D
:1061E0005B0100005D0100005E0100006001000035
:1061F000610100006301000064010000660100000D
:1062000067010000690100006A0100006C010000E4
:106210006D0100006F0100007001000072010000BC
:106220007301000075010000760100007801000094
:10623000790100007B0100007C0100007E0100006C
:106240008001000081010000830100008401000042
:106250008601000087010000890100008A0100001A
:106260008C0100008D0100008F01000090010000F2
:1062700092010000930100009501000096010000CA
:10628000980100009A0100009B0100009D010000A0
:106290009E010000A0010000A1010000A301000078
:1062A000A4010000A6010000A7010000A901000050
:1062B000AB010000AC010000AE010000AF01000026
:1062C000B1010000B2010000B4010000B5010000FE
:1062D000B7010000B8010000BA010000BC010000D5
:1062E000BD010000BF010000C0010000C2010000AC
:1062F000C3010000C5010000C7010000C801000083
:10630000CA010000CB010000CD010000CE01000059
:10631000D0010000D1010000D3010000D501000030
:10632000D6010000D8010000D9010000DB01000007
:10633000DC010000DE010000E0010000E1010000DE
:10634000E3010000E4010000E6010000E7010000B5
:10635000E9010000EB010000EC010000EE0100008B
:10636000EF010000F1010000F2010000F401000063
:10637000F6010000F7010000F9010000FA01000039
:10638000FC010000FD010000FF0100000002000010
:1063900001020000030200000402000006020000E7
:1063A00007020000090200000A0200000C020000BF
:1063B0000E0200000F020000110200001202000095
:1063C000140200001502000017020000190200006C
:1063D0001A0200001C0200001D0200001F02000043
:1063E000200200002202000024020000250200001A
:1063F00027020000280200002A0200002B020000F1
:106400002D0200002F0200003002000032020000C6
:10641000330200003502000036020000380200009E
:10642000390200003B0200003D0200003E02000075
:10643000400200004102000043020000440200004C
:106440004602000048020000490200004B02000022
:106450004C0200004E0200004F02000051020000FA
:1064600052020000540200005502000057020000D2
:10647000590200005A0200005C0200005D020000A8
:106480005F02000060020000620200006302000080
:106490006502000066020000680200006A02000057
:1064A0006B0200006D0200006E020000700200002E
:1064B0007102000073020000740200007602000006
:1064C00077020000790200007A0200007C020000DE
:1064D0007D0200007F0200008002000082020000B6
:1064E000840200008502000087020000880200008C
:1064F0008A0200008B0200008D0200008E02000064
:10650000900200009102000093020000940200003B
:106510009602000097020000990200009A02000013
:106520009C0200009D0200009F020000A0020000EB
:10653000A2020000A3020000A5020000A6020000C3
:10654000A8020000A9020000AB020000AC0200009B
:10655000AD020000AF020000B0020000B202000075
:10656000B3020000B5020000B6020000B80200004D
:10657000B9020000BB020000BC020000BE02000025
:10658000BF020000C1020000C2020000C3020000FE
:10659000C5020000C6020000C8020000C9020000D7
:1065A000CB020000CC020000CE020000CF020000AF
:1065B000D0020000D2020000D3020000D502000089
:1065C000D6020000D8020000D9020000DA02000062
:1065D000DC020000DD020000DF020000E00200003B
:1065E000E1020000E3020000E4020000E602000015
:1065F000E7020000E9020000EA020000EB020000EE
:10660000ED020000EE020000EF020000F1020000C7
:10661000F2020000F4020000F5020000F6020000A1
:10662000F8020000F9020000FA020000FC0200007B
:10663000FD020000FF020000000300000103000053
:10664000030300000403000005030000070300002B
:1066500008030000090300000B0300000C03000006
:106660000D0300000F0300001003000011030000E1
:1066700013030000140300001503000017030000BB
:1066800018030000190300001B0300001C03000096
:106690001D0300001F030000200300002103000071
:1066A000220300002403000025030000260300004D
:1066B00028030000290300002A0300002B03000028
:1066C0002D0300002E0300002F0300003003000004
:1066D00032030000330300003403000036030000DF
:1066E0003703000038030000390300003A030000BC
:1066F0003C0300003D0300003E0300003F03000098
:106700004103000042030000430300004403000073
:10671000460300004703000048030000490300004F
:106720004A0300004C0300004D0300004E0300002C
:106730004F0300005003000051030000530300000A
:1067400054030000550300005603000057030000E7
:10675000590300005A0300005B0300005C030000C3
:106760005D0300005E0300005F03000061030000A2
:10677000620300006303000064030000650300007F
:106780006603000067030000680300006A0300005E
:106790006B0300006C0300006D0300006E0300003B
:1067A0006F0300007003000071030000720300001B
:1067B00073030000740300007603000077030000F9
:1067C00078030000790300007A0300007B030000D7
:1067D0007C0300007D0300007E0300007F030000B7
:1067E0008003000081030000820300008303000097
:1067F0008403000085030000860300008703000077
:1068000088030000890300008A0300008B03000056
:106810008C0300008D0300008E0300008F03000036
:106820009003000091030000920300009303000016
:1068300094030000950300009603000097030000F6
:1068400098030000990300009A0300009B030000D6
:106850009C0300009D0300009E0300009E030000B7
:106860009F030000A0030000A1030000A20300009A
:10687000A3030000A4030000A5030000A60300007A
:10688000A7030000A7030000A8030000A90300005D
:10689000AA030000AB030000AC030000AD0300003E
:1068A000AE030000AE030000AF030000B003000021
:1068B000B1030000B2030000B3030000B303000003
:1068C000B4030000B5030000B6030000B7030000E6
:1068D000B7030000B8030000B9030000BA030000CA
:1068E000BB030000BB030000BC030000BD030000AD
:1068F000BE030000BF030000BF030000C003000090
:10690000C1030000C2030000C2030000C303000073
:10691000C4030000C5030000C5030000C603000057
:10692000C7030000C7030000C8030000C90300003C
:10693000CA030000CA030000CB030000CC03000020
:10694000CC030000CD030000CE030000CE03000006
:10695000CF030000D0030000D0030000D1030000EB
:10696000D2030000D2030000D3030000D4030000D0
:10697000D4030000D5030000D5030000D6030000B7
:10698000D7030000D7030000D8030000D90300009C
:10699000D9030000DA030000DA030000DB03000083
:1069A000DB030000DC030000DD030000DD0300006A
:1069B000DE030000DE030000DF030000DF03000051
:1069C000E0030000E1030000E1030000E203000037
:1069D000E2030000E3030000E3030000E40300001F
:1069E000E4030000E5030000E5030000E603000007
:1069F000E6030000E7030000E7030000E8030000EF
:106A0000E8030000E9030000E9030000E9030000D7
:106A1000EA030000EA030000EB030000EB030000C0
:106A2000EC030000EC030000ED030000ED030000A8
:106A3000ED030000EE030000EE030000EF03000092
:106A4000EF030000EF030000F0030000F00300007C
:106A5000F1030000F1030000F1030000F203000065
:106A6000F2030000F2030000F3030000F303000050
:106A7000F3030000F4030000F4030000F40300003B
:106A8000F5030000F5030000F5030000F603000025
:106A9000F6030000F6030000F7030000F703000010
:106AA000F7030000F7030000F8030000F8030000FC
:106AB000F8030000F8030000F9030000F9030000E8
:106AC000F9030000F9030000FA030000FA030000D4
:106AD000FA030000FA030000FB030000FB030000C0
:106AE000FB030000FB030000FB030000FC030000AD
:106AF000FC030000FC030000FC030000FC0300009A
:106B0000FD030000FD030000FD030000FD03000085
:106B1000FD030000FD030000FD030000FE03000074
:106B2000FE030000FE030000FE030000FE03000061
:106B3000FE030000FE030000FE030000FF03000050
:106B4000FF030000FF030000FF030000FF0300003D
:106B5000FF030000FF030000FF030000FF0300002D
:106B6000FF030000FF030000FF030000FF0300001D
:106B7000FF030000FF030000FF030000FF0300000D
:106B8000FF030000FF030000FF03000000040000FB
:106B9000102840587088A0B8000000000404043C8D
:106BA0003C00000000000800000008000800000091
:106BB00000000000010203040102030406070809A3
:106BC0000000000001020304010203040607080993
:106BD00001000000020000000400000006000000A8
:106BE000080000000A0000000C0000001000000077
:106BF00020000000400000008000000000010000B4
:106C000000316253C4F5A697B988DBEA7D4C1F2E8C
:106C10004372211087B6E5D4FACB98A93E0F5C6D7C
:106C200086B7E4D5427320113F0E5D6CFBCA99A86C
:106C3000C5F4A796013063527C4D1E2FB889DAEB5C
:106C40003D0C5F6EF9C89BAA84B5E6D7407122134C
:106C50007E4F1C2DBA8BD8E9C7F6A594033261503C
:106C6000BB8AD9E87F4E1D2C02336051C6F7A4952C
:106C7000F8C99AAB3C0D5E6F4170231285B4E7D61C
:106C80007A4B1829BE8FDCEDC3F2A190073665540C
:106C900039085B6AFDCC9FAE80B1E2D344752617FC
:106CA000FCCD9EAF38095A6B4574271681B0E3D2EC
:106CB000BF8EDDEC7B4A192806376455C2F3A091DC
:106CC0004776251483B2E1D0FECF9CAD3A0B5869CC
:106CD00004356657C0F1A293BD8CDFEE79481B2ABC
:106CE000C1F0A3920534675678491A2BBC8DDEEFAC
:106CF00082B3E0D1467724153B0A5968FFCE9DAC9C
:106D0000102840587088A0B8102840587088A0B843
:106D10002B66000000006717129EBCA3BEED0A920E
:106D200049877A0D917D01DE7A9F2AC387E45B70E3
:106D300050028761F4563322000000007EE51DDA20
:106D40000E4ABBA516EDF127BF9F62DC8F95B95D9A
:106D5000000000000EEC6819943C3EC3E99989B428
:106D60004A641B6F85625828287301001CEDA851E6
:106D7000B05B01002E14000000000000F0000000D5
:106D800000000000000000005F2FAAAD8C9C1300E3
:106D9000D0291000D0291000D0291000D0291000CF
:106DA000D0291000D0291000D0291000D0291000BF
:106DB000DC9A1000D0291000D0291000D029100032
:106DC000D0291000C4670100D02910000C60120007
:106DD0000CB11000D029100068B3100068B3100087
:106DE00068B31000844D1200446E1200446E12000D
:106DF00064B61000ECB6100034B81000086B120036
:106E0000D02910002C1A1000C8B510001015100061
:106E1000D0291000D0291000B81810006C191000EB
:106E2000EC6E1200EC6E1200EC6E120040D41200F8
:106E3000C102CFF25D074FF6BD0500012107000139
:106E40004D06CFF76906CFF78506CFF7D907CFF7FD
:106E5000E505CFF93506CFF91107CFF9A1010FFAF2
:106E6000A9010FFA95020FFA09060FFA6107400807
:106E700019014FFAB5044FFAF5044FFA5D054FFAC0
:106E8000A104C00059064FFA71064FFA45074008A1
:106E9000B5018FFAD9018FFAB100800841028FFA4B
:106EA00065038FFABD038FFA15048FFA61048FFA18
:106EB00079048FFACD008008F9048FFAA106400109
:106EC0004D068FFA81078FFAA501CFFAA502CFFAF6
:106ED0006D03CFFA7906CFFA7D03400135000FFB31
:106EE00075000FFBA9000FFBD9000FFBE1000FFBA2
:106EF000ED000FFBF5000FFB05010FFB49020FFB37
:106F00004D020FFB55020FFB65020FFB75020FFBD5
:106F100081020FFB75030FFBAD040FFBD5040FFBC4
:106F2000ED040FFBF5040FFB19050FFB9104400165
:106F300021060FFB8D038008D9060FFB29014FFBAB
:106F4000A505C00015024FFBF1024FFB190180009F
:106F5000D100800061008000A50080007D008000DD
:106F6000E50080004501800021018000F5054FFB10
:106F7000B9064FFBFD064FFB3104400151068FFB64
:106F80002902CFFBB5020FFC35040FFC81040FFC76
:106F90008D040FFC61050FFC0D018FFDA1018FFD1C
:106FA000B1018FFDC1018FFDF102400191038FFD01
:106FB00009058FFDE504C0009900CFFD7904C000EC
:106FC00051020FEFBD04CFFD2505CFFD6D06CFFDAE
:106FD000A506CFFD5D07CFFDF507CFFD29000FFE0C
:106FE0008102400111020FFEA1020FFE39030FFEC4
:106FF000C9030FFEB1040FFE71070FFEB104400973
:10700000FD070FFE0D004FFE61004FFEB5004FFE65
:10701000B9004FFECD004FFEF5004FFE05024FFEBA
:10702000D9058FFE65068FFE7D068FFE3D0140016E
:1070300035078FFE49078FFE6D078FFEE5078FFE30
:107040001500CFFE9D00CFFEB500CFFEE500CFFEC0
:107050005901CFFE0502CFFE1D02CFFE6D0440098F
:107060007904400985044009510540094D02CFFECD
:107070009D02CFFEA502CFFE990540094D03CFFE2C
:10708000B503CFFE1904CFFE8104CFFEA904CFFEC5
:10709000E50540090D06400979070001D906CFFE34
:1070A0009907CFFEB1064009E50640090D074009E2
:1070B0007D000FFFBD000FFF510600016D0080092C
:1070C00081020FFF85020FFF4903C000CD020FFFB1
:1070D00019030FFF19030FFFED0540006D064FFF69
:1070E00035008FFF5902CFEF0D03CFEFAD03CFEF88
:1070F0000104CFEF8D04CFEF9D04CFEF1105CFEF4B
:107100005905CFEF6905CFEFDD0000026D010002E8
:10711000850200029103000255040002A10400024E
:10712000B1050002310600027D030FF035070002B1
:107130005D0040029500400271014002610340027F
:1071400031004FF05D014FF0E503400251078FF031
:107150002100CFF04500CFF0B101CFF0FD06CFF018
:107160000507CFF0DD000FF1E9000FF149018002C2
:1071700079050FF131060FF139060FF149060FF1CC
:107180002D004FF181004FF1A102C0021504C00291
:107190009D04C0022505C0024905C0024905C00280
:1071A000DD024FF1E506C00285044FF16D074FF196
:1071B00071074FF179074FF17D074FF181074FF1CB
:1071C0009D074FF1AD074FF1B1074FF1B1074FF1F7
:1071D00049018FF1A1018FF1DD018FF17D028FF166
:1071E00079038FF105048FF12D004003C9068FF15B
:1071F00061078FF1F9078FF1D500CFF19902CFF137
:10720000A102CFF1BD03CFF12904CFF18904CFF161
:107210001D024003CD05CFF16D06CFF11507CFF16B
:10722000B107CFF101020FF205020FF24D020FF28A
:10723000D9020FF23D030FF289030FF2F9030FF2A7
:1072400019040FF235034003910440030105400384
:107250005D064003810740037500800365018003DC
:1072600051078003510780038D0780035900C00335
:10727000C900C0031901C00309068FF221068FF26D
:10728000FD07CFF28504C0034D010FF371010FF329
:1072900081010FF3B5010FF3B9010FF3C5010FF32E
:1072A00011020FF37105C0039D05C0034D06C00315
:1072B0008907C0030500000471000004C100000438
:1072C000E90000041101000429030004590400042A
:1072D0001D070004E5070004590040046D01400447
:1072E000710140040D044004DD048FF359058FF350
:1072F00009068FF36D068FF37D068FF3FD068FF37E
:1073000011078FF385078FF3A103800481048004A4
:10731000DD068004B900C0045501C004B502C004F4
:107320001903C0049906C004650300051104000593
:107330004D05000531014FF469014FF415034FF479
:10734000E9044FF449054FF485064FF449074FF41B
:1073500081008FF485008FF41D018FF439018FF4C3
:1073600031028FF4CD048FF465058FF419078FF483
:1073700001010FF5E1070005E5020FF509030FF51F
:1073800019030FF5CD030FF5D1030FF5DD030FF54D
:10739000B1040FF5B90140053D024005E102400589
:1073A00041034005A9044005290540052D05400578
:1073B0003D054005B905400511074005CD00CFF555
:1073C000E100CFF53101CFF5FD01CFF5ED02CFF5AD
:1073D0008103CFF5E903CFF54504CFF52505CFF5BA
:1073E000ED010FF609020FF685020FF6C1020FF646
:1073F000F9020FF625074FF67D074FF6C1074FF646
:1074000055008FF6C5018FF639028FF649028FF6C7
:10741000E9028FF6F1028FF6BD038FF6150680059F
:10742000410780054D03C005A903C005CD03C00574
:10743000C105C0051507C005F5000006D902CFF645
:10744000A503CFF6CD05CFF66106CFF67106CFF6D0
:107450002907CFF63107CFF621000FF7E1000FF72C
:1074600065010FF721030FF74D030FF7B1030FF776
:10747000C1030FF791040FF7AD040FF7B1050FF734
:1074800021060FF7B100000691070FF7E5070FF788
:1074900005004FF7A1004FF7B1004FF761014FF71B
:1074A00075014FF7A1014FF7C5014FF719024FF7CB
:1074B00089024FF7C1024FF7A101000671020006D1
:1074C0001105000699050006A9050006A906000693
:1074D000AD060006090040060900400621004006EE
:1074E0001D078FF75D078FF7DD00CFF77D01CFF721
:1074F00095024006510340061D05CFF7DD05CFF785
:1075000015054006E507400651000FF8A1000FF8E9
:1075100039010FF811020FF879020FF845030FF83F
:107520008D050FF8E5050FF86D060FF8DD060FF86D
:10753000AD0080063D004FF845004FF859004FF868
:107540000902800651014FF8DD038006D10580064F
:1075500001054FF889008FF8B100C00601018FF8CE
:107560000D01C006AD018FF821028FF871028FF86E
:10757000C1028FF8DD028FF8ED028FF835038FF826
:10758000E1038FF8F1038FF8F5038FF821048FF8EA
:107590003D048FF8C102C00679048FF8A10080076E
:1075A00055018007FD000FF9B5010FF9750180073E
:1075B0002107800771050FF91D0780079D00C0078F
:1075C00019048FF9B9048FF9C9048FF9B5040008BB
:1075D00009058FF909058FF9AD058FF9D1058FF9E7
:1075E000ED068FF9090500085503CFF939050008A4
:1075F0008103CFF9ED03CFF92904CFF93904CFF98D
:10760000D50500086904CFF9ED0500081D0600083E
:10761000FD04CFF91905CFF9450600084105CFF95A
:10762000550600086505CFF9850600088905CFF9DC
:107630009D05CFF9C105CFF98D060008B906CFF930
:107640000107CFF91907CFF94D07CFF99507CFF902
:10765000A907CFF9410700083D060FFA89070FFA7D
:10766000E1070FFAF9070FFA2D004FFA2D004FFA34
:107670007D00400895004008FD048FFA15058FFA3B
:1076800041058FFA5D01400875014008D5058FFA64
:1076900051078FFA69078FFA9D078FFA6103400837
:1076A0000D06CFFA2506CFFAC90340084D018FFB1E
:1076B00065018FFB8903CFFB9103CFFBC503CFFB94
:1076C0005906CFFB7106CFFBA906CFFBC106CFFB46
:1076D000FD06CFFB1507CFFB4907CFFB6507CFFBA7
:1076E00005000FFC6D000FFC9D000FFCED000FFC72
:1076F000F9000FFC4D010FFCB1010FFCBD0180082A
:1077000041030FFC45030FFC81030FFCCD030FFC6D
:10771000510380088903800855058008B9060FFCCD
:10772000C9060FFC55058008B105800849070FFC04
:1077300059070FFC69014FFC71014FFC81014FFC9F
:107740009D014FFCC5058008D5014FFCD9014FFCB8
:10775000E9014FFC75024FFCF1024FFCC9044FFCDC
:10776000E1044FFC7D054FFC25064FFC19074FFC3B
:10777000DD008FFCE5008FFCED008FFCF5008FFC39
:1077800009068008F5018FFCB9068008F1038FFC1B
:1077900091048FFC15058FFC5901C00801078FFC6F
:1077A00011078FFC21078FFCDD078FFCED02CFFC5A
:1077B0006104CFFC6504CFFCB504CFFCBD04CFFC55
:1077C000D904CFFC1505CFFC1D05CFFC8506CFFCE9
:1077D000090000096D000FFD81000FFD19020FFD6A
:1077E00031020FFD75020FFD8D020FFDED030FFD40
:1077F00005040FFD31040FFDA9050FFD55004FFDD8
:107800006D004FFDE5004FFD95014FFD9D014FFDC2
:10781000B1014FFDC9014FFDAD034FFD49028FFD81
:1078200061028FFDE100000901048FFD19048FFD45
:10783000C9058FFDD504CFFDED04CFFDB5020FFEC8
:107840009D038FFEB5038FFEF50040090D01400931
:1078500059020FFF71020FFF59028FFFB5028FFF10
:107860001100C002A9024004ED060FF691020001CA
:10787000F9004FF6F5020001BD060006D905CFF864
:10788000E906CFF83D024FF949024FF9B503C007A9
:107890005D00C000B1068FF9F9068FF94907CFFAEC
:1078A000F9040000D5020001210440083D02000156
:1078B00089020001550200013D0440080D05400801
:1078C0009D008FFB5D064008A9028FFBE5020FFDBE
:1078D000F5020FFDC502C00A01034FFD350100008E
:1078E00071010000F9038FFD2902CFEE61048FFDC5
:1078F000F1048FFDF506CFFD95050FFE41074FFE04
:10790000F9030009190400090900000085000000BE
:10791000E2C20845018068408420030C1908310444
:1079200048410E8D0015061021421D78460E6FFB52
:107930000143C2C6284D4C70C608E000084300153C
:107940000610004161402142F60A2FF60143C2C6EB
:10795000E2C20845018068408420030C1908310404
:1079600048410E8D0015061021421D78EA0D6FFB6F
:107970000143C2C6284D4C708608E000084300153C
:107980000610004161402142CA0A2FF60143C2C6D7
:10799000E2C20845018068408420030C19083104C4
:1079A00048410E8D0015071021421D781A0E6FFBFD
:1079B0000143C2C6284D4C704608E000084300153C
:1079C00007100041614021424E0BE0000143C2C656
:1079D000E2C20845018068408420030C1908310484
:1079E00048410E8D0015071021421D78A20D6FFB36
:1079F0000143C2C6284D4C700608E000084300153C
:107A00000710004161402142260BE0000143C2C63D
:107A1000E2C20845018068408420030C1908310443
:107A200048410E8D0015061021421D78DE0A6FFBBD
:107A30000143C2C6284D4C71C60FA0000843001573
:107A40000610004161402142CA092FF60143C2C617
:107A5000E2C20845018068408420030C1908310403
:107A600048410E8D0015071021421D78BA0A6FFBA0
:107A70000143C2C6284D4C71860FA0000843001573
:107A80000710004161402142BE0AE0000143C2C626
:107A9000F1C081808424031C110C311400100500F6
:107AA0000E881D789F5A04F010E08F5AD1C0E07EF6
:107AB000F1C081808424031C110C311400100600D5
:107AC0000E881D78A15A04F010E0905AD1C0E07ED3
:107AD000F1C081808424031C110C311400100600B5
:107AE0000E881D78A05A04F010E0915AD1C0E07EB3
:107AF000F1C081808424031C110C31140010060095
:107B00000E881D789D5A04F010E08E5AD1C0E07E98
:107B1000FC1C88B7E1C0E1C1E1C2E1C3FC1C08B1B3
:107B2000FC1C48B1FC1C88B1FC1CC8B1FC1C08B290
:107B3000FC1C48B2FC1C88B2FC1CC8B2E1C4F1C0F9
:107B4000FC1C08BF6A208000E1C06A20C000E1C0C0
:107B5000C340F0002D000088C1B8F0260170A000DD
:107B6000388603E94079C1C06B20C000C1C06B20DA
:107B70008000C1C00A240070D1C0C1C404140B34F9
:107B800004140A34041409340414083404140734A3
:107B9000041406340414053404140434C1C3C1C2EB
:107BA000C1C1C1C004141E346F243F00E4C22F279A
:107BB000BF036F233F00CB45A000A242208D0621CA
:107BC00000007E0BAFEE00AD208D1470C340F000BE
:107BD000340005F27B00200033A8A0B933A820AD03
:107BE00000168070A000A142147033F20016C0701D
:107BF000A000B042CB44A000A0421470C343F000E8
:107C0000400226002B00408C6D71E5B8002B8010DF
:107C10002F27BF006F233F0012F42583067925A389
:107C20002F26BF0011F02F277F006F233F0007830F
:107C30000F20800007A32F267F000BF025832578D7
:107C400005A32F26BF00008C002B001006A32F26B3
:107C5000BF03C4C6E6C1A3C12F273F026F233F0065
:107C60006F263F0437886D7034700CF2358883E9D5
:107C70003688448005B9422101083A62688A7470E6
:107C80008E00210080C4E782C682FFD95ADD181A0F
:107C9000800F12005CF987A240C641C74F00200048
:107CA00042C1AB25081E00168170F0003500C5B931
:107CB000347210F46F273F006F233F00AA215A004F
:107CC0004B2180830BF22F21BF0F000077000BF0B8
:107CD0002F21BF0F0000B70005F02F21BF0F0000BC
:107CE000B7006F263F04688A02C108EB8C21C38F5E
:107CF00004F477887470D7F58C21C38F6D7109F403
:107D000027820F09010301C127A200C126A22F2645
:107D10003F026140C6C5E07814707C00210000433A
:107D20002F273F036F233F006F263F0422F029F4E3
:107D300000168070F0003500C5B814720FF46F277C
:107D40003F006F233F00AA205A004B2080830CF293
:107D50002F21BF0F000077000AF02F21BF0F000076
:107D6000B70006F02F21BF0F0000B7006F263F04B9
:107D70004C8B00815470BA07E2FF8C20C38F2F26F2
:107D80003F038C20C38F0041CA21E1085470E07F7B
:107D9000CA204100E07F23D8E8C3A3C12F273F04B6
:107DA0006F233F006F263F042D90AD7034700CF2AE
:107DB0002B9083E92C90247742805A2101053A6266
:107DC0002C8A34709400210080C3C482A282FFDC1C
:107DD000081A800F1300305764A240C541C65100F5
:107DE000200042C4AB21080E00168170F00035005F
:107DF000C5B934720FF46F273F006F233F00AA21EB
:107E00005A004B2180830CF22F21BF0F0000770016
:107E10000AF02F21BF0F0000B70006F02F21BF0F7F
:107E20000000B7006F263F042C8A02C409E98C24A5
:107E3000C39F07F42D903470AC07E2FF5AD98C240D
:107E4000C39FAD710AF404821108C10001C004A2ED
:107E500000C002A291D867582F263F04A140C8C78E
:107E60002F27FF006F233F006F263F044D90547073
:107E700024F200168170F0003500C5B9347210F498
:107E80006F273F006F233F00AA215A004B218083B8
:107E90000BF22F21BF0F000077000BF02F21BF0F37
:107EA0000000B70005F02F21BF0F0000B7006F26BC
:107EB0003F042D903470DFF52F26FF00E07F7922FC
:107EC0000000E07800168070F0003500C5B814722C
:107ED0000FF46F273F006F233F00AA205A004B206A
:107EE00080830CF22F21BF0F00007700E07E2F214E
:107EF000BF0F0000B700E07E2F21BF0F0000B700CA
:107F0000E07EE078F1C002881308BF01F6D802894C
:107F10001108FF010C70D1C0E07E2E09AFF42C7166
:107F2000F0D82609AFF42C71E4C2C342000000006F
:107F3000C343000000002845420D6FF908464C700D
:107F40006C70C140E2082009A141C4C6E4C2C3422A
:107F500000000000C3430000000028451E0D6FF91B
:107F600008464C716C70C140BE082009A141C4C6CE
:107F7000E4C2C34200000000C343000000002845E3
:107F8000FA0C6FF908464C726C70C1409A082009CF
:107F9000A141C4C6E2C2C34200000000C3430000C6
:107FA0000000D20C6FF908454C736C767A082009F2
:107FB000A140C2C6E4C2C34200000000C3430000A7
:107FC00000002845B60C6FF908464C746C70C1402F
:107FD00056082009A141C4C6E4C2C3420000000003
:107FE000C343000000002845920C6FF908464C7509
:107FF0006C70C14032082009A141C4C6E4C2C3422A
:108000001300A89BC3431300AC9B28456E0C6FF96B
:1080100008464C766C70C1400E082009A141C4C6C8
:10802000E4C2C34200000000C34300000000284532
:108030004A0C6FF9084607DA6C70C140EA0FE00895
:10804000A141C4C6F1C0C34200000000C343000008
:1080500000001A0C4FF908DACE0FE0086C74D1C09A
:10806000E07EE078E4C2C34200000000C3430000A9
:1080700000002845060C6FF9084609DA6C70C1400B
:10808000A60FE008A141C4C6E2C2C342000000003E
:10809000C34300000000DE0B6FF908450ADA6C7676
:1080A000860FE008A140C2C6E2C3A1C1CE0BEFFA21
:1080B000084540C0C34200000000C3430000000068
:1080C0008C7640240530060BEFFAA1400BDA6C7673
:1080D00040240430420FE008A14000C0C2C7E0784D
:1080E000E4C2AD70CB4613000C9C00862186027959
:1080F0000B0952012E0BEFFA22B9A571EF0D349442
:1081000008E6C3421300AC9BC3431300B09B5E0B55
:108110004FF90CDA120FE0086C74C4C6F1C0C34208
:1081200000000000C34300000000420B4FF90DDACD
:10813000F60EE0086C74D1C0E07EE078F1C0C34276
:1081400000000000C34300000000220B4FF90EDACC
:10815000D60EE0086C74D1C0E07EE078F1C0C34276
:1081600000000000C34300000000020B4FF90FDACB
:10817000B60EE0086C74D1C0E07EE078E07F0C7051
:10818000E8C2084594E142012500ED700E71CD7002
:10819000E1ADE0AD4209AFF5CF78618D408D2F2183
:1081A000080408BB1470C571657ACF78C5224200F7
:1081B0002F20402040AD28BADD08748241AD09DE91
:1081C0000E71E3AD021DC2130E09AFF5CF78638DBA
:1081D000428D2F21080408BB1470C571657ACF78D1
:1081E000C52242002F20402042AD28BADD08B484C9
:1081F00043ADCD700E71E5AD041DC2130208AFF59D
:10820000CF78658D448D2F21080408BB1470C5718B
:10821000657ACF78C52242002F20402044AD28BA8D
:10822000DD08748245ADE7ADE6AD09DF4A264010B2
:10823000CE0F6FF5EF78878D468D1470402C0012AD
:10824000D079E5714578EF7BC52042003B7E06ADD5
:1082500028B8E10BB48407AD1A0F4000120F60007C
:1082600008ADEA0E600009ADC60E60000AADF20866
:10827000AFF50BAD6E09AFF50CAD1E09AFF50DAD49
:108280000EADC341F00000010D8914DFC2B80FAD7F
:108290000989C6B810AD0591C6B811AD0C89C1B831
:1082A00012AD138D2C8900160270F00090016C2025
:1082B000430024B95B784421420044208100052317
:1082C0008000257813ADE140C8C6E078E8C2F0260A
:1082D0004D70A000F44D48470846B57066F22F2750
:1082E0003F046F233F00018500AE6085428528B8BA
:1082F00001AE204062AEFE0F2FF843AE828E04AE78
:108300005527801F22B8C5B840250315984E4C70DC
:1083100009240B101FF0608320EBD48B80894471FB
:10832000C3BE6C24C010C57800A9888B8420C2030A
:1083300004BC8424011C857800A9158BC57C07B872
:10834000857800A90C93968B02A928B881A903A966
:1083500024744F78C308C4820CE520F0A08521ED79
:10836000948D60894471C3BC6C23C000857800A9DA
:10837000688D8420C20304BB8423010C657800A9A6
:10838000158D857B07B8657800A90C95768D02A9B7
:1083900028B861A903A924744F78C508C4822F2680
:1083A0003F0408D9157903F02C703078C8C6E078FE
:1083B000E4C2CB44A00054868084607C4845CD70E4
:1083C00009E8008DCD7107E83D582488058821AD66
:1083D00002ADC140C4C6E078EAC208457CB870412D
:1083E00048461D08F50030405525401E0F79C14014
:1083F0000242B7FF001904200C71CAC60F0D741891
:108400001E4E2C702E09EFFC4C75CB47A000488601
:108410008287A1400241C142607C224307E8710D7E
:10842000F0100C71310D1011E9F1250D32140C70A2
:10843000870D30140241F9E544F2FEE5DFF5208FA7
:1084400003AE02AE01AE0C7420AE3FF0410DD01071
:10845000AB0D1191160EC0070845026EC341130003
:10846000999A8E0AEFEE4C76184EC341A0007C8795
:108470007E0AEFEE4C7609ED8025041F1E4E4C76E9
:108480006E0AEFEEA14100110021B6F10D0835256D
:108490000C7000190520CAC6A20EEFF90C72412813
:1084A0000306412802044128010210AE14D873AE1D
:1084B00052AE31AE09F010D8CA0AA000C14205F090
:1084C000C14002412FFF310911A098F1E8C2CB460B
:1084D000A0004886648648453040607B0847B6E87F
:1084E000FEE70C7033F40D081020408D40AE03F011
:1084F000408ECB4513009F9A05EA8C22C38F23F24E
:1085000006F08A0C6FEEA140408E1AEA21860169BE
:1085100001A6D20A6FEE5A4D008E250894003B58F2
:10852000004320441D4DE141BA0A6FEE0242008E25
:108530000D08F4005425401AAA0A4FEE048E0D08C7
:108540001E001A0C6FEE0AD80C71C8C6E2C2390BB5
:10855000B00028434D0B5000AF0B11008090630C0E
:108560001316B70CD011C30C10129F0C911221904E
:108570000C7164690D09340260A253217E804CF2B3
:108580000AD86DF08090C341A000ACE84F0CD01128
:10859000530C1012730C9112E20800000C71C2C649
:1085A0008090CB45A0005C86430C90164F0C501673
:1085B000570C1116828529EC407C0C71C2C6830CC5
:1085C00010168D0C5016430C911621900C71646995
:1085D0004509300160A21AD841F0E60B00000C7189
:1085E000C2C6260C00000C71C2C620850DE9258884
:1085F0004385607A04880C71C2C6808505EC607C76
:1086000004880C71C2C6CB44A0006086A08429ED0A
:10861000607D6141C2C621900C716469F9093081A5
:1086200060A207D81BF021900C716C698469F8E393
:1086300080A205F753217E80EEF308D80FF0219039
:108640000C71646960A268E918D809F021900C7176
:108650006469C509308160A219D82C7170580C70FA
:10866000C2C6E078F1C079200000047104A90C7141
:108670006458D1C0E07EE078F8C2084604880D084E
:108680001F000196A10811020B1694105A086FFAE8
:108690000A16931004E82D10920003F04E71CB4798
:1086A000A000D0E9CB45A000B0E90C70031FC214B4
:1086B000041F02151CAD181D4511229608169010B6
:1086C0004B210086304113F24129CC205324411024
:1086D0005D09D0006B0990007D095100670A5F2099
:1086E000C341A000EC4021D84DF02E58104534581D
:1086F00000410240A242335816E8BC4818DAF20F93
:10870000AFEEA1400185F0D904796309300491E00E
:10871000E5093108A2E0F7F2A1E0C6212126CF2128
:10872000E120F5F000962C767058D8C6081D81140B
:10873000041D8114001D801FA00074400DF03F0A2D
:108740005120081D4114041D4114001D801FA0006C
:10875000544003F001A5498E2E8D00AF5B7AC0B95D
:108760001FAD194E45792EAD44F00A022100567115
:1087700092E00F022000C5212126C341A00008413C
:1087800022D8558DC0DB2F24020409168810061646
:108790000B114424071141290C235320862002A5E4
:1087A00001A520A50421C12044240002442409126B
:1087B0006C24CC0026B905208001412985230521A0
:1087C000C10185788422020044254300052141022D
:1087D000457873AD34AD15AD0396101DC412121D4E
:1087E00002121FAD28B800AFFA096000A140194E6F
:1087F000008802AF41290022442117A1D342A000E2
:1088000074861D1D4214011F02141EAD12F2C5B85C
:10881000D3464C3DCDCC1108740163B8483080007C
:108820000030960527091F20D3401200544B08F052
:1088300023093F20CE70D3401200504B4023C02468
:108840006C204000001A002410F0D3401200804B2E
:1088500004F0D34012007C4B9C4E056F6242920E96
:10886000AFEE001A002410D840275511F670D347F8
:108870001200D8580DB50FF240250516A1408241CF
:10888000A24262430A24C005232000040A26800570
:10889000D8C615097F2040250516A1408241A24275
:1088A00062432CF0422351202F2647F41FF240252B
:1088B00018160A2640248A46CF796C718C70A14024
:1088C000A242232000040A25000600121020C677C9
:1088D000A6712F2687F5C571F0F542238120066F1A
:1088E0002F7A00245424002215002F21070540254B
:1088F00005166C71A140A242232000040A24C00581
:10890000D8C6462111264F2111210895528D958DEB
:10891000748D131589108A2301101FAD42AF4128B1
:1089200002029B78366B402BC8000421862F000082
:108930001F3FC2BC4421511040AF6C2009014420AC
:1089400002040421C00244200B18457C0526C20203
:108950000CBB8421020045780423830F0F000080A4
:10896000257840299123657805245012052111208E
:1089700042F146211126CF212121CF21E2200E8D67
:108980000E70001F02141F1D02141D7833F1E078D1
:10899000C341A00084864081004307EA40404382EF
:1089A000FEEA63A002F060A10C70E07F0C1B0100E6
:1089B000C340A00078862180E07F0080E4C2CB45E0
:1089C000A0007886C488088D390E0010170E91100B
:1089D000220A4FFA21A500A53BD8C3411200245C0E
:1089E00007F01F08B1003BD8C341110064A69A0EDE
:1089F00000000C716B200004E078E078E078C8ADEE
:108A0000C4C6E078EAC22190A468CB47A00078866B
:108A100038608A20832840201101008D8C20038C2F
:108A200048002500C16D288FB509B10000418021A3
:108A3000FC02A509750241DA770A6F0082DA7F0A23
:108A40006F008A220401910A4E00248E21A7418ED4
:108A5000638E208E828E08BA08BB257A0523010317
:108A600010B9457920A73CF07D083000A572A38796
:108A700007000000A385770D101020852489F909CF
:108A80000180088F0B0851003B5821A700A7488D93
:108A900001855E0CAFEEC1414085A88DB912C000C2
:108AA00045083300DD652187008772581CF0408E31
:108AB000208761870022428009F0218E408E8087C6
:108AC00008B961874579002442904123018021A79C
:108AD00040A706F0001E0274F0004800860C2FFA32
:108AE0002C701D65370D4494CAC6E2D8001E027072
:108AF000F0004800CAC6E078F1C0A3C1C342A0009C
:108B00008086408A0AEA048841C12C7493B940C126
:108B100062C00C7180C16458A3C0D1C0E07EE0780F
:108B2000E6C242233C8015F2CD70AD70A82040040F
:108B3000976D5C642F27FF026F233F00F38C06EFD5
:108B4000D3AC0E1C4310D0A42F26FF02A571EA0857
:108B50008FF9C6C600161D70A000044709244C17E3
:108B6000F0261D73A000206CAB251030AA25903094
:108B7000350DFE315025DD31AB2590306724403373
:108B8000FC1CC8B7AA250938A7250939FC1C48B719
:108B9000AA254938A7254939FC1C48B70A27803F30
:108BA00011003CC86F243F00AA2790304F27DF31C7
:108BB000AB27903004141D34AB25493904141D34FF
:108BC000AB25093904141F3467244033AB27103018
:108BD0006F243F00C342A000908639A2E07F18A214
:108BE000F1C086090FFDC340A00008474020020ADB
:108BF000CC4820E0001A800F12001C5E0019800F84
:108C00001200C85D0018800F12000262D1C0E07E21
:108C100005EB1522CC00FC1CC09059070FFEE07834
:108C2000004206E8108AE7B80C77E07D6501EFFEA8
:108C30004040E078EAC200101000084558204E017C
:108C400070B870410A0DEFFC2847C34100801E40F8
:108C50003671D5212208E4A6041D501018250214EF
:108C600007F42C70041E0110A3A642A60AF0C3410B
:108C7000A0009086988179814041A1A683A662A632
:108C800020A6CAC60C705470AB205002E07CC340D2
:108C9000A000E886E07F40A0EEC24E70CB46A00068
:108CA00090868A2190285240A46EAB2250220085E3
:108CB000402153200CE82086E18580B92B21400417
:108CC0008A0E0FFEE5782B20C00406F02B224024EC
:108CD0002B22C02406710CE62672D70834A20CE5BC
:108CE000CEC6E078EEC2D98808453043C1BE02083E
:108CF0006FFBA1404E700E710AE81F0EB510A14027
:108D00003558130B25200C712E7040F00C7110415A
:108D10003CF00D8D03E8E08505F00D1D4310A947DB
:108D200002F01CEFCA0F2FFBE14011E8E14035587B
:108D30001B08C104558705EA3987607AE140190F9D
:108D40006013E140BE0A0FF906F0A60F2FFBE140C9
:108D500002E80E70E087E7F1167015F2A60A2FF907
:108D6000A1400B0E90100D1D0310108D14700BF20E
:108D7000101D03109E782C704C71A1409158BE7844
:108D80004E71792010200C7083E85670B1F5147084
:108D9000CA2042240240CEC6001E0070A000E04758
:108DA0006A208002AEB8BFB829200080AA20C10086
:108DB0005120C087BFB8AB20C100E7246233C74051
:108DC000A000E047641C08B0AA204909981C0030A4
:108DD000AA200909941C0030AA204908901C0030E0
:108DE000AA2009088C1C00300A20000F881C0030C3
:108DF0006A208000841C00306A20C000801C003083
:108E00007C1CC037781C8037741C4037AA20500067
:108E10005CC06C1CC036681C8036641C4036601C0C
:108E200000365C1CC035581C8035541C4035501C25
:108E300000354C1CC034481C8034441C4034401C59
:108E400000344FC74EC64DC54CC42C1CC032281C24
:108E50008032241C4032201C00321C1CC031181CE3
:108E60008031141C4031101C003143C342C241C147
:108E7000AA204800422000841E0001006A218008C8
:108E80004421C1006B2180082220800F1200D039BC
:108E900014702A000100AB20480000160A70A000E0
:108EA000AC46001A00172220800F1200EC2A001690
:108EB0000A70A000AC4600121C1098141E30AB269D
:108EC000493994141E30AB26093990141E30AB2654
:108ED00049388C141E30AB26093888141E300A24F9
:108EE000807784141E306B26803080141E306B26F1
:108EF000C0307C141F3078141E3074141D306C1474
:108F00001B3068141A3064141930601418305C1463
:108F100017305814163054141530501414304C14A3
:108F200013304814123044141130401410300FC75D
:108F30000EC60DC50CC42C140B3028140A30241492
:108F40000930201408301C1407301814063014148B
:108F500005301014043003C302C201C11CC0AB2091
:108F600050009C1400346F233F006F243F00E078D2
:108F7000FC1C08B0AA2048000B0810000C70AB20A5
:108F8000480010D8AB20480004140034E07EE2080A
:108F9000000098141E306B26403398141E30AB2608
:108FA000493994141E30AB26093990141E30AB2673
:108FB00049388C141E30AB26093888141E300A2418
:108FC000807784141E306B26803080141E306B2610
:108FD000C0307C141F3078141E3074141D306C1493
:108FE0001B3068141A3064141930601418305C1483
:108FF00017305814163054141530501414304C14C3
:1090000013304814123044141130401410300FC77C
:109010000EC60DC50CC42C140B3028140A302414B1
:109020000930201408301C140730181406301414AA
:1090300005301014043003C302C201C11CC0AB20B0
:1090400050009C140030AB201000A0140030AB2066
:1090500090005120C087A41400346F233F000A0001
:109060000100672440336F243F00E07800160A7047
:10907000A000AC4600121C10C34000400000AB2012
:109080005002E07EE2C0AA240A14157C92498A208C
:109090009F0F4478412A430135BA4F200D00042325
:1090A000810F0000C0FF5322C0002578A0B401B496
:1090B000C2C4E078E8C2CB45A0001C8748462847D8
:1090C0001040C340A00094402ADA260E6FEEA14162
:1090D000DC4DC340A000C040160E6FEE2ADA0240FD
:1090E000E1417A0AAFFAC142C8C6E078CB44F00049
:1090F0000001148C17089F01148C13085F010B9456
:109100000B081F00148CE4B8E07C148CC341F00001
:10911000340045DA15A9768C70D890B876A954A990
:1091200005A445D82107EFF32C70E078C340F00088
:1091300000012D880C88C2B924B8C0B84720C001EE
:1091400009204000E07F0471C340F00000012D8839
:109150000C88C2B924B8C0B84720C001092041001A
:1091600022780471E07F0F78CD010FF5B5010FF57E
:10917000D9010FF5F1C0EA080FF511087402422079
:10918000410209095402FFD8D1C0E07EF1C0B20EFD
:10919000CFF114700C7023F2C341A000E84224897F
:1091A0002B09D0002D0950002F09900097E9C340EA
:1091B000A000C44500884420000210B85220C0041A
:1091C0000020800F0800000009F00C7097B807F02D
:1091D0000C7095B803F00C7096B8D1C0E07EE078C2
:1091E0005588748878D9447904BAC3BB8422010CA9
:1091F00087B9657A35A8E07F54A8E078E2C0648832
:10920000058824BB0029CC006C714128CD00412881
:10921000010106234003C2B947783878057C8F786E
:10922000C2C4E078EEC3A1C1084614882486F5685C
:109230003F67288F0386001E0070F0002C011CE998
:109240004087698F01864027111403128B00828AA0
:10925000442312820A20402403F4001110200D71CF
:10926000290B3F00AD711D0A302028451D0954010E
:10927000AD740CF02286001C013000C000A1CEC7E6
:1092800009093404284510DD2187428640C100C108
:109290001108312020A22C7023A022A021A020A000
:1092A0004423138104F24A8F22864CA9002802131A
:1092B0002F273F036F233F00C341F0004002130BF1
:1092C00051106581657A45A12F263F0306F065811F
:1092D000467B65A12F263F030D0830200241120C6A
:1092E0006FEEA142110B31205325011142860C7003
:1092F00090B806F04286C3400100000140C060C142
:1093000000C02B08302001A2088F230D0510210A70
:1093100010201B0D35114E253C11B24FA820C00165
:10932000B8673088B862A57130A8CEC70275001939
:109330004023CEC7EEC3A3C1084614882486F5682F
:109340003F67288F0386001E0070F0002C0118E98B
:10935000498F0186402711144422138250420A206B
:10936000402404F400111020290A3F20AD711D0B88
:10937000302028451D095401AD740CF02286081CCC
:10938000013002C000A1CEC709093404284510DD10
:109390000D08302002415A0B6FEEA142170ABF2080
:1093A000532501110C7090B8428641C061C101C0C3
:1093B00008F0C34001000001428640C060C100C007
:1093C0002B08302001A2088F230D0510210B10203F
:1093D0001B0D35114E253C1102274213A820C00158
:1093E000B8673088B862A57130A8CEC70275001979
:1093F0004023CEC7F0C208451488248510DFD56805
:109400003E66098E20850C16111008169010442017
:109410005480CA2762100F08BE00104250228020DC
:1094200009AE13093020092713142240C20A6FEE37
:109430006242150F25140220C024C3411200706738
:1094400008AE27F0148D4086768D04710F79707107
:10945000228A8D71638ACA202600002C421014AD26
:109460002F273F036F233F00C340F0004002C3415A
:1094700012007867110B51006580467B65A02F268E
:109480003F0307F06580657A45A02F263F030D094D
:1094900030200021C02403A6512240A02E701FF2CC
:1094A0003D270214792400200520BE8017F205868E
:1094B0000430408426002C00A1426A0B8FFD1470FA
:1094C0001A002B004A21C0280385001E0070F000FE
:1094D0002C011F0F25142E7010F00D0F2514A14024
:1094E00095FFD0C6A14050FF178D047717AD468673
:1094F00004EA2786607A2240D0C6E0783906EFFF7A
:109500002040E078E2C22040284547FF178D0477CD
:1095100017ADC2C6F1C0C8444A26C001F81CC8B184
:10952000420B6FF58147A2C0D1C0E07EF1C0C844B4
:109530004A26C003F81CC8B12A0B6FF58147A2C0A8
:10954000D1C0E07EF1C0C8444A26C001F81CC8B1B1
:10955000420A6FF58147A2C0D1C0E07EF2C3A1C12B
:109560000010150108470A21C0210A2280210A2380
:1095700040210A20002170442F273F006F233F0025
:109580000DC6168E778E04771D0B0300758E04862C
:10959000B56B1D652AAD1909FF20E0A578220300EF
:1095A00044A50FF06F263F000C70D2C720EA492077
:1095B0001021284D40413A096FEE02426C700CC0F8
:1095C000081D02140C1D0015181DC0141C1D80144C
:1095D000091D421405A580C0E141820F2FF5A2426A
:1095E00000C001A5C14004F80C71D2C76F263F002E
:1095F000DCF1E078E2C20845178884E8A1400AFF60
:10960000DE086FF5A1406F263F00C2C6F6C23045A6
:1096100008457758782013008CD81F230F20CB469D
:10962000A000CC49A1408E0DEFF9DF672F871047CE
:10963000304105E9624020581042EB852A852F27EA
:10964000BF056F233F006F263F046240E1423E0C9E
:10965000EFFC30408E710DE8388D6C70A242624094
:109660000A240004E145A146265883E88E704C7117
:10967000E241624099582F26BF05410930206240DF
:1096800020583908640462409F200203C84E1E66B9
:109690001D0A64243A602182088605207E800EF22D
:1096A00007200004E77905207E8008F2402340224D
:1096B000201E0014E1A28D588240D6C6EAC2F2698B
:1096C000504130405CD9E14268466A0E2FFC0845A3
:1096D0004A240072A2A6FD650C6D2C70C14203A63F
:1096E000A820C002011180241470CA2161003470C6
:1096F000C078011A1200C340A00074872080101E99
:109700000014C0A025A6CAC6EAC200160370A000B5
:10971000FC8648473040CE6BC343A100CC084023B1
:109720000D061041C34213007C9BC141A140E4FFE0
:109730000019802FA0009487C0A700184023CAC634
:10974000EEC2C8470A2100217042484530401D0D35
:10975000300010430AEF40250E0666BD0242A043CA
:10976000C140A141D6FF03F0A84662400241A14298
:1097700042430A244004C1454E0E6FFEE146CEC668
:10978000EEC2C340A0007487E080504230436A209C
:109790008002AEB8292000802E7032F040201104E3
:1097A000630B442462874387604170401309A5001E
:1097B00028462086D3715C5C5C5C246EF8F3002242
:1097C0000D2008DAA140E141260F2FEEC3A70226A3
:1097D000001441280204412801020CAD4EAD2DAD0C
:1097E000248738B80FAD41298303412982011269CA
:1097F0006AAD49AD08ADE58736B92BAD2F204804D9
:10980000CEEF6A2180028EB929204080CEC6E07852
:10981000EAC20847CD70AD7037F000160170A000A5
:109820004C405A2500161A6100120B01590B7E108C
:10983000504016400220D1834326019007D83C2097
:1098400042047F2100003470CA2081009AE80E4053
:1098500040204C8041260390002111A30121C180AA
:109860007C2102227A2100003470CA208100F6E8AF
:109870004F2380100D0BFE100018042002407E586C
:1098800008184024A5710016C070A00050408F0D2C
:109890000290CAC6E4C2E1C4FC1CC8B2FC1C88B277
:1098A000FC1C48B2FC1C08B2FC1CC8B1FC1C88B1F2
:1098B000FC1C48B1FC1C08B1E1C3E1C2E1C1E1C03C
:1098C000FC1C88B76A25C010E1C56A258010E1C577
:1098D000FC1C08BFCB45F000A0010085A0B800A586
:1098E0000415021022850285E078FD090180CB462F
:1098F000A0007887008E596138609A58001EC31105
:10990000008581B800A5A15840D9C340F0002C01C2
:1099100020A062084FFC05E8008580B800A5095822
:10992000C1C50A244073C1C56B258010C1C56B2514
:10993000C01004141E34C1C0C1C1C1C2C1C30414CB
:1099400004340414053404140634041407340414D1
:1099500008340414093404140A3404140B34C1C444
:10996000C4C26F243F00E078EEC281581470A0009A
:10997000210008452F27FF046F233F006F263F0477
:10998000008DE1B842F4CB46F000A0010086A0B8FB
:10999000001E001022860286E078FD0921803041F9
:1099A000D20F2FFC04161210D340A0007887CB47AB
:1099B000F000200114E802854220C081CA206E0018
:1099C00002A524871F09BF014270402180219A58B7
:1099D0000010802004710018022006F00018C32136
:1099E00004F002A5A1407C58009581B800B540D88C
:1099F00000A706A7008681B800A604870D089F016E
:109A0000A158008680B800A62F26FF04CEC6E078B5
:109A100005E80018840F0000E50706E90019820F29
:109A20000000040005EA001A820F0000100006EB97
:109A3000001B820F00000D000D0C1000001C820F97
:109A400000001A00B470E07C001D820F00001B00B3
:109A5000E07EE078A81000011470E07FCA20610069
:109A6000E2C2E6E117F48D7666DD93BCC341A10046
:109A7000CC26001E4273F000480080A10519830225
:109A800043B1188864B10A19040104A90C7164581F
:109A9000C2C63E0E8FFCC2C6E4C3A7C108463458F6
:109AA00008452E580042C140A141335808450FE8EF
:109AB0002F856079A1402508B50010D84E85607AC1
:109AC000A141250830046FD909F04C7080C022D91B
:109AD0006C70404466C607F066D94C706C704044A8
:109AE000A1406C58C4C7E078F1C008B80A2740010B
:109AF00098B84A2500025358D1C0E07E0A27400199
:109B0000ED052FF54A250002F1C000358C0F80428B
:109B100000000A2780014834461208B82F24881113
:109B20000F0C341198B80024861F0000FCFFAC72A3
:109B30005358D1C0E07EE078F1C000358C0F8042F0
:109B400000000A2780014834461208B82F248811E3
:109B50000F0C341198B80024861F0000FCFF4A2522
:109B600080025358D1C0E07E0A2780010A264001B6
:109B70007D052FF54A25C002F1C000358C0F8042CB
:109B800000000A2780014834461208B82F248811A3
:109B90008FB8110C341198B80024861F0000FCFF08
:109BA000AC725358D1C0E07EF1C0FC1C88B7E20F04
:109BB0000FFA04141E34D1C0E07EE078F1C0FC1C22
:109BC00088B79A098FED04141E34D1C0E07EE07886
:109BD000FC1C88B7E1C0E1C1E1C2E1C3FC1C08B1D3
:109BE000FC1C48B1FC1C88B1FC1CC8B1FC1C08B2B0
:109BF000FC1C48B2FC1C88B2FC1CC8B2E1C4F1C019
:109C0000FC1C08BF6A208000E1C06A20C000E1C0DF
:109C1000AA20900277B80F780F0850008AE8C34056
:109C2000A000EC4004F0C340A0000841CA0F8FFF21
:109C3000C1C06B20C000C1C06B208000C1C00A241D
:109C40000070D1C0C1C404140B3404140A340414C9
:109C500009340414083404140734041406340414B6
:109C6000053404140434C1C3C1C2C1C1C1C0041449
:109C70001E346F243F00E078E8C2E1C4FC1CC8B287
:109C8000FC1C88B2FC1C48B2FC1C08B2FC1CC8B10D
:109C9000FC1C88B1FC1C48B1FC1C08B1E1C3E1C24A
:109CA000E1C1E1C0FC1C88B76A25C010E1C56A2586
:109CB0008010E1C5FC1C08BFAA2090024220C10808
:109CC000422040092F7C4C739140110CB5110F7B41
:109CD000482082208022830FB36ACD71C340A00048
:109CE000744984251F1ECB47F0002001787E1D6536
:109CF0002F273F006F233F00C9A741852085041D02
:109D00000110001D01102F263F00024045580A8710
:109D1000C478D170EEF3C1C50A244073C1C56B2568
:109D20008010C1C56B25C01004141E34C1C0C1C150
:109D3000C1C2C1C304140434041405340414063429
:109D400004140734041408340414093404140A34C1
:109D500004140B34C1C4C8C26F243F00F0C20845CC
:109D6000C343A000D34DD340A000A04DC340A000EA
:109D7000E04D8A21870D76DA8E70001B430017189C
:109D800003200F188300081840202418402040A00A
:109D90005D581D08850F0000F813C340F000340023
:109DA00028D94C7034A8151803006DF089250119C5
:109DB00064D888253E17A278C8D90F7ED749D141EB
:109DC000D1770C728A210A0CEA0E2FF9CA21C52319
:109DD00010435D5808455B581042CE0F6FF7164090
:109DE0000C2200A0C22585141A2551143D278D137D
:109DF0005F25001785290322027002800421912F1C
:109E0000FF01FCFFA20F6FF720E0147820E0327012
:109E1000CA210D20A1409E0E2FF9224110413C275E
:109E20008F135B5808455C581708350808461FD83B
:109E3000A0E53C205403CA262510CA2525105F271B
:109E400000170421D124002010205E0F6FF7164068
:109E5000150C30204225011809290100092E021095
:109E6000484909F04226011809290200092D00106D
:109E700020E2DD65104D51483A0E2FF9E1400421F2
:109E800002204040D0C6E0785020C10700423FB8D1
:109E90002109840FB1421872CB441300849B4109FD
:109EA000840F807F01002C716C709505200081402B
:109EB0004109840FB13E19729909850F853F9215AA
:109EC000C3411300949B1521030008130B000349A1
:109ED00052200100A900200002210C004509810F39
:109EE000807F00001470E120C2070C704100000068
:109EF0000132800F4971CAF28D700330808F803F2C
:109F0000000018000C001509850F80310000013297
:109F1000800F803F0000E07E6D706D0020006C704F
:109F20000332808FB142807110000C002C716C7074
:109F3000590420000A2000030332808FCFC2B5F1FC
:109F4000100026002C716C709D0420000A20000374
:109F5000F026007013008C9B0032810FB83F3BAAA3
:109F6000013100004830CC024834801000308B0FA3
:109F70001737D1F70030830F313F80710232C300B1
:109F80000233C202003280000030810F31334CBBFB
:109F90000131810FDDB50EEA003041000131810F42
:109FA0008A3855B3003041000131810F36BB610B57
:109FB000003041000131810F2A3EABAA0030400041
:109FC00002320000370C30100032010002360070FF
:109FD000004000008C24FE9007310000402CC11589
:109FE000023300100230C00002360070803F0000D3
:109FF00024000B00E07F002040000130800F00C0F3
:10A000000000073100000230800002360070803FFF
:10A010000000E07E3860C370003200000030800F26
:10A02000800D0000E07EE078E41C48B341C642C7E2
:10A030000C1C0034101C403408451B78D37000FF02
:10A04000000024012600141CC037433500904C004A
:10A050002E0086C14A0C20000A2040030016027020
:10A060001000640B0130810F00BF000003308080BE
:10A0700048002C00181411300030820F003F0000FF
:10A080000131800F00BF00000132810F003F00004E
:10A090004500200007304F005025FE97C3401300B5
:10A0A000A49B2C716C7090002200A142DE0A00007B
:10A0B0009D0020005220CD070031800F003F00009E
:10A0C000422151200130800F003F0000181C403415
:10A0D00007310F000037CD13D340A00084874C71A7
:10A0E0000A204003FE0820000241084640200121CA
:10A0F0004A228000EE0820000A20400307360010A4
:10A1000000350010003700104509302001370D10D0
:10A1100048318120001600701000780B0031820F4A
:10A120005EB98380003100000135811021002000DC
:10A1300001310D000A0B0000960A2FF60845008039
:10A14000C34180FF0000A1E0CA254110A1401414C2
:10A150001F30101411300C14103002C701C6E07FFC
:10A160001C140D34620B2000A140E50830802C71D6
:10A17000C3401300A49B6C70120A2000A142D107B7
:10A18000EFFF0845E81C48B341C642C70C1C003429
:10A19000101C4034141CC037304010412182008212
:10A1A0006846290BB20048474A2540100A2240045D
:10A1B000520B200002434287DE0F20006387A57107
:10A1C000ED0DA29340270F1214141F3010141130FC
:10A1D0000C14103002C701C6E07F18140D34E0786B
:10A1E00048432042350B7010081201042D09810FDD
:10A1F000803F0000FC1201803D0BF2100131010094
:10A200004A23800004120C04003101006471F90B30
:10A21000E2820131010310F01D0BB2108D716C6AE6
:10A22000041302040031010040244C10F50CE292AA
:10A2300001318100E07F2040D01C48B341C642C7B5
:10A240000C1CC037E846C84544C084C045C147C35C
:10A2500046C2241C4031201C00314BC6920A20000B
:10A260004AC506E80BC6110020000AC562092FF690
:10A270000DC7E0A0A140C1410C141F3002C701C6A8
:10A28000E07F30140D34E078D41C48B341C6081C7C
:10A29000C037CB46F07F000044C083C00C1CC130E7
:10A2A00046C345C2201C40311C1C0031281C803391
:10A2B0003E0A2000241C013011083000AD700AC68F
:10A2C0001100200024140D3006090FF622D920A019
:10A2D000A140C14108141F3001C6E07F2C140D3489
:10A2E000D81C48B3041CC03743C082C0081C0131CD
:10A2F00045C344C21C1C4031181C0031241C0130D1
:10A30000EE092000201C013011083000AD7009C199
:10A310001500200020140D30B6080FF622D920A019
:10A320004A210000A14004141F30E07F28140D349E
:10A33000D41C48B341C6081CC037CB46F87F000088
:10A3400044C083C00C1C413046C345C2201C403170
:10A350001C1C0031281C803396092000241C01306D
:10A3600011083000AD700AC61100200024140D3011
:10A370005E080FF621D920A0A140C14108141F306A
:10A3800001C6E07F2C140D34D81C48B3041CC03720
:10A3900043C040400A25C010360D6000081CC13083
:10A3A00044C0A1402A0D600045C146C082C047C1DB
:10A3B000241C803FF07F000036092000201C013063
:10A3C00006E808C07A0D600009C108F002080FF61F
:10A3D00022D920A0FFD817B804141F30E07F28141A
:10A3E0000D34E078D81C48B3041CC03743C040404B
:10A3F0000A25C010DA0C6000081C013144C0A140DD
:10A40000CE0C600045C146C082C047C1241C01304B
:10A41000DE082000201C013006E808C0220D600084
:10A4200009C108F0AA0FCFF522D920A04A200000C8
:10A4300004141F30E07F28140D34E078D81C48B392
:10A44000041CC03743C040400A25C010820C600085
:10A45000081C413044C0A140760C600045C146C094
:10A4600082C047C1241C803FF87F00008208200082
:10A47000201C013006E808C0C60C600009C10AF0C3
:10A480004E0FCFF521D920A00A20800FC07F0000F9
:10A4900004141F30E07F28140D34E0785020FE872C
:10A4A00000190100E07C4128C2050420800F7F8054
:10A4B000FFFF4F7A0520800F003F00008022BE0082
:10A4C000E07F40A1FFD917B90420420030722C7000
:10A4D00004F4D6B878200100E07F2040C341A000FA
:10A4E0009087408100A1E07F4040E078C341A00018
:10A4F0009087208102E90079E07F0C70E07F0C708A
:10A50000CB44E0FF0000142444101424C510B5BC53
:10A510000C240083E00006000C250083D800060010
:10A52000412C4405412D45050025050182258F0F4D
:10A530008C25DF8EC00026000721CC8040254700F7
:10A5400094B9D4B994BBCF27E402402BC302412A6B
:10A550004505402AC282052343011D2084001C209A
:10A560008C009470CF27E2071D20C4001C20C5007A
:10A5700000240C91412500001D2184001C21850030
:10A5800000240C91012040811D21C4001C21C50024
:10A5900041260170000000000020008101214101DE
:10A5A00019093F0500240C93422747000120008031
:10A5B0000121410000240C93402F0405412FC707BF
:10A5C00008000500E07F8071C524C191442045004A
:10A5D000C5256200002040814121010015095E056A
:10A5E0000024840F100000002F2142802F2004003F
:10A5F000E07F80712F25C08041260470000000009C
:10A60000CC222180600321002F214090C7246500C7
:10A61000CC2021802C030100412946950621810F81
:10A62000F0FF0000C521820F100000005A00220038
:10A63000004034700C0001001B0020002F2A411044
:10A6400014704A22C0170E0004002F2A0110402265
:10A650000A1842228A1202268602C47102268BF24E
:10A66000000020000128CB021200090042220B1832
:10A670000028C102130020000C700028800200296D
:10A680008A0205238112412D47850623880FF0FF9A
:10A690000000C520821F100000005C002200404224
:10A6A00015700E0001001D0020002F2A01125470A9
:10A6B0004A22C0170C0004002F2A811040220A18D9
:10A6C00042228A1202278702E47102268BF20000DE
:10A6D0002000012ACB021400090042220B18002A94
:10A6E000C802150020004C70002A820200288A123D
:10A6F000052388128C26DF8FF20101008C27DF8F63
:10A700001C0221000026C6011D208A001C208B008F
:10A710008226CF0F1D2187001C218C000023CB91A6
:10A72000412402101D2007021C200C020023CB91A3
:10A73000012202031D2107021C210C020022C281FA
:10A740004124091040290113412A03056579402A53
:10A750000703402A0003412B03156578402B0C1397
:10A760005570C524A210D4701E000C000421BE8FA9
:10A770002000000012000100C4712F2142802F2010
:10A7800004802F240413957036000A000424BE9F11
:10A79000FF7FFFFF0C00020044207E8022000100AA
:10A7A00040204080412101000421BE8F2000000094
:10A7B0000E000100C4712F2142802F2004008C263E
:10A7C000DF8F0E010A00D4701A000C000621810FE1
:10A7D00010000000402E020545792F220301457923
:10A7E000E07E8C26FF82FA000B0002268A710000B0
:10A7F000000042224A904A26007088000B008C001C
:10A8000001004C2200984A2600702A000B004222C8
:10A810000A1805240C906D7710000200002B8B1293
:10A820008723FF1F0421CC02012980025D00200044
:10A830002C7095706D771E0002004C220098C22388
:10A84000CA120A000A00002B8B128723FF1F042064
:10A85000CC0202268BF2000020000029CB0214005B
:10A86000090040220B180129C002150020002C709D
:10A8700001288002012981020520C0020D0000008C
:10A880002F2000802F214B004420BE804A260070DC
:10A890001C00010044204A0105223E934A26007014
:10A8A0000C00010040208080412101002F214280C6
:10A8B0002F2004002F2142802F2004000226860131
:10A8C0000421BE8F10000000C026620080F18A269D
:10A8D000DF0FC34110000000F506EFFF0C700226E9
:10A8E00086012C70E906EFFF0C70D3711000000098
:10A8F000CC2021802F210301C521820FF87F000089
:10A90000C07870F58C27DF8F140001002F21030120
:10A910000521810FF07F00000C7064F10C20809FF6
:10A9200010000000CC2221802F210301C521820FBD
:10A93000F87F0000C521810FF07F00000C7052F1FC
:10A940000C25808FE0FF00004A2600702A000600D8
:10A950004A2600700C702C709470C521820F008004
:10A96000000040F1C72465000C21809FE0FF00003B
:10A97000B2F74A260070C341F87F00000C7032F134
:10A980000721810F008000000D0000000723830FC6
:10A9900000800000002144000023C5000C244081F9
:10A9A000CC208180100006000844404081422844A9
:10A9B000604181438A24DF1F402C4C15142444102D
:10A9C0001424C510402C8C100C240083CC25058346
:10A9D000C601060041290405412B05050224460154
:10A9E000532686020721C7004029C10241284C0591
:10A9F00085794028C002402BC302412A4C05857B43
:10AA0000402AC2029FBB4E260C881C002D00012A42
:10AA100085018C260180012B8501CA25260017009F
:10AA200020008D70D470002B0C03C5250203012B70
:10AA30008C01412FC787620022009FB90025058045
:10AA400001244C9010002600C22466002F24049399
:10AA50002F254401412DC082402C41152578412CE1
:10AA6000C112402C0405E120C60780714C260088E5
:10AA7000CA238500CA22250013238301052383806E
:10AA8000D3256182D1202180CA2762000020C081A5
:10AA9000E07F412101000E25058003210C83520037
:10AAA00023000C70412DC082402C41152578412C8B
:10AAB000C11242244400402C0405E120C6078071E5
:10AAC0004C260088CA238500CA222500132383014F
:10AAD00005238380CA27220004270780D3256182AB
:10AAE000CA2762000020C081E07F41210100CC25FF
:10AAF0002180E120C1072C702F2801039FE0140062
:10AB0000250004712F284181CA202408C020630831
:10AB10004E20018818002D00002C0C10C0E0002DE4
:10AB20000C00CA24261017002000AC701470012DF0
:10AB30004100C5244210002D0500532481020E203F
:10AB400040800424840F0000000812002200C0206E
:10AB500061002F2402932F2544014C07E6FFC524F2
:10AB600006004E2040004E2001881A002D00012DC5
:10AB70000500C0E0012C0510CA25260015002000A4
:10AB80008D701470002C4110C5254200012C0C1052
:10AB90001507EFFF84712F224090412604700000BA
:10ABA0000000900201002F23C09041260570000094
:10ABB0000000AA0201000C238092CC220180CC214B
:10ABC000C180084214000E004040414228426041CA
:10ABD00041438842A04441452F264000412E4685EE
:10ABE0000621810FF0FF0000C521820F1000000038
:10ABF0005A002200004034700C0001001B002000AD
:10AC00002F2A411014704A22C0170E0004002F2A68
:10AC1000011040220A1842228A1202268602C471BA
:10AC200002268BF2000020000128CB02120009004E
:10AC300042220B180028C102130020000C700028CB
:10AC4000800200298A02052381122F27C000412F8C
:10AC500047850623880FF0FF0000C520821F1000E3
:10AC600000005C002200404215700E0001001D0033
:10AC700020002F2A011254704A22C0170C00040031
:10AC80002F2A811040220A1842228A1202278702A4
:10AC9000E47102268BF200002000012ACB0214008E
:10ACA000090042220B18002AC802150020004C702F
:10ACB000002A820200288A12052388128C26DF8F40
:10ACC0004A260070A60301008C27DF8F4A260070F9
:10ACD000F40321000226CB014C23809D022149125E
:10ACE0003A01090042238A904A2600708A00010036
:10ACF000240009002F2280802F200B1240224A902E
:10AD00004A260070720001002F2280806B00200014
:10AD10002F200B124C2200986D7028002B0042222D
:10AD20000A180A2180901200020002268B7200008D
:10AD300020000028C912012882123F0020000D7057
:10AD400002268B7200002000002AC90202268BF224
:10AD5000000020000028CB121200090040220B182E
:10AD60000128C212130020000D70012A820201285E
:10AD700088120522C2022F2000802F214B002F2095
:10AD800000802F214B000C2440814A260070E001F6
:10AD9000020000208080012101020421BE8F80007A
:10ADA00000004A26007014000100C4712F21428067
:10ADB0002F200480C52165104420BE804A260070E3
:10ADC000340021003570CB2061814A2600702800B4
:10ADD000010040208080C02165000421BE8F8000DA
:10ADE00000004A260070100001002F2142802F2011
:10ADF0000400C4712F2142802F2004002F214280A3
:10AE00002F200400D4704A26007066000C008C26A7
:10AE1000DF8F4A2600703E010A000621810F1000D4
:10AE20000000402E020545792F2203014579E07E7E
:10AE300014704A2600707205C2FFD37300800000B0
:10AE40004A2600707C711200020054704A2600707D
:10AE50007C71CA2141004040E07E54704A26007057
:10AE60005605C2FF4A260070E07E4A260070022680
:10AE70008A710000000042224A904A260070880031
:10AE80000B008C0001004C2200984A2600702A001A
:10AE90000B0042220A18052109906D77100002006C
:10AEA000002B8B128723FF1F0421C9020129800276
:10AEB0005D0020002C7035706D771E0002004C2262
:10AEC0000098C223CA120A000A00002B8B128723A3
:10AED000FF1F0420C90202268BF200002000002977
:10AEE000CB021400090040220B180129C0021500F2
:10AEF00020002C7001288002012981020520C00257
:10AF00000D0000002F2000802F214B004420BE8028
:10AF10004A2600701C00010044204A0105227E924E
:10AF20004A2600700C000100402080804121010071
:10AF30002F2142802F2004002F2142802F20040047
:10AF4000022686010421BE8F10000000C026620088
:10AF500065F18A26DF0FC341100000000C705FF11D
:10AF6000022686012C70B706EFFF0C70022080804D
:10AF7000032101020421BE8F400000004A26007018
:10AF8000200002002F2000802F214B004226460087
:10AF90000421BE8F400000004A26007052000100CC
:10AFA0004420BE804A2600704600210044207E8056
:10AFB0004A2600701A00020035704A2600703200DE
:10AFC000020044203E814A260070260001004020F5
:10AFD0008080412101000421BE8F80000000C02636
:10AFE00062000E0001002F2142802F2004002F213B
:10AFF00042802F2004002F2142802F200400D37193
:10B00000100000004A260070FC05CAFF34700E00D4
:10B0100001002F2A41001B000000147008000C00E2
:10B020002F2A0100C02229089CF3CA22EB076ABA22
:10B0300002268BF0000020000128CB02120009003C
:10B0400042220B080028C102130020000C700029C6
:10B0500081000521C10200288000022686804A2640
:10B0600000700E06CCFFB705CFFFD37110000000B3
:10B07000CC2021802F21030102781000010005213E
:10B08000810FF87F0000E07E8C27DF8F4A2600705A
:10B09000280002000C20809F10000000CC2221809C
:10B0A0004A2600700A0001002F214301E9F10C2417
:10B0B00040814A260070E5F50521810FF07F0000F0
:10B0C0000C70E07E60414040E07EE0782F230080FD
:10B0D000CA210100E120C107C2200100412BC200AA
:10B0E000C372007000002F218400412B0C0661BC4C
:10B0F0008C24839FE120C507402B0007C521810FC9
:10B10000007F0000E120C107412A42052F2CC19099
:10B11000C2240413C02463108571002B030369BC8F
:10B12000827A402A42052F2140802F218400412B22
:10B130000C038579E07F402B0005E0782F244090B8
:10B140000224831F00700000402BC2002F228400C5
:10B150000223830F20000000D373C01F000040288B
:10B160000301200026004128408745784420410003
:10B170000521C180E07FC1202200E07F6C21800793
:10B180002F23C4004578412C4C1582240D9AB7F624
:10B1900042240C965320810522002C002F20008091
:10B1A0000521C1802F20840F80FF0000D020A10541
:10B1B0008C24D19FE07FD020A2054E24021097B9A5
:10B1C000012980002F200480E120C6074E22CC07F1
:10B1D000132101030521C180D1202180E07FC020FF
:10B1E0006200E078E2C248310100084507364C7041
:10B1F0004847000009902C704830000000340010CF
:10B200000030800F833A6F1203304080C6F6013061
:10B21000800F003F000006F00130800F00BF0000EB
:10B220004830C002708D107A0AD98BE2CA2105001D
:10B2300048330000307A003401104822C0000CB5B9
:10B240000031800F833A6F12DA0ACFF72C70033087
:10B250004080C7F60130800F003F000005F001304C
:10B26000800F00BF00004830C002483080004830E6
:10B27000C00205A5C2C6E078EAC382240D3450415D
:10B28000084794C08A220C00660C6FED28450087A1
:10B29000402483304024043254248539402406312C
:10B2A0004024C730A14122427208AFF4021C43324D
:10B2B00002C5DF0D31105627101D03148E302C707F
:10B2C0000C70CF083100284502148130CF78C309B3
:10B2D00024000477A70855022520000009F014F087
:10B2E00019F01FF025F02FF037F03DF041F094C039
:10B2F00081C1520B6FF883C283C140DAF20B6FED4C
:10B3000002403DF094C07208EFF881C1781F181018
:10B3100035F094C06E0DAFF081C101A72FF094C03D
:10B320005608EFF881C10030000004A727F094C050
:10B330004608EFF881C100300100891F181025A7C9
:10B340001DF094C03208EFF881C1003001008A1F5F
:10B35000181026A713F094C01E08EFF881C107A7A4
:10B360000DF094C01A0FAFF781C110B707F094C069
:10B370000608EFF881C18B1F181001C08A213E0614
:10B3800032704207EDFF0C71C571A1419AF1A140E5
:10B39000CAC7E078ECC3A7C10A210021704050421F
:10B3A00028460845320B200055208F0922854E0A79
:10B3B000EFFB03854A24C0704168142001000C7023
:10B3C0000C1D8010A8200002024E152543100471A8
:10B3D00024714BA38E0C2000A14000190020A14035
:10B3E000AE0D2000C1410041A140E20D20003041DE
:10B3F0000041A140520C20002242CD70001882234F
:10B4000038E821870287408744C145C05625801A05
:10B4100083C146C6B20B2FEF43C200184320BC17AE
:10B420000110B8170210C01700104A24C07041C1A3
:10B4300080C140C242C0A8208005008103308083C3
:10B44000C6F60130800F003F000006F00130800F8B
:10B4500000BF00004830C0024830800004191000CE
:10B4600000C201C102C043A724A705A700108E2077
:10B47000A140C1412242E20A20005525501A4A2427
:10B48000C0700A208004A820C00104100124041800
:10B490005000188F483000000C1A0020CCC7E0780C
:10B4A000E07EE078E8C3B2C10846008060444024F2
:10B4B000C330402405314024863048472845BA0E21
:10B4C0006FF4031C4332021480305626101D44F0E2
:10B4D0007B0855022520000009F015F016F01DF03C
:10B4E0001FF022F023F025F02AF082C040DA020A91
:10B4F0006FED024182C081C3A14166096FF8E1424C
:10B5000025F0781600161EF0018681C3A141920B2A
:10B51000AFF0E1421BF004862F30000012F08916D4
:10B52000001610F08A1600160CF007860AF0109626
:10B5300081C3A1415E0DAFF7E14209F08B16001601
:10B5400081C3A1414E0EAFF8E14202148030047174
:10B55000021C0230031481300F78790925800477AA
:10B5600001C04128010200AD21ADC8C7E8C3A1C197
:10B57000504028462C7010DA60408847B60F2FFBE9
:10B580006845D570CD7019F44A240071C34013008A
:10B59000487580C1A82000020410020438208220CF
:10B5A00001199200C20AAFF680C007E8CD72001DF3
:10B5B0004310011D0311C0A7C8C7E078F2C3B2C190
:10B5C0001045008060444024C330402405314024AD
:10B5D000863048453044A20D6FF4031CC332021478
:10B5E000803056250E2B55250F2D55259129552593
:10B5F000D2285525532A4025102B54F09B08D502FC
:10B60000252000000BF00EF018F01AF020F023F0C7
:10B6100028F02BF030F037F038F081C362401DF095
:10B6200082C040DACA086FEDC14182C081C3824145
:10B630002E086FF8A14231F0BE402AF0B0158020EC
:10B6400081C382413A0F2FF6A14227F081C34240C5
:10B6500003F081C322408241A60FAFF8A1421DF042
:10B660002815002014F081C3024082415E0EEFF8DD
:10B67000A14213F081C3E1408241BE0EEFF9A14225
:10B680000BF0CC15002004F05315002681C3824135
:10B690000E0AAFF0A142021480300471021C023085
:10B6A000031481300F7859092580047701C041289F
:10B6B0000102001C0220011C4220D2C7E2C2084540
:10B6C0000C70660C2006A1417E096004A140C2C630
:10B6D00075014004E8C3B4C11040B110800055208A
:10B6E0004D2A38E82C8DC3401300DC751509F00095
:10B6F000B11803200D09B00010E01B09500014F030
:10B70000960D2FF884C15620002B84C1E20F2FED37
:10B7100040DA218540850285B01D4010AC1D8010A7
:10B72000B41D00105620012B84C040DAC20F2FED4B
:10B7300084C54A24007180C0A8208001141501141A
:10B74000041850005520402B80C1A60F2FED10DAB1
:10B75000C8C7E078E4C3A7C1E90930000845E50A95
:10B7600031004A24C0702C70A82080031525401099
:10B77000A4100C009810030084C2357A0233000331
:10B78000247100A266096FFB84C0B01581103709CF
:10B7900094003221820F1300D7750130810FFAC453
:10B7A00000004A7A003041000131810F74490024C1
:10B7B0004832800003310080C5F6AA096004A14028
:10B7C000C4C75625001B80C16208E00480C64A2415
:10B7D00000715525411B2040A820C002608004163E
:10B7E000021403338080CA22C5000418900080C070
:10B7F000FE0E2FED4A2200044A24C07000C081C111
:10B80000A82000020411020403320080CA2089002B
:10B810000330808FC9369C5344F7B01DC310C4C792
:10B820000330808F3837A48C44F7B01D8310C4C711
:10B830000330808FD338F6CF6F200B00B01D02107D
:10B84000C4C7E078F1C000430C7009E987EA5523CA
:10B85000400C9A0EEFEE55238109D1C0E07EE078CE
:10B86000EEC3ACC1084742870C802B874832880062
:10B8700044C043C1096A2D8748308B005041330AC8
:10B88000B20045C14027021E2C724A24C07083C0FA
:10B890000A238000A8204002A08004130C04013475
:10B8A0004C130418100332710CE22471AFF64A24D1
:10B8B000C0700736D272803F00000C7007360872E5
:10B8C000803F000040240B33A820400415230310C0
:10B8D000A083152702104B820030411389C4023225
:10B8E0004200157C047120A340A489C080C1DA0AFB
:10B8F0006FFB80C55B09B22040270E1E0E724A24E2
:10B90000C07083C1C14289C0A820800204110C0408
:10B9100004120304023303030418D00089C086C153
:10B92000A60A6FFB402413364A24C07080C0A820AA
:10B93000C002001002000413012401318100041828
:10B9400050000C2040A40CE6B607EBFF06714A2419
:10B95000C070A8200002008500320020041D1010D5
:10B9600001C400C502C100C081C34A220000901F6B
:10B9700000138C1F4013941F4010041301044471E2
:10B98000FB0AB28001304000CEC7E078E2C3A3C119
:10B990002042084580C1320A6FFB404000C381C18C
:10B9A0004A200000041102040471FD08B280013332
:10B9B00083000585033300800C7147F72685033328
:10B9C0004080C3F60C70C2C7E6C3AAC1C4804A2433
:10B9D000C07008455520C20828470C70A8204003B5
:10B9E00004120C04402441391B6103348093047118
:10B9F0006F210B0020AB4E0AAFF540244039A30F56
:10BA000011109F0830000C702A85498561695071BA
:10BA10004041CA21CB008F09A2002AA55C4D83C1F9
:10BA2000AE0F6FF683C602854A24C070483081008D
:10BA3000A820C001008607304000041E10104A24D0
:10BA4000C0704C70A82080031525801083C1434925
:10BA500098100C0086C1557902330003447100A18F
:10BA600086C0F20D6FF680C100C001C102C34785D8
:10BA7000013040000032810F404000000130C00022
:10BA8000033100800C704FF703C304C205C10C7171
:10BA90009C1D8010981DC010A01D4010C6C70C70C2
:10BAA0000AA5C6C7E07EE078FAC38224113150456A
:10BAB00008460024803F000044018A220C00320C1A
:10BAC0002FED28450086402483374024043956242E
:10BAD000053A402406384024C737A141A2423E0817
:10BAE0006FF41E1CC332241412305670D5F41F1488
:10BAF00091305626961A55264D1A5626171B55264E
:10BB0000D018552693195526191D4026181B4E701E
:10BB1000D3447A4400000C7003F08A223E2614704D
:10BB2000BBF41E1481302F20470430706A012D00B1
:10BB300004778AE054010D00252000000BF027F067
:10BB400033F03CF044F056F066F06FF07DF08BF08F
:10BB500093F00024803F0000440188C1860AAFF8BA
:10BB600080C200C201C102C000C701C402C344C1F7
:10BB700043C245C083C110DAC240181C003581A5FC
:10BB8000E0A56E0B2FED62A580F00024803F000041
:10BB9000440188C1AE0A2FF88AC28AC140DA520B2A
:10BBA0002FEDE24072F00024803F00004401D60CEB
:10BBB0006FF088C103A66AF00024803F00004401B2
:10BBC000B2092FF688C1B01E021060F00024803F39
:10BBD0000000440188C10E0AAFF880C201C100C252
:10BBE00002C00418402000188020081800204EF0E1
:10BBF0000024803F0000440188C1EA09AFF880C2F8
:10BC000001C100C202C0041B4020001B8020081B91
:10BC100000203CF00024803F00004401660C6FF0DF
:10BC200088C10AA632F00024803F0000440188C188
:10BC30007E08EFF85524023E5524013E60DAB20A30
:10BC40002FED034022F00024803F0000440188C112
:10BC5000CA08EFF99AC29AC178DA960A2FED234002
:10BC600014F00024803F000044011A0C6FF088C1DA
:10BC7000CC1E00100AF00024803F00004401060C96
:10BC80006FF088C1531E181008C0B2708E06EDFF09
:10BC90000C71267141F14240DAC7E0784831010069
:10BCA0008D7007364B704847000021804831810075
:10BCB000003341100031810F833A6F12033100834A
:10BCC000C6F60131810F003F000006F00131810FFF
:10BCD00000BF000050904831C10248318300483213
:10BCE0000100003341104833C2020031810F833A12
:10BCF0006F1249220202482202010331008342A04E
:10BD0000C6F60131810F003F000006F00131810FBE
:10BD100000BF00004831C102483181004831C102F2
:10BD20004921410648210101E07F29A0F4C3822472
:10BD3000023A5046084655200D085524803910DA3D
:10BD40000A2480210A2540210A2300217042284725
:10BD50009E092FED552490394A24C0700A21800F86
:10BD6000FA4400004F21C307A820000404170C1454
:10BD70002040604203344090CA2005030330C08055
:10BD8000CA220900041890202C7047C094C018DA09
:10BD9000001C4220001B402028479A0FEFFA001D8C
:10BDA00040204A24C070552480398BC151C7A82037
:10BDB000C002041002040032820F203C12AC0419AD
:10BDC000900010853C158110341411300471052148
:10BDD000810410A5792100000CC72C1410303C1DE3
:10BDE0000210720CAFEE8BC04A24C0704024083B96
:10BDF0008BC147C0A820C0014081003082000419D7
:10BE000090000037C2138E85003000244A24C07091
:10BE1000013080004686003141246D7001304000C1
:10BE200027862F320020088602360373803F0000E9
:10BE300081C743C00C7042C141C247C3A820C003A0
:10BE4000014FF02002100033490000348110152604
:10BE5000021001314102047126A22786468620166F
:10BE600000104A24C0701C1CC03242C141C243C0F1
:10BE7000A8208002041701140410001400304000B0
:10BE800001330B102786E6868786468608866886F5
:10BE90004A24C07045C12C7042C441C744C246C048
:10BEA0008BC484C784C28BC028401C1CC03243C3CF
:10BEB000A820800204120904041003040033430282
:10BEC0000130C8106686478608864A24C0700E7006
:10BED0004AC145C244C346C0A820C00481C022480C
:10BEE000234F204C0033821024710030C3100230E5
:10BEF000C300023080000030C000013010202E70DE
:10BF0000033040A4281C003483F72F3000245F86C0
:10BF1000208501859E86618649C250C04FC188C078
:10BF20008FC14024043E4024053A4242360D6FF84A
:10BF300048C4648545852685078528140B30E2852D
:10BF4000838543C345C144C246C04026031281C015
:10BF500084C154248439402405384242041EC0124E
:10BF600042C452096FF641C76A854B852C850D8501
:10BF70002014083024140B30E885898543C345C15B
:10BF800044C246C04026031481C084C154240439ED
:10BF90004024053842420C1EC012081E001242C442
:10BFA00012096FF641C708C209C10B864A24C07046
:10BFB0008D716D7225A644A63C2401103C2302100D
:10BFC0004026031C011C0233021C4230031C823039
:10BFD000A820000440244830332040142671483003
:10BFE0008B0000830030CB220130C002181B1000F0
:10BFF00013C04A24C0702D7000300B005426001866
:10C00000011C0233021C4230031C8230A820400372
:10C010000110C31448338C00608000330C130133CB
:10C0200003031818D0004A24C07012C0011C43300A
:10C03000021C423000300B004026001F031C8230DF
:10C04000A82000044024463033264302257148339B
:10C050008C00608000330C13013303031818D000E8
:10C060000EC34A24C070784E0033C9004A20001025
:10C07000011C4330021C4230031C8230A8204003C4
:10C080000116CC0448348B1080800031CB1201346F
:10C09000CC121818100390850A86031C82306D712B
:10C0A000023202204A24C0703C23001300328C006C
:10C0B000021C423054268118011C0230A8200004C2
:10C0C0004024403033200002057148308200008156
:10C0D0000034821001308000181910008AC0D20884
:10C0E0006FF64AC3098647C0C6086FF687C007C304
:10C0F0000AC22C16101040150B100C710232C2002F
:10C100004A24C0703C2001040D723C20CF023C2028
:10C110000014021C423040260C1DBFBA4A21000008
:10C12000011CC233031C0230A8200004402440300C
:10C130003320400024714830830000840032C30063
:10C140000130C000181C101048330010C341484291
:10C150000000D20B6FF847C05020FE8755F44020F6
:10C160004020A30834010BA60E084FF61908F5006D
:10C170002C7003B80420800FFF00F8FF012E01701F
:10C180000C0012062F7815260F1018E755240038DA
:10C1900018DAE1415A0DEFEC552410384A24807129
:10C1A0009AC0A820C002041001240031810FDA3B9C
:10C1B0000E74041850009AC094C1EA08EFED54249C
:10C1C000103A3C15801014704A2000000FF24A24E7
:10C1D0008071A82000033320810F1300FC750471C7
:10C1E000483181000418502002F059C094C191C315
:10C1F000C1401A096FEE62422C7018DA360BEFFA62
:10C20000E140BC1E03100EC16640281E8014CE08FB
:10C210006FF729A627E880D8001C022011C0F0156E
:10C2200002102C704830800047C20030800F7449E3
:10C2300000240730800003304080C7F60130800FB3
:10C24000003F000005F00130800F00BF00004830C3
:10C25000C002483080004830C002C270001D00207B
:10C26000D4C70014C020B9081280D4C7E4C247D98B
:10C270000845C342A3420BD718B9351803020C7006
:10C28000CB46DC44304ECB443B4AC1BFC343D33ED4
:10C2900098DD4BA52CA5201D0210341D02102C701A
:10C2A00018DAA140C6A587A58A0AEFFA6AA5A140B7
:10C2B000C4C6E078EAC3A7C14A24C07008466841F2
:10C2C000484528400C7084C4A820C002024EF020CB
:10C2D00001101524031004710231810020A32416DB
:10C2E00002104A24C0704024063181C0A8200002F8
:10C2F0000414011400324100041850004A24C07094
:10C3000081C2C140A82040026080041201040131B2
:10C31000C1000418500024160B104A24C0704A2093
:10C32000000084C7A820C00315260200034F8082A6
:10C330001526011023810034C31004710131C1009E
:10C3400020A24A24C0701C4E0236C372803F0000F7
:10C3500081C11041A82000020411020400338200B0
:10C36000041890004A24C0700A204004A8208001CC
:10C37000041001040419501084C10140D60C2FF69A
:10C3800084C78C864A24C0704A200000A8208003FD
:10C3900004170314402442302C70033300831A62C4
:10C3A0000471CA21690020AA1E0A6FF5402440309A
:10C3B000E7864A24C07010400C702242A8208003F7
:10C3C00004120C04402443302C700334C0931B63CC
:10C3D0000471CA216A0020ABEE096FF54024403099
:10C3E00086864A24C07008474A200000A82080039F
:10C3F00004110324402442302C70033300831A625A
:10C400000471CA21690020AABE096FF5402440309A
:10C4100004E8341E03100FF0341680103516811016
:10C4200004710F7A0B098500341E421003F0341E8C
:10C43000021084C1C14079270F101A0C2FF6402436
:10C4400011348B864A24C0704A200000A820800343
:10C4500004110324402442302C70033300831A62F9
:10C460000471CA21690020AA5E096FF5402440309A
:10C470008AE87920002088E835168110341680106B
:10C480000708450082BF8427431F1670CF2762101C
:10C49000E0AD201680101108C003201EC213008DCD
:10C4A00087B800ADCAC7E0782C7018DA20184200AF
:10C4B0008100EFFA34184200C340A00010860080CB
:10C4C0002C704C702106EFFC6C70E078E2C2CB451A
:10C4D000A000EC852185C340A000AC6D00802477CE
:10C4E000360B2FFD21A5001D0310C2C6F1C0A1C14E
:10C4F00040C0C340A000F485008080C14C778E0C02
:10C50000EFFC6C708774D1C0E07EE078E4C2CB456C
:10C51000A00024C708460CD81CD98C705825C31914
:10C52000460CEFFCA142C341A000F48500A15625B2
:10C53000851A5725861AC34012005C98C341130020
:10C54000609A8A2218008A244200FA09AFFEC14389
:10C55000C341A000AC6D00A1C4C6E078E4C3A1C192
:10C560002C770C7080C2D60A2FFD2043CD701CE8BA
:10C570000A25801FA000108600852C704C770E0CB9
:10C58000EFFC6C707AE8C341A000EC850089CD70A7
:10C5900004E8C0A900C608F000852C704C704A0D54
:10C5A000EFFC6C70C140C4C7F1C0A1C12C770C7006
:10C5B00080C28A0A2FFD204300C11470CA212100C5
:10C5C0008774D1C0E07F20405021CC070221038333
:10C5D000150C2310432201800023838F008000006C
:10C5E0008121FF8FE07F6578E2C3A1C1720FCFFF89
:10C5F0007EE8B4D9C340F0004B00C342A000ECC0B9
:10C6000020A8008A05E80182047101A2F0F1C3406C
:10C61000A000BC852C724C706C70DB599E0EEFFF35
:10C62000084500168070A000E885C5089E80011CA2
:10C630000332021C4233031C03303B5800422043A8
:10C64000FED840244130C2096FFB8C70D0F1E078F5
:10C65000F1C0A1C109E82281208160C11A086FFBE5
:10C6600080C10C7002F023D88774D1C0E07EE078DE
:10C67000F1C0A1C108E83A8060C1FE0F2FFB80C164
:10C680000C7003F023D88774D1C0E07EF1C072082B
:10C690000000D1C0E07F0C70E6C04A240077C3429E
:10C6A000A000D0C3CB45A00038C16C702C704022D4
:10C6B0000F06FFDCA820C0035A2100062471FE608B
:10C6C000B860C0A00418C10284B00A1883010B1816
:10C6D00043004A248071C340A000B88572B068A0AE
:10C6E0000A208000A820000104181100141A41003B
:10C6F000041A81000C700C1AC100C6C4C343A00008
:10C70000ECC0008B08E8028324834168016942A3DE
:10C71000E07F04A3248308E903830908450023A3D9
:10C72000101B010005000000FAC382240239CB4629
:10C73000A000B8852A8602866B864386ED700021AC
:10C7400001800122C080F144F140F145DB41A000AD
:10C7500098C04CC74BC74AC722A603A65A24032732
:10C760000021CD3005851470104262F203852286C7
:10C77000848543860415081008150B1002210680D5
:10C78000032200833C2608023C20CC027170CA249C
:10C7900001124021093395700023400248F4988D1E
:10C7A0003223530623A541A087ECFA0BA006424092
:10C7B000147018AD3CF2108E08E807860D08C1040D
:10C7C000BE0A0000101E0310501201204240607982
:10C7D0001C1CC234801211207812012048C0EF784E
:10C7E0008AC2157A181C4034001A40042F273F03D0
:10C7F0006F233F004281618120812F263F0342C188
:10C8000044C25F2001065F20020343C397C38EC06A
:10C810001A627961FE0B6FEE82C00D0D102000864A
:10C820000B0B01205021D027AE71E57186719673F4
:10C830002C07C5FF05861508220402200004D370CA
:10C840000000001920010B002F22C7A3141E0014A2
:10C850008AF2ED70AD70D341A000E8850011802010
:10C860005A25021697C159612B083E00041900048D
:10C87000108922818AC2F022470311168610628134
:10C88000418120814228C5270A2400044A0AAFFAC0
:10C8900040C7A571C90D8494118EE46E2C7104718A
:10C8A00011AE97C24243E140341C0137F940DB59D5
:10C8B0001470B6002B00084556F455218F398DC2EF
:10C8C0000340E141DD59C341A00034C1208110443F
:10C8D0006E70422155003B581047304672427240FC
:10C8E00028F0A187290D6015C897FEE608F47EDEC2
:10C8F000B1450A22C0250A2080250AF0A140E24164
:10C90000CA0CEFFFC24210423040B1450426801FDE
:10C910000000FEFF060B6FF81D780AE8558008EA54
:10C92000E14128188004607A2C18000418E7667129
:10C930000DC0B30B04A02D0C50200011812025093F
:10C940001E00251CC331261C0235271C02303B5813
:10C9500000422043FED840244139AE0E2FFB8C709C
:10C960005B0CD0A0DAC7D60C2FFB51D8B379C340EB
:10C97000F0004C0020B0DAC7F8C3D60F2FF8A2C1E0
:10C98000420E2FF810432E70CD701044CB47A000FC
:10C9900018C1324232403A40D147D145041C443498
:10C9A000001C4034A20A60040187033040847200F6
:10C9B0002E001046A08735EDA14062418A0F2FF866
:10C9C00082422CE87A0E8FF780C04E71033600A6A3
:10C9D000B860001882040BF60CF4C340A000D0C36A
:10C9E000F0200104A0480D0903000A208035B14061
:10C9F0003225801FA000D88513E8033640A50AF62B
:10CA00000FF4C340A000D0C3C148A04813090300DD
:10CA10000A258025A94605F0220C2FFB54D8E67183
:10CA2000850FF4A008E7CB45A000B885330A102095
:10CA30003208C00520E80A0E8FF700855025FEA7B2
:10CA4000CA2601140D08A003C14036080000C085A5
:10CA5000130E0014101D43101C1D001403F0141DB0
:10CA6000C11F00C204140131C340A000DC8548A5E9
:10CA700020B0D8C7C60B2FFB56D8D8C7E4C2D20EF9
:10CA80002FF808453E0D2FF808460042A140BA0E87
:10CA90002FF8C141084610E8CA0F800510E827802A
:10CAA00003E90019010000A6C7A0C340A000B88593
:10CAB000A0A0C4C6860B2FFB54D8C4C67E0B2FFB88
:10CAC00056D8C4C6EAC2A0800846304108184300C0
:10CAD00026ED160A6FF9A14020E8EE086FF8A14094
:10CAE0000E0A4FF91AE81D953C95E1682B0F44108A
:10CAF0001585ED70081D43101040001E4170A00008
:10CB000034410BE80B862A860BA52AA5A1402320D9
:10CB100000042241E8ADFDB5A085DDED0C70081ED6
:10CB20000310CAC6FAC2FC1CC8B63045220E2FF844
:10CB30001843920C2FF818411840AD70C90D3020E1
:10CB40006E772E70D340A00098C04E7732443246A4
:10CB500040200F23162341345A2100274181002011
:10CB60000E20F86003324083A4A668002C00A0A029
:10CB70000332808F7F4700FF580006000011170026
:10CB8000073680706E4E286BC60AAFEC001EC015CB
:10CB90003C240B203C264320D271CA23C10274706E
:10CBA0003C20CC043C218204CA264220CA24022014
:10CBB0005271CA220103547022A6CA22422001A641
:10CBC000CA230220E24023417E0D2FF8034204F0E5
:10CBD0000C70B8AE2671810964A505A60A244075BB
:10CBE00040200021A820800322870AE9208061805C
:10CBF000022442A00326C1A040A721A71CE01CE7F5
:10CC00008A4504F04E77CE700225C294C340A0003E
:10CC1000B885032681A442A02C1880042818C004DB
:10CC200023A004141B34DAC6F4C382240C3F8A27E1
:10CC30008E1070405043284508461F6706EA2C7046
:10CC4000A140F208AFFA62424A24C073FED90C74C4
:10CC500022AD6C7081C24A21000040C0A820400172
:10CC60002471011A52001F0830204A21C0234C2091
:10CC7000C0A32C012D00041C0234031D02142E71CC
:10CC800002F063AD8A22072D542615195426941BF1
:10CC90000E7140241631002292230116802404775D
:10CCA000ED08D503252000000FF01DF02DF03AF01F
:10CCB0004CF04EF04EF050F051F059F05AF05CF05C
:10CCC0005CF05EF05EF05624403D14DA220AAFECD0
:10CCD000A2415624403D80C3A141160E6005624228
:10CCE00056F00024803F0000940114DA020AAFECF1
:10CCF00082410024803F0000940180C3A1419A0832
:10CD0000A005624244F085C08A220600E209AFEC29
:10CD1000424185C080C3A141F209A005624238F0BA
:10CD2000701682100024813F0000BC01AA0FE004AD
:10CD3000DF1600160024803F0000BC0180C3A14123
:10CD4000BE0AA005624224F00A860BF00B8609F0A9
:10CD50000C8607F0DD16001603F0DE16001680C301
:10CD6000A141BE0CA005624212F0FF1780900BF0AB
:10CD7000008F09F0018F07F0028F05F0038F03F099
:10CD8000048F80C3A1419A0DA005624206710F096C
:10CD900005A400C04128010200AD21ADD4C7E07850
:10CDA000F0C3A2C1504268452846104406EA2C70E0
:10CDB000C140820F6FFA4242FED90C742E71ED729F
:10CDC00022AE41C0021C4234031CC23307ED5D0D8C
:10CDD000F510021C4233A3AE05F0AD712E72031E96
:10CDE00003108A200E204024D3300020102504F0A8
:10CDF00001138D24190DB01081C3210D711081C351
:10CE00008240C1418E0FA005424208F000108020F0
:10CE1000C1410E0DA0054242D909E5A3E57101C04B
:10CE20004128010200AE21AED0C7E078E8C24846F2
:10CE300028472C7010DA60400A200021F60E6FFAA5
:10CE400068450C7036EF296E2109F5004226411E17
:10CE5000001D4310011D8310021DC310031D03118B
:10CE6000041D83120C7526F04909D50225204000C7
:10CE70000BF00EF00FF012F01CF01CF01AF017F08F
:10CE80000FF018F010F0001DC31113F0001D8312F5
:10CE90000FF0001DC3120DF0001D031309F0001D5B
:10CEA000831307F0001DC31303F0001D43130C711F
:10CEB00000180020C8C6E078E2C25E0BA003084557
:10CEC0004A2440710A204003A82080010418010070
:10CED0000818110080250E10001D0310C2C6E0784E
:10CEE000ED014005EAC382240E3410418CC08A2231
:10CEF0000D08FE0F6FEC2845028D8C20838F8A2051
:10CF00003E0736F4238DCD71ED72021C8233031C73
:10CF1000C23309E98A20FE060F09F400021C4230E0
:10CF200026F02C71CD728A250E104024D030227547
:10CF3000041C013103F0011081242509B0008CC0CC
:10CF40002D78250871008CC081C14209E00582C29C
:10CF500082C128DA9A0F6FEC224006F0AA08600618
:10CF600081C100ADD30EE593E5710C70CAC7E078BE
:10CF7000C340A000704CC343A000188629A02AA07B
:10CF80003018010047A0E07F20A3E078E2C3A1C1F0
:10CF9000CB45A000704C0C851B0000002C8500C008
:10CFA00046853070CA204D0040C01A62104946A51F
:10CFB0000CA51708140100160270A000C04105EA74
:10CFC000607A80C1ECE8C2C7E2C2AA201A00210838
:10CFD0001F00220A0000460CEFF80845C34011006C
:10CFE000F0AD0D0D2010A140F20900002A0A6FF7E4
:10CFF0000C700C708C5A001E4370A0008D41C2C68C
:10D00000E6C2CB45A000704C284600410C85CB47BA
:10D01000A000188640270213001A800F120000A2F9
:10D0200003E8008704F009850AA500A7C20E6FEC8B
:10D03000C1420C852087D8603E660CA50C70C0A745
:10D040008B580C71C6C6E078E4C228458EEBC3410C
:10D05000A0001C86C08108EE4040607EA141147093
:10D06000CA252110A140C4C61BD8DE0FEFF12C70D9
:10D07000C342A000D441C341A0001C86001A800F07
:10D080001200BCA2E07F00A1E8C200208D0F0000CA
:10D090002402E20C2FEF10404A240071CB4713000A
:10D0A00004765520802AE141A82000020111C20423
:10D0B00048328200041890004A2400715520802BC9
:10D0C0000A21C003A82000020111C20448328200D4
:10D0D000041890004A2400714020002B0A21C0034C
:10D0E00028180120A82000020111C2044832820041
:10D0F000041890004A240071C340A33B0AD74C7027
:10D10000781800206D7100258A1FFFFF7CFE5520D6
:10D110000329E140001AC2122C1AC212AB1D9890CA
:10D12000AC1D9890AD1D9890A01D9890A82000026D
:10D130000110C10448318100041B50008187C2875F
:10D14000E387C3404940DB0F8A21090D0271C343C5
:10D15000AC3B005F00258A1FFFFF68FE15A518A5E0
:10D1600016A517A502405EA55AA5001AC2127FA5F2
:10D170000019C20254A9DCA59BA53E08E000FDA54C
:10D18000C8C6E078090020000C70E078E6C21526D9
:10D190000D70F0001000C0850F7AED711626037037
:10D1A000A0008CE8587F4F2681175A2000050020E8
:10D1B000800FA000105120A5AB279A10D20BEFF7DB
:10D1C000001B01008A209A0008E02B27001053263C
:10D1D00040179FB800A5C6C64C70C341F00020019F
:10D1E00095BA45A141A1C341A000FC41E07F00A147
:10D1F000C340A000FC41E07F0080E078ECC3A2C106
:10D2000010410C705040DA0AEFF4284708469108A4
:10D2100030204E70890E30100C704E71AB229A2067
:10D22000760E2FFB2086CB45F0000000138DC34106
:10D23000A00038866C7186B813AD138D2F24C803F7
:10D240004C7087B813AD128D60470A2640048420C5
:10D25000C20712AD0019800F12003CD3128DC341DA
:10D26000A0008CE8A1456C20000180B812AD0086BA
:10D2700000190004041940042C702209EFF8001C66
:10D2800001308A209A002A68E3A62B2240200477E6
:10D290002B220020138D8420C20F13AD4240CCC737
:10D2A000F0C3A2C10F7D1041A14068475040320A2F
:10D2B000EFF430420846C70F30100C70BF0E30102C
:10D2C0008E71002C5323AB239A202086CA0D2FFB8E
:10D2D000A140CB43F000000015234D13138D1526FC
:10D2E0004274A000388686B813AD338DC340A000C9
:10D2F0008CE81620400487B933AD001A800F120065
:10D30000C4D3E0A004188004128D8420C2071D0835
:10D310007528121D021042203CA02CF2A8204001CA
:10D320000112802400AD26F0AB239A20138D2C70BF
:10D330001523461486B813AD138D2F2408044C70A2
:10D3400087B813AD128D6C7120474520C00712AD10
:10D3500000860A2580044608EFF8001C01308A2068
:10D360001A0004710C1E0014AB241A202B23002079
:10D37000338D0C718421C20F33ADD0C7E8C3822432
:10D380000C345040084784C08A220C00620B6FECBA
:10D39000284500874024833040240432402405334C
:10D3A000402406314024C730A14102426E0F6FF382
:10D3B000021C433102C57D0D111003148E30AD7077
:10D3C0000C7004F08A253E16B4E802148130CF7840
:10D3D0006109240004774F0855012520000006F05C
:10D3E0000AF010F014F01AF084C08A096FF581C1B8
:10D3F00015AF19F084C07E096FF581C117AF13F026
:10D4000084C0560CE00381C10CB70DF084C06609DE
:10D410006FF581C11AAF07F084C0660EAFF681C107
:10D420000EB701C01270A007EDFF0C71C571CAF1F3
:10D43000A140C8C7E8C3A3C14A24C070084580C240
:10D440006C70A8204006041100040030800F0340D7
:10D450006F120330C080C7F60130800F003F00001C
:10D4600005F00130800F00BF00004830C002021AF2
:10D47000140080C06A08600582C14C95081401310F
:10D48000158D42792E79160C20004C77EA0A60033C
:10D490002C71084708144131158D020C20004C777F
:10D4A000D60A60032C710A144E31EE79150E631002
:10D4B00000420014403139081200081D45101DF0CB
:10D4C0002C9DD20B20004E781308830302144031A8
:10D4D00023081200081D05100FF0048D0DE8460802
:10D4E000A00580C009E8081DC51F07F0081DC5106C
:10D4F00003F0081D8510178D18E8041441310B093D
:10D5000033002040337810788C20C68687F70421BA
:10D51000800F000000802FB809F0039D0D08320035
:10D520002C72560A400303F00C70249D05B5347725
:10D5300006F20E78C2B9D268257E05F0CB4600000F
:10D54000FFFF0395D079ED70307030400C7023F2FE
:10D550007A8D0C701FEB1B0BF1000C71368D499509
:10D560002471310A210436AD2F792B09940240250C
:10D57000021380C1860A200060408DE8748D2E95CC
:10D5800080C08A0820004C7014AD7820400003F061
:10D59000F6AD248D0F7811087100C9B585E9239582
:10D5A00028461CF014E9239D83406090419002902E
:10D5B00047B566B52109320008B5C3400000FFFF3A
:10D5C00011080020284785273E1006F0239506F015
:10D5D000004103B5041D03108340809061900290C8
:10D5E000D07A67B586B508B5170A800F0000FFFF2F
:10D5F00030780F088000C3B585263E10C947EF7804
:10D60000C8C7E078E07EE078E6C08098CD708CBE38
:10D61000170E2213C94589450F0C831FFFFFFFEF2B
:10D62000CB450000FFEF8198170E2213C9478947A9
:10D630000F0C831FFFFFFFEFCB470000FFEF0298A7
:10D64000150E021008461108830FFFFFFFEFCB46AF
:10D650000000FFEFCE7CEE78AE7D1A244E101E2522
:10D66000411309788C7E402A0D0538603668B86110
:10D670001076C1420C710EF7B862307060404AF704
:10D680009570CA200A0344F693780E78BF201F04D1
:10D69000C6C4E078E6C3A2C10846008060444024C6
:10D6A000C330402405314024863048472845CA0C01
:10D6B0006FF3031C43310214803028F043085501F6
:10D6C0002520000005F007F007F00EF013F0158E8E
:10D6D0000BF0178E09F00C9E81C3A141220E20038E
:10D6E000E1420FF01A8E81C3A141960E2FF5E1425F
:10D6F00007F00E9681C3A1419A0BAFF6E1420214E6
:10D7000080300471021C0230031481300F78B1099B
:10D710002580047701C04128010200AD21ADC6C7B4
:10D72000E8C2504028462C7010DA60408847060E48
:10D730002FFA68450C7007EE0B08912F0C71001D35
:10D74000831000A7C8C6E078E8C3A2C108460080DD
:10D7500060444024C330402405314024863048478B
:10D760002845160C6FF3031CC33102148030402689
:10D7700010132EF04F08D5012520000007F00FF000
:10D7800007F009F009F012F017F0168E0FF0049E62
:10D7900006F0059E04F0099E02F0039E81C3A1419C
:10D7A0005E0D2003E1420FF0148E81C3A141D20D22
:10D7B0002FF5E14207F081C30240A141220B200670
:10D7C000E142021480300471021C023003148130E3
:10D7D0000F78A5092580047701C04128010200AD1A
:10D7E00021ADC8C7E2C208450C70D60B2005A14187
:10D7F000B60D6003A140C2C6E2C3A5C128402A6895
:10D800003472540026002C704A24C07040240B301F
:10D81000A820C002F4224300F420401014234C102E
:10D820002471627800B480C083C15A0A200583C580
:10D830004A24C0704A2100008A228606A820C0021D
:10D8400002150315402440323C6024713C22C00084
:10D8500000AC17F035087100014083C1260A20058D
:10D8600083C54A24C07040244132A820C00202155A
:10D8700000153C2600700000000C011912004A0D32
:10D88000AFF44024403200412040C2C71905400394
:10D890003860E07F0E78E078E8C210404845547761
:10D8A0002978CA252110150D32102847210D33186B
:10D8B000CD7000284E030CF08C257F9886F6BA0EAA
:10D8C0002003B379084604F04228CE07096D4C7155
:10D8D000187A10782C70A0E0CA2185002B7EC02613
:10D8E000621010D9920E2003C1400845CE788A0EEE
:10D8F00020030FD9170D2010072700147A0E2003DC
:10D900000FD900208E0F0000FF7FCE78C8C6E078C8
:10D91000E07EE078E8C382240C355040084785C09B
:10D920008A220C00CA0D2FEC284500874024833141
:10D930004024043340240534402406324024C731B7
:10D94000A1410242D6096FF3061CC33103C5A90DDC
:10D95000111007148E30AD700C7004F08A253E163D
:10D9600095083100CF78061481308D0924000477A2
:10D970007708D5012520000007F01FF00BF011F00B
:10D9800015F021F025F085C0EA0B2FF582C116AF06
:10D990002BF085C0C20EA00382C104B725F085C05C
:10D9A000B60EA00382C105B71FF085C0AA0EA00362
:10D9B00082C109B719F085C09E0EA00382C103B7CA
:10D9C00013F085C0AE0B2FF582C114AF0DF085C0EA
:10D9D00082C1F208200680C28340219040900290CC
:10D9E00027B746B708B702C012707407EDFF0C7175
:10D9F000C571B4F1A140C8C7483101000736427073
:10DA000048470000288003318080E07C48A0E07F08
:10DA100004184300FAC2FC1CC8B68224033804155B
:10DA20000C006D700A2240210334C0920A21C021EB
:10DA30000A2580210A210031704458430845C8F660
:10DA400001348E1F003F00000D00000001348E1FC6
:10DA500000BF000047140F364A24C0705524403DD3
:10DA6000A8208002041102040032820F833A6F1250
:10DA7000041890005524413D5524823CA1403A09A8
:10DA80006FEE5524903C4836C0125524443D1D7815
:10DA9000442043005524C53BA140824123425524E4
:10DAA000CE3B2E08AFEE70434A24C0704A200000DF
:10DAB00055240C3BA8204003014EF02003201524E0
:10DAC00002100031410504710133410020A261853B
:10DAD0004985284D5524013B5524043A260EAFF2C2
:10DAE00010455524013A10DA060C2FECA2405524BB
:10DAF000013ACE0CAFF2A2405524013A10DAF20BF3
:10DB00002FECA2403C85A140520A6FEE62428A2669
:10DB1000441BBE66208E104332E9552550180F7005
:10DB2000402417304024163010DAC240C20B2FECCC
:10DB30000241077140261624F10872B240201024D9
:10DB40005527002910DAAA0B2FECA2415425901E6C
:10DB50004A26002010DA0240960B2FECE241C671F3
:10DB600040201024F10EB2A240271724A1408020AB
:10DB7000040520880909B502247120A84309113041
:10DB8000008E1FE856402F31C0065524433D2F32EA
:10DB90000000A140C6086FEE5524503D4A24C070D5
:10DBA0005625C018A8208002041001240031810FDE
:10DBB0006A44FBAE041850009E40491D18104A24C8
:10DBC00000712240A820800104150124041850008F
:10DBD0008A20040BB86000881019C0240FE83E4169
:10DBE0000C70033100804BF74A240071A820C0015B
:10DBF00026405220C00704191020001680100DE89E
:10DC00004A2400715625C018A82080010410010480
:10DC1000041F501006F00C7003A702A701A700A76D
:10DC20008024033804141B34DAC6E078EAC3B0C198
:10DC30004A24C070C84608450A2140217040484027
:10DC40004A2000004024063D4024093AA82040050F
:10DC50000349F0200C101526020000338B0F833A85
:10DC60006F1215210F100034831F7A3D00000471DC
:10DC7000001AC00260A78DC18AC240240537A140A6
:10DC80000243520DAFEE87C74A24C0704A200000FD
:10DC9000A8204003024F8AC104490032410480C3D6
:10DCA00001344110157B047120A380C183C28A090D
:10DCB000EFEEA14040250F1B83C110DA320A2FEC92
:10DCC000E1401D0831208DC080C26A09AFEEE141FC
:10DCD00001C100C202C034A553A515A54A24007194
:10DCE0000A208003A82080010417011404185000A2
:10DCF0002C8D3C1580104830000004A60FE92386C7
:10DD00000C70033100804BF74A240071A820C00139
:10DD100000865220C007041E1010CAC7E2C040206F
:10DD200008028D704C716C7019F0624803324080AB
:10DD30004C7015F6402583103D0B33014E25BC1069
:10DD400015204213A820000204120C040334409052
:10DD500003F6647110F08D714C70684589430CEACC
:10DD6000A2488D71033240804C703AF6616DBF0B52
:10DD700032818D716140C2C4E6C076108B008A2565
:10DD8000091D00208C0F0000240248330B10BE60D8
:10DD90000333C0900DF732248B1FFFFFD4FE130B0B
:10DDA00031108A2504151D65A08DB5707CF2608E3A
:10DDB00008EB80200A01C3434940DB0F60A05CF000
:10DDC0003224831FFFFFA8FE10EB4832C30250220B
:10DDD000FE87496BCA22210015208200BE84A4124E
:10DDE0000206013242035EA4548E10EA3224821FDE
:10DDF000FFFFD4FE86EA004280220405408A06EA3C
:10DE0000C342B23DC2B85AA44831C20275844477B5
:10DE1000483282005021FE870032820F32BEC2B8E3
:10DE200068140B100132810FB23EC2B8C342B23E39
:10DE3000C2B8CA2181000131C100DF840131C102B1
:10DE4000C3424940DB0FF78402368373803F0000F2
:10DE500003318080CA2245000033C303BE840036EC
:10DE6000811080200A010133410056A4013143038F
:10DE700037A478A4CB44B23DC2B8C3424940DB0FBB
:10DE8000033300834041CA21050303338080CA2243
:10DE900045004041CA21C50003330083CA218500E3
:10DEA00020A0C6C44833C202A08EF02682701300A0
:10DEB0001C766C70141E43107AA47EA4110D711090
:10DEC00055A40042AD708022090D60AAB570588437
:10DED00057A471F59AF1E078E8C382240C345040DD
:10DEE000084784C08A220C0006082FEC28450087CA
:10DEF000402483304024043240240533402406313A
:10DF00004024C730A1410242120C2FF3021C4335BA
:10DF100002C59BED03148E30AD700C70090000003B
:10DF20008A253E1691E802148030CF791B086400E0
:10DF300084C281C3C20A6000E14001C012700C714A
:10DF400030F7C571EBF1A140C8C7E078F2C3B3C1A7
:10DF50000A2180210A2140110A22002170455044E3
:10DF60003043110FFE01084744274000CC1F021028
:10DF700080140D301EC64A24C0700C70542408381A
:10DF800040240B3DA8204005F0230C20F024012064
:10DF90001520031000348C1F833A6F1215230210D2
:10DFA0000031810F7A3D0000047180A320A290C14E
:10DFB0008DC24024053AE14042430A244002A608AB
:10DFC000EFF44024103A4A24C070A8200002064012
:10DFD00000308003041810208DC140240437E14034
:10DFE000A24222434024103DDA0B200087C61E8740
:10DFF00036874A24C0700030800F744900244024C2
:10E000000B3A073048004A200000A8208004F02383
:10E010000210F0200120034E80C401318200157CE3
:10E020000030C11004710132410020A480C183C2BC
:10E03000DA0BEFF4E14040270E1B83C110DAB20E79
:10E04000EFEBC1401B0A312090C080C2E60D6FEE9D
:10E05000C14101C100C202C034A753A715A7BE43E6
:10E060009E427E41160DEFFFE1404A2400710A20D6
:10E070004003A820C00104160114041850002C8F7E
:10E08000A117001604A510E923850C700331008048
:10E090004AF74A240071A820000200855220C007D8
:10E0A000041D1010D2C7E078E07EE078E8C3A2C17A
:10E0B0000845008060444024C3304024053140249A
:10E0C00086305040284655250F18AE0A2FF3031C02
:10E0D00043350214803074F0650895022520000055
:10E0E0000AF00CF00CF00EF00EF010F016F01EF02E
:10E0F0001EF020F00C8D0CF005851DF006851BF040
:10E10000078519F0088517F02415801081C3C141D7
:10E110009A082FFA024214F02515801081C3C141DC
:10E120005E0CEFF402420CF0188505F0198503F03F
:10E13000048581C3C1415E0A6FF702420214803038
:10E140006BB87308D502252000000CF00DF010F01C
:10E1500011F019F01FF021F021F023F023F025F049
:10E160006815801011F06915801007F07415801083
:10E1700003F07515801081C3C14132082FFA0242A5
:10E1800019F07615801081C3C141F60BEFF40242FD
:10E1900011F01B850AF0018708F0028706F01C8544
:10E1A00004F0008702F0128781C3C141E6096FF7CE
:10E1B0000242021480300471021C023003148130C8
:10E1C0000F7819092580047701C04128010200AEAB
:10E1D00021AEC8C7E8C3A3C1484728452C7010DA50
:10E1E00060400A2000214E0BEFF968462C700A228D
:10E1F000800F1300387633ED4A240071A820800286
:10E200000412030480C03C6024713827C01000ACA5
:10E21000560E2FF580C038E80FDD001E4310011E9A
:10E220008310021EC310031E0311041E4311051E9A
:10E230008311061EC311071E0312081E4312091E76
:10E24000C3120A1E43130B1E83130C1EC3140D1E90
:10E2500003150E1E4315330000004A24407110E2DE
:10E26000A82080020412030481C03C602471382776
:10E27000C01000AC4E096FF781C026E8AD71001EDA
:10E28000C31123F0AD701B0FB019B866190F711CC4
:10E29000B866A572001843030118830304F0A57142
:10E2A0000018C302F20BEFF67827001C05E8B866E9
:10E2B000A57100188301130F711EBE66A571001EA3
:10E2C000831203F0AD7000184023C8C7F0C3A2C189
:10E2D0000846008060444024C33040240531402477
:10E2E00086305044284592082FF3031C0332021451
:10E2F0008030542693195426121855261019552685
:10E300008F1B4026111B48F05108550125200000A5
:10E3100005F00CF011F019F01AF081C32240A14170
:10E32000620F2FFA82421AF00A8681C3A141720D50
:10E330002FEF824212F03C16801081C3A1416E0E75
:10E34000EFF982420AF081C3424004F081C3624087
:10E35000A141AE0A6FF782420214803025083002D4
:10E3600081C31308F00181C32308B10181C3E140D7
:10E3700009F08C168010A141320EEFF9824207F0AD
:10E380000240A141FE0E2FFA824202148030047135
:10E39000021C0230031481300F7871092580047744
:10E3A00001C04128010200AD21ADD0C7E2C208453D
:10E3B0000C702608E004A141260A2003A140C2C631
:10E3C000EEC3B4C1484588464C70304110405520DA
:10E3D0004F08747042A641A640A623F44A24C07098
:10E3E00091C40C70A820C002014D152403100471C3
:10E3F0000031810FCC3DCDCC20A3691080202C7042
:10E400000DE84817821091C1F60B200002408A20C7
:10E41000040502707417811040880521BE80A40392
:10E4200022004C70038503308080C7F60130800FD6
:10E43000003F000005F00130800F00BF00004830B1
:10E44000C002761081200F783070780325004020BC
:10E45000132B088F0DE86810802080C62D08B100AE
:10E4600048AF91C180C2BA0B6FF262401EF07510C6
:10E470008020ED083000402412345520002984C249
:10E480003A0A6FF2624171F055208D2B91C180C222
:10E490008E0B6FF20A2040034A240071A8208001ED
:10E4A00004130024041D1010AD70C1408E0AEFF358
:10E4B00042C501C27FDB17BB0C700332C0804F2303
:10E4C000CC07CA206C00033200836F260B100B7E32
:10E4D00060419D7140403C700332C080560E2FF465
:10E4E000CA20490008460330808F4940DB0F86F67A
:10E4F00002368E734940DB0F00C043C0B20C2FF5CB
:10E5000083C045C544C500368D1F003F0000060D81
:10E51000AFFAA14003C10031000046C0A60F6FF65C
:10E52000A1407510812047C008E95520002984C109
:10E53000BE09EFEB10DA12F040200D2B84C089C227
:10E540007A096FF2A14189C0760A6FF28DC18DC13F
:10E5500010DA9E09EFEBA1405F02000084C010DAE0
:10E560008E09EFEB624168108D2091C180C2B20A22
:10E570006FF242401D0DB0104A2400715520812BCE
:10E580004020002BA82080010410020404199000F0
:10E59000AD7080C0A609EFF342C500C001C148C0FC
:10E5A0000331408344F70A0C2FF588C04020002B2C
:10E5B000DA0E2FF242414240EA0E2FF2C14108C268
:10E5C0004A24C0700A208003A820C00120800032A5
:10E5D0004100041850007410802030E84A24C070B4
:10E5E0004C7022430C7043C2A820000204130104A3
:10E5F00000314100013040000330808F6144000051
:10E6000043C0C6F60030820FBC3862BE7FD817B850
:10E6100003320080CA2085006C1003204A24C07099
:10E6200000300100A82040020086003300000031C5
:10E630000000041E1010C1F04A24C07055200D2D9A
:10E64000A140C142A82040026080041201040131AF
:10E65000C10004185000960AEFF9A1400330808FE2
:10E66000C8420000DCF602852185408542C0A140F9
:10E6700041C17A0AEFF940C24A24C07080C10A221F
:10E68000400343C0A8200003041103040733030020
:10E690000033830FC8420000041AD0007C10002011
:10E6A00008C1488702360B70803F00007C8F003025
:10E6B00041008D700033801089430130420048A72B
:10E6C0000CEB00875022C1076D7003310080694058
:10E6D000CA23691043C21DF64A24C0700A21C01221
:10E6E0000A2340140C7043C4A82000020413011430
:10E6F000003141000130400031870A2340120D7083
:10E7000003304080CA236910CA206C1043C06000E7
:10E71000290079230000ACE8018743C2BFBA033265
:10E72000008048002C000D71028570100320408588
:10E7300021856C100B204A24C0701C1F021242C09D
:10E7400040240830C14043C341C140C2A820400317
:10E750000410021420800033820000334110013184
:10E760008100041850000D700A2340123F0B301036
:10E770004A24C070208570100020418562856C108D
:10E780000B2040C140240930C14143C041C242C3B3
:10E79000A82040030411031440810030C30000335B
:10E7A00082100132C200041990000F0810109CAFB3
:10E7B00082A681A680A6F910802084E8F91843205B
:10E7C000681080203708B00055208D2A1643581055
:10E7D00002204024043D22412A096FF2A1408DC14C
:10E7E00010DA0E0FAFEBA1408DC1D60F2FF2A14072
:10E7F0008DC110DAFA0EAFEBA140CEC7F0C3A4C1B1
:10E800005520CE0D1041284532866516001650421F
:10E81000EA0D2FFAF81943200471651E181080C103
:10E82000A60BEFF9A14000C381C10C7004110204D2
:10E830000471FD08B2800133830065160F164A2467
:10E84000C070146F2270926F5620C008A8208001FB
:10E8500004150114041850002F33C0008A22090B3C
:10E860002272208A152100234918D8008DE93286AA
:10E87000631600160B0923002C7120AA05F0047101
:10E880002C70631E1810347093F2B28610868E714D
:10E8900009205003170F231442205320270FE1149F
:10E8A0002C71F143B144A14317F0BF67016F0220FF
:10E8B00000044A0D2FFAA14165160F1600416C7233
:10E8C0000BF0F865047102200004320D2FFAA1410B
:10E8D00000432C71B14448309020562140294833E0
:10E8E00082204024073007368670803F0000E142D6
:10E8F00007360574803F00001E0C20000A24000526
:10E90000090A1020208603F02186160CAFFF80C074
:10E910006516011662868D7004B9227149110206CE
:10E9200089410332C08088F723862D7003324080EE
:10E9300002F62D718AE8150910100686A168E4E533
:10E94000C2F664DDA6A604F086A6AD70F91180209B
:10E9500005E8150A1020288607F0224080200405CB
:10E9600080A822F02986BA0BAFFF80C006E82240BB
:10E9700080200405001843002B093010ED702A8612
:10E980009E0BAFFF80C014700C7004F40D860471F0
:10E990002C86150862000DA6224080200405E0A800
:10E9A00002F0EDA605860B0D0210F8190320D0C762
:10E9B0002D04C0028A2401748A2104054C7056205B
:10E9C00043091961F4188000F8188200441898006F
:10E9D000F918820000198200A8200001041B110010
:10E9E0008A21090B9A1898009C1898003860E07FDB
:10E9F00040A8E078EAC268454846304108470E0919
:10EA0000AFF4552010084221C022B508D5022520B8
:10EA100000000CF011F018F01DF024F029F02FF098
:10EA200034F03BF03FF046F0C1404A0BAFF4A14157
:10EA3000681F0210CAC6C140660FAFF9A141691F25
:10EA40000210CAC6C1405A0FAFF9A141741F02108B
:10EA5000CAC6C1404A0FAFF9A141751F0210CAC60C
:10EA6000C140120BAFF4A141761F0210CAC6C140CB
:10EA700006092FF7A1411BA7CAC6C140FA082FF704
:10EA8000A14104180020CAC6C140EE082FF7A141D9
:10EA900008180020CAC6C140DE082FF7A1411CA7F4
:10EAA000CAC6C140D2082FF7A14100180020CAC62B
:10EAB000C140C6082FF7A14148180020CAC6E07817
:10EAC000E07EE078E8C382240C345040084784C0DC
:10EAD0008A220C001A0CAFEB2845008740248330B3
:10EAE0004024043240240533402406314024C730FA
:10EAF000A14102422608EFF2021C033202C59BED3F
:10EB000003148E30AD700C70090000008A253E168B
:10EB100091E802148030CF791B08640084C281C35D
:10EB20001A082000E14001C012700C7130F7C57165
:10EB3000EBF1A140C8C7E078E8C3A4C168454846E6
:10EB400028475608AFF41040210F301280C2330F0F
:10EB5000F011C140290FB11180C2C1400A0FEFF975
:10EB6000A1415520802B08F0C140FE0EEFF9A141D4
:10EB70005520002980C17A0BAFEB10DAC8C7220EEE
:10EB8000AFF9A1418C180220C8C7E078E6C248312D
:10EB9000030022920736C2704847000055208D0AB4
:10EBA00048310100084607364C7048470000D81528
:10EBB00000900D702C710030800FC8420000E41DE1
:10EBC00042903C1E421007368B70F44900240730F7
:10EBD0000303118507360F73803F00004830800023
:10EBE000003400100030800F833A6F12033000822F
:10EBF000041EC0127FA6FEA6C6F60130800F003F9D
:10EC0000000006F00130800F00BF0000388548305A
:10EC1000C302483181000034401048338100003085
:10EC2000800F833A6F124831C1020330008232A54F
:10EC3000C6F60130800F003F000006F00130800F63
:10EC400000BF00003E854830C3026D70483181002E
:10EC500000344010483381000030800F833A6F1237
:10EC60004831C1020330C08239A5C7F60130800F98
:10EC7000003F000005F00130800F00BF00003C8520
:10EC80004830C302483181000034401048338100CD
:10EC90000030800F833A6F124831C1020330C082C6
:10ECA0003DA5C7F60130800F003F000005F00130A0
:10ECB000800F00BF00004830C0024A24C0704830B6
:10ECC00080008A210A044830C0023B6649200005C2
:10ECD000482080001FA5C34013002C76A820000206
:10ECE0000410010407318100041B500007368070B6
:10ECF000803F00000730800F72BF22B08E098FFD69
:10ED000002360070803F00007E1D1810AA0CEFFF35
:10ED1000C140C6C6F2C3A4C1D4691E6670BE5042CB
:10ED20002845104080C010DAC1410A21C0210A25BF
:10ED300080210A2440210A230021B609AFEB68474D
:10ED40002F0DA314926D15200223A1414A240071B6
:10ED500080C04843A820400260800413081401309A
:10ED6000C3100418D0002471E509A28410E2330B0B
:10ED7000E223346F0271E14270B94A24007180C00D
:10ED80000A234010A82040026080041308140130B8
:10ED9000C3100418D000727210E14471AFF64A2417
:10EDA000007180C00A234004A820C00320800416FC
:10EDB0000B14003102050233811004189000003159
:10EDC0004100041B50003F0DA314152002234A24C8
:10EDD000007140240B3022410A248010A820C00377
:10EDE00004130314041400140230C00060810030C6
:10EDF00000000133000004191000A571D30DA29486
:10EE000010E2450BE223146F002010204220102452
:10EE10004A24007180C30A440A214004A820C00388
:10EE200004130204041400140230800040810030F6
:10EE300000000132000004191000727740201024F5
:10EE4000E571A8F64A240071A820C00126400030D0
:10EE5000400504191020D2C7E4C249684F7D9F25A0
:10EE60000213CB44A000CC492043BA64D18254247D
:10EE7000821A5965426E40B10F78C3441300605640
:10EE8000360EEFF74C74C4C60F78C100AFF72C7084
:10EE9000F1C004770F781D58D1C0E07EC5000FF790
:10EEA00005E83F108000216802F02C70E07F307888
:10EEB000E2C208453D5806E83F1080000471C2C612
:10EEC0008C2503980C7088F7A1403D5800419608A6
:10EED0002FF7A140C2C6E078F1C0A1C1047720425B
:10EEE0000F7880C1001C0130215800C11470CA2164
:10EEF00021008774D1C0E07F2040E078C341A000AA
:10EF00002086E07F00A1E078E6C2084502814485C2
:10EF100082850030830F4C3DD0CC0032800F733F90
:10EF200033330130C00063850130820F7AC40000A2
:10EF300004A5BFBA00810332808F3742868C41819D
:10EF400002A502300F0301810232CE00BFBFBFBE57
:10EF500003A585F7FE0C2FEFA140048D0137821326
:10EF60003308B000CD704B085000A7081100148D75
:10EF70000332808FF4415DBB04710F784920810C0E
:10EF80008E002C0034AD8508940C041D4310D4ADC4
:10EF90003FF0178D04710F793109F40217AD198D07
:10EFA00069089501C4ADD7ADD9AD81DE31F0158DBD
:10EFB0000332808FF4415DBB416855ADD0F6188DAA
:10EFC000D6AD047118AD1FF00332808FF4415DBBE4
:10EFD0003E000C00198D047119AD1BF0168D0471E3
:10EFE0000F792309B40116AD188D1508F402A1405C
:10EFF000041D8310D5ADD8ADD6AD0BF0560C0FEF78
:10F00000558D4F78E5E085F74A0C2FEFA140C140C0
:10F01000C6C6E07800420280033040800C70E020D9
:10F02000CE07038203304080CAF74482C340404089
:10F03000000003324080E07FD020AE057FD8E07F23
:10F0400017B8E078E8C382240C375040084787C0DF
:10F050008A220C009A0E6FEB2845008740248333E8
:10F060004024043540240536402406344024C73368
:10F07000A1410242A60AAFF20E1C033105C5790D6B
:10F0800011100F148E30AD700C7004F08A253E16EE
:10F09000B2E80E148130CF785D09040023083001F6
:10F0A00084C12908B00084C13708F00084C13B083E
:10F0B000710087C0BE0C6FF484C104AF15F0B60CAC
:10F0C0006FF487C015AF11F087C0AA0C2FF880C26B
:10F0D00001C100C202C023A742A704A705F0960CF5
:10F0E0006FF487C014AF04C01270A407EDFF0C7159
:10F0F000C571CCF1A140C8C7F2C3ACC117C7504518
:10F10000304208462C7024DAE140E8450A2080218C
:10F110000A2140210A2300211A0C6FF97044048E41
:10F1200013083F0014DA15087F0080C014DA62412A
:10F1300007F080C0A24105F080C014DA8241B20D10
:10F140004FEB04C1D20EEFFFC14044C080C03E0B64
:10F15000EFF188C188C04E0BEFF185C1048E230802
:10F160003F014A2440712B087F014A244071330833
:10F17000BF0180C114DA7A0D6FEBA14021F0A140EC
:10F18000A8208001041501240418500014F0A140A7
:10F19000A820800104140124041850000CF04A2413
:10F1A0004071A1410A20C004A8208001041002047B
:10F1B000041990002485620EEFFFC14004A518C118
:10F1C0004A2440710A204003A82080010410020450
:10F1D000041F9010158E4A2440710AE8A82080016F
:10F1E000041300240419100011000000A82080015D
:10F1F000041500140419100004C24A24C0704A20E7
:10F20000000085C30C198020A8208004014B152123
:10F210000C2020A400318B0F7AC40000F0220C20B7
:10F220001520012004710134CC1280A10C1880201B
:10F23000D2C7E078E07EE078E8C3A2C1084600804B
:10F2400060444024C3304024053140248630484780
:10F2500028452609AFF2031C0331021480304026F2
:10F26000101220F0170810011708B00081C31F0802
:10F27000D00027085100048E0AF0158E08F00240D5
:10F28000A1410E0B2FF8E14207F0148E81C3A1417A
:10F29000EE0A6FF4E142021480300471021C023065
:10F2A000031481300F78C109058001C04128010293
:10F2B00000AD21ADC8C7E078E8C3A1C148472845E3
:10F2C0002C7010DA60400A2000216A0A6FF9684643
:10F2D000B570AD7027F24A24C070C3401300687641
:10F2E00040244130A8200002041002043827821074
:10F2F00001199200A20A2FF64024403004E8AD71B3
:10F30000A0AE11F0130F101F150FD01E170F911B79
:10F31000001E831006F0001E031104F0001EC3102F
:10F32000AD7100184023C8C7F1C0A3C1008060447C
:10F330004024C330402405314024C6323A08AFF29D
:10F34000031C033001C0A3C0D1C0E07EF1C0004166
:10F35000A60860040C704A24C07040210202C34019
:10F3600013005C7604194300A820800104100304F4
:10F37000041AD000D1C0E07F141905004A24C070DF
:10F38000402002020A21800F13005C76041843001B
:10F39000A820800104110304041AD000E07F14188F
:10F3A0000500E078E07EE078F1C0A4C10080402450
:10F3B0008331402404304024053340240632402465
:10F3C000C7315A0F6FF2061C033000C0A4C0D1C071
:10F3D000E07EE078E07EE078E6C034108C005520D6
:10F3E0008D0E0AEA0D0CD110408D210AB500C96AB4
:10F3F000CD700CF0408DEA108E0044714F7F0D0FE0
:10F400008513484640AD03F0C0ADE910820006E91F
:10F410001D0AB500AD700DF0EA108D00216A2F7A3B
:10F420000F0A45032845E918420005F0A96AE918C2
:10F430004203EA108B00CF792909C5020D0CD110C7
:10F44000EB1082001D098500AF7A230AC5022D0C3E
:10F45000B4102C71EB108100130A6500296C0EF0BA
:10F46000216C2F7A0D0B840008F0110BF5002C7223
:10F470003418C200604104F0341842002F79190991
:10F480000503110C9010110CD110E8180300C6C42C
:10F49000E8180500C6C4E078ECC3A1C155204E09A8
:10F4A0000845FC8003864A24C070504020427042C8
:10F4B0002C705041A820400304120B044024433018
:10F4C0003C630333009024716F230B0060AC760F14
:10F4D000AFF34024403033E86486FD854A24C07091
:10F4E0000C702241A820400304110B044024423038
:10F4F0001C620333C09004716F220B0040AC460FB6
:10F50000AFF3402440301BE84586FE854A24C07096
:10F510004A200000A820400304110C24402441305C
:10F520001B610334809004716F210B0020AB160F18
:10F53000AFF34024403003E8FF85418616867D8581
:10F5400002378110003041001786013241005C858E
:10F550000030CC000337409021A6CA21C5030331F7
:10F5600000834843D0F69E8500300B030331C082F0
:10F570006843CAF67F8589430030C00003310080AC
:10F58000C2F66843028607368170803F000007306C
:10F5900080000130800F803F000003304080CA218E
:10F5A000050007364270803F0000614020A67FD9E9
:10F5B00017B90332C082CA208900001800200286D1
:10F5C0000133001003304080CA20490003304080DE
:10F5D00002A605F4001AC320CCC70330808F003F79
:10F5E000000045F6001A4320CCC7001A8320CCC780
:10F5F000EAC382240C385040084588C08A220C0097
:10F60000EE086FEB28460085402483304024043206
:10F6100040240537402406314024C730C14102420E
:10F62000FA0C6FF2021C033302C6D57079F403148E
:10F630008F3055251118CD700C7004F08A263E16B7
:10F64000DF083100EF7802148130D70924000477F5
:10F65000C1081503252000000CF013F017F01DF071
:10F6600021F027F02BF031F03AF041F046F04DF068
:10F6700088C00E0CAFF581C1901D04104AF088C0FF
:10F68000F60CAFF681C10CA544F088C0EA0CAFF6C9
:10F6900081C114A53EF088C0DE0CAFF681C115A56E
:10F6A00038F088C0D20CAFF681C118A532F088C0FE
:10F6B000C60CAFF681C119A52CF088C0BA0CAFF604
:10F6C00081C11AA526F088C081C1760A600583C26F
:10F6D00083C110DA1A086FEB22401CF088C09A0C24
:10F6E000AFF681C1AC1D001014F088C0860E2FF457
:10F6F00081C16D1D02100EF088C07E0CAFF681C175
:10F70000CC1D001006F088C06E0CAFF681C10BA5B1
:10F7100001C012702807EDFF0C71E5718EF1C14038
:10F72000CAC7E078EEC3ADC1A8470A210021304026
:10F730000845130AFE01001D03000C714678361DB2
:10F7400002100F0BFE010C716678351D0210784D0A
:10F750004024C2328AC3620B6FFE0241361580100C
:10F7600008E83515801006E80B1480306E7103E848
:10F770006E7040250E1787C1C140DA08AFF44024EF
:10F7800012374A24C07040244136A8208003041256
:10F7900002240C700332808F00470000CA206900E9
:10F7A00001191200220EAFF34024403607E80C7016
:10F7B00002A601A600A6341D02107670F3F28AC1DB
:10F7C00081C240248332A140D20CEFFF4024123A80
:10F7D0004A24C0700C70A820800315250110F02069
:10F7E000032021811522022004710233410020A24E
:10F7F00001C44A24C070046D8AC2A8200003041208
:10F8000001046080003441100133410004185000AD
:10F8100054952A15801004710F79507186012500C6
:10F820002A1D02104A24C0702C702A1D4210A820E4
:10F83000400315254010448001808AC3357B023087
:10F840008000247100A38AC087C10A08AFF4402455
:10F8500010373F8501C04A24C0704C70073041000A
:10F860000C85031C8230021C823000310C00A82061
:10F87000C00304100324402441360C70033300837A
:10F8800059614471CA206A0000A93E0DAFF34024BB
:10F890004036F10830004C70B01500108B854A24BA
:10F8A000C0700130810F803F00000A20800F20418E
:10F8B000000003310080CA20450040240B37B01DF2
:10F8C0000010A820C00304130814402443362C70F1
:10F8D000033000935B634471CA21690020AB073693
:10F8E0001270803F0000C340CC3ECDCC033200A05C
:10F8F000CA220520D20CAFF340244036C90830009C
:10F900008AC2860AAFF58AC06B854A24C07087C157
:10F9100040240B3383C2A820C00204110004033327
:10F920000080CA20C500041A10004A24C070284D67
:10F930008AC20A200020A820000404120104041333
:10F940000C1460800032412000310103013341007A
:10F9500004185000402481304024C230C60C2000DE
:10F96000A1404A24C070A820C00104100024081837
:10F970000020031482300214813080D800AF03F0DD
:10F980002C700A14833034159010520AEFFFA140F6
:10F99000341580100B080020008F87B800AF2A1D97
:10F9A00003104A24C0700A204004A820C001041695
:10F9B00001140418500034158010483000000C1950
:10F9C0000020CEC74A24C070284D0A200020A8205D
:10F9D0000003041201046080003241200133410021
:10F9E00004185000B8F1E078E07EE078E8C3A2C1E6
:10F9F0000846008060444024C33040240531402440
:10FA000086304847284572096FF2031C03330214FD
:10FA100080305526101846F07F0815032520000079
:10FA20000CF014F014F016F016F018F018F01AF0AC
:10FA30001FF022F028F02BF09016001181C3A14195
:10FA40005208AFF5E14229F00C8622F0148620F02E
:10FA500015861EF018861CF019861AF01A8618F002
:10FA600081C30240A141F60E2005E14215F0AC161B
:10FA700000100EF06D16801081C3A141020B2FF40F
:10FA8000E1420BF0CC16001002F00B8681C3A141BD
:10FA90000209AFF6E142021480300471021C023008
:10FAA000031481300F7875092580047701C041283F
:10FAB000010200AD21ADC8C7E8C3A1C1504028452F
:10FAC0002C7010DA604088476A0A2FF96846B570D2
:10FAD000AD702EF44A240071C342130074760C708A
:10FAE000A82080020412030480C11C610471382024
:10FAF000C12020AC720D6FF480C01AE80CDD001E2E
:10FB00004310011E8310021E0311031EC311041EA5
:10FB10000312051E4312061E8312071EC312091E7E
:10FB200043130A1E83130B1EC313A8AEA0A7C8C796
:10FB3000F2C3A2C110451015002460444024C33014
:10FB40004024053140248630484530442A086FF26D
:10FB5000031CC333021480305525CE2C55250F2CA1
:10FB60005525102B5525512A4225122340251323B4
:10FB700053F09D08D5032520000010F011F014F07B
:10FB800015F018F019F01CF01DF020F021F024F011
:10FB900025F02CF02DF035F081C3624021F02415C2
:10FBA000802029F01A15802025F081C3424019F0E9
:10FBB000251580201FF0261580201DF08C150020B3
:10FBC00021F081C3A2400DF081C3224009F081C31E
:10FBD000024007F081C3E14003F081C3C14082418C
:10FBE0001E0AAFF6A14214F0D815802003F0D915F3
:10FBF000802081C382418A092FF4A14208F0A01518
:10FC0000002081C382418E0F6FF6A1420214803022
:10FC10000471021C0230031481300F7857092580CB
:10FC2000047701C041280102001C0220011C42206F
:10FC3000D2C7E078E2C208450C70F20FE003A141A0
:10FC40000A0B6002A140C2C601034002E07EE078D8
:10FC5000F0C382240C375044084587C08A220C0028
:10FC60008E0A2FEB28460085402483334024043538
:10FC700040240536402406344024C733C141824223
:10FC80009A0E2FF20E1CC333141411303670C7F4C1
:10FC90000F14903055254E1B55250F1C5525121D50
:10FCA0005525D31D2E700C7003F08A213E2614704A
:10FCB000B5F40E1481302F20070430705E012D0042
:10FCC00004778EE048010D00252000000FF052F06F
:10FCD00019F057F01EF061F066F06DF077F021F04A
:10FCE00081F02BF038F08EF03DF087C084C1F6082B
:10FCF000AFF680C201C100C202C028A547A509A570
:10FD000086F087C06E082FF484C12A1D021080F08F
:10FD100087C062082FF484C1351D021078F087C0B7
:10FD200084C1C208AFF680C201C100C202C021A7CF
:10FD300040A702A76CF087C084C1AA08AFF680C2B2
:10FD400001C100C202C0041B4020001B8020081B10
:10FD500000205EF087C01E082FF484C1E81D021049
:10FD600056F087C0120E6FF684C1B01D001050F01F
:10FD700087C002082FF484C1341D021048F087C0E8
:10FD800084C16208AFF680C201C100C202C022A5D0
:10FD900041A503A53CF087C0DA0FEFF384C1361DFF
:10FDA000021036F087C0D20D6FF684C19C1D001082
:10FDB0002EF087C084C12E08AFF680C201C100C2F8
:10FDC00002C025A544A506A522F087C084C1160857
:10FDD000AFF680C201C100C202C021A640A602A6A1
:10FDE00016F087C084C1FE0F6FF680C201C100C249
:10FDF00002C0041A4020001A8020081A002008F0CF
:10FE000087C0720FEFF384C1E91D021004C0927025
:10FE10009A06EDFF0C71067147F12240D0C7E078D9
:10FE2000E6C06D7000465520CF0C0C716147001A7A
:10FE3000C2022FF055254C1B6485C38455250D1C2B
:10FE400003338083C941CDF660A5A0870035881FA4
:10FE500000C000000133030260A400AA18F0C084AF
:10FE600003338083C9404BF760A4808701340C13AF
:10FE70000133030360A500AA0AF060870133C300C1
:10FE80000131CD100230C310AAA467A4E471A90FF8
:10FE9000F4801526CD010019C20227F06482DC121D
:10FEA0000C005522CE0D55220D0D03330083CEF6E6
:10FEB00060A6808700348C1F80C0000001330303DC
:10FEC000D01AC00000A964824085033380804CF7BB
:10FED00060A540870032820F80400000013382001D
:10FEE00040A600A96571B90BF4901526C202C6C4DC
:10FEF000E8C3084558804831000007360F7048476E
:10FF0000000002368070803F00000736CE73C84183
:10FF100000001A092FFDA7C1720FEFFC0036001078
:10FF20000737821FC8410000901501110236037087
:10FF3000803F00004831010077A5003240002C705E
:10FF400003304080C6F60130800F003F000006F00D
:10FF50000130800F00BF00004830C00214B50036E9
:10FF6000801F24BDCAA5260FCFFC02360070803F3B
:10FF700000004A240071EC1D001055250218402491
:10FF8000103383C0A820800204120104023641709D
:10FF9000803F000004185000020BE00383C0ED70A6
:10FFA0000640EA0EEFFC0036001040274F10F50F18
:10FFB0003291041810204A2400715425021E83C176
:10FFC000A82080020411000402360070803F000067
:10FFD000041A10001F855D8578150110AC150C10F2
:10FFE0004A24C07042C05525031A80C041C140C296
:10FFF000A82000020410010407344110041B500023
:020000040803EF
:100000002A1D0310361D4310351D4310C8C7E07864
:10001000E4C208455F20020FC340A000704CC341FA
:10002000F0002C015E600019410067861CEB002285
:10003000820FA000A94CC340F0000000001A03008A
:10004000B578CB44A0001442289013884084C5B8EA
:10005000027926A606EA607AA14086E867862686A7
:100060000709C500C4C600160270A000E841201EA2
:10007000011005EA607AA140C4C60F0DF110A1403D
:10008000BA088FEAC4C6DE0A4FEAC4C6E6C2084709
:100090005F270E1FC340F0002C01CB45A000A04CF1
:1000A00000184100D865560EEFFA09180300C34046
:1000B000A0001442408006EAA166607AE14084E82C
:1000C0000C708B58C6C6E078ECC2CB47A0008CE819
:1000D000167F08450087F0265273F000E802CB46F1
:1000E000F00000001040B57E1CE80C71001F0110EC
:1000F0000A0EEFFA002851035F2500150020800F3B
:10010000A00010518A0C6FF6AB219A2013169110A3
:100110002187489623200004A1405321512105F056
:10012000138E532051010422802F0100000005216D
:100130003EA009F2C340A000FC41208003E96079A1
:10014000A140C340F0002C0100184100CCC6E0786B
:10015000EAC2104015260070F000E8024A100F862F
:10016000CB46A0008CE816260E1400101100A086C5
:10017000412F01165321408106F21AED2186104FBE
:10018000107A14F014ED5F2000252C710029010471
:100190000020800FA0001051F60B6FF6AB219A00E3
:1001A0002186001E0110F07A607D024013091E2492
:1001B000C340A000FC41208003E960790240C340B5
:1001C000F0002C0100184100CAC6E078E4C2E1C486
:1001D000FC1CC8B2FC1C88B2FC1C48B2FC1C08B257
:1001E000FC1CC8B1FC1C88B1FC1C48B1FC1C08B14B
:1001F000E1C3E1C2E1C1E1C0FC1C88B76A25C010BF
:10020000E1C56A258010E1C5FC1C08BFA1C1C3403F
:10021000F000440100180102160D0FFB147143F2A7
:10022000CB45A000A86DCD70A140001C01302F2649
:100230000C102F2188830CF2C340A0003086008070
:100240004C716C70360C2FFB402404300426819FC7
:10025000FF0000000BF2C340A000148600804C7128
:100260006C701A0C2FFB402404300426819F000F71
:1002700000000AF2028508E84C716C70FE0B2FFB3F
:10028000402404306C26C19609F2018507E84C71C0
:100290006C70EA0B2FFB4024043000C003E8D60C3E
:1002A0004FFC8774C1C50A244073C1C56B258010FB
:1002B000C1C56B25C01004141E34C1C0C1C1C1C268
:1002C000C1C304140434041405340414063404149F
:1002D0000734041408340414093404140A340414CC
:1002E0000B34C1C4C4C26F243F00E078C100CFFB0F
:1002F000E2C20F7DBA0A6FEAA1401A0F6FF0A14067
:10030000C2C6E07839044FEA75044FEA15034FEA94
:10031000001E0070A0002886E07EE078E8C38224FA
:100320000C345040084784C08A220C00C20BEFEA0C
:10033000284500874024833040240432402405337C
:10034000402406314024C730A1410242CE0FEFF1D4
:10035000021C433102C57D0D111003148E30AD70A7
:100360000C7004F08A253E16B4E802148130CF7870
:100370006109240004774F0855012520000006F08C
:100380000AF010F014F01AF084C05208EFF881C19E
:1003900002A719F084C0E20F2FF681C104A713F061
:1003A00084C0D60F2FF681C105A70DF084C0CA0FF7
:1003B0002FF681C10AA707F084C02208EFF881C197
:1003C00003A701C01270A007EDFF0C71C571CAF13F
:1003D000A140C8C7E4C3A7C108450488284614E85B
:1003E0004A24C070B84DC140A82080010410020406
:1003F00004199000C3408C420000241D0110041D0C
:1004000003100AA54A24C0700C7084C4A8200003FD
:1004100015250110034E26811524021004710233A4
:10042000410020A284C02E0C2FF481C14A24C07048
:1004300040250016A820800104160114041850005D
:100440008A854A24C07081C140244230A820C0025D
:10045000041103040C7003330083CA206900011ADD
:10046000120066096FF340244030402503190DE85F
:1004700029854585C3400100805124711508640019
:100480004AA520A308F004852C7029A50AA504F02C
:1004900000A30041038510710C70C4F700A381D83C
:1004A000C4C7E078E07EE078E6C3A2C108460080D9
:1004B00060444024C33040240531402486304847FE
:1004C0002845B60EEFF1031C43310214803023F0AF
:1004D000390855012520000005F007F007F009F064
:1004E0000EF002860DF0048604F0058602F00A86FE
:1004F00081C3A1419E0E2FF6E14208F0038681C31D
:10050000A141F60EAFF8E142021480300471021CE2
:100510000230031481300F78B9092580047701C0B7
:100520004128010200AD21ADC6C7E078E2C22C70BF
:1005300010DA6040FE0FAFF88845001D0110C2C6FA
:10054000E6C3A2C108461816001460444024C33014
:100550004024053140248630484728451A0EEFF1E3
:10056000031C83300214803017F01B08B00081C3D5
:100570001D08710081C3C140A14186086FF6E142A8
:1005800006F00386A141720EAFF8E14202148030FA
:100590000471021C0230031481300F78CF090580EA
:1005A00001C04128010200AD21ADC6C7E2C2084525
:1005B0000C70960EA003A141420B2002A140C2C6BE
:1005C00039030002E07EE078EAC382240C3950410E
:1005D000084589C08A220C001609EFEA28460085E2
:1005E0004024C334402404374024053840240633D3
:1005F0004024C736C1412242220DEFF1131C833043
:100600001C141030630811201B148F300E700C70F6
:1006100003F08A203E26A9E813148130EF784B09B5
:1006200004002508700083C13108B10089C103C6E8
:1006300085C0D961BA08EFEA4C7405C1046E43C0A5
:1006400029A50CF089C09E0F2FF680C201C100C2FF
:1006500002C027A546A508A503C03270B607EDFF66
:100660000C71E571D5F10240CAC7E078483101004C
:1006700007364270484700002C7003324080C7F6AE
:100680000132810F003F000005F00132810F00BFF1
:1006900000004831C102041843004831810048314C
:1006A000C1023579E07F23A0E2C3A3C120420845FF
:1006B00080C1A2092FF4404000C381C14A2000003C
:1006C0000411020404710332C080F908B280CA2305
:1006D000890026858A204C071A6503334080D1F7AC
:1006E00004850333008042002E00A14105850333B9
:1006F00000805A002E006D741412C00034F0A14125
:1007000080210C07008961896D718968096B8D7B77
:100710000D7C88233E028C243E924C002A0060A966
:1007200088D90C712EF080210C07008961896D72C7
:100730008968096B8D7B0D7C88233E028C243E9258
:1007400060A952F688D90C721CF0A14180210C07D7
:1007500001891411C3006D7304770D7C8C243E92C3
:1007600060A98EF600AA2F2605F0200023000C7445
:1007700080250C170015C310614005F088D90C7353
:1007800020AA090B12000C73C2C7E078F2C38224BE
:100790000C3D5042104155208D0E8DC08A220C0018
:1007A0004E0FAFEA284626404024833340240435C8
:1007B0004024053C402406344024C733C141424212
:1007C0005A0BEFF10E1C433505C014701C022200B9
:1007D0008A2404270F148E308A23042D8A200523AF
:1007E0008A27051F5621152800245424002353244A
:1007F0000020502422770E148130CF783070DE0133
:100800002D008A210800047794E0C2010D00252004
:10081000000016F01AF020F024F02AF02EF034F048
:100820003DF043F04CF057F060F06FF07CF087F053
:100830008CF09BF0A0F0A7F0B4F0C3F08DC0460898
:100840002FEE84C100A5C3F08DC03A082FEE84C1FD
:1008500001A5BDF08DC0220B2FF684C102A5B7F013
:100860008DC0160B2FF684C103A5B1F08DC00A0B05
:100870002FF684C104A5ABF08DC00A082FEE84C109
:1008800005A5A5F08DC084C1820C6FF986C286C112
:1008900018DA5E0EAFEAA24099F08DC0DA0A2FF6A0
:1008A00084C10CA593F08DC084C1620C6FF986C21F
:1008B00086C118DA3A0EAFEA824089F08DC084C151
:1008C0004A0C6FF986C286C118DA260EAFEA62407A
:1008D0007DF08DC084C1360C6FF986C286C118DAEE
:1008E0000E0EAFEA024073F08DC084C1860C6FF724
:1008F00080C201C100C202C05A195820591998205B
:100900005B19182063F08DC084C16A0C6FF780C238
:1009100001C100C202C05D1958205C1998205E19FF
:10092000182055F08DC084C1E20B6FF986C286C1D4
:1009300018DABE0DAFEAE14049F08DC03A0A2FF651
:1009400084C1AC1D001043F08DC084C1260C6FF72C
:1009500080C201C100C202C06719582066199820E0
:100960006819182033F08DC01A0FEFED84C1BC1D3B
:1009700000102DF08DC00E0FEFED84C1C01D0010D2
:1009800025F08DC084C15E0C2FF680C201C100C26B
:1009900002C06C1958206B1998206D19182017F097
:1009A0008DC084C13E0C2FF680C201C100C202C0BE
:1009B0006F1958206E1998207019182007F08DC0F3
:1009C000C20EEFED84C1DC1D001004C052702A0677
:1009D000EEFFC5718A203E06D2C7C3421300F476EB
:1009E0003E09200222400C70D2C7E078F0C3ADC1AE
:1009F000084604888A250C190A2180210A224021F0
:100A000070445040304300268F1F0000D401DD6544
:100A100007E8008D05E8C1407A0C600062414A2475
:100A2000C0706D704024093B402408304A2000000B
:100A3000001D4310041EC212A8204007F020012010
:100A40000031810F7A3D00000331C082C6F60131CA
:100A5000830F003F000006F00131830F00BF00004C
:100A60004833C30214210C1015200210047120A277
:100A700060B48A25091FDD652C718BC2720B6FF182
:100A8000A1403D0C31200E7080C1220CEFFFC1400F
:100A90004A24C070004388C0A820800204130124A7
:100AA0000031810FCC3DCDCC041850008A220C01BE
:100AB000DA6288C10A0F2000C140104059170116A0
:100AC00017E9C14080200B04008893E88BC2A14045
:100AD0009E0B6FF14024133B4A24C07080C0A820B5
:100AE0004002021341254831810004185000581774
:100AF00000168A250C11DD650030820F7449002430
:100B000080C1C3432B3277CC40240434A140F60D7E
:100B10002FF14024133084C110DAD60BAFEAA14084
:100B200084C19E0C2FF1A14084C110DAC20BAFEA40
:100B3000A1404024C1334024823396082000C140A4
:100B4000001903200E148030052010202F2607F4F2
:100B500004F280D8001902202187408702874A24A6
:100B6000C07041C1424140C242C0A820C00204132B
:100B700000240030800F20410000041910000F14E1
:100B80008030483000000C1A0020D0C7004180217E
:100B90004C05E07F0089E078A3C14A24C07080C280
:100BA000A820C00104100104BFB9041A500000C0FD
:100BB00081C22C7004120304247103330080F909EC
:100BC000B280CA20C900E07FA3C0E078E8C38224D5
:100BD000023A4847284608455620010F86C090DA59
:100BE0000E0BAFEA402410364A24807180C0A82042
:100BF000C0011C1001240418500003C184C24A2003
:100C0000000004120304047103334080F708B2802B
:100C1000CA21C900C01500100331008044F7001E2E
:100C2000C31011F0BC1500100331008044F7001E02
:100C3000831009F0B8150010033100806F200B00FD
:100C400000AE8A204C05B86000880B089101001E98
:100C50000310001F031080250C15208D008E0F0837
:100C60004000001F4310008E00ADC8C7FAC2FC1C34
:100C7000C8B6A2C11041008060444024C330402463
:100C80000531402486305042304055218D2EEA0EE9
:100C9000AFF1031C4335021481308A2604178A27DA
:100CA000061B8A20050F8A2205098A2305038A2448
:100CB000041D5621D72D5621D82C5621992B56216B
:100CC0001B2800211620002194200021D52000217E
:100CD0001323227622776DF0CD08550525200000DC
:100CE00015F017F017F019F019F01BF01BF01EF0BB
:100CF0001EF021F022F025F026F029F02EF036F03B
:100D00003BF03EF03FF042F047F0008547F00185B0
:100D100045F0028524F0038522F0048520F0058546
:100D20003DF081C3634015F00C851AF081C3C140CA
:100D30000FF081C362400DF081C3A24009F081C36E
:100D4000824016F081C3234012F081C3C2400241A9
:100D5000D60F2FF9424228F0AC15001081C3024192
:100D6000320EEFF5424220F081C3034002412208D7
:100D70006FF7424218F0BC15001011F0C0150010BA
:100D80000DF081C3E14004F081C3E24002417208EA
:100D90002FF6424208F0DC15001081C30241020B1D
:100DA000EFED4242021480302168021C42300314ED
:100DB00080302F7925086580096901C0412801022A
:100DC0000018022001184220A2C004141B34DAC605
:100DD000E8C3A1C14845284660402C7010DA884716
:100DE000520F6FF87040D570CD7008F2470D911911
:100DF00000188321CD711FF04A240071C3421300F3
:100E0000E4760C70A82080020412030480C11C61E7
:100E100004713825C11020AC4E0AEFF380C00BE8F6
:100E2000CD740018432001188320021843210318B1
:100E3000C321C0A7C8C7E078F2C3A2C1084500809B
:100E400060444024C330402405314024863050455E
:100E50002846260DAFF1031CC331021480308A21CD
:100E60000C298A208C258A274C158A220C218A215C
:100E7000090C5625141F5625531E0021512300200E
:100E80005023BF67002252233D653FF07108D50112
:100E90002520000007F01EF00CF013F018F021F0F0
:100EA00027F081C36240C141AE0F6FF9A24228F022
:100EB00081C3A140C1414A0FEFF5A24220F081C396
:100EC0004240C141BE0BEFF8A2421AF0008F0BF076
:100ED00081C38240C141260DEFF9A24210F00010FB
:100EE000802081C3C1419A0E6FF3A24208F0001125
:100EF000802081C3C141B60AAFF8A24202148030FB
:100F00000471021C0230031481300F78810925809E
:100F1000047701C04128010200AE21AED2C7E078BB
:100F2000E2C208450C703A0D6003A141FA09E001E4
:100F3000A140C2C6EEC38224073550412846104066
:100F40005624803D2C7024DAA8450A2300217042E3
:100F5000E20D6FF856248F3D4A24C070A82080010E
:100F600004150014101F10108D700A2140146C70AD
:100F70000A2080144C705A2280014A248071562421
:100F80004D3B7860157D0A23001221410C7080A52D
:100F9000A82080020C130714181106040036C6019D
:100FA0000130800144710574CF0AF28000A564719C
:100FB000C10BB28125745524C83F5524C93F0A2668
:100FC000800415201E134C7022430C704A2480713B
:100FD0001420010015264D300A27800168432C702B
:100FE000001D8010A8208002041305140C170404AF
:100FF0000034440101310101047118E3D108B281C8
:1010000020A50A2480044A2480716D70214180400B
:10101000A82080020C1007040C1103040033C30144
:101020000133CB10142280005624813D9860014981
:101030000024833F00004401447101334110157BBB
:101040008474C70AF28020A385712574770CF2900E
:10105000C4745624403B0024813F000044015524C1
:10106000423B420D6FF855244D3B2C704A24C07012
:10107000A14262404A230000A820800204100B0411
:1010800018120C040034CC1201330303204E152037
:101090004220247101330000A574D509B281721A6F
:1010A0001800552400392C7024DA8A0C6FF8552466
:1010B0000D394A248071A8204001071D5310AD70DE
:1010C0005524483B4A468D704A24C0700141C140B6
:1010D0006D70A820C002041003041811020400322D
:1010E000C20001338B105A248011552401398571B7
:1010F000BA6033218000402407300CE6483080007D
:101100000230C10215278000C10CB29120A0A57148
:10111000B50DB2910574AC704C701520842022433B
:101120002C705A2180014A2480710A23C011152491
:10113000080068440C7078185811A8204003041463
:10114000061418130914003189110130400278186F
:1011500018102471CF09B28118E34471BF0AB2811B
:10116000E474CEC7E6C3822402344A248071084561
:101170000A2780105620400EA82080010411020486
:101180000418900080C02C7090DAAA0B6FF880C60B
:101190004A248071A8208001041700141C1E10101E
:1011A0005625001F80C14A0D6FEA90DA0C709C1D15
:1011B00018109D1D18109E1D1810C6C7F0C3BCC185
:1011C0008A214C253042ED70104000208D0F000028
:1011D000BC020021112099C1424068465043331C93
:1011E000C233720EAFF35424943C4A24C0700C7086
:1011F000A820C00415200320F0240120D8130300E8
:101200000024823F000061001A620331C080047133
:101210006F210B0020AA0024803F00006100260AF5
:10122000CFF20011812029E86109D5012520400075
:1012300007F02CF02DF02AF046F059F065F01785F4
:101240003F8541684508620057A5841502968515BB
:1012500001968615009649C24AC14BC0402002281B
:1012600086C1024000198320F7A548C747C7FA0E78
:10127000EFFF46C70AF00F09700180208C25001887
:101280004220F7A50019432133148030D0C71785B9
:101290005424043C4024C53C047117A5024042413B
:1012A00062425A092000C1435424C13B98C222091A
:1012B000EFFF02405E148030AD08D1000019032119
:1012C000F7A5E4F10024843F00005F004024C53C02
:1012D00002404241624226092000C1435F1480302F
:1012E00054E800198321F1A5D0F1178539850471DF
:1012F0009908628017A580208C2500108020F7A512
:10130000FF1802A0C2F117854A24C070047117A506
:101310004A200000A820800315200120F02203208D
:101320009C11010699C2157A02334100047120A272
:101330006A08EFFF99C03185E71193A00846013094
:101340004000350BB52211A540234020E71902A02B
:101350000F7815200020B4189803E71193A04415C6
:1013600012101EF03C851785210903800019C22345
:10137000F7A58CF146858A210B0602710230920096
:101380008DC024DA6A0B6FEA441D8014024080206D
:101390000B058DC128DA5A0B6FEA56C67E150196E9
:1013A0004833002000304000033200A048F7F1A588
:1013B000E719C2A3F7A50019032168F13B8517853A
:1013C0003070C806CCFF84150296851501968615E7
:1013D000009643C244C145C04020022880C102405B
:1013E000F1A5E719C2A3F7A542C741C77A0DEFFFE0
:1013F00040C7001983204AF1F2C38224053A8A25A6
:101400004C15CD700A2440210A2100217043484325
:101410003040104255204F081D65001D8203570BB8
:101420007100001C82034A24C0700C70A820400484
:10143000152202209C120306F02001200024823F86
:1014400000005C01157A0231C100047120A2002461
:10145000803F00005C01460F8FFF2C8703304080E7
:1014600068000C0000194320098D14701802020056
:10147000E7F0424080208C07208803E9C0A856246A
:10148000C13961404209EFF05624D5390C7000246F
:10149000813F000014014A24C070A2430A22400088
:1014A000A82080010C130C04041A10030471A67404
:1014B000E708F2800CE1430B30215422812A370BDC
:1014C000F1205422812D19F027158110498D307299
:1014D000700106000330808F20410000A8012C001D
:1014E00044719F17011649AD013040009F1F18102D
:1014F000D2C74022012F5524C03FF6096FEA18DAFF
:1015000095C02C7090DA2E086FF85424953A4A242E
:1015100080715524C03FA820C001041001041C1D87
:1015200050204A2400795622012F95C0A82040025D
:101530006080041102040132C20004189000562297
:10154000412E5524403EAA096FEA18DACC70C843F0
:101550004A24C0701423C01240204802A820C005AD
:101560003320870F130090760024813F0000140180
:101570000349402409334837810015210C101521F7
:1015800002120471057160A420A26571C50BD2908E
:101590002C704A24807115228C215524423E21430F
:1015A0004A2000009C1C9813A82080020412080402
:1015B0000C130B0400330B120130C002C4712574EC
:1015C000D30EF2809C1C18104A24C070A82040043E
:1015D00015224020F02043209C1000060024823F6A
:1015E00000005C01357A02330000247100A2230B55
:1015F00010210024803F00005C01A20D8FFF2C878A
:1016000003304080C5F6008D6508B1006C714087DD
:10161000218702876C7041C140C242C00019C220BC
:101620005524413E95C283C30024843F00005C01E1
:10163000402405300209EFFF4240001C4320D2C77E
:101640001AF44832010000304300013140009F1776
:10165000011602330C0003310083D6F6013300007B
:101660000331008050F7016A09AD0BF143872487ED
:101670000587D3F1CB0985800330808F803F000040
:10168000FE05C6FFC9AD9F1F9813D2C799028001FE
:10169000E6C3A6C108458A2007051F65E1404E0A3A
:1016A0006FF828460330808F7A44000082002600BD
:1016B0004A24C07083C383C0A8208002041601148A
:1016C0000031810FCC3DCDCC041850004A24C070AD
:1016D00080C1A820C00204170214041300040230C1
:1016E00080000419100000C601C402C303C204C173
:1016F00005C04A240071731D18139E1D1810721D19
:101700009813741DD8109D1D58109C1D981080258D
:101710000C114A200000A82000033320810F130081
:101720008476047148318100041D501004F05E0B72
:10173000A001A140C6C7E078E07EE078F4C382242F
:101740000F35504310425524403D8A220C00A20F11
:101750002FEA28454640402483334024043555244D
:10176000053D402406344024C733A1416242AE0BFC
:101770006FF10E1CC3311414113036707EF40F1447
:1017800090308A240C218A270C198A268C158A25E8
:101790004C155622562E5622152F2E700C700024F2
:1017A000942442774276427564F00E148130CD095C
:1017B00024000477AB08D5012520000007F038F09D
:1017C00013F023F02DF040F045F05524403D84C146
:1017D0006A0E2FF95524823B5524813B18DA120FEB
:1017E0002FEAC2403DF05524403D84C1F60DAFF5CF
:1017F00080C201C100C202C09D1A58209C1A9820C4
:101800009E1A18202DF05524403D84C15A0AAFF885
:1018100086C286C110DADA0E2FEA824021F0552402
:10182000403D520D2FF384C100AD1BF05524403DC7
:1018300084C1AE0BAFF98AC28AC190DAB20E2FEA28
:10184000A2400FF05524403D2A0D2FF384C100AE75
:1018500007F05524403D4A096FF884C100AF04C029
:1018600072700C7104F706710C7004F08A213E2628
:101870003B0830802F2007042240D4C7EAC3A6C10A
:10188000409200208D0F0000BC0210404832020040
:10189000BB1500960736827048470000CB46C8410A
:1018A0000000483080008D7048310300033280838F
:1018B000CA268510003080038A228C070030800FF2
:1018C000833A6F12027203300083C7F60130800F33
:1018D000003F000005F00130800F00BF0000BA1586
:1018E00001960736D17048470000483181004830E2
:1018F000C30200364010483381000030800F833A25
:101900006F124831C102033000833CA5C6F6013096
:10191000800F003F000006F00130800F00BF000084
:1019200007364C74803F00008B1501964830C30287
:101930004831800000360010483381006C70483117
:10194000C1023BA5003400109EA50030800F833AF1
:101950006F120330C080C7F60130810F003F0000D6
:1019600005F00130810F00BF00008C150096483152
:10197000C1024830800032AA003600100034001046
:101980000030800F833A6F120330C080C6F60130FA
:10199000810F003F000006F00130810F00BF000002
:1019A000901500964831C1026C704830800033AA0F
:1019B000003100200030800F833A6F120330C08066
:1019C000C6F60130800F003F000006F00130800FA6
:1019D00000BF0000081501904830CC0260AA4831D1
:1019E0008000FE1AC4800036001077A548348110AC
:1019F0000030800F833A6F124831C1020330C0803B
:101A00003FA5C7F60130800F003F000005F0013010
:101A1000800F00BF00004830C0026C70483080006A
:101A200055208F2E0036811FCC3ECDCC4830C002D1
:101A30000331C08019A5C7F60131800F003F0000B7
:101A400005F00131800F00BF00004830C1028A203C
:101A5000090F02705A0CEFF03EAA8A200B050270A3
:101A60002C7029DACE0A2FF8C01819204020002245
:101A7000E0DA7E0C2FEAE1418A210407027180C07E
:101A800018DA6E0C2FEA80C74A2480714020012F9B
:101A9000A8208004041700140030800FC841000003
:101AA000073080030030800FC84200000730400438
:101AB000041910008A21040D027180C018DA320C5A
:101AC0002FEA80C74A2480715420812AA8208004EC
:101AD000041700140030800FC84100000730800355
:101AE0000030800FC8420000073040040419100085
:101AF0008A210503027180C018DAF60B2FEA80C72D
:101B00004A2480715420812DA820800404170014D9
:101B10000030800FC8410000073080030030800F84
:101B2000C84200000730400404191000B6150096A2
:101B3000C34148410000033640900030800FC84147
:101B40000000CA26451007308003041843207E1D7C
:101B50001890CAC7E6C208450281458584850030D1
:101B6000830FCC3DD0CCCB470E42A1C20032800FB8
:101B7000663F666643850130CB000D70141DC012B0
:101B800001816281014602308E000081428502336C
:101B9000030302A5023080004181BFBEBFB80130FF
:101BA0008003BFBB43A50130C20002810332C08362
:101BB000094104A54F270016E48D80816181CA2662
:101BC000690003320080CA216910F570CA218111B1
:101BD0005023C6075024C71702378001CB464B431A
:101BE00078F1BFB8033080830C7494F742810332DC
:101BF000008290F703378081C7F6033400920C729D
:101C0000CA20EB0006F0033300820C70CA206B0080
:101C10000733821F7A4400007FDB17BB0332C0808A
:101C200006F603320082404342F76C70C2B84A683D
:101C30002B0AB5008D710333808FA33C0AD70C703B
:101C4000CA2069000333808F7A3F48E16F220B007E
:101C50000D7044780336808314F08D7096E803335A
:101C6000808FA33C0AD70C70CA2069000333808F91
:101C70007A3F48E16F220B000D714478033780836F
:101C80006F220B00047A04F04C708D70310F7010CD
:101C9000CD70F570ED7047F44509101003EA1C8D06
:101CA0001EE8198DED7004710D797B09720219AD72
:101CB000191D03121B1D4310ED7035F0188D0471B2
:101CC0000F7B430BF40218AD1A8D4B08F402A140B0
:101CD0008A0ACFEF1C1D4310ED7025F0198DED70B1
:101CE00004772F2605F03E00230019AD1B8DED7003
:101CF000D9AD19E8ED70DBAD15EA041D4310ED70A8
:101D000011F023093010ED701A8DED7004711AADC9
:101D100009F0ED7004EA1F083010ED713E0AEFEF94
:101D2000A140F5708A207E001C7684264210C140B6
:101D3000C6C6ED7074EC0281ED70BFB80330808FC1
:101D40000C4402366CF7ED71EAF1E078E8C38224C6
:101D50000C345040084584C08A220C002847920960
:101D60002FEA84C600854024833140240432402475
:101D70000533402406304024C731E14102429E0D24
:101D80002FF1061C833002C0A4E807148F300E71B7
:101D900015F01F08B00080C12108510000C009667D
:101DA000047140C0360B2000A140104006F0C60F61
:101DB000EFF284C0391D0210E57106148130EF780E
:101DC000D30925802F2607F40C7004F48A207E06A0
:101DD000C8C7E078E4C2848806EC001F030004183A
:101DE000030004F0001F43004A24C0704020090291
:101DF0000A2340120A248011A82080010413081429
:101E0000041C10126D703A108C0048340C100C1E1B
:101E1000000383830334C092C6F601348C1F003F55
:101E2000000006F001348C1F00BF00004834CE12C1
:101E3000CF7C8C24C39F1CF239108D001D0C6413C1
:101E40004A24C0700A24C010A820800104140B1476
:101E50000419D0123A1882034A240071001F0300AB
:101E6000A820800104130C04041E10038043020BFD
:101E700020000A244001C4C6E07EE078E6C3A2C187
:101E80000846008060444024C3304024053140248B
:101E9000863048472845E20C2FF1031C833002149A
:101EA000803015F00F089000190851003816801086
:101EB00003F03916801081C3A141C60EEFF2E14252
:101EC000021480300471021C0230031481300F7838
:101ED000D509058001C04128010200AD21ADC6C76A
:101EE000F0C3A2C15041284510402C7010DA604068
:101EF0000A2400213E0EEFF768464A2740104A2484
:101F0000C070011C8330021C033560C717ED4024EC
:101F1000403180C1A820000201118204382242040D
:101F200001189200720EAFF440244031E9083000ED
:101F3000AD70AD72E0AEA1AE87F00C70A820C0020B
:101F400080C10961402442311A6204713821410480
:101F500020AA460EAFF4402440316E70AD7005E803
:101F6000AD72E0AEA1AE0640D3421300007739084F
:101F7000B10142434A220000041300044024C1304E
:101F80005961447138210020F10AB28000A9AA0EDB
:101F90006FF54024C03007E8B866A572E0A80118C4
:101FA000830006403708F101402203224A22000044
:101FB000041300044024C1305961447138210020C9
:101FC000F10AB28000A9720E6FF54024C03007E814
:101FD000B866A572E0A801188300064050200000F2
:101FE0006708310240221224041200244024C13028
:101FF0006271667138210020F10BB2A000A93A0E7F
:102000006FF54024C03021E8BE66A572E0AE011E27
:1020100083101BF0064013089101210971250C76ED
:10202000E0AE0640AD71150851021109F12509D83D
:10203000B866E0A8A57106400F0991250B08F101CB
:10204000BE66A571E0AE001C4023D0C7E6C3A2C1A6
:1020500008460816001460444024C330402405316B
:1020600040248630484728450E0B2FF1031C83304F
:102070000214803018F01B08B00081C31F087100E3
:1020800081C3C140A1417A0D6FF5E14207F03216DC
:102090008010A141EA0CEFF2E14202148030047199
:1020A000021C0230031481300F78CF09058001C073
:1020B0004128010200AD21ADC6C7E078E2C2084563
:1020C0000C70B60BE002A141420D6001A140C2C6F6
:1020D00039054001E07EE07800429FE10C70E0208D
:1020E000CD070C71E07F381A4200E078E6C3822405
:1020F0000C374847084587C08A220C00F20DEFE9EB
:102100002846008540248334402404334024053687
:10211000402406354024C734C141E142FE092FF175
:10212000121C833003C0A2E813148E3018F0250867
:10213000B00085C12708710087C085C1A60C6FF566
:1021400080C201C100C202C023A542A504A507F0B8
:10215000220CEFF287C03A1D0210C57112148130B3
:10216000CF78CF09058003C0C6C7E078EEC3AAC107
:1021700038108C000845884768465041410C3F1094
:1021800030404A24C070E1410A200004A8208001A8
:1021900004100204041990003A1580104A24C070FB
:1021A000C1414830020022400C1F8010A82080014D
:1021B000041003040419D00043A668F04285238567
:1021C00004853A15921044C143C21B0CFF1045C050
:1021D00004C103C205C00A23802441C140C242C0D9
:1021E00013F04F85308511854815931041C140C2C9
:1021F000170C3E1142C001C100C202C00A22C02415
:1022000044C143C245C04A24007122410A208003D0
:10221000A820800104110204041890002C7380C2CD
:102220002240F60BEFF1C14360864186483300201F
:1022300022864A24007149C046C34A20000086C352
:1022400047C248C1A8200003014B1526021020A256
:10225000F020012015270210047120A22C7383C2E4
:102260000240B60BEFF1E143418722876087483295
:10227000002047C249C048C186C110DAE140720C53
:10228000EFE946C338158C10270C7F102C74210CF5
:10229000BE1014E52C740240E143460D2FF3A14219
:1022A0002C742240A1423A0D2FF3C143CEC714E54E
:1022B0000240E143920BEFF1A1422C742240A14273
:1022C000860BEFF1C143CEC74A24C0704020020FF5
:1022D00040200102A820800104110304041AD00048
:1022E0003A10810004184300E07F48184200E0786B
:1022F000EAC3A9C1304086C14847CE082FF8084537
:10230000F20FAFF886C0D341DB2EFFE603304084E6
:10231000CD70D7F6360F4FF63508132253085020EC
:1023200065089020A50811212085428561855221EC
:10233000C10741C640C20030CE0042C146F02185EF
:102340004085028541C140C242C040F04F08102282
:102350006108102875081124218540856285522165
:10236000C10742C641C20030CE0040C12EF02285D6
:10237000418560855221C10740C642C20030CE006F
:1023800041C124F02185608542855221C10740C6A4
:1023900041C20030C00042C116F0618522854085EF
:1023A0000030C0005221C10741C642C240C10CF0FA
:1023B0002085628541855221C10742C640C2003056
:1023C000C00041C15220CE0780C083C1FA0FEFF791
:1023D00080C5220FAFF883C00136811F803F000007
:1023E000033040840031810F003F000044002C0086
:1023F0002F3340007FD917B903364090CA264910C1
:10240000013002004A24C07002368073803F000011
:10241000073080002F3200000A20C003A8200002ED
:1024200004150114003241000418500063A7CAC704
:102430000C7063A702A701A700A7CAC7F6C3B5C15E
:102440002846104492C1C1400A2740210A25002194
:102450007040760FEFF7484548141230501413308F
:1024600013C7018622860137D61440261112003286
:10247000822F6B3CFAED5220C007033680A04EF746
:10248000013382246C702F3280000331C080CA2156
:10249000890004F65222C1075E0A4FF200A50086A9
:1024A000560A6FF22F3180050018002000858D70CC
:1024B0005220C00700A526400330008387F706405E
:1024C0005220C0070018002026403FD9013783144E
:1024D000033000834C7018B9CA2266000333408071
:1024E00044F784EA418627F001338324418603338D
:1024F0004080C33205833E002500033200830E0175
:102500000600C34335BFF3040332C080FE002C0035
:102510000330C0802086CDF60330008345F70331B9
:10252000808F353FF304E80026000331C080E000CF
:102530000C00208645C246C044C184C020D98BC24D
:10254000B20DEFFF8BC580C08BC1A609EFE910DA91
:1025500002C001C103C300C25220C0075221C107FB
:102560004CC34DC24BC04EC187C28240B60820004A
:10257000A1410AC182096FF209C00030800F00C07A
:1025800000006C700330C08045F70130800FC940F7
:10259000DB0F001D00202640408621860330C080CE
:1025A00051C08FC04FC250C157F720D9460DEFFF21
:1025B000A14280C08BC13A09EFE910DA02C101C023
:1025C00000C303C221A55220C1075223C00740A562
:1025D00022A503A505F010D91A0DEFFFA14287C26D
:1025E000824042082000A1410AC10E096FF209C0D1
:1025F000013001000C700331008046F70131810F7A
:10260000C940DB0F001F4020D6C7208644C145C209
:1026100046C084C010D98BC2DA0CEFFF8BC5A6F17F
:10262000E6C080816380C381A08004110B00E2803A
:1026300000330803818000358313A2810037CB1259
:10264000013303020233C302484300344C13013305
:10265000030360A280816280C381A180E181438005
:102660000033060382810035891360800032C8037D
:102670000131821100330303013202020232C2002F
:10268000041B801080816180C381A280E181408031
:102690000033060382810035891363800032C8034A
:1026A0000231821100330303013202020132C200FF
:1026B000081B801080816080C381A3804181E180FC
:1026C0000033080300358C130037831042812280C9
:1026D00002340012003181000230C000023040009C
:1026E0000C1B0010C6C4E078408102A15470E07C4D
:1026F0002181007AEEC3A5C10847008040248332BF
:102700004024043340240534402406304024C7329A
:1027100050432846060CEFF00A1C83300C1411308D
:102720005B0911200A1492300B1490302E700C703B
:1027300003F08A213E26A3E82F2007043F0A042045
:102740001F08700000C52D08B100B96681C0A20F36
:10275000AFE94C7401C0A57440C507A70AF0B9667B
:1027600081C08E0FAFE94C7401C0A57440C502A7AB
:10277000C30B64A30C710671DBF12240CEC7E07875
:10278000E4C3A7C14A24C070084528460C7084C41D
:10279000A820000315250110034E248115240210E2
:1027A00004710233410020A284C0AA082FF381C122
:1027B000048D4025031412E84A24C0706041C140D2
:1027C000A8208001041002040419900046D80C1DB2
:1027D0000110041D031007A54A24C070A820800121
:1027E00004160014041B100007854A24C0704024FE
:1027F00041304830030081C0A82080020410020448
:102800000332C0806F220B0001199200360C2FF2A8
:102810004024403014700C702C7004F22385247115
:1028200042850D0A650023A503A581D8C4C7E078B9
:10283000E07EE078E6C3A2C1084600806044402400
:10284000C3304024053140248630484728452A0BB0
:10285000EFF0031C83300214803013F00D08900059
:1028600015085100028603F0078681C3A1418A0B37
:10287000AFF7E142021480300471021C02300314ED
:1028800081300F78D909058001C04128010200ADCF
:1028900021ADC6C7E2C22C7010DA6040960CAFF7CB
:1028A0008845001D0110C2C6E8C3A2C108460080C9
:1028B00060444024C33040240531402486304847DA
:1028C0002845B60AEFF0031C8330021480304026FE
:1028D000101418F01908B00081C31F08710081C3DB
:1028E0000386A141120BAFF7E14207F00240A1417C
:1028F0000E0D2FF5E142021480300471021C0230EB
:10290000031481300F78D109058001C041280102EC
:1029100000AD21ADC8C7E0782C7046DBFADA0418A8
:10292000430020A067A042A026A025A024A0E07F0D
:1029300023A0E0782C7046DBFADA0418430067A085
:1029400042A026A025A024A0E07F23A0E07EE0787E
:10295000EAC382240C395041084589C08A220C0000
:102960008E0DAFE9284600854024C3344024043747
:1029700040240538402406334024C736C141224252
:102980009A09EFF0131C83301C14103063081120D7
:102990001B148F300E700C7003F08A203E26A9E8BD
:1029A00013148130EF784B0904002508B00083C16F
:1029B0003108710089C103C685C0D961320DAFE904
:1029C0004C7405C1046E43C023A50CF089C0160CDD
:1029D0002FF580C201C100C202C025A544A506A5ED
:1029E00003C03270B607EDFF0C71E571D5F10240FE
:1029F000CAC7E078483101000736427048470000F6
:102A00002C7003324080C7F60132810F003F000076
:102A100005F00132810F00BF00004831C1020418E7
:102A20004300483181004831C1023579E07F22A05E
:102A3000E8C382240C345040084555204F0884C018
:102A40008A220C00AA0CAFE9284600854024833076
:102A50004024043240240533402406314024C7304A
:102A6000C1410242B608EFF0021C433002C6EF0E2D
:102A7000111003148E30021480302B088403CF7899
:102A80001108710084C02E082FFA81C1201F021086
:102A900001C0C7082420C57102148030CF79E30833
:102AA000458020178010B7083000CD707DD8CD70DC
:102AB0008A26D5378A25840CCB440000E67884DB4F
:102AC000C34200009C6CC34100006475C344000015
:102AD000AA7EC3470000BE0AC346000096E8CB4169
:102AE0000000EF418A2081128A2302188A270430CD
:102AF0001FA500A70C703E1DC511581D4510181DBF
:102B000005131A1D0513221D441190B574B553B554
:102B100035B5421D04114E1D8417501DC411521DA0
:102B20008417541D8411561D44124C1D0412401D5F
:102B3000C412441D8413CAB5CBB5481DC417D7B5FC
:102B4000D9B5DBB5DDB5C7A7AA0C6003C6A79E2023
:102B500006041AB503F08A263E16C140C8C7E078BD
:102B6000F8C3A8C14A24007150450A2680210A24CE
:102B700040210A2700217840084755200D0880C2CF
:102B80004A260010A8200007041100040030800F1E
:102B900003406F1203308083C6F60130800F003F80
:102BA000000006F00130800F00BF00004830C00276
:102BB000483080004830C002041A1000820C200106
:102BC00000C010407A0C200101C000201020720CBF
:102BD000200102C03209600002700E79E140420D0E
:102BE000200030422897104010492F2006800A000C
:102BF000030013780E78483080000030800F003DCD
:102C000000000A090FF54830C0022A1753111217A5
:102C10005111A60E60020E78483080000030800FFF
:102C2000003F0000E6080FF500422240D20E2000CF
:102C300062412A9F5B978B97689F1E21130018247F
:102C4000D11009B705EAE140520D200042412F237F
:102C500046042F22C60440278C16B84F7072CA2132
:102C600009030E9F001151018E0D20002C710EB72B
:102C7000489F309F0E0B20010F9F48973197596155
:102C80002E7B0B08E3000FB72FB7339F129FF60A76
:102C900020014E7A34974897314A2E7B090B230046
:102CA00012B732B7359F4E78DA0A200102422F9FC1
:102CB0004E702109230408B72C1780101E1F04141E
:102CC00088E80E9F0D0903204E71CEB72C1F821489
:102CD000129F0F080320241F04142C1F8213189F17
:102CE000160D20002C716C7118B7530A3020001C8F
:102CF0008224179714700C710AF239971A97589713
:102D00002A78346A2E790E783E2100003B9706E936
:102D10005C973D973D21830015E815EB1F973C1705
:102D2000811041092500402150002F210704107116
:102D30003C1F0214CA20252030F0189F2E7032400C
:102D400064F0441700113C1F8213AA0A6003C0B844
:102D50009E200604542788180E702E711AB74EF064
:102D6000589F1A9F746A1B7962792F2146800A0046
:102D7000030033792E79401703111309E3000E7114
:102D80000E72001C022458971A9F4217411104BA70
:102D9000F20920014E7A1AB744170011560A60034F
:102DA000C0B81E200004542788182E702F260780D4
:102DB00023F246170111481709116D714A200020AE
:102DC00000214202412A00020F7840280302507974
:102DD000627A65710B22808F000080FFC020620044
:102DE0002F24C71279210100D90E2583002010203D
:102DF000461F441002F00E70001081100C70D8B7FE
:102E0000C0B9DCB74A1F42104C1741111B0903001F
:102E1000441700113C1F8213DA096003C0B89E20DA
:102E200006041AB702F01A972F220680100023001A
:102E300010790C708FB80909000033781D79CEB96C
:102E4000172040002F2608F00D0A3300C021620031
:102E50003078137918972E7904B80E781308420049
:102E60004A17801005E8001C43204A1F8213D8AD82
:102E700000148C2008170B106485438725858A2051
:102E80003E009570CA2021003670CF20A2013D235C
:102E9000C8023D2183003072CA23010218AD87EBBE
:102EA00085B8101DC01245A518AD7E873F87290B38
:102EB0004400878528853D24C8123D218C0030724E
:102EC000CA24011288EC83B81C1DC01248A52C70BE
:102ED00018AD03F0216B608581852B0B24033EA781
:102EE000828523853D24C8123D218C003072CA247E
:102EF000011289EC84B8081DC01243A52C7018ADCE
:102F000002F0216B448F20A505EA4520000EC4AFD6
:102F100018AD001E022002872387838500200084CD
:102F200002A7001D002002854121018023A7002067
:102F30000084248546C0058541240C90002101842D
:102F4000412000804C7086C3041D802347C444C1C7
:102F500045C084C0444B404815208D301527812042
:102F6000447180A5EF0AB28000A1D8C7E07EE07866
:102F7000E6C3A2C10846008060444024C331402417
:102F800005304024863148472845EE0BAFF0071C3A
:102F9000433007148330061481302B0B44002F7804
:102FA0001708510000C041680F0FA410B860A416A4
:102FB0008C1040C280A824712F78E70B0580061C76
:102FC000423000C04128010200AD21ADC6C7E07803
:102FD000E8C2484530402C7010DA60408847560DF2
:102FE0006FF768460F0830200C700B0DD11F0C7165
:102FF00000AE00A7C8C6E078E6C3A2C108460080BC
:1030000060444024C3304024053140248630484782
:103010002845660BAFF0031C83350214803073F033
:10302000D90895052520000016F018F018F01AF0C0
:103030001AF01CF021F023F023F025F026F028F000
:1030400028F02AF02BF02EF034F03BF03CF045F065
:1030500045F04DF017860BF0188609F0198607F039
:103060001A8605F01B8603F01C8681C3A141320835
:10307000EFECE14242F00F9E16F0129E14F0089E13
:1030800012F02C16801035F0189E0EF00E9E0CF0EB
:10309000099E0AF0461600110DF04A16801029F01C
:1030A0007416401181C3A141560C6000E14226F024
:1030B0001C9681C3A141DE09EFF3E1421EF03C16EC
:1030C000801017F02386028640240431A142460A6C
:1030D000EFF9E14312F01E8603F08016001081C361
:1030E000A141160B6FF7E14208F09816801081C3DA
:1030F000A1418E0C6FF2E142021480300471021C77
:103100000230031481300F7819092580047701C03B
:103110004128010200AD21ADC6C7E078E2C3A2C1DB
:1031200008459780188054154611561545114E15BF
:103130004411501543115215421141C080C0260957
:10314000200040C400415815001101C200C358A519
:1031500077A518E81A859985541546115615451115
:103160004E154411501543115215421141C080C0F3
:10317000F208200040C401C200C300415AA579A54D
:103180002040C2C7E2C208450C70260B6002A14174
:10319000DE0CE000A140C2C6E2C3A2C108451C800B
:1031A0005B858C7041C040C280C0C3420000C83BF8
:1031B000C343FFFF39C4C34500009137A608200070
:1031C000804601C100C214703CA55BA5C6F674150B
:1031D00040111F08130007F04BF674154011130837
:1031E00052003C951378741D041001691CB5C2C7C8
:1031F0007D04C0001961C3400000FF7F1071CA2127
:10320000090007F60B09830FFFFF00802168E07FAC
:103210002E78E078E6C2284710D95E0D6000084598
:10322000084610D9520D6000E140C7780E784A0D6B
:1032300060000FD9FD6594E810D93E0D6000A140F3
:10324000C7780E78320D60000FD90AE8D570C340F8
:10325000FF07FFFF6F254310CA250910A140C6C60E
:10326000F0C230434979CD708DBE0847D8610ED980
:103270000A2280210A2140210A240021FA0C600040
:103280006845960FEFFF21871E25C1140017101007
:103290000845D861E20C60000ED900417A0FEFFFBB
:1032A00002401A2541141040D861CE0C60000ED99E
:1032B0000041660FEFFF02401E24C12401A7D86120
:1032C000B60C60000ED91A2581141040D861AA0CE2
:1032D00060000ED90041420FEFFF0240C3410000E1
:1032E000FF7F1709620300A7D375FFFFFF7FCA2185
:1032F000490303F6326E2E78D0C6E078F1C01E2165
:103300000C000C7003320080C6F60132800F003FC3
:10331000000006F00132800F00BF00004830C002FC
:103320006C70483080008FBB4830C202304B4C7804
:103330007D7998603860420C60000FD9D1C0E07F81
:103340000E78E078E07EE078E8C382240C345040C8
:10335000084784C08A220C00960B6FE92845008735
:103360004024833040240432402405334024063175
:103370004024C730A1410242A20F6FF0021C8335E6
:1033800002C5B570BEF403148E30AD700C7004F03D
:103390008A253E161470B6F402148130CF7830704E
:1033A00060012D00047795E04A010D002520000002
:1033B00016F01CF020F026F02AF030F034F03AF04D
:1033C0003EF044F049F04FF053F059F05EF065F0F4
:1033D0006AF070F075F07CF080F087F084C0A60C85
:1033E000AFEC81C117A787F084C09A0CAFEC81C104
:1033F00018A781F084C08E0CAFEC81C119A77BF0B7
:1034000084C0820CAFEC81C11AA775F084C0760C21
:10341000AFEC81C11BA76FF084C06A0CAFEC81C117
:103420001CA769F084C0320CE00081C10FB763F0C3
:1034300084C0260CE00081C112B75DF084C01A0C74
:10344000E00081C108B757F084C02A096FF281C13A
:103450002C1F02104FF084C0FE0BE00081C118B792
:1034600049F084C0F20BE00081C10EB743F084C084
:10347000E60BE00081C109B73DF084C0020EAFF356
:1034800081C1461F041037F084C0EA086FF281C181
:103490004A1F02102FF084C0BE0BE00081C1741FD0
:1034A000041029F084C0DA0DAFF381C11CB723F0FA
:1034B00084C0C2086FF281C13C1F02101BF084C09F
:1034C0002208600081C123A702A715F084C00E0F57
:1034D0002FF781C11EA70FF084C0020F2FF781C103
:1034E000801F001007F084C08A086FF281C1981F06
:1034F000021001C012709C06EDFF0C71C57148F1FD
:10350000A140C8C72C709EB92042107122B93EF765
:103510002C700BEA5B610B08C40062785479412A75
:1035200082803D79F8F5E07F3078E078E07F04181C
:103530004300E078E2C0001E0300201089000B0960
:103540005110878086A084EB838187A021108C0096
:103550004A2400710A2340110AEC4844A820800143
:1035600004140814041B101288440BF00A244010A1
:10357000A820800104140814041B101268440FECE6
:103580004A24007140200B020A244011A820800127
:1035900004130814041C10123CF0610930104A2472
:1035A0000071A5800C150C000334409355F68780FC
:1035B0005024FE9711F2A680033440938DF74A24DD
:1035C000007140200B02A844A820800104130814B5
:1035D000041C10121EF04A24007140200B02A84463
:1035E000A820800104140814041B101280DC201889
:1035F0000300001E02030EF080DC001E02034020C8
:103600000B02A844A820800104140814041B101203
:1036100004881F089000430851008FEB4A24007172
:10362000A820800104110004041D100010F0150CE6
:1036300030004A24007100168000C6B81700000050
:10364000A820800104120004041D10000016800050
:1036500087B8001E0200C2C4E8C382240C3950405F
:10366000084789C08A220C0086086FE92845008730
:10367000402483354024043740240538402406364E
:103680004024C735A1410242920C6FF0161C033151
:1036900007C5970D111017148E30AD700C7004F023
:1036A0008A253E1683083100CF78161481307B09B5
:1036B00004003108300186C13B08B00086C14D08C6
:1036C000F00086C15508710089C086C1A60EEFF5CD
:1036D00080C201C100C202C022A741A703A71EF0F9
:1036E00089C0620EEFF383C204C003C110A72FA7E5
:1036F00014F089C07E0EEFF580C201C100C202C085
:1037000025A744A706A70AF089C03A0EEFF383C2A3
:1037100004C003C10EA72DA706C012708407EDFFD9
:103720000C71C571BCF1A140C8C7E078ECC3AFC152
:103730004A24C07054200D0A084755200E08A140A5
:10374000A82040026080041102040132C200041863
:10375000900037870C70416987E162022B0057A700
:103760006185228580854A24C0704832860047C31F
:1037700048C14024083340240B36C343FA440000B8
:103780002C7046C4A8200004F023421015204C10D1
:1037900024710732890160420331C090CA22450278
:1037A000001C80104A24C070A820C003F020021022
:1037B000C341FAC400001523031003324080047192
:1037C000CA21890020A36C4FFC4F5427831886C25E
:1037D00040240433402405301E0D200240241030C4
:1037E00001C100C202C032A751A713A74027031787
:1037F000046FA84F83C24024043040240539120EC0
:103800002002704189C118DAE60E2FE922400186B4
:1038100002C100C301C24A24C0705427121C3AA737
:103820000477424159A778A7041E0010A82000027F
:1038300004110004003000000418102080C0B60AF3
:103840002FF8402410304A24C07083C2A820000200
:103850000412010400314100041850202F310020CF
:1038600080C0920A2FF8402410304A24C07083C1CF
:10387000A820800204110304041202240032C200B2
:10388000041890202F30002080C06A0A2FF80031E1
:1038900012240730800474178B100030880F7A448C
:1038A0000000210B11100330809F6D4466C6CAF6DC
:1038B00004C305C06D71741FC2127EA71FA703F059
:1038C00004C303C45023C1075024C0170230410071
:1038D000C340AB43000003310080B0002D0003342F
:1038E000009050F70334809FFAC30000CFF60333F3
:1038F000808FAEC26766CBF60333808F6A44CDEC0F
:103900008800060005C10331008080002C004C7047
:10391000950B301040A601868D085300033180AF0F
:1039200048440000C5F6033080AF5444008078005E
:103930000C00033080AF9644000058F71B8703301B
:10394000009054F70033C00000340C1302360070AE
:1039500074490024023000032F3000000130800F32
:1039600096420000033100803C0006001C8728E8D6
:103970001E8703330080D8F61F870331008054F779
:10398000741F03104C7110F01C871D0871004C70DF
:10399000008621681108720120A6C34058440080A7
:1039A0005CA71BA7288E0C7003A502A501A50F0A12
:1039B000600000A548AE03EA81D8CCC74C71C34073
:1039C00062443393741F0310ECF1E078E07EE078FA
:1039D000ECC3A2C108463C16001460444024C33026
:1039E0004024053140248630484728458A096FF035
:1039F000031C033102148030422610124226111B90
:103A00004226121E21F01F08300181C31B08B0009E
:103A100081C32308F00081C32508710081C342409F
:103A200004F0C14008F02240A141660BEFF5E142ED
:103A300006F00240A1412A0BEFF3E142021480306C
:103A40000471021C0230031481300F78BB09058019
:103A500001C04128010200AD21ADCCC7E2C22C70EB
:103A600010DA6040CE0A2FF78845001D0110C2C64B
:103A7000ECC3A2C108464416001460444024C3307D
:103A8000402405314024863048472845EA086FF035
:103A9000031C4333021480304026101740261113B4
:103AA0004226121A51F099085503252000000EF005
:103AB00013F016F01BF01DF01DF01FF024F026F09F
:103AC00026F029F02EF036F081C34240A141A20F2A
:103AD0002003E14234F081C3224004F081C302405C
:103AE000A1411E0BAFF4E1422AF0068614F00A86CB
:103AF00004F00D8602F00E8681C3A1419608AFF452
:103B0000E1421EF00B8608F0108606F03016801099
:103B10000AF00F8681C3A141860D6FECE14210F0DF
:103B20004416801081C3A141560A2FF2E14208F0E9
:103B300081C3C140A1415A0AEFF5E142021480302D
:103B40000471021C0230031481300F785B09258058
:103B5000047701C04128010200AD21ADCCC7E07857
:103B6000E2C208450C7062092002A141360CA00097
:103B7000A140C2C62D048000E07EE078E8C3822424
:103B80000C3D504008458DC08A220C00620B2FE985
:103B900028461C1500144024833340240435402457
:103BA000053C402406344024C733C14102426E0F15
:103BB0002FF00E1C433305C6D57090F40F148F30D0
:103BC000CD700C7003F08A263E16147086F40E1425
:103BD0008130EF78307004012D000477EF08550331
:103BE000252000000DF018F022F02EF032F038F011
:103BF0003CF042F046F04CF051F057F05CF08DC0D4
:103C000084C1520E200386C286C118DAE20A2FE967
:103C1000A1405DF08DC084C1CA09AFF480C201C16A
:103C200000C202C02EA54DA50FA551F08DC084C1C4
:103C3000B209AFF480C201C100C202C032A551A5D1
:103C400013A545F08DC03E0C6FEC84C110A53FF06C
:103C50008DC0260F6FF484C114A539F08DC01A0FE2
:103C60006FF484C117A533F08DC00E0F6FF484C1BB
:103C700018A52DF08DC00E0C6FEC84C115A527F092
:103C80008DC0020C6FEC84C11AA521F08DC0E6082E
:103C90002FF284C1581D021019F08DC0E60B6FEC95
:103CA00084C119A513F08DC0CA082FF284C16C1D00
:103CB00002100DF08DC084C1BA08EFF580C201C1B9
:103CC00000C202C02BA54AA50CA504C01270FA06BA
:103CD000EDFF0C71E57177F1C140C8C7E07EE07877
:103CE000E4C3A2C1A081284608DAB960020A2FE91C
:103CF00080C001C100C008E5A0A6C4C7E2C180839E
:103D000085722D0A2403A1C1021C04304A20000040
:103D100040248230808301128D0404713C6424713C
:103D2000F508B280A0AC0083047200A3C2C5E0789D
:103D3000EEC2704348471040C4E1D8002500CD7062
:103D4000CB45A0000086008D0B087100FFD8088DC0
:103D500004F0001D431008ADD342A00094E00F080A
:103D600021044C2040A9C38520F0C3401200F04A32
:103D7000CB441200F44ACA24011040250611C34066
:103D8000A000BC858A231000C344A00094E48A25C7
:103D900008000241232000034242CD7003E8C0AD79
:103DA00038F0081D0214C3A57FD8C47800AF018580
:103DB000766E54230108107140DA704140D88AF7BA
:103DC0004F26C01100AF0185001D031002204004E2
:103DD00001AF2F2007200185022202044C20C0AF32
:103DE00002AF218500270014CA222D0028B923AF75
:103DF0000474420FEFF62C7000218124046FF20846
:103E00002FE90242216E44D8CD7123A5001B042066
:103E1000C140CEC6EAC2C4E1484710409C0025001C
:103E20002C70CB45A0000086008D0D08B100FFD896
:103E3000098D05F0001D831009AD0B080104C18533
:103E400008F0C38F028F091D021408BE057EC1A5AC
:103E50008C26109060000D00008F418FC6B8366828
:103E60005861550E0410D341A00094E00021400495
:103E70007E082FE9246F0017C010390833004C204A
:103E800040A9C3401200F84ACB471200FC4ACA2797
:103E90000110C340A000BC85C343A00094E48A2461
:103EA000080022412320C003C1422C7020AD86E8C7
:103EB0002C7104F02C7020AD2040CAC6E2C2084428
:103EC000FDE0684509F2FEE40CF44040DF59001DB6
:103ED00005110C71C2C625D85A0EEFFFA143C2C608
:103EE000BFE40C7009F7150C5010150C50110B0C99
:103EF000D11021D8F2F1C2C620D8F0F122D8EEF1CB
:103F0000F1C00043FDE006F425D80E0FCFFF0DF001
:103F1000BFE30C7009F7170B5000170B50010B0B88
:103F2000D10021D8F3F1D1C0E07E20D8EFF122D822
:103F3000EDF1E078E4C3A1C180C0C3411300909AC1
:103F4000AE0FEFE84C743B5808462845FED880C1B8
:103F50008C70C142A1436B58F8D880C18C70C142AB
:103F6000A1436B58C340F0003F00208884B920A8CB
:103F7000C4C7E07809081200E07F397812783978F0
:103F8000E07F1278E6C2084528DAC34107490024D9
:103F90000C18010512188507C340C049009240253E
:103FA0000E1750AD21A502A52C703CDAC140681D4A
:103FB0008112581DC3107E0DEFF6641D8112F20EA2
:103FC000AFEFC1401A8519087202ED70198511080A
:103FD0007002C140DA0EAFEF641D411209954830FE
:103FE00000000030800FC84200000030800F833A8C
:103FF0006F120330C083C7F60130810F003F00000D
:1040000005F00130810F00BF00004831C1020AD81D
:10401000307A8BE2CA20450010784820C0000CB5E9
:10402000108D483000000030800FC8420000003082
:10403000800F833A6F12EE0C4FF34830C00205A593
:10404000C6C6E078E6C208458A200A00C341FD449E
:104050000020CB461643000001A510B55525401C95
:1040600024A5520FAFEAC7A54609EFEA5625801AE4
:104070004A2400745625011D0A20800F130058752C
:10408000A8208001041002040419900007852185EE
:104090000D7007360B70803F0000CB4410420000CB
:1040A00048318000C343964400000030800F4841EF
:1040B0000000CB47484400000030800F833A6F1265
:1040C0008B1D9813C342AF4900C8CB461C49004022
:1040D00003300082781D1813891DD8108A1DD8134B
:1040E00045A5C6A5C41DC012C6F60130800F003F0D
:1040F000000006F00130800F00BF0000309548300E
:10410000C00248308200483100000030800F484132
:1041100000004832C1020030800F833A6F124921FB
:104120000102482101010330008222A5C6F60130B8
:10413000800F003F000006F00130800F00BF00003C
:104140004830C002483080004830C0024920400654
:104150004820000109A50E082000A140C6C6E0784D
:10416000EAC3A4C14A24007610405520CD082CE0B3
:104170004A260010A8200001041811004A24807764
:104180005520002D0C188023401D801353185920F2
:10419000A8200001041811005620802A241D821333
:1041A000C8A5C7A5C6A56208EFEA104146852785C0
:1041B0000885CB477A44000041C140C242C080C15B
:1041C00010DA22402A0DEFE843C74A240074562033
:1041D000002BC341130098750A220000A82080011B
:1041E00004110304041AD0009FBF80C1C0A5C1A55B
:1041F000C2A528188023B1184320E3A5E4A52E0EFC
:104200006000E5A55520402B80C1E60CEFE810DAF0
:10421000CAC7E078ECC38224063E08465420000951
:104220002C70120BEFF614DA4A2440715426801BCE
:10423000A8200001041811008D708A208E01894782
:10424000AD70D86040DA8FBFA0A8FE184483FC1878
:10425000448320F02D831D097001142600132309C7
:10426000510248184403521844037FD817B810F07D
:10427000481884005218C4034FD818B808F04818DA
:1042800084005218C403C3407F7FFFFF17A38571CA
:10429000C50C7491152603138A20070DD8602C7065
:1042A000920AEFF68A22060045F015265113741182
:1042B00002204A24807BD342130018774022032334
:1042C000A82080020413000482C102710671382004
:1042D000800000A99E0FE00182C02C700AE814261D
:1042E0004013FA185C0080200A0D20B04500000041
:1042F000741103204A24C070A820C00204120224B2
:10430000402440313C6024713822C00000AC40247D
:104310004031860AAFF314265013024180210A0D62
:1043200004E88A20040003F040D8E0B1FA181C2009
:10433000A571DFE57607EEFF0E708EC02C708A2225
:104340000600F209EFF68EC75426911E40244D3028
:1043500021F08020BE0A3308750115D92B090E0003
:104360002C710C706C714C7160C102AD01AD20AD4F
:1043700075F00C702C716C7070F00C706C714C706E
:104380006DF00C7169F00C702C716C714C7140C047
:1043900065F0041100242C71D5E0980009008E68A6
:1043A000E70C759F0C702C716C714C70252000030C
:1043B00055F0EBF153F0E9F151F0E7F14FF0E5F191
:1043C0004DF0E3F14BF0E1F149F0DFF1DDF1DDF12A
:1043D000DBF1DBF12BF0D9F129F0D7F127F0D5F1A2
:1043E00025F0D3F123F0D1F121F0CFF11FF0CDF181
:1043F000CBF1CBF1C9F1C9F12DF0C7F12BF0C5F12B
:1044000029F0C3F127F0C1F125F0BFF123F0BDF190
:1044100021F0BBF1AFF1B9F1ADF1B7F1ABF1B5F10D
:104420001DF0B3F11BF0B1F119F00C702C7015F008
:104430008C20428D1E07CCFF8C20828D9FF38C2018
:10444000028EF5F38C20828E9DF38C2003808AF3FC
:104450009BF10C712C716C714C718BE852213E8078
:1044600007F452233E8005F452223E8014F2347049
:10447000CB43CC3DCDCCCB448B3A58A07D74C341CB
:104480001C410AE874709D71C340203C12AC54700A
:104490003C7040C080C14C74560AEFE8E1400671A0
:1044A0008C2001A8EE06EBFFE57470168210DF1673
:1044B0000016760EAFF28EC17FD9C3437A44000056
:1044C000C3427449002417B9C340C8420000DE1E2D
:1044D00019106AA64BA62CA6DD1E181080264E10B9
:1044E000001E4310CCC7E078ECC21040420F6FEBC7
:1044F00055204D0A83DAC340233C0AD74E712E70F3
:10450000CB4148430000DB47D63C62A10A26803FEE
:104510000E3D4DF3C346FA440000CB40C03F0000BF
:10452000CB4320410000CB47A042000064DE8A2537
:104530008700CB447A450000C343C841000017BA46
:104540008A24040B8A27070DC341704100007018AC
:104550000020C340033B6F12761883206818822422
:104560006918822474184224751842246C18402259
:10457000DC1D0090E01DC097E41D8097381D801160
:104580003C1D0012401DC012F1A5D2A57C1D40119A
:1045900096A577A558A5641D0011741DC01129A505
:1045A000CCC6E078E2C02C70C3420000FFFF80DD83
:1045B0002DDCC3437F4700FF151883001A18C30082
:1045C00037A8ACB08EB068A036A843B044B025B0D0
:1045D00049B034A828B027B026B0C2C4E4C2084508
:1045E0000A0FEFFF55208E0AA20A6FFCA140118628
:1045F000D8160390C341744500244830800021A59B
:104600000030810F004400003BDC0033800FC842C3
:1046100000006D700031810F833A6F124C710030D1
:10462000800F003B000018BC0331C082E41E829062
:104630003C1D82109EA51FA5C6F60131810F003FCB
:10464000000006F00131810F00BF000018864831DC
:10465000C102483080000030800F00440000483123
:1046600081000030800F833A6F124831C10203305D
:10467000C08232A6C6F60130810F003F000006F06E
:104680000130810F00BF00001E864831C1024C700E
:10469000483080000030800F004400004831810025
:1046A0000030800F833A6F124831C102033080809E
:1046B00039A6C7F60130810F003F000005F0013038
:1046C000810F00BF00001C864831C10248308000C5
:1046D0000030800F00440000483181000030800F1E
:1046E000833A6F124831C102033080803DA6C7F67D
:1046F0000130800F003F000005F00130800F00BF47
:1047000000004830C0024A24C070483080008A212E
:104710000A044830C0023A6549200005482080005C
:104720001FA6C34013001476A820800104100104C2
:10473000041A5000C340063B00E27E1E18107A0A9D
:104740002FFDA140C4C6E078EAC3A7C108455520A3
:104750004E089018850147D84A240071C341A342EE
:104760000BD718B855251018CB477B3ED75ECB44E6
:10477000DC44304EC3433B4AC1BFC342D33E98DD05
:1047800039A51AA5C3411300E07702406D1D03123D
:10479000ECA594A575A558A5A820800104110204D4
:1047A000041890001885CB44983DC2B5C343513FCF
:1047B00018B702360070803F0000C34283413B6C53
:1047C000CB47213DE561C3414C3FCDCCEA1D0312EF
:1047D000EB1D03118AA672A64BA5FAA64E08EFFAA6
:1047E0003BA6AA0E8FFA4A24007102360170803F60
:1047F00000000D6F1AA64024113383C0281D8511B7
:104800005C1D4010A8208002041001240236417073
:10481000803F000004185000820AA00183C0ED70A0
:104820006A0EAFFA264040274F10F90F3291041953
:1048300010204A2400715425001E83C1A820800244
:104840000411020402368270803F000004189000B8
:104850003E851F855D856A864A24C07055250F1ADE
:1048600041C142C080C10A20C00340C2A82000024A
:104870000411020407338200041890002C702E717A
:10488000046D24DA3040361D4214351D42142A1DB1
:104890004210A20CAFF6341D4210120CEFFB784D03
:1048A0006086418622868A864A24C070C340513978
:1048B00017B705A683C0351D4214361D4214101EBD
:1048C0000014181E001444C243C345C1A8200002AE
:1048D0000410010407344110041F50105525001B1B
:1048E0002C70520CAFF61CDA5525001D2C70460CAE
:1048F000AFF61ADACAC7E0782C70C3428C420000C7
:10490000CB44A0400000FADB081841010418430022
:1049100044A085A04AA063A029A028A027A0E07FEA
:1049200026A0E078E8C24A2480711040C34000000D
:10493000409CC343FA430000C3427A440000C34191
:10494000A03F00008D7056200B28CB4513008476C5
:10495000E8180020EC180020F018C020F41880207F
:10496000F8184020FC180023A82080029865041045
:10497000C000857148308000041B10108A20040795
:10498000C3412042000040250E1C461858200270EA
:1049900018DA5E0DAFE8C1418A20040D027054257B
:1049A00001194E0DAFE818DA8A200503027018DAF3
:1049B0003E0DAFE8C1417DD917B94A248071C3408B
:1049C000744900248A22050F591858205A18582073
:1049D0005B18582081D95C1818205D1818205E18C3
:1049E00018200020802017B9A820000104185000CA
:1049F0002415081028150B10EB85CB46C841000084
:104A00008A21090F7DDCC340A244008065189823E9
:104A100000204E202D7005BCC3431200804FC342BE
:104A20001C4500408A260F0A6E1818206F1818209F
:104A3000C140691818236A18D8206B1858226C18BE
:104A400058226D18582270189820711898216718EC
:104A5000D822661818227A0B6FEF6818D82308D965
:104A60008A0C6FEFC14018E58A2108000240B208A5
:104A70002000A1428A2108000240A6082000A1428D
:104A80000A0820000240C8C6E6C3A6C10846552051
:104A9000CF0C8A20090FD860160C6FEF8A250C15F1
:104AA0004A2400718A200C01B966D860AD70C342F7
:104AB00013008476A82000020112C3044833830047
:104AC0000418D0004A2480728A200B05D860A0A95F
:104AD000A8A9A9A928198302A1A9A2A9931F5813BB
:104AE0000A194203E8194283A820000104181100A2
:104AF00040872187028743C244C145C0402602182F
:104B000080C1C1408D1F581342C541C55A0E2FFEAA
:104B100040C580260C19A0AEC6C7E078ECC3A6C17C
:104B2000409200208D0F0000BC021040483202006D
:104B3000BB1500960736827048470000CB46C84137
:104B40000000483080008A228C276C7000221224DA
:104B500003328083CA268510003080030030800F26
:104B6000833A6F12483102000330C080C6F601302C
:104B7000800F003F000006F00130800F00BF0000F2
:104B8000BA150196073691704847000048318100F8
:104B90004830C20200364010483281000030800F99
:104BA000833A6F124831C1020330C0803CA5C7F67A
:104BB0000130800F003F000005F00130800F00BF82
:104BC000000007364374803F00008B150196483083
:104BD000C2024831800000360010483281004C701B
:104BE0004831C1023BA5003300007EA50030800F94
:104BF000833A6F1203308080C6F60130810F003F88
:104C0000000006F00130810F00BF00008C150096F7
:104C10004831C10248308000121A4220003600108C
:104C2000003300000030800F833A6F120330808021
:104C3000C6F60130810F003F000006F00130810F01
:104C400000BF0000901500964831C1024C704830FA
:104C50008000131A4220003100200030800F833A78
:104C60006F1203308080C7F60130800F003F0000D4
:104C700005F00130800F00BF00000815019048309A
:104C8000C302001A822048318000FE1A84A0003638
:104C9000001057A5483381000030800F833A6F120F
:104CA0004831C102033080803FA5C7F60130800F34
:104CB000003F000005F00130800F00BF00004830C9
:104CC000C0024C70483080000036811FCC3ECDCCF5
:104CD0004830C0020331808019A5C7F60131800F2A
:104CE000003F000005F00131800F00BF0000483098
:104CF000C1028A20090F027055208F2EB2096FEF72
:104D00001E1A42204A2480728A200B052C700270E1
:104D1000DE1A42A0A82000010418110031A540208D
:104D20000022E0DACA09AFE8E1418A2104070271F2
:104D300080C018DABA09AFE880C74A2480714020E1
:104D4000012FA820C004041700140030800FC841B0
:104D50000000073080030030800FC8420000073099
:104D60004004041910008A21040D027180C018DA71
:104D70007E09AFE880C74A2480715420812AA82088
:104D8000C004041700140030800FC8410000073031
:104D900080030030800FC84200000730400404192F
:104DA00010008A210503027180C018DA4209AFE8B9
:104DB00080C74A2480715420812DA820C004041784
:104DC00000140030800FC84100000730800300301D
:104DD000800FC84200000730400404191000B615C7
:104DE0000096C34148410000033640900030800FD8
:104DF000C8410000CA26451007308003041843202C
:104E00007E1D1890CCC7E078E4C3A3C108462C707F
:104E1000AD714024403007DA381E4213391E42106B
:104E200022A623A624A60E0F6FF63A1E42104A248D
:104E300040722C4E4026031280C160C561C562C518
:104E4000A82000020111C204483282000418900018
:104E50004A24C0704026001FA820800104130104CA
:104E600004185000481E0310C4C7E078E8C2084583
:104E70003E18C501181805031A1805037DD8CD7012
:104E80008A25D5078A24840CCB470000E67884DC89
:104E9000C34300009C6CC34200006475C34700001C
:104EA000AA7EC3460000BE0ACB41000096E8CB4074
:104EB0000000EF410E718A238112A0D98A260430A6
:104EC0001FA5841D00100C70221D0411F0B594B5AF
:104ED00073B555B5421DC4114E1D4411501D8411AA
:104EE000521D4411541D4412561D0412581D041421
:104EF0004C1DC412401D4410441D8413CAB5CBB5CB
:104F0000481D8417D7B5D9B5DBB5DDB5A01D801315
:104F1000E20860029C1D80139E2006048A22B50DC3
:104F20008A21DD096C70CB47000033098A24DC1C20
:104F30008BBB1AB557A559A538A53AA55525801894
:104F40002C7011DAA41D8213DBA5DCA52C1D8310A7
:104F5000D8B5CEB5C9B5461D84134A1D8213741D3C
:104F60000414DCB53C1D8213C3A5C2A5DEA5801DBB
:104F70008013EFB592B5BE0D6FF668B5C8C6E07880
:104F8000F1C06C708FBB1E210C00304B4C787D79CA
:104F900098603860E20F6FFF0FD9D1C0E07F0E78C4
:104FA000E4C27FDA0845C340D73E1E7417BAC34136
:104FB00022BE882FC34313000C784FA530A5218350
:104FC00040830DA50EA5028322A541A503A5248338
:104FD000438305834A24807140250C17CD7025A595
:104FE00044A506A5A8200001041C11105425001A90
:104FF0002C70420D6FF61CDAC341304466C6C340C4
:105000007A440000DEA5701D4110841D8013741DBC
:105010004310801D8013881D8213D1A5D2A5D3A56E
:105020003BA51FA5C4C6E0784A240071A8208001D2
:105030001410020404199000E07EE0782C724C7188
:1050400002F00C782F21428042F70C7AFBF5E07FCA
:105050004040E078408158600110CC000088626ACE
:10506000402C02124578E07F60A1E078E07F00A14B
:1050700031880EE9188815085100C340A000D0857A
:105080000088147080D8E07DE07FFFD8E07F0C704E
:10509000F1C058884A24C0702043C341A00018C101
:1050A000A820800100810B08800008E105F09A0B20
:1050B0002000018100A3D1C0E07EE078E6C24A244E
:1050C000C070C343A000ACC028476041A8200002C4
:1050D00040810B0A0100041903001CE11810820032
:1050E0004A24C0705423800DA820800120800B0921
:1050F000800008E012F0C1800336C0930EF2CB4569
:10510000F000340055D8360DEFF655AD4837C112D2
:105110004836C0122CB50DB5C6C6E078FAC2FC1CE4
:10512000C8B6220B2FF4ABC1A60EEFF3184148C04E
:105130003B580E70CB47A000ECC0124712424027EC
:10514000181B46C047C1281F0014241F0014201F2D
:105150000014650220001C1F0014237607861470BB
:1051600026020200698E318E8E8E181693107823D7
:10517000000079210200047A04EC0787047107A774
:1051800004EA0887047108A704E90987047109A7DC
:1051900004EB0A8704710AA7792400100520BE8059
:1051A000F3F22F26C524D670DE012C00AE71C1406B
:1051B000241CC130260A6FF3281C40352C86341677
:1051C00014101041AD702F20C004033140A344C01F
:1051D000D4F74226002D0F782708D400198EE5B8A1
:1051E000ABF45021FE87C34048440000CFF20331A6
:1051F0000080CA210900CCF0D3417F4700FF6F70C7
:10520000C340A000BC8584C18AC240240439034342
:10521000141C4034001F4310975AB60AAFFB1043CA
:10522000001F031000168070A000E88531085E00A2
:10523000C342A00020C10412070000128600888A21
:105240004382301705100010843029C305C124C0E3
:1052500041C22F22C704DE086FF640C48C233FAD45
:105260000BF40587A5710031912F003F00000B085A
:1052700065036F71A5A78A203F0D033100A539236F
:105280000020C5206B000520400579085180CB45E2
:10529000F0003400870B322052D8190B303052D82E
:1052A0009A0BCFF64831C1224E2300200CB52DB504
:1052B00009C17608EFFB03404226012D2F79190919
:1052C000F50005C00330808F7F4700FF44F77FD88B
:1052D00017B845C07209000044161110084510A601
:1052E000160A2FF5C14024E8033140A34BF20C709D
:1052F0000335009046002C003C96A1E94E16821022
:105300008A21BF0F0C778C22C38FCA2041004E1E0A
:105310000210381E4510FFD817F0220BCFF6483187
:10532000C1224E2300200CB52DB52EF02C715E0C41
:105330002FF3C14027F02E7063F10335009010F772
:105340000EE91CB60C700A0ACFF306C31C14043015
:1053500000422C73AC70D20FEFF6C140C3407F43C4
:10536000000003350090CA2045034830C00206C340
:105370001C1404300F7A782205002C72AA0FEFF665
:10538000C140B1A64671E67116F00041C340C83F66
:105390000000033400A0CA200905033140A0AE700C
:1053A000C4F6304110442DF1033100A01044CA214D
:1053B000052027F108C00C2700A0A205EBFF402F15
:1053C000CE21470A30202E7108C01AE854210D382A
:1053D00040210E368016C014150852002085502139
:1053E000FE8706F2860FE0000F7809E808C0067114
:1053F000E50822A055250D1802F02E70C340A0002C
:10540000D08500184204068709088504181F8014F7
:105410006A0D8FFBABC004141B34DAC6F1C0520C0A
:105420002FE80C71C341130030112609EFF60C72FE
:10543000C34113007411AE09EFF60C724E0FC00099
:10544000D1C0E07E00410330808F7F4700FF0C70A9
:10545000E020CA07033100807FD817B8E07FCA2058
:105460004D00E078E8C3A3C1084703808A0AA00082
:10547000A08007851D08D000890851012885448136
:1054800061910C111000008282BB61B140C00CF030
:105490000885028867087F0080C14485607AA14042
:1054A000104030E82E08C00004874024C332402456
:1054B00004310241A0801187C485DE0EEFFA4286D6
:1054C000360A80000B1480300F08510000C023857D
:1054D00001A66079A140018707800B20808F00081A
:1054E000180010F2048701C300C201802480A38049
:1054F00041A18281607D60A404F04A0B2FF6A14097
:10550000D20F8000C8C7E078E2C211809A0FEFFA8C
:10551000884500A5C2C6E078118055002FFB2F7981
:10552000E2C211809A082FFB884500A5C2C6E07828
:10553000A1012FFB1180E0784105EFFA1180E0789E
:1055400069052FFB1180E07855072FFB1180E0786B
:10555000FAC2FC1CC8B6A3C1CB45A000B46D0A8535
:105560000A801470DE0562008A20FC000B85802012
:105570004E002088560BE001A1402A850B85C20D04
:105580002001301941000B854BD9CD7070184200B5
:10559000DF18580380200E00C0A8BA082FF6542543
:1055A0008019B2082FF654250018D344130024782C
:1055B000D34300000080CB477F7FFFFFC342000042
:1055C000EFFF40DBCC75402407325624C12BA140AD
:1055D0000A24C004E14542C6001E8073A000B898AA
:1055E000620B6FF55045DB431300B07940DBCC759F
:1055F000402407325423813CA140A2420A24C00423
:10560000420B6FF5E14540DBCC7540240732A140E9
:105610006341A2420A24C0042A0B6FF5E145C3404E
:105620001300549176082FF542C6C341A000EC99AF
:10563000B20BEFF20C71CB471300B07C2C713A081F
:105640006FF55827401B402400252E086FF52C715C
:10565000D3461300E08010D96A09200240260029B1
:105660005926012940DA8A24010840240532A14044
:10567000C60EA00162435526412B40DA8A24010858
:1056800040240532A140B20EA00162435826C12F2A
:1056900040DA8A24010840240532A1409A0EA00174
:1056A0006243DB401300388F40DA8A24010840242B
:1056B00005325820C13FA1407E0EA001624355260D
:1056C000812D40DA8A24010840240532A1406A0E67
:1056D000A0016243C3401300E491C20FCFF4C34161
:1056E000A000949AFE0AEFF20C734024002F8A0F58
:1056F0002FF52C715424002A7E0F2FF52C7154267F
:10570000802DC208200210D9D3411300708A40DADC
:105710008A240108402405325821412BA1401A0E49
:10572000A0016243D3471300448340DA8A2401086E
:105730004024053254270129A140FE0DA0016243F7
:105740005821012940DA8A24010840240532A14069
:10575000E60DA00162435520013940DA8A24010890
:1057600040240532A140D20DA00162435427812D6F
:1057700040DA8A24010840240532A140BA0DA00174
:105780006243C34013009C91120FCFF4C341A000A9
:10579000409A520AEFF20C725827001ADA0E2FF5CF
:1057A0002C714024002AD20E2FF52C71542600298A
:1057B0001208200210D94226012940DA8A24010861
:1057C00040240532A140720DA001624359270129EE
:1057D00040DA8A24010840240532A1405A0DA00174
:1057E000624340DA8A24010840240532A140C241C4
:1057F000460DA00162435820013940DA8A2401088D
:1058000040240532A140320DA00162435827C12F28
:1058100040DA8A24010840240532A1401A0DA00173
:1058200062437A0EEFF45623C039C341A0000899B1
:10583000460C20010C762C713E0E2FF5824054232D
:10584000003F360E2FF52C715727001A2A0E2FF520
:105850002C705521802D6E0FE00110D95521402B61
:10586000620FE0012C70552100295A0FE0012C70C5
:10587000DB4113007C7E40DA8A2401084024053293
:105880005521813DA140B20CA0016243D3401300D9
:10589000D48C40DA8A24010840240532562001299C
:1058A000A140960CA00162435526012940DA8A24C2
:1058B000010840240532A1407E0CA0016243DE0DA8
:1058C000EFF45623403EC341A000A099AA0B20014B
:1058D00009D84227001AA20D2FF52C715523403B01
:1058E000960D2FF52C71422700158E0D2FF52C707B
:1058F0005820402BCE0EE00110D95820802DC60E26
:10590000E0012C705820C02FBA0EE0012C708E0DD3
:10591000EFF45623003CC341A00054995A0B2001D8
:1059200007D85523C038520D2FF52C715523003A56
:10593000460D2FF52C714227001F3E0D2FF52C70C0
:10594000592000297E0EE00110D956210029760E3B
:10595000E0012C705521C02F6A0EE0012C705726F3
:10596000812D40DA8A24010840240532A140CA0B67
:10597000A00162435820813D40DA8A240108402476
:105980000532A140B20BA00162435626012940DA3C
:105990008A24010840240532A1409E0BA0016243E5
:1059A000C3401300C490F60CCFF4C341A000749C14
:1059B0008E0FAFF210D85827C01DBE0C2FF52C70DB
:1059C0005521C03FFE0DE00110D9C34013000C91DA
:1059D000CA0CCFF4C341A000B8A14E0920010BD8D6
:1059E0005627C01D920C2FF52C705827001F8A0CCB
:1059F0002FF52C705521403BCA0DE00110D95621DE
:105A000001394C706C708A240108402405322A0B3D
:105A1000A001A140592001394C706C708A24010802
:105A200040240532120BA001A140720CEFF455275F
:105A3000001EC341A0008CA6F608EFF20DD8542139
:105A4000803C360C2FF52C704021003A2A0C2FF5A3
:105A50002C70D34213000C8810D96A0DE001552236
:105A6000C02F5522402B5E0DE00140D92E0CEFF4E3
:105A700056274019C341A0004CA9E60920010ED8C1
:105A80004021003FF20B2FF52C7056220029360DD5
:105A9000E0012C705522802D2A0DE00110D9FE0B5B
:105AA000EFF45627801BC341A00040984A09EFF24B
:105AB00029D85521C038C20B2FF52C705520802DC8
:105AC000020DE00110D9CB46A0005E6E209657254E
:105AD000002E40C0247800B65520C02FE60CE0010F
:105AE00050D92A9600C040DA8A24010824780AB6E0
:105AF0005821C12F40240532A1403E0AA001624333
:105B00005420813D40DA8A24010840240532A14016
:105B1000260AA00162434027012940DA8A240108AD
:105B200040240532A140120AA001624359210129F3
:105B30004C706C708A24010840240532FA09A001D7
:105B4000A140542001394C706C708A240108402413
:105B50000532E609A001A140C340130004933E0BA7
:105B6000CFF4C341A000049CA60FAFF212D8542179
:105B7000003A060B2FF52C705821802D460CE001C1
:105B800010D91A0BEFF45523003FC341A000209E0B
:105B90009A0820010CD840210035DE0A2FF52C7020
:105BA000542200291E0CE00110D940D9160CE00146
:105BB0004240402200290E0CE00140D9572601291D
:105BC0004C706C708A240108402405326A09A001D7
:105BD000A1405820413B4C706C708A24010840243D
:105BE00005325609A001A140B20AEFF45524002A5B
:105BF000C341A000149F2E0EAFF215D85424802C60
:105C0000760A2FF5A241CB461300A88510D9B60B12
:105C1000E0014226001954260019AA0BE0012C705D
:105C20002C70A20BE001C14000160171A0000E6EA5
:105C30004025002341C02478001E0470A0000E6E91
:105C40004C4E820BE0012C7000160171A000226EF8
:105C500001C040DA8A2401082478001E0470A000E4
:105C6000226E5822C12F40240532A140CA08A0014B
:105C700062434220013940DA8A2401084024053277
:105C8000A140B608A00162435827012940DA8A24BE
:105C9000010840240532A1409E08A0016243FE098C
:105CA000EFF455278019C341A0009C9B8A0DAFF2E9
:105CB00017D85424002FC2092FF5A24155260019E8
:105CC000020BE00110D95426801DFA0AE0012C7065
:105CD0005922012940DA8A24010840240532A140D2
:105CE0005608A00162435720013940DA8A2401088E
:105CF00040240532A1404208A00162435827412BAD
:105D000040DA8A24010840240532A1402A08A00173
:105D100062438A09EFF45524802EC341A000E8A312
:105D2000B60EE00018D85524C0284E092FF5A24120
:105D30005526C01F8E0AE00110D95526401B860A41
:105D4000E0012C705526801D7A0AE0012C700016A7
:105D50000171A000366E01C02478001E0470A000FE
:105D6000366E562600195E0AE0012C7040DA8A244D
:105D7000010840240532A1402241BE0F6001624368
:105D80005520813D40DA8A24010840240532A14093
:105D9000A60F600162435527812D40DA8A2401084D
:105DA00040240532A140920F60016243EE08EFF4F7
:105DB00056248029C341A000A8973E0EE0002AD8AF
:105DC0004023003AB2082FF5A2414023003FAA0821
:105DD0002FF5A2415423003A9E082FF5A2415822E4
:105DE0000029E209E0012C7000160171A0004A6E42
:105DF00000C02478001E0470A0004A6E5722802D37
:105E0000C209E00110D957220029BA09E00110D9CE
:105E100042220029AE09E00110D94A24C070C343D0
:105E200013004895A82040020413000400C1088014
:105E30004190447921B0C343000000805721812D57
:105E400040DA8A24010840240532A140EA0E6001AC
:105E5000704340DA8A24010840240532A1400341FE
:105E6000D60E600162435727012940DA8A240108CF
:105E700040240532A140C20E60016243572101292E
:105E800040DA8A24010840240532A140AA0E6001AC
:105E900062434020013940DA8A2401084024053257
:105EA000A140960E6001624340DA8A240108402432
:105EB0000532A140E241820E600162434221012984
:105EC00040DA8A24010840240532A1406A0E6001AC
:105ED00062435520413B40DA8A24010840240532C0
:105EE000A140560E600162435527012940DA8A24F9
:105EF000010840240532A1403E0E60016243C340C8
:105F000013002494960F8FF4C341A000789DA20D36
:105F1000E0001FD85523803C5E0FEFF42C70542115
:105F2000003F560FEFF42C705521003A4A0FEFF462
:105F30002C702C70420FEFF4234010D98608E0013A
:105F40000240402001294C706C708A2401084024D2
:105F50000532E60D6001A140562001394C706C708D
:105F60008A24010840240532CE0D6001A140582644
:105F7000C11F4C706C708A24010840240532BA0D90
:105F80006001A140402101294C706C708A240108F5
:105F900040240532A20D6001A1405520C13F4C7044
:105FA0006C708A240108402405328E0D6001A140E6
:105FB000592601194C706C708A240108402405325E
:105FC000760D6001A140C34013009493CE0E8FF470
:105FD000C341A000CC98B60BAFF220D82C709A0E1B
:105FE000EFF4E14058200029DA0FA00110D9572022
:105FF000812D4C706C708A240108402405323A0DC2
:106000006001A1405527C12F4C706C708A24010893
:1060100040240532220D6001A140C3401300B49416
:106020007A0E8FF4C341A000E89AA60BAFF221D8F4
:106030005523C03D420EEFF42C7055200029860FE9
:10604000A00110D95520412B4C706C708A24010896
:1060500040240532E20C6001A1405826411B4C70DF
:106060006C708A24010840240532CE0C6001A140E6
:10607000C3401300FC94260E8FF4C341A000EC9C97
:10608000460CE0003CD87C4FEE0DEFF42C70C34082
:1060900013007C902E0FA00110D9C3411300A090D3
:1060A0004C706C708A240108402405328A0C60010F
:1060B000A140582601194C706C708A2401084024B4
:1060C0000532760C6001A140D20DAFF45427001ABE
:1060D000C341A00044A09E08AFF222D85827801CDC
:1060E000960DEFF42C705826802DDA0EA00110D9F1
:1060F00058260029CE0EA0012C705826412B4C703A
:106100006C708A240108402405322E0C6001A140E5
:106110005526C12F4C706C708A240108402405322A
:10612000160C6001A140C34013006C946E0D8FF4F7
:10613000C341A000409B820AAFF22BD8584F3A0DC2
:10614000EFF42C70542000297A0EA00110D95420AD
:10615000812D4C706C708A24010840240532DA0BC2
:106160006001A1405826811D4C706C708A24010882
:1061700040240532C20B6001A140C3401300749259
:106180001A0D8FF4C341A000C097E608AFF22CD8D7
:106190005827C018E20CEFF42C705822802D260EE0
:1061A000A00110D95822412B4C706C708A24010830
:1061B00040240532820B6001A1405727812D4C708D
:1061C0006C708A240108402405326E0B6001A140E6
:1061D000C34013004C93C60C8FF4C341A000DC975E
:1061E0007E09AFF22DD85727801C8E0CEFF42C704F
:1061F00054210029CE0DA00110D95421812D4C70BD
:106200006C708A240108402405322E0B6001A140E5
:106210005527412B4C706C708A24010840240532AC
:10622000160B6001A140C3401300DC936E0C8FF489
:10623000C341A000FC975E0AE0003DD82C4F3A0C09
:10624000EFF42C70572000297A0DA00110D94220BC
:1062500001294C706C708A24010840240532DA0A46
:106260006001A140562701294C706C708A240108F6
:1062700040240532C20A6001A140C3401300BC9211
:106280001A0C8FF4C341A0006498BE09E00040D806
:106290005727001FE20BEFF42C705422802D260D9F
:1062A000A00110D9552201294C706C708A24010874
:1062B00040240532820A6001A140422701294C7026
:1062C0006C708A240108402405326E0A6001A140E6
:1062D000C34013002C92C60B8FF4C341A0001C983E
:1062E000DE08E00041D8402300358E0BEFF42C701F
:1062F0005726801DCE0CA00110D9572601194C70CD
:106300006C708A240108402405322E0A6001A140E5
:106310005720813D4C706C708A240108402405325E
:10632000160A6001A1405827812D4C706C708A2498
:10633000010840240532020A6001A140E6086FF519
:10634000A140A3C004141B34DAC6E078E4C20846B6
:106350000380008048801186648281922382A0831A
:1063600082BCD608AFFB81B21908FE010042248628
:10637000C6BA008124808380A1A16281607C40AB89
:10638000C4C6E078E2C211800E0BAFFB884500A5C1
:10639000C2C6E07811808D03AFFB2F79E2C2118075
:1063A000AA0BAFFB884500A5C2C6E078E104AFFBAD
:1063B0001180E078C9076FFB1180E0785905AFFBC9
:1063C0001180E0783506AFFB1180E078ECC3A8C1FE
:1063D00043800847008222828880C881218202147B
:1063E00009110C160B10A8814F21801001B40484F0
:1063F0000215081123846385001011004F208010BE
:106400000F0B301001B5019682B801B605F040249B
:106410000B330C1C01300382412888100880438014
:10642000404506EA419082BA41B006F04024053268
:10643000081C013050878094A09501921D083E00F1
:10644000442044104421081105243E822DF40420E8
:10645000800F0000FEFF01B24834021048350010E2
:10646000073086000487498F80809140110AB4006C
:1064700010141210A180C485828603F084C408120F
:10648000072065421187920DAFFB40C41E410240B8
:106490006079041A4024098F0F08B400A1402385B5
:1064A0006079041E4014CCC7E6C24380208261821A
:1064B0005080288168830212080102110B01A48117
:1064C0000C1107004F238C1081B181930C1309002C
:1064D0002091E093A0854F248E1022BCC1B31F08E9
:1064E0003E104424431044230C1105233E831CF426
:1064F00004208C1F0000FEFF81B2448048310C0054
:10650000118048370110C082073105032141E04264
:10651000E486A1441A0FAFFB081706102386C1407A
:106520006079A1A7C6C6E078E6C3A6C10041038092
:10653000EC704080A280E882418003800217051140
:106540004882C4874F25830061B7819268850C1704
:1065500008104F248D10A1B2A193412C84100C126D
:1065600009004F258C1081B388800C130B00C08666
:1065700001941908BF00412D8610A38482B801B48C
:106580000015871085273E0090810093A0974092C8
:10659000619444244400230B3E00442646004425D5
:1065A0000501052505010525BE8125F40423830F7A
:1065B0000000FEFF61B448300300048148350C1030
:1065C0002F27C70148320200E080073303031181FF
:1065D00007320203A487C145228542C1214141C33C
:1065E000614340C26A09EFFB01422387E1406079C1
:1065F000C1A5C6C7E2C21180B60AEFFB884500A557
:10660000C2C6E0781180D103EFFB2F79E2C211807E
:10661000BE0CEFFB884500A5C2C6E07895032FFCB1
:106620001180E078B500EFFB1180E07899042FFC31
:106630001180E07859052FFC1180E078ECC2A08031
:10664000684650418A85EB850C84170871003040FC
:10665000E14080200E00301C01100018030044208F
:1066600052A00BF280270E10008F0F08A503A14047
:10667000CA094001C0AF7822012084EE0C773AE9C4
:106680007826001005207E802EF40A248073ED7099
:106690002C704C706C702240A8204004889095713A
:1066A000CA2301000AF29575CA21010006F20B0CFB
:1066B000D110004202F0E18018E004EAE18207F024
:1066C00003EBE18303F003E9E181D5714A20400047
:1066D000CA208D030A24007040210121A820000156
:1066E0001819D003A14002412242620BEFF4C143CA
:1066F000CCC6E0783E78E07E48886C7060B142227B
:106700003C80E07C8380A8204003041400140880AF
:1067100042880D0A9F010590057B60B1E078E07E1C
:1067200052D9001803010118030003184300E07F49
:1067300022A8E07860820C708A213C0197E300A2D5
:10674000E07FCA204D00E078FAC2FC1CC8B6B9C18F
:10675000A380084744171B10B1400085402417361A
:10676000288044810381619145C0008282BB14DA94
:1067700044C061B186C0BE0DAFF52C70088F6108B2
:10678000B4008D7004770A24007086C34024043658
:10679000A82040090E42088220904109850F000080
:1067A000F0FF219035099F004C928C2205850FF255
:1067B0008C22858608F28C2205860FF444800C100A
:1067C000170008F04480638004F044800C1004003B
:1067D000C08282B921B08571067405F04024043668
:1067E00086C3308741912D0A3E006D7104138030BD
:1067F0001108340441280801C3B8090800026D7269
:106800008F789F08C4020422800F0000FEFF01B1B0
:106810000487298F41800810130000101400504194
:1068200010121800101319201D093401101415201E
:106830004480A38050401012160010151210D6404C
:10684000564104F08BC090C1081107300810063083
:106850000815052040C105C141C063409E086FFC7A
:10686000E24204C09E41041D00206079824004C0C1
:106870003E4104180030607922407E4162406079D8
:1068800004198033098F1B083401A14023856079E6
:10689000041A80231E4102406079041E8023B9C07F
:1068A00004141B34DAC6E078E2C211808E096FFC52
:1068B000884500A5C2C6E078118001026FFC2F79DF
:1068C000E2C21180660A6FFC884500A5C2C6E07866
:1068D000E4C06380918008884083848C4882A592BC
:1068E0004B08B400A0B104770A240070412C0E11AB
:1068F000A820400741830C928C2005850BF28C2048
:10690000058607F28C20858607F40C7206F00C7160
:1069100004F00C7402F00C708B7804F4CB7806F25F
:1069200008820590057DA0B16474C4C451026FFC57
:106930001180E07811072FFC1180E0786D026FFC68
:106940001180E078F2C20847038091873040D34439
:106950000000EFFF0080748C041492109141488075
:1069600021920421010521B233EB698F2C7068411B
:1069700037EB8487CC70C047234CA28BA94325ED0D
:10698000081308000A24C072A820C00704100314CA
:106990000A23C0110A248001CC706883EC716093D3
:1069A000D3730000FFFFCA260101CA27C1020CF2FF
:1069B000150950000A27C0020D0B31100A260001EC
:1069C000EC70CC71E0782471B10944820AF0308710
:1069D0002608AFF52091108754270E1815F0CC70BB
:1069E000190E300054270E18A492A1410A08AFF5E1
:1069F000A3B2001844230CF0308740DB63B2FA0FD7
:106A00006FF520911087009000180420412A15216D
:106A10006E713AF0038740486880AC9081938C2572
:106A20000595A9430424011521B30BF28C23059687
:106A30002C710AF28C23859605F42C7204F02C74C8
:106A400002F02C700B21808414208D2005F220860A
:106A500084BC81B308F00B21408505F41511812019
:106A60000AE92086920F6FF520910086009000B50C
:106A700066710AF0C3410000FFFF7E0F4FF5001D55
:106A8000C51FF8F1088F2F22C7048D0A0480D2C6D3
:106A900045016FFC1180E078EEC3A8C10847018072
:106AA00023870E70CD700780A0810B20808F20007F
:106AB000010003F2C18119089E000420800F22000A
:106AC000000052207E8404F2081110002A0CCFFF2F
:106AD00007851F08D000A9085101288544816191CC
:106AE0000C111300008282BB61B140C00CF008851C
:106AF00002883D087F0080C14485607AA1408108FA
:106B0000300010434E70524127EE288641914B0AC7
:106B1000BF002E7007863308D0006508710182BA65
:106B20006481038141B1608343C313F0160D6FF597
:106B3000A14005EE0E0D6FF5C14045083020024022
:106B4000020D4FF51CF0448683C1607AC1400010ED
:106B5000910085213E203F08102020100120419106
:106B6000330A9F001E441F08D0001508710182BA25
:106B70006481038141B1608342C309F0560900007A
:106B8000CEC7064682C1607A02400010920085227C
:106B90003E204209000001871E8817087F0040241C
:106BA00004340487A080C4850816041001F01187FE
:106BB0002F2247042F2387044024C5316A0B6FFC22
:106BC00062410187078019085F040714C03011086B
:106BD000130000C0238501A66079A140CEC7E078EC
:106BE000E2C211800A0E6FFC884500A5C2C6E0789B
:106BF0001180C9066FFC2F79E2C21180360F6FFC3D
:106C0000884500A5C2C6E0784100AFFC1180E0785D
:106C1000E1016FFC1180E0783900AFFC1180E07871
:106C2000D102AFFC1180E078E4C208460380008006
:106C300048801186648281922382A08382BC9A0F4D
:106C4000AFFC81B21908FE0100422486C6BA008159
:106C500024808380A1A16281607C40ABC4C6E078BF
:106C6000E2C211804608EFFC884500A5C2C6E07864
:106C70001180BD00EFFC2F79E2C21180C608EFFC45
:106C8000884500A5C2C6E0783901EFFC1180E078A4
:106C90008D06AFFC1180E0783101EFFC1180E078C7
:106CA000CD01EFFC1180E078C341A000B46D4981B3
:106CB00020A0007A08E917095100C341A000B46D73
:106CC00020A006F0E07F8A20BC00208009810078A7
:106CD0005E78E07EE8C22847504008452C708A2242
:106CE00006005208AFF5E1401F0830202C70CD702F
:106CF00006ED048520487A0F2FF5E141C571CF7963
:106D0000F1092484E574C8C6EEC3A4C10847038012
:106D1000A180C0802885088602111101DA09EFFFE1
:106D20000210100107852308D000E1085101DD0998
:106D30009F200885648041900C101200208382BA45
:106D400041B040C10CF0088502883F087F0080C137
:106D50004485607AA140B5083000104207863908A2
:106D6000F00081C1A508710141289020442053A062
:106D70001EF40886448061900C101000208282BBB3
:106D800061B041C119F0BE0A6FF5A140B60A6FF5B6
:106D9000C1403CF0658600C2607BC1401040147069
:106DA00083C078201320CA20012007F06F20430001
:106DB0004024103341C01E0FCFFF308701911908C6
:106DC0001E004D099F20490B11200420800F000058
:106DD000FEFF01B10487001404304024C632024192
:106DE000A080118742426243C485060CEFFC08165E
:106DF00005100609CFFF0B14C0301108130000C0A6
:106E0000238501A66079A140CA0ECFFFCEC7E078E6
:106E1000E2C211805A0EEFFC884500A5C2C6E07898
:106E20001180B107EFFC2F79E2C211800E082FFD0F
:106E3000884500A5C2C6E07855006FFD1180E07856
:106E40004D01EFFC1180E078F5006FFD1180E078D6
:106E50002D026FFD1180E078E2C22908B1004C7369
:106E6000CB45A000EC852185C340A000AC6D00801F
:106E7000247121A52C71820FAFF76C70001D431097
:106E8000C2C6E078F0C3A9C163802083A8812183B2
:106E900081954881C48582BC81B5E19281800016CC
:106EA00011104F27811021B22385A4829E8C43822A
:106EB000F1431D0C3F100015141062838883A194C8
:106EC0000D0DBF1082BD6384A1B40BF08D70CB4556
:106ED0007F43000080C342C441C440C443C5848092
:106EE0001180402404354024C734E284C084A18446
:106EF000101712101016101008120620DA0E6FFD6F
:106F0000081005202386C140041840246079041A23
:106F10004024170BBF2085C1A1404A0BE0008242EC
:106F200023856079A1401314803085E82387607938
:106F3000E140D0C7E2C21180460F6FFD884500A531
:106F4000C2C6E07811809D076FFD2F79E2C21180E3
:106F5000FE08AFFD884500A5C2C6E0789D078FFFFB
:106F60007101AFFD1180E078E5056FFD1180E078DB
:106F70007D01AFFD1180E078110200004D03AFFDEF
:106F80001180E078F0C3A9C1A3804180208561858C
:106F900088812782688341940421810F22000000A8
:106FA00052217E8482BA41B4C48423848483E193D1
:106FB000438300161110001414104F278C10F14356
:106FC00081B30BF262858883A1940F0DBF1082BD3F
:106FD0006384A1B40AF08D70CB457F43000080C369
:106FE00042C441C440C443C5848011804024043558
:106FF0004024C734E284C084A184101712101016F4
:10700000101008120620D20D6FFD081005202386EF
:10701000C140041840246079041A4024150BBF2095
:1070200085C1A1403E0AE000824223856079A140EB
:107030001314803084E823876079E140D0C7E0787A
:10704000E2C211803A0E6FFD884500A5C2C6E07805
:10705000118091066FFD2F79E2C21180F20F6FFD52
:10706000884500A5C2C6E07891068FFF6500AFFD98
:107070001180E078D9046FFD1180E0787100AFFDD8
:107080001180E078050100004102AFFD1180E07839
:10709000F0C3A9C18380208468812184A1934881A1
:1070A000228482BDA1B3E192A881C4832383648238
:1070B0004F278C1081B28195438200161110001366
:1070C0001400110CBF10F143638582BC81B50BF035
:1070D0008D70CB457F43000080C342C441C440C48F
:1070E00043C584801180402404354024C734E284A1
:1070F000C084A18410171210101610100812062058
:10710000D60C6FFD081005202386C14004184024CA
:107110006079041A4024170BBF2085C1A14046099D
:10712000E000824223856079A1401314803085E815
:1071300023876079E140D0C7E2C21180420D6FFD24
:10714000884500A5C2C6E078118099056FFD2F79AA
:10715000E2C21180FA0E6FFD884500A5C2C6E07834
:1071600099058FFF6D076FFD1180E078E1036FFDDA
:107170001180E07879076FFD1180E0780D00000044
:107180004901AFFD1180E078E6C2084750870380CF
:107190002845C092008062086FF5C1410387C14154
:1071A000C0B556086FF50180C1B5C6C6E2C3A4C11B
:1071B00048452F7A28B980C34E0F20012F7900C08F
:1071C00000A5C2C7E2C3A9C180C1F6086001484555
:1071D00080C124DA1A0D6FE7A140C2C7E4C2084695
:1071E0000380008048801186648281922382A0837C
:1071F00082BC920DAFFD81B21908FE0100422486C7
:10720000C6BA008124808380A1A16281607C40ABEA
:10721000C4C6E078E2C211801E0EAFFD884500A50D
:10722000C2C6E07811807106AFFD2F79E2C21180ED
:107230007A0EAFFD884500A5C2C6E078F906AFFD1D
:107240001180E078B104AFFD1180E0780507AFFD53
:107250001180E078A107AFFD1180E078F4C3A5C1EB
:1072600008450380848521850080E184C0841C1149
:107270000B00088010171010101612106480419037
:1072800023800013110082BA0D0B7F1641B00C72DF
:1072900083C308F042840C735043101214009643C9
:1072A0000B0B7F174024043107F0F0241510101544
:1072B0001620081604200812052016421185A6087B
:1072C000EFFD4024C6300314C03015081300238698
:1072D000C1406079041A4024031480300F08FE0076
:1072E000E1402387607904184024018507801D0848
:1072F0005E060314813015091E017E4162406079EB
:10730000041C40240185078017085E0703148030A1
:107310000F087E01A240BE416079041E4024D4C7FC
:10732000E2C211804E0CEFFD884500A5C2C6E07890
:107330001180A104EFFD2F79E2C21180BE0CEFFD98
:10734000884500A5C2C6E078A906EFFD1180E07867
:10735000E106AFFD1180E078F107EFFD1180E078E4
:10736000CD012FFE1180E0784128C10044210107A2
:107370003021820FA00074E02C7100290000047AF3
:10738000E07F79220000E078C341A00074E04281F0
:10739000018160810522820F0070F97805208C0F31
:1073A000FFF900000523800FFF0F00FC81A142A11F
:1073B000E07F00A18C200288E020C5074128C100A1
:1073C00044210207C372A00074E02082C4B80F21D8
:1073D0000000E07F00A2E07821038FFFE6C2D180A9
:1073E000084510802847448E2F0A7100009095E8C8
:1073F00003852C70020E2FF500800385C341000029
:10740000FFFF001F0510F20D2FF501801085021FF0
:10741000C51F448E009094E8250A91000385C3415E
:107420000000FFFFD20D2FF5008003852C70001F98
:10743000C51FC60D2FF50180021F0510C6C6E078D6
:10744000FAC2FC1CC8B6A5C1081C003143C341C226
:1074500040C1A08001C0EE70D3407F4700FF208074
:1074600002C03043008044C0F90930002C151810C8
:107470002F70D342103AE02DD341484200003B43E5
:107480000A2400240A250024ED7000C6F67E00863A
:10749000C9083000EAE01AF2E8E031F41D8DBD08B9
:1074A0001E0001868A21013A033000841044CA2458
:1074B000012454F2033480A48A263F2D96F7033426
:1074C00040A4DAF67D0300001D8D91081E000186A0
:1074D0008A23813A033000841045CA2501243EF2F4
:1074E000033580A48A263F2D58032500033540A488
:1074F00050030900041EC01530F001860330C0851A
:1075000058000C000330808F7F4700EF4C000D00C7
:107510000730800FC83F00000A08EFF110464830DE
:10752000C00229680B7910F24A2400714A208000B9
:10753000A8208001052902000C78457901694830AE
:10754000000007F048300000033600A006F20030CB
:10755000800FC83F000001A6E571330FC49408F006
:107560006F700A2500240A2400247B418A240E110E
:107570000374008C33E80285208828402DE9C180FF
:10758000ED70C3420000FFFFE14E00914508D102BB
:107590000889708142203C8040B310F20C110B002E
:1075A000A8200003041300140880639005EB649086
:1075B00003EB43B044B0E078098942203C800AF2F2
:1075C00010110100A820800104110004048040B0C3
:1075D000E571B90F0492001CC2158A234E110023D5
:1075E0000B1600138010BF08100002852088B30915
:1075F000300028406180ED70CB440000FFFFE14B7C
:107600000091450891030889508142203C8080B256
:107610000EF24381A8200003041200040880C390E6
:1076200005EEC49003EE83B084B0E078098942206F
:107630003C800AF210110100A8208001041100040E
:10764000048080B0E571BB0F0492ED70CB44000064
:10765000FFFFE14B0091450851030889508142200A
:107660003C8080B20EF24381A82000030412000483
:107670000880C39005EEC49003EE83B084B0E07838
:10768000098942203C800AF210110100A8208001E3
:1076900004110004048080B0E571BB0F0492001B4C
:1076A000C21580208E310010803033E8028520889A
:1076B00028432DE98180CD70CB470000FFFFC14CEE
:1076C0000091450811030889508142203C80E0B2B6
:1076D0000EF24381A8200003041200040880639086
:1076E00005EB649003EBE3B0E4B0E0780989422055
:1076F0003C800AF210110100A8208001041100044E
:107700000480E0B0C571BB0EC4920018C23500C140
:1077100001C203C3081404306E08EFF4A140F1085D
:10772000310010460785E9081E02390930301FD99B
:10773000B60FEFF30285033480AF7F4700EF0042BE
:1077400010F710EA10820090483000000034012049
:10775000073640704847000031824830C0021FA100
:10776000390B30301FD9820FEFF30285033580AF1C
:107770007F4700EF004212F710EA10820090483075
:107780000000003501200736407048470000318274
:107790004830C0028419000000C0ED70C46834F0A5
:1077A00000C00810010440C0EAE112F2E8E12AF446
:1077B00000860330808F7F4700FF24F202852A0F66
:1077C000EFF31FD9318010803F8110F00086033025
:1077D000808F7F4700FF16F202850E0FEFF31FD94F
:1077E0003180108084110100009048310100483040
:1077F000000000304000073600704847000000A637
:1078000008E6E57101C00080990F04904A856C700C
:107810008D70301A41002C1AC00510F003C11621DA
:107820000000208009E901800330808F7F4700EF4E
:1078300003F764716BA2857104C18F78E1084480FD
:10784000C240A5C004141B34DAC6E078E4C208467E
:107850000380008048801186648281922382A08305
:1078600082BCCE0EEFFD81B21908FE0100422486D3
:10787000C6BA008124808380A1A16281607C40AB74
:10788000C4C6E078E2C211804A092FFE884500A5EF
:10789000C2C6E0781180C9012FFE2F79E2C21180A3
:1078A000D2092FFE884500A5C2C6E078C9022FFE86
:1078B0001180E078A505EFFD1180E078C1022FFE70
:1078C0001180E07819042FFE1180E078F4C382243F
:1078D0000C3F084602898A278E1028458A253E27B4
:1078E0008C20838FDF67CBF44A24C0734A200000CA
:1078F000A820800181C11961047100A9038D09E8E4
:107900002E718A25FE260F08340461C0B7F04A2183
:10791000C0238A23072D542616195426941B0E7152
:1079200000239323001C013181C1AE700C704221F1
:1079300052000C2040A446012D0014709FF4322206
:10794000002404778EE02C010D002520000010F0AB
:107950001BF02CF036F04AF04EF054F058F05FF087
:1079600064F06BF06FF075F079F07FF080C1562411
:10797000423D7E0D2000A1405624413D14DA720D97
:107980002FE7C24076F080C10024823F00009401BE
:10799000520E2000A1400024813F0000940114DA1F
:1079A0004E0D2FE7824066F080C185C2520860000C
:1079B000A14085C18A220600360D2FE762405AF0A9
:1079C00080C10024823F0000BC0136096000A14054
:1079D000701682100024813F0000BC014A092FF17B
:1079E000DF160016104546F080C18E0B6000A140E6
:1079F0000AA640F080C1820B6000A1400BA63AF0BD
:107A000080C1760B6000A1400CA634F080C16A0BE7
:107A10006000A140DD1E18102CF080C15A0B6000E0
:107A2000A140DE1E181026F080C1DE0DE000A1404E
:107A3000FF1F02901EF080C1CE0DE000A14000AFFC
:107A400018F080C1C20DE000A14001AF12F080C16A
:107A5000B60DE000A14002AF0CF080C1AA0DE0001D
:107A6000A14003AF06F080C19E0DE000A14004AF2D
:107A7000B6700C715FF5067158F1A240D4C7E0787A
:107A80004A24C070A820400202104205070A1300D1
:107A9000537A02199400E07EE4C208454A26001099
:107AA0008A0D2FF90085C571F90E3291041D101051
:107AB000C4C6E0782C724C7103F00E7809782F213F
:107AC000428043F7097A53218183F9F5E07F4E78AC
:107AD000F1C0004114730C7707F7F02641701300D2
:107AE00054B403E94079D1C0E07EE078E6C3A5C193
:107AF00068456083284614E32B0AE400004180C0F7
:107B000014DAEE0B2FE780C74A240075A820000284
:107B1000008501178114D860C57120A8008514E084
:107B200000A5C6C7E4C20846204028451A0D2FFE0E
:107B300000190100C0A5A140C4C6E078E4C2AD7040
:107B4000084670184203542000092C70E6092FF5EE
:107B50004A2200054A2440715426801BA8200001B7
:107B6000041811008A20070DD8602C70C6092FF563
:107B70008A2206004A2440714026001DA8200001E8
:107B8000041811008A2401785426801EA8200001C0
:107B900004181100C140820E2FFEDF1E58134A2424
:107BA0004071C140A8204001A1A0081850038A20BC
:107BB0000E00D860A0A8C140C4C6E078E4C2084660
:107BC0000C7000A104A92040DE096FFE2845C0A565
:107BD000A140C4C6E6C20847CD7020402845020A2D
:107BE0006FFEC0A1A140FA096FFED6A5E0A5A14095
:107BF000C6C6E0784A24C070402103020A22800FE2
:107C000013005C760019010004194300A8208001CC
:107C100004120C04041B100300A11419030015190D
:107C20000300E07F2040E078E4C208467849284518
:107C30003E0E2FFA00190100120B6FFEA140C0A5E5
:107C4000A140C4C6E4C208460C7000A104A92040AB
:107C5000AA0C6FFE2845C0A5A140C4C6E4C20846D0
:107C60000C7000A104A92040BE0C6FFE2845C0A5E1
:107C7000A140C4C6E4C208460C7000A104A938198A
:107C8000020020408609AFFE2845C0A5A140C4C619
:107C90004C7046DCFADB00A10419430087A162A105
:107CA00046A145A144A143A1E07F2040E4C208468B
:107CB0000C7000A104A92040B609AFFE2845C0A55C
:107CC000A140C4C6E4C2084620402845D60AAFFEFB
:107CD00000190100C0A5A140C4C6E0786C70021074
:107CE0004205090A1300537A6471F70BB280021936
:107CF0009400E07EE6C1A6C181800080C08145C4B9
:107D0000808144C0018168436C7084C55024FE9713
:107D100043C042C615F20334809F803F000011F239
:107D20004A200000C085047107360813F908B280A4
:107D3000041D1012018107300F0343C702F003C76F
:107D40004A24C0704A240010A8204009F0230D13D3
:107D5000864A80C0402409342C7041C340C50411B8
:107D60000814A08024710036081201350812F309A6
:107D7000B2800418100200C101C015250D030037A0
:107D8000481015240E0302300002857100A541C081
:107D900020A6C6C5E6C3A5C168456083284614E38E
:107DA0002B0AE400004180C014DA46092FE780C79F
:107DB0004A240075A8200002008501178114D860AC
:107DC000C57120A8008514E000A5C6C7E105CFF75E
:107DD000F1C0004101808420030C1308300890E0BA
:107DE0000C7008F400819C5A04F06E0EEFF70081CD
:107DF000D1C0E07E4A220000041003044471BFBBDE
:107E0000F90AB2800419D000E07EE078E6C1A9C189
:107E10008180A08047C48280018146C5A08148C47A
:107E200041C0808102815025FE9740C442C01DF2AE
:107E30007FDE17BE0335809317F24A24C07086C0D8
:107E4000A820C0012080073141030418500081C0E0
:107E50004A2100008080247107344C13F909B28054
:107E60000418100340C62D704024083040241E33EF
:107E7000214683C168440C7004140D140471A1A13F
:107E8000F908B28004195003F0228B014A24C07013
:107E900086C483C0141C4032A820C00204140114FC
:107EA000A08000334110013541100418500003C771
:107EB0004A20000014208701047103C4F0200B1035
:107EC00015260130A0810034CC121525CE010235D3
:107ED0000C13E47180A1E508B28080A6152480010E
:107EE000C47108E38F0EF280E0A0C6C5E2C2284547
:107EF0002081404314DA1961AE0DEFF46040008533
:107F000014E000A5C2C6E078E6C3822406306845C6
:107F1000608328465623030C2F0AE400004180C0EA
:107F20008A220600CA0FEFE680C78A240670A820BE
:107F30004002008501178114D860C57120A8008512
:107F40005620000C00A5C6C7E2C208450471CA0A43
:107F5000EFF10F7810D9A1400C58C340A000208643
:107F60002080C3401200CCC009092000B571C2C6F0
:107F700060D8CA202106B570CA20A1010F58C2C618
:107F8000E6C248452846D60B2FF2084714700C70FD
:107F900026F28CD85F270117EA783021820FA000E3
:107FA000A84D3020800FA000104A50700C71D8F7F7
:107FB00080852D0C85105F27011F3021830FA000C5
:107FC000CC4C99620AE11909E5006C244110408605
:107FD0005961001901002085247420A5C6C6E078E7
:107FE000E2C228452081404314DA1961BA0CEFF44B
:107FF0006040008514E000A5C2C6E078E6C3822494
:1080000006306845608328465623030C2F0AE40097
:10801000004180C08A220600D60EEFE680C78A247F
:108020000670A8204002008501178114D860C57130
:1080300020A800855620000C00A5C6C7E2C0084451
:1080400014701CD82AF22AE96091E1D84D0B810FF7
:1080500000002B667681B684410B4103A1940D0D7F
:10806000DE11390B340470BB80233E012D0B8400DC
:108070004191290A410362944291210AC10063940B
:108080004391190AC10078845881110AC1005984AA
:108090003981090981000C70C2C4E078E2C2084548
:1080A00014701CD81AF220953109810F00002B663C
:1080B0005E8578D9B20C6FEAA14014701DD80EF21B
:1080C0001B8556850AB81072E1D808F738858022DA
:1080D0003E09090A44000C70C2C6E078E8C2CB45EC
:1080E000120000402D0D811F120000402C70ED7118
:1080F000176900208E0FA000E05E00963508800F03
:1081000000002B660169ED08B4802C71CD7012F06F
:108110003825811F200000703825801F2000002096
:1081200025780F087100CD70CB461200843FED70AA
:108130006E0FEFFFC140C3081100C3411300C4A775
:10814000B249FE0EEFFFC140AF0811001E0900004A
:108150004E0FEFFF0845A308110001962D085E00A1
:108160009708BE0016D816852C774128BC800AF2E5
:108170005425801FA82080010410020406398100C4
:1081800017857708610013D87C150B100023401366
:108190005420810FA140AA0EEFFF6142ADE85425A3
:1081A000821F5423831FC1405E0DEFF7A141104091
:1081B00000160070A000D85E2C707A0BEFF480DA05
:1081C000D20FE000A14099E816EF368516861670AA
:1081D000C2212204386000208E0F12007C4002264B
:1081E0000D70EDFF85BF06088FED1A652C70460BEC
:1081F000EFF4C140C8C6520E6FEC2C71E2C22845A4
:10820000208140438A22060019619E0AEFF46040F3
:1082100000855620000C00A5C2C6E078E2C180832C
:108220008574290A2403A1C14A24007140C00C703E
:10823000A820400280C2A0830C620471BA6124713C
:1082400080AA0083047400A3C2C5E078C34313006E
:108250001875808380A0018300A10283E07F00A2C3
:10826000B901AFF2C0D8E078C340130028B3E07E74
:10827000E2C04C702C718D7015F0218D34702C7013
:1082800011F4826B390CB31B4E233C0B00240110FC
:10829000A82080010111820483EA857110F04C71DD
:1082A0002C7081439D6048430AE9208D4C713470E5
:1082B0002C70FBF5816BC70CB29B4C716140C2C442
:1082C000E2C2A20AAFF208458C25839F0CF28C25EE
:1082D000839E12F28C25C39E0CF28C25439E0FF4D4
:1082E0000C730BF0A60AEFE80C73A20AEFE80C720D
:1082F0000C7103F00C72960ACFE8C2C6E2C22845A0
:10830000208140438A22060019619E09EFF46040F3
:1083100000855620000C00A5C2C6E078E2C0A0830C
:10832000816D110A2403B96100A90083047100A3BF
:10833000C2C4E07842223C80E07C40214306A82071
:108340000003071301000D090100208B87B920AB42
:1083500055230308E07EE0781470E07C398887B903
:1083600039A80080FCE8E07EE8C3A1C1C341A000B9
:108370002C86008904E800190300925A8A20422CB6
:10838000CB47F0004B00CB460000FC7F0C70C34194
:108390000000FFFF80C2A60C2FF76C7700C078E8C2
:1083A000AD705AD9001F0214AB21080E0EF00B0954
:1083B000500005E916F0605806E8C340A000248686
:1083C0000080407800C00EF019086E03AF794A694A
:1083D000DF0A5583C4789B5A00C1D278247840C004
:1083E000A571AD0D1594F2E8D2F1E078F1C00477F3
:1083F0000F7804E9215803F01D58D1C0E07EE078E1
:10840000F1C02F7B8CD86A780020800FA000254A0D
:108410002F27BF006F233F006F263F0420880018DE
:10842000C30F2F26BF008C21C38F07F2F026C07028
:108430001300849A8C58D1C0E07EE078E2C24D08E7
:10844000D101C340F0005B00A0882088E078FD0DDA
:108450004190C340A000B2412088350D4010A0A833
:108460004E096FE6A140AE0D6FECA140CB45F00088
:108470004700CE0A6FE6008D0BE8008D00160170F4
:10848000A0002886407907F0BE0BCFF2C2C60C7060
:108490000F58C340A000A04220882F27FF006F2361
:1084A0003F00C342F000500200821020400000A2B2
:1084B0002F26FF00C2C6E078E07F00A1408102A124
:1084C0005470E07C2181007AE2C3A3C108B88FB860
:1084D00097B88845FFDCC34413002C57402405326D
:1084E000CC7098B842C4BE082FF340C52E08EFF7F1
:1084F00082C1C2C7E2C3A3C108B897B88845FFDCF0
:10850000C34413002C5740240532CC7098B842C4A1
:1085100092082FF340C50608EFF782C1C2C7E07882
:10852000402008014C702C716C7017F0F420C100D1
:1085300034702C7011F4626C390BF3004E247C10F3
:1085400014200113A82080010211020583EA64713E
:1085500010F04C712C70684448430CE9F42001037E
:108560004C7134702C70FAF5616CC50BF2804C7153
:10857000E07F6140E4C3A1C1A08128464C74B9608A
:108580006E09EFE680C000C0246D20A6C4C7E07865
:10859000E6C3AAC168456083284628E32B0AE400A5
:1085A000004180C028DA4A09EFE680C74A24007AF1
:1085B000A8200002008501178114D860C57120A889
:1085C000008528E000A5C6C7E2C2C342A000AE4AAB
:1085D000FFD8CB44A000224AC341A0003A4BF5DDAE
:1085E000FBDB03AA03AC03A9A0AC60AA620A2FF3C9
:1085F00060A9C341A00004420019800F1300B056C7
:10860000C2C6E078F1C000160270A000F886C34030
:108610001300DC55C3411300949A6C70C345A1004C
:10862000CC1AC346A00038E81A09AFF88A248200A1
:10863000001E0070A0003086D1C0E07EE4C2C340BE
:10864000F0003E00208881B920A800168070F0005C
:108650000C011B083E01AD70360B4FF80845296828
:108660000C7097B81071CA250610820B4FED6A0B7B
:108670006FED08460041A1420E0E2FF8C1400E09D1
:108680008FF60C70C4C6E078E4C3A2C1CB45A0004D
:1086900094E60C71A20AEFF69C4D00160270A00041
:1086A0000087CB46A000108600A65425861AC3403A
:1086B0001300346EC34113006F9A6C70C345A10060
:1086C000CC108208AFF88A24C20001A64A26001006
:1086D000C34069724E5640C074D8041C04306A4EC0
:1086E00060C054D8CC78F0268273A0000487F026AE
:1086F0008573A00010875525811A00204600626E00
:108700004E26C411C340130044743A08AFF880C128
:1087100015258113C571BD0EF49000A1C4C7E07882
:10872000F2C27042504530430846CB47F000340057
:1087300097D834700601210017AF2E708A240320C9
:1087400032401A200D25DD653215C110290932008D
:10875000532100012108750625B9532142009E0AC4
:108760006FF3A141321581100C71C342F000600219
:10877000387800A208858420030CA0E0560022006F
:108780008D712E1580102F158210002C01102F27AF
:10879000FF006F233F00C340F0004002110A1000A9
:1087A0004580267A45A02F26FF0007F045804579B1
:1087B00025A02F26FF002E158210587C86A02F277B
:1087C000FF006F233F0024801021810024A02F266A
:1087D000FF0006710C20C0A46A07C5FF6F26FF05C5
:1087E00098D8AD7017AF5AD90C70AB21080EAA1EDD
:1087F0000210AD1E0210AF1E02101A0A2FF3C14064
:108800002508B40008430086520BEFFF071E4310F3
:10881000C140A241220BEFFF4242188E0A21C02222
:1088200016AF07F032168010F60FAFF1C4B8A5717D
:10883000B70DE49455260E1C06F06F26FF0598D858
:108840002E7017AF99D8350A302017AFCD70B76E9C
:10885000A275A1403E0B2FF33A1D05101708B40076
:108860000042A140F60AEFFF071D4310188D50414A
:1088700016AFC571DB0E84949AD85AD917AF2F2042
:108880004704AB21080ED2C6E2C2284520814043EE
:1088900028DA1961120CAFF46040008528E000A5C9
:1088A000C2C6E078488123920B0844002492092133
:1088B0000100E07F2040E078F8C3A3C15840304574
:1088C000920E6FF30845D3420000FFFF9308A00407
:1088D00010416E70D3440000EFFF402417304A4728
:1088E00022F00385F0200E0407860D08F100C14038
:1088F000520F4FF4150C64240A2680242240C141F3
:108900002320400503421046C140EE08AFF4C241A7
:108910001427002400188405F0780A0D6FF3C24173
:1089200008476671088D2F20C724BB0824A0F07E5D
:108930001085870CA423E0B0478505EA80C1607AE2
:10894000A140698505EB80C2A140607BC141F60C66
:108950006FF3A1401085219080B921B0D8C7088D50
:1089600011E8CD704A2700100385C0482380407964
:10897000288D80C0E571D478EF7EF10E64900018E8
:10898000C50F698510850018840406EB80C2A140DC
:10899000607B4241098D11E84A2600102485CF787A
:1089A0000049C3410000FFFF760F8FF3098DC571A9
:1089B000CF79ED090480D8C7F1C08881628C0F0B94
:1089C0009E016594647A170AC100C3420000FFFF4C
:1089D0001908800087E8439408F0C3420000FFFFB5
:1089E00004F0C60ECFFF0042D1C0E07F5078E0789F
:1089F000E2C28881A1940F0D9E116594647A1B0ACE
:108A0000C100C3420000FFFF1D08800003E8130DF2
:108A10001F11449408F0C3420000FFFF04F08A0EC7
:108A2000CFFF00425078C2C6F1C08881628C0F0B24
:108A30009E016594647A170AC100C3420000FFFFDB
:108A40001908800087E8449408F0C3420000FFFF43
:108A500004F0560ECFFF0042D1C0E07F5078E0789E
:108A6000E6C08480CD7041A4A88C16F0038C42200F
:108A70003C8011F246841A260310757A0A234000BE
:108A8000A8204002E082041300040130C003041A4D
:108A90001000C571D90E4493C6C4E078E8C2A48022
:108AA00010400095BF08850F0000F0FF99083000C6
:108AB0000240CA0900000C1508101C150910ED70C1
:108AC000E9433AF01640664808868090670C801F9C
:108AD0000000FFFF06440090052C0C100C709079EC
:108AE0000700000004710F7A2F26C703250A8501AD
:108AF000F4218610F1098181017300AB2485638D17
:108B0000858508864A7B557924A0757C83A013F05F
:108B10000173E0AB038D14218111448580B11F20C6
:108B2000810165850886E57115228201357B44A0A7
:108B300063A06571021080202F23C702890B048077
:108B4000E8AD13F00210802042203C800DF24485F5
:108B500065851641A820C00104110004088063A0A7
:108B600044A0081D03100C70C8C6E078EAC2448017
:108B700008460092D5083000AD70081288000C122B
:108B80001100201210001C120900ED7044F0F420B6
:108B9000C0230471001E0400F421C11310783D08A5
:108BA0004100238A284315E966821A27C11285826B
:108BB0000A24C07248300700357B357CA82040026B
:108BC00000830730C001041C1010041B50030482F2
:108BD0002182001E44031DF03B09940024128000F2
:108BE00033085100838A42243C900FF225821A27D1
:108BF000001366821579157BA820C0010083041933
:108C00001000041B110004822182001E0500F5786B
:108C100020A0E5717B0F24921420C623241A42035E
:108C20000FF032214020F42000208AE802862048FC
:108C30002880228909091E00B2098FF3A571028ECE
:108C4000AF79E309048013F0428E11EAAD702286F9
:108C5000AF780049288022890B091E008E098FF306
:108C6000428EA571AF78EB088480CAC60480658007
:108C700060A10480E07F00A2E4C2C480084542886D
:108C80002C70038621A628AEAA08AFF4241E431038
:108C9000228D048652699E08AFF42C70228D038EBB
:108CA0000A79058652698E08AFF42C70228D038EE6
:108CB0000A79068652697E08AFF42C70228D0786E9
:108CC0003B7A7208AFF42C70228D08863B7A6608D6
:108CD000AFF42C70C4C6E078E4C2A48022880846B1
:108CE000048552694E08AFF42C70228E08853B7AB9
:108CF0004208AFF42C70228E038D0A7906855269E2
:108D00003208AFF42C70C4C644802288041A0100D3
:108D100005823B7A1D00AFF42C70E078F1C0218011
:108D20000D09500086E9E60FCFFF04F0AE0FCFFF2C
:108D3000D1C0E07EEAC2A846E0868B8028452C910F
:108D40000024C403704050411524C2131424C313DB
:108D500014240C113DA2FA1B5C04FA1C1C144C9543
:108D600025800422800F0000FEFF3860E0B02C70E8
:108D70000A0F2FF4A1402885016F00A606194404AC
:108D800008190404CAC6E078E6C0998860822840C1
:108D9000AD0B24038A217F1C2D70CB430000EFFF15
:108DA000ED704BF024805A270E15E3490176A88315
:108DB0006C9320951B0B641060A67921030009EBCE
:108DC00048310100073643704847000007F034700F
:108DD000C3437F4700FFCA23410223951B0B641046
:108DE00061A67921030009EB483101000736437081
:108DF0004847000008F034702C70C3437F4700FFE1
:108E0000CA23410024951D0B641062A6792103003A
:108E100008EB48310100073641704847000009F06F
:108E200034706C70C3417F4700FFCA21C100659553
:108E300023A6E57168B6710F049380A22140C6C4D1
:108E4000FAC2FC1CC8B6ADC1AD700A23C0310A23FA
:108E500080210A2140310A250021704250473046C6
:108E600008478A20BC20041C013442C5F30A3000A4
:108E700040C5EF0D1020EB0914320A870A804C2000
:108E80000080AE0121008A21FC204C2200A8A20112
:108E900025008A21FF26D10E30208E708E709240E0
:108EA0002FF001802C7083C3F02011044024043C77
:108EB000C24238110C202320000322400B00000086
:108EC0008671AD70C5710CC0350E2510402404307C
:108ED0000110833434110C202240A24123200003CE
:108EE000234200C370EB81C2E24042410A244005A4
:108EF000DA0AAFF30A254006084564E806710287DE
:108F0000CD7020889F0864A0402418332C7083C340
:108F10004024043BE1404609EFF3C2421AF001103D
:108F20008334E140A2414209EFF3234202C011E839
:108F300000C381C2E24042410A2440058E0AAFF3D9
:108F40000A2540069508310010418671AD70C57143
:108F50000BC0CF0E249040240432B1413EF08A2150
:108F6000BC2067F0CD7063C51AF0018023C3A060F8
:108F700023428D8023200003A24100C30EEB81C257
:108F8000E24042410A244005420AAFF30A25400666
:108F900010408CE886710E70A574C5710287208818
:108FA000CB0E6490402404306C7040240432E140C5
:108FB000A241B608EFF3234202C37470CA21012410
:108FC0000CF281C2E24042410A244005FE09AFF39F
:108FD0000A25400610418671330931202F25078567
:108FE00015F201C081C2E24170B841C0E140A24324
:108FF0000A2440060A268005960DAFF30A27C0060C
:1090000001C02E70001B00200EF02C70E240424286
:10901000220D6FF4001B01202F2607F58A20FF0682
:10902000CA2101202C70A2400A0D6FF42342224075
:10903000ADC004141B34DAC6ECC2BE0EAFFE084746
:10904000018704E8960F0FF34E70CD7029F0018070
:109050003240C54813F00385302040042880478003
:10906000619154730423820F0000F9FF82BA41B169
:1090700003F4D20F0FF426740671088DDB0804A0E8
:10908000098D0EE82E7032400485960CEFFF3020DB
:109090004004098D0671F50824A02674C571028765
:1090A0002088AF0E64902E70AD700AF003873020D8
:1090B000800404E86A0CCFFF4674A571188FF10D87
:1090C0000490120CCFFECCC61509F0000A801B09D3
:1090D00091002418800F1300645CE07E2418800F38
:1090E00013002C5CE07E2418800F13009C5CE07E53
:1090F000F0C3A6C10E700A210021704450433042D3
:1091000008455470041C003406F256708A20BC20B6
:1091100002F29670920221004C2100A28A02050000
:109120000A858A20FC200A80047714717A022D00B7
:109130002C70CB858240FE0B6FF422424024053216
:109140004024063440248733A14042416242824396
:109150004A092FF40A24400414704E0222001040E1
:1091600002C70E7030F04024C5334024C635402479
:109170000731424062418243060AEFF30A24400469
:109180001040AAE80F1481308C21838F07F401C2AC
:10919000A1400E0DEFF3824109F04E0D2FF3028531
:1091A0000FE86A8001C2607B82410E7002C02C70A1
:1091B0002242E96882407E0B6FF442C704F08A20A5
:1091C000BC20F6F108EF1108112004C09B08E484CC
:1091D00084C20E702C860A866B864A8500304C004D
:1091E0000031C0004834C1124830C0022DA2150819
:1091F00031200EA20E14803009081501281A8100B2
:109200007016801042203C8013F26485C1428A218E
:10921000070D80220A0D3C66A820C002041300043A
:1092200002140115088023B00212010524B0188D24
:109230004E70ED70B1083000084343852C700D71FD
:10924000204A609082880028C31042243C90001C71
:10925000C4300AF208100000A820800104100C0499
:10926000888465B42471DD09C482ED703CF001800E
:10927000F02051002011022005EA80C1607A2240CE
:1092800017F008118020001C843442203C8011F229
:109290003E432C70A8204003041300040880428839
:1092A0000D0A9F0105900579001C4430E0780911F2
:1092B0008820330830102C7010110C20001403315A
:1092C000204C0210820042223C800AF208100B005F
:1092D000A820800104130014088065B02471E509FA
:1092E0000482E5710285EF794088870984808A27A6
:1092F0004E10A140A60B2000DF67208F1042CE0D3C
:10930000EFFFA140018F05E8A6082000A1408026BC
:10931000CE10008E8D0830002E703FF02485064957
:109320008A20BE0A2C9638601B08740115DA20408A
:1093300080203D00230875028A2245000B0A0F0099
:109340000BF0EF0A0E808A20840040C080C18E0995
:109350002FF4C1402C962309D504C3400500405189
:1093600017084E00C34020BC12AC40C080C16E093B
:109370002FF4C1402C964221000E1D08750115D90D
:1093800015092E0080C1C3401CC10AE840C04E0927
:109390002FF4C1402671398D2F2047048108448065
:1093A0001670CA2081240240D0C7E078EAC25888EB
:1093B0002B80AD70CD7023F06380C44B628C422350
:1093C0003C801CF208140B1014218C035214081159
:1093D00048140F11A8208004041303146883839396
:1093E00004ECE3B3081B0402CB440000FFFF0B0FA7
:1093F000011383B384B3E078C571C10EA4905421E6
:109400004C0A62804021080D0A26C03083022000E9
:109410000013910004160030A748088F004511E89A
:109420000C170B100A2440714A230000A8204002A8
:10943000041300140880019024B8C0B81B630917F6
:109440009F106D700C70714000471CF0C487F026AF
:1094500009100211861042263C8013F208110410F4
:109460000A21C011A820400304140E04C8860A165D
:1094700007110C21C091C520C2210A21C01104711D
:10948000CD08C487CE8134110900EF713C1104006E
:10949000002F87330F274E022F2008040F260611B6
:1094A0000C208081002F46323DF442253C80F0F2B2
:1094B0000C170410A820800DF024C0026F7E570EF8
:1094C000B51008800A101F01AC700A2000228947DD
:1094D0001DF004100E24002989130421CE9715F2E3
:1094E00006100901D076CC26C29109F41B09101090
:1094F000C4900BEEC097C3B006F00F091010C490D3
:1095000003EEC097C4B0E572A471CB0DA4802D7199
:1095100007F0C39005EEC49003EEC094C4B065712B
:10952000B6F0002F0431052489016F08610242253D
:109530003C80AEF20C170910A820400B6F7855083C
:10954000B500AC70F021C0120A20002289470880C3
:109550000A101F011BF004100424002F0701042728
:10956000C48713F2170CA101061007011B0F10008E
:10957000C4900BEEC097C3B006F00F0F1000C4905C
:1095800003EEC097C4B0E572A471CF0DA480EC7156
:109590006571FD0000005F08A10342253C8078F260
:1095A0000C170910A82080096F784708B5008C7047
:1095B000F021C0120947814508800A101F0116F0EA
:1095C00004170E14002E86030426C6870CF2190E0B
:1095D000C101C39008EEC49006EE00150E0122BE34
:1095E000C3B0C4B0A4728471D90CA480CC7165716D
:1095F0004EF0052707016B08E10142253C8048F247
:109600000C1707104A250000A820800A6F784F0821
:10961000B5000A200022F027400189472D700880FC
:109620000A10060118F004101F24002BCB17042386
:109630008B9110F2110B2111C3900CEEC4900AEE25
:10964000C09707F006EEC49004EEC097C3B0C4B054
:10965000E5722571D309A4906D71A47118F03108D9
:10966000210142253C8014F20C170E10A8200004A2
:10967000041603146883E593130F0110E39307EFB7
:10968000E49305EF56110F01E4B3E078A57132754C
:109690008405E5FF6C70CAC6ECC2181089002C1056
:1096A00006000E7008460A43AD701FF0238602497B
:1096B00014260000481003010212880011F02282D3
:1096C0000049088023900B09C5000FDD63B0C3413A
:1096D0000000FFFF090B410023B024B08571907892
:1096E000DF08048265712F20C802C50864828D706E
:1096F000D3420000FFFF5CF00180424227480BF09C
:1097000023870049088023901A0FEFF25078004217
:109710002671288F2F204804E9084480096A1078B0
:109720004F08850F0000EFFF098F42203C803FF279
:10973000101708102D70507BA8208006F0204B12C7
:109740008D700213861010F0754100490880239037
:1097500009E91309C50024900FDD0B09E50043B0AA
:1097600044B085719078E508848125711FF05078A8
:109770003B088104098F42203C8019F2E4876C7019
:10978000A8204005604F2288284310E982800C7091
:109790004A210000004C247148803078061AC50F19
:1097A000F508E482081AC50F6471067102862F213C
:1097B000070440884509A4802E70A140CCC6E078FB
:1097C0000880852102018421430F0018C50F0A1863
:1097D0000500E07F21B0E0786880C3400000F8FF1A
:1097E000276820B34193047A82BAE07F41B3E078DE
:1097F0000F0834042C71C3410000FFFF02F01879F8
:10980000E07F3078408148604471E07F40A1E0789B
:10981000ECC2CB45F000340093DA2C7094D857ADED
:10982000001E4270A000B44117ADA35A34E8A45AF8
:1098300095D80E096FF717AD96D817AD345810426A
:109840003E5810412E5810402F58084702412242DE
:1098500000434240A55A084603E8C14067589BD9D7
:109860009CD837ADBA086FF717AD9DD89A0D6FFF2A
:1098700017AD9ED8160E6FFF17AD9FD8C20D6FFFA4
:1098800017ADA0D8D4AD17AD424002412242E1430A
:10989000B25A06F0148D84E820D814ADA2D8C208BC
:1098A0006FF717ADA3D817AD4058E0780016817058
:1098B000F0000601C340A000348601184300E07F99
:1098C00020A8E078C342A0003486218A00430C70AF
:1098D0003470E07C408A7FD944790021C180100037
:1098E00024008C210280204082F67FD8842202004E
:1098F000057A001E8270F0000601E07F0C71E078AE
:10990000E07EE078EAC3AAC108450180E285C0850F
:109910008385003705103041003408100036CB1322
:109920000037C613684700360413003007000233BF
:10993000081200368913013440010236CB01013090
:1099400003000034011341C30233401201300E12F0
:109950000131000040C6AB0A700042C0210A30014C
:1099600083C15472ABF4446F4027031280C1402777
:109970000513A140CA0A6FFCE144CAC7E60F6FEFA6
:10998000A14043852285C185008505C403C30031FC
:109990008200003080030233010302308000224243
:1099A0000131410002364170803F0000BE0CAFEE35
:1099B0000130000001C1084500A75221C007003155
:1099C000410002364170803F00002F3140000131DC
:1099D000810F803F0000960CAFEE224204C203C10B
:1099E0000130030000C40231800061A70130010092
:1099F0005224C01702364170803F00005AF080C0E8
:109A0000C6096FF487C107C0402410390330808F26
:109A10007C3FAE5DD3F609C13208EFF20130400061
:109A200001C102C26C70003040000332C08052207D
:109A3000C007CAF67FD917B909F001C002C1522088
:109A4000C00705F0C34180BF0000220CAFEE2242E8
:109A50000846064108C0F60FAFF20130400002C1CF
:109A600010400331808F80BF0000CCF60331808F1F
:109A700035BFF30446F7218500855221C10704F064
:109A800023850285E60BAFEE224200308D0F00C029
:109A900000000C700335009045F701358D1FC9405B
:109AA000DB0F00C07FD9A0A7C1A70030002017B9E5
:109AB000BA0BAFEE224202A7A3A7CAC709038FECD5
:109AC000E2C22845208140434C761961DA092FF41F
:109AD00060400085047600A5C2C6E078E6C3A2C156
:109AE00068456083284664762B0AE400004180C004
:109AF0004C76FE0B2FE680C74A248071A820000216
:109B0000008501178114D860C57120A800850476EE
:109B100000A5C6C7E2C3084501808420030C1508D0
:109B20003104A1C10E8D001504101D789E5AC2C7C4
:109B3000FFD840C0C3441300E02240240530A140B8
:109B4000AB5AA140175800C0C2C7E078EAC2084625
:109B50004830000048473040C3411300745660420B
:109B60000A21002168458358147712F29F250213B9
:109B7000C341A000CC49B96100258D1FA000254A32
:109B8000E5A110190004CAA100ADCAC6F0264073B1
:109B90001300789A090910208D58CAC68B58CAC676
:109BA000004114700C70E07CAB11800014700C71DB
:109BB000E07DAC1181003470E07DE07F0C70E078D6
:109BC000ECC3A1C1345810403E5808472E580846EF
:109BD0002F58084510D88D588A21822CFFD90C7037
:109BE00010B980C2560C6FF66C7700C078E84A2234
:109BF0000024001E4274F0004B0003F000C011204E
:109C000080843CF22F2087041D0810044B08B00408
:109C100091E034F40240C141E142A1439A5A4C2000
:109C2000C0882CF400160070A00010862C704C77B1
:109C30005A0D2FF66C7078E80240C141E142A14311
:109C4000995A00160070A00010862C704C709A0E65
:109C50002FF66C7012F02F27FF006F233F00C340D8
:109C6000A000744926804780181801001C180100C4
:109C70002F26FF00FFD8455846714C22C0A480070C
:109C8000CEFFAEF17FD9CB44733F3186C343853FCE
:109C9000C203C342803F50B517B942A023A080A0A1
:109CA00061A010E02C708D002FF41ADA001E0270F3
:109CB000A000E885E07EE078C3431300187500A398
:109CC00021A3E07F42A3E078F1C02C7100290000BD
:109CD000B45AD1C0E07EE078F1C02C7100290000B8
:109CE000B55AD1C0E07EE078F1C02C7100290000A7
:109CF0008E58D1C0E07EE0782F27FF006F233F0011
:109D0000C342A000A86D2082257800A22F26FF0064
:109D1000C340F000400100180102E07EE4C3A1C18D
:109D200008452F277F006F233F00AA209002AB2019
:109D3000D002CB46A000A86DAA2088010F7814732A
:109D40000CF70086A57800A62F267F00C340F00000
:109D5000400100180102C4C72F267F00D2094FF628
:109D60003D0870002F214883001C013005F2C340DC
:109D7000A000308609F00425819FFF00000011F249
:109D8000C340A000148600804C716C70EE086FF622
:109D90004024043000C004E8DA098FF7C4C7042562
:109DA000819F000F000004F20286F0E86C25C19646
:109DB000F2F30186EAE8F0F1E2C276096FF60845AF
:109DC0002D0870002F21488305F2C340A000308683
:109DD00009F00425819FFF0000000BF2C340A000A2
:109DE000148600804C7112086FF66C70C2C6042590
:109DF000819F000F0000C342A000A86D03F2028201
:109E0000F2E86C25C196F4F30182EEE8F0F1E07817
:109E1000F1C062B83908F500A1C10F78F0260070D2
:109E2000A00094E607E92C714C73CE0F2FF66C70EE
:109E30000EF02C714C736C70402404303E086FF6A9
:109E4000001C013000C004E82A098FF78774D1C0D4
:109E5000E07EE078F1C09F2002030020810FA00087
:109E6000254A008905E80D780019C30F8558D1C02F
:109E7000E07EE078E4C2084612580845A4160011B6
:109E8000B570CA256110B1700C700AF2568605EAE9
:109E9000B078607AC1410C71A41E4413C4C6E07846
:109EA000EAC28CDB0A7B0845C340A000244A1F633A
:109EB000008F2846504035E9B2E8C340A000644115
:109EC000218FB6784180E0808C21C38FCB44A000E5
:109ED000CC4906F278640A80450E0510166E412EB4
:109EE0008B16002711900122CF828C21C38F10F294
:109EF0007864258044803B2740103D2182203077C4
:109F0000CA2081008CE8520FEFFFA140C1402241DE
:109F1000E142A1433A0CEFFF0A240004CAC692E8CA
:109F2000360FEFFFA140A1409F200203C342A000D3
:109F3000CC492C705860001F431025A024A02AA0F3
:109F4000F02640731300789A090810208D58CAC66D
:109F50008B58CAC6E2C25988C1BA547217F22F2769
:109F60007F036F233F005080043240800DF24C701D
:109F700004318080C5F730A00E18430003F0131899
:109F8000430010D88D582F267F03C2C6E2C25988DD
:109F9000C1BA547211F22F277F036F233F004C1078
:109FA0000201130A40004C1844000F18430010D857
:109FB0008D582F267F03C2C6E6C3A4C10845198861
:109FC0002846C1B8147227F24024C13383C240240A
:109FD00083324024043040240531A140395800C167
:109FE000C1404C7004318083CA2045000431808018
:109FF000CA2609102F27FF036F233F001085043066
:10A00000808307F210D8D0A50E1D43108D582F263F
:10A01000FF03C6C7CB44130060B480849570E02072
:10A020000203E07ECB4413005CB480849570E07C36
:10A03000007CE078E8C236098FF7CB45130028B4DE
:10A040002A8510403209AFF709694D0874020846A5
:10A0500008852609AFF704778A0BAFEC0847390F5C
:10A060007512216F5526831F2F794020C2206F7EE5
:10A07000082040004F7AD960250A64002C710F78BF
:10A08000860BAFECC1413A0CAFECC1404E0C600105
:10A090000085C8C62FD8B20F6FEB2C71AA0F6FEBDB
:10A0A0002DD8E078C340130024B4FD036FF4008082
:10A0B000EAC2CB4513002CB400852185E485C58513
:10A0C000027926B91E21810FAAAAABAA0815111080
:10A0D0000C1510104A0C6FF42F790285F24E0220F5
:10A0E000412427B927BA2F79960C6FF44F7ACAC644
:10A0F000E4C2CB45130044B4F208AFECC0856385DD
:10A10000428500416477C140A65AC4C60016037058
:10A11000A000FC860018800FA00094870019800F13
:10A12000A100CC08E07F60A2F1C05AD8AB20080E95
:10A13000985AD1C0E07EE078E07EE078E2C228451F
:10A140002081404310DA19615E0BEFF36040008517
:10A1500010E000A5C2C6E078E6C3A4C168456083EC
:10A16000284610E32B0AE400004180C010DA820D7B
:10A17000EFE580C74A240074A8200002008501177B
:10A180008114D860C57120A8008510E000A5C6C75D
:10A19000E2C208450090D37000002B661CD817F46B
:10A1A0005E8578D9C20B6FE9A14014701DD80FF2FB
:10A1B0004A2400710C704C70A82040024F7915257C
:10A1C00041104B11010604E94471C2C61ED8C2C633
:10A1D000E4C3A1C10F7D110DB5110C73482580108A
:10A1E0008020830FD368C340A000744984261F1EBB
:10A1F0001E662C770C7080C2420E2FF6204300C0E2
:10A2000079E89E7841862086041E0110001E011008
:10A21000BE78A1404558EFF1E2C308450180842093
:10A22000030C15083104A1C10E8D001504101D7812
:10A23000A25AC2C7FFD840C0C3441300E022402442
:10A240000530A140B65AA140175800C0C2C7E078F7
:10A25000E2C228452081404318DA19614A0AEFF327
:10A260006040008518E000A5C2C6E078E6C3A6C13C
:10A2700068456083284618E32B0AE400004180C04B
:10A2800018DA6E0CEFE580C74A240076A820000299
:10A29000008501178114D860C57120A8008518E0D9
:10A2A00000A5C6C70000000000000000000000007C
:10A2B000000000000000000000000000000000009E
:10A2C000000000000000000000000000000000008E
:10A2D000000000002000000001000000020000005B
:10A2E0001F000000BD3786350000000000000000A0
:10A2F0000000000000000000BD37863500000000AF
:10A30000000000000000000000000000BD3786359E
:10A31000000000000000000000000000000000003D
:10A320000000000017B7D138000000000000000056
:10A33000000000000000000017B7D1380000000046
:10A3400000000000000000000000000017B7D13836
:10A3500000000000000000000000000000000000FD
:10A3600000000000AA413200ACC5A736ACC5A73634
:10A37000ACC5A73600000000ACC52737ACC52737F1
:10A38000ACC52737000000000000000000010000FD
:10A3900000000001D3023738A9681237A968923645
:10A3A00035FA8E3788C3643688C3E435DB0F4940FD
:10A3B000F366DF3EC2B8B23D35FA0E3C88C3E43ADC
:10A3C00088C3643A02000000290000002C0000004D
:10A3D0002D00000001000000020000002900000024
:10A3E0002C0000002D000000F3665F3FF366DF3EA7
:10A3F0005077563E010000000200000003000000FC
:10A400002100000001000000020000001F00000009
:10A41000000000010606060404040000010000001C
:10A420000100000001000000000800000000000022
:10A43000000000000000803F9A99193E9A99993DCA
:10A440000AD7A33C0AD7A33C0AD7A33CBD3786351D
:10A45000BD378635BD3786350024F4490024F449DC
:10A460000024F4490000000000000000000000008B
:10A470002200000001000000020000001F00000098
:10A4800000080000000000000000000020000000A4
:10A490001F000000210000001F000000220000003B
:10A4A0001F00000050000000520000005400000097
:10A4B0000A000000B60000001C000000B800000008
:10A4C0002E000000BA0000005C0000005E000000EA
:10A4D00060000000620000008600000088000000AC
:10A4E00064000000BC00000066000000680000007E
:10A4F0006A0000006C0000006E00000070000000A8
:10A500007E0000008000000076000000780000005F
:10A510007A0000007C00000072000000740000005F
:10A520009600000098000000E4000000E600000033
:10A53000F6000000F80000009A0000009C000000F7
:10A540008A0000008C0000008E0000009E000000C9
:10A550008200000084000000A0000000A2000000B3
:10A56000A4000000A60000000100000017B7513948
:10A570006F12033B5305A33CB6F33D3E3FFF7FFF05
:10A58000000000000000BACA000000000201000044
:10A5900012AC20BC0AE81CC18CE05A3C8CE0DA3CCE
:10A5A0008CE05A3C0000803FF8DFD2BFF96D333FAA
:10A5B0006B00100000000000849813007CD2110092
:10A5C0000478A0007700040001000000E497130065
:10A5D000E05D13000883A000790004000100000082
:10A5E000F4971300E05D13003083A00069000400BD
:10A5F00000000000049813007CD211000C76A0002B
:10A60000750004000100000014981300E05D1300C1
:10A610005883A000BD02040000000000249813002D
:10A620007CD211006076A000C1020400000000008E
:10A63000449813007CD211007C76A000C302040071
:10A6400000000000549813007CD211009876A000FE
:10A6500015000000B46DA000040100003498130040
:10A6600080951300E46DA000403613000000000048
:10A67000000000004C6611003466110004661100F1
:10A68000406611001C66110010661100286611005A
:10A69000786FA000149FA00018000000B46DA00007
:10A6A000040100006498130088951300E46DA00075
:10A6B0009C3713000000000000000000A8381300C1
:10A6C0009838130068381300A0381300803813003E
:10A6D0007838130090381300886FA000E8A3A0001A
:10A6E0002A000000B46DA00004030000449513008C
:10A6F00000971300E46DA000BC391300B83B1300B1
:10A70000443B1300043D1300A83B13001C3B130003
:10A71000B03B1300343B13002C3B1300A03B130051
:10A72000A06FA000A897A000010003000000000097
:10A73000DC9613007CD211004875A00003000300D2
:10A7400000000000E89613007CD21100B875A0004C
:10A750006501030000000000F49613007CD2110094
:10A760004476A00023030300000000000C971300B0
:10A770007CD21100D076A000250303000000000069
:10A78000189713007CD21100EC76A0002903030077
:10A7900000000000249713007CD211000877A0006D
:10A7A0000500030000000000489713007CD2110050
:10A7B0009477A0007B000300010000006097130065
:10A7C000E05D13008083A0006D0003000000000026
:10A7D000789713007CD211003C78A0007D00030024
:10A7E0000100000090971300E05D1300A883A00013
:10A7F0008100030001000000B4971300E05D130026
:10A80000D083A0004101030000000000CC9713009A
:10A810007CD211000079A000390103000000000083
:10A82000D89713007CD211003879A0000C000000EA
:10A83000B46DA00003010000309713009895130039
:10A84000EC6DA0000C3D13000000000000000000B3
:10A85000943E1300843E1300543E13008C3E1300BC
:10A860006C3E1300643E13007C3E1300A86FA000F2
:10A87000209EA00006000000B46DA00003030000AD
:10A880006C97130054971300E46DA000F840130078
:10A89000EC411300D0411300F0411300DC411300E0
:10A8A000A8411300E4411300C0411300B841130054
:10A8B000D4411300F86FA0000899A0000700000021
:10A8C000B46DA000030300009C971300849713004D
:10A8D000E46DA000F8411300F8421300DC421300BD
:10A8E000FC421300E8421300B4421300F04213008C
:10A8F000CC421300C4421300E04213000470A000D5
:10A900005499A00009000000B46DA00003030000EA
:10A91000C0971300A8971300E46DA0000443130030
:10A92000F0431300D4431300F4431300E043130037
:10A93000AC431300E8431300C4431300BC431300AB
:10A94000D84313001070A000A099A000CB00020013
:10A9500000000000049613007CD211002C75A000AA
:10A960002D010200000000000C9613007CD21100A3
:10A970006475A00055010200000000001C96130041
:10A980007CD211009C75A000650002000000000050
:10A99000349613007CD21100D475A0006700020029
:10A9A00000000000449613007CD21100F075A00056
:10A9B0004F01020000000000649613007CD21100D9
:10A9C000B476A00063010200000000006C96130042
:10A9D0007CD211004077A00051010200000000006D
:10A9E0008C9613007CD21100E877A0008900020049
:10A9F00000000000949613007CD211002078A00083
:10AA000087000200000000009C9613007CD2110019
:10AA10005878A0007100020000000000A496130006
:10AA20007CD211007478A0008500020000000000B4
:10AA3000AC9613007CD211009078A0004B0102006C
:10AA400000000000B49613007CD21100AC78A00086
:10AA50005D01020000000000BC9613007CD21100D2
:10AA6000C878A0004D01020000000000C496130049
:10AA70007CD211001C79A0005B01020000000000E4
:10AA8000D49613007CD211008C79A0002200000023
:10AA9000B46DA00002010000249613006495130019
:10AAA000E46DA000F462110000000000000000004E
:10AAB0009863110080631100506311008C631100D2
:10AAC000686311005C63110074631100306FA000B3
:10AAD00044A0A00017000000B46DA0000201000017
:10AAE0005C96130084951300E46DA0001C371300DE
:10AAF0000000000000000000E0661100C8661100C0
:10AB000098661100D4661100B0661100A4661100A9
:10AB1000BC661100806FA0009C9BA0000D0000008F
:10AB2000B46DA000020200007C961300749613001E
:10AB3000EC6DA000F06D11000000000000000000AE
:10AB4000386F1100206F1100F06E11002C6F110092
:10AB5000086F1100FC6E1100146F1100CC6FA00083
:10AB60008CA6A0000E000000B46DA0000201000041
:10AB700084961300AC951300EC6DA0007C3F13008D
:10AB80000000000000000000C4401300B4401300A7
:10AB900084401300BC4013009C40130094401300F9
:10ABA000AC401300D06FA0004CA9A0002900000009
:10ABB000B46DA00002010000CC961300F4951300C0
:10ABC000E46DA000FC771100504613004C461300C2
:10ABD00078791100EC78110094781100F878110060
:10ABE000AC781100A0781100E07811006870A00026
:10ABF0004098A000C9000100000000005C9513000F
:10AC00007CD211008075A000470101000000000007
:10AC1000749513007CD211002876A000D3000100A7
:10AC200000000000949513007CD211002477A0004E
:10AC3000DF00010000000000A49513007CD2110089
:10AC40005C77A000E700010000000000A895130059
:10AC50007CD211007877A0003101010000000000D3
:10AC6000B09513007CD21100B077A000DD00010088
:10AC700000000000BC9513007CD21100CC77A0002E
:10AC80004301010000000000D89513007CD21100A0
:10AC9000E478A0002703010000000000F0951300F5
:10ACA0007CD211005479A000450101000000000091
:10ACB000F89513007CD211007079A0000C9113005C
:10ACC000FC7B13003CEC110054EC110050EB110024
:10ACD000BCEB1100CC00000003000000F883A000D2
:10ACE00000000000287A1300B8EC1100C4EC110039
:10ACF0000000000000000000080000000600000046
:10AD0000A879A000C490130024781300B8EC1100B7
:10AD1000C4EC1100A0EC1100B4EC1100E80000003C
:10AD2000050000005C72A00000000000607C1300C1
:10AD3000B8EC1100C4EC110000000000000000009D
:10AD40000A00000006000000C879A0000000000012
:10AD50009C791300B8EC1100C4EC11000000000055
:10AD6000000000000200000006000000E879A000DA
:10AD70000000000038781300B8EC1100C4EC11009A
:10AD800000000000000000000600000006000000B7
:10AD9000087AA000007D130024781300B8EC11009D
:10ADA000C4EC1100A0EC1100B4EC11000201000091
:10ADB000050000007072A00000000000E87B130096
:10ADC000B8EC1100C4EC110000000000000000000D
:10ADD0007E00000006000000287AA000007D13001D
:10ADE0008C7A1300B8EC1100C4EC1100A0EC110037
:10ADF000B4EC1100CE010000050000008472A00038
:10AE000000000000507A1300B8EC1100C4EC1100EF
:10AE100000000000000000001A0000000600000012
:10AE2000487AA00000000000747C1300B8EC110008
:10AE3000C4EC110000000000000000001C00000035
:10AE400006000000687AA00000000000B07913003E
:10AE5000B8EC1100C4EC110000000000000000007C
:10AE60001400000006000000887AA0000000000026
:10AE70004C781300B8EC1100C4EC11000000000085
:10AE8000000000001800000006000000A87AA000E2
:10AE9000549113009C791300B8EC1100C4EC11001C
:10AEA000A0EC1100B4EC1100AC00000005000000A3
:10AEB0009872A0009C911300B0791300B8EC1100B7
:10AEC000C4EC1100A0EC1100B4EC1100AE000000C5
:10AED00005000000AC72A000E4911300147A130086
:10AEE000B8EC1100C4EC1100A0EC1100B4EC11009E
:10AEF000B000000005000000C072A00000000000CB
:10AF0000287A1300B8EC1100C4EC11000000000016
:10AF1000000000001000000006000000C87AA00039
:10AF2000000000009C791300B8EC1100C4EC110083
:10AF30000000000000000000040000000600000007
:10AF4000E87AA0000000000038781300B8EC110087
:10AF5000C4EC11000000000000000000120000001E
:10AF600006000000087BA00000000000E87B130042
:10AF7000B8EC1100C4EC110000000000000000005B
:10AF80008000000006000000287BA00000000000F8
:10AF9000507A1300B8EC1100C4EC1100000000005E
:10AFA000000000002200000006000000487BA00016
:10AFB00000000000B0791300B8EC1100C4EC1100DF
:10AFC0000000000000000000160000000600000065
:10AFD000687BA000000000004C781300B8EC110062
:10AFE000C4EC11000000000000000000240000007C
:10AFF00006000000887BA00000000000C479130058
:10B00000B8EC1100C4EC11000000000000000000CA
:10B010008E00000006000000A87BA00000000000D9
:10B020009C781300B8EC1100C4EC11000000000083
:10B03000000000004E00000006000000C87BA000D9
:10B040000000000088781300B8EC1100C4EC110077
:10B050000000000000000000540000000600000096
:10B06000E87BA00000000000247C1300B8EC110075
:10B07000C4EC110000000000000000007800000097
:10B0800006000000087CA00000000000D879130032
:10B09000B8EC1100C4EC110000000000000000003A
:10B0A0003C00000006000000287CA000000000001A
:10B0B000387C1300B8EC1100C4EC11000000000053
:10B0C000000000009C00000006000000487CA0007A
:10B0D00000000000EC791300B8EC1100C4EC110082
:10B0E0000000000000000000420000000600000018
:10B0F000687CA00000000000647A1300B8EC110026
:10B10000C4EC11000000000000000000340000004A
:10B1100006000000887CA00000000000147A1300E4
:10B12000B8EC1100C4EC11000000000000000000A9
:10B130002800000006000000A87CA000000000001D
:10B1400074781300B8EC1100C4EC1100000000008A
:10B15000000000003600000006000000C87CA000CF
:10B1600000000000007A1300B8EC1100C4EC1100DC
:10B1700000000000000000005A000000060000006F
:10B18000E87CA000000000004C7C1300B8EC11002B
:10B19000C4EC110000000000000000007C00000072
:10B1A00006000000087DA00000000000B078130039
:10B1B000B8EC1100C4EC1100000000000000000019
:10B1C0004800000006000000287DA00000000000EC
:10B1D000B07C1300B8EC1100C4EC110000000000BA
:10B1E000000000007000000006000000487DA00084
:10B1F00000000000C47C1300B8EC1100C4EC110086
:10B2000000000000000000009800000006000000A0
:10B21000687DA000000000007C7E1300B8EC1100E7
:10B22000C4EC110000000000000000006C000000F1
:10B2300006000000887DA00000000000787A13005E
:10B24000B8EC1100C4EC1100000000000000000088
:10B250006600000006000000A87DA00000000000BD
:10B26000D87C1300B8EC1100C4EC11000000000001
:10B27000000000007400000006000000C87DA0006F
:10B28000000000008C7A1300B8EC1100C4EC11002F
:10B290000000000000000000620000000600000046
:10B2A000E87DA00000000000EC7C1300B8EC110069
:10B2B000C4EC110000000000000000008800000045
:10B2C00006000000087EA0002C92130024781300D2
:10B2D000B8EC1100C4EC1100A0EC1100B4EC1100AA
:10B2E0001601000005000000D472A000000000005C
:10B2F000C4791300B8EC1100C4EC11000000000088
:10B30000000000008A00000006000000287EA00067
:10B31000C478130024781300B8EC1100C4EC1100B9
:10B32000A0EC1100B4EC1100EE00000005000000DC
:10B33000E872A000C4781300C07B1300B8EC1100C1
:10B34000C4EC1100A0EC1100B4EC1100BC01000031
:10B35000050000000C6EA000C4781300A47E13004A
:10B36000B8EC1100C4EC1100A0EC1100B4EC110019
:10B37000C201000005000000206EA000C478130088
:10B38000887C1300B8EC1100C4EC1100A0EC110093
:10B39000B4EC11003401000005000000FC72A000B4
:10B3A000487D130024781300B8EC1100C4EC1100A0
:10B3B000A0EC1100B4EC1100F0000000050000004A
:10B3C0001073A000487D13003C7A1300B8EC110004
:10B3D000C4EC1100A0EC1100B4EC11001A01000043
:10B3E000050000002473A0000C79130024781300DA
:10B3F000B8EC1100C4EC1100A0EC1100B4EC110089
:10B40000F2000000050000003873A0000C79130062
:10B41000D47B1300B8EC1100C4EC1100A0EC1100B7
:10B42000B4EC11009A01000005000000346EA00089
:10B430000C7913003C7A1300B8EC1100C4EC110035
:10B44000A0EC1100B4EC11001C010000050000008C
:10B450004C73A0000C791300887C1300B8EC110029
:10B46000C4EC1100A0EC1100B4EC1100320100009A
:10B47000050000006073A000000000009C7813002D
:10B48000B8EC1100C4EC1100000000000000000046
:10B490004A00000006000000487EA00000000000F6
:10B4A00088781300B8EC1100C4EC11000000000013
:10B4B000000000005000000006000000687EA000B0
:10B4C0007492130024781300B8EC1100C4EC11003E
:10B4D000A0EC1100B4EC1100060100000500000012
:10B4E0007473A00000000000247C1300B8EC11006D
:10B4F000C4EC110000000000000000007600000015
:10B5000006000000887EA000547913002478130000
:10B51000B8EC1100C4EC1100A0EC1100B4EC110067
:10B52000F400000005000000486EA00054791300EC
:10B5300088781300B8EC1100C4EC1100A0EC1100E5
:10B54000B4EC110054010000050000008873A00055
:10B55000547913009C781300B8EC1100C4EC11006E
:10B56000A0EC1100B4EC11005A010000050000002D
:10B570009C73A00054791300B0781300B8EC11004C
:10B58000C4EC1100A0EC1100B4EC11005801000053
:10B5900005000000B073A000A07A1300D47B130054
:10B5A0003CEC110054EC110050EB1100BCEB11000D
:10B5B00096010000030000003084A000A07A130070
:10B5C000CC7E13003CEC110054EC110050EB110048
:10B5D000BCEB1100B0010000030000006884A00073
:10B5E000A07A1300107C13003CEC110054EC110005
:10B5F00050EB1100BCEB1100D00000000300000074
:10B60000A084A000BC92130024781300B8EC1100B1
:10B61000C4EC1100A0EC1100B4EC11001401000006
:10B6200005000000C473A00000000000387C130077
:10B63000B8EC1100C4EC1100000000000000000094
:10B640009A00000006000000A87EA000907D130074
:10B65000C07B13003CEC110054EC110050EB1100C6
:10B66000BCEB1100BA01000003000000D884A00068
:10B67000D87D13003C7A13003CEC110054EC11000F
:10B6800050EB1100BCEB11001E0100000300000094
:10B690001085A000907D1300607813003CEC110031
:10B6A00054EC110050EB1100BCEB1100D60000006F
:10B6B000030000004885A000D87D130060781300C7
:10B6C0003CEC110054EC110050EB1100BCEB1100EC
:10B6D000D8000000030000008085A00000000000EA
:10B6E0009C7C1300B8EC1100C4EC110000000000B9
:10B6F000000000002E00000006000000C87EA00030
:10B7000000000000647A1300B8EC1100C4EC1100D2
:10B7100000000000000000002C00000006000000F7
:10B72000E87EA0000493130060781300B8EC1100C9
:10B73000C4EC1100A0EC1100B4EC1100DA00000020
:10B7400005000000D873A00000000000147A130068
:10B75000B8EC1100C4EC1100000000000000000073
:10B760002600000006000000087FA0000000000086
:10B7700074781300B8EC1100C4EC11000000000054
:10B78000000000002A00000006000000287FA00042
:10B7900000000000D8791300B8EC1100C4EC1100CF
:10B7A000000000000000000038000000060000005B
:10B7B000487FA00000000000EC791300B8EC1100F5
:10B7C000C4EC110000000000000000003E0000007A
:10B7D00006000000687FA00000000000007A13004F
:10B7E000B8EC1100C4EC11000000000000000000E3
:10B7F0005600000006000000887FA0000000000046
:10B80000B0781300B8EC1100C4EC11000000000087
:10B81000000000004400000006000000A87FA00017
:10B8200000000000F47E1300B8EC1100C4EC11001D
:10B83000000000000000000068000000060000009A
:10B84000C87FA0004C93130024781300B8EC1100BB
:10B85000C4EC1100A0EC1100B4EC110008010000D0
:10B8600005000000EC73A000000000004C7C1300F9
:10B87000B8EC1100C4EC1100000000000000000052
:10B880007A00000006000000E87FA000E87A1300BC
:10B89000687E1300B8EC1100C4EC1100A0EC11009C
:10B8A000B4EC110038010000050000000074A00095
:10B8B000E87A130038781300B8EC1100C4EC1100DA
:10B8C000A0EC1100B4EC1100DC0000000500000049
:10B8D0001474A000E87A1300FC7B1300B8EC11008C
:10B8E000C4EC1100A0EC1100B4EC1100CA0000007F
:10B8F000050000002874A000307B1300907E130028
:10B90000B8EC1100C4EC1100A0EC1100B4EC110073
:10B910003A010000050000003C74A000307B1300D9
:10B920004C781300B8EC1100C4EC1100A0EC11002D
:10B93000B4EC1100DE000000050000005074A0000F
:10B94000307B1300107C1300B8EC1100C4EC110024
:10B95000A0EC1100B4EC1100CE00000005000000C6
:10B960006474A000787B1300087F1300B8EC11000A
:10B97000C4EC1100A0EC1100B4EC11003E01000079
:10B98000050000007874A000787B13007478130021
:10B99000B8EC1100C4EC1100A0EC1100B4EC1100E3
:10B9A000E2000000050000008C74A000787B13000A
:10B9B00060781300B8EC1100C4EC1100A0EC110089
:10B9C000B4EC1100D400000005000000A074A00039
:10B9D0009493130024781300B8EC1100C4EC110008
:10B9E000A0EC1100B4EC1100FC0000000500000008
:10B9F000B474A00000000000B07C1300B8EC11008B
:10BA0000C4EC110000000000000000006E00000007
:10BA1000060000000880A000DC93130024781300C7
:10BA2000B8EC1100C4EC1100A0EC1100B4EC110052
:10BA30000E01000005000000C874A0000000000016
:10BA4000C47C1300B8EC1100C4EC1100000000002D
:10BA50000000000096000000060000002880A00002
:10BA60002494130024781300B8EC1100C4EC1100E6
:10BA7000A0EC1100B4EC1100FE0000000500000075
:10BA8000DC74A00000000000787A1300B8EC11000C
:10BA9000C4EC110000000000000000006400000081
:10BAA000060000004880A0006C9413002478130066
:10BAB000B8EC1100C4EC1100A0EC1100B4EC1100C2
:10BAC0000401000005000000F074A0000000000068
:10BAD000D87C1300B8EC1100C4EC11000000000089
:10BAE0000000000072000000060000006880A00056
:10BAF000B494130024781300B8EC1100C4EC1100C6
:10BB0000A0EC1100B4EC11000001000005000000E1
:10BB10000475A000000000008C7A1300B8EC11003E
:10BB2000C4EC1100000000000000000060000000F4
:10BB3000060000008880A000207E1300E07E130035
:10BB4000B8EC1100C4EC1100A0EC1100B4EC110031
:10BB500040010000050000005C6EA000207E130084
:10BB6000B87E1300B8EC1100C4EC1100A0EC110079
:10BB7000B4EC11004201000005000000706EA0004E
:10BB800000000000287A1300B8EC1100C4EC11008A
:10BB900000000000000000000C0000000600000093
:10BBA000A880A00000000000607C1300B8EC110029
:10BBB000C4EC11000000000000000000B60000000E
:10BBC00006000000C880A0000000000038781300C4
:10BBD000B8EC1100C4EC11000000000000000000EF
:10BBE0000E00000006000000E880A0000000000039
:10BBF000507A1300B8EC1100C4EC110000000000F2
:10BC0000000000001E000000060000000881A000E7
:10BC100000000000747C1300B8EC1100C4EC1100AB
:10BC20000000000000000000B80000000600000056
:10BC30002881A000000000004C781300B8EC11002F
:10BC4000C4EC110000000000000000002000000013
:10BC5000060000004881A00000000000C479130025
:10BC6000B8EC1100C4EC110000000000000000005E
:10BC70008C000000060000006881A00000000000A9
:10BC80009C781300B8EC1100C4EC11000000000017
:10BC9000000000004C000000060000008881A000A9
:10BCA0000000000088781300B8EC1100C4EC11000B
:10BCB000000000000000000052000000060000002C
:10BCC000A881A00000000000D8791300B8EC110092
:10BCD000C4EC110000000000000000003A00000069
:10BCE00006000000C881A00000000000EC791300ED
:10BCF000B8EC1100C4EC11000000000000000000CE
:10BD00004000000006000000E881A00000000000E4
:10BD10009C7C1300B8EC1100C4EC11000000000082
:10BD200000000000BA000000060000000882A00029
:10BD300000000000647A1300B8EC1100C4EC11009C
:10BD400000000000000000003000000006000000BD
:10BD50002882A0000000000074781300B8EC1100E5
:10BD6000C4EC1100000000000000000032000000E0
:10BD7000060000004882A00000000000007A1300C6
:10BD8000B8EC1100C4EC110000000000000000003D
:10BD900058000000060000006882A00000000000BB
:10BDA000B0781300B8EC1100C4EC110000000000E2
:10BDB0000000000046000000060000008882A0008D
:10BDC000000000001C7F1300B8EC1100C4EC11004F
:10BDD00000000000000000006A00000006000000F3
:10BDE000A882A00000000000787A1300B8EC1100CF
:10BDF000C4EC11000000000000000000BC000000C6
:10BE000006000000C882A000FC94130024781300F0
:10BE1000B8EC1100C4EC1100A0EC1100B4EC11005E
:10BE20000C010000050000001875A00000000000D3
:10BE3000EC7C1300B8EC1100C4EC11000000000011
:10BE4000000000008600000006000000E882A0005C
:10BE500010000000B46DA00001010000589513000F
:10BE600054951300E46DA0008061110000000000F3
:10BE700000000000FC611100E4611100B4611100D8
:10BE8000F0611100CC611100C0611100D861110096
:10BE9000186FA000749CA0000B000000B46DA000FF
:10BEA000010200006095130014961300EC6DA000D1
:10BEB000D82613000000000000000000BC2713007B
:10BEC000AC2713007C271300B4271300942713001A
:10BED0008C271300A4271300286FA000B8A1A0008E
:10BEE00001000000B46DA00001020000689513007D
:10BEF0003C961300E46DA000BC631100000000003C
:10BF000000000000446411002C641100FC63110067
:10BF100038641100146411000864110020641100D9
:10BF2000406FA000EC99A00002000000B46DA000DA
:10BF3000010200006C9513004C961300E46DA00004
:10BF4000506411000000000000000000D8641100DF
:10BF5000C064110090641100CC641100A864110049
:10BF60009C641100B4641100506FA000409AA000BE
:10BF700003000000B46DA0000102000070951300E2
:10BF800054961300E46DA000E4641100000000006A
:10BF9000000000006C65110054651100246511005B
:10BFA000606511003C6511003065110048651100A5
:10BFB000606FA000949AA00041000000B46DA00042
:10BFC000010100007C95130078951300E46DA0003A
:10BFD000C0351300000000000000000038361300D8
:10BFE00028361300F83513003036130010361300CE
:10BFF0000836130020361300706FA0001C98A000B4
:10C000002C000000B46DA000010100009095130009
:10C010008C951300E46DA000206A11000000000060
:10C02000000000009C6A1100846A1100546A11002B
:10C03000906A11006C6A1100606A1100786A110040
:10C04000906FA000C097A00040000000B46DA00059
:10C0500001010000A09513009C951300E46DA00061
:10C060009C3E13000000000000000000143F13007D
:10C07000043F1300D43E13000C3F1300EC3E1300AA
:10C08000E43E1300FC3E1300B46FA0006498A000CF
:10C0900012000000B46DA00001010000B89513006B
:10C0A000B4951300E46DA00064701100000000005E
:10C0B00000000000E0701100C870110098701100BD
:10C0C000D4701100B0701100A4701100BC70110088
:10C0D000D86FA000049CA0002D000000B46DA0004B
:10C0E00001010000C4951300C0951300E46DA00089
:10C0F000F070110000000000000000006C711100E1
:10C100005471110024711100607111003C71110013
:10C110003071110048711100E86FA000DC97A00099
:10C1200020000000B46DA00001010000CC951300B8
:10C13000C8951300E46DA0005075110000000000C8
:10C1400000000000CC751100B47511008475110059
:10C15000C07511009C75110090751100A875110033
:10C160002470A000CC98A0003D000000B46DA00099
:10C1700001010000D4951300D0951300E46DA000D8
:10C18000504413000000000000000000C8441300E9
:10C19000B844130088441300C0441300A0441300A3
:10C1A00098441300B04413003470A000FC97A00022
:10C1B0001F000000B46DA00001040000DC95130016
:10C1C00074981300E46DA000D04413000000000038
:10C1D00000000000D4451300C4451300944513002B
:10C1E000CC451300AC451300A4451300BC45130017
:10C1F0004870A000789DA0002B000000B46DA00046
:10C2000001010000E4951300E0951300E46DA00027
:10C21000EC761100000000000000000068771100BB
:10C2200050771100207711005C77110038771100EA
:10C230002C771100447711005070A000409BA000A3
:10C2400021000000B46DA00001010000EC95130076
:10C25000E8951300E46DA000747711000000000061
:10C2600000000000F0771100D8771100A8771100C6
:10C27000E4771100C0771100B4771100CC7711007A
:10C280006070A000E89AA0003C000000B46DA0001F
:10C290000101000000961300FC951300E46DA0005E
:10C2A000C04A13000000000000000000384B1300DB
:10C2B000284B1300F84A1300304B1300104B1300A7
:10C2C000084B1300204B13007470A000EC9CA000DE
:10C2D0007C871300E8871300C4871300A08713002E
:10C2E000D47B1300787F1300008B1300307F130082
:10C2F000E87B130004811300288113004C81130094
:10C3000088841300C47913003C85130088781300D7
:10C310009C781300B0781300247C1300348713003A
:10C320006C8B1300907E1300387C13007888130008
:10C33000CC851300D08D1300B87E13003088130015
:10C34000CC7E130098891300AC8D13004C7C130035
:10C35000B88A1300B07C1300448C1300C47C130013
:10C360008C8C1300948A1300D48C1300D87C130097
:10C370001C8D13008C7A1300648D1300D88B13006E
:10C38000087F130034901300EC7C13007C901300A2
:10C39000C0881300A88513000C8813008086130042
:10C3A000687E1300C07B13002C801300DC81130017
:10C3B00008801300508013001C000000C498130074
:10C3C000307F1300488B1300FC7B13003878130078
:10C3D00054881300B48B1300107C13004C781300A6
:10C3E00060781300747813003886130014861300E5
:10C3F00058871300D88213009C88130020831300F1
:10C40000E07E1300A47E130008891300C088130087
:10C410002C891300E4881300DC8A1300F8831300CE
:10C420009C7F1300188E130098801300848E1300D5
:10C43000F0851300C886130050891300808F130005
:10C44000688C130040841300B08C130064841300C4
:10C45000408D1300D0841300AC8D1300D08D1300D9
:10C46000A09013001885130004811300C07F1300EF
:10C470009481130028811300BC80130024821300D0
:10C4800060851300CC8E13006C821300D8791300E2
:10C49000EC791300007A1300048A1300388F13001C
:10C4A000FC821300288A13005C8F1300448313005E
:10C4B0004C8A1300EC8F1300D483130054881300AC
:10C4C0000C881300308813009C791300147A130031
:10C4D000B07913004C811300BC8913008C831300C6
:10C4E00024781300287A1300607C1300547F130013
:10C4F000F48D130070811300488B1300248B1300FC
:10C50000008B1300E488130038861300A486130000
:10C510003C7A1300507A1300747C1300748013006B
:10C52000608E130000821300B48B1300908B1300F5
:10C530006C8B1300887C1300647A13009C7C1300BE
:10C5400074891300A48F130068831300208C1300D8
:10C55000FC8B1300D88B1300F88C13005890130039
:10C56000AC84130050801300888D1300F4841300F2
:10C57000248B1300E47F13003C8E1300B88113005A
:10C58000908B1300E0801300A88E130048821300E4
:10C5900098891300088913002C891300208C13003C
:10C5A000FC8B1300E0891300C88F1300B0831300C5
:10C5B000A087130010871300148F1300B482130098
:10C5C00084851300F0851300A8851300CC85130023
:10C5D000C4871300EC861300F08E130090821300C2
:10C5E000E8871300708A1300109013001C84130056
:10C5F000A48613005C861300C8861300808613008F
:10C60000787A1300F47E13001C7F13007C7E1300E5
:10C61000D48C1300448C1300648D13007C901300A1
:10C62000088013001C8D130034871300B88A130090
:10C630008C8C1300788813003C851300787F1300DE
:10C6400084851300148613005C8613007C87130016
:10C6500054911300E49113009C9113000493130070
:10C660000C911300907D1300E87A130024941300BA
:10C6700094931300B4941300FC941300007D1300F2
:10C680006C941300749213004C931300DC9313000A
:10C69000BC9213002C921300C4901300A07A1300D4
:10C6A000307B1300D87D1300207E1300787B1300AD
:10C6B000C4781300487D13000C79130054791300DB
:10C6C000C07F130094811300E47F13003C8E13009D
:10C6D000B8811300BC8913008C831300E089130018
:10C6E000C88F1300B0831300BC8013002482130092
:10C6F000E0801300A88E130048821300547F1300BB
:10C70000F48D13007081130074801300608E130089
:10C71000008213009C7F1300188E1300748913008D
:10C72000A48F13006883130050891300808F1300B7
:10C7300098801300848E130010871300148F130049
:10C74000B4821300EC861300F08E13009082130065
:10C75000708A1300109013001C841300048A1300C5
:10C76000388F1300FC821300288A13005C8F13009B
:10C77000448313004C8A1300EC8F1300D4831300FE
:10C78000F88C130058901300AC841300948A1300A3
:10C790003490130088841300688C130040841300C5
:10C7A000888D1300F4841300A090130018851300E3
:10C7B0002C801300DC811300408D1300D084130003
:10C7C00058871300D8821300DC8A1300F883130003
:10C7D000B08C1300648413009C8813002083130022
:10C7E00060851300CC8E13006C82130043616C696A
:10C7F00062425358004E566972740053656E736FEF
:10C8000072000000030000000400000005000000AA
:10C810000600000007000000080000001067170075
:10C82000486F737400A91AA1AB551748656C6C6FFB
:10C8300020776F726C642100506172616D202575E4
:10C84000206C656E2025752074696D6520256C6CE3
:10C85000752E20200025642E2054657374696E6740
:10C86000207072696E746620627566666572696EA4
:10C870006720746573742025752E20200054686528
:10C8800020717569636B2062726F776E20666F78B6
:10C89000206A756D706564206F76657220746865B6
:10C8A000206C617A7920646F672E20205468697348
:10C8B000206973206120746573742C207468697317
:10C8C000206973206F6E6C79206120746573742EFB
:10C8D00020204520706C75726962757320756E75C5
:10C8E0006D2E2020436F6769746F206572676F201B
:10C8F00073756D2E202056696E692C2076696469E7
:10C900002C20766963692E0049646C650000000084
:10C9100065787066000000000000003F000000BF66
:10C920008071313F807131BFD1F71737D1F717B719
:10C930006C6F6700000000000000000042CE0200A3
:10C94000EB3CEBAE1FA4E4A1AF7B987F6BC88E6D70
:10C950007B9DC1980232968948A410CD17CEB83C71
:10C960004D124F2B3211C03A421529EA0000000047
:10C9700000000000000000000000000000000000B7
:10C9800000000000000000000000000000000000A7
:10C990000000000000000000000000000000000097
:10C9A0000000000000000000000000000000000087
:10C9B0000000000000000000000000000000000077
:10C9C0000000000000000000A89B1300AC9B1300B7
:10C9D0000000000000000000000000000000000057
:10C9E0000000000000000000000000000000000047
:10C9F0000000000000000000AC9B1300B09B13007F
:10CA00000000000000000000000000000000000026
:10CA10000000000000000000C340120000406B2036
:10CA200040090A22808F1000842BE22082000A2213
:10CA3000808F1300EC9CE22082009A080000DB4407
:10CA4000A000205CAB240939DB44A000206CAB249F
:10CA500049398E0E8FFD6A2080028EB82920008011
:10CA6000DB42A0001C5C6F702220800F1300EC9E44
:10CA700009008FE4CCA51300C3401200844BD3708F
:10CA80001200844BE07CAB208A04E07EE4C0C188C5
:10CA90000210C30008440488402E0D17546B24BEB6
:10CAA000C57A1CB841B1408C638C5CBD5CB808B8D9
:10CAB00008BDA57A657840B102B1C4C40010C300B6
:10CAC0000110C2000210C00060B141B1E07F02B1AC
:10CAD000E6C3ABC100160D70A000D85ECB46F000D7
:10CAE00034000C7040258F1214AE16AE15AE0AD865
:10CAF0004C74660A2FEAE141088D278D08B8257825
:10CB000010B835B88C208F83CC20828F0000EA05C6
:10CB1000CC20828F0000D507CC20828F0000DD075B
:10CB200007F2018E842003004520C00001AE661587
:10CB3000801006E8001E0270F000060180C04A095D
:10CB4000AFFE5425CE1C0017C0107B0832001AD946
:10CB500019D9CE092FEAC1407F1581103820420033
:10CB60006AC1B7086100291C823067D8B86084C1E7
:10CB7000C7FF5425801D40248135C5FF71D8B8609A
:10CB800040248138C2FF7515C1106B1580107015D7
:10CB9000821004B924B884213C008422030C257837
:10CBA0004578483080000030800F75378FC20130E3
:10CBB000800F803F000007360070803F000043C0B8
:10CBC0002BF05E092FEAC1402D8D382042006AC14A
:10CBD00047086100291C82306715CB106815C11009
:10CBE0006915C2106A15C3106B15CC106C15CE10E8
:10CBF0006D15CF106E15C0106F15CD10101CC432FE
:10CC0000121C4430141C843083416BB18CB1CDB103
:10CC1000F1B112B1B3B1C340A100FF7F5A0D0FF6BD
:10CC2000490874020845460D0FF6084742250012D0
:10CC3000B20F2FEB0F7E236FD8602F7935092400B8
:10CC40002DD8A20F2FEB55258D1FAF7DBA0F2FEBDF
:10CC5000A1416E086FEBA140C3401300187580C15D
:10CC60008E0AAFE42CDAC6C72FD8DE0B2FEA2C7160
:10CC7000D60B2FEA2C71E078F1C0CB44F0003400E1
:10CC80002294C34000002E1410784B0921001AD8BA
:10CC9000C340A0009487C341A100D8261249C343D2
:10CCA000000067170D0A720063B48A08AFF22C7097
:10CCB000C340130040A826080000C3400000000045
:10CCC00005E82220800F00000000920E0000D1C075
:10CCD000E07E760B2FEA2C70EAC3A1C108451470E0
:10CCE0000C7041F2520B6FE4A1407B081100038DE0
:10CCF0000D08F40040250F12C18511F0E46DCB46FC
:10CD00001000CC2A0BF0046FE46809F04E200220DA
:10CD10002C702208AFF281402A4701878087147067
:10CD2000104011F240271112F2F680C32240024156
:10CD3000607E81424020C0206C2040001F6708E7D1
:10CD4000EDF1E3ECC343AD0BD0BAC342D0BAAD0BA7
:10CD50000C70C34100000B0A61A740A720B5021D5B
:10CD60004313CAC7E6C20C71A75ACB45A000488638
:10CD700002A50C71A85A04A50C71C34112004C56AF
:10CD8000AF5A08460C71C34112004057B05A0847C9
:10CD90000C73A75A03A50C73C34112002456AF5A53
:10CDA00000410C7004EE04EF79210000C6C6E07863
:10CDB000F1C0C3401200C057AD5AC341A000608605
:10CDC000D1C0E07F00A1E078E2C242213C80C343B1
:10CDD0000000FFFFAD7015F240200C07A8204004B2
:10CDE00000841B0881002E8C0694C0B98420CF8F4C
:10CDF000257D05F27070CA23050055240C1C838222
:10CE0000BB782C8CA1B905792CAC23829E08EFF05D
:10CE10006040C2C6084442223C804A200000E07CB8
:10CE200040210307A820C001C013010438210103D9
:10CE30002578E07EEEC2CB47F0000001138FCB4592
:10CE4000F000400280B813AF128F80B812AF118F7C
:10CE5000A0B811AF01852185442042005021000077
:10CE6000457801A500160170A000A46DC340A00084
:10CE7000206C720DCFF5AA2049095E0DEFF5AA21AD
:10CE80000909B6098FFE4E0C6FFD0C701A0A8FFE51
:10CE9000220A8FFE5E0A8FFE4E080FF010401470BB
:10CEA000D8F2CA0B8FFD0390CB46F000340004B6D5
:10CEB0000E108020228522B8A0B9C0B8257802A51E
:10CEC00002108120088F0F097F006C20400080B87D
:10CED00002F081B808AF12082FF0171E83142F102C
:10CEE00081002E1082004029000245781108800F31
:10CEF0000000FFFF8C20538FC6F708F0001E437020
:10CF0000A0009C428A20930FAA5A147092F2C34048
:10CF1000A000205CC341A000206C120B2FEA171E5A
:10CF2000C314CB45A000E88728D9C342A0005440D1
:10CF30005625001C171E43157E092FF6171E831554
:10CF4000C340A000888CC342A00074406A092FF639
:10CF500028D9C340A000A88FC342A000EC40B20F64
:10CF60006FEB20D9C340A000A893C342A0000841A2
:10CF70009E0F6FEB20D9108F10D980B810AFA14051
:10CF80003A08EFF3171EC315D20820000240AB0881
:10CF90003000AD70345810432E5810423E581041A6
:10CFA0002F580044024062414242DA0A20002243E4
:10CFB00087081000F20F8FEA0EE80B8E19085F0049
:10CFC000345810402E58004230D80241335804E8FB
:10CFD000660F8FEA4E0D00002FE891D80609AFF5D5
:10CFE00017AE148EA9E8820DCFFF8A20080EAADAA8
:10CFF0002C70C168AB22080E2B218003088FC3431D
:10D00000FA0280F0C3413101002DC1B8147255DC21
:10D01000CA21C100016EC943AB24081E2B210000A8
:10D02000C340A000E0420088AD7109E80C750DF026
:10D030002AD8AD7014AEA140CEC6C340A000E142D4
:10D0400000887BE80C73AB22080E2B20C002F5F1A0
:10D050002ED8F60FEFE92C70E6C2CB45F000340075
:10D06000171D03162F884D88CE888C8808B908BAFA
:10D07000257E857A10BEC343F00040025322C102D0
:10D08000457E3AB32CBE958853264B11D7883488F9
:10D09000568808BC08BE257C052681104A244076A7
:10D0A00010B985792D700D71CD7024A3A82041028F
:10D0B000717645F20F0E14145C883D88FF889E88B7
:10D0C00005F058883988FB889A8808B908BF4579DF
:10D0D0000527021310BA457901294102C1B93471FB
:10D0E0003E00210034720FF234731FF42F27BF006B
:10D0F0006F233F0025830F21810325A32F26BF0027
:10D100000BF02F27BF006F233F00258310218103E1
:10D1100025A32F26BF002C71D87926A30FF0002855
:10D12000811328A30BF02F27BF006F233F00278315
:10D130000F21810327A32F26BF002572C5716140EF
:10D14000AE5AA70830004A24407111D84A21000085
:10D15000A820C001AB20D0020471AB2188014A2471
:10D16000807116DC6C7123DA0C7224D9AB24D012D6
:10D17000AB238801AB22D002AB208801AB21D002C7
:10D18000AB20880117D82C74A820C001AB20D00296
:10D190000471AB2188014A24C0701DDC1EDB4C7376
:10D1A0001FD8AB24D012AB218801AB23D002AB2215
:10D1B0008801AB20D00215D8AB218801A820C0027D
:10D1C00040200204422001040471AB22D002AB21B2
:10D1D000880128DA07D90C71AB22D002AB21880173
:10D1E000171D4316C6C6B0D90C7034ADC6C6E0785C
:10D1F000EAC230410E7136E940200F07AD7045DEBE
:10D2000001871D089204290890042F0850083B0844
:10D210009108001F801FA00008411CF012E82B0895
:10D220005104001F801FA000544014F0001F801FF5
:10D23000A00074400EF0001F801FA000EC400AF018
:10D24000001F011006F00E70001E8273F0004900EE
:10D25000920FEFF5E140A571A90D649455270F1CBD
:10D260000240CAC6F1C0A95A14700C7107F429DA39
:10D27000C341F00048000C7040A9D1C0E07EE078C6
:10D28000ECC2504230411040CB45F0004B002040F2
:10D29000404160428043D20FEFFF001D831614709F
:10D2A0000C704FF2C342A0005440224042411E0B7A
:10D2B000EFFF001DC316C342A000744022400E0BB6
:10D2C000EFFF4241CB46F0004002C341F00077023D
:10D2D000E0862D10832000896C20420053234000FB
:10D2E000457800A9024022414242120A2000001D56
:10D2F000031728BFCABF0DE802402241BE09200023
:10D30000424205E88527071003F0852703102241D4
:10D310004242060A2000001D431760868A21180039
:10D320001470C52742104627021008BA0423810F43
:10D33000F8FFFF000C71457920A6001D8317CCC6AD
:10D34000F1C0C340130028B34A0E4FFE83E8D1C09A
:10D35000E07EF60CEFE92C71E2C2C341A000E0428E
:10D36000CB45F0003400C340A000E14200190300A7
:10D37000171D4314CE0FEFFF00184300BA0ACFFF6A
:10D3800005E892D88E0C2FFE17AD148D83E820D8B7
:10D3900014ADAFD817AD4058EEC270435041304283
:10D3A000830B30001040AD70D76D2276C1403558E8
:10D3B0000B0895003E1E831005F00B0854013E1E1D
:10D3C000C31F198E40260F17C1B823087100E14012
:10D3D000019717E848300000C3411200684BC14272
:10D3E000B35A2308330001AF1AF002419E0820000F
:10D3F000424209E800410080FEE8C0A103F0011F9D
:10D40000C31F28860CE921168010C1B814720C7055
:10D4100005F42F7802414242335808A6A5718D0DBC
:10D42000C4940240CE0DEFFF42415B0B302010420E
:10D43000ED70CD7011F035581040A1403A58355874
:10D440000C2000A0E14056F7A1403A5835583E1D47
:10D4500002100C710EF0176E00210DA009F2A14010
:10D460003A5807E8198DC1B8CF087180A140E14052
:10D47000C57172763C26CF14CA262610047FADF7FC
:10D48000EBE84240CEC6E078E2C261880845402B16
:10D4900080074228BE870E002400808D81403D58C1
:10D4A00007F0C1BB0B0BB1000C708140335800A5D5
:10D4B000C2C6E078E07F0C718D7017EA2D108300F2
:10D4C000270B70000A2480703C49C342A000084129
:10D4D000A820C00220800F098100348807099F001E
:10D4E0008D715520000CE07F8140E0782D10800088
:10D4F000E07F78204000E0782D1080000F08510078
:10D50000C340A00054401101CFFFC340A000084118
:10D510000501CFFFC340A0007440FD00CFFFE078BD
:10D52000C342F0004B001BD90C70001AC307AB219B
:10D53000D002AB208801C340F000200120D926A0F2
:10D5400020A06F26FF0590D90C71E07F20AA000073
:10D550002B660000000067170000000000000000BC
:10D5600000000000000000000000000000000000BB
:10D5700000000000000000000000000000000000AB
:10D58000000000000000000000000000000000009B
:10D59000000000000000000000000000000000008B
:10D5A00000000000000000002873010000000000DF
:10D5B000B05B01002E14000000000000F00000002D
:10D5C000000000000000000000000000494E490378
:10D5D000543B1100A89B130005000000018886A0A1
:10D5E00000000000AC9B130005000000016C86A049
:10D5F00000000000206CA000B00A0000002000FC29
:10D60000231000CC020454221000B4FF1100B8E231
:10D6100000001000AC0012004036110018A01100EC
:10D62000503900001100043A110084A11100F4A344
:10D630001100C8710000130004A4110000A2110021
:10D64000801D1200281E00081200581F12002C0A0C
:10D650001200040204F40912000200DC0204D46C7B
:10D660001200A4011200E8001200806800001200FD
:10D6700068041200B49F1100108011008C74802087
:10D680001300844B1200C40204044C120044020430
:10D69000342780B21000044D120024020444020416
:10D6A000886D02240218C4020420809C24100064A7
:10D6B0000214445013008C131100A002048200B81D
:10D6C000020494AE11003C0204F47E11002C1A12E4
:10D6D00000CA02B00204BC0204541B027C020418FB
:10D6E000020CDC6B1200FC1880321200D8191200F8
:10D6F00094021014020CF01702E002ECA81113823D
:10D700000264025C902602D4231300900204E422F7
:10D71000130030020820480C9912000002041C3F3C
:10D720001300B802203475026469012002F49712D4
:10D730000054671000C0661000E00208FC6828A8CA
:10D7400010000C02084C020820691000680208D87A
:10D7500002042C02048200140204C4981200E402A1
:10D7600004389D1200206B13005200380204AC3ABA
:10D77000028C5E1214381200A0F311006100410007
:10D780000D01E46DA000EC02042C9613003C9713ED
:10D790000034000099130010B5A000034B00006F87
:10D7A0007F40FF010960022FC42702B098A000103B
:10D7B000BDA000006E02040214F4831202340207BA
:10D7C0000010B6A000022450030C50B7090CFFFF54
:10D7D00000DC1F000403150A040314030A10030BE2
:10D7E00003140240030B08040314040040E8FF0084
:10D7F000008008130005140910030A0F1403140F06
:10D80000040F100F100F100F100F10FFFF0F100F4D
:10D81000100F10031003A803080704071007080FD0
:10D82000180F100F100F1007480F080710FFFF0FF9
:10D83000300B180B0C0728030803180304070C030C
:10D8400008070407180F1003100B1C0B0C031CFF18
:10D85000FF03040F140F100B240F1C071007080BF5
:10D860002C030C0F040F100F100F100F100F100FC0
:10D8700010FFFF0F100F100F100F100F100F100FD1
:10D88000100F100F100F100F100F100F100F100FA0
:10D89000100F10FF700F100F100F100F100F100F40
:10D8A000100B1013F40400001002020817061404F1
:10D8B000FBFF4B690314010822050903144F500FA5
:10D8C00014032A0F1409140262027D0310030405D5
:10D8D00028F0FB00010010030E05040F14031605C9
:10D8E0001442C802030E05040F1403160F14DF635D
:10D8F0000F14031003040528027820030E05040604
:10D90000141F0400050002285E40057EEC00028C16
:10D910000F140F1455B80F5012010008000F785360
:10D92000E30405880306068CFFFF030B08040514B7
:10D930000F7803390F140314083704090F3C03153B
:10D940000F140914030A09040F28FFFD031A0F140A
:10D95000091412CA1FCC038F0FDC0F14152C0112EF
:10D960006A034B04040564122A1F2C0B400E3C0270
:10D970002D010204000C6FA0005471A000140208D5
:10D98000100D0002048E7560047A68ADA00098AC9A
:10D99000A0008C70A0005AD5840204D8051C04385D
:10D9A0001C022C5C023824020820020490051C048E
:10D9B00038AAAE7802382C0214940214920204841D
:10D9C0000204026C04383402186402386A553C02BE
:10D9D0000838020496051C0438880238A402709C9A
:10D9E000026C940204DC55550A1C98021C6C023827
:10D9F000480234440204980A1CB8021C84021C58D1
:10DA000055D502185402049A0A1CD8021CE80204D4
:10DA1000A402209C0204640220028C5275020204BB
:10DA200000BC02106C02109E02309C0204850204AD
:10DA3000021804A87455030218B0028CAC0288A422
:10DA40000204E0051C22D7000058AFA000A0AE08D9
:10DA5000AEA000CC0240C402047C022C0238041C9C
:10DA60006C021C18021CAAAADC0218D40204840A44
:10DA70001C80021C28021CEC0218E402048C051C09
:10DA800055AD047094020CF402149C020898020430
:10DA9000A005701418380234BC028CAAAABC0288F3
:10DAA000B40204E40A1C48021CC8021CCC0218C4BC
:10DAB0000204E8051C55AD048C940270D4021CDCF1
:10DAC0000218D40204EC051C0454580238AC026855
:10DAD000EAAAA40214A2020486020402C4048CB8B6
:10DAE0000218FC028CC00208BC02045675A6051C74
:10DAF000943BF80250C80214AA0214A80204870238
:10DB000004023804549855AB0254D4021CAE0214DB
:10DB1000AC0204880204071CB8021C041288EC0240
:10DB2000885AD5E40204F0051C0470DC0234E002DB
:10DB300004B20214B002048902040738AA2EC802F3
:10DB400038E4021CB60214B402048A0204021C0463
:10DB500038EC02180472A805A000F40208F00204D0
:10DB6000B8051C048CD8023850B3A00060D055B062
:10DB7000A000400204E802100238041CF8020C0C59
:10DB80000238000288FC55550238BA0A38081234A7
:10DB90001C02A80C1200040204F80A1C18021C142F
:10DBA000555502380C0238080204BC0A1C28021C15
:10DBB0001C021C180218140204BE55AD0A1C3802BF
:10DBC0001C24021C2002181C0204C0051C04C428CA
:10DBD00002102C021C56D53003080204C20A1C385D
:10DBE000021034021C4002083C0204C4051C24BC80
:10DBF000AAAE3C0218440214C80214C602048B02E6
:10DC00000402E004544C02184002C46A553C02C0AD
:10DC10003402040402E4071C54021C44023C5C026B
:10DC200008580204CA55AD0A386402104C02384C38
:10DC3000023444020408053814344802C46C02203B
:10DC4000EAAACE0230CC02048C02040254048C4CAA
:10DC5000025070021CD20214D00204AE6A8D02047B
:10DC6000021C048C7802185402208002087C0204F2
:10DC7000D4021C45A4017CFC00EF42C0022804032E
:10DC80000465020A3CE711B66C0F20021D02030F67
:10DC9000200213FF7D04030740030D0F60031407E8
:10DCA00020074053350B8006032506040F40031759
:10DCB0000F4004FFFF52750B400F200F2007200379
:10DCC0004C0F600314072007A00F400F200F200700
:10DCD00020034C0F60FFFF0314072007601F001F85
:10DCE000000F600F400F200720036C0F8003140704
:10DCF000200F80031C0304EEFF0A03050604034003
:10DD0000051F60061C03070F2003140760030C03A4
:10DD1000200FE00F600FC0FFFF07400FA00350036C
:10DD2000040F400F400F400F200F200F200720034B
:10DD30006C03C00F20072007A0FBBF1F2007201087
:10DD4000F2BC03401F000FC00F40074007800F4088
:10DD50000F400F200F20021EC0FFFF2F600F400F4B
:10DD6000400F200F200F200F200F200F200F200F1B
:10DD7000201F201F200F200F200F60FFFF0F600FBC
:10DD8000200F202F00076027000F200F200F2007F3
:10DD90002017E00F2007200F6003300304FFFF0F60
:10DDA000200F400F201F20072027A00F200720034F
:10DDB0006C23C02F402F401F401F400F200F20FF1B
:10DDC000FF0F200F200F200F200F200F200F200FFC
:10DDD000201F4017001F80131003040F200F400F57
:10DDE00020FFFF0F200F200F200F200F200F200FEC
:10DDF000E00FE01FE0074003CC13E00F200F200FDF
:10DE0000800720FFFF1F20035003040F200F400F47
:10DE1000200F200F200F200F200FC007202FE0031E
:10DE20009C03040720FF2B030C13002FE02FE01F9F
:10DE3000601F600F200B200264086F4C92C4A892F0
:10DE4000D410B2805EA000D0B1A0007C92D8740241
:10DE5000040224030308285C0228C855AF02289056
:10DE600002285002049402248C02040325020408B0
:10DE700028680228F80228AA5710B25CD00228B4F9
:10DE80000224AC0204022403030828F492E81002DE
:10DE900028E0D5ABB27CB00204FC92FCF40204038F
:10DEA0002502040828FC022828022840029CEA5582
:10DEB0001002041C024C140204022403030828006C
:10DEC0000278340228A0022470F5D402042C022423
:10DED0002402040325135002291000FA448002741E
:10DEE0008CC2AC0320AED65802380308070404C421
:10DEF000CA00A4680107150608C0A2E8E0020403EE
:10DF00000FCEB5A40274030807040108050A0370C4
:10DF10000F380002702002040322B00F3833D80AF1
:10DF20003802A802000610032C90B8A00090124CF2
:10DF3000030C68C2980308B9F607040418050A0F11
:10DF4000700316E002DCEC0204030CC40F700AE05C
:10DF50000470B4A6015D032A000010BAA000F00608
:10DF600070780F700A700238080BA850D01BB4A04C
:10DF700000A81618880F3826BD03A8043820056CA1
:10DF8000030690BBA0ECFD00B0023C030CA80F38C8
:10DF90000670031C0F04FF02010F140F100F10076F
:10DFA0001003880340070C0B08CCC012009C8211A0
:10DFB00000D84A12001CC0D3F0E3120084D2090436
:10DFC00003340C2003110E04F36124A0130E160574
:10DFD0000F13DF000D6C5D12000002F0000369B04A
:10DFE000044D090CA001F000AD251323A007180271
:10DFF0003180030C0822C11241E8030C00A0024D3D
:10E0000004001F0F053C0218128D0518033A80000A
:10E010004804240223030313F00200008081000E51
:10E0200004CCEAA000CCF40204FEA0000B0B070B0A
:10E0300002000006030D0D090D0208051F1F131D28
:10E040000610070000252515250614097965695D68
:10E0500014620B79770000777714760D00000E0EAE
:10E06000090E030804111100000B11030A072727EA
:10E0700019240908092F2F1A2F000008190C987F5E
:10E0800084741A7B0E989595951A94060011037D59
:10E090000504A91AA1AB551700003D7E0DBF000075
:10E0A0000000803F3A3FD4C07077120000000000AB
:10E0B000000000002B66020002006717E27659B9E3
:10E0C00086BBC21FF42374ECC40A0B8698AE75CFCE
:10E0D000819C1E5BC065C5334EB34FF3000000004A
:10E0E00052502D9DD469BDAD9B7E1A8A0AF1ABB406
:10E0F000952683C700000000FB0BE7178B79A883E8
:10E10000A9CDA47065416764224937B54C3200003F
:10E1100031DCE1E9000000006717000000000000AA
:10E12000F00000000000000000000000901EB40D90
:10E13000040000002B6602000200671700000000C8
:10E1400000000000000000000000000000000000CF
:10E1500000000000000000000000000000000000BF
:10E1600000000000000000000000000000000000AF
:10E17000000000000000000000000000000000009F
:10E180000000000000000000000000004C32000011
:10E190000000000000000000671700000000000001
:10E1A000F00000000000000000000000000000007F
:10E1B000A8DA1300C8DE1300902AA100102CA100D9
:10E1C000102CA100103DA100103DA100903DA10028
:10E1D000D8DA130000001400B03DA1000080A100B7
:10E1E0008CDE13006CB41300B0B413008CB41300B5
:10E1F000A91AA1AB55170000C341F0003400344404
:10E20000047106A10C70E07EF1C02C7127D8222089
:10E21000800F1300B4BBE078E2C0CB44A100F42827
:10E220004F7AB36A1624821080452F24C7004C43CE
:10E23000A264C2C02020800F130044B9E2C0CB44C6
:10E24000A100F4284F7AB36A162482102F24C70045
:10E250004C43A264C2C02020800F130064BAE0784F
:10E260006A24801251248093E020820F1200AC3A7D
:10E270005DDC3E796A24801251248093E020820F75
:10E28000120068385FDC3E796A2480125124809342
:10E29000E020820F1200945E5EDC3E796A248012D8
:10E2A00051248093E020820F1200044C20DC3E7940
:10E2B0006A24801251248093E020820F1200444C83
:10E2C00021DC3E796A24801251248093E020820F61
:10E2D0001200844B1EDC3E796A2480125124809304
:10E2E000E020820F1200C44B1FDC3E796A248012AA
:10E2F00051248093E020820F13008C741DDC3E7942
:10E300006A24801251248093E020820F1200244D51
:10E3100024DC3E796A24801251248093E020820F0D
:10E320001200444D25DC3E796A24801251248093EA
:10E33000E020820F1000342722DC3E796A2480120C
:10E3400051248093E020820F1200044D23DC3E799B
:10E350006A24801251248093E020820F1300C87138
:10E360000CDC3E796A24801251248093E020820FD5
:10E370001200581F11DC3E796A24801251248093C8
:10E38000E020820F1200281E10DC3E796A248012E1
:10E3900051248093E020820F1200801D0FDC3E7913
:10E3A0006A24801251248093E020820F1200A41B63
:10E3B00036DC3E796A24801251248093E020820F5B
:10E3C0001200541B35DC3E796A248012512480935C
:10E3D000E020820F1200BC1A34DC3E796A248012DD
:10E3E00051248093E020820F1200B01A33DC3E7972
:10E3F0006A24801251248093E020820F1200941A24
:10E400003BDC3E796A24801251248093E020820F05
:10E4100012002C1A32DC3E796A2480125124809337
:10E42000E020820F1200181A37DC3E796A2480122D
:10E4300051248093E020820F1200D8193ADC3E79F3
:10E440006A24801251248093E020820F1200DC6B3A
:10E4500038DC3E796A24801251248093E020820FB8
:10E460001200FC1839DC3E796A2480125124809312
:10E47000E020820F120014183CDC3E796A248012DE
:10E4800051248093E020820F1200F0173DDC3E798A
:10E490006A24801251248093E020820F12002C0AFB
:10E4A000CB44000012003E796A24801251248093EC
:10E4B000E020820F1200040ACB44000013003E79D2
:10E4C0006A24801251248093E020820F1200F40904
:10E4D000CB44000014003E796A24801251248093BA
:10E4E000E020820F1200DC09CB44000015003E79C9
:10E4F0006A24801251248093E020820F1200680465
:10E50000CB4400001A003E796A2480125124809383
:10E51000E020820F1200D46CCB44000016003E793C
:10E520006A24801251248093E020820F1200A401FB
:10E53000CB44000017003E796A2480125124809356
:10E54000E020820F12008068CB44000019003E7961
:10E550006A24801251248093E020820F1200E80088
:10E56000CB44000018003E796A2480125124809325
:10E57000E020820F1200AC00CB44000005003E7981
:10E580006A24801251248093E020820F1100B4FF8E
:10E59000CB44000003003E796A248012512480930A
:10E5A000E020820F110040FFCB4400003E003E7986
:10E5B0006A24801251248093E020820F1200C44C00
:10E5C000CB44000028003E796A24801251248093B5
:10E5D000E020820F1200844CCB44000027003E79DB
:10E5E0006A24801251248093E020820F1300886DEA
:10E5F000CB44000026003E796A2480125124809387
:10E60000E020820F1200644DCB4400002A003E79C6
:10E610006A24801251248093E020820F10009C24F1
:10E62000CB44000029003E796A2480125124809353
:10E63000E020820F10008424CB44000040003E798B
:10E640006A24801251248093E020820F1000FC2362
:10E65000CB44000000003E796A248012512480934C
:10E66000E020820F1000CC23CB44000001003E7953
:10E670006A24801251248093E020820F10005422DB
:10E68000CB44000002003E796A248012512480931A
:10E69000E020820F1300386BCB4400005C003E7911
:10E6A0006A24801251248093E020820F1300206B93
:10E6B000CB4400005B003E796A2480125124809391
:10E6C000E020820F110094AECB4400002F003E7971
:10E6D0006A24801251248093E020820F11003CAE06
:10E6E000CB44000030003E796A248012512480938C
:10E6F000E020820F110004A4CB4400000D003E79FD
:10E700006A24801251248093E020820F1100F4A328
:10E71000CB4400000B003E796A2480125124809380
:10E72000E020820F110000A2CB4400000E003E79D1
:10E730006A24801251248093E020820F110084A16A
:10E74000CB4400000A003E796A2480125124809351
:10E75000E020820F110018A0CB44000007003E7992
:10E760006A24801251248093E020820F1100043A21
:10E77000CB44000009003E796A2480125124809322
:10E78000E020820F11005039CB44000008003E7990
:10E790006A24801251248093E020820F1100B49FDC
:10E7A000CB4400001B003E796A24801251248093E0
:10E7B000E020820F11004036CB44000006003E7975
:10E7C0006A24801251248093E020820F1300445069
:10E7D000CB4400002B003E796A24801251248093A0
:10E7E000E020820F11001080CB4400001C003E7915
:10E7F0006A24801251248093E020820F1100F47E5D
:10E80000CB44000031003E796A2480125124809369
:10E81000E020820F11003475CB4400004A003E799D
:10E820006A24801251248093E020820F13001C3F41
:10E83000CB44000048003E796A2480125124809322
:10E84000E020820F11002C69CB4400004B003E7980
:10E850006A24801251248093E020820F1300B8268E
:10E86000CB44000049003E796A24801251248093F1
:10E87000E020820F13009026CB44000041003E7937
:10E880006A24801251248093E020820F1300902389
:10E89000CB44000043003E796A24801251248093C7
:10E8A000E020820F13003023CB44000045003E7966
:10E8B0006A24801251248093E020820F13000423E5
:10E8C000CB44000042003E796A2480125124809398
:10E8D000E020820F1300E422CB44000044003E7984
:10E8E0006A24801251248093E020820F1300A81123
:10E8F000CB4400003F003E796A248012512480936B
:10E90000E020820F1100B813CB4400002E003E79A6
:10E910006A24801251248093E020820F1100A013FA
:10E92000CB4400002D003E796A248012512480934C
:10E93000E020820F11008C13CB4400002C003E79A4
:10E940006A24801251248093E020820F1000B8E2E4
:10E95000CB44000004003E796A2480125124809345
:10E96000E020820F1200389DCB4400005A003E790F
:10E970006A24801251248093E020820F10002069C5
:10E98000CB44000053003E796A24801251248093C6
:10E99000E020820F1000FC68CB44000050003E795C
:10E9A0006A24801251248093E020820F12000C9977
:10E9B000CB44000046003E796A24801251248093A3
:10E9C000E020820F1000D868CB44000055003E794B
:10E9D0006A24801251248093E020820F1200009953
:10E9E000CB44000047003E796A2480125124809372
:10E9F000E020820F10006868CB44000054003E798C
:10EA00006A24801251248093E020820F10004C6809
:10EA1000CB44000052003E796A2480125124809336
:10EA2000E020820F10002C68CB44000056003E7995
:10EA30006A24801251248093E020820F1200E4980F
:10EA4000CB44000059003E796A24801251248093FF
:10EA5000E020820F10001468CB44000057003E797C
:10EA60006A24801251248093E020820F1200C498FF
:10EA7000CB44000058003E796A24801251248093D0
:10EA8000E020820F1000E067CB4400004F003E7989
:10EA90006A24801251248093E020820F1000546772
:10EAA000CB4400004D003E796A24801251248093AB
:10EAB000E020820F10000C67CB44000051003E792B
:10EAC0006A24801251248093E020820F1000C066D7
:10EAD000CB4400004E003E796A248012512480937A
:10EAE000E020820F12008097CB4400004C003E795A
:10EAF000E8C26846730871002845710AB40123D83A
:10EB0000FF86FC1710108C20C3AF06F2FFD87A08DE
:10EB10002000C141408D2C70EA0F6000C140428D41
:10EB20002C71E20F6000C140448D2C72D60F600042
:10EB3000C140008D562701188027441000A9018D7F
:10EB400000AF028D01AF038D02AF048D03AF058DC1
:10EB500004AF360F6000C1408C20C3AF05F2024005
:10EB600026082000C1410C70C8C60000E4C2DA0DBE
:10EB70002000284508460C701A09EFFFA141C1404A
:10EB8000C4C60000F6C3A4C17C111000ED70304271
:10EB9000084555200E2F0C1CC4334F08730442C780
:10EBA000830DB51090E5164414100F200C101120A1
:10EBB000CE0860001010132028E8C60860006240EC
:10EBC00024E8BE086000224020E8B6086000E1406A
:10EBD0001CE82C70660F200042402C704C70B60868
:10EBE000A000424016F0D50D70148C2502907CF2E6
:10EBF0008C25C39F9AF40C161110FFD93E0F2000EC
:10EC00004240B821022078F080D9320F20004240E3
:10EC1000B91280205520CF2F2E70C6B8B91A022005
:10EC20006CF084F4038660DD0F1CC2338C200280FC
:10EC3000041CC43340C7CC20828F0000FF000AF2BE
:10EC400007868C200280CC20828F0000FF008AF48F
:10EC5000CD70D1412F224604CE7B2F24C6034240E3
:10EC6000AA08EFFFA1413412012023D82018002068
:10EC700060794240A412002158120220607A424179
:10EC80000E4106E9A41100015681407A7A08A000DD
:10EC90004240CD08B10010DD08100E20C10E30102A
:10ECA000C1402F8640792D8608476079C1404E8645
:10ECB000C141607AE14054F0A3868C25C39F38F4AB
:10ECC00082C14024823283C3260D200042400C14AE
:10ECD00044310A1443310814423100414608EFFF21
:10ECE00042403DF00C16111080D9520E20004240D7
:10ECF000B821C32F5520CF2F0C704241C60FAFFF54
:10ED0000A0A7250910207C1201200086EC110D001F
:10ED1000360C200042410335009006F20C70760F4D
:10ED2000AFFF4241A0871CF0A3861AF0FFD84241F2
:10ED300095FF82C14024823283C3B60C200042403A
:10ED40000C1444310A144331081442310041D60FE7
:10ED5000AFFF4240A14042418BFF11DDA140D6C729
:10ED6000A60F600042402D089100E60B0FEF560AF7
:10ED70002FEF084600420C75CE0B2FEFC1412F80BC
:10ED800040798C200280CC20828F0000FF0062F34B
:10ED90007ED9B6DA6C71BE0E60004240AA0C6000EB
:10EDA00042407ED911DA0ADBAA0E6000424008D93F
:10EDB0001E0D20004240AE0D6FEE0AD840D92CDA6D
:10EDC0006C7042408E0E600040221727960D6FEE49
:10EDD0000AD85AD88C70D34648420000AB20080E9F
:10EDE0006DD94024C2336C718045E2400A2680050B
:10EDF000C20CAFFF0F1C433212D980C26C76E60FF3
:10EE0000AFFFE2408C7020C7041491300514943099
:10EE1000021493300314953001148E306DD94024C0
:10EE2000C2336C718045E2400A268005860CAFFF34
:10EE30000F1C433312D980C26C76AA0FAFFFE24099
:10EE40000114803003148930402C012208BE0014C4
:10EE5000853002148430C57F05214104402D0222F3
:10EE6000EE7C2E7F402801024029001205148630D6
:10EE70000522C20405214101052000010414873048
:10EE80004E7B2E790E78402E020202211103764825
:10EE90000522C2019A210F2A9A260F1A4E78F748A6
:10EEA000CB4000000010042E0E129A270F1A82C0C9
:10EEB0008A220F0A6E7104291122CE7931798C21B0
:10EEC000CF898343C5B3042F0F12001844042F20A9
:10EED000460411783A209400E6B3CA23092508F6BF
:10EEE0008C200F8A4F245420CA23AB20EE7811784F
:10EEF0008C20C78C04F666714F2494207ED9B6DA34
:10EF00006C73520D600042403E0B600042402F2067
:10EF1000C70414710DF71B0C3F2061DD110C7F201D
:10EF2000512480A064DDCA25A11003F062DD29050B
:10EF3000CFFF0000E4C27F814A24C0700844C34070
:10EF4000A100742928452C700A220000A820C001C5
:10EF500008128E040B0E0513247110DE2C73367804
:10EF600041802188A140F41B8203660B2000E81B2E
:10EF700080000C70360DAFFFA141C140C4C6000037
:10EF8000ECC2284155218D0802E8CCC67C11101036
:10EF9000B911C0100810122004101120147056006E
:10EFA0002A005520802BCE10C1204B0913000010E1
:10EFB000CE00BA10C1207480B7108220B9108C2006
:10EFC0000410CF0008BE08B9BB108B20457E409BC3
:10EFD0008579819B629B08BF0527CF1240100800EE
:10EFE000524E8279734F49A02AA06BA023200002C1
:10EFF000214021091020B911C02019081300CE109A
:10F0000080201108BE0122422185D20CAFFF00856D
:10F010007B0A10A0B912C02073081380CE10802084
:10F020006B087E8142422185B20CAFFF0085CCC6C1
:10F0300014702045E07D7C150200402500072C74EB
:10F040008022420AC3441300F4C18105AFFF14DBE0
:10F050005F8120456C75F81A00003C4980228303CB
:10F06000C3441300A4C26505AFFF1BD9E8C21471E5
:10F070006847504028460C7021F400100021147697
:10F0800023D89DF7BF872C70420A6000E14000AE94
:10F0900080254410008D2C7101AE320A6000E140E1
:10F0A00002AE028D2C7203AE220A6000E14004AE73
:10F0B000248D0C7025AE00188521C8C6E4C2084511
:10F0C0001F80B91581104180C280C6B9B91D421098
:10F0D00005EAB912C000250812002E0C6000A140FC
:10F0E00007EE0F089100B916C010110812002C7419
:10F0F0004C70A20B6000A1400C70C4C6E4C208456D
:10F10000B910C000330812001F852180C28006E9B3
:10F11000B911C00023081200EE0B6000A14008EEF8
:10F120000D089100B916C0100F0812002C744C7114
:10F13000620B6000A140B91581100C7087B9B91D30
:10F140004210C4C6E6C3A1C1BF810330808F4841CD
:10F1500000008D70ED70F01D0010D7F70330808F28
:10F16000C8410000ED71D1F74A240071ED72C3422D
:10F17000A100A429A8200002081203040333008080
:10F1800043F6E571ED76FC150010CB46A1009429FD
:10F190008C20C38F08F28C20028025F4090FF41014
:10F1A0008D71ED733C491626C113681582102489B0
:10F1B00095708422010C776CC3B96579CA22210845
:10F1C0002415061045798C70031C423040D9402428
:10F1D000C2306C71DE08AFFF804503148030681DBB
:10F1E0000210F67E0086EC1D0010C6C7EEC3A1C15A
:10F1F000504130422C704C73704008455E096000ED
:10F20000031C03302C714C7352096000A140B815E7
:10F21000C010147707F2147165D859F42C724C7130
:10F2200003F02C724C7236096000A1401F8508D98A
:10F23000F41093009A082000A1402A096FEE0AD822
:10F24000A1402A08600040250E171A096FEE64D805
:10F250001BD94024C2306C718A0BAFFFC14003142C
:10F26000803023B844204080031C0230EFF3DF8558
:10F270002C705A086000A14056260F1800AF2C7160
:10F280004A086000A1408026841000AE2C723E081F
:10F290006000A14002AE120A2000008F001A042074
:10F2A000060A2000008E00190420FE092000028EAC
:10F2B00000180420D20F2000A140A1401208200015
:10F2C0006241A2086FEE0AD80C70CEC7E4C3A1C198
:10F2D000670975032845C341000028115B096E03C7
:10F2E0005325C210DF808C701CE06C716916811090
:10F2F0002416061080458421030C4579031C4230F6
:10F3000041D9B20F6FFF4024C23003148130C34093
:10F3100013002875190D3013691E4210150D501178
:10F32000090D10120F0DD0100CE005F012E003F0E3
:10F330000476421E1810C4C7EAC3A1C1BF80031CD3
:10F340000330D4150210D10A600030418C2102A094
:10F3500040200E0709F28C21C3AF0AF4031C43348A
:10F36000241D011009F0031C833404F0031C033432
:10F370007FD817B809A58C70CB47A04000007ED974
:10F380004024C2306C718045C1402A0F6FFFE146B6
:10F39000031480305425101D8C2102A0A61D0210DC
:10F3A0000DF4B7D88C70031C023040D94024C23011
:10F3B0006C718045C140E14611F0681580108C7079
:10F3C00040D9C3B885B8031C02304024C2306C71E8
:10F3D0008045C346803F0000C140DA0E4FFF031452
:10F3E00080308C708C2102A06CD94024C2306C71AA
:10F3F0008045031C03300018022006F4C346803FFA
:10F40000000003F08046AE0E6FFFC1400314803051
:10F41000941D0210D41D4014CAC70000E4C2084560
:10F42000DF80A9D82C70D8600A096FF114DA0C704B
:10F430007FDA23DB17BAC341130034751CAED81E24
:10F440000210FC1E0010A140A0A6D41E011468A644
:10F4500049A66A082000421E5810C4C61F80E07FDB
:10F46000EC1000001F80E07FFC1000001F80E07F98
:10F47000F41080001F80E07FE8100000F1C000421F
:10F4800014700C710EF22F826079404000418C2084
:10F4900002800C70CC21828F0000FF0002F20C7100
:10F4A000D1C0E07E00412F2605F0C521840F000069
:10F4B00000FFE07F2E780000ECC3A8C13F80084722
:10F4C0001F1C03303040D81180008BE8C341F0008E
:10F4D000FC0200898420430F00A9D81843201C1087
:10F4E00080204027121787083100031C033008874B
:10F4F0007B0871041C184320CB45F0007702008D77
:10F50000C1B86B08B10018DA008D42418420030FA6
:10F5100000ADDE096FE381C021D88C7042C081C08C
:10F520007FD9C342A100B1286C718045C346803F9A
:10F530000000041C803FA000EC407A08AFFF161CBE
:10F540004336B6DE81C07ED94024C2306C71A20D34
:10F550006FFF031C82330E0E2FEE32D8A6188223C3
:10F56000008D8420030F81B800ADDE0C2000E14047
:10F570002C704024C2376C716A08AFFF424014708F
:10F580004A2080288AF41F1480304A204028842092
:10F59000030C8C20038482F4DF870E70031C02347A
:10F5A0000886F1083000E1409E0C0000B6D8031C2C
:10F5B00002307ED94024C2306C71360D6FFF42405C
:10F5C000A20D2FEE0C71820C2000E1401F878A24CF
:10F5D00002700A21800FA100CC2928E0A820800118
:10F5E0000111820401189200AD707FD94024C2300D
:10F5F0006C714240FA0C6FFF031C4233660D2FEE14
:10F600000C710314803054D94024C230A71E02105C
:10F610006C714240DA0C6FFF031C4233460D2FEE33
:10F620000C7103148130BBD8D341803F000061C00E
:10F630007C1E421053D981C26C71A144A145424045
:10F64000720C6FFF0A26400455D981C26C71A14427
:10F65000A14542400A2640045A0C6FFF61C590D86C
:10F6600061C056D981C26C71A144A1454240460C8B
:10F670006FFF0A26400457D981C26C71A144A1458D
:10F6800042400A2640042E0C6FFF041CC33FA8A66C
:10F690004E870C70607AE1410240CCC7F1C0A1C135
:10F6A0007F808C70031C42301CE069837ED98045CA
:10F6B000013386004024C230FA0B6FFF6C718774EF
:10F6C000D1C0E07EECC3A1C10A200021DF80402030
:10F6D0000D078C70A84770415042031C42304DD931
:10F6E0004024C2306C718045C346803F0000C60B89
:10F6F0006FFFA14009862C74AC7001300604A14054
:10F7000042422243AE0E6FFFE144CCC7E8C3A1C121
:10F7100088478C70DF8040200D077040031C42300A
:10F72000021C82304FD9402482306C718045C34620
:10F73000803F00007E0B6FFFA14009864ED9402418
:10F74000C230013006046C71AC70A140660B6FFFD3
:10F75000E144C8C7E2C3A1C18C70BF80031C423022
:10F760001CE060D94024C2306C71C346803F000069
:10F77000420B6FFF804503148030881D0210C2C702
:10F78000F1C0A1C1031C42301CE07ED94024C2302C
:10F790005E0B6FFF6C718774D1C0E07EE6C3A1C1C0
:10F7A00040200D0768464847031C42304DD940248D
:10F7B000C2306C713A0B6FFFA140AA0B2FEE0C7197
:10F7C0002C74A140E1421E0E6FFFC143C6C700006A
:10F7D000E2C3A1C140200D07031C4230021C82304D
:10F7E0004FD9402482306C71060B6FFFA140760B1D
:10F7F0002FEE0C714ED94024C2306C71F20A6FFFAB
:10F80000A140C2C7E4C3A1C13F09B00040200D0719
:10F810006B0970004024C23034702C7047F474D9E6
:10F820004024C2306C71BE0D6FFFA14003148E30B6
:10F8300077D94024C2306C71AA0D6FFFA140031428
:10F8400080300EB830F076D94024C2306C71960DFD
:10F850006FFFA14003148E3077D94024C2306C7101
:10F86000820D6FFFA140031480300AB80420800F7E
:10F87000000000C00E7926B918F075D96C71660DBC
:10F880006FFFA14003148E3077D94024C2306C71D1
:10F89000520D6FFFA140031480300CB80420800F7C
:10F8A000000000C00E783E68C5792E78C4C70000FD
:10F8B000E6C3A1C1DF8048476109B00040200D07C1
:10F8C000A50970004024C230347082F474D94024F9
:10F8D000C2306C710E0D6FFFA14074D9402482308C
:10F8E0006C71A1400A0A6FFF021CC233760A2FEE28
:10F8F0000C710214803077D94024C2309C1E021053
:10F900006C71E20C6FFFA14003148130412F001293
:10F91000C1B88421030F4BF076D94024C2306C71FA
:10F92000C20C6FFFA14076D9402482306C71A14097
:10F93000BE096FFF021CC2332A0A2FEE0C7102149B
:10F94000803077D94024C2309E1E02106C71960C14
:10F950006FFFA1400314813024BF4427001C842181
:10F96000C30325F075D96C717A0C6FFFA14075D96E
:10F97000402482306C71A14076096FFF021CC233B3
:10F98000E2092FEE0C710214803077D94024C23086
:10F990009D1E02106C714E0C6FFFA140031481304C
:10F9A00026BF442700138421C30C2578021C023093
:10F9B00077D9402482306C7136096FFFA140A609C7
:10F9C0002FEE0C71021480309F1E0210C6C700007B
:10F9D000E2C3A1C128451CE077D94024C2306C7134
:10F9E000020C6FFF031C03300314803027B800ADF6
:10F9F000C2C70000E6C3A1C1BF8040200E07284750
:10FA000077D94024C2306C71C140DA0B6FFF031C00
:10FA1000033003148030376F40248230C6B8257815
:10FA2000021C023077D96C71C6086FFFC14009858E
:10FA300032092FEE4830C002021480309F1D0210A0
:10FA4000C6C70000F1C0A1C11CE07FD94024C2306C
:10FA50006C71920B6FFF031C03300A092FEE0C71BF
:10FA60008774D1C0E07E0000F1C0A1C11CE07ED946
:10FA70004024C2306C717A086FFF031CC330877456
:10FA8000D1C0E07EE4C3A1C1BF8040200E0777D97A
:10FA90004024C2306C71C1404A0B6FFF031C03301D
:10FAA0000314803077D94024C23086B8031C02305A
:10FAB0006C713E086FFFC140AA082FEE0C71031451
:10FAC00080309F1D0210C4C7F1C0A1C14C701CE062
:10FAD0001309B000031C82300F0950008DE971D961
:10FAE00004F073D902F072D94024C230F60A6FFFD5
:10FAF0006C71031482308774D1C0E07F40400000F5
:10FB0000E2C3A1C1BF801CE02909B000031C823000
:10FB1000370970004024C23096E971D94024C230C0
:10FB2000CE0F2FFF6C7103148030991D0210C2C7D5
:10FB300073D94024C230BA0F2FFF6C710314803088
:10FB40009B1D0210C2C772D9A60F2FFF6C71031440
:10FB500080309A1D0210C2C7E6C3A1C1BF804847CA
:10FB6000547321DA8C002D00031C03303309B000DC
:10FB700040200E07470970004024C23022DABAE95B
:10FB800069D94024C2306C715A0A6FFFC140031416
:10FB90008130146F4420000C8421C3031BF069D909
:10FBA0004024C2306C713E0A6FFFC14003148030A4
:10FBB000C1BF8420030FE5780EF069D96C71260A65
:10FBC0006FFFC14003148130126F44200003842171
:10FBD000C30C2578031C023069D94024C2306C71F3
:10FBE0000E0F2FFFC140031481304C70911D421045
:10FBF0004040C6C7E4C3A1C1CD7048451CE02D09F3
:10FC0000B000031C8233370970004024C23022DE6A
:10FC10009EE969D94024C230CA096FFF6C71031490
:10FC20008030CD7024B812F069D94024C230B609B2
:10FC30006FFF6C710314803008F069D9A6096FFF5B
:10FC40006C710314803022B8C1B800ADC140C4C784
:10FC5000E6C3A1C1DF806847031C82301CE040245A
:10FC6000C2306C718A0E2FFF2845FA0EEFED016F3E
:10FC700003148030DD65281D0210C6C720462C7095
:10FC8000C342A100B0286C71204429016FFF2045B8
:10FC9000E2C3A1C1BF801CE0031C03301DE967095A
:10FCA0003101346A79158310442101048423C30B84
:10FCB00065798C70031C423051D94024C2306C717C
:10FCC000C346803F0000EE0D2FFF804503148030B7
:10FCD000791D0210C2C7781581108C706C71842157
:10FCE000030E4579031C423050D94024C230C3462C
:10FCF000803F0000BE0D2FFF804503148030781D2B
:10FD00000210C2C73F8080210501E07F008900000A
:10FD10001F8080200501E07F20A80000E8C2DF836B
:10FD2000684500268F1F00000C016708F0000E7068
:10FD30007508B00056268219B10871004A200029C2
:10FD40000189408908B8057A991E9C100389628947
:10FD50004E7A08B8657814B70589248908B82578DB
:10FD60009B1E1C102C704E0BEFFFA140549F2C715A
:10FD7000420BEFFFA1409B1642172C72360BEFFF90
:10FD8000A1402C71720CEFFFA1400E702EF0208963
:10FD90000087C0B95508B500BD1E421052082000AA
:10FDA000A14124F08A20440C20891E66008E442143
:10FDB00041800E7020AA0DF4310871002C708A0A5F
:10FDC0002000A14000872508B5000C71E8F18EE8FD
:10FDD00000878C20C38F06F2FFD98A0E2000A14035
:10FDE0002C71660A2000A1400240C8C6EEC3A1C122
:10FDF000FF81304000278E1F00000C012F08730484
:10FE00000845630DB5108A20440CF860008886E828
:10FE10000240520E2000A141B91080208027041317
:10FE2000C6B8B9180220A0A617F091E5ADF28C254E
:10FE30000290CC25829F0000FF00BAF48A20440C77
:10FE4000F860008885E8FFD91A0E20000240FFD82C
:10FE50008027041300A60C706A0E2FFF0241A087B2
:10FE6000EFF090E5A4F40086E9458C20C38F1042A2
:10FE700007F2FFD9EE0D200002407C100D20FC158A
:10FE800000108A210128021C03308C200280CC2023
:10FE9000828F0000FF00A2F2431500168C20028022
:10FEA000CC20828F0000FF0098F25E0EEFFF024030
:10FEB0001908910002852F8040798C200280CC2087
:10FEC000828F0000FF008AF25ADE7ED915DA32DB1B
:10FED0000240AB26081E7E0DEFFF40201327AD70B9
:10FEE0000C75820CEFEDAB26081E2C73402482307B
:10FEF0006C71F20E2FFF6240021480304420000328
:10FF00000F081001A571AF78D9085481AD757C1028
:10FF10000E206DD9402442306C716240C60E2FFF16
:10FF2000011C0330011480308C706DD984B8011C21
:10FF30000230402442306C718045A20B2FFF62409A
:10FF400001148030951E02101A0CEFED32D85AD8E9
:10FF5000AB20080E0E0CEFED0C751BD94024C230FF
:10FF60006C7162407E0E2FFF031C0330031480303F
:10FF70001D7844204080021C02302FF4A571AF7818
:10FF8000CF0854812AF0008611DD8C20C38F1041E8
:10FF900010F4FE0A200002409B174417749E991724
:10FFA000421700417E0D2FFF02404BF0A08649F022
:10FFB000FFD9B20C20000240D60A200002409B1755
:10FFC0004417749E9917421700415A0D2FFF0240A3
:10FFD0000240224133F02E724C706C70404402405B
:10FFE0002A0D2FFF22413410012023D808A7607961
:10FFF0000240A410002158100220607A024120879C
:020000040804EE
:1000000005E9A41100015681407AFE0CEFFF024081
:100010001F089100A2870DED2F856079A1402D85E5
:1000200008466079A1404E85A141607AC1408C228A
:10003000C3AF10DD05F2024042412A0C0000A1408E
:10004000CEC70000E2C3A1C18A23440CBF80347034
:1000500079210200796593158C1040A924150610AA
:100060004624011CCF2122018C70031C42301CE06D
:100070006BD94024C2306C713A0A2FFF80450314BB
:100080008030931D0210C2C7E4C208451F80B91515
:1000900081104080C280C6B9B91D421005EAB9126C
:1000A000C00025081200620CEFFFA14007EE0F0808
:1000B0009100B916C010110812002C744C70D60BA8
:1000C000EFFFA1400C70C4C6E4C20845B910C000DF
:1000D000330812001F852080C28006E9B911C000D4
:1000E00023081200220CEFFFA14008EE0D0891003A
:1000F000B916C0100F0812002C744C71960BEFFF4C
:10010000A140B91581100C7087B9B91D4210C4C641
:10011000EAC23041B911C10034700C010A007C11EF
:100120001020CB4613001875CB44A100B2285520EF
:100130004D2CB210CF20F015C39013A5B110802024
:10014000B3108120B610C22008BF08BBB5108B20A9
:10015000E578657948308300008608BA0522C20236
:1001600048318B0021864832880000330200028625
:1001700000334310208C0030001034704832C2022B
:100180004833C10257A54830C00238A519A548F226
:10019000881100207D855E858C1101201DA502201F
:1001A000C0803EA5020CEFE20321818008473E0D8E
:1001B0002FFF2240238600304000073601707A4727
:1001C00000000231C003073040005020C107033156
:1001D000808F4C3ECDCC48000600C3418F3D295C4A
:1001E0000330408009F6C3428FBD295C0330808014
:1001F0000041CA2185001F85013102000031800FB6
:10020000C84200005FA50032810F48420000013063
:1002100040004830C002760C2FFF0D7844100126B4
:1002200060792240CAC60000E2C3A1C1BF81204557
:100230002C70C342A100722A6192447411097501A5
:1002400048330300033300802471B8F6008A6A152E
:100250008110461DD810C3B88421030C2578031CD7
:1002600002304025000742D94024C230C344130065
:1002700004B7C346803F00003A082FFF6C71031497
:100280008130461500166A1D4210C2C7EAC3A3C1D9
:100290000846FF86AD701CE08A2081262C7340241E
:1002A000C2306C71081C443341C5031C4233021C2C
:1002B0004233AB20082E2E0B2FFF10410314803049
:1002C0007ED94024423022B8C1B8031C02306C7180
:1002D00022401E082FFF011C43358A08EFED32D85B
:1002E00001148030A61F02100C757A08EFEDAB20C8
:1002F000082E2C73402482306C71EA0A2FFF2240B2
:100300000214803022B8C1B815087000021C0230F7
:10031000A571B078D508948223D8CAC769D940247A
:1003200082306C71BE0A2FFF22400214803069D9DE
:100330004024423086B8011C02306C71B20FEFFECF
:100340002240011480307ED940244230911F021097
:100350006C7122409A0FEFFE011CC3300608EFEDCE
:1003600032D801148030AD70A61F02105AD8AB20CD
:10037000080EF20FAFED32D81BD9402482306C71D9
:10038000620A2FFF22400214803023B844204080AC
:10039000021C023005F4A571B078D50894822C7047
:1003A000660CAFFFC140991F1C102C715A0CAFFF97
:1003B000C1409A1F1C102C724E0CAFFFC1409B1FF6
:1003C0001C102C71320EAFFFC1400CD981C26C766B
:1003D000120A2FFF2240031480301708D00019089A
:1003E0007000147023D83CF4011C033506F0011C86
:1003F000C33504F0011C43357ED9402442306C7172
:10040000EE0EEFFE22405E0FAFED32D801148030C9
:100410005ADDCD70A61F0210AB25081E0C75460FC5
:10042000AFEDAB25081E2C73402482306C71B609E9
:100430002FFF2240021480300314813022B8C1B84B
:1004400013086000021C0230C571D07AD10A948270
:1004500002F00041307065D8CA20E100CAC7000030
:10046000E2C3A1C1BF801CE01509B500031C033025
:10047000BD15811007E9031CC33507F0031C433584
:1004800003F0031C03358C707ED94024C2306C719C
:10049000C346A04200001E0EEFFE804503148030CC
:1004A000A61D0210C2C70000E6C3A1C1BF81284635
:1004B0002C70CB44A1004C2A307A162483100F0AEA
:1004C0003501E093F50F249024716B158110028B98
:1004D0004183241506108421030EC2B825788C7040
:1004E000451D9810031C02303C4E43D94024C230B5
:1004F0006C718045BE0DEFFE8E1DDC130314803041
:10050000C1416B1D0210A60FEFFE0C70E140C6C783
:10051000E2C208451F802C70A1A0431858004F1854
:1005200058004E1858007E092FFF501858008E0FA3
:100530006FFFA140C2C60000E4C03908F0007F830D
:100540003708B000147124D81FF49B130D079913BA
:100550000E079A130C07A4A9C0A928BE82A928BC1B
:1005600028BD0C70C1A983A9A5A9001A8501C4C41E
:10057000BD13830004F05623800960880C70C0BB53
:1005800060A9001A4500C4C41F80E07F4510000622
:100590001F80E07F461000061F80E07F43100006AA
:1005A0001F80E07F8E100007C341A100B228E07FCA
:1005B00000A90000EEC38224183C4FD840C0C340BD
:1005C000A000BC8581C1760A2FFF80C2B2E8820BF1
:1005D0004FEEF2096FEE104310420E7026F05A20D3
:1005E0000D25A060360E6FEE1D7808471DE80787C1
:1005F0009BE881C0B86010101101AD70CD711D096C
:100600006E23A1406241420B6FEE42420AE8078826
:1006100078200100247E85E8A571E70D149885EE09
:10062000198F87B819AF067100C0B70824A081C020
:10063000CEC70000F2C394242F3AC340A000BC856B
:10064000E2092FFF1042CB47F000340003E850D9F5
:100650002CF0CB461300E8DA008E1EE8AD70D341D3
:100660001300E0DA0A20802F1300D8DA04100224E5
:10067000041101240024833F000030068A2408006E
:100680008A092FFF42402508320058D9008EA571F3
:10069000DD0D04904FD840C081C180C242409E0908
:1006A0002FFF81C605E857D934AF15AFD2C78E707A
:1006B000924241F000861D78620D6FEE10430845AE
:1006C00037E80785B5E802863415111086092FFF33
:1006D0003015101010457E092FFF0386033000A54A
:1006E000CA214E05C6F7033040A50241CA2149057B
:1006F000033100A04C70CA204904033580A0D1F713
:10070000033040A005F25021FE8703F22CA50331EF
:1007100000A00FF25020FE870BF20DA509F059D86A
:1007200014AF161FC21455AF198D87B819AD14E652
:10073000467100C0810A04A0C340A100102C9E0B8A
:100740000FFFD2C7001E4370A100AA28E07EE07808
:10075000E6C2A2C10A25009058F22847AD09100050
:10076000DA852220800F1300A4B9F5434830000039
:1007700000368E1FFF4600FE07360E100C703268E2
:100780002163C342FF4600FE0031810304318080B3
:1007900074000900C34200C7000004318080680073
:1007A000050082C24831C102147AFA1A44800471E9
:1007B000CF08D18000168170A100AA28021443310D
:1007C0002B790414423106144031C341A100A428FE
:1007D0000AF48099110CC11081990D0C8110829935
:1007E000210C001002B160B141B1001E0370A100E4
:1007F000AA2840248130A1402220800F1300C4B7D2
:100800000C7005F04041CFF123D8A2C0C6C6E078F5
:10081000C340F000400280D928A04C802B7AE07DB4
:100820002F27BF006F233F000445A7B924A02F2620
:10083000BF00E07E9BC9000002230000671705008F
:100840000000000000000000D2005E010000000077
:100850000000000000000000000000000000000098
:1008600000010000680300003800000024DB1300D2
:10087000ECDA130002000000015200047F20014066
:1008800004006F000000FF000000227A084100050C
:100890000000177A0841000A0000187A0841000A8F
:1008A0000000FE7A08410007002800003900C3005C
:1008B000015200047F50014006006F030000FF005A
:1008C00000022A00080000010040FEFF18FF00019E
:1008D0000040400040100000FF000000FF80800842
:1008E00000FFFE7F187FFF0200FF007F007FFF4FA9
:1008F000FFFF7F7FFF7FFF7F0140FE4088000003F6
:10090000004040FF40FF000000FFFFFF40FFFFFFEF
:1009100000404040400000000040404040000000D7
:10092000004040004000000000FFFFFF00FFFFFF0D
:100930000000000000000000FFFFFF40FF00FFFF7D
:1009400000FF40FF40FFFF00FF404040FF0000006D
:10095000004040FF40FF0000FF00FF00FF0000FFDD
:100960000000000000000000000000000000000087
:100970000000000000000000000000000000000077
:100980000000000000000000000000000000000067
:100990000040404000000000004040404000000097
:1009A0000040404040000000004040404000000047
:1009B00000404040400000000000400040808000B7
:1009C000800000FF00FF808080FFFFFF00FFFFFF2F
:1009D0008000000000808080800000000080808017
:1009E000800000000000808000FFFFFF00FFFFFF8D
:1009F0000000000000000000FFFFFF00FF80FFFF7D
:100A000080FF00FF00FFFF80FF000000FF8080806C
:100A1000800000FF00FF8080FF00FF00FF0000FF5C
:100A200000000000000000000000000000000000C6
:100A300000000000000000000000000000000000B6
:100A400000000000000000000000000000000000A6
:100A50000000000000808080800000000080808016
:100A60008000000000808080800000000080808086
:100A70008000000000808080800000000000008076
:100A80000100FE008800000400120020003CAC00C1
:100A9000AC122020123CAC3C000000000000000022
:100AA000CCCDCCCCCD3DCC3DCC00CC00CD00003D60
:100AB0000058008B003AA000A0588B8B583AA03AFF
:100AC000AC122020123CAC3CAC58208B123AA03C1B
:100AD000A0588B8B583AA03AAC122020123CAC3C68
:100AE000CCCDCCCCCD3DCC3DCCCDCCCCCD3DCC3D7E
:100AF000CC58CC8BCD3AA03DA0008B005800003ADA
:100B000000000000000000000000000000000000E5
:100B100000000000000000000000000000000000D5
:100B2000E80A1C1C0A41E841E8121C200A3CAC41BE
:100B3000AC122020123CAC3C01010000010001007D
:100B400001000000010000000000000000000000A3
:100B50000000000000000000000000000000000095
:100B60000000000000000000000000000000000085
:100B70000000000000000000000000000000000075
:100B80000000000000000000000000000000000065
:100B90000000000000000000000000000000000055
:100BA0000000000000000000000000000000000045
:100BB0000000000000000000000000000000000035
:100BC0000000000000000000000000000000000025
:100BD0000000000000000000000000000000000015
:100BE0000000000000000000000000000000000005
:100BF00000000000000000000000000000000000F5
:100C000000000000000000000001FE000800000AD3
:100C10000087000003006E00F1C02220800F130047
:100C20009CDE0C70D1C0E07EE2C2AD70C341A10079
:100C3000F428136D1621420300614C41A57102791D
:100C40003474C229A900E220890F13002CB9E10DE8
:100C50001194C2C6494E4903543B1100AC28A1006F
:100C60003A0000000050A8005634000301050205B8
:100C70003CBB130003082406080C06082005F4BA40
:100C80001300060220A8D80520DC02100100000095
:100C9000280000D813000500000084DA13000000CB
:100CA000F428A100F700000000B0DAB03DA1000F69
:100CB000040B10900220940E049802100B049C0266
:100CC000100F04ED010310A002180304AC02080386
:100CD000040B58070C0203000014057A00083D04B9
:100CE000050000D6FFF93D08080308793E100C8185
:100CF000C00308F93E00004841021B000000C84143
:100D00000602060210644C42070408C842022B0285
:100D10000A48430902060220430A040848741D4495
:100D20000B0208D102040F03061001040880040618
:100D30000F050810280328200C000B8880100211D2
:100D40002080424C020707030730810B0098C00047
:100D5000141424040A184808110717080815030377
:100D60000B08217D00040207803DFA00040F3EF4C9
:100D7000010203103EE8220003047F3FD007020F68
:100D800000803F19000600320007000000640008E0
:100D900000C800090090010A0020030B00000000B9
:100DA000902AA100F400000000422A000201200164
:100DB00010000F01010A0512210207F00204E803E6
:100DC00000000000102719000378220090C61300CD
:100DD000F8BDA8A01300D80208E00208D0020870ED
:100DE000C31300300204E8020C001EC4C21300A8A2
:100DF000C11300E0020C023B0F030410B427A13022
:100E00000400D826A1040C0B05B81E053E091048A5
:100E100044000080129D3F027A000807150100FF80
:100E2000030B0102900308030421010FC0380000E6
:100E300000030FC0023005C0A00084D7130060D0AB
:100E4000130000020CD813009CD413000402083CC9
:100E5000D31300FCD2ABA00204021C84020C1C02BF
:100E60000814021890CF1300AC020C000E01C60249
:100E7000F80FC00620CDCC4C02B0060D0003C0C850
:100E8000410000D0070400D00706140100FF000055
:100E9000000001030000000000000000102CA10071
:100EA0001F04000000B269000201F00102050E03F8
:100EB000C00E10090F4844090C03090B060A14F070
:100EC0006DBC1300440204060F0F070F100410F14D
:100ED0000F80021604020403030106320203060B0C
:100EE00004C8430000C83F0512020605080D0604A9
:100EF000BD869B130D11020E7FD6D03D02070F0356
:100F00000410D10F80021605200205FFBE02030F58
:100F100080027C0280021904030F800415000F80F8
:100F200003160F8003140704CD0F80CFF7021907B3
:100F3000130F8005804841022302030F8002130231
:100F400003341F0002140F030B10FE77CB076D0A4A
:100F50001517DA0F8005801F800A39020B1F000267
:100F600013001F0003140704EB73960F8002193F50
:100F70003402050F030F1000022F1E0422EC228002
:100F8000FCBB2F04B7B7041B0F050410A30F80028E
:100F900016452600020B0F030A10020F3A041CD458
:100FA0000280BE7DA40204040D0F050F100210FC88
:100FB0000F4602142502040F030510338018800A1F
:100FC0003B3B05140D061C2F000D1F0F0E00EA0FF2
:100FD0008002223B1F8002140F030000EBED1F7FF5
:100FE00005227402FCE41F80051B0F060410F70F96
:100FF0008002161C020403032F80FFB62F800324F7
:101000000F042F8003202F8003140704F30F8002A6
:10101000190D02040303030FE33EDC004F80032697
:101020000D040F80031EE12E654203080F04031018
:10103000D00F800215FEE80E26800F8015000221D9
:1010400004034F00041500C4D925FCB80608031694
:101050000F80FBFE03140704CF0F80021927590FDE
:10106000800580C84F80023209034F80091A0F0A99
:101070000510F6FFF40F8002170C020403030F8023
:1010800006806F00032B08041F8003191F00031440
:101090000704F67FF60F8002191F020403032F8056
:1010A0000F8003240F040F8003202F8003140704F4
:1010B000E9FB6F0F8002193D3F8002140F033F8050
:1010C00007203F8007180F080710FA0F8002193712
:1010D000FFED0F8002140F030F8007200F80071809
:1010E0000F080710F90F800219343600020B0F03A6
:1010F0008DDE0A100287270A1400002C42808C0221
:10110000040C150F0D0A10F80F80021C7CDF323022
:1011100002050F030F105F000620BC027C5F000673
:101120001B0F070410EC0F800216FEDB301F80023D
:10113000140F031F8007200F8007180F080710C027
:101140000F80021906165A3F00FFF63F00022B0FD0
:10115000039F0004203F0004150605CC0F800218F1
:10116000070F80021405035F807F7305160B063F8F
:1011700080031C0F8003140704A40F800219462467
:1011800002050F030F1000BFFD8F0005218F000522
:10119000160F060910C80F80021B261600020B0E40
:1011A000038F000E1F020F6FFF8F0002130F030C3F
:1011B00010E80F80021E392F8002140F032F8007C2
:1011C000204F0007180F08ED7F0710C60F80021987
:1011D0001D16002F802F80022B0F032F8004202F3D
:1011E0000004150605C2FBDF0F8002180F06806F92
:1011F000800F80022B0F030F8004206F80041506E0
:1012000005C30F800218FE6F100F80021405033F04
:101210000005160B063F00031C0F8003140704C5CE
:101220000F80021920FFDB06801F801F00022B0F9A
:10123000031F0004201F8004150605A00F8002185C
:101240004D2F8002147FFB0F032F8007202F800774
:10125000180F080710A10F8002194B0F8002140FFE
:10126000030F8007206FFF0F8007180F080710E794
:101270000F800219354F8002140F03028016A60D4D
:101280001A7F000D1EB1FF0F0E0000E60F80022333
:101290005E1F0002140F0302800F1304106F8004FE
:1012A000150F05ED1F0A10A20F80021C430F8002CC
:1012B000140F030F8007200F8007180F080000008D
:1012C00000000000103DA100360000000032DD00EB
:1012D0000201E00102050E03D04103111903050FBD
:1012E000040A10030A0C090B18004CBA13090D0F5D
:1012F0000A000000000000000000000000000000E4
:1013000000000000903DA1000500000001BC28A1E4
:1013100000000000943DA1000500000001C428A1C8
:1013200000000000983DA1000500000001CC28A1AC
:10133000000000009C3DA1000500000001B428A1B0
:1013400000000000A03DA1000D00000001D428A174
:1013500000DC28A100EC28A100000000AC3DA100A9
:101360000500000001E428A100000000D826A1002B
:101370002DFEFFFF00000000000000001028405874
:101380007088A0B80000000000000000192B0008C1
:101390003D2B0008B1410108102840587088A0B8C2
:1013A00002030604001202030604010002100000FA
:1013B000FD0F0000F80F0000F30F0000EE0F00001B
:1013C000E90F0000E30F0000DE0F0000D90F00005E
:1013D000D40F0000CF0F0000CA0F0000C50F00009F
:1013E000C00F0000BB0F0000B60F0000B00F0000E0
:1013F000AB0F0000A60F0000A10F00009C0F000023
:10140000970F0000920F00008D0F0000880F000062
:10141000830F00007D0F0000780F0000730F0000A5
:101420006E0F0000690F0000640F00005F0F0000E6
:101430005A0F0000550F0000500F00004A0F000027
:10144000450F0000400F00003B0F0000360F00006A
:10145000310F00002C0F0000270F0000220F0000AA
:101460001C0F0000170F0000120F00000D0F0000EE
:10147000080F0000030F0000FE0E0000F90E000030
:10148000F30E0000EE0E0000E90E0000E40E000076
:10149000DF0E0000DA0E0000D50E0000D00E0000B6
:1014A000CA0E0000C50E0000C00E0000BB0E0000FA
:1014B000B60E0000B10E0000AC0E0000A60E00003B
:1014C000A10E00009C0E0000970E0000920E00007E
:1014D0008D0E0000880E0000820E00007D0E0000C0
:1014E000780E0000730E00006E0E0000690E000002
:1014F000640E00005E0E0000590E0000540E000045
:101500004F0E00004A0E0000450E00003F0E000086
:101510003A0E0000350E0000300E00002B0E0000C9
:10152000250E0000200E00001B0E0000160E00000D
:10153000110E00000C0E0000060E0000010E00004F
:10154000FC0D0000F70D0000F20D0000EC0D000096
:10155000E70D0000E20D0000DD0D0000D80D0000D9
:10156000D20D0000CD0D0000C80D0000C30D00001D
:10157000BD0D0000B80D0000B30D0000AE0D000061
:10158000A90D0000A30D00009E0D0000990D0000A4
:10159000940D00008E0D0000890D0000840D0000E8
:1015A0007F0D0000790D0000740D00006F0D00002C
:1015B0006A0D0000640D00005F0D00005A0D000070
:1015C000540D00004F0D00004A0D0000450D0000B5
:1015D0003F0D00003A0D0000350D00002F0D0000FA
:1015E0002A0D0000250D0000200D00001A0D00003E
:1015F000150D0000100D00000A0D0000050D000083
:10160000000D0000FA0C0000F50C0000F00C0000CA
:10161000EA0C0000E50C0000E00C0000DA0C000011
:10162000D50C0000D00C0000CA0C0000C50C000056
:10163000BF0C0000BA0C0000B50C0000AF0C00009D
:10164000AA0C0000A50C00009F0C00009A0C0000E2
:10165000940C00008F0C00008A0C0000840C000029
:101660007F0C0000790C0000740C00006F0C00006F
:10167000690C0000640C00005E0C0000590C0000B6
:10168000530C00004E0C0000480C0000430C0000FE
:101690003E0C0000380C0000330C00002D0C000044
:1016A000280C0000220C00001D0C0000170C00008C
:1016B000120C00000C0C0000070C0000010C0000D4
:1016C000FC0B0000F60B0000F10B0000EB0B000020
:1016D000E50B0000E00B0000DA0B0000D50B00006A
:1016E000CF0B0000CA0B0000C40B0000BF0B0000B2
:1016F000B90B0000B30B0000AE0B0000A80B0000FC
:10170000A30B00009D0B0000970B0000920B000044
:101710008C0B0000870B0000810B00007B0B00008E
:10172000760B0000700B00006A0B0000650B0000D8
:101730005F0B0000590B0000540B00004E0B000023
:10174000480B0000430B00003D0B0000370B00006E
:10175000310B00002C0B0000260B0000200B0000BA
:101760001A0B0000150B00000F0B0000090B000006
:10177000030B0000FE0A0000F80A0000F20A000055
:10178000EC0A0000E60A0000E10A0000DB0A0000A3
:10179000D50A0000CF0A0000C90A0000C30A0000F1
:1017A000BE0A0000B80A0000B20A0000AC0A00003D
:1017B000A60A0000A00A00009A0A0000940A00008D
:1017C0008E0A0000890A0000830A00007D0A0000DA
:1017D000770A0000710A00006B0A0000650A000029
:1017E0005F0A0000590A0000530A00004D0A000079
:1017F000470A0000410A00003B0A0000350A0000C9
:101800002F0A0000290A0000230A00001C0A000019
:10181000160A0000100A00000A0A0000040A00006C
:10182000FE090000F8090000F2090000EB090000C1
:10183000E5090000DF090000D9090000D309000014
:10184000CD090000C6090000C0090000BA09000067
:10185000B4090000AD090000A7090000A1090000BB
:101860009A090000940900008E0900008809000010
:10187000810900007B090000740900006E09000066
:1018800068090000610900005B09000054090000BC
:101890004E09000048090000410900003B09000012
:1018A000340900002E09000027090000210900006A
:1018B0001A090000140900000D09000006090000C3
:1018C00000090000F9080000F3080000EC0800001F
:1018D000E5080000DF080000D8080000D10800007B
:1018E000CB080000C4080000BD080000B6080000D6
:1018F000B0080000A9080000A20800009B08000032
:10190000950800008E08000087080000800800008D
:1019100079080000720800006B08000064080000ED
:101920005D080000560800004F080000480800004D
:10193000410800003A080000330800002C080000AD
:10194000250800001E08000017080000100800000D
:101950000808000001080000FA070000F307000073
:10196000EC070000E4070000DD070000D6070000D8
:10197000CE070000C7070000C0070000B80700003E
:10198000B1070000A9070000A20700009A070000A5
:10199000930700008B070000840700007C0700000D
:1019A000750700006D070000650700005E07000076
:1019B000560700004E070000460700003E070000E3
:1019C000370700002F070000270700001F0700004F
:1019D000170700000F07000007070000FF060000C0
:1019E000F7060000EF060000E7060000DF06000033
:1019F000D7060000CE060000C6060000BE060000A6
:101A0000B5060000AD060000A50600009C0600001B
:101A1000940600008B060000830600007A06000092
:101A2000720600006906000060060000580600000B
:101A30004F060000460600003D0600003406000088
:101A40002B06000022060000190600001006000008
:101A500007060000FE050000F5050000EC0500008B
:101A6000E2050000D9050000D0050000C605000011
:101A7000BD050000B3050000A9050000A005000099
:101A8000960500008C050000820500007805000026
:101A90006E050000640500005A05000050050000B6
:101AA000460500003B05000031050000260500004A
:101AB0001C0500001105000006050000FC040000E4
:101AC000F1040000E6040000DB040000D004000084
:101AD000C4040000B9040000AE040000A204000029
:101AE000960400008B0400007F04000073040000D3
:101AF000670400005A0400004E0400004104000086
:101B000035040000280400001B0400000E0400003F
:101B100001040000F3030000E6030000D803000006
:101B2000CA030000BC030000AE0300009F030000D6
:101B300090030000820300007203000063030000B2
:101B4000530300004303000033030000220300009E
:101B50001103000000030000EE020000DC020000A0
:101B6000C9020000B6020000A20200008E020000BE
:101B700079020000630200004D02000036020000FE
:101B80001E02000004020000EA010000CE01000075
:101B9000B0010000900100006D010000460100004E
:101BA0001B010000E7000000A3000000000000008F
:101BB0000600000007000000080000000900000007
:101BC0000A0000000B0000000B0000000C000000E9
:101BD0000D0000000D0000000E0000000E000000CF
:101BE0000F0000000F0000001000000010000000B7
:101BF000110000001100000012000000120000009F
:101C00001300000013000000140000001400000086
:101C10001400000015000000150000001600000070
:101C2000160000001600000017000000170000005A
:101C30001700000018000000180000001800000045
:101C40001900000019000000190000001A0000002F
:101C50001A0000001A0000001B0000001B0000001A
:101C60001B0000001B0000001C0000001C00000006
:101C70001C0000001D0000001D0000001D000000F1
:101C80001D0000001E0000001E0000001E000000DD
:101C90001E0000001F0000001F0000001F000000C9
:101CA0001F000000200000002000000020000000B5
:101CB00020000000210000002100000021000000A1
:101CC000210000002200000022000000220000008D
:101CD0002200000023000000230000002300000079
:101CE0002300000024000000240000002400000065
:101CF0002400000024000000250000002500000052
:101D0000250000002500000026000000260000003D
:101D1000260000002600000026000000270000002A
:101D20002700000027000000270000002700000017
:101D30002800000028000000280000002800000003
:101D400028000000290000002900000029000000F0
:101D500029000000290000002A0000002A000000DD
:101D60002A0000002A0000002A0000002B000000CA
:101D70002B0000002B0000002B0000002B000000B7
:101D80002B0000002C0000002C0000002C000000A4
:101D90002C0000002C0000002D0000002D00000091
:101DA0002D0000002D0000002D0000002D0000007F
:101DB0002E0000002E0000002E0000002E0000006B
:101DC0002E0000002E0000002F0000002F00000059
:101DD0002F0000002F0000002F0000002F00000047
:101DE0003000000030000000300000003000000033
:101DF0003000000030000000310000003100000021
:101E0000310000003100000031000000310000000E
:101E100032000000320000003200000032000000FA
:101E200031000000330000003400000035000000E5
:101E30003600000037000000390000003A000000C2
:101E40003B0000003C0000003D0000003E000000A0
:101E50003F00000040000000410000004200000080
:101E60004300000044000000450000004600000060
:101E70004700000048000000480000004900000042
:101E80004A0000004B0000004C0000004D00000024
:101E90004E0000004E0000004F0000005000000007
:101EA00051000000520000005200000053000000EA
:101EB00054000000550000005500000056000000CE
:101EC00057000000580000005800000059000000B2
:101ED0005A0000005B0000005B0000005C00000096
:101EE0005D0000005D0000005E0000005F0000007B
:101EF0005F00000060000000610000006100000061
:101F00006200000063000000630000006400000045
:101F1000650000006500000066000000660000002B
:101F20006700000068000000680000006900000011
:101F30006A0000006A0000006B0000006B000000F7
:101F40006C0000006D0000006D0000006E000000DD
:101F50006E0000006F0000006F00000070000000C5
:101F600071000000710000007200000072000000AB
:101F70007300000073000000740000007400000093
:101F80007500000076000000760000007700000079
:101F90007700000078000000780000007900000061
:101FA000790000007A0000007A0000007B00000049
:101FB0007B0000007C0000007C0000007D00000031
:101FC0007D0000007E0000007E0000007F00000019
:101FD0007F00000080000000800000008100000001
:101FE00081000000820000008200000083000000E9
:101FF00083000000840000008400000085000000D1
:1020000085000000860000008600000087000000B8
:1020100087000000880000008800000089000000A0
:10202000890000008A0000008A0000008B00000088
:102030008B0000008B0000008C0000008C00000072
:102040008D0000008D0000008E0000008E0000005A
:102050008F0000008F000000900000009000000042
:10206000900000009100000091000000920000002C
:102070009200000093000000930000009400000014
:1020800094000000940000009500000095000000FE
:1020900096000000960000009700000097000000E6
:1020A00097000000980000009800000099000000D0
:1020B00099000000990000009A0000009A000000BA
:1020C0009B0000009B0000009C0000009C000000A2
:1020D0009C0000009D0000009D0000009E0000008C
:1020E0009E0000009E0000009F0000009F00000076
:1020F000A0000000A0000000A0000000A10000005F
:10210000A1000000A2000000A2000000A200000048
:10211000A3000000A3000000A4000000A400000031
:10212000A4000000A5000000A5000000A60000001B
:10213000A6000000A6000000A7000000A700000005
:10214000A7000000A8000000A8000000A9000000EF
:10215000A9000000A9000000AA000000AA000000D9
:10216000AA000000AB000000AB000000AC000000C3
:10217000AC000000AC000000AD000000AD000000AD
:10218000AD000000AE000000AE000000AF00000097
:10219000AF000000AF000000B0000000B000000081
:1021A000B0000000B1000000B1000000B10000006C
:1021B000B2000000B2000000B3000000B300000055
:1021C000B3000000B4000000B4000000B400000040
:1021D000B5000000B5000000B5000000B60000002A
:1021E000B6000000B6000000B7000000B700000015
:1021F000B7000000B8000000B8000000B9000000FF
:10220000B9000000B9000000BA000000BA000000E8
:10221000BA000000BB000000BB000000BB000000D3
:10222000BC000000BC000000BC000000BD000000BD
:10223000BD000000BD000000BE000000BE000000A8
:10224000BE000000BF000000BF000000BF00000093
:10225000C0000000C0000000C0000000C10000007D
:10226000C1000000C1000000C2000000C200000068
:10227000C2000000C3000000C3000000C300000053
:10228000C4000000C4000000C4000000C50000003D
:10229000C5000000C5000000C6000000C600000028
:1022A000C6000000C7000000C7000000C700000013
:1022B000C8000000C8000000C8000000C8000000FE
:1022C000C9000000C9000000C9000000CA000000E9
:1022D000CA000000CA000000CB000000CB000000D4
:1022E000CB000000CC000000CC000000CC000000BF
:1022F000CD000000CD000000CD000000CE000000A9
:10230000CE000000CE000000CE000000CF00000094
:10231000CF000000CF000000D0000000D00000007F
:10232000D0000000D1000000D1000000D10000006A
:10233000D2000000D2000000D2000000D200000055
:10234000D3000000D3000000D3000000D400000040
:10235000D4000000D4000000D5000000D50000002B
:10236000D5000000D5000000D6000000D600000017
:10237000D6000000D7000000D7000000D700000002
:10238000D8000000D8000000D8000000D8000000ED
:10239000D9000000D9000000D9000000DA000000D8
:1023A000DA000000DA000000DB000000DB000000C3
:1023B000DB000000DB000000DC000000DC000000AF
:1023C000DC000000DD000000DD000000DD0000009A
:1023D000DD000000DE000000DE000000DE00000086
:1023E000DF000000DF000000DF000000DF00000071
:1023F000E0000000E0000000E0000000E10000005C
:10240000E1000000E1000000E1000000E200000047
:10241000E2000000E2000000E3000000E300000032
:10242000E3000000E3000000E4000000E40000001E
:10243000E4000000E5000000E5000000E500000009
:10244000E5000000E6000000E6000000E6000000F5
:10245000E6000000E7000000E7000000E7000000E1
:10246000E8000000E8000000E8000000E8000000CC
:10247000E9000000E9000000E9000000EA000000B7
:10248000EA000000EA000000EA000000EB000000A3
:10249000EB000000EB000000EB000000EC0000008F
:1024A000EC000000EC000000ED000000ED0000007A
:1024B000ED000000ED000000EE000000EE00000066
:1024C000EE000000EE000000EF000000EF00000052
:1024D000EF000000EF000000F0000000F00000003E
:1024E000F0000000F1000000F1000000F100000029
:1024F000F1000000F2000000F2000000F200000015
:10250000F2000000F3000000F3000000F300000000
:10251000F3000000F4000000F4000000F4000000EC
:10252000F4000000F5000000F5000000F5000000D8
:10253000F6000000F6000000F6000000F6000000C3
:10254000F7000000F7000000F7000000F7000000AF
:10255000F8000000F8000000F8000000F80000009B
:10256000F9000000F9000000F9000000F900000087
:10257000FA000000FA000000FA000000FA00000073
:10258000FB000000FB000000FB000000FB0000005F
:10259000FC000000FC000000FC000000FC0000004B
:1025A000FD000000FD000000FD000000FD00000037
:1025B000FE000000FE000000FE000000FE00000023
:1025C000FF000000FF000000FF000000FF0000000F
:1025D00000010000000100000001000000010000F7
:1025E00001010000010100000101000001010000E3
:1025F00002010000020100000201000002010000CF
:1026000003010000030100000301000003010000BA
:1026100004010000040100000401000004010000A6
:102620000501000005010000050100000501000092
:10263000060100000601000006010000060100007E
:10264000070100000701000007010000070100006A
:102650000801000008010000080100000801000056
:102660000901000009010000090100000901000042
:102670000A0100000A0100000A0100000A0100002E
:102680000B0100000B0100000B0100000B0100001A
:102690000B0100000C0100000C0100000C01000007
:1026A0000C0100000D0100000D0100000D010000F3
:1026B0000D0100000E0100000E0100000E010000DF
:1026C0000E0100000F0100000F0100000F010000CB
:1026D0000F010000100100001001000010010000B7
:1026E00010010000100100001101000011010000A4
:1026F0001101000011010000120100001201000090
:10270000120100001201000013010000130100007B
:102710001301000013010000140100001401000067
:102720001401000014010000140100001501000054
:102730001501000015010000150100001601000040
:10274000160100001601000016010000170100002C
:102750001701000017010000170100001701000019
:102760001801000018010000180100001801000005
:1027700019010000190100001901000019010000F1
:10278000190100001A0100001A0100001A010000DE
:102790001A0100001B0100001B0100001B010000CA
:1027A0001B0100001C0100001C0100001C010000B6
:1027B0001C0100001C0100001D0100001D010000A3
:1027C0001D0100001D0100001E0100001E0100008F
:1027D0001E0100001E0100001E0100001F0100007C
:1027E0001F0100001F0100001F0100002001000068
:1027F0002001000020010000200100002001000055
:102800002101000021010000210100002101000040
:10281000220100002201000022010000220100002C
:102820002201000023010000230100002301000019
:102830002301000024010000240100002401000005
:1028400024010000240100002501000025010000F2
:1028500025010000250100002601000026010000DE
:1028600026010000260100002601000027010000CB
:1028700027010000270100002701000027010000B8
:1028800028010000280100002801000028010000A4
:102890002901000029010000290100002901000090
:1028A000290100002A0100002A0100002A0100007D
:1028B0002A0100002A0100002B0100002B0100006A
:1028C0002B0100002B0100002C0100002C01000056
:1028D0002C0100003863ED3EDA0F493F5E987B3FE4
:1028E000DA0FC93F6937AC3168212233B40F143392
:1028F0006821A23300000000000000000000F03F4B
:10290000748515D3B0D9EF3F0F89F96C58B5EF3FF7
:10291000515B12D00193EF3F7B517D3CB872EF3F8A
:10292000AAB968318754EF3F3862756E7A38EF3F45
:10293000E1DE1FF59D1EEF3F15B7310AFE06EF3FA2
:10294000CBA93A37A7F1EE3F2234124CA6DEEE3F78
:102950002D89616008CEEE3F272A36D5DABFEE3FDB
:10296000824F9D562BB4EE3F295448DD07ABEE3F16
:1029700085553AB07EA4EE3FCD3B7F669EA0EE3FEC
:10298000745FECE8759FEE3F8701EB7314A1EE3F97
:1029900013CE4C9989A5EE3FDBA02A42E5ACEE3F71
:1029A000E5C5CDB037B7EE3F90F0A38291C4EE3FBE
:1029B0005D253EB203D5EE3FADD35A999FE8EE3F79
:1029C000475EFBF276FFEE3F9C5285DD9B19EF3FA1
:1029D0006990EFDC2037EF3F87A4FBDC1858EF3F0E
:1029E0005F9B7B33977CEF3FDA90A4A2AFA4EF3FCD
:1029F00040456E5B76D0EF3F000000000000E842EB
:102A00009423914BF86AAC3FF3C4FA50CEBFCE3F4B
:102A1000D6520CFF422EE63F000000000000384373
:102A2000FE822B65471547409423914BF86ABC3EC4
:102A3000F3C4FA50CEBF2E3FD6520CFF422E963F23
:102A4000BEF3F879EC61F63FDEAA8C80F77BD5BF48
:102A50003D88AF4AED71F53FDB6DC0A7F0BED2BF38
:102A6000B010F0F03995F43F673A517FAE1ED0BFF9
:102A70008503B8B095C9F33FE92482A6D831CBBF0E
:102A8000A564880C190DF33F5877C00A4F57C6BF8D
:102A9000A08E0B7B225EF23F00819CC72BAAC1BF98
:102AA0003F341A4A4ABBF13F5E0E8CCE764EBABF17
:102AB000BAE58AF05823F13FCC1C615A3C97B1BF6C
:102AC000A70099413F95F03F1E0CE138F452A2BF98
:102AD000000000000000F03F0000000000000000C7
:102AE000AC479AFD8C60EE3F8459F25DAAA5AA3FDF
:102AF000A06A021FB3A4EC3FB42E36AA535EBC3FBB
:102B0000E6FC6A573620EB3F08DB2077E526C53F19
:102B10002DAAA163D1C2E93F7047220D86C2CB3FE7
:102B2000ED417803E686E83FE17EA0C88B05D13F02
:102B3000624853F5DC67E73F09EEB6573004D43FEF
:102B4000EF39FAFE422EE63F3483B848A30ED0BFD9
:102B50006A0BE00B5B57D53F23410AF2FEFFDFBF54
:102B6000BEF3F879EC61F63F1930965BC6FEDEBF26
:102B70003D88AF4AED71F53FA4FCD432680BDBBF52
:102B8000B010F0F03995F43F7BB71F0A8B41D7BFE7
:102B90008503B8B095C9F33F7BCF6D1AE99DD3BFCC
:102BA000A564880C190DF33F31B6F2F39B1DD0BF1D
:102BB000A08E0B7B225EF23FF07A3B1B1D7CC9BFCF
:102BC0003F341A4A4ABBF13F9F3CAF93E3F9C2BF7F
:102BD000BAE58AF05823F13F5C8D78BFCB60B9BF6E
:102BE000A70099413F95F03FCE5F47B69D6FAABFC2
:102BF000000000000000F03F0000000000000000A6
:102C0000AC479AFD8C60EE3F3DF5249FCA38B33F38
:102C1000A06A021FB3A4EC3FBA913854A976C43F0E
:102C2000E6FC6A573620EB3FD2E4C44A0B84CE3F21
:102C30002DAAA163D1C2E93F1C65C6F04506D43F69
:102C4000ED417803E686E83FF89F1B2C9C8ED83F29
:102C5000624853F5DC67E73FCC7BB14EA4E0DC3F34
:102C60000B6E49C91676D23F7AC675A06919D7BFCF
:102C7000DDBAA76C0AC7DE3FC8F6BE484715E7BFF6
:102C80002BB82A654715F73FA2000000F9A2000003
:102C900083F9A2006E83F9A24E6E83F9444E6E83CF
:102CA00015444E6E2915444EFC29154427FC291560
:102CB0005727FC29D15727FCF5D1572734F5D15791
:102CC000DD34F5D1C0DD34F5DBC0DD3462DBC0DDE1
:102CD0009562DBC0999562DB3C999562433C99957E
:102CE00090433C994190433C000000000000F03FBD
:102CF000000000000000F0BF000000000000F0BF76
:102D0000000000000000F03F83C8C96D305F6441DF
:102D1000182D4454FB21F93F000000000000F03F53
:102D20001C620CFDFFFFDFBF198F06E15355A53F65
:102D30009D359AE887C056BFC3F87B024393F93E9E
:102D400003A695595455C5BFC40B23057610813F82
:102D500024CF7437EB9429BF000000000000F03F3F
:102D6000000000000000F0BF000000000000F0BF05
:102D7000000000000000F03F83C8C96D305F64416F
:102D8000182D4454FB21F93F000000000000F0BF63
:102D90001C620CFDFFFFDF3F198F06E15355A5BFF5
:102DA0009D359AE887C0563FC3F87B024393F9BE2E
:102DB00003A695595455C5BFC40B23057610813F12
:102DC00024CF7437EB9429BFDB0F49BFE4CB164007
:102DD000E4CB16C000000080DB0F4940DB0F49C088
:102DE0000000000000000080000FC93F000F4940B4
:102DF00000CB9640000FC9400053FB4000CB16416A
:102E000000ED2F41000F49410031624100537B41E9
:102E1000003A8A4100CB9641005CA34100EDAF41EE
:102E2000007EBC41000FC94100A0D5410031E24104
:102E300000C2EE410053FB4100F20342003A0A4255
:102E40000083104200CB164200141D42005C234256
:102E500000A5294200ED2F4200363642007E3C425A
:102E600000C74242000F4942A2000000F9000000E2
:102E7000830000006E0000004E00000044000000CF
:102E80001500000029000000FC00000027000000E1
:102E900057000000D1000000F500000034000000E1
:102EA000DD000000C0000000DB0000006200000048
:102EB00095000000990000003C0000004300000065
:102EC0009000000041000000FE00000051000000E2
:102ED00063000000AB000000DE000000BB0000004B
:102EE000C500000061000000B700000024000000E1
:102EF0006E0000003A000000420000004D0000009B
:102F0000D2000000E00000000600000049000000C0
:102F10002E000000EA00000009000000D1000000BF
:102F2000920000001C000000FE0000001D000000D8
:102F3000EB0000001C000000B100000029000000B0
:102F4000A70000003E000000E80000008200000032
:102F500035000000F50000002E000000BB0000005E
:102F60004400000084000000E90000009C00000014
:102F70007000000026000000B40000005F000000A8
:102F80007E000000410000003900000091000000B8
:102F9000D60000003900000083000000530000004C
:102FA00039000000F40000009C00000084000000D4
:102FB0005F0000008B000000BD000000F900000071
:102FC000280000003B0000001F000000F800000087
:102FD00097000000FF000000DE0000000500000078
:102FE000980000000F000000EF0000002F0000001C
:102FF000110000008B0000005A0000000A000000D1
:103000006D0000001F0000006D0000003600000091
:103010007E000000CF00000027000000CB00000071
:1030200009000000B70000004F000000460000004B
:103030003F000000660000009E0000005F000000EE
:10304000EA0000002D0000007500000027000000CD
:10305000BA000000C7000000EB000000E50000001F
:10306000F10000007B0000003D00000007000000B0
:1030700039000000F70000008A0000005200000044
:1030800092000000EA0000006B000000FB0000005E
:103090005F000000B10000001F0000008D00000074
:1030A0005D00000008000000560000000300000062
:1030B0003000000046000000FC0000007B00000023
:1030C0006B000000AB000000F0000000CF0000002B
:1030D000BC000000200000009A000000F400000086
:1030E000360000001D000000A9000000E300000001
:1030F00091000000610000005E000000E60000009A
:103100001B0000000800000065000000990000009E
:10311000850000005F00000014000000A000000017
:1031200068000000400000008D000000FF0000006B
:10313000D8000000800000004D0000007300000077
:10314000270000003100000006000000060000001B
:103150001500000056000000CA00000073000000C7
:10316000A8000000C900000060000000E2000000AC
:103170007B000000C00000008C0000006B0000001D
:103180000000C93F0000F0390000DA370000A23328
:103190000000842E0000502B0000C2270000D02227
:1031A0000000C41F0000C61B0000441704000000FC
:1031B0000700000009000000AC0100245245454E04
:1031C00054206D616C6C6F63207375636365656417
:1031D0006564002F6275696C642F676E752D746F5E
:1031E0006F6C732D666F722D73746D33325F392D72
:1031F000323032302D71322D7570646174652E322B
:10320000303230313030312D313632312F737263FC
:103210002F6E65776C69622F6E65776C69622F6CB3
:103220006962632F7374646C69622F72616E642EBD
:1032300063002C2066756E6374696F6E3A200061BE
:103240007373657274696F6E202225732220666124
:10325000696C65643A2066696C6520222573222CAE
:10326000206C696E65202564257325730A00232D63
:10327000302B2000686C4C0065666745464700307F
:1032800031323334353637383941424344454600CC
:1032900030313233343536373839616263646566CC
:1032A000000000000000000000000000000000001E
:1032B000000000000000000000000000000000000E
:1032C00000000000000000000000000000000000FE
:1032D00000000000000000000000000000000000EE
:1032E00000000000000000000000000000000000DE
:1032F00000000000000000000000000000000000CE
:0433000000000000C9
:0833040024D4FB7F010000004E
:10330C00C5020008850A00085D2B0008312E000854
:10331C0091FD0008A502010859160108C11A0108FF
:08332C00411C0108E1F0010859
:04333400A1020008EA
:1033380004EC0124BCEE012474F101242CF40124D2
:10334800E4F601240090D0030090D00310000000A0
:10335800010000000A060002000000400100000011
:1033680039D0000837D10008ADD1000800000000AE
:103378005DD400083DD3000807D400080000000011
:103388000000000000000000D9D40008B9D40008EB
:10339800F9D4000819D5000809024300020100C049
:1033A8003209040000010202010005240010010591
:1033B80024010001042402020524060001070582F5
:1033C8000308001009040100020A000000070501B3
:1033D8000200020007058102000200000902430002
:1033E800020100C0320904000001020201000524A4
:1033F800001001052401000104240202052406002E
:10340800010705820308001009040100020A0000F0
:103418000007050102400000070581024000000086
:1034280009074300020104C0320904000001020236
:1034380001000524001001052401000104240202F2
:10344800052406000107058203080010090401008D
:10345800020A00000007050102400000070581027A
:1034680040000000004B0208FF000000690B020842
:10347800910B0208A10B02085D0C0208D10C02088E
:10348800F50C0208190D0208790D02083D0D020815
:10349800A10D0208C50D0208010E02081201000262
:1034A80002020040830440570002010203010000A9
:1034B800040309041A0300000000000000000000D3
:1034C80000000000000000000000000000000000F4
:1034D800553A0208FF000000AC010024000000007B
:1034E800C4320408E4320408A432040800000000CE
:1034F80000000000000000000000000000000000C4
:1035080000000000000000000000000000000000B3
:1035180000000000000000000000000000000000A3
:103528000000000000000000000000000000000093
:0C35380000000000000000000000000087
:0400000508006B3153
:00000001FF
