:020000040800F2
:1000000000000220C1680008AD650008B365000863
:10001000B9650008BF650008C5650008000000005C
:10002000000000000000000000000000CB65000898
:10003000D965000800000000E7650008F5650008C4
:1000400011690008116900081169000811690008A8
:100050001169000811690008116900081169000898
:100060001169000811690008116900081169000888
:100070001169000811690008116900081169000878
:100080001169000811690008116900081169000868
:100090001169000811690008116900081169000858
:1000A0001169000811690008116900081169000848
:1000B0001169000811690008116900081169000838
:1000C0001169000811690008116900081169000828
:1000D00011690008551000080510000819090108E9
:1000E000116900081169000800000000116900088A
:1000F00011690008116900081169000811690008F8
:1001000011690008116900081169000811690008E7
:100110002D1000084110000811690008116900083D
:1001200011690008116900081169000811690008C7
:1001300011690008116900081169000811690008B7
:1001400000000000000000000000000000000000AF
:10015000116900081169000811690008E1FA000836
:100160001169000811690008116900081169000887
:1001700011690008116900081169000800000000F9
:10018000116900081169000819100008F10F000832
:100190001169000811690008116900081169000857
:1001A0001169000811690008116900081169000847
:1001B0001169000811690008116900081169000837
:1001C0001169000811690008116900081169000827
:1001D000116900081166000811690008116900081A
:1001E0001169000811690008116900081169000807
:1001F00011690008116900081169000811690008F7
:1002000011690008116900081169000811690008E6
:1002100011690008116900081169000811690008D6
:100220001169000811690008116900080000000048
:100230001169000811690008000000001169000838
:1002400011690008116900081169000811690008A6
:100250001169000811690008116900081169000896
:100260001169000811690008116900081169000886
:1002700011690008116900081169000800000000F8
:1002800011690008116900081169000800000000E8
:080290000000000011690008E4
:1002A00010B5054C237833B9044B13B10448AFF3B0
:1002B00000800123237010BD2002002400000000F4
:1002C0008038020808B5034B1BB103490348AFF35C
:1002D000008008BD000000002402002480380208CD
:1002E00001F0FF01102A2BDB10F0070F08D010F8E7
:1002F000013B013A8B422DD010F0070F42B3F6D1EB
:10030000F0B441EA012141EA014122F007047FF003
:1003100000070023F0E80256083C85EA010586EA5A
:10032000010685FA47F5A3FA87F586FA47F6A5FA96
:1003300087F68EB9EED1F0BC01F0FF0102F00702A2
:1003400032B110F8013B013A83EA010313B1F8D14D
:100350000020704701387047002D06BF354603382E
:10036000073815F0010F07D1013015F4807F02BF67
:10037000013015F4C03F0130F0BC0138704700BFB8
:1003800081F0004102E000BF83F0004330B54FEA46
:1003900041044FEA430594EA050F08BF90EA020FB3
:1003A0001FBF54EA000C55EA020C7FEA645C7FEA46
:1003B000655C00F0E2804FEA5454D4EB5555B8BF69
:1003C0006D420CDD2C4480EA020281EA030382EADA
:1003D000000083EA010180EA020281EA0303362D6C
:1003E00088BF30BD11F0004F4FEA01314FF4801C3F
:1003F0004CEA113102D0404261EB410113F0004F51
:100400004FEA03334CEA133302D0524263EB430307
:1004100094EA050F00F0A780A4F10104D5F1200EA5
:100420000DDB02FA0EFC22FA05F2801841F1000100
:1004300003FA0EF2801843FA05F359410EE0A5F1D4
:1004400020050EF1200E012A03FA0EFC28BF4CF005
:10045000020C43FA05F3C01851EBE37101F00045BB
:1004600007D54FF0000EDCF1000C7EEB00006EEBC8
:100470000101B1F5801F1BD3B1F5001F0CD3490852
:100480005FEA30004FEA3C0C04F101044FEA4452A9
:1004900012F5800F80F09A80BCF1004F08BF5FEA30
:1004A000500C50F1000041EB045141EA050130BD10
:1004B0005FEA4C0C404141EB0101013C28BFB1F522
:1004C000801FE9D291F0000F04BF01460020B1FA6D
:1004D00081F308BF2033A3F10B03B3F120020CDA40
:1004E0000C3208DD02F1140CC2F10C0201FA0CF01E
:1004F00021FA02F10CE002F11402D8BFC2F1200C83
:1005000001FA02F120FA0CFCDCBF41EA0C01904038
:10051000E41AA2BF01EB0451294330BD6FEA040481
:100520001F3C1CDA0C340EDC04F11404C4F120026C
:1005300020FA04F001FA02F340EA030021FA04F37E
:1005400045EA030130BDC4F10C04C4F1200220FAD5
:1005500002F001FA04F340EA0300294630BD21FA13
:1005600004F0294630BD94F0000F83F4801306BFD9
:1005700081F480110134013D4EE77FEA645C18BFCD
:100580007FEA655C29D094EA050F08BF90EA020F64
:1005900005D054EA000C04BF1946104630BD91EA5C
:1005A000030F1EBF0021002030BD5FEA545C05D15F
:1005B0004000494128BF41F0004130BD14F580049E
:1005C0003CBF01F5801130BD01F0004545F0FE4112
:1005D00041F470014FF0000030BD7FEA645C1ABF47
:1005E000194610467FEA655C1CBF0B46024650EA7E
:1005F000013406BF52EA033591EA030F41F40021AA
:1006000030BD00BF90F0000F04BF0021704730B52F
:100610004FF4806404F132044FF000054FF0000104
:1006200050E700BF90F0000F04BF0021704730B5C5
:100630004FF4806404F1320410F0004548BF40429A
:100640004FF000013EE700BF42004FEAE2014FEAEF
:1006500031014FEA02701FBF12F07F4393F07F4FCA
:1006600081F06051704732F07F4208BF704793F0CD
:100670007F4F04BF41F40021704730B54FF46074E0
:1006800001F0004521F000411CE700BF50EA0102E3
:1006900008BF704730B54FF000050AE050EA01028C
:1006A00008BF704730B511F0004502D5404261EBFC
:1006B00041014FF4806404F132045FEA915C3FF43D
:1006C000D8AE4FF003025FEADC0C18BF03325FEADA
:1006D000DC0C18BF033202EBDC02C2F1200300FA8B
:1006E00003FC20FA02F001FA03FE40EA0E0021FAB0
:1006F00002F11444BDE600BF53B94AB9002908BF4E
:1007000000281CBF4FF0FF314FF0FF3000F06EB9F2
:10071000ADF1080C6DE904CE00F006F8DDF804E058
:10072000DDE9022304B070472DE9F047089D044637
:100730008C46002B40F083808A42174647D9B2FA94
:1007400082F242B1C2F1200024FA00F091409740B9
:1007500040EA010C94404FEA1748230CBCFBF8F622
:100760001FFA87FE08FB16C143EA014306FB0EF1A0
:10077000994209D9FB1806F1FF3080F0198199429E
:1007800040F21681023E3B445B1AA4B2B3FBF8F080
:1007900008FB103344EA034400FB0EFEA64509D9CA
:1007A0003C1900F1FF3380F00581A64540F202813B
:1007B00002383C4440EA0640A4EB0E0400261DB17A
:1007C000D4400023C5E900433146BDE8F08702B9B3
:1007D000FFDEB2FA82F2002A50D1CB1B4FEA174E4D
:1007E0001FFA87F80126B3FBFEFC210C0EFB1C331D
:1007F00041EA034108FB0CF38B4207D979180CF14D
:10080000FF3002D28B4200F2E9808446C91AA3B2BB
:10081000B1FBFEF00EFB101143EA014408FB00F8A7
:10082000A04507D93C1900F1FF3302D2A04500F2E0
:10083000D9801846A4EB080440EA0C40BFE78B427D
:1008400009D9002D00F0B1800026C5E9000130462D
:100850003146BDE8F087B3FA83F6002E4AD18B42C9
:1008600002D3824200F2B880841A61EB03010120B6
:100870008C46002DA8D0C5E9004CA5E7C2F12003A5
:1008800020FA03F6974001FA02F04FEA174ED940DA
:100890003043030CB1FBFEF61FFA87F80EFB16116E
:1008A00043EA014306FB08F1994204FA02F409D92C
:1008B000FB1806F1FF3C80F08D80994240F28A805F
:1008C000023E3B445B1A81B2B3FBFEF00EFB1033D9
:1008D00041EA034100FB08F38B4207D9791800F184
:1008E000FF3C73D28B4271D902383944CB1A40EAAB
:1008F000064678E7C6F1200C03FA06F422FA0CF358
:100900001C4320FA0CF701FA06F34FEA144E21FAC1
:100910000CF11F433B0CB1FBFEF91FFA84F80EFBF0
:10092000191143EA014109FB08FA8A4502FA06F265
:1009300000FA06F308D9611809F1FF3048D28A4558
:1009400046D9A9F102092144A1EB0A01BFB2B1FBCA
:10095000FEF00EFB101147EA014700FB08F8B8450E
:1009600007D9E71900F1FF312ED2B8452CD902384A
:10097000274440EA0940A7EB0807A0FB02894F453E
:10098000C64649461AD317D05DB1B3EB0E0267EBEA
:10099000010707FA0CFCF2404CEA0202F740C5E9F5
:1009A000002700263146BDE8F0872E4628460BE793
:1009B0000646E9E61846FDE64345E5D2B8EB020EE9
:1009C00069EB04010138DFE70846D2E760468DE7AE
:1009D0008146B9E7664675E730464AE7ACF1020C56
:1009E000394413E702383C4424E700BF704700BF96
:1009F00080B582B000AF7860786800F005F87B6859
:100A000018460837BD4680BD80B485B000AF786019
:100A10007A6842F21003134400221A607A6842F2A4
:100A2000100313441A68796842F214030B441A60E5
:100A30000023FB60FB68032B08DC7B68FA6800215D
:100A400043F82210FB680133FB60F3E700BF143763
:100A5000BD465DF8047B704780B582B000AF78601A
:100A600039607B68012B07D13B684FF6FF729342D8
:100A700002D10348FFF7BCFF00BF0837BD4680BD69
:100A80003C02002480B500AF4FF6FF710120FFF754
:100A9000E3FF80BD80B483B000AF786039607B68CD
:100AA0005B683A6813443B607B681A687B689B68A4
:100AB0003968994204DB7B689B683968CB1A00E08F
:100AC0003B6813441B7818460C37BD465DF8047B21
:100AD000704780B582B000AF786000217868FFF77A
:100AE000D9FF034618460837BD4680BD80B483B0A1
:100AF00000AF7860044A7B681A607B6818460C3740
:100B0000BD465DF8047B70471439020880B582B099
:100B100000AF78607868FFF7E9FF042178681FF07C
:100B200005FC7B6818460837BD4680BD80B483B09D
:100B300000AF78607B6815221A6000BF0C37BD4695
:100B40005DF8047B704780B485B000AFF860B96091
:100B50007A60FB68BA68DA60FB687A681A61FB68D9
:100B600000225A6100BF1437BD465DF8047B704710
:100B700080B586B002AFF860B9607A603B603B68D0
:100B800000937B68BA680449F86802F0F2F900BF84
:100B90001037BD4680BD00BF2449020880B586B02D
:100BA00002AFF860B9607A603B603B6800937B6895
:100BB000BA680449F86802F0DCF900BF1037BD4696
:100BC00080BD00BF2039020880B483B000AF7860D8
:100BD0007B681B68002B0CBF01230023DBB2184687
:100BE0000C37BD465DF8047B704780B483B000AF1E
:100BF00078607B681B68012B03D07B681B68022B25
:100C000001D1012300E0002318460C37BD465DF8F2
:100C1000047B704780B483B000AF78607B685B680A
:100C200018460C37BD465DF8047B704780B483B02E
:100C300000AF78607B689B6818460C37BD465DF84E
:100C4000047B704780B483B000AF786039607A6805
:100C50003B6802339B0013445B6818460C37BD4663
:100C60005DF8047B704780B483B000AF78607B6828
:100C70001B6918460C37BD465DF8047B704780B48D
:100C800083B000AF78607B689B6818460C37BD4620
:100C90005DF8047B704780B483B000AF78607B68F8
:100CA000DB6818460C37BD465DF8047B704780B49E
:100CB00083B000AF78607B681B6918460C37BD466F
:100CC0005DF8047B704780B584B000AFF860B96010
:100CD0007A603B60FB681B69002B36DB3B68B3F135
:100CE000FF3F32D03B68002B03D1FB6800221A6122
:100CF0002CE03B68012B03D1FB6801221A6125E03F
:100D00003B68022B05D17A68B968F86800F021F8D1
:100D10001CE03B68032B05D17A68B968F86800F0DD
:100D200034F813E03B68042B05D17A68B968F86899
:100D300000F048F80AE03B68052B07D16FF000424D
:100D40000021F86800F03EF800E000BF1037BD4613
:100D500080BD80B485B000AFF860B9607A60FB6890
:100D60001B69002B0BDBFB68BA685A61FB687A6869
:100D70009A61FB680022DA61FB6802221A6100BFF7
:100D80001437BD465DF8047B704780B485B000AF72
:100D9000F860B9607A60FB681B69002B0CDBFB68AC
:100DA000BA685A61FB687A689A61FB689A68FB685E
:100DB000DA61FB6802221A6100BF1437BD465DF894
:100DC000047B704780B485B000AFF860B9607A608A
:100DD000FB681B69002B08DBFB68BA685A61FB687B
:100DE0007A689A61FB6803221A6100BF1437BD4616
:100DF0005DF8047B704780B483B000AF78607B6897
:100E00001B69002B01DC00232FE07B681B69012B91
:100E100001DC012329E07B681B69022B15DC7B6860
:100E20001A687B685B699A4205DB7B681A687B6895
:100E30009B699A4205DD7B689A687B68DB699A4208
:100E400001DA012311E000230FE07B681A687B6858
:100E50005B699A4205DB7B681A687B689B699A42EA
:100E600001DD012300E0002300BF18460C37BD461A
:100E70005DF8047B704780B582B000AF78607B6816
:100E80001B69012B02DC7B681B6909E07868FFF7AE
:100E9000B2FF0346002B01D0012300E0042300BF72
:100EA00018460837BD4680BD80B483B000AF786077
:100EB0007B6803F5C05318460C37BD465DF8047BCC
:100EC0007047000080B483B000AF786039607A6802
:100ED000054B13443A685201134418460C37BD467B
:100EE0005DF8047B704700BFA4AE010080B483B0FE
:100EF00000AF78607A6842F60403134418460C3752
:100F0000BD465DF8047B704780B483B000AF786065
:100F1000044B1A687B68134418460C37BD465DF8CD
:100F2000047B7047B07A022480B483B000AF78604D
:100F3000064B1A687B68D31ADB43DB0FDBB218461B
:100F40000C37BD465DF8047B704700BFB07A0224C1
:100F500080B483B000AF78607B681B6C9BB218468E
:100F60000C37BD465DF8047B704780B483B000AF9A
:100F700078607B689A6A7B685B6A9A42B4BF012397
:100F80000023DBB218460C37BD465DF8047B704782
:100F900080B483B000AF78607B681B6818460C375C
:100FA000BD465DF8047B704780B483B000AF7860C5
:100FB0007B685B6818460C37BD465DF8047B70475C
:100FC00080B483B000AF78607B689B6818460C37AC
:100FD000BD465DF8047B704780B400AF034B1B68CF
:100FE0001846BD465DF8047B704700BF8456022456
:100FF00080B500AF024810F0D2FF00BF80BD00BF37
:1010000044E3012480B500AF024810F0C8FF00BFE0
:1010100080BD00BFFCE5012480B500AF024810F0A0
:10102000BEFF00BF80BD00BFB4E8012480B500AFA3
:10103000024810F0B4FF00BF80BD00BF6CEB01247C
:1010400080B500AF024810F0AAFF00BF80BD00BF0E
:1010500024EE012480B500AF024811F0D5FD00BF99
:1010600080BD00BFDCF0012480B500AF034811F063
:10107000A5FD00F035F800BF80BD00BFDCF0012405
:1010800080B500AF0548FFF70FFF02464FF48053CD
:10109000FF21034813F0BFFE00BF80BDA42300243E
:1010A000E05F022480B500AF0648FFF7FDFE024670
:1010B0004FF480534FF47F21034813F086FE00BFA6
:1010C00080BD00BFA4230024E05F022480B500AFF0
:1010D0000021024813F002FF00BF80BDE05F022440
:1010E00080B588B000AF604B604A1A600023FB6196
:1010F000FB69042B0ADC5E4AFB6952F82330184670
:1011000010F04CFEFB690133FB61F1E7594819F01F
:10111000B9FB584819F0DCFBFFF7C4FF4FF400633C
:10112000554A0021554813F050FE3B1D52491846C0
:1011300012F0EEFB3B1D1946514801F02DFD514BBD
:1011400000221A604F4B1B684F4A13600023BB619B
:10115000BB69272B66DCBB694FF41C7202FB03F3EF
:101160000833474A134404331846FFF753FD3861E8
:1011700004223969002001F0C7FB0346002B4DD043
:10118000BB694FF41C7202FB03F308333C4A13445F
:1011900004331846FFF718FD034683F00103DBB262
:1011A000002B3BD0324A3B6952F82320BB694FF4F5
:1011B0001C7101FB03F335490B441946104610F02E
:1011C00036FEBB694FF41C7202FB03F32F4A1A442C
:1011D0002D4B1B68591C2C4801602D4941F82320D8
:1011E000BB694FF41C7202FB03F30833244A134417
:1011F00004331846FFF7F9FC0346002B0ED0BB69F9
:101200004FF41C7202FB03F3204A1A441D4B1B6867
:10121000591C1C4801601F4941F82320BB69013358
:10122000BB6195E700F03AF800237B61154B1B6822
:101230007A699A420ADA174A7B6952F823301846CB
:1012400001F01AFE7B6901337B61EFE71248FFF77B
:10125000DBFB002000F08EF83B1D184601F038FC47
:1012600000BF2037BD4680BD3CE30124F5140008D3
:1012700000000024A42300243CD30124E05F0224C6
:10128000E0F001249823002494230024ECF00124AE
:1012900054220024F42200243C02002480B582B0B1
:1012A00000AF00237B607B68272B12DC7B684FF448
:1012B0001C7202FB03F30833084A1344181D002371
:1012C000002247F6FF71FFF753FC7B6801337B6018
:1012D000E9E700BF0837BD4680BD00BFE0F001244C
:1012E00080B582B000AF00F01DF800237B607B6802
:1012F000272B11DC7B684FF41C7202FB03F30833CD
:10130000074A1344181D002332220021FFF730FC46
:101310007B6801337B60EAE700BF0837BD4680BDCC
:10132000E0F0012480B582B000AF00237B600D4B5C
:101330001B687A689A420ADA0B4A7B6852F82330B3
:10134000184602F093F87B6801337B60EFE70748AB
:1013500019F098FA064B41221A6000BF0837BD46C3
:1013600080BD00BF98230024F4220024A42300247D
:10137000A023002490B583B000AF78607B68B3F100
:10138000FF3F74D07B68B3F1FF3F37DB7B68452BB1
:1013900034DC7B68412B31DB7B68413B042B2DD84F
:1013A00001A252F823F000BFBD130008C3130008C8
:1013B000CD130008D7130008E9130008FFF7B2FFA8
:1013C00056E001212C4819F0B9FA51E000212A48D1
:1013D00019F0B4FA4CE0284A284B13444FF0FF327E
:1013E0001A60FFF77DFF43E0234A244B1344002299
:1013F0001A60FFF797FFFFF751FF39E07B68002B7A
:1014000036DB7B683F2B33DC1D4A7B681360FFF7BC
:1014100089FF1C4A7B6803F63143DB0013449B6859
:10142000002B25DD174A7B6803F63143DB001344AC
:101430009B68154A93421BDC124A7B6803F63143D2
:10144000DB0013445C680C48FFF750FD02460D4971
:101450007B6803F63143DB000B449B6821460B4855
:1014600013F0B3FC0121044819F068FA00E000BF52
:1014700000BF0C37BD4690BDA42300245CAF010023
:10148000A0230024E0F001249F860100E05F0224F5
:1014900080B582B000AF786039603B68002B06DD14
:1014A0003A680021044819F0C9FD034600E0002312
:1014B00018460837BD4680BDA423002480B582B0FD
:1014C00000AF786079680020FFF7E2FF0346184616
:1014D0000837BD4680BD000080B483B000AF78609F
:1014E000034B18460C37BD465DF8047B704700BFC0
:1014F000BD14000880B584B000AF0023FB60FB681A
:10150000042B0ADC204AFB6852F82330184610F0FE
:10151000A6FCFB680133FB60F1E70023BB601B4BBB
:101520001B68BA689A420ADA194ABB6852F8233033
:10153000184601F0A1FCBB680133BB60EFE7012155
:10154000144816F041FC134A134B13441B68002B3C
:101550000CDB104A104B13441B681846FFF70AFFB8
:101560000C4A0D4B13444FF0FF321A603B1D1846D6
:10157000FFF7B2FF03461946084801F0DCF900BF47
:101580001037BD4680BD00BF000000249823002412
:10159000F4220024A423002428AF01003C020024EC
:1015A00080B485B000AF786039600023FB60FB68D1
:1015B000272B11DCFB684FF41C7202FB03F30C4A6F
:1015C00013447A689A4203D10A4AFB68136003E025
:1015D000FB680133FB60EAE7074A3B681360074B8F
:1015E000074A1A6000BF1437BD465DF8047B704798
:1015F000ECF0012438D3012434D301243CE301244A
:10160000A51A000880B586B000AF786000237B6122
:101610007B69042B0ADC204A7B6952F82330184688
:1016200010F01DFC7B6901337B61F1E77868FFF7FF
:101630006BFC78607868FFF777FC034683F0010362
:10164000DBB2002B23D00123FB740023FB60FB687B
:10165000042B14DCFB7C83F00103DBB2002B0ED1E6
:101660000D4AFB6852F823301846FFF77EFC03460C
:1016700083F00103FB74FB680133FB60E7E7FB7C4D
:10168000002B03D1012012F0E1F8D3E700BF00BF27
:101690001837BD4680BD00BF0000002480B584B06F
:1016A00000AF786039600023FB600C4B1B68FA6860
:1016B0009A420CDA0A4AFB6852F823303A68796891
:1016C0001846FFF740FAFB680133FB60EDE70420A2
:1016D000FFF798FF00BF1037BD4680BD942300245C
:1016E0005422002480B590B000AF0023FB63FB6B55
:1016F000092B36DC00210020FFF7D0FF012387F8FB
:101700003B3000237B63994B1B687A6B9A421CDA4F
:1017100097F83B3083F00103DBB2002B15D1944ADC
:101720007B6B52F8233002211846FFF78BFA0346F1
:101730009BB240F2947293420CBF0123002387F8BE
:101740003B307B6B01337B63DDE797F83B30002B4D
:1017500006D10A2012F07AF8FB6B0133FB63C6E76F
:1017600000BFFB6B092B26DD00233B637F4B1B680F
:101770003A6B9A421FDA7E4A3B6B52F823300221C1
:101780001846FFF75FFA03469BB240F29472934209
:1017900014BF01230023DBB2002B08D0744A3B6B3B
:1017A00052F8233001211846FFF7FAFE6EE13B6B39
:1017B00001333B63DAE76F4B1B6801336D4A1360FB
:1017C0000023FB63FB6B012B3BDC00210E20FFF7AA
:1017D00065FF40F6B83012F039F800210020FFF71D
:1017E0005DFF012387F82F300023BB625F4B1B682E
:1017F000BA6A9A421CDA97F82F3083F00103DBB201
:10180000002B15D15A4ABB6A52F8233002211846E0
:10181000FFF718FA03469BB240F2947293420CBF52
:101820000123002387F82F30BB6A0133BB62DDE759
:1018300097F82F30002B03D1FB6B0133FB63C1E71B
:1018400000BFFB6B012B26DD00237B62474B1B682F
:101850007A6A9A421FDA464A7B6A52F8233002219A
:101860001846FFF7EFF903469BB240F29472934299
:1018700014BF01230023DBB2002B08D03C4A7B6A53
:1018800052F8233002211846FFF78AFEFEE07B6AF9
:1018900001337B62DAE7374B1B680133354A13604B
:1018A00000233B623B6A042B0CDC334A3B6A52F850
:1018B000233044F62061184610F0A9FA3B6A013340
:1018C0003B62EFE72D4B1B682D4A82FB03121A4443
:1018D000D211DB17D31AFB61FB69002B01DC01235A
:1018E000FB61284B1A68254B1B689A4280F2C48022
:1018F000244B1B689B00BB602348FFF7F7FA786016
:10190000BB687A6813441B781946BB6801337A6850
:1019100013441B781B0241EA0302BB680233796857
:101920000B441B781B041A43BB68033379680B44D0
:101930001B781B0613433B60144B1B68BA681344A7
:10194000BB600023BB61094B1B68BA699A421FDA6E
:10195000074ABB6952F823303A68B9681846FFF75E
:10196000F2F8BB690133BB61EDE700BF94230024AB
:101970005422002430D30124000000242CD301245D
:101980000904028128D30124A423002424D30124A0
:101990000023FB63FB6B092B36DC4FF47A70FFF7F7
:1019A00031FE0123FB7500233B613A4B1B683A690A
:1019B0009A421EDA384A3B6952F823300021184611
:1019C000FFF740F90346002B14BF01230023DBB2CD
:1019D000002B0AD0304A3B6952F823303A68B96884
:1019E0001846FFF7B0F80023FB753B6901333B61F4
:1019F000DBE7FB7D002B06D11E2011F027FFFB6BE0
:101A00000133FB63C6E700BFFB6B092B23DD00231B
:101A1000FB60204B1B68FA689A421CDA1E4AFB687E
:101A200052F8233000211846FFF70CF90346002B2B
:101A300014BF01230023DBB2002B08D0164AFB6839
:101A400052F82330B9681846FFF7AAFD1EE0FB687C
:101A50000133FB60DDE7114B1B6801330F4A136054
:101A60000E4B1A68FB6992FBF3F302330C4A1360C6
:101A7000012011F0EBFE34E700210A20FFF70EFEF3
:101A8000FFF72EFB064B40F201121A604037BD46AD
:101A900080BD00BF942300245422002428D30124B5
:101AA00030D3012480B400AF00BFBD465DF8047B95
:101AB0007047000080B586B000AF786039600023C1
:101AC0007B617B69072B60DC3A687B6942FA03F330
:101AD00003F00103002B54D07A687B6913443B6107
:101AE0003B694FF41C7202FB03F30833294A134489
:101AF00004331846FFF78EF8F8600422F9680020D6
:101B000000F002FF0346002B3BD03B694FF41C72F0
:101B100002FB03F308331F4A134404331846FFF74C
:101B200053F8034683F00103DBB2002B29D03B6955
:101B30004FF41C7202FB03F30833164A13440433B8
:101B40001846FEF7F3FF144AFB6852F823203B695E
:101B50004FF41C7101FB03F310490B441946104666
:101B600010F065F93B694FF41C7202FB03F30B4A5A
:101B70001A440B4B1B68591C09480160094941F87C
:101B800023207B6901337B619BE700BF1837BD468B
:101B900080BD00BFE0F0012400000024ECF001242F
:101BA000942300245422002480B586B000AFF8604E
:101BB000B9607A603B6000237B617B69042B0ADC9F
:101BC0001C4A7B6952F82330184610F0E7F87B690D
:101BD00001337B61F1E7184818F054FE174B0022DF
:101BE0001A60F9680020FFF765FFB9680820FFF761
:101BF00061FF79681020FFF75DFF39681820FFF753
:101C000059FF396A2020FFF755FF0D4B00221A605B
:101C10000B4B1B680B4A13600B4B00221A600A4BDC
:101C20001B680A4A13600A4B0A4A1A6000BF183739
:101C3000BD4680BD00000024A4230024942300247A
:101C400034D3012438D3012430D3012428D30124F0
:101C50003CE30124E516000890B5B1B002AF78600E
:101C600039607868FEF735FF0346413B352B00F2BB
:101C7000668401A252F823F017220008C924000844
:101C8000A91E00083F250008951E0008451E0008F3
:101C9000152300083F250008511D00083F250008B6
:101CA0003F250008B92300082D2400083F2500081F
:101CB0003F250008C52000083F25000849230008EB
:101CC000151F0008551F0008C122000899210008AF
:101CD0003F2500083F2500083F2500083F25000854
:101CE0003F2500083F2500083F2500083F25000844
:101CF0003F2500083F2500083F2500083F25000834
:101D00003F250008A11D00083F2500083F250008C9
:101D10003F2500083F2500083F2500083F25000813
:101D20003F2500083F2500083F2500083F25000803
:101D30003F2500083F2500083F2500083F250008F3
:101D40003F2500083F2500083F250008D321000853
:101D5000692138680CF0E0FD2022764938680CF0E3
:101D600085FDA52138680CF04FFD734B5B68194663
:101D700038680CF05CFD704B9B68194638680CF0B5
:101D800056FDFFF729F90346194638680CF04FFD58
:101D9000012138680CF038FD38680CF0D8FDD5E327
:101DA00078680CF0DDFFC7F8B400D7F8B430634AA8
:101DB00012685A40624B1340002B05D0D7F8B4206C
:101DC0005F4B13405D4A1360D7F8B430C3F30B0385
:101DD000C7F8B4300023C7F8B030D7F8B0301F2BA5
:101DE00011DC78680CF03CFF0346D9B2D7F8B43068
:101DF0005A1CC7F8B420534AD154D7F8B030013335
:101E0000C7F8B030E9E7D7F8B430C3F30B03002BC1
:101E100008D14A4B1B6819134FF48053494A4A486A
:101E200012F0F9FF4F2138680CF076FD38680CF09D
:101E30008EFD424B1B681B13FF2B40F08483FFF782
:101E40004FF980E378680CF08BFFF8610023C7F846
:101E5000AC30D7F8AC301F2B10DC78680CF000FFEA
:101E60000346D9B2374AD7F8AC3013440A461A7041
:101E7000D7F8AC300133C7F8AC30EAE73149F8693C
:101E800011F080FA662138680CF046FD38680CF0D5
:101E90005EFD5BE311F056FA652138680CF03CFDFD
:101EA00038680CF054FD51E378680CF059FFB861C4
:101EB000BB69002B01D1FFF735FABB69002B21DB91
:101EC000BB69224A93421DDC2148FFF70FF8024606
:101ED000BB6913447B610023C7F8A830D7F8A8304A
:101EE0001F2B0FDC78680CF0BBFE0146D7F8A8303A
:101EF0007A691344CAB21A70D7F8A8300133C7F808
:101F0000A830EBE7732138680CF006FD38680CF058
:101F10001EFD1BE378680CF0A3FE7864786CFFF775
:101F200029FA732138680CF0F7FC38680CF00FFDC3
:101F30000CE300BFEC380208E0F001249C230024ED
:101F400000F0FFFF3CD30124E05F02247F86010004
:101F5000A423002478680CF083FE03462722194648
:101F6000002000F028FDF86678680CF0EAFE0346D1
:101F700040F6E8421946002000F01DFDB86678687A
:101F80000CF0DFFE034640F6E8421946002000F060
:101F900012FD786678680CF0E3FE386678680CF01D
:101FA0005FFE034603221946002000F004FDF86599
:101FB00078680CF0D5FE0346BC4A1946002000F0B4
:101FC000FAFCB86578680CF0CBFE0346B74A1946B0
:101FD000002000F0F0FC786578680CF041FE386570
:101FE000F96DB348FEF76EFFF8643B6D7A6DB96D1D
:101FF000F86CFEF768FE7B6E002B05D03B6E7A6EA8
:10200000F96CAB4818F032FDFB6E4FF41C7202FB0A
:1020100003F30833A74A13440433BB6474213868BC
:102020000CF07AFCF96E38680CF05DFB0021B86C9E
:10203000FEF708FE0346194638680CF0E5FB01215F
:10204000B86CFEF7FFFD0346194638680CF0DCFB60
:102050000221B86CFEF7F6FD0346194638680CF00D
:10206000D3FBB86C01F02EFA0346194638680CF021
:102070003AFBB96E38680CF0C7FBBB6E002B06DD6F
:10208000BA6E00218A4818F0D9FF034600E0002309
:10209000194638680CF0CBFBF96D38680CF023FB5F
:1020A000FB6C1B68194638680CF0C1FBF86CFEF736
:1020B000E2FE0346194638680CF015FB38680CF050
:1020C00046FC43E278680CF0CBFD03460422194637
:1020D000002000F070FC7863774A7B6B52F8233065
:1020E0003B63502138680CF017FC796B38680CF0B2
:1020F000FAFA3B6B4833184601F0ADFB034619462C
:1021000038680CF0F0FA3B6B48331846FEF7B7FD21
:102110000346194638680CF0E6FA3B6B483318461C
:10212000FEF7B9FD0346194638680CF06DFB3B6BB2
:1021300048331846FEF7BBFD0346194638680CF0D5
:1021400076FB38680CF003FC78680CF089FDF862C7
:10215000FB6A032B40F3F98178680CF081FDB862CB
:1021600078680CF0EEFD7862FB6A042B07D13B6BBC
:1021700048337A6AB96A184601F058FBE5E13B6BCF
:1021800003F1480478680CF0EBFD03467A6AB96AFB
:10219000204601F032FBD8E178680CF0D2FDC7F898
:1021A0008800D7F8880000F0E7F9C7F884007621A6
:1021B00038680CF0B1FBD7F8881038680CF024FBB5
:1021C000D7F8841038680CF032FB38680CF0BFFB8D
:1021D000BCE178680CF0B5FDC7F8900078680CF0A9
:1021E000BFFDC7F88C00D7F88C10D7F8900000F02E
:1021F0004BFA762138680CF08FFBD7F890103868CE
:102200000CF002FBD7F88C1038680CF010FB386823
:102210000CF09DFB9AE178680CF093FDF860612169
:1022200038680CF079FBF96838680CF0EDFA23484F
:1022300000F0DAFB0346194638680CF0E5FA002393
:10224000C7F8A430D7F8A430032B2ADC0023C7F842
:10225000A0301A4800F0D7FB0246D7F8A0309342CE
:10226000B4BF01230023DBB2002B14D0FA68D7F8E7
:10227000A43013441A46D7F8A010104800F0CEFB43
:102280000346194638680CF0BFFAD7F8A03001337E
:10229000C7F8A030DDE7D7F8A4300133C7F8A43081
:1022A000D0E738680CF053FB50E100BF9F86010077
:1022B000A4230024E0F00124000000243C020024B8
:1022C00078680CF08DFCC7F8800078680CF088FC0A
:1022D000F86778680CF084FCB86778680CF080FCCC
:1022E000786778680CF07CFC386778680CF038FD0B
:1022F0000346984A136078680CF032FD0346964A0C
:1023000013603B6F00937B6FBA6FF96FD7F8800053
:10231000FFF74AFC752138680CF0FEFA8F4B1B68FA
:10232000194638680CF0DFF98D4B1B681946386880
:102330000CF07DFA8B4B1B68194638680CF064FA78
:1023400038680CF004FB01E178680CF049FC0346A6
:1023500087F84330844B1B7897F843209A422BD060
:10236000814A97F8433013700023C7F89C30D7F8A0
:102370009C30182B20DC78680CF0E3FCF863D7F86D
:102380009C304FF41C7202FB03F30833774A13446A
:102390000433BB63B86BFEF728FC0346002B05D063
:1023A00000230322F96BB86BFEF7F8FBD7F89C30DB
:1023B0000133C7F89C30DAE7722138680CF0ACFAC8
:1023C000012200216A4818F039FE03461946386890
:1023D0000CF089F90023C7F89830D7F89830182BFB
:1023E00020DCD7F898304FF41C7202FB03F308335B
:1023F0005E4A134404333B62386AFEF7F6FB034639
:10240000002B04D0386AFEF72EFC034600E00023C0
:10241000194638680CF0F8F9D7F898300133C7F846
:102420009830DAE738680CF092FA8FE06D2138685E
:102430000CF072FA4F4BB3F95430194638680CF06F
:10244000E3F94C4BB3F95630194638680CF0DCF917
:10245000484BB3F95830194638680CF0D5F9454B5C
:10246000B3F95031194638680CF0CEF9414BB3F945
:102470005231194638680CF0C7F93E4BB3F9543164
:10248000194638680CF0C0F93A4BB3F94430194694
:1024900038680CF0B9F9374BB3F94630194638684B
:1024A0000CF0B2F9334BB3F94830194638680CF0E8
:1024B000ABF9304BB3F94A30194638680CF0A4F93F
:1024C00038680CF044FA41E0622138680CF024FAD4
:1024D00001220021264818F0B1FD0346194638684C
:1024E0000CF001F90023C7F89430D7F89430182B7A
:1024F00021DCD7F894304FF41C7202FB03F308334D
:102500001A4A134404333B613869FEF76EFB0346F5
:10251000002B05D002213869FEF794FB034600E04A
:102520000023194638680CF06FF9D7F8943001335E
:10253000C7F89430D9E738680CF009FA06E0386833
:102540000CF0D7F902E000BF00E000BF00BFBC37CD
:10255000BD4690BD24D301242CD3012438D30124BB
:1025600034D3012430D3012440E30124E0F00124DA
:10257000A42300248061022480B582B000AF78607B
:102580007B68632B11DD7B688B2B0EDC7B68643BE7
:102590004FF41C7202FB03F30833384A134404332C
:1025A0001846FEF760FB034664E07B68132B60D897
:1025B00001A252F823F000BF092600087326000884
:1025C0000D260008732600087326000873260008ED
:1025D0007326000873260008732600087326000877
:1025E00017260008212600082B260008352600089B
:1025F0003D260008432600084B2600085326000805
:102600005B26000863260008A52333E01C48FEF77C
:102610009FFC03462EE01B48FEF7BAFC034629E068
:102620001848FEF7C1FC034624E01648FEF7C8FC34
:1026300003461FE0134B93F860301BE0114B1B6DFA
:1026400018E0104BB3F9443014E00E4BB3F94630A8
:1026500010E00C4BB3F948300CE00A4BB3F94A30A8
:1026600008E0084BD3ED107AFDEEE77A17EE903ACA
:1026700000E0002318460837BD4680BDE0F0012485
:10268000002002408061022480B483B000AF7860F3
:10269000396000BF0C37BD465DF8047B7047000011
:1026A00080B582B000AF78607A680021034818F0E6
:1026B000C5FC034618460837BD4680BDA423002448
:1026C00090B585B000AF786039607B68002B11DB76
:1026D0007B68272B0EDC7B684FF41C7202FB03F334
:1026E0000833214A134404331846FEF76DFA0346B3
:1026F000002B01D0012300E00023002B01D0002398
:102700002DE07B684FF41C7202FB03F30833164A7A
:10271000134404331846FEF77DFAF860FB68002B7B
:1027200002DBFB68042B01DD002318E00F4AFB6885
:1027300052F8233003F148047B684FF41C7202FB0B
:1027400003F30833084A134404331846FEF76EFABD
:1027500003463A681946204601F068F801231846F6
:102760001437BD4690BD00BFE0F0012400000024F6
:1027700090B587B000AFF860B9607A60FB68002B55
:1027800011DBFB68272B0EDCFB684FF41C7202FB8D
:1027900003F30833204A134404331846FEF714FAAF
:1027A0000346002B01D0012300E00023002B01D0C1
:1027B00000232DE0FB684FF41C7202FB03F3083387
:1027C000154A134404331846FEF724FA78617B69EE
:1027D000002B02DB7B69042B01DD002318E00F4A8C
:1027E0007B6952F8233003F14804FB684FF41C72F4
:1027F00002FB03F30833084A134404331846FEF778
:1028000015FA01467B68BA68204600F0F6FF0123FE
:1028100018461C37BD4690BDE0F00124000000249E
:1028200090B587B000AFF860B9607A60FB68002BA4
:1028300011DBFB68272B0EDCFB684FF41C7202FBDC
:1028400003F308332E4A134404331846FEF7BCF949
:102850000346002B01D0012300E00023002B01D010
:10286000002348E0FB684FF41C7202FB03F30833BB
:10287000234A134404331846FEF7CCF978617B6988
:10288000002B02DB7B69042B01DD002333E01D4AB2
:102890007B6952F8233048333B61386900F0DBFF35
:1028A0000346002B1BD03869FEF7F5F90246BB68DA
:1028B000934214D1FB684FF41C7202FB03F30833FC
:1028C0000F4A134404331846FEF7B0F9044638693A
:1028D000FEF7D5F903469C4201D1012300E0002315
:1028E000002B07D03869FEF7E2F902467B681A60D0
:1028F000012300E0002318461C37BD4690BD00BFF1
:10290000E0F001240000002480B485B000AFF8603E
:10291000B9607A60FA68BB689A4205DCBA687B687D
:102920009A4201DC012300E0002318461437BD461B
:102930005DF8047B704780B584B000AF7860396083
:102940007A6842F2100313441A68796842F2140359
:102950000B441B689A422ADA7A6842F21003134445
:102960001B689B00BB600023FB60FB68032B13DC30
:102970003B687A68F96852F821201046984701466A
:10298000BA68FB681A4409B27B68083223F812104F
:10299000FB680133FB60E8E77A6842F210031344F6
:1029A0001B685A1C796842F210030B441A6000BF7E
:1029B0001037BD4680BD80B485B000AFF860B96007
:1029C0007A60BA68FB689A4207DBBA687B689A4209
:1029D00001DD7B6802E0BB6800E0FB681846143745
:1029E000BD465DF8047B704780B483B000AF78606B
:1029F0007A6842F2100313441B6818460C37BD4630
:102A00005DF8047B704780B483B000AF7860042326
:102A100018460C37BD465DF8047B704780B485B01E
:102A200000AFF860B9607A607B689A00BB681A44AE
:102A3000FB68083233F9123018461437BD465DF88A
:102A4000047B704780B582B000AF786039607B68E6
:102A5000012B1FD13B684FF6FF7293421AD10F48EA
:102A600015F06CF90E490F480FF07BF90E490F482D
:102A70000FF077F90E490F480FF073F90E490F4820
:102A80000FF06FF90E490F480FF06BF90E490F4820
:102A90000FF0F8FC00BF0837BD4680BDA42300241A
:102AA000007C004044E3012400440040FCE5012494
:102AB00000780040B4E80124004C00406CEB012495
:102AC0000050004024EE012400100140DCF00124FD
:102AD00080B582B000AF7860054A7B681A607B6879
:102AE0001846FEF703F87B6818460837BD4680BDD8
:102AF0003401040880B582B000AF78607868FFF7D1
:102B0000E7FF0C2178681DF011FC7B681846083738
:102B1000BD4680BD80B500AF4FF6FF710120FFF7C5
:102B200091FF80BD80B582B000AF78603960786871
:102B300010F02DFF02463B681A6000BF0837BD4603
:102B400080BD80B582B000AF786039607B6819467F
:102B50003868FFF7E7FF7B68043319463868FFF7EA
:102B6000E1FF00BF0837BD4680BDB0B582B000AF01
:102B700078607B680C3327241D46002C07DB00217E
:102B8000284600F049F905F51C75013CF5E77B681E
:102B900018460837BD46B0BD80B586B000AF786036
:102BA00039607B6819463868FFF7BCFF7B681B6893
:102BB000052B25D17B68043319463868FFF7B2FF2F
:102BC0007B68083319463868FFF7ACFF7B680C3325
:102BD00028221946386800F0B5F87A6846F28C1356
:102BE000134440221946386800F0CBF87A6846F260
:102BF0008C33134440221946386800F0C2F89DE037
:102C00007B681B68042B3AD17B680433194638680B
:102C1000FFF788FF7B68083319463868FFF782FFA3
:102C20007B680C3328221946386800F08BF87A68E4
:102C300046F28C13134440221946386800F0A1F87C
:102C400000237B617B693F2B78DC7A687B6903F624
:102C50007143DB00134400229A607A687B6903F6B3
:102C60007143DB0013449A6879687B6903F671430A
:102C7000DB000B445A607B6901337B61E2E77B68D0
:102C800005221A607B6800225A607B6800229A60E5
:102C900000233B613B69272B12DC3B694FF41C721C
:102CA00002FB03F308337A681344181D0023002243
:102CB00047F6FF71FDF75CFF3B6901333B61E9E7D4
:102CC0000023FB60FB683F2B19DC7A68FB6803F686
:102CD0003143DB00134400229A607A68FB6803F6F4
:102CE0003143DB0013449A687968FB6803F631438B
:102CF000DB000B445A60FB680133FB60E2E7002312
:102D0000BB60BB683F2B19DC7A68BB6803F6714374
:102D1000DB00134400229A607A68BB6803F67143B3
:102D2000DB0013449A687968BB6803F67143DB00E3
:102D30000B445A60BB680133BB60E2E700BF183741
:102D4000BD4680BD80B586B000AFF860B9607A60DE
:102D500000237B617A697B689A420EDA7B694FF4C3
:102D60001C7202FB03F3BA681344F968184600F0BA
:102D700087FD7B6901337B61ECE700BF1837BD46F7
:102D800080BD80B586B000AFF860B9607A6000237E
:102D90007B617A697B689A420BDA7B69DB00BA68EF
:102DA0001344F9681846FFF7CCFE7B6901337B6159
:102DB000EFE700BF1837BD4680BD000080B582B088
:102DC00000AF786039607B68012B07D13B684FF614
:102DD000FF72934202D10348FFF7C7FE00BF0837D6
:102DE000BD4680BDE0F0012480B500AF4FF6FF7115
:102DF0000120FFF7E3FF80BD80B582B000AF7860AF
:102E00003960786810F0E0FD02463B681A6000BF48
:102E10000837BD4680BD000080B485B000AF786043
:102E200039607B683A681A607B6800225A607B6868
:102E300000229A607B68002283F848207B680D4A54
:102E4000C3F86C220023FB60FB68022B0ADC7B6862
:102E50000022DA627B68DA6A7B68DA60FB68013339
:102E6000FB60F1E77B6818461437BD465DF8047BCC
:102E7000704700BF2449020880B483B000AF786077
:102E80007B685B6E002B18D07B689B6E591C7A6840
:102E900091667A6834335B001344B3F904301A4600
:102EA0007B68DA607B689B6EDAB27B689A667B68C7
:102EB0005B6E5A1E7B685A6638E07B681B6E002B7F
:102EC00009D07B681B6E5A1E7B681A667B68DA6CB9
:102ED0007B68DA602AE07B68DB6D002B1FD07B68A3
:102EE000DB6D5A1E7B68DA657B685A6D7B689B6D6B
:102EF0001A447B685A657B68DA6C7B681B6D79685D
:102F0000D1F86C027968496D091289000144096899
:102F100001FB03F39B121A447B68DA6006E07B68CE
:102F2000DA6C7B681B6D1A447B68DA607B68DB684F
:102F3000B3F5FA4F06DA7B68DA687B689B6A1A4455
:102F40007B68DA6000BF0C37BD465DF8047B7047D4
:102F500080B483B000AF786039607B68DB6C3A681E
:102F6000D21A7B681A6500BF0C37BD465DF8047B3A
:102F7000704780B485B000AFF860B9607A603B609C
:102F8000FB6800225A66FB68BA68C3F86C227B684B
:102F9000B3F5FA4F3CDA3B68002B39DDFB68DB6C9C
:102FA000B3F5FA4F04DBFB681A69FB68DA641EE0CC
:102FB000FB68DB6D002B13D0FB68DA6CFB681B6DC4
:102FC000F968D1F86C02F968496D09128900014469
:102FD000096801FB03F39B121A44FB68DA6406E0FC
:102FE000FB68DA6CFB681B6D1A44FB68DA64FB68EB
:102FF000DB6C7A68D21AFB681A65FB6800225A6596
:103000004FF480223B6892FBF3F2FB689A6509E07B
:1030100000233B603B68BB61FB687A68DA64FB684D
:1030200000221A65FB68BA691A66FB683A68DA65B5
:1030300000BF1437BD465DF8047B704780B48BB089
:1030400000AFF860B9607A60FB680022DA65FB685F
:10305000DA6DFB681A66FB685A6E7B681344FF2BB7
:1030600002DC7B68002B01DC002375E0BB68B3F554
:10307000FA4F57DAFB685B6E002B08D0FB68DA6CFE
:10308000FB681B6D1344BA68D31A7B6217E0FB68B8
:10309000DA6CFB681B6D1A44FB68DA64FB68DB6C56
:1030A000B3F5FA4F03DBFB681A69FB68DA64FB6867
:1030B00000221A65FB68DB6CBA68D31A7B627A6AF5
:1030C0007B6892FBF3F3BB6100233B623A6A7B6847
:1030D0009A423ADAFB689A6EFB685B6E581CF96894
:1030E00048661344DBB27B61FB68DB6C9AB2FB6819
:1030F0001B6D9BB213449AB23B6A013399B2BB6910
:103100009BB211FB03F39BB213449BB219B2FA6852
:103110007B6934335B0013440A469A803B6A01336F
:103120003B62D3E7FB689A6EFB685B6E581CF968DC
:1031300048661344DBB2FB61BB6819B2FA68FB69ED
:1031400034335B0013440A469A80FB68DB6CBA6830
:10315000D21AFB681A65012318462C37BD465DF864
:10316000047B704780B487B000AFF8600B467A608C
:103170007B81FB680022DA65FB68DA6DFB681A6602
:10318000FB685A6E7B681344FF2B02DC7B68002BC4
:1031900001DC00232CE0FB689A6EFB685B6E134435
:1031A0007B61FB685A6E7B681A44FB685A667B68D1
:1031B0005A1E7A60002B14BF01230023DBB2002BC0
:1031C0000ED07B69DBB27B61B7F90A107B695A1CB0
:1031D0007A61FA6834335B0013440A469A80E6E762
:1031E000B7F90A20FB68DA64FB6800221A6501233C
:1031F00018461C37BD465DF8047B704780B487B025
:1032000000AFF8607A603B600B467B81FB68002270
:10321000DA65FB68DA6DFB681A66FB685A6E3B6814
:103220001344FF2B02DC3B68002B01DC002336E05B
:10323000FB689A6EFB685B6E13447B61FB685A6E99
:103240003B681A44FB685A663B685A1E3A60002B7A
:1032500014BF01230023DBB2002B18D07B685A1C5B
:103260007A6093F900309AB27B8913449BB27B81D8
:103270007B69DBB27B61B7F90A107B695A1C7A6102
:10328000FA6834335B0013440A469A80DCE7B7F9E6
:103290000A20FB68DA64FB6800221A6501231846DD
:1032A0001C37BD465DF8047B704780B487B000AF23
:1032B000F8607A603B600B467B81FB680022DA6530
:1032C000FB68DA6DFB681A66FB685A6E3B6813444C
:1032D000FF2B02DC3B68002B01DC00233FE0FB6896
:1032E0009A6EFB685B6E13447B61FB685A6E3B68A9
:1032F0001A44FB685A663B685A1E3A60002B14BF9A
:1033000001230023DBB2002B21D07B685A1C7A609A
:103310001B787B827B685A1C7A601B781B021AB26E
:103320007B8A13437B827A897B8A13449BB27B819D
:103330007B69DBB27B61B7F90A107B695A1C7A6141
:10334000FA6834335B0013440A469A80D3E7B7F92E
:103350000A20FB68DA64FB6800221A65012318461C
:103360001C37BD465DF8047B7047000080B489B00F
:1033700000AFF8607B600B467B8113463B81FB68A6
:103380000022DA65FB68DA6DFB681A66FB685A6E24
:103390007B681344FF2B02DC7B68012B01DC0023DC
:1033A0005CE0B7F90820B7F90A30D31A7B61002333
:1033B000FB614FF480627B6892FBF3F33B61FB6837
:1033C0009A6EFB685B6E1344BB61FB685A6E7B6848
:1033D0001A44FB685A667B68013B7B607B685A1E17
:1033E0007A60002B14BF01230023DBB2002B1DD019
:1033F000FA693B691344FB61BB69DBB2BB611A4AE2
:10340000FB6952F823307A6902FB03F39B129AB2EC
:103410007B8913449BB219B2BB695A1CBA61FA6822
:1034200034335B0013440A469A80D7E7BB69DBB2AA
:10343000BB61FA68BB6934335B0013443A899A80F4
:10344000FA68BB6934335B001344B3F904301A469D
:10345000FB68DA64FB6800221A65012318462437EA
:10346000BD465DF8047B70472449020880B483B0F0
:1034700000AF78607B6800229A617B685B6E002BEE
:1034800003D07B6800225A6616E07B68DB6D002B58
:1034900012D07B681B6D7A68D2F86C127A68526D14
:1034A000121292000A44126802FB03F39A127B681C
:1034B0001A657B680022DA6500BF0C37BD465DF8EF
:1034C000047B704780B483B000AF78607B6893F86A
:1034D0004830002B01D0012300E0002318460C37B0
:1034E000BD465DF8047B704780B582B000AF786060
:1034F0007B681B68012B15D17B68DA687B68DA6210
:103500007B681A6B7B681A617B685A6B7B685A61AF
:103510007B6800229A617B680022DA617B68002266
:103520001A626CE07B681B68022B1CD17B68DA682E
:103530007B68DA627B685A6A7B685A647B681A6BBC
:103540007B681A617B689A6B7B689A617B68DA6B2F
:103550007B68DA617B685A6B7B685A617B681A6C9E
:103560007B681A624BE07B681B68032B0CD17B687D
:10357000DA6A7B68DA607B681A6B7B681A617B6841
:103580005A6B7B685A613AE07B681B68142B36D112
:103590007B685B6B012B1BD17B6803F10C027B68A2
:1035A0002C331946104600F090F97B6803F11002A5
:1035B0007B6830331946104600F087F97B6803F1C9
:1035C00014027B6834331946104600F07EF916E089
:1035D0007B68DA687B68DA627B681A697B681A63E1
:1035E0007B685A697B685A637B6800225A617B68F2
:1035F0005A697B681A617B681A697B68DA607B6844
:1036000093F849207B6883F8482000BF0837BD46FF
:1036100080BD80B584B000AFF860B9607A60FB68A7
:103620001B68012B0BD1FB689968FB68DB6A1A46A3
:10363000B8680BF0D0F97B6806221A6053E0FB688B
:103640001B68022B0CD1FB689968FB68DA6AFB687F
:103650005B6CB8680BF0D5F97B6809221A6042E010
:10366000FB681B68032B09D1FB689B681946B86887
:103670000BF0E2F97B6808221A6034E0FB681B68F3
:10368000142B20D1FB685B6B032B1CDDFB685B6B91
:10369000042B0BD1FB689968FB68DB6A1A46B86893
:1036A0000BF0F6F97B6806221A601CE0FB6899684B
:1036B000FB68DA6AFB681B6BB8680BF0CEF97B68B5
:1036C00006221A600FE0FB681B68152B0BD1FB6804
:1036D0009968FB68DA68FB681B69B8680BF0EEF95B
:1036E0007B6806221A60FB68002283F8492000BF2D
:1036F0001037BD4680BD90B585B002AF78603960A7
:103700007B681B68012B0CD138680BF01AFB024652
:103710007B681A6338680BF014FB02467B685A63B7
:1037200063E07B681B68022B18D17B682C33191D62
:103730007B682C3303F108007B682C3303F10C0405
:103740007B682C3310337A682C3214320192009348
:103750002346024638680BF076FB46E07B681B6820
:10376000032B12D138680BF0ECFA02467B68DA6260
:1037700038680BF0E6FA02467B681A6338680BF08B
:10378000E0FA02467B685A632FE07B681B68142BC3
:103790001ED17B685B6B042B09D138680BF0E0FA13
:1037A00002467B681A637B6801225A631DE07B68CE
:1037B0001C6B38680BF0D4FA03469C420CBF012303
:1037C0000023DBB2002B10D07B6802225A630CE08E
:1037D0007B681B68152B08D138680BF0C1FA0246CC
:1037E0007B685A617B680022DA607B68012283F87B
:1037F000492000BF0C37BD4690BD80B485B000AFF6
:10380000F860B9607A603B60FB6805225A61FB682A
:103810003A681A61FB687A68DA60FB68BA689A608D
:1038200000BF1437BD465DF8047B704780B485B097
:1038300000AFF860B9607A60FB6804225A61FB68E7
:103840007A68DA60FB68BA689A6000BF1437BD46D0
:103850005DF8047B704780B485B000AF78607B680A
:103860005B69FB607B685B69022B02DC7B68002282
:103870005A61FB6818461437BD465DF8047B7047F3
:1038800080B582B000AF786039607B6819463868CF
:10389000FFF7B2FA7B68043319463868FFF7ACFAD1
:1038A0007B68083319463868FFF7A6FA00BF083767
:1038B000BD4680BD80B483B000AF78607B68184699
:1038C0000C37BD465DF8047B704780B584B000AF0F
:1038D000786039607868FFF7EDFF03461B68FB608E
:1038E0003868FFF7E7FF03461A687B681A6007F13C
:1038F0000C031846FFF7DEFF03461A683B681A60A0
:1039000000BF1037BD4680BD80B400AF044BDB68FC
:103910001B0A03F007031846BD465DF8047B704799
:1039200000ED00E080B483B000AF0346FB80B7F940
:103930000630002B0BDBFB8803F01F020749B7F9A9
:1039400006305B09012000FA02F241F8232000BF93
:103950000C37BD465DF8047B704700BF00E100E016
:1039600080B483B000AF0346FB80B7F90630002B6C
:1039700012DBFB8803F01F020A49B7F906305B0926
:10398000012000FA02F2203341F82320BFF34F8FC9
:1039900000BFBFF36F8F00BF00BF0C37BD465DF89F
:1039A000047B704700E100E080B483B000AF0346C1
:1039B0003960FB80B7F90630002B0ADB3B68DAB2CE
:1039C0000C49B7F906301201D2B20B4483F8002338
:1039D0000AE03B68DAB20849FB8803F00F03043BB6
:1039E0001201D2B20B441A7600BF0C37BD465DF807
:1039F000047B704700E100E000ED00E080B489B096
:103A000000AFF860B9607A60FB6803F00703FB6100
:103A1000FB69C3F10703042B28BF0423BB61FB69C7
:103A20000433062B02D9FB69033B00E000237B61D2
:103A30004FF0FF32BB6902FA03F3DA43BB681A4066
:103A40007B699A404FF0FF317B6901FA03F3D94358
:103A50007B680B40134318462437BD465DF8047B52
:103A6000704780B487B000AF786039603B68C3F3BB
:103A70001303002B07D13B689B0E03F01F030122A9
:103A800002FA03F315E03B683B613B6993FAA3F349
:103A9000FB60FB687B617B69002B01D1202303E085
:103AA0007B69B3FA83F3DBB203F01F03012202FA4E
:103AB00003F37A68D2691A437B68DA6100BF1C3766
:103AC000BD465DF8047B704780B487B000AFF860F6
:103AD000B9607A60FB6830331A46BB681B0A9B00EA
:103AE00003F00C0313447B617B691A68BB6803F025
:103AF0001F031F2101FA03F3DB431A407B689B0E6F
:103B000003F01F01BB6803F01F0301FA03F31A431C
:103B10007B691A6000BF1C37BD465DF8047B7047A7
:103B200080B487B000AFF860B9607A60FB68143386
:103B30001A46BB685B0E9B0003F0040313447B61D1
:103B40007B691A68BB681B0D03F01F03072101FA8C
:103B500003F3DB431A40BB681B0D03F01F037968B6
:103B600001FA03F31A437B691A6000BF1C37BD4694
:103B70005DF8047B7047000080B485B000AFF8604A
:103B8000B9607A60FB68D3F8C020BB68C3F3130345
:103B9000DB431A407B6803F018030849D940BB682F
:103BA0000B40C3F313031A43FB68C3F8C02000BFE4
:103BB0001437BD465DF8047B704700BFFFFF0F0060
:103BC00080B483B000AF786039607B681A69064BB7
:103BD00013403A681A437B681A6100BF0C37BD4630
:103BE0005DF8047B704700BFFCFBFFFF80B483B02F
:103BF00000AF78607B689A68044B13407A689360E2
:103C000000BF0C37BD465DF8047B7047C0FFFF5F07
:103C100080B483B000AF78607B689A68054B13402E
:103C200043F080527B689A6000BF0C37BD465DF858
:103C3000047B7047C0FFFF6F80B483B000AF786033
:103C40007B689A68054B134043F001027B689A60D9
:103C500000BF0C37BD465DF8047B7047C0FFFF7F97
:103C600080B483B000AF78607B689A68054B1340DE
:103C700043F004027B689A6000BF0C37BD465DF8D4
:103C8000047B7047C0FFFF7F80B483B000AF7860D3
:103C900039607B681A683B6803F01003022101FA5F
:103CA00003F31A437B681A6000BF0C37BD465DF80A
:103CB000047B704780B487B000AFF860B9607A6069
:103CC000FB687B610D4ABB6813441B781A467B690D
:103CD00013441B6823F0C0020849BB680B441B78DF
:103CE00019467B690B4419467B6813430B6000BF80
:103CF0001C37BD465DF8047B704700BF2859020899
:103D000080B487B000AFF860B9607A60FB687B610F
:103D10000D4ABB6813441B781A467B6913441B6821
:103D200023F490720849BB680B441B7819467B69E1
:103D30000B4419467B6813430B6000BF1C37BD461C
:103D40005DF8047B704700BF2859020880B487B033
:103D500000AFF860B9607A60FB687B610D4ABB68B0
:103D600013441B781A467B6913441B6823F40072C2
:103D70000849BB680B441B7819467B690B441946FC
:103D80007B6813430B6000BF1C37BD465DF8047BA6
:103D9000704700BF2859020880B487B000AFF860B0
:103DA000B9607A60FB687B610D4ABB6813441B787D
:103DB0001A467B6913441B6823F480620849BB6878
:103DC0000B441B7819467B690B4419467B681343E7
:103DD0000B6000BF1C37BD465DF8047B704700BF19
:103DE0002859020880B487B000AFF860B9607A60E3
:103DF000FB687B610D4ABB6813441B781A467B69DC
:103E000013441B6823F4C0520849BB680B441B7859
:103E100019467B690B4419467B6813430B6000BF4E
:103E20001C37BD465DF8047B704700BF2859020867
:103E300080B487B000AFF860B9607A60FB687B61DE
:103E40000D4ABB6813441B781A467B6913441B68F0
:103E500023F4C0420849BB680B441B7819467B69B0
:103E60000B4419467B6813430B6000BF1C37BD46EB
:103E70005DF8047B704700BF2859020880B487B002
:103E800000AFF860B9607A60FB687B610D4ABB687F
:103E900013441B781A467B6913441B6823F4403291
:103EA0000849BB680B441B7819467B690B441946CB
:103EB0007B6813430B6000BF1C37BD465DF8047B75
:103EC000704700BF2859020880B485B000AFF86081
:103ED000B9607A60BA68124B13449B00FA681149C2
:103EE0008A4201D1002200E0202213441B6823F003
:103EF000FF02B9680A4B0B449B00F96809488142EC
:103F000001D1002100E020210B4419467B681343B6
:103F10000B6000BF1437BD465DF8047B704700BFDF
:103F2000008200100000024080B485B000AF7860CD
:103F300039607B68FB600C4A3B6813441B781A4667
:103F4000FB6813445B6908493A680A4412781146D1
:103F5000FA680A4423F00403536100BF1437BD46D6
:103F60005DF8047B704700BF2859020880B487B011
:103F700000AFF860B9607A603B60FB687B610E4A15
:103F8000BB6813441B781A467B6913445B6923F0B2
:103F9000070279683B680B430748B9680144097810
:103FA00008467969014413434B6100BF1C37BD4685
:103FB0005DF8047B704700BF2859020880B487B0C1
:103FC00000AFF860B9607A60FB687B61074ABB6844
:103FD00013441B781A467B6913441A467B68936026
:103FE00000BF1C37BD465DF8047B704728590208A6
:103FF00080B400AF054B1B68044A43F48033136060
:1040000000BFBD465DF8047B704700BF0044025806
:1040100080B400AF074B1B6803F40033B3F5003FD7
:1040200001D1012300E000231846BD465DF8047B62
:10403000704700BF0044025880B483B000AF78607E
:10404000064B1B6923F0070204497B6813430B618D
:1040500000BF0C37BD465DF8047B70470044025832
:1040600080B483B000AF7860064B9B6923F4706224
:1040700004497B6813438B6100BF0C37BD465DF874
:10408000047B70470044025880B483B000AF78606E
:10409000064B9B6923F00F0204497B6813438B6135
:1040A00000BF0C37BD465DF8047B704700440258E2
:1040B00080B483B000AF7860064BDB6923F07002F8
:1040C00004497B681343CB6100BF0C37BD465DF8E4
:1040D000047B70470044025880B483B000AF78601E
:1040E000064BDB6923F4E06204497B681343CB6130
:1040F00000BF0C37BD465DF8047B70470044025892
:1041000080B483B000AF7860064B9B6923F07002E7
:1041100004497B6813438B6100BF0C37BD465DF8D3
:10412000047B70470044025880B483B000AF7860CD
:10413000064B1B6A23F0700204497B6813430B6231
:1041400000BF0C37BD465DF8047B70470044025841
:1041500080B485B000AF78607B68DAB2104B13444E
:10416000FB60FB681A687B68190E7B681B0A03F00A
:104170001F0301FA03F3DB431A407B681B0CD9B21F
:104180007B681B0A03F01F0301FA03F31A43FB6861
:104190001A6000BF1437BD465DF8047B704700BF4E
:1041A0004C44025880B582B000AF78607868FFF761
:1041B000CFFF00BF0837BD4680BD80B582B000AFDD
:1041C00078607868FFF7C4FF00BF0837BD4680BD40
:1041D00080B483B000AF7860064B9B6D23F440320F
:1041E00004497B6813438B6500BF0C37BD465DF8FF
:1041F000047B70470044025880B483B000AF7860FD
:10420000064B9B6A23F0030204497B6813438B62CD
:1042100000BF0C37BD465DF8047B70470044025870
:1042200080B400AF054B1B68044A43F080731360F1
:1042300000BFBD465DF8047B704700BF00440258D4
:1042400080B400AF074B1B6803F00073B3F1007F2D
:1042500001D1012300E000231846BD465DF8047B30
:10426000704700BF0044025880B400AF054BDB6AC2
:10427000044A43F48033D36200BFBD465DF8047B3B
:10428000704700BF0044025880B400AF054BDB6AA2
:10429000044A43F40033D36200BFBD465DF8047B9B
:1042A000704700BF0044025880B400AF054BDB6A82
:1042B000044A43F48023D36200BFBD465DF8047B0B
:1042C000704700BF0044025880B483B000AF7860EC
:1042D000074BDB6A23F002027B685B00044913434F
:1042E000CB6200BF0C37BD465DF8047B704700BF52
:1042F0000044025880B483B000AF7860074BDB6A9B
:1043000023F00C027B689B0004491343CB6200BF7F
:104310000C37BD465DF8047B704700BF004402586F
:1043200080B483B000AF7860074B1A6B074B134023
:104330007A68013A044913430B6300BF0C37BD464A
:104340005DF8047B704700BF0044025800FEFFFF89
:1043500080B483B000AF7860074B9B6A23F47C7213
:104360007B681B01044913438B6200BF0C37BD46B9
:104370005DF8047B704700BF0044025880B483B0EE
:1043800000AF7860074B1B6B23F47E427B68013BD8
:104390005B02044913430B6300BF0C37BD465DF855
:1043A000047B70470044025880B483B000AF78604B
:1043B000074B1B6B23F4FE027B68013B1B04044983
:1043C00013430B6300BF0C37BD465DF8047B704799
:1043D0000044025880B483B000AF7860074B1B6B79
:1043E00023F0FE427B68013B1B06044913430B6329
:1043F00000BF0C37BD465DF8047B7047004402588F
:1044000080B400AF054B1B68044A43F0806313601F
:1044100000BFBD465DF8047B704700BF00440258F2
:1044200080B400AF074B1B6803F00063B3F1006F6B
:1044300001D1012300E000231846BD465DF8047B4E
:10444000704700BF0044025880B400AF054BDB6AE0
:10445000044A43F40023D36200BFBD465DF8047BE9
:10446000704700BF0044025880B483B000AF78604A
:10447000074BDB6A23F020027B685B01044913438E
:10448000CB6200BF0C37BD465DF8047B704700BFB0
:104490000044025880B483B000AF7860074BDB6AF9
:1044A00023F0C0027B689B0104491343CB6200BF29
:1044B0000C37BD465DF8047B704700BF00440258CE
:1044C00080B483B000AF7860074B9A6B074B134002
:1044D0007A68013A044913438B6300BF0C37BD4629
:1044E0005DF8047B704700BF0044025800FEFFFFE8
:1044F00080B483B000AF7860074B9B6A23F47C32B2
:104500007B681B03044913438B6200BF0C37BD4615
:104510005DF8047B704700BF0044025880B483B04C
:1045200000AF7860074B9B6B23F47E427B68013BB6
:104530005B02044913438B6300BF0C37BD465DF833
:10454000047B70470044025880B483B000AF7860A9
:10455000074B9B6B23F4FE027B68013B1B04044961
:1045600013438B6300BF0C37BD465DF8047B704777
:104570000044025880B483B000AF7860074B9B6B57
:1045800023F0FE427B68013B1B06044913438B6307
:1045900000BF0C37BD465DF8047B704700440258ED
:1045A00080B400AF054B1B68044A43F0805313608E
:1045B00000BFBD465DF8047B704700BF0044025851
:1045C00080B400AF074B1B6803F00053B3F1005FEA
:1045D00001D1012300E000231846BD465DF8047BAD
:1045E000704700BF0044025880B400AF054BDB6A3F
:1045F000044A43F40003D36200BFBD465DF8047B68
:10460000704700BF0044025880B483B000AF7860A8
:10461000074BDB6A23F400727B685B020449134397
:10462000CB6200BF0C37BD465DF8047B704700BF0E
:104630000044025880B483B000AF7860074BDB6A57
:1046400023F440627B689B0204491343CB6200BFA2
:104650000C37BD465DF8047B704700BF004402582C
:1046600080B483B000AF7860074B1A6C074B1340DF
:104670007A68013A044913430B6400BF0C37BD4606
:104680005DF8047B704700BF0044025800FEFFFF46
:1046900080B483B000AF7860074B9B6A23F07C72D4
:1046A0007B681B05044913438B6200BF0C37BD4672
:1046B0005DF8047B704700BF0044025880B483B0AB
:1046C00000AF7860074B1B6C23F47E427B68013B94
:1046D0005B02044913430B6400BF0C37BD465DF811
:1046E000047B70470044025880B483B000AF786008
:1046F000074B1B6C23F4FE027B68013B1B0404493F
:1047000013430B6400BF0C37BD465DF8047B704754
:104710000044025880B483B000AF7860074B1B6C34
:1047200023F0FE427B68013B1B06044913430B64E4
:1047300000BF0C37BD465DF8047B7047004402584B
:1047400080B485B000AF78600A4BD3F8D82009490F
:104750007B681343C1F8D830064BD3F8D8207B6868
:104760001340FB60FB6800BF1437BD465DF8047B57
:10477000704700BF0044025880B485B000AF786035
:104780000A4BD3F8E02009497B681343C1F8E030B5
:10479000064BD3F8E0207B681340FB60FB6800BF4A
:1047A0001437BD465DF8047B704700BF00440258D3
:1047B00080B485B000AF78600A4BD3F8E82009498F
:1047C0007B681343C1F8E830064BD3F8E8207B68D8
:1047D0001340FB60FB6800BF1437BD465DF8047BE7
:1047E000704700BF0044025880B485B000AF7860C5
:1047F0000A4BD3F8F02009497B681343C1F8F03025
:10480000064BD3F8F0207B681340FB60FB6800BFC9
:104810001437BD465DF8047B704700BF0044025862
:1048200080B483B000AF7860064B1B6823F00F02A2
:1048300004497B6813430B6000BF0C37BD465DF82D
:10484000047B70470020005280B400AF044B1B680B
:1048500003F00F031846BD465DF8047B704700BFA8
:104860000020005280B483B000AF7860064BDB6854
:1048700023F0070204497B681343CB6000BF0C3769
:10488000BD465DF8047B70470048025880B483B091
:1048900000AF7860064B9B6923F4404204497B6873
:1048A00013438B6100BF0C37BD465DF8047B704736
:1048B0000048025880B483B000AF78607B68DB6842
:1048C00043F000427B68DA6000BF0C37BD465DF8FC
:1048D000047B704780B483B000AF786039607B6838
:1048E000DB6823F460123B681A437B68DA6000BF20
:1048F0000C37BD465DF8047B704780B483B000AFD1
:1049000078607B68DB6843F080427B68DA6000BFD8
:104910000C37BD465DF8047B704780B483B000AFB0
:1049200078607B681B6823F080027B681A6000BF98
:104930000C37BD465DF8047B7047000080B485B03D
:1049400000AF786039603B68012B28D03B68042BAE
:1049500023D03B68102B1ED03B68402B19D03B68FE
:10496000B3F5807F13D03B68B3F5806F0DD03B6803
:10497000B3F5805F07D03B68B3F5803F01D10723D3
:104980000EE008230CE006230AE0052308E00423D8
:1049900006E0032304E0022302E0012300E00023F9
:1049A000FB737B6818331946FB7B0A4AD35C0B44C4
:1049B000BB60BB681A68FB7B0749CB5C19460423C4
:1049C0008B401A43BB681A6000BF1437BD465DF8C0
:1049D000047B7047305902083C59020880B485B006
:1049E00000AF786039603B68012B28D03B68042B0E
:1049F00023D03B68102B1ED03B68402B19D03B685E
:104A0000B3F5807F13D03B68B3F5806F0DD03B6862
:104A1000B3F5805F07D03B68B3F5803F01D1072332
:104A20000EE008230CE006230AE0052308E0042337
:104A300006E0032304E0022302E0012300E0002358
:104A4000FB737B6818331946FB7B0A4AD35C0B4423
:104A5000BB60BB681A68FB7B0749CB5C194608231F
:104A60008B401A43BB681A6000BF1437BD465DF81F
:104A7000047B7047305902083C59020880B483B067
:104A800000AF786039607B689A68064B13403A68DB
:104A90001A437B689A6000BF0C37BD465DF8047B03
:104AA000704700BFF8BFFEFF80B483B000AF7860EE
:104AB00039607B685B6823F070023B681A437B684F
:104AC0005A6000BF0C37BD465DF8047B704780B468
:104AD00083B000AF786039607B685B6823F4700254
:104AE0003B681A437B685A6000BF0C37BD465DF8CF
:104AF000047B704780B483B000AF78607B689B68AC
:104B000023F080027B689A6000BF0C37BD465DF8D9
:104B1000047B704780B483B000AF78607B681B680B
:104B200043F001027B681A6000BF0C37BD465DF898
:104B3000047B704780B483B000AF78607B681B68EB
:104B400043F000527B681A6000BF0C37BD465DF829
:104B5000047B704780B489B000AF786039607B68AF
:104B60000833FB60FB6853E8003FBB60BB6823F081
:104B700060423B685B071343FB617B680833FA695B
:104B8000BA617B617969BA6941E800233B613B699D
:104B9000002BE4D100BF00BF2437BD465DF8047B85
:104BA000704780B489B000AF786039607B680833A3
:104BB000FB60FB6853E8003FBB60BB6823F06062AA
:104BC0003B685B061343FB617B680833FA69BA6193
:104BD0007B617969BA6941E800233B613B69002B3D
:104BE000E4D100BF00BF2437BD465DF8047B7047A9
:104BF00080B483B000AF786039607B681B6823F4B1
:104C0000F8123B681B041A437B681A6000BF0C371C
:104C1000BD465DF8047B704780B483B000AF786018
:104C200039607B681B6823F078723B685B051A4328
:104C30007B681A6000BF0C37BD465DF8047B704787
:104C400080B483B000AF78607B689B6843F4804297
:104C50007B689A6000BF0C37BD465DF8047B7047E7
:104C600080B483B000AF786039607B689B6823F4C0
:104C700000423B681A437B689A6000BF0C37BD4610
:104C80005DF8047B704780B483B000AF78607B68C8
:104C90005B6823F490427B685A607B689B6823F0D2
:104CA0002A027B689A6000BF0C37BD465DF8047B22
:104CB000704780B483B000AF78607B68DB6903F431
:104CC0000013B3F5001F01D1012300E000231846B3
:104CD0000C37BD465DF8047B704780B483B000AFED
:104CE00078607B68DB6903F48003B3F5800F01D142
:104CF000012300E0002318460C37BD465DF8047B15
:104D0000704780B483B000AF786039607B683A68E0
:104D10009A6100BF0C37BD465DF8047B704780B4D4
:104D200083B000AF786039603B681A047B689A6191
:104D300000BF0C37BD465DF8047B704780B500AFFF
:104D400001F0E8FD00F02CF800F094F801F010FB01
:104D500001F004FB00F0D2F800F092F900F006FA3E
:104D600000F0FCFA00F0F2FB01F004F900F0ACFDF9
:104D700000F04EFE00F0CAFC00F06EFD00F0ECFE0C
:104D800000F078FF01F01AF801F082F91AF086FDC0
:104D900000F02CFD01F066FA0CF028FCFEE70000A4
:104DA00080B500AF0420FFF73BFD00BFFFF74CFDCF
:104DB0000346042BFAD10220FFF754FD4FF4404084
:104DC000FFF764FDFFF714F900BFFFF721F9034671
:104DD000012BFAD10220FFF70FFAFFF745FAFFF790
:104DE00053FAFFF761FA0120FFF784FA0020FFF77A
:104DF0006BFA0820FFF7ACFA4FF4F070FFF790FA67
:104E00000220FFF7BBFA0820FFF7CEFA0420FFF7D5
:104E1000E1FAFFF705FA00BFFFF712FA0346012B8C
:104E2000FAD10820FFF730F90320FFF705F9002039
:104E3000FFF716F90820FFF727F94020FFF738F9A8
:104E40004FF48060FFF748F94020FFF759F9402000
:104E5000FFF76AF9064807F0A7FF002001F096FD6A
:104E60000346002B01D001F06BFB00BF80BD00BFEB
:104E700000389C1C80B500AFFFF7E6FA0120FFF771
:104E800009FB0020FFF7F0FA0820FFF731FB88202C
:104E9000FFF716FB0820FFF741FB0420FFF754FB48
:104EA0000220FFF767FBFFF7ABFA00BFFFF7B8FA86
:104EB0000346012BFAD1FFF797FB0120FFF7BAFB5E
:104EC0000020FFF7A1FB0820FFF7E2FBC020FFF75F
:104ED000C7FB0220FFF7F2FB0820FFF705FC0620C6
:104EE000FFF718FCFFF75CFB00BFFFF769FB034609
:104EF000012BFAD100BF00BF80BD000080B594B087
:104F000000AF07F1400300221A605A609A6007F16F
:104F1000280300221A605A609A60DA601A615A61A6
:104F200007F1180300221A605A609A60DA603B4663
:104F300000221A605A609A60DA601A615A61002091
:104F4000FFF746F92020FFF7FBFB0420FFF714FCD6
:104F500020233B6003237B6000233B613B461946D3
:104F6000404804F01DFE08233B640023BB6407F1A6
:104F7000400319463C4804F03FFC0023BB62002379
:104F8000FB6200233B634FF400537B634FF4805379
:104F9000FB6307F128031946334804F059FC00214C
:104FA0003148FEF70DFE4FF48013BB610023FB6117
:104FB00007F1180319462D4804F0C6FB2A48FEF7EE
:104FC00015FE2948FEF724FE294B1B689B09294A38
:104FD000A2FB03239A0913469B0013445B001A4665
:104FE000254BA3FB0223DB08FB6402E0FB6C013BC7
:104FF000FB64FB6C002BF9D1204A06211A48FEF70E
:1050000063FD04221D491848FEF78AFD40F2FF7235
:105010001A491548FEF7B0FD18491348FEF721FD5F
:105020001148FEF709FE124B1B689B09114AA2FBAF
:1050300003239A0913469B0013445B001A460E4B48
:10504000A3FB0223DB08FB6402E0FB6C013BFB6477
:10505000FB6C002BF9D10448FEF702FE00BF50376D
:10506000BD4680BD000802580020024000230240D7
:1050700014000024632D3E05CDCCCCCC0001802152
:1050800080B58CB000AF07F1180300221A605A6097
:105090009A60DA601A615A613B4600221A605A60CF
:1050A0009A60DA601A615A614FF00050FFF780FB96
:1050B0000120FFF761FB20233B6003237B6000237B
:1050C0003B613B461946254804F06AFD4422022113
:1050D0002348FEF7F9FE402202212148FEF7EAFDAF
:1050E000002202211E48FEF7C9FE4FF48072022101
:1050F0001B48FEF705FE002202211948FEF726FE96
:105100004FF4806202211648FEF746FE002202217B
:105110001348FEF767FE002202211148FEF788FEC1
:1051200002210F48FEF700FF1C23BB610023FB6137
:1051300000237B620023BB620023FB6207F118039C
:105140001A460849084804F0ECFB06490648FEF7F1
:105150009BFD00BF3037BD4680BD00BF0000025838
:1051600000040240720040350074004080B590B0E9
:1051700000AF07F118032822002118461DF086FB16
:105180003B4600221A605A609A60DA601A615A61DE
:105190006B48FFF712F84FF48050FFF725FB08200B
:1051A000FFF7EAFA0220FFF7E7FA80233B600223C9
:1051B0007B600023BB600023FB6000233B61052371
:1051C0007B613B4619465F4804F0EAFC18233B60CC
:1051D00002237B600023BB600023FB6000233B6154
:1051E00005237B613B461946574804F0D9FC25222C
:1051F00002215648FEF768FE002202215348FEF7BE
:1052000059FD002202215148FEF738FE00220221FA
:105210004E48FEF775FD002202214C48FEF796FD30
:105220004FF4806202214948FEF7B6FD00220221B8
:105230004648FEF7D7FD002202214448FEF7F8FD5C
:1052400002214248FEF770FE262203213F48FEF766
:105250003BFE402203213D48FEF72CFD00220321A6
:105260003A48FEF70BFE002203213848FEF748FDBE
:10527000002203213548FEF769FD4FF480620321C7
:105280003248FEF789FD002203213048FEF7AAFDCF
:10529000002203212D48FEF7CBFD03212B48FEF70A
:1052A00043FEFEF731FB0346002200211846FEF7BD
:1052B000A5FB034619462320FEF776FB2320FEF7C5
:1052C00031FB0023BB614FF48003FB6107233B628A
:1052D00000237B620023BB624FF08063FB624FF0D0
:1052E000A0433B6300237B630023BB630023FB637A
:1052F00007F118031946164805F0A4FB00211448CD
:10530000FFF7E8FA1248FFF7F8FA03230022032117
:105310000E48FEF72BFE0F4A02210C48FEF74EFE08
:105320000D4A03210948FEF749FE2320FEF718FB2A
:105330000748FFF7BFFA00BF4037BD4680BD00BF3A
:10534000040C0007000C0258000402580000024040
:1053500000300140303001402030014080B590B035
:1053600000AF07F118032822002118461DF08EFA1D
:105370003B4600221A605A609A60DA601A615A61EC
:105380006B48FEF71AFF4FF48040FFF711FA042034
:10539000FFF7F2F90220FFF7EFF906233B60022343
:1053A0007B600023BB600023FB6000233B6105237F
:1053B0007B613B4619465F4804F0F2FB4FF4005313
:1053C0003B6002237B600023BB600023FB60002363
:1053D0003B6105237B613B461946574804F0E0FBDF
:1053E000272200215548FEF76FFD00220021534877
:1053F000FEF760FC002200215048FEF73FFD00222E
:1054000000214E48FEF77CFC002200214B48FEF7AD
:105410009DFC4FF4806200214848FEF7BDFC00224D
:1054200000214648FEF7DEFC002200214348FEF73B
:10543000FFFC00214148FEF777FD282201213F486B
:10544000FEF742FD402201213C48FEF733FC0022DA
:1054500001213A48FEF712FD002201213748FEF7EC
:105460004FFC002201213548FEF770FC4FF48062AA
:1054700001213248FEF790FC002201212F48FEF75F
:10548000B1FC002201212D48FEF7D2FC01212B485E
:10549000FEF74AFDFEF738FA0346002200211846BF
:1054A000FEF7ACFA034619462420FEF77DFA2420C5
:1054B000FEF738FA0023BB614FF48003FB6107233A
:1054C0003B6200237B620023BB624FF08063FB6280
:1054D0004FF0A0433B6300237B630023BB630023A7
:1054E000FB6307F118031946154805F0ABFA0021D4
:1054F0001348FFF7EFF91248FFF7FFF903230022E3
:1055000001210E48FEF732FD0E4A00210B48FEF73E
:1055100055FD0D4A01210948FEF750FD2420FEF7F4
:105520001FFA0748FFF7C6F900BF4037BD4680BDE8
:10553000040C000700080258000402580000024052
:1055400000380040303800402038004080B590B02E
:1055500000AF07F118032822002118461DF096F924
:105560003B4600221A605A609A60DA601A615A61FA
:105570006048FEF722FE4FF40050FFF735F9102087
:10558000FFF7FAF84FF483533B6002237B60032359
:10559000BB600023FB6000233B6105237B613B462E
:1055A0001946554804F0FCFA532204215348FEF7EB
:1055B0008BFC002204215148FEF77CFB00220421D1
:1055C0004E48FEF75BFC002204214C48FEF798FB96
:1055D000002204214948FEF7B9FB4FF48062042100
:1055E0004648FEF7D9FB002204214448FEF7FAFBA7
:1055F000002204214148FEF71BFC04213F48FEF72E
:1056000093FC542205213D48FEF75EFC4022052113
:105610003A48FEF74FFB002205213848FEF72EFCE2
:10562000002205213548FEF76BFB00220521334897
:10563000FEF78CFB4FF4806205213048FEF7ACFB8F
:10564000002205212D48FEF7CDFB002205212B4825
:10565000FEF7EEFB05212948FEF766FCFEF754F93C
:105660000346002200211846FEF7C8F903461946F2
:105670005420FEF799F95420FEF754F90023BB613A
:105680004FF48003FB6107233B6200237B6200230E
:10569000BB624FF08063FB624FF000533B6300231B
:1056A0007B630023BB630023FB6307F118031946E8
:1056B000134805F0C7F900211148FFF70BF910480E
:1056C000FFF71BF90323002205210C48FEF74EFCCF
:1056D0000C4A04210948FEF771FC0B4A05210748D2
:1056E000FEF76CFC5420FEF73BF900BF4037BD4687
:1056F00080BD00BF041000070010025800000240E7
:1057000000340140303401402034014080B594B071
:1057100000AF07F13C0300221A605A609A60DA6019
:105720001A6107F11C032022002118461DF0AEF873
:105730003B1D00221A605A609A60DA601A615A6151
:105740000220FFF735F84FF4F073BB8700233B646A
:105750004FF4FA737B640023BB6407F13C031946E2
:10576000204805F07FFA1F48FFF7D7F800211D48B1
:10577000FFF784F910211B48FFF730F96023FB6124
:1057800000233B6200237B620023BB620023FB6299
:1057900007F11C031A461021124805F0F7FA1021F0
:1057A0001048FFF7CBF800210E48FFF77DF90D48B0
:1057B000FFF7A0F90120FEF7DFFF80237B600223C3
:1057C000BB600023FB6000233B6100237B6102235D
:1057D000BB613B1D1946044804F0E2F900BF503795
:1057E000BD4680BD000400400000025880B586B070
:1057F00000AF3B1D00221A605A609A60DA601A619D
:105800000220FEF7F1FF0023BB800023BB6043F6BC
:105810009823FB6000233B6100237B613B1D1946FD
:105820000C4805F01FFA0B48FFF777F800210948EC
:10583000FFF724F920210748FFF736F90021054832
:10584000FFF745F90348FFF755F900BF1837BD4684
:1058500080BD00BF0004014080B586B000AF3B1D95
:1058600000221A605A609A60DA601A614FF4802050
:10587000FEF7BAFFFEF748F803460022002118465B
:10588000FEF7BCF8034619467620FEF78DF8762021
:10589000FEF748F845F6C053BB800023BB6044F6D2
:1058A0002063FB6000233B6100237B613B1D1946A5
:1058B000044805F0D7F90348FFF72FF800BF183761
:1058C000BD4680BD0048014080B58EB000AF07F1F5
:1058D00018032022002118461CF0D8FF3B46002266
:1058E0001A605A609A60DA601A615A614348FEF79A
:1058F00059FC4FF40020FEF75BFF0220FEF73CFF4F
:105900000820FEF739FF4FF480433B6002237B60A1
:105910000023BB600023FB6000233B6108237B6105
:105920003B461946364804F03BF903233B6002230B
:105930007B600023BB600023FB6000233B610823E6
:105940007B613B4619462F4804F02AF9FDF7DCFF3E
:105950000346002200211846FEF750F80346194678
:105960003420FEF721F83420FDF7DCFF0023BB6173
:10597000254BFB6100233B6200237B620023BB625B
:105980000C23FB6200233B6300237B6307F11803B6
:1059900019461E4805F0B4FD1C48FFF751F90021D7
:1059A0001A48FFF75DF901211848FFF735F9012181
:1059B0001648FFF71DF91548FFF7BCF804211348F6
:1059C000FFF7C8F801211148FFF7EBF80F48FFF780
:1059D0005AF90E48FFF79EF800BF0C48FFF769F927
:1059E0000346002BF9D00948FFF777F90346002B4F
:1059F000F3D000BF00BF3837BD4680BD08000007A8
:105A000000040258000C0258C0C62D00004C004093
:105A100080B58EB000AF07F1180320220021184690
:105A20001CF034FF3B4600221A605A609A60DA602C
:105A30001A615A614348FEF7B5FB4FF48010FEF738
:105A4000B7FE0420FEF798FE0220FEF795FE4FF405
:105A500080733B6002237B600023BB600023FB60FC
:105A600000233B6108237B613B461946364804F01E
:105A700097F860233B6002237B600023BB60002318
:105A8000FB6000233B610E237B613B4619462F4898
:105A900004F086F8FDF738FF03460022002118467F
:105AA000FDF7ACFF034619463520FDF77DFF352095
:105AB000FDF738FF0023BB61254BFB6100233B62F0
:105AC00000237B620023BB620C23FB6200233B6349
:105AD00000237B6307F1180319461E4805F010FDEB
:105AE0001C48FFF7ADF800211A48FFF7B9F801216B
:105AF0001848FFF791F801211648FFF779F8154883
:105B0000FFF718F804211348FFF724F80121114882
:105B1000FFF747F80F48FFF7B6F80E48FEF7FAFF11
:105B200000BF0C48FFF7C5F80346002BF9D0094821
:105B3000FFF7D3F80346002BF3D000BF00BF383780
:105B4000BD4680BD08000007000802580004025846
:105B5000C0C62D000050004080B58EB000AF07F1E8
:105B600018032022002118461CF090FE3B4600221C
:105B70001A605A609A60DA601A615A613948FEF711
:105B800011FB4FF08040FEF713FE1020FEF7F4FDEE
:105B90004FF460733B6002237B600023BB600023F3
:105BA000FB6000233B6107237B613B4619462E487F
:105BB00003F0F6FFFDF7A8FE034600220021184679
:105BC000FDF71CFF034619465220FDF7EDFE52205B
:105BD000FDF7A8FE0023BB61244BFB6100233B6261
:105BE00000237B620023BB620C23FB6200233B6328
:105BF00000237B6307F1180319461D4805F080FC5C
:105C00001B48FFF71DF800211948FFF729F801216B
:105C10001748FFF701F801211548FEF7E9FF14487E
:105C2000FEF788FF04211248FEF794FF0121104877
:105C3000FEF7B7FF0E48FFF726F80D48FEF76AFF9C
:105C400000BF0B48FFF735F80346002BF9D0084892
:105C5000FFF743F80346002BF3D000BF00BF3837EF
:105C6000BD4680BD0800000700100258C0C62D00C8
:105C70000078004080B58EB000AF07F118032022F5
:105C8000002118461CF002FE3B4600221A605A60B2
:105C90009A60DA601A615A614348FEF783FA4FF05E
:105CA0000040FEF785FD0820FEF766FD1020FEF798
:105CB00063FD4FF400433B6002237B600023BB6025
:105CC0000023FB6000233B6108237B613B461946B0
:105CD000364803F065FF03233B6002237B6000230B
:105CE000BB600023FB6000233B6108237B613B46D4
:105CF00019462F4803F054FFFDF706FE0346002225
:105D000000211846FDF77AFE034619465320FDF799
:105D10004BFE5320FDF706FE0023BB61254BFB61C4
:105D200000233B6200237B620023BB620C23FB62E7
:105D300000233B6300237B6307F1180319461E48C9
:105D400005F0DEFB1C48FEF77BFF00211A48FEF73A
:105D500087FF01211848FEF75FFF01211648FEF773
:105D600047FF1548FEF7E6FE04211348FEF7F2FE52
:105D700001211148FEF715FF0F48FEF784FF0E487A
:105D8000FEF7C8FE00BF0C48FEF793FF0346002B4A
:105D9000F9D00948FEF7A1FF0346002BF3D000BF5E
:105DA00000BF3837BD4680BD08000007000C025810
:105DB00000100258C0C62D00007C004080B58EB097
:105DC00000AF07F118032022002118461CF05EFDE9
:105DD0003B4600221A605A609A60DA601A615A6182
:105DE0005F48FEF7DFF91020FEF7FEFC0120FEF70A
:105DF000C3FC4FF4C0633B6002237B600023BB60A5
:105E00000023FB6000233B6107237B613B4619466F
:105E1000544803F0C5FE292200215348FEF754F8E8
:105E2000002200215048FDF745FF002200214E4886
:105E3000FEF724F8002200214B48FDF761FF002205
:105E400000214948FDF782FF4FF480620021464857
:105E5000FDF7A2FF002200214348FDF7C3FF002207
:105E600000214148FDF7E4FF00213F48FEF75CF8C0
:105E70002A2201213C48FEF727F8402201213A4816
:105E8000FDF718FF002201213748FDF7F7FF002238
:105E900001213548FDF734FF002201213248FDF78A
:105EA00055FF4FF4806201212F48FDF775FF002256
:105EB00001212D48FDF796FF002201212A48FDF718
:105EC000B7FF01212848FEF72FF8FDF71DFD034617
:105ED000002200211846FDF791FD034619462520B2
:105EE000FDF762FD2520FDF71DFD0023BB611F4B63
:105EF000FB614FF480533B6200237B624FF480636D
:105F0000BB620C23FB6200233B6300237B6307F12E
:105F100018031946164805F0F3FA00211448FEF755
:105F200019FE01211248FEF73CFE1148FEF702FE61
:105F30000F48FEF7A8FE0E48FEF7ECFD00BF0C4828
:105F4000FEF7B7FE0346002BF9D00948FEF7C5FE61
:105F50000346002BF3D000BF00BF3837BD4680BDDD
:105F6000080300070000025800040240D01213008A
:105F70000010014080B58EB000AF07F11803202259
:105F8000002118461CF082FC3B4600221A605A6031
:105F90009A60DA601A615A613948FEF703F94FF4E2
:105FA0000030FEF705FC0120FEF7E6FB0E233B6008
:105FB00002237B600023BB600023FB6000233B6166
:105FC00007237B613B4619462E4803F0E9FDFDF7A8
:105FD0009BFC0346002200211846FDF70FFD0346F7
:105FE00019462620FDF7E0FC2620FDF79BFC002348
:105FF000BB61254BFB6100233B6200237B620023D6
:10600000BB620C23FB6200233B6300237B6307F12D
:10601000180319461D4805F073FA04211B48FEF7C2
:1060200099FD01211948FEF7BCFD1848FEF708FE4E
:1060300000211648FEF714FE01211448FEF7ECFD7E
:1060400001211248FEF7D4FD1048FEF773FD0F48FA
:10605000FEF719FE0D48FEF75DFD00BF0B48FEF789
:1060600028FE0346002BF9D00848FEF736FE03460B
:10607000002BF3D000BF00BF3837BD4680BD00BF46
:106080000800000700000258C0C62D000044004070
:1060900080B58EB000AF07F118032022002118460A
:1060A0001CF0F4FB3B4600221A605A609A60DA60EA
:1060B0001A615A616648FEF775F84FF48020FEF7C2
:1060C00077FB0820FEF758FB4FF498533B60022300
:1060D0007B600023BB600023FB6000233B61072340
:1060E0007B613B4619465B4803F05AFD2D22062191
:1060F0005948FDF7E9FE002206215748FDF7DAFD71
:10610000002206215448FDF7B9FE0022062152481C
:10611000FDF7F6FD002206214F48FDF717FE4FF46C
:10612000806206214C48FDF737FE002206214A48CE
:10613000FDF758FE002206214748FDF779FE0621AB
:106140004548FDF7F1FE2E2207214348FDF7BCFE2E
:10615000402207214048FDF7ADFD002207213E48BF
:10616000FDF78CFE002207213B48FDF7C9FD002208
:1061700007213948FDF7EAFD4FF4806207213648D0
:10618000FDF70AFE002207213348FDF72BFE00220F
:1061900007213148FDF74CFE07212F48FDF7C4FECB
:1061A000FDF7B2FB0346002200211846FDF726FC4E
:1061B000034619462720FDF7F7FB2720FDF7B2FB22
:1061C0000023BB61254BFB6100233B6200237B6204
:1061D0000023BB620C23FB6200233B6300237B6331
:1061E00007F1180319461E4805F08AF904211C48D6
:1061F000FEF7B0FC01211A48FEF7D3FC1848FEF761
:106200001FFD00211648FEF72BFD01211448FEF763
:1062100003FD01211248FEF7EBFC1148FEF78AFC52
:106220000F48FEF730FD0E48FEF774FC00BF0C4827
:10623000FEF73FFD0346002BF9D00948FEF74DFD60
:106240000346002BF3D000BF00BF3837BD4680BDEA
:1062500008000007000C025800000240C0C62D00D4
:106260000048004080B58EB000AF07F1180320222F
:10627000002118461CF00AFB3B4600221A605A60B7
:106280009A60DA601A615A613148FDF78BFF20206D
:10629000FEF7AAFA0420FEF76FFAC0233B60022340
:1062A0007B600023BB600023FB6000233B6107236E
:1062B0007B613B461946274803F072FCFDF724FB3F
:1062C0000346002200211846FDF798FB03461946B5
:1062D0004720FDF769FB4720FDF724FB0023BB6146
:1062E0004FF41653FB6100233B6200237B620023C3
:1062F000BB620C23FB6200233B6300237B6307F13B
:1063000018031946144805F0FBF800211248FEF75F
:1063100021FC00211048FEF744FC0F48FEF70AFC60
:106320000D48FEF7B0FC0C48FEF7F4FB00BF0A482E
:10633000FEF7BFFC0346002BF9D00748FEF7CDFC63
:106340000346002BF3D000BF00BF3837BD4680BDE9
:1063500008030007000802580014014080B500AF90
:106360000120FEF7EDF90220FEF7EAF900BF80BD3B
:1063700080B586B000AF3B4600221A605A609A6032
:10638000DA601A615A611020FEF7F6F98020FEF7F4
:10639000F3F90420FEF7F0F90120FEF7EDF90220F1
:1063A000FEF7EAF90820FEF7E7F910215F48FEF74B
:1063B000A8FC10215E48FEF7A4FC4FF400615D4884
:1063C000FEF79FFC4FF400715B48FEF79AFC4FF418
:1063D00000715A48FEF795FC4FF480615348FEF770
:1063E0009EFC4FF400415248FEF799FC4FF4807137
:1063F0005248FEF794FC10233B6001237B6003238B
:10640000BB600023FB6000233B613B4619464748C5
:1064100003F0C6FB10233B6001237B600323BB60BA
:106420000023FB6000233B613B461946404803F0D4
:10643000B7FB4FF480633B6001237B600023BB60AC
:106440000023FB6000233B613B461946374803F0BD
:10645000A7FB4FF484533B6000237B6001233B6127
:106460003B461946354803F09BFB4FF480633B6085
:1064700000237B6001233B613B4619462D4803F016
:106480008FFB4FF400633B6001237B600023BB6004
:106490000023FB6000233B613B461946254803F07F
:1064A0007FFB4FF400733B6001237B600223BB60E2
:1064B0000023FB6000233B613B4619461E4803F066
:1064C0006FFB4FF400433B6001237B600023BB6004
:1064D0000023FB6000233B613B461946144803F050
:1064E0005FFB4FF480733B6001237B600023BB6044
:1064F0000023FB6000233B613B4619460F4803F035
:106500004FFB4FF400733B6001237B600323BB60B0
:106510000023FB6000233B613B461946074803F01C
:106520003FFB00BF1837BD4680BD00BF00100258BA
:1065300000000258000C02580008025800040258DB
:1065400080B400AF72B600BFFEE7000080B582B035
:1065500000AF154BD3F8F430134A43F00203C2F8EE
:10656000F430114BD3F8F43003F002037B607B6806
:106570000D4BD3F8F4300C4A43F40043C2F8F43026
:10658000094BD3F8F43003F400433B603B68002030
:1065900000F076FA00F09CFA002000F085FA00BFC7
:1065A0000837BD4680BD00BF0044025880B400AF2C
:1065B000FEE780B400AFFEE780B400AFFEE780B432
:1065C00000AFFEE780B400AFFEE780B400AF00BFCD
:1065D000BD465DF8047B704780B400AF00BFBD4688
:1065E0005DF8047B704780B400AF00BFBD465DF826
:1065F000047B704780B500AF044B1B680133034A2E
:10660000136000F0F9F900BF80BD00BFB07A02242A
:1066100080B500AF024801F03EFE00BF80BD00BF64
:106620005C84022480B400AF01231846BD465DF8A7
:10663000047B704780B582B000AF786039601CF091
:10664000DDF8034616221A604FF0FF33184608376C
:10665000BD4680BD80B582B000AF78604FF0FF319D
:106660007868FFF7E7FFFEE780B586B000AFF86017
:10667000B9607A6000237B610AE0AFF300800146D5
:10668000BB685A1CBA60CAB21A707B6901337B615D
:106690007A697B689A42F0DB7B6818461837BD46FA
:1066A00080BD80B586B000AFF860B9607A60002325
:1066B0007B6109E0BB685A1CBA601B781846AFF3CF
:1066C00000807B6901337B617A697B689A42F1DBE8
:1066D0007B6818461837BD4680BD80B483B000AFD4
:1066E00078604FF0FF3318460C37BD465DF8047BE9
:1066F000704780B483B000AF786039603B684FF476
:1067000000525A60002318460C37BD465DF8047BE2
:10671000704780B483B000AF7860012318460C370F
:10672000BD465DF8047B704780B485B000AFF8606B
:10673000B9607A60002318461437BD465DF8047BC3
:106740007047000080B586B000AF7860144A154BE2
:10675000D31A7B617B693B61134B1B68002B02D111
:10676000114B124A1A60104B1A687B6813443A693D
:106770009A4207D21CF042F803460C221A604FF0EE
:10678000FF3309E0084B1B68FB60074B1A687B6806
:106790001344054A1360FB6818461837BD4680BD90
:1067A00000000220000800006C56022400000020B7
:1067B00080B400AF374BD3F88830364A43F47003C7
:1067C000C2F88830344B1B6803F00F03062B07D840
:1067D000314B1B6823F00F032F4A43F0070313606C
:1067E0002E4B1B682D4A43F0010313602B4B0022F4
:1067F0001A612A4B1A682949294B13400B60264B12
:106800001B6803F00803002B07D0234B1B6823F001
:106810000F03214A43F007031360204B00229A61C3
:106820001E4B0022DA611D4B00221A621B4B1D4ACF
:106830009A621A4B1C4ADA62184B1C4A1A63174BAD
:1068400000225A63154B194A9A63144B0022DA63EB
:10685000124B164A1A64114B00225A640F4B1B68E4
:106860000E4A23F4802313600C4B00221A66104B4F
:106870001A68104B1340B3F1005F02D20E4B012295
:106880001A600E4B43F2D2021A6000BFBD465DF89B
:10689000047B704700ED00E00020005200440258E5
:1068A0007FEDF6EA000202020000FF018002010112
:1068B0000010005C0000FFFF088100510040005202
:1068C000DFF834D0FFF774FF0C480D490D4A002360
:1068D00002E0D458C4500433C4188C42F9D30A4A95
:1068E0000A4C002301E013600432A242FBD31BF0E8
:1068F0008BFFFEF723FA70470000022000000024FF
:106900001C020024DC2004082002002474880224D5
:10691000FEE7000080B582B000AF032000F0CCF9A4
:1069200002F042FD0246154B9B691B0A03F00F0360
:106930001349CB5C03F01F0322FA03F37B600F4B78
:106940009B6903F00F030E4AD35C03F01F037A68C0
:1069500022FA03F30B4A13600B4A7B681360002092
:1069600000F014F80346002B01D0012302E0FFF7EA
:10697000EDFD002318460837BD4680BD004402588F
:1069800048590208180000241400002480B582B081
:1069900000AF7860154B1B78002B01D1012321E05B
:1069A000134B1A68114B1B7819464FF47A73B3FBDB
:1069B000F1F3B2FBF3F3184600F0B1F90346002BF4
:1069C00001D001230EE07B680F2B0AD800227968E2
:1069D0004FF0FF3000F07BF9064A7B68136000231C
:1069E00000E0012318460837BD4680BD2000002482
:1069F000140000241C00002480B400AF064B1B7858
:106A00001A46064B1B681344044A136000BFBD4678
:106A10005DF8047B704700BF200000246C7E0224D8
:106A200080B400AF034B1B681846BD465DF8047B7D
:106A3000704700BF6C7E022480B584B000AF7860E0
:106A4000FFF7EEFFB8607B68FB60FB68B3F1FF3FC8
:106A500005D00A4B1B781A46FB681344FB6000BF45
:106A6000FFF7DEFF0246BB68D31AFA689A42F7D8EE
:106A700000BF00BF1037BD4680BD00BF200000240E
:106A800080B483B000AF7860064B1B6823F07002BF
:106A900004497B6813430B6000BF0C37BD465DF8AB
:106AA000047B7047003C005880B483B000AF78602E
:106AB000064B1B6823F0020204497B6813430B60FA
:106AC00000BF0C37BD465DF8047B7047003C0058A2
:106AD00080B582B000AF0F4B1B680E4A43F0010334
:106AE0001360FFF79DFF786008E0FFF799FF02460B
:106AF0007B68D31A0A2B01D9032306E0054B1B68D8
:106B000003F00803002BF0D0002318460837BD46D9
:106B100080BD00BF003C005880B485B000AF7860F5
:106B20007B6803F00703FB600B4BDB68BB60BA6854
:106B30004FF6FF031340BB60FB681A02BB681A43A1
:106B4000064B1343BB60044ABB68D36000BF1437D5
:106B5000BD465DF8047B704700ED00E00000FA05DB
:106B600080B400AF044BDB681B0A03F00703184630
:106B7000BD465DF8047B704700ED00E080B483B053
:106B800000AF0346FB80B7F90630002B0BDBFB8818
:106B900003F01F020749B7F906305B09012000FA2C
:106BA00002F241F8232000BF0C37BD465DF8047B9C
:106BB000704700BF00E100E080B483B000AF03463F
:106BC0003960FB80B7F90630002B0ADB3B68DAB28C
:106BD0000C49B7F906301201D2B20B4483F80023F6
:106BE0000AE03B68DAB20849FB8803F00F03043B74
:106BF0001201D2B20B441A7600BF0C37BD465DF8C5
:106C0000047B704700E100E000ED00E080B489B053
:106C100000AFF860B9607A60FB6803F00703FB61BE
:106C2000FB69C3F10703042B28BF0423BB61FB6985
:106C30000433062B02D9FB69033B00E000237B6190
:106C40004FF0FF32BB6902FA03F3DA43BB681A4024
:106C50007B699A404FF0FF317B6901FA03F3D94316
:106C60007B680B40134318462437BD465DF8047B10
:106C70007047000080B582B000AF78607B68013B50
:106C8000B3F1807F01D301230FE00A4A7B68013B07
:106C900053600F214FF0FF30FFF78EFF054B0022AE
:106CA0009A60044B07221A60002318460837BD4635
:106CB00080BD00BF10E000E080B582B000AF78601A
:106CC0007868FFF729FF00BF0837BD4680BD80B553
:106CD00086B000AF0346B9607A60FB81FFF740FFE2
:106CE00078617A68B9687869FFF790FF0246B7F96A
:106CF0000E3011461846FFF75FFF00BF1837BD463C
:106D000080BD80B582B000AF0346FB80B7F9063086
:106D10001846FFF733FF00BF0837BD4680BD80B57A
:106D200082B000AF78607868FFF7A4FF034618468A
:106D30000837BD4680BD000080B58AB000AFF8605E
:106D4000B9607A60BB683B627B68FB610823FB75B6
:106D5000404B1B7D012B01D1022376E03D4B0122EC
:106D60001A75BB68B3F1006F06D3BB68B3F1016F4E
:106D700002D20123BB610CE0BB68B3F1016F06D303
:106D8000BB68B3F1026F02D20223BB6101E00123B1
:106D90005BE0304B00229A61B9694CF2503000F050
:106DA000EBF8034687F8273097F82730002B47D1B8
:106DB000BB69012B06D1284BDB68274A43F002034D
:106DC000D36007E0244BD3F80C31234A43F002038D
:106DD000C2F80C31BFF36F8F00BFBFF34F8F00BFFE
:106DE000FB691A683B6A1A603B6A04333B62FB69C1
:106DF0000433FB61FB7D013BFB75FB7D002BEFD179
:106E0000BFF36F8F00BFBFF34F8F00BFB9694CF264
:106E1000503000F0B1F8034687F82730BB69012BEA
:106E200006D10D4BDB680C4A23F00203D36007E068
:106E3000094BD3F80C31084A23F00203C2F80C3195
:106E4000044B00221A7597F8273018462837BD469C
:106E500080BD00BF707E02240020005280B400AFCD
:106E6000184BDB6803F00103002B0DD0154B164ABD
:106E70005A60144B154A5A60124BDB6803F0010349
:106E8000002B01D0012318E00E4BD3F80C3103F096
:106E90000103002B10D00B4B0B4AC3F80421094B04
:106EA0000A4AC3F80421074BD3F80C3103F001035D
:106EB000002B01D0012300E000231846BD465DF8F9
:106EC000047B70470020005223016745AB89EFCD5A
:106ED00080B400AF0C4B9B6903F00103002B0DD075
:106EE000094B0A4A9A60084B094A9A60064B9B690B
:106EF00003F00103002B01D0012300E0002318461A
:106F0000BD465DF8047B7047002000523B2A1908FB
:106F10007F6E5D4C80B582B000AF01214CF25030E5
:106F200000F002F90346002B02D00123FB710CE0B4
:106F300002214CF2503000F0F7F80346002B02D04B
:106F40000123FB7101E00023FB71FB79002B0BD1C6
:106F5000084B9B69074A43F0020393614CF250309F
:106F600000F0A6F80346FB71FB7918460837BD46CA
:106F700080BD00BF0020005280B586B000AF7860B1
:106F8000396004237B6100233B61FFF749FDF86012
:106F90003B68022B13D1414B7B6110E07B68B3F15E
:106FA000FF3F0CD0FFF73CFD0246FB68D31A7A681E
:106FB0009A4202D37B68002B01D103236AE07A69ED
:106FC000374B13407A699A420AD1364B1A697B696A
:106FD00013407A699A420CBF01230023DBB20CE014
:106FE000304BD3F81031DA437B69134023F0004370
:106FF000002B0CBF01230023DBB2002BCED13B685A
:10700000012B05D1274B1A69274B13403B6107E041
:10701000244BD3F81021244B134043F000433B6131
:107020003B6923F00043002B17D0204B9A693B6942
:1070300013431E4A93613A69194B13403A699A42C5
:1070400003D1184A3B69536105E0164A3B6923F0B6
:107050000043C2F8143101231CE03B68012B0BD123
:10706000104B1B6903F48033B3F5803F11D10D4BF6
:107070004FF480325A610CE00A4BD3F8103103F41C
:107080008033B3F5803F04D1064B4FF48032C3F810
:107090001421002318461837BD4680BD0400008027
:1070A0000F00EF1F002000520000EE17707E022438
:1070B00080B584B000AF7860FFF7B2FCF86010E0F4
:1070C0007B68B3F1FF3F0CD0FFF7AAFC0246FB68D8
:1070D000D31A7A689A4202D37B68002B01D103232A
:1070E0001AE00F4BDB6903F00103002BE8D10C4BD6
:1070F000DB6903F08043002B0DD00A4B9B6943F002
:107100008043084A9361064B5B6A054A43F080431B
:107110005362012300E0002318461037BD4680BDAE
:1071200000200052707E022480B584B000AF7860E9
:107130003960FFF775FCB8603B68012B02D108236A
:10714000FB6013E0314BFB6010E07B68B3F1FF3F65
:107150000CD0FFF765FC0246BB68D31A7A689A42E6
:1071600002D37B68002B01D103234BE0FA68284B44
:107170001340FA689A420AD1264B1A69FB681340F9
:10718000FA689A420CBF01230023DBB20CE0214BCA
:10719000D3F81031DA43FB68134023F00043002B8F
:1071A0000CBF01230023DBB2002BCED13B68012BA7
:1071B00012D1184B1B6903F08053B3F1805F20D1CB
:1071C000154B9B6943F08053134A9361114B4FF069
:1071D00080525A61012315E00E4BD3F8103103F0B1
:1071E0008053B3F1805F0CD10B4B9B6943F010438C
:1071F000094A9361074B4FF08052C3F814210123D1
:1072000000E0002318461037BD4680BD080000800E
:107210000F00EF1F00200052707E022480B584B062
:1072200000AF786039600023FB735E4B1B7D012B40
:1072300001D10223B2E05B4B01221A75594B0022A7
:107240009A617B685B6803F00103002B09D0012180
:107250004CF25030FFF790FE0346002B01D0012383
:10726000FB737B685B6803F00203002B09D00221EB
:107270004CF25030FFF780FE0346002B01D0012373
:10728000FB73FB7B002B40F085807B681B68012B28
:1072900036D17B681A697B685B681946104600F036
:1072A00087F97B685B6803F00103002B0FD0012195
:1072B0004CF25030FFF760FE0346002B01D0012353
:1072C000FB73394BDB68384A23F00803D3607B68D3
:1072D0005B6803F00203002B5CD002214CF25030BB
:1072E000FFF74AFE0346002B01D00123FB732E4B10
:1072F000D3F80C312C4A23F00803C2F80C3149E0D2
:107300003B684FF0FF321A607B689B68BB6039E0D6
:107310007B6859687B681B691A46B86800F0B2F947
:107320007B685B6803F00103002B0CD001214CF259
:107330005030FFF721FE0346FB731B4BDA681A49F6
:107340001A4B1340CB607B685B6803F00203002B91
:107350000ED002214CF25030FFF70EFE0346FB73B5
:10736000114BD3F80C211049104B1340C1F80C31CC
:10737000FB7B002B03D03B68BA681A600AE0BB684D
:107380000133BB607B68DA687B689B681344BA682A
:107390009A42BDD3034B00221A75FB7B1846103767
:1073A000BD4680BD707E022400200052FBF8FFFF26
:1073B00080B584B000AF78604E4B1B7D012B01D1AE
:1073C000022392E04B4B01221A754A4B00229A612C
:1073D00001214CF25030FFF7CFFD0346002B02D0C5
:1073E0000123FB730CE002214CF25030FFF7C4FD87
:1073F0000346002B02D00123FB7301E00023FB7343
:10740000FB7B002B6DD17B681B6803F00103002B15
:1074100014D07B685B68012B08D17B689A687B6815
:10742000DB691946104600F06BF907E07B689A6843
:107430007B68DB691946104600F08CF97B681B6895
:1074400003F00203002B04D07B68DB68184600F0D1
:10745000D7F97B681B6803F00403002B07D07B6817
:107460005A697B689B691946104600F0F9F97B68F8
:107470001B6803F00803002B09D07B68186A7B683F
:10748000596A7B689A6A7B68DB6900F0A1FA7B68BD
:107490001B6803F01003002B04D07B681B6918469F
:1074A00000F00EFB7B681B6803F04003002B08D044
:1074B0007B68D86A7B68196B7B685B6B1A4600F047
:1074C00021FB7B681B6803F02003002B09D07B683D
:1074D000986B7B68D96B7B681A6C7B68DB6900F002
:1074E00057FB044B00221A75FB7B18461037BD462C
:1074F00080BD00BF707E022480B582B000AF78608E
:107500007B6816221A6000F08FF902467B68DA6009
:1075100000F048FA02467B689A6100F0E5FA0246FC
:107520007B681A617B68DB69012B03D07B68DB69B0
:10753000022B29D17B681B6843F029027B681A6003
:107540007B68181D7B6803F108017B68DB691A46BC
:1075500000F028F97B6803F120007B6803F1240127
:107560007B6803F128027B68DB6900F067FA7B68BF
:1075700003F138007B6803F13C017B6803F14002B2
:107580007B68DB6900F03EFB7B6803F130027B68BF
:1075900034331946104600F0DFFA7B681B6843F06D
:1075A00040027B681A6000BF0837BD4680BD0000FE
:1075B00080B483B000AF786039603B6803F00303A8
:1075C000032B22D12E4BDB682D4A23F03003D360EE
:1075D0002B4BD3F80C312A4A23F03003C2F80C317C
:1075E000274BDA6826497B681343CB60244BD3F8DA
:1075F0000C2123497B681343C1F80C31204B9B6954
:107600001F4A43F01003936133E03B6803F001032A
:10761000002B11D01A4BDB68194A23F03003D360DA
:10762000174BDA6816497B681343CB60144BDB6851
:10763000134A43F08803D3603B6803F00203002B36
:1076400017D00F4BD3F80C310D4A23F03003C2F89A
:107650000C310B4BD3F80C2109497B681343C1F85B
:107660000C31074BD3F80C31054A43F08803C2F8BC
:107670000C3100BF0C37BD465DF8047B704700BF7E
:107680000020005280B485B000AFF860B9607A6025
:10769000BB6803F00103002B10D0184BDB68174ABE
:1076A00023F4E663D360154BDA68FB6819027B6844
:1076B0000B431343114A43F08403D360BB6803F0C8
:1076C0000203002B14D00D4BD3F80C310B4A23F4DA
:1076D000E663C2F80C31094BD3F80C21FB681902A0
:1076E0007B680B431343054A43F08403C2F80C3113
:1076F00000BF1437BD465DF8047B70470020005280
:1077000080B483B000AF786039603B6803F0010358
:10771000002B07D00E4BDA6B7B68DBB2DB430C49E6
:107720001340CB633B6803F00203002B09D0084BE6
:10773000D3F83C217B68DBB2DB4305491340C1F839
:107740003C3100BF0C37BD465DF8047B704700BF7D
:107750000020005280B483B000AF786039603B688D
:1077600003F00103002B06D00D4BDA6B7B68DBB214
:107770000B491343CB633B6803F00203002B08D093
:10778000074BD3F83C217B68DBB205491343C1F8B2
:107790003C3100BF0C37BD465DF8047B704700BF2D
:1077A0000020005280B487B000AFF860B9607A6002
:1077B00000237B617B68012B02D1104B9B6B7B61AB
:1077C0007B68022B03D10D4BD3F838317B617B6989
:1077D000DB43DAB2BB681A60BB681B68002B03D1BD
:1077E000FB6800221A6002E0FB6801221A6000BFF9
:1077F0001C37BD465DF8047B704700BF0020005277
:1078000080B483B000AF7860064B1B6A23F47F42DC
:1078100004497B6813430B6200BF0C37BD465DF81B
:10782000047B70470020005280B483B000AF0B4B44
:10783000DB6903F47F437B607B68B3F52A4F06D096
:107840007B68B3F54C4F02D04FF4AA4300E07B684D
:1078500018460C37BD465DF8047B70470020005287
:1078600080B485B000AF786039600023FB600023EE
:10787000BB607B6803F00103002B09D03B6803F079
:107880001003FA681343FB60BB6843F01003BB604E
:107890007B6803F00203002B09D03B6803F0400330
:1078A000FA681343FB60BB6843F04003BB607B682E
:1078B00003F00403002B09D03B6803F08003FA684F
:1078C0001343FB60BB6843F08003BB607B6803F03D
:1078D0000803002B09D03B6803F40033FA68134314
:1078E000FB60BB6843F40033BB607B6803F01003AC
:1078F000002B09D03B6803F48023FA681343FB6034
:10790000BB6843F48023BB607B6803F02003002B3B
:1079100009D03B6803F4C013FA681343FB60BB68EB
:1079200043F4C013BB607B6803F04003002B09D015
:107930003B6803F40013FA681343FB60BB6843F42D
:107940000013BB607B6803F48073002B09D03B6895
:1079500003F00043FA681343FB60BB6843F0004345
:10796000BB607B6803F08003002B09D03B6803F009
:107970000053FA681343FB60BB6843F00053BB60DD
:10798000074B1A6ABB68DB431A400549FB6813437F
:107990000B6200BF1437BD465DF8047B704700BF23
:1079A0000020005280B483B000AF074BDB697B60DE
:1079B0007A68064B13407B607B6818460C37BD46DF
:1079C0005DF8047B704700BF00200052F300FFFF0A
:1079D00080B485B000AFF860B9607A603B603B6806
:1079E00003F00103002B0DD0BB6803F178431A0AA2
:1079F0007B6803F178431B0A1B041A430E49FB689A
:107A00001343CB623B6803F00203002B0ED0BB682C
:107A1000A3F101631A0A7B68A3F101631B0A1B042B
:107A20001A430549FB681343C1F82C3100BF1437D2
:107A3000BD465DF8047B70470020005280B487B0DB
:107A400000AFF860B9607A603B6000237B6100237F
:107A50003B613B68012B05D1174B9B6A7B614FF063
:107A600000633B613B68022B06D1134BD3F82831EE
:107A70007B614FF001633B617B6903F00042FB686F
:107A80001A607B691A020D4B13403A691A44BB68AD
:107A90001A607B691B0CC3F30B027B681A607B685E
:107AA0001B681A023B691A447B681A6000BF1C37C6
:107AB000BD465DF8047B70470020005200FF0F00B8
:107AC00080B483B000AF7860064B1B6A23F00C02D1
:107AD00004497B6813430B6200BF0C37BD465DF859
:107AE000047B70470020005280B400AF044BDB6978
:107AF00003F00C031846BD465DF8047B704700BFD9
:107B00000020005280B485B000AFF860B9607A60A0
:107B1000FB6803F00103002B08D00D4B5A6C0D4B92
:107B20001340BA68120C0A4913434B64FB6803F014
:107B30000203002B06D0064B5B6C9AB204497B68AB
:107B400013434B6400BF1437BD465DF8047B704798
:107B5000002000520000FFFF80B485B000AF7860C5
:107B60003960094B1B6CFB60FB681A047B681A6068
:107B7000FA68064B13403A68136000BF1437BD46DD
:107B80005DF8047B704700BF002000520000FFFF3B
:107B900080B485B000AFF860B9607A603B603B6844
:107BA00003F00103002B0FD0BB6803F178431A0ADE
:107BB0007B6803F178431B0A1B041A43FB6803F03C
:107BC00000430F4913434B633B6803F00203002B50
:107BD00010D0BB68A3F101631A0A7B68A3F10163AB
:107BE0001B0A1B041A43FB6803F0004304491343B8
:107BF000C1F8343100BF1437BD465DF8047B7047CF
:107C00000020005280B487B000AFF860B9607A609D
:107C10003B6000237B6100233B613B68012B05D166
:107C2000174B1B6B7B614FF000633B613B68022B82
:107C300006D1134BD3F830317B614FF001633B61C8
:107C40007B6903F00042FB681A607B691A020D4BE6
:107C500013403A691A44BB681A607B691B0CC3F372
:107C60000B027B681A607B681B681A023B691A4426
:107C70007B681A6000BF1C37BD465DF8047B704707
:107C80000020005200FF0F0080B489B000AF786080
:107C900039600023FB61894B7B6194E13B681A6882
:107CA0000121FB6901FA03F313403B613B69002B9F
:107CB00000F086813B685B6803F00303012B05D06D
:107CC0003B685B6803F00303022B30D17B689B6841
:107CD000BB61FB695B00032202FA03F3DB43BA6971
:107CE0001340BB613B68DA68FB695B0002FA03F38F
:107CF000BA691343BB617B68BA699A607B685B6849
:107D0000BB610122FB6902FA03F3DB43BA6913404A
:107D1000BB613B685B681B0903F00102FB6902FA67
:107D200003F3BA691343BB617B68BA695A603B6865
:107D30005B6803F00303032B17D07B68DB68BB6130
:107D4000FB695B00032202FA03F3DB43BA691340C9
:107D5000BB613B689A68FB695B0002FA03F3BA698E
:107D60001343BB617B68BA69DA603B685B6803F008
:107D70000303022B23D1FB69DA087B68083253F82E
:107D80002230BB61FB6903F007039B000F2202FA5C
:107D900003F3DB43BA691340BB613B681A69FB69B3
:107DA00003F007039B0002FA03F3BA691343BB61B4
:107DB000FB69DA087B680832B96943F822107B68EE
:107DC0001B68BB61FB695B00032202FA03F3DB4320
:107DD000BA691340BB613B685B6803F00302FB694F
:107DE0005B0002FA03F3BA691343BB617B68BA69AB
:107DF0001A603B685B6803F44033002B00F0E080BE
:107E00002F4BD3F8F4302E4A43F00203C2F8F4307B
:107E10002B4BD3F8F43003F00203FB60FB68294AD4
:107E2000FB699B08023352F82330BB61FB6903F006
:107E300003039B000F2202FA03F3DB43BA691340EA
:107E4000BB617B68204A934252D07B681F4A9342B1
:107E500031D07B681E4A93422BD07B681D4A9342E7
:107E600025D07B681C4A93421FD07B681B4A9342F3
:107E700019D07B681A4A934213D07B68194A9342FF
:107E80000DD07B68184A934207D07B68174A93420B
:107E900001D109232DE00A232BE0082329E0072341
:107EA00027E0062325E0052323E0042321E0032324
:107EB0001FE002231DE001231BE000BF80000058EB
:107EC0000044025800040058000002580004025800
:107ED00000080258000C0258001002580014025802
:107EE00000180258001C02580020025800240258B2
:107EF0000023FA6902F0030292009340BA69134327
:107F0000BB613849FB699B080233BA6941F82320F9
:107F10004FF0B0431B68BB613B69DB43BA69134058
:107F2000BB613B685B6803F48013002B03D0BA6924
:107F30003B691343BB614FF0B042BB6913604FF024
:107F4000B0435B68BB613B69DB43BA691340BB610B
:107F50003B685B6803F40013002B03D0BA693B69EC
:107F60001343BB614FF0B042BB6953607B695B68F0
:107F7000BB613B69DB43BA691340BB613B685B682B
:107F800003F40033002B03D0BA693B691343BB6190
:107F90007B69BA695A607B691B68BB613B69DB43DB
:107FA000BA691340BB613B685B6803F48033002B04
:107FB00003D0BA693B691343BB617B69BA691A6034
:107FC000FB690133FB613B681A68FB6922FA03F322
:107FD000002B7FF463AE00BF00BF2437BD465DF8C1
:107FE000047B704700040058F0B58FB00AAF78608A
:107FF0007B68002B01D1012316E17B681B68BB6005
:108000007B6893F8BD33DBB2002B06D17B6800227E
:1080100083F8BC23786817F06DFE7B68032283F831
:10802000BD23BB68DB6B03F48073002B02D17B683C
:1080300000221A617B681B68184603F02CFC7B68E1
:108040001B683B607E686D4606F110040FCC0FC5BF
:108050000FCC0FC594E8030085E80300331D0ECB59
:10806000386803F0F7FA0346002B05D07B6802223C
:1080700083F8BD230123D7E07B681B6800211846E5
:1080800003F01AFC0023FB734AE0FA7B796813467D
:10809000DB009B1A9B000B443D3301221A70FA7BD4
:1080A00079681346DB009B1A9B000B443C33FA7B38
:1080B0001A70FA7BFB7B98B279681346DB009B1A37
:1080C0009B000B44423302461A80FA7B79681346C0
:1080D000DB009B1A9B000B443F3300221A70FA7B93
:1080E00079681346DB009B1A9B000B444433002243
:1080F0001A60FA7B79681346DB009B1A9B000B44DD
:10810000483300221A60FA7B79681346DB009B1A19
:108110009B000B44503300221A60FB7B0133FB733E
:10812000FA7B7B685B689A42AFD30023FB7344E021
:10813000FA7B79681346DB009B1A9B000B4403F221
:10814000FD1300221A70FA7B79681346DB009B1A34
:108150009B000B4403F5FE73FA7B1A70FA7B796877
:108160001346DB009B1A9B000B4403F2FF13002213
:108170001A70FA7B79681346DB009B1A9B000B444C
:1081800003F5017300221A60FA7B79681346DB005D
:108190009B1A9B000B4403F5027300221A60FA7BC2
:1081A00079681346DB009B1A9B000B4403F50473AC
:1081B00000221A60FB7B0133FB73FA7B7B685B68F0
:1081C0009A42B5D37B681B683B607E686D4606F1BA
:1081D00010040FCC0FC50FCC0FC594E8030085E841
:1081E0000300331D0ECB386803F0B2FB0346002BAF
:1081F00005D07B68022283F8BD23012314E07B684D
:10820000002283F838207B68012283F8BD237B6835
:108210005B6A012B02D1786801F086F87B681B68E5
:10822000184604F04AFC002318461437BD46F0BD3A
:1082300080B584B000AF78607B681B68FB607B68AA
:1082400093F8BC33012B01D1022320E07B6801228B
:1082500083F8BC237B689B6A012B09D17B689B69EF
:10826000012B05D0FB689B6B43F48032FB689A635B
:108270007B681B68184603F0FDFA7B681B6818468C
:1082800004F0FAFB7B68002283F8BC230023184625
:108290001037BD4680BD90B58DB000AF78607B686B
:1082A0001B683B623B6AFB617B681B68184604F0F5
:1082B000B8FC0346002B40F0BE837B681B68184661
:1082C00004F01CFC0346002B00F0B4837B681B68A1
:1082D000184604F013FC034603F00203022B07D1F7
:1082E0007B681B685A697B681B6802F002025A614E
:1082F0007B681B68184604F001FC034603F010037A
:10830000102B61D17B681B689A697B681B6822F01F
:1083100010029A613B6A1B6ABB61BB6903F00F02E2
:108320001346DB009B1A9B0003F5FC737A68134429
:1083300004337B61BB695B0C03F00F03022B24D178
:10834000BA6947F6F0731340002B35D07B69D968C2
:10835000BB691B099BB2C3F30A039BB21A46386A76
:1083600004F038FA7B69DA68BB691B09C3F30A03B6
:108370001A447B69DA607B699A69BB691B09C3F39C
:108380000A031A447B699A6116E0BB695B0C03F02F
:108390000F03062B10D17B6803F571730822194671
:1083A000386A04F017FA7B699A69BB691B09C3F341
:1083B0000A031A447B699A617B681B689A697B6827
:1083C0001B6842F010029A617B681B68184604F033
:1083D00095FB034603F40023B3F5002F6ED1002371
:1083E0007B627B681B68184604F09BFBB86262E006
:1083F000BB6A03F00103002B57D07B681B687A6AC5
:10840000D2B21146184604F0C0FB38613B6903F054
:108410000103002B0CD07B6A5A01FB69134403F55E
:1084200030631A4601239360796A786800F0D2FDC0
:108430003B6903F00803002B0CD07B6A5A01FB69EF
:10844000134403F530631A4608239360796A786809
:1084500000F0CCFE3B6903F01003002B08D07B6AD0
:108460005A01FB69134403F530631A4610239360E5
:108470003B6903F02003002B08D07B6A5A01FB699B
:10848000134403F530631A46202393603B6903F4D9
:108490000053002B09D07B6A5A01FB69134403F592
:1084A00030631A464FF4005393607B6A01337B625A
:1084B000BB6A5B08BB62BB6A002B99D17B681B68F7
:1084C000184604F01BFB034603F48023B3F5802F0A
:1084D00040F0C4807B681B68184604F03CFBB8621F
:1084E00000237B62B6E0BB6A03F00103002B00F0BF
:1084F000AB807B681B687A6AD2B21146184604F0DA
:1085000062FB38613B6903F00103002B57D07B6AA3
:1085100003F00F03012202FA03F3FB60FB6903F58A
:1085200000635A6BFB68DB43F96901F50061134096
:108530004B637B6A5A01FB69134403F510631A46C7
:10854000012393607B681B69012B32D179687A6AB9
:108550001346DB009B1A9B000B444833196878686C
:108560007A6A1346DB009B1A9B00034444331B6862
:10857000194478687A6A1346DB009B1A9B0003440F
:10858000483319607B6A002B13D179687A6A1346E5
:10859000DB009B1A9B000B4450331B68002B08D157
:1085A0007B6818687B6803F571731A46012104F033
:1085B0006BFB7B6ADBB21946786817F020FC3B69DD
:1085C00003F00803002B08D07B6A5A01FB691344AF
:1085D00003F510631A46082393603B6903F0100308
:1085E000002B08D07B6A5A01FB69134403F5106322
:1085F0001A46102393603B6903F04003002B08D018
:108600007B6A5A01FB69134403F510631A46402341
:1086100093603B6903F00203002B0CD0796A386A3F
:1086200003F0F4FA7B6A5A01FB69134403F5106303
:108630001A46022393603B6903F08003002B03D0AA
:10864000796A786800F038FC7B6A01337B62BB6A28
:108650005B08BB62BB6A002B7FF445AF7B681B687D
:10866000184604F04BFA034603F00043B3F1004F01
:1086700022D1FB6903F500635B68FA6902F50062C9
:1086800023F0010353607B6893F8F433012B08D186
:108690007B68002283F8F4230021786800F068FEEC
:1086A00002E0786817F022FC7B681B685A697B68D7
:1086B0001B6802F000425A617B681B68184604F090
:1086C0001DFA034603F40063B3F5006F12D1FB6992
:1086D00003F500639B6803F00103012B02D1786866
:1086E00017F0DEFB7B681B685A697B681B6802F425
:1086F00000625A617B681B68184604F0FFF9034664
:1087000003F00063B3F1006F21D17B681B685A69E5
:108710007B681B6802F000625A617B6893F8F4334F
:10872000002B11D17B68012283F8F4237B681B683E
:108730005B6D9B0803F00F027B68C3F8F8230121EF
:10874000786800F015FE02E0786817F0A9FB7B68F6
:108750001B68184604F0D2F9034603F48053B3F5BE
:10876000805F40F0B780FB6903F500635B68FA69DE
:1087700002F5006223F0010353607B681B6810213F
:10878000184603F043FA0023FB6246E0FB6A5A01F5
:10879000FB69134403F510631A464FF67F33936069
:1087A000FB6A5A01FB69134403F510631B68FA6AFC
:1087B0005101FA690A4402F5106223F400131360B0
:1087C000FB6A5A01FB69134403F530631A464FF6FE
:1087D0007F339360FB6A5A01FB69134403F53063EE
:1087E0001B68FA6A5101FA690A4402F5306223F4FF
:1087F00000131360FB6A5A01FB69134403F53063ED
:108800001B68FA6A5101FA690A4402F5306243F0C2
:1088100000631360FB6A0133FB627B685B68FA6A82
:108820009A42B3D3FB6903F50063DB69FA6902F589
:10883000006243F00113D3617B681B6B002B16D0E1
:10884000FB6903F50063D3F88430FA6902F500622E
:1088500043F00B03C2F88430FB6903F500635B6CE3
:10886000FA6902F5006243F00B03536415E0FB69FB
:1088700003F500635A69FB6903F50063194642F288
:108880002B0313434B61FB6903F500631B69FA6912
:1088900002F5006243F00B031361FB6903F500630B
:1088A0001B68FA6902F5006223F4FE6313607B68BB
:1088B00018687B681B69D9B27B6803F571731A4627
:1088C00004F0E2F97B681B685A697B681B6802F454
:1088D00080525A617B681B68184604F00FF9034602
:1088E00003F40053B3F5005F24D17B681B6818467E
:1088F00004F0A6F97B681B68184603F000FA0346EB
:108900001A467B68DA607B681C6800F0C7FE014687
:108910007B68DB68DBB21A46204602F009FF786804
:1089200017F095FA7B681B685A697B681B6802F42C
:1089300000525A617B681B68184604F0DFF8034652
:1089400003F00803082B0AD1786817F072FA7B68E5
:108950001B685A697B681B6802F008025A617B68D1
:108960001B68184604F0CAF8034603F48013B3F5F5
:10897000801F0FD100237B627B6ADBB219467868C7
:1089800017F0D4FA7B681B685A697B681B6802F48D
:1089900080125A617B681B68184604F0AFF80346E2
:1089A00003F40013B3F5001F0FD100237B627B6A31
:1089B000DBB21946786817F0A7FA7B681B685A691A
:1089C0007B681B6802F400125A617B681B681846BA
:1089D00004F094F8034603F08043B3F1804F0AD1CA
:1089E000786817F0B5FA7B681B685A697B681B6862
:1089F00002F080425A617B681B68184604F07EF8DA
:108A0000034603F00403042B15D17B681B685B68E5
:108A1000BB61BB6903F00403002B02D0786817F038
:108A2000A5FA7B681B6859687B681B68BA690A43AA
:108A30005A6000E000BF3437BD4690BD80B582B0BB
:108A400000AF78600B46FB707B6893F8BC33012B5A
:108A500001D1022313E07B68012283F8BC237B68E9
:108A6000FA7883F838207B681B68FA781146184634
:108A700003F0DCFF7B68002283F8BC230023184648
:108A80000837BD4680BD80B584B000AF7860084629
:108A900011461A460346FB700B463B801346BB70DB
:108AA0000023FB7297F90330002B0FDAFB7803F0F9
:108AB0000F021346DB009B1A9B0038337A6813447D
:108AC0000433FB60FB6801225A700FE0FB7803F06F
:108AD0000F021346DB009B1A9B0003F5FC737A68B8
:108AE00013440433FB60FB6800225A70FB7803F0E8
:108AF0000F03DAB2FB681A703A88FB689A60FB6869
:108B0000BA78DA70FB685B78002B04D0FB681B78BE
:108B10009AB2FB68DA80BB78022B02D1FB68002294
:108B20001A717B6893F8BC33012B01D102230EE04C
:108B30007B68012283F8BC237B681B68F9681846B0
:108B400003F002F97B68002283F8BC23FB7A184605
:108B50001037BD4680BD80B584B000AF78600B464D
:108B6000FB7097F90330002B0FDAFB7803F00F024C
:108B70001346DB009B1A9B0038337A681344043396
:108B8000FB60FB6801225A700FE0FB7803F00F02D4
:108B90001346DB009B1A9B0003F5FC737A681344B1
:108BA0000433FB60FB6800225A70FB7803F00F036C
:108BB000DAB2FB681A707B6893F8BC33012B01D1E1
:108BC00002230EE07B68012283F8BC237B681B68CC
:108BD000F968184603F040F97B68002283F8BC234B
:108BE000002318461037BD4680BD80B586B000AF63
:108BF000F8607A603B600B46FB72FB7A03F00F0271
:108C00001346DB009B1A9B0003F5FC73FA681344C0
:108C100004337B617B697A68DA607B693A685A6100
:108C20007B6900229A617B6900225A70FB7A03F00B
:108C30000F03DAB27B691A70FB681B69012B02D142
:108C40007A687B691A61FB7A03F00F03002B09D164
:108C5000FB681868FB681B69DBB21A46796903F088
:108C600023FC08E0FB681868FB681B69DBB21A4646
:108C7000796903F0CDF9002318461837BD4680BD49
:108C800080B483B000AF78600B46FB70FB7803F0D4
:108C90000F0279681346DB009B1A9B000B4403F517
:108CA00005731B6818460C37BD465DF8047B70479A
:108CB00080B586B000AFF8607A603B600B46FB720F
:108CC000FB7A03F00F021346DB009B1A9B0038333C
:108CD000FA68134404337B617B697A68DA607B69E4
:108CE0003A685A617B6900229A617B6901225A7055
:108CF000FB7A03F00F03DAB27B691A70FB681B6919
:108D0000012B02D17A687B691A61FB7A03F00F03A9
:108D1000002B09D1FB681868FB681B69DBB21A4697
:108D2000796903F0C1FB08E0FB681868FB681B6900
:108D3000DBB21A46796903F06BF90023184618373D
:108D4000BD4680BD80B584B000AF78600B46FB7037
:108D5000FB7803F00F027B685B689A4201D901231C
:108D600050E097F90330002B0FDAFB7803F00F0285
:108D70001346DB009B1A9B0038337A681344043394
:108D8000FB60FB6801225A700DE0FA781346DB00A5
:108D90009B1A9B0003F5FC737A6813440433FB6051
:108DA000FB6800225A70FB6801229A70FB7803F07E
:108DB0000F03DAB2FB681A707B6893F8BC33012B9F
:108DC00001D102231EE07B68012283F8BC237B686B
:108DD0001B68F968184603F055FDFB7803F00F0394
:108DE000002B0AD17B6818687B681B69D9B27B6845
:108DF00003F571731A4603F047FF7B68002283F87E
:108E0000BC23002318461037BD4680BD80B584B012
:108E100000AF78600B46FB70FB7803F00F027B68B5
:108E20005B689A4201D9012342E097F90330002B95
:108E30000FDAFB7803F00F021346DB009B1A9B004E
:108E400038337A6813440433FB60FB6801225A709C
:108E50000FE0FB7803F00F021346DB009B1A9B0028
:108E600003F5FC737A6813440433FB60FB6800224B
:108E70005A70FB6800229A70FB7803F00F03DAB295
:108E8000FB681A707B6893F8BC33012B01D1022375
:108E90000EE07B68012283F8BC237B681B68F968BD
:108EA000184603F05DFD7B68002283F8BC23002395
:108EB00018461037BD4680BD80B58AB002AF7860D5
:108EC00039607B681B687B617B693B613A6813464C
:108ED000DB009B1A9B0038337A6813440433FB6031
:108EE000FB689A69FB685B699A4201D901236CE0CF
:108EF000FB685A69FB689B69D31AFB61FB689B6836
:108F0000FA699A4202D9FB689B68FB61FB690333EB
:108F10009B08BB612BE0FB685A69FB689B69D31A0D
:108F2000FB61FB689B68FA699A4202D9FB689B68FF
:108F3000FB61FB6903339B08BB61FB68D9683B6835
:108F4000DAB2FB6998B27B681B69DBB20093034617
:108F5000786903F001FCFB68DA68FB691A44FB6876
:108F6000DA60FB689A69FB691A44FB689A613B689E
:108F70005A013B69134403F510639B699BB2BA69BC
:108F80009A4209D8FB689A69FB685B699A4203D2E6
:108F9000FB685B69002BBED1FB685A69FB689B6963
:108FA0009A4211D83B6803F00F03012202FA03F33F
:108FB000BB603B6903F500635A6BBB68DB433969EF
:108FC00001F5006113404B63002318462037BD466E
:108FD00080BD000080B586B000AF786039607B68E6
:108FE0001B687B617B693B617B693C3304331B6895
:108FF000FB603B685A013B69134403F530639B688F
:10900000BB607B681B69012B40F0A080BB6803F04C
:109010000803002B15D0FB68724A934240F2DD80B2
:10902000BB6803F40043002B00F0D7803B685A0173
:109030003B69134403F530631A464FF400439360D1
:10904000CBE0BB6803F02003002B09D03B685A013A
:109050003B69134403F530631A4620239360BCE058
:10906000BB6803F02803002B40F0B780FB685D4A23
:1090700093420FD9BB6803F40043002B0AD03B682E
:109080005A013B69134403F530631A464FF4004319
:109090009360A2E079683A681346DB009B1A9B0054
:1090A0000B4403F501731A683B6859013B690B4493
:1090B00003F530631B69C3F31203D11A78683A6869
:1090C0001346DB009B1A9B00034403F505731960EC
:1090D00079683A681346DB009B1A9B000B4403F542
:1090E0000273196878683A681346DB009B1A9B0084
:1090F000034403F501731B68194478683A68134602
:10910000DB009B1A9B00034403F5027319603B6864
:10911000002B14D179683A681346DB009B1A9B0038
:109120000B4403F504731B68002B08D17B68186897
:109130007B6803F571731A46012103F0A5FD3B68B6
:10914000DBB21946786816F03FFE46E0FB68264A17
:10915000934224D1BB6803F40043002B0AD03B6840
:109160005A013B69134403F530631A464FF4004338
:10917000936032E0BB6803F02003002B08D03B680B
:109180005A013B69134403F530631A462023936068
:109190003B68DBB21946786816F016FE1DE03B68A6
:1091A000002B14D179683A681346DB009B1A9B00A8
:1091B0000B4403F504731B68002B08D17B68186807
:1091C0007B6803F571731A46002103F05DFD3B686F
:1091D000DBB21946786816F0F7FD002318461837F9
:1091E000BD4680BD0A30544F0A31544F80B586B019
:1091F00000AF786039607B681B687B617B693B618D
:109200007B693C3304331B68FB603B685A013B6954
:10921000134403F530639B68BB60FB68154A9342B7
:109220000ED9BB6803F40043002B09D03B685A01F8
:109230003B69134403F530631A464FF400439360CF
:10924000786816F0AFFDFB680A4A93420CD97B6838
:109250001B69012B08D17B6818687B6803F5717363
:109260001A46012103F010FD002318461837BD46A9
:1092700080BD00BF0A30544F80B485B000AF786025
:109280000B46FB7013463B807B681B685B6ABB60C8
:10929000FB78002B07D13B8819047B681B68BA68F0
:1092A0000A439A6228E07B681B689B6A1B0CBA68B9
:1092B0001344BB600023FB730DE07B681A68FB7BE3
:1092C00040339B0013445B681B0CBA681344BB60BB
:1092D000FB7B0133FB73FA7BFB78013B9A42ECD3B7
:1092E0003B8818047B681968FB78013BBA68024325
:1092F00040339B000B445A60002318461437BD4688
:109300005DF8047B704780B483B000AF78600B4693
:109310007B807B681B687A885A62002318460C376A
:10932000BD465DF8047B704780B485B000AF7860BF
:109330007B681B68FB607B680122C3F8FC237B68A9
:10934000002283F8F423FB689B6943F00062FB680A
:109350009A61FB685A6D054B1343FA685365002305
:1093600018461437BD465DF8047B704703000010B3
:1093700080B483B000AF78600B46FB7000BF0C3741
:10938000BD465DF8047B704780B400AF054BDB68D9
:10939000044A43F08073D36000BFBD465DF8047B90
:1093A000704700BF0048025880B489B000AFB34B8B
:1093B0001B6903F03803182B00F2558101A252F803
:1093C00023F000BF299400086796000867960008FC
:1093D0006796000867960008679600086796000879
:1093E000679600084F940008679600086796000883
:1093F0006796000867960008679600086796000859
:10940000679600085594000867960008679600085C
:109410006796000867960008679600086796000838
:10942000679600085B940008944B1B6803F02003C8
:10943000002B09D0914B1B68DB0803F00303904A13
:1094400022FA03F3BB6111E18D4BBB610EE18D4B41
:10945000BB610BE18C4BBB6108E1884B9B6A03F05D
:1094600003037B61854B9B6A1B0903F03F033B6150
:10947000824BDB6A03F00103FB60804B5B6BDB0814
:10948000C3F30C03FA6802FB03F307EE903AF8EE1D
:10949000677AC7ED027A3B69002B00F0E1807B69B7
:1094A000022B00F083807B69022B00F2A1807B6994
:1094B000002B03D07B69012B56D099E06F4B1B68C2
:1094C00003F02003002B2DD06C4B1B68DB0803F04E
:1094D00003036B4A22FA03F37B607B6807EE903A42
:1094E000F8EE676A3B6907EE903AF8EE677A86EE27
:1094F000A77A624B1B6BC3F3080307EE903AF8EEB2
:10950000676A97ED026ADFED615AC6EE257A76EE5C
:10951000A77AF7EE006A77EEA67A67EE277AC7EDAC
:10952000077A87E03B6907EE903AF8EE677ADFED5D
:10953000586A86EEA77A514B1B6BC3F3080307EEFC
:10954000903AF8EE676A97ED026ADFED505AC6EE80
:10955000257A76EEA77AF7EE006A77EEA67A67EEBE
:10956000277AC7ED077A65E03B6907EE903AF8EE97
:10957000677ADFED486A86EEA77A404B1B6BC3F330
:10958000080307EE903AF8EE676A97ED026ADFED9E
:109590003F5AC6EE257A76EEA77AF7EE006A77EEA6
:1095A000A67A67EE277AC7ED077A43E03B6907EEB4
:1095B000903AF8EE677ADFED386A86EEA77A2F4B9D
:1095C0001B6BC3F3080307EE903AF8EE676A97ED5A
:1095D000026ADFED2E5AC6EE257A76EEA77AF7EE0E
:1095E000006A77EEA67A67EE277AC7ED077A21E060
:1095F0003B6907EE903AF8EE677ADFED266A86EE71
:10960000A77A1E4B1B6BC3F3080307EE903AF8EEE4
:10961000676A97ED026ADFED1D5AC6EE257A76EE8F
:10962000A77AF7EE006A77EEA67A67EE277AC7ED9B
:10963000077A00BF114B1B6B5B0A03F07F030133FA
:109640003B603B6807EE903AB8EE677AD7ED076A61
:10965000C6EE877AFCEEE77A17EE903ABB6105E03A
:109660000023BB6102E0074BBB6100BFBB6918462A
:109670002437BD465DF8047B704700BF00440258A4
:109680000090D00300093D000024F40000000046D3
:109690000024744C0024744A0024744B80B582B0BA
:1096A00000AFFFF781FE0246104B9B691B0A03F0D7
:1096B0000F030F49CB5C03F01F0322FA03F37B6017
:1096C0000A4B9B6903F00F03094AD35C03F01F03A5
:1096D0007A6822FA03F3074A1360074A7B6813602B
:1096E000044B1B6818460837BD4680BD004402582D
:1096F00048590208180000241400002480B483B0E4
:1097000000AF786039607B681B6B23F00F023B6809
:109710001A437B681A6300BF0C37BD465DF8047BB3
:10972000704780B483B000AF78607B689B6803F0BB
:109730000103012B01D1012300E0002318460C375F
:10974000BD465DF8047B704790B585B000AF78608A
:1097500039600023FB737B68224A93420ED1224872
:10976000FFF7DFFF04462148FFF7DBFF03462343F3
:10977000002B0CBF01230023DBB208E01C48FFF7DD
:10978000D0FF0346002B0CBF01230023DBB2002BCC
:1097900020D03B685B68002B12D07B689A68154B21
:1097A00013403A6811683A68526811433A689268FF
:1097B00011433A68D2680A431A437B689A600BE007
:1097C0007B689A680B4B13403A6812681A437B68AF
:1097D0009A6001E00123FB73FB7B18461437BD46FA
:1097E00090BD00BF00230240002002400021024043
:1097F00000600258E030C0FF80B584B000AF7860F0
:1098000039600023FB737868FFF78BFF0346002B5A
:1098100015D17B68DA680D4B13403A6811683A68D5
:1098200092680A431A437B68DA607B681B6923F0FD
:1098300070423B685B681A437B681A6101E0012350
:10984000FB73FB7B18461037BD4680BDE3BFFFFFAF
:1098500080B584B000AF786039600023FB7378680E
:10986000FFF75FFF0346002B32D13B685B68002B9C
:1098700015D07B68DA681A4B13403A6811683A6869
:10988000926811433A68D26811433A6812691143E9
:109890003A6852690A431A437B68DA6011E07B68D0
:1098A000DA680F4B13403A6811683A68D26811437E
:1098B0003A68126911433A6852690A431A437B684D
:1098C000DA603B685B6819467868FFF717FF01E0CC
:1098D0000123FB73FB7B18461037BD4680BD00BFDC
:1098E0001CC0F0FF80B483B000AF786039607B6843
:1098F0001A683B6803F01003012101FA03F31A40D0
:109900003B6803F01003012101FA03F39A4201D1ED
:10991000012300E0002318460C37BD465DF8047BA8
:10992000704780B586B000AFF860B9607A600023F8
:10993000FB75B968F868FFF7D5FF0346002B4ED1D9
:109940007B685B68002B1BD0FB681A68BB6803F060
:10995000100340F6FC7101FA03F3DB431A407B6805
:1099600019687B685B6819437B689B681943BB680F
:1099700003F0100301FA03F31A43FB681A6013E0C3
:10998000FB681A68BB6803F01003FC2101FA03F3BB
:10999000DB431A407B681968BB6803F0100301FAC7
:1099A00003F31A43FB681A60FB68DA6BBB6803F0C9
:1099B0001003072101FA03F3DB431A407B68D968DF
:1099C0007B681B6919437B685B691943BB6803F0BB
:1099D000100301FA03F31A43FB68DA6301E0012381
:1099E000FB75FB7D18461837BD4680BD80B485B039
:1099F00000AFF860B9607A60FB681968BB6803FB68
:109A000003F213465B001344DB4301EA0302BB6825
:109A100003FB03F3796801FB03F31A43FB681A6045
:109A200000BF1437BD465DF8047B704780B485B035
:109A300000AFF860B9607A60FB685A68BB68DB43C6
:109A40001A40BB68796801FB03F31A43FB685A604C
:109A500000BF1437BD465DF8047B704780B485B005
:109A600000AFF860B9607A60FB689968BB6803FB77
:109A700003F213465B001344DB4301EA0302BB68B5
:109A800003FB03F3796801FB03F31A43FB689A6055
:109A900000BF1437BD465DF8047B704780B485B0C5
:109AA00000AFF860B9607A60FB68D968BB6803FBF7
:109AB00003F213465B001344DB4301EA0302BB6875
:109AC00003FB03F3796801FB03F31A43FB68DA60D5
:109AD00000BF1437BD465DF8047B704780B485B085
:109AE00000AFF860B9607A60FB68196ABB6803FB75
:109AF00003F3BA6802FB03F3BA6802FB03F21346EE
:109B00001B019B1ADB4301EA0302BB6803FB03F35F
:109B1000B96801FB03F3B96801FB03F3796801FB42
:109B200003F31A43FB681A6200BF1437BD465DF8A1
:109B3000047B704780B485B000AFF860B9607A608C
:109B4000FB68596ABB681B0ABA68120A02FB03F376
:109B5000BA68120A02FB03F3BA68120A02FB03F2A4
:109B600013461B019B1ADB4301EA0302BB681B0A75
:109B7000B968090A01FB03F3B968090A01FB03F399
:109B8000B968090A01FB03F3796801FB03F31A437F
:109B9000FB685A6200BF1437BD465DF8047B70470E
:109BA00080B588B000AF786039603B681B683B6166
:109BB0003B6993FAA3F3FB60FB687B617B69002B35
:109BC00001D1202303E07B69B3FA83F3DBB2FB61AD
:109BD00048E03B681A680121FB6901FA03F313406E
:109BE000BB61BB69002B3AD03B685B68012B03D09B
:109BF0003B685B68022B0ED13B689B681A46B969CB
:109C00007868FFF72BFF3B6819683B68DB681A46EA
:109C10007868FFF70BFF3B681B691A46B9697868DB
:109C2000FFF73CFF3B685B68022B11D1BB69FF2B40
:109C300007D83B685B691A46B9697868FFF74EFF39
:109C400006E03B685B691A46B9697868FFF772FFFE
:109C50003B685B681A46B9697868FFF7C7FEFB691D
:109C60000133FB613B681A68FB6922FA03F3002B9E
:109C7000AFD1002318462037BD4680BD80B400AF69
:109C8000074B1B6803F40033B3F5003F01D10123F8
:109C900000E000231846BD465DF8047B704700BF16
:109CA0000044025880B400AF064B1B6803F0040365
:109CB000042B01D1012300E000231846BD465DF8C6
:109CC000047B70470044025880B400AF044B1B680B
:109CD00003F018031846BD465DF8047B704700BFCB
:109CE0000044025880B400AF074B1B6803F4807334
:109CF000B3F5807F01D1012300E000231846BD4663
:109D00005DF8047B704700BF0044025880B400AF88
:109D1000064B1B6F03F00203022B01D1012300E06D
:109D200000231846BD465DF8047B70470044025886
:109D300080B400AF044B1B6903F038031846BD46DE
:109D40005DF8047B704700BF0044025880B400AF48
:109D5000044B9B6903F470631846BD465DF8047BB1
:109D6000704700BF0044025880B400AF044B9B69A9
:109D700003F00F031846BD465DF8047B704700BF33
:109D80000044025880B400AF044BDB6903F0700359
:109D90001846BD465DF8047B704700BF004402587A
:109DA00080B400AF044BDB6903F4E0631846BD46A2
:109DB0005DF8047B704700BF0044025880B485B052
:109DC00000AF78607B68DAB20E4B1344FB60FB682F
:109DD0001A687B68190E7B681B0A03F01F0301FADF
:109DE00003F31A407B681B0A03F01F0322FA03F3F4
:109DF0001A047B68134318461437BD465DF8047B8C
:109E0000704700BF4C44025880B582B000AF786004
:109E10007868FFF7D3FF034618460837BD4680BD74
:109E200080B400AF044B9B6A03F003031846BD46A1
:109E30005DF8047B704700BF0044025880B400AF57
:109E4000074BDB6A03F48033B3F5803F01D1012374
:109E500000E000231846BD465DF8047B704700BF54
:109E60000044025880B400AF074BDB6A03F40033B0
:109E7000B3F5003F01D1012300E000231846BD46A1
:109E80005DF8047B704700BF0044025880B400AF07
:109E9000074BDB6A03F48023B3F5802F01D1012344
:109EA00000E000231846BD465DF8047B704700BF04
:109EB0000044025880B400AF064BDB6A03F0010394
:109EC000012B01D1012300E000231846BD465DF8B7
:109ED000047B70470044025880B400AF044B1B6BF6
:109EE000C3F3080301331846BD465DF8047B704791
:109EF0000044025880B400AF044B9B6A1B0903F076
:109F00003F031846BD465DF8047B70470044025885
:109F100080B400AF054B1B6B5B0A03F07F0301337A
:109F20001846BD465DF8047B704700BF00440258E8
:109F300080B400AF054B1B6B1B0C03F07F03013398
:109F40001846BD465DF8047B704700BF00440258C8
:109F500080B400AF054B1B6B1B0E03F07F03013376
:109F60001846BD465DF8047B704700BF00440258A8
:109F700080B400AF044B5B6BDB08C3F30C031846E3
:109F8000BD465DF8047B70470044025880B400AFC2
:109F9000074B1B6803F00063B3F1006F01D101238D
:109FA00000E000231846BD465DF8047B704700BF03
:109FB0000044025880B400AF074BDB6A03F400236F
:109FC000B3F5002F01D1012300E000231846BD4660
:109FD0005DF8047B704700BF0044025880B400AFB6
:109FE000074BDB6A03F48013B3F5801F01D1012313
:109FF00000E000231846BD465DF8047B704700BFB3
:10A000000044025880B400AF074BDB6A03F400132E
:10A01000B3F5001F01D1012300E000231846BD461F
:10A020005DF8047B704700BF0044025880B400AF65
:10A03000064BDB6A03F01003102B01D1012300E073
:10A0400000231846BD465DF8047B70470044025863
:10A0500080B400AF044B9B6BC3F308030133184675
:10A06000BD465DF8047B70470044025880B400AFE1
:10A07000044B9B6A1B0B03F03F031846BD465DF87B
:10A08000047B70470044025880B400AF054B9B6BC3
:10A090005B0A03F07F0301331846BD465DF8047B7D
:10A0A000704700BF0044025880B400AF054B9B6B63
:10A0B0001B0C03F07F0301331846BD465DF8047B9B
:10A0C000704700BF0044025880B400AF054B9B6B43
:10A0D0001B0E03F07F0301331846BD465DF8047B79
:10A0E000704700BF0044025880B400AF044BDB6BE4
:10A0F000DB08C3F30C031846BD465DF8047B7047CC
:10A100000044025880B400AF074B1B6803F00053B3
:10A11000B3F1005F01D1012300E000231846BD46E2
:10A120005DF8047B704700BF0044025880B400AF64
:10A13000074BDB6A03F48003B3F5800F01D10123E1
:10A1400000E000231846BD465DF8047B704700BF61
:10A150000044025880B400AF074BDB6A03F40003ED
:10A16000B3F5000F01D1012300E000231846BD46DE
:10A170005DF8047B704700BF0044025880B400AF14
:10A18000074BDB6A03F08073B3F1807F01D10123B9
:10A1900000E000231846BD465DF8047B704700BF11
:10A1A0000044025880B400AF074BDB6A03F48073AD
:10A1B000B3F5807F01D1012300E000231846BD469E
:10A1C0005DF8047B704700BF0044025880B400AFC4
:10A1D000044B1B6CC3F3080301331846BD465DF8FE
:10A1E000047B70470044025880B400AF044B9B6A64
:10A1F0001B0D03F03F031846BD465DF8047B704716
:10A200000044025880B400AF054B1B6C5B0A03F09E
:10A210007F0301331846BD465DF8047B704700BFDD
:10A220000044025880B400AF054B1B6C1B0C03F0BC
:10A230007F0301331846BD465DF8047B704700BFBD
:10A240000044025880B400AF054B1B6C1B0E03F09A
:10A250007F0301331846BD465DF8047B704700BF9D
:10A260000044025880B400AF044B5B6CDB08C3F3BE
:10A270000C031846BD465DF8047B70470044025845
:10A2800080B58AB002AF78600023FB610023BB6118
:10A29000FFF7C6FD78617B69022B1FD07B69022B1B
:10A2A00024D87B69002B03D07B69012B0ED01DE0E5
:10A2B000FFF7F8FC0346002B1AD0FFF705FD034615
:10A2C000DB08384A22FA03F3FB6111E0FFF70AFDCD
:10A2D0000346002B0ED0344BFB610BE0FFF7CEFCA6
:10A2E0000346002B08D0314BFB6105E000BF04E0C2
:10A2F00000BF02E000BF00E000BF7B6800221A60E0
:10A300007B6800225A607B6800229A60FFF7F2FDAA
:10A310003861FFF7E1FDF860FFF7CCFD0346002B45
:10A3200002D0FFF725FEB8613B69002B35D0FFF75F
:10A3300085FD0346002B0CD0FFF7EAFD0346009392
:10A34000BB69FA683969F86900F064F902467B680C
:10A350001A60FFF787FD0346002B0CD0FFF7E8FDDE
:10A3600003460093BB69FA683969F86900F052F94D
:10A3700002467B685A60FFF789FD0346002B0CD02C
:10A38000FFF7E6FD03460093BB69FA683969F8698F
:10A3900000F040F902467B689A6000BF2037BD4656
:10A3A00080BD00BF0090D00300093D000024F400F0
:10A3B00080B58AB002AF78600023FB610023BB61E7
:10A3C000FFF72EFD78617B69022B1FD07B69022B82
:10A3D00024D87B69002B03D07B69012B0ED01DE0B4
:10A3E000FFF760FC0346002B1AD0FFF76DFC034615
:10A3F000DB08384A22FA03F3FB6111E0FFF772FC35
:10A400000346002B0ED0344BFB610BE0FFF736FC0C
:10A410000346002B08D0314BFB6105E000BF04E090
:10A4200000BF02E000BF00E000BF7B6800221A60AE
:10A430007B6800225A607B6800229A60FFF716FE54
:10A440003861FFF705FEF860FFF7F0FD0346002BCB
:10A4500002D0FFF749FEB8613B69002B35D0FFF70A
:10A46000A9FD0346002B0CD0FFF70EFE0346009318
:10A47000BB69FA683969F86900F0CCF802467B6874
:10A480001A60FFF7ABFD0346002B0CD0FFF70CFE64
:10A4900003460093BB69FA683969F86900F0BAF8B5
:10A4A00002467B685A60FFF7ADFD0346002B0CD0D7
:10A4B000FFF70AFE03460093BB69FA683969F86939
:10A4C00000F0A8F802467B689A6000BF2037BD46BE
:10A4D00080BD00BF0090D00300093D000024F400BF
:10A4E00080B58AB002AF78600023FB610023BB61B6
:10A4F000FFF796FC78617B69022B1FD07B69022BEA
:10A5000024D87B69002B03D07B69012B0ED01DE082
:10A51000FFF7C8FB0346002B1AD0FFF7D5FB034615
:10A52000DB08394A22FA03F3FB6111E0FFF7DAFB9B
:10A530000346002B0ED0354BFB610BE0FFF79EFB73
:10A540000346002B08D0324BFB6105E000BF04E05E
:10A5500000BF02E000BF00E000BF7B6800221A607D
:10A560007B6800225A607B6800229A60FFF73CFEFD
:10A570003861FFF72BFEF860FFF714FE0346002B4F
:10A5800002D0FFF76FFEB8613B69002B38D0FB6942
:10A59000002B35D0FFF7CAFD0346002B0CD0FFF788
:10A5A00031FE03460093BB69FA683969F86900F027
:10A5B00031F802467B681A60FFF7CCFD0346002B9A
:10A5C0000CD0FFF72FFE03460093BB69FA68396988
:10A5D000F86900F01FF802467B685A60FFF7CEFD6D
:10A5E0000346002B0CD0FFF72DFE03460093BB69FA
:10A5F000FA683969F86900F00DF802467B689A60DC
:10A6000000BF2037BD4680BD0090D00300093D004B
:10A610000024F40080B487B000AFF860B9607A60BD
:10A620003B60FB6807EE903AF8EE676ABB6807EE9E
:10A63000903AF8EE677A86EEA77A7B6807EE903A52
:10A64000F8EE676A3B6807EE903AB8EE676ADFEDAE
:10A65000105AC6EE257A76EEA77A67EE277AC7ED0E
:10A66000057A3B6A07EE903AB8EE677AD7ED056A4D
:10A67000C6EE877AC7ED057AD7ED057AFCEEE77A64
:10A6800017EE903A18461C37BD465DF8047B7047BC
:10A690000000004690B587B000AF786000237B6172
:10A6A0007868FFF7B1FB0346624A934200F0A98045
:10A6B000604A934200F2AE805F4A934200F0A1806C
:10A6C0005D4A934200F2A6805C4A934200F091807A
:10A6D0005A4A934200F29E80594A934200F0898080
:10A6E000574A934200F29680564A934273D0554A95
:10A6F000934200F28F80544A93426CD0524A934264
:10A7000000F28880514A934258D0504A934200F256
:10A7100081804F4A934251D04D4A93427AD84D4A54
:10A7200093423ED04B4A934274D84B4A934238D01E
:10A73000494A93426ED8494A93421AD0484A9342B2
:10A7400068D100F095F80446FFF700FB03461B0AAA
:10A7500003F00F03434AD35C03F01F0324FA03F30F
:10A76000184600F0E7F80346184600F011F9786142
:10A770005BE000F07DF80446FFF7E8FA03461B0AA9
:10A7800003F00F03374AD35C03F01F0324FA03F3EB
:10A79000184600F0CFF80346184600F0E1F878615B
:10A7A00043E0FFF7F3FB0346002B35D007F1080326
:10A7B0001846FFF7FDFDFB687B612DE0FFF7A2FC6B
:10A7C0000346002B2AD007F108031846FFF788FE3E
:10A7D000FB687B6122E0FFF765FA0346002B1FD080
:10A7E000FFF772FA0346DB081F4A22FA03F37B6184
:10A7F00016E0FFF777FA0346002B13D01B4B7B6163
:10A8000010E0FFF783FA0346002B0DD04FF400430E
:10A810007B6109E000BF08E000BF06E000BF04E084
:10A8200000BF02E000BF00E000BF7B6918461C3794
:10A83000BD4690BD08030507080005070803040787
:10A8400008000407080303070800030708030207BA
:10A8500008000207080301070800010708000007B5
:10A8600008030007585902080090D00300093D0072
:10A8700080B584B000AF0023FB60FFF759FA0346B0
:10A88000182B4BD801A252F823F000BFF1A8000802
:10A890001DA900081DA900081DA900081DA9000880
:10A8A0001DA900081DA900081DA9000803A900088A
:10A8B0001DA900081DA900081DA900081DA9000860
:10A8C0001DA900081DA900081DA9000809A9000864
:10A8D0001DA900081DA900081DA900081DA9000840
:10A8E0001DA900081DA900081DA900080FA900083E
:10A8F000FFF7EAF90346DB080B4A22FA03F3FB6091
:10A900000DE00A4BFB600AE0094BFB6007E03B46A9
:10A910001846FFF7B5FC3B68FB6000E000BFFB6832
:10A9200018461037BD4680BD0090D00300093D0099
:10A930000024F40080B582B000AF7860FFF714FA0D
:10A94000034603F00F03054AD35C03F01F037A6844
:10A9500022FA03F318460837BD4680BD585902084D
:10A9600080B582B000AF7860FFF70CFA03461B0990
:10A9700003F00703054AD35C03F01F037A6822FA49
:10A9800003F318460837BD4680BD00BF585902087A
:10A9900080B582B000AF7860FFF702FA03461B0A69
:10A9A00003F00703054AD35C03F01F037A6822FA19
:10A9B00003F318460837BD4680BD00BF585902084A
:10A9C00080B483B000AF78607B681B6803F001033C
:10A9D000012B01D1012300E0002318460C37BD46AE
:10A9E0005DF8047B704780B483B000AF7860396055
:10A9F0007B681B6823F480523B681A437B681A60AB
:10AA000000BF0C37BD465DF8047B704780B483B04F
:10AA100000AF78607B68DB6803F0805318460C3722
:10AA2000BD465DF8047B704780B483B000AF7860AA
:10AA300039607B683A681A6400BF0C37BD465DF820
:10AA4000047B704780B586B000AF78603960012321
:10AA5000FB757868FFF7B4FF0346002B69D17B686C
:10AA60009A68364B13403A6891693A68126A114302
:10AA70003A6892680A431A437B689A603B685B694C
:10AA80003B613B685B68FB603B69B3F1806F18D149
:10AA90007868FFF7BBFF0346002B03D1FB68B3F5D3
:10AAA000800F09D07868FFF7B1FF0346B3F1805FEC
:10AAB00007D1FB68002B04D14FF480517868FFF771
:10AAC00092FF7B68DA681E4B13403A6851693A6816
:10AAD000D26811433A68126911433A68D269114346
:10AAE0003A68526811433A68126802F4C0220A4375
:10AAF0001A437B68DA607B681B6823F400623B685A
:10AB00001B6803F400631A437B681A603B681B6A86
:10AB1000B3F5800F05D13B685B6A19467868FFF78B
:10AB200083FF7B681B6D23F001027B681A6500239D
:10AB3000FB75FB7D18461837BD4680BDE0FFBF8F13
:10AB4000FFFF39D880B483B000AF786039607B688C
:10AB50003A689A6200BF0C37BD465DF8047B7047C7
:10AB600080B483B000AF786039607B683A68DA629D
:10AB700000BF0C37BD465DF8047B704780B483B0DE
:10AB800000AF786039607B683A681A6300BF0C37A1
:10AB9000BD465DF8047B704780B483B000AF786039
:10ABA00039607B683A685A6300BF0C37BD465DF870
:10ABB000047B704780B483B000AF786039607B68F5
:10ABC0003A689A6300BF0C37BD465DF8047B704756
:10ABD00080B483B000AF786039607B683A68DA632C
:10ABE00000BF0C37BD465DF8047B704780B483B06E
:10ABF00000AF786039607B683A681A6400BF0C3730
:10AC0000BD465DF8047B704780B483B000AF7860C8
:10AC100039607B689B6D7B683A689A6500BF0C372A
:10AC2000BD465DF8047B704780B483B000AF7860A8
:10AC300039607B683A68DA6500BF0C37BD465DF85D
:10AC4000047B704780B483B000AF78607B685B6939
:10AC500043F001027B685A6100BF0C37BD465DF8C6
:10AC6000047B704780B584B000AF786039607B6842
:10AC70001B68FB607B683D4A934213D07B68B3F14D
:10AC8000804F0FD07B683A4A93420BD07B68394A99
:10AC9000934207D07B68384A934203D07B68374A97
:10ACA000934206D1FB6823F070023B685B68134354
:10ACB000FB607B682D4A93421FD07B68B3F1804FC5
:10ACC0001BD07B682A4A934217D07B68294A93425B
:10ACD00013D07B68284A93420FD07B68274A93425F
:10ACE0000BD07B68264A934207D07B68254A934263
:10ACF00003D07B68244A934206D1FB6823F4407258
:10AD00003B68DB681343FB607B68FA681A603B684A
:10AD10009B6819467868FFF723FF3B681B88194634
:10AD20007868FFF70FFF7B68104A93420FD07B686B
:10AD3000124A93420BD07B68114A934207D07B683A
:10AD4000104A934203D07B680F4A934205D13B6877
:10AD50001B6919467868FFF711FF7868FFF772FFE3
:10AD6000002318461037BD4680BD00BF00000140DB
:10AD70000004004000080040000C004000040140B6
:10AD800000400140004401400048014080B586B0C9
:10AD900000AFF860B9607A600123FB75BB68B3F55A
:10ADA000801F45D0BB68B3F5801F48D8BB68B3F59A
:10ADB000803F36D0BB68B3F5803F40D8BB68B3F561
:10ADC000805F27D0BB68B3F5805F38D8BB68B3F528
:10ADD000807F18D0BB68B3F5807F30D8BB68012B6B
:10ADE00003D0BB68102B07D029E07968F86800F021
:10ADF0002DF80346FB7523E07968F86800F0A6F8A3
:10AE00000346FB751CE07968F86800F023F90346F7
:10AE1000FB7515E07968F86800F0A0F90346FB754A
:10AE20000EE07968F86800F005FA0346FB7507E064
:10AE30007968F86800F062FA0346FB7500E000BF2D
:10AE4000FB7D18461837BD4680BD000080B586B032
:10AE500000AF786039607B681B6A23F001027B6871
:10AE60001A627B681B6A7B617B685B683B617B68FD
:10AE70009B69FB60FB6823F00303FB60FA682D4BC2
:10AE800013403A6812681343FB607B6923F00202A7
:10AE90003B681B6913437B617B6923F001023B68BC
:10AEA0005B6813437B617B68234A93420FD07B68C6
:10AEB000224A93420BD07B68214A934207D07B6899
:10AEC000204A934203D07B681F4A93421ED17B697C
:10AED00023F008023B685B699B0013437B617B693D
:10AEE00023F004023B689B689B0013437B613B6932
:10AEF00023F480723B689B6913433B613B6923F4F5
:10AF000000723B68DB695B0013433B617B683A6915
:10AF10005A607B68FA689A613B68DB681946786812
:10AF2000FFF73AFE7B687A691A62002318461837E1
:10AF3000BD4680BD8FFFFEFF0000014000040140C0
:10AF400000400140004401400048014080B586B007
:10AF500000AF786039607B681B6A23F010027B6861
:10AF60001A627B681B6A7B617B685B683B617B68FC
:10AF70009B69FB60FB6823F44073FB60FA682F4B0E
:10AF800013403A68126812021343FB607B6923F096
:10AF900020023B681B691B0113437B617B6923F023
:10AFA00010023B685B681B0113437B617B68244A8A
:10AFB00093420FD07B68234A93420BD07B68224A8E
:10AFC000934207D07B68214A934203D07B68204A92
:10AFD00093421FD17B6923F080023B685B699B0130
:10AFE00013437B617B6923F040023B689B689B01B4
:10AFF00013437B613B6923F480623B689B699B0040
:10B0000013433B613B6923F400623B68DB69DB006F
:10B0100013433B617B683A695A607B68FA689A61BE
:10B020003B68DB6819467868FFF7C4FD7B687A697E
:10B030001A62002318461837BD4680BDFF8FFFFEF9
:10B040000000014000040140004001400044014074
:10B050000048014080B586B000AF786039607B68F9
:10B060001B6A23F480727B681A627B681B6A7B61AF
:10B070007B685B683B617B68DB69FB60FB6823F096
:10B080000303FB60FA682F4B13403A6812681343BE
:10B09000FB607B6923F400723B681B691B0213434E
:10B0A0007B617B6923F480723B685B681B021343FE
:10B0B0007B617B68244A93420FD07B68234A93428A
:10B0C0000BD07B68224A934207D07B68214A934287
:10B0D00003D07B68204A93421FD17B6923F400622E
:10B0E0003B685B699B0213437B617B6923F480624D
:10B0F0003B689B689B0213437B613B6923F480524E
:10B100003B689B691B0113433B613B6923F400527D
:10B110003B68DB695B0113433B617B683A695A60BA
:10B120007B68FA68DA613B68DB6819467868FFF784
:10B130004FFD7B687A691A62002318461837BD46AE
:10B1400080BD00BF8FFFFEFF0000014000040140F2
:10B1500000400140004401400048014080B586B0F5
:10B1600000AF786039607B681B6A23F480527B688B
:10B170001A627B681B6A3B617B685B687B617B68EA
:10B18000DB69FB60FB6823F44073FB60FA68234BC8
:10B1900013403A68126812021343FB603B6923F4C0
:10B1A00000523B681B691B0313433B613B6923F45B
:10B1B00080523B685B681B0313433B617B68184A02
:10B1C00093420FD07B68174A93420BD07B68164A94
:10B1D000934207D07B68154A934203D07B68144A98
:10B1E000934207D17B6923F480423B689B699B01B2
:10B1F00013437B617B687A695A607B68FA68DA611D
:10B200003B68DB6819467868FFF7F0FC7B683A69B1
:10B210001A62002318461837BD4680BDFF8FFFFE17
:10B220000000014000040140004001400044014092
:10B230000048014080B584B000AF786039607B6819
:10B240001B6A23F480327B681A627B681B6AFB608E
:10B250007B685B6DBB60BA68224B13403A6812682A
:10B260001343BB60FB6823F400323B681B691B047B
:10B270001343FB60FB6823F480323B685B681B046C
:10B280001343FB607B68184A93420FD07B68174AD0
:10B2900093420BD07B68164A934207D07B68154ACD
:10B2A000934203D07B68144A934209D17B685B6860
:10B2B00023F480323B689B691B021A437B685A6007
:10B2C0007B68BA685A653B68DB6819467868FFF79F
:10B2D0009BFC7B68FA681A62002318461037BD464B
:10B2E00080BD00BF8FFFFEFF000001400004014051
:10B2F00000400140004401400048014080B584B056
:10B3000000AF786039607B681B6A23F480127B6829
:10B310001A627B681B6AFB607B685B6DBB60BA6806
:10B32000224B13403A68126812021343BB60FB6859
:10B3300023F400123B681B691B051343FB60FB6889
:10B3400023F480123B685B681B051343FB607B683A
:10B35000174A93420FD07B68164A93420BD07B6802
:10B36000154A934207D07B68144A934203D07B6806
:10B37000134A934209D17B685B6823F480223B68BF
:10B380009B699B021A437B685A607B68BA685A655E
:10B390003B68DB6819467868FFF746FC7B68FA680B
:10B3A0001A62002318461037BD4680BDFF8FFFFE8E
:10B3B0000000014000040140004001400044014001
:10B3C0000048014080B483B000AF78607B681B68A0
:10B3D00003F00103012B01D1012300E000231846F3
:10B3E0000C37BD465DF8047B704780B483B000AF76
:10B3F000786039607B68DB6A23F00F033A6892B2A9
:10B400001A437B68DA6200BF0C37BD465DF8047BE7
:10B41000704780B483B000AF786039607B685B6848
:10B4200023F440523B681A437B685A6000BF0C37D4
:10B43000BD465DF8047B704780B483B000AF786090
:10B4400039607B689B6823F440723B681A437B68D1
:10B450009A6000BF0C37BD465DF8047B7047000062
:10B4600080B487B000AFF860B9607A603B607B68F9
:10B470000B2B3CD83B6A002B39D03B68B3F5004F0F
:10B4800022D17B68DBB21A461C4B53F82230BA68D3
:10B49000B2FBF3F35A003B6A5B081A443B6AB2FB07
:10B4A000F3F39BB27B617A694FF6F07313403B6113
:10B4B0007B695B089BB203F007033A6913433B6166
:10B4C000FB683A69DA6012E07B68DBB21A460B4B24
:10B4D00053F82230BA68B2FBF3F23B6A5B081A44B5
:10B4E0003B6AB2FBF3F39BB21A46FB68DA6000BF1B
:10B4F0001C37BD465DF8047B704700BF68590208E1
:10B5000080B586B002AF786039600123FB730023F9
:10B51000BB607868FFF756FF0346002B7FD17B683E
:10B520001A68414B13403A6891683A6812691143AE
:10B530003A68526911433A68D2690A431A437B68F0
:10B540001A603B68DB6819467868FFF762FF3B6862
:10B550009B6919467868FFF76FFF7B68334A93420F
:10B5600004D13348FFF796F8B8603DE07B68314A74
:10B57000934204D13048FFF78DF8B86034E07B681F
:10B580002E4A934204D12C48FFF784F8B8602BE090
:10B590007B682B4A934204D12748FFF77BF8B860B9
:10B5A00022E07B68274A934204D12348FFF772F8D0
:10B5B000B86019E07B68244A934204D11C48FFF725
:10B5C00069F8B86010E07B68204A934204D11A48B9
:10B5D000FFF760F8B86007E07B681D4A934203D12B
:10B5E0001548FFF757F8B860BB68002B11D03B68CF
:10B5F0005B68002B0DD00023FB733B681A683B6827
:10B60000D9693B685B6800930B46B9687868FFF7B7
:10B6100027FF3B681B6819467868FFF7E6FEFB7B4F
:10B6200018461037BD4680BDF369FFEF001001409A
:10B6300008030007004400400800000700480040DD
:10B64000004C0040005000400014014000780040D1
:10B65000007C004084B080B584B000AF786007F112
:10B660001C0080E80E003B6B012B20D17B689B6B9C
:10B6700023F480327B689A637B68DA682A4B134034
:10B680007A68D3607B68DB6823F440127B68DA60F9
:10B69000FB6C012B05D17B68DB6843F480127B686F
:10B6A000DA60786801F04EFB0346FB731AE07B68B2
:10B6B000DB6843F040027B68DA60786801F042FBA7
:10B6C0000346FB733B6C002B06D17B689B6B43F4FA
:10B6D00080327B689A6305E07B689B6B23F4803241
:10B6E0007B689A63BB6A012B16D17B68DB6D9AB2CB
:10B6F0007B68DA657B68DA6D0C4B13437A68D36537
:10B700007B689B6843F006027B689A607B689B6855
:10B7100043F020027B689A60FB7B18461037BD46D9
:10B72000BDE8804004B07047BFFFBDFF0000EE03DE
:10B7300080B487B000AFF860B9601346FB71FB7945
:10B74000022B65D1BB68414A934206D9BB68404A87
:10B75000934202D20F237B6162E0BB683C4A934272
:10B7600006D3BB683B4A934202D20E237B6157E06B
:10B77000BB68384A934206D3BB68374A934202D229
:10B780000D237B614CE0BB68334A934206D3BB6810
:10B79000324A934202D80C237B6141E0BB682F4AB6
:10B7A000934206D9BB682E4A934202D80B237B6191
:10B7B00036E0BB682A4A934206D9BB68294A9342BD
:10B7C00002D80A237B612BE0BB68264A934206D944
:10B7D000BB68254A934202D209237B6120E0BB6803
:10B7E000214A934206D3BB68204A934202D80823D9
:10B7F0007B6115E0BB681D4A934206D9BB681C4AB1
:10B80000934202D207237B610AE006237B6107E0B3
:10B81000FB79002B02D109237B6101E009237B61C5
:10B82000FB68DB6823F47052FB68DA60FB68DA6857
:10B830007B699B0203F470531A43FB68DA600023B0
:10B8400018461C37BD465DF8047B7047BFACD80076
:10B85000C0E1E4000024F400807306019F491A014E
:10B86000FF2C31013FA44C0100366E011FABA60135
:10B870000048E80180B483B000AF78607B689B68C3
:10B8800043F001027B689A60002318460C37BD46DE
:10B890005DF8047B704780B483B000AF78607B684C
:10B8A0009B6823F001027B689A60002318460C37DE
:10B8B000BD465DF8047B704780B584B000AF78600A
:10B8C0000B46FB700023FB607B68DB6823F0C04203
:10B8D0007B68DA60FB78012B15D17B68DB6843F06D
:10B8E00000527B68DA600120FBF7A6F8FB680133A1
:10B8F000FB60786801F095F90346012B1ED0FB68C8
:10B90000312BF0D91AE0FB78002B15D17B68DB686E
:10B9100043F080427B68DA600120FBF78DF8FB681A
:10B920000133FB60786801F07CF90346002B05D0F9
:10B93000FB68312BF0D901E0012305E0FB68322BD5
:10B9400001D1012300E0002318461037BD4680BD19
:10B9500084B080B586B000AF786007F1240080E83D
:10B960000E000023FB757B68FB6000233B6109E050
:10B970007A683B6940339B00134400225A603B695C
:10B9800001333B613B690E2BF2D9FB6C002B1CD1C0
:10B99000FB6803F500635B68FA6802F5006243F038
:10B9A000020353607B689B6B23F400127B689A63ED
:10B9B0007B681B6843F040027B681A607B681B68E9
:10B9C00043F080027B681A6005E07B689B6B43F460
:10B9D00000127B689A63FB6803F560631A460023D4
:10B9E0001360FB6803F500631946FB6803F5006309
:10B9F0001A460B681360BB6B012B0CD1FB6A002B42
:10BA000004D10021786800F061F908E0012178682C
:10BA100000F05CF903E00321786800F057F9102189
:10BA2000786800F0F3F80346002B01D00123FB7582
:10BA3000786800F01DF90346002B01D00123FB7547
:10BA4000FB6803F500631A4600231361FB6803F5E6
:10BA500000631A4600235361FB6803F500631A462E
:10BA60000023D36100233B6143E03B695A01FB683B
:10BA7000134403F510631B6803F00043B3F1004F58
:10BA800018D13B69002B0AD13B695A01FB6813446A
:10BA900003F510631A464FF00063136013E03B692F
:10BAA0005A01FB68134403F510631A464FF09043A4
:10BAB000136008E03B695A01FB68134403F5106307
:10BAC0001A46002313603B695A01FB68134403F5CF
:10BAD00010631A46002313613B695A01FB68134443
:10BAE00003F510631A464FF67F3393603B690133C9
:10BAF0003B617B6A3A699A42B7D300233B6143E0DA
:10BB00003B695A01FB68134403F530631B6803F07B
:10BB10000043B3F1004F18D13B69002B0AD13B69B8
:10BB20005A01FB68134403F530631A464FF0006373
:10BB3000136013E03B695A01FB68134403F530635B
:10BB40001A464FF09043136008E03B695A01FB68C6
:10BB5000134403F530631A46002313603B695A010E
:10BB6000FB68134403F530631A46002313613B69F5
:10BB70005A01FB68134403F530631A464FF67F33CE
:10BB800093603B6901333B617B6A3A699A42B7D360
:10BB9000FB6803F500631B69FA6802F5006223F491
:10BBA000807313617B6800229A617B686FF080422A
:10BBB0005A613B6B002B05D17B689B6943F01002F7
:10BBC0007B689A617B689A690E4B13437A6893612C
:10BBD000FB6B002B05D07B689B6943F008027B68F8
:10BBE0009A61FB6C012B05D17B689A69064B134364
:10BBF0007A689361FB7D18461837BD46BDE88040E2
:10BC000004B0704700383C800400004080B485B028
:10BC100000AF786039600023FB60FB680133FB6094
:10BC2000124A934201D903231AE07B681B69002B57
:10BC3000F3DA0023FB603B689B0143F020027B6842
:10BC40001A61FB680133FB60084A934201D9032360
:10BC500006E07B681B6903F02003202BF1D0002352
:10BC600018461437BD465DF8047B7047400D03004D
:10BC700080B485B000AF78600023FB60FB680133BF
:10BC8000FB60114A934201D9032317E07B681B69CB
:10BC9000002BF3DA0023FB607B6810221A61FB683B
:10BCA0000133FB60084A934201D9032306E07B6815
:10BCB0001B6903F01003102BF1D000231846143732
:10BCC000BD465DF8047B7047400D030080B485B02D
:10BCD00000AF78600B46FB707B68FB60FB6803F588
:10BCE00000631A68FB78F96801F5006113430B6083
:10BCF000002318461437BD465DF8047B704780B4B6
:10BD000087B000AF78607B683B613B6903F50063F7
:10BD10009B6803F00603FB60FB68002B02D1002345
:10BD2000FB750AE0FB68022B02D0FB68062B02D1F0
:10BD30000223FB7501E00F23FB75FB7D18461C37C2
:10BD4000BD465DF8047B704780B485B000AF786075
:10BD500039607B68FB603B681B78BB603B685B7845
:10BD6000012B39D1FB6803F50063DA693B681B7866
:10BD700003F00F03012101FA03F39BB2F96801F507
:10BD800000611343CB61BB685A01FB68134403F5A0
:10BD900010631B6803F40043002B53D1BB685A01A6
:10BDA000FB68134403F510631A683B689B68C3F390
:10BDB0000A013B68DB789B041943BB689B050B4376
:10BDC0001A43BB685901FB680B4403F5106319461D
:10BDD000204B13430B6035E0FB6803F50063DA6921
:10BDE0003B681B7803F00F03012101FA03F31B04E6
:10BDF000F96801F500611343CB61BB685A01FB6828
:10BE0000134403F530631B6803F40043002B19D17E
:10BE1000BB685A01FB68134403F530631A683B683A
:10BE20009B68C3F30A013B68DB789B040B431A430E
:10BE3000BB685901FB680B4403F530631946054B99
:10BE400013430B60002318461437BD465DF8047B8E
:10BE5000704700BF0080001080B485B000AF7860EC
:10BE600039607B68FB603B681B78BB603B685B7834
:10BE7000012B61D1BB685A01FB68134403F51063C1
:10BE80001B6803F00043B3F1004F1FD1BB685A0198
:10BE9000FB68134403F510631B68BA685101FA6824
:10BEA0000A4402F5106243F000631360BB685A0154
:10BEB000FB68134403F510631B68BA685101FA6804
:10BEC0000A4402F5106243F080431360FB6803F5F7
:10BED0000063DA6B3B681B7803F00F03012101FA62
:10BEE00003F39BB2DB43F96801F500611340CB63B8
:10BEF000FB6803F50063DA693B681B7803F00F0306
:10BF0000012101FA03F39BB2DB43F96801F50061FB
:10BF10001340CB61BB685A01FB68134403F51063FF
:10BF20001A68BB685901FB680B4403F51063194696
:10BF3000354B13400B6060E0BB685A01FB6813444B
:10BF400003F530631B6803F00043B3F1004F1FD1CA
:10BF5000BB685A01FB68134403F530631B68BA6879
:10BF60005101FA680A4402F5306243F0006313603D
:10BF7000BB685A01FB68134403F530631B68BA6859
:10BF80005101FA680A4402F5306243F080431360BD
:10BF9000FB6803F50063DA6B3B681B7803F00F0363
:10BFA000012101FA03F31B04DB43F96801F5006189
:10BFB0001340CB63FB6803F50063DA693B681B78C9
:10BFC00003F00F03012101FA03F31B04DB43F968BB
:10BFD00001F500611340CB61BB685A01FB68134453
:10BFE00003F530631A68BB685901FB680B4403F51D
:10BFF00030631946054B13400B6000231846143775
:10C00000BD465DF8047B7047007833EC0078F3EFB1
:10C0100080B58AB002AFF860B9601346FB71FB6867
:10C02000FB61BB681B78BB61BB685B78012B40F090
:10C030006381BB685B69002B32D1BB695A01FB6924
:10C04000134403F510631A69BB695901FB690B447A
:10C0500003F510631946A54B13400B61BB695A01E8
:10C06000FB69134403F510631B69BA695101FA694E
:10C070000A4402F5106243F400231361BB695A01BC
:10C08000FB69134403F510631A69BB695901FB6925
:10C090000B4403F510631946954B13400B6174E094
:10C0A000BB695A01FB69134403F510631A69BB6944
:10C0B0005901FB690B4403F5106319468C4B13407F
:10C0C0000B61BB695A01FB69134403F510631A69DC
:10C0D000BB695901FB690B4403F510631946834B97
:10C0E00013400B61BB695A01FB69134403F51063EC
:10C0F0001A69BB685969BB689B680B44591EBB68C9
:10C100009B68B1FBF3F3D9047A4B0B40B969480142
:10C11000F969014401F5106113430B61BB695A01D0
:10C12000FB69134403F510631A69BB685B69C3F3C9
:10C130001203B9694801F969014401F5106113431B
:10C140000B61BB68DB78012B1FD1BB695A01FB690E
:10C15000134403F510631B69BA695101FA690A4473
:10C1600002F5106223F0C0431361BB695A01FB69F9
:10C17000134403F510631B69BA695101FA690A4453
:10C1800002F5106243F000531361FB79012B4BD190
:10C19000BB681B69002B09D0BB695A01FB691344BA
:10C1A00003F510631A46BB681B695361BB68DB78F3
:10C1B000012B28D1FB6903F500639B6803F48073AE
:10C1C000002B10D1BB695A01FB69134403F51063BE
:10C1D0001B68BA695101FA690A4402F5106243F01A
:10C1E000005313600FE0BB695A01FB69134403F568
:10C1F00010631B68BA695101FA690A4402F51062BA
:10C2000043F080531360BB695A01FB69134403F583
:10C2100010631B68BA695101FA690A4402F5106299
:10C2200043F00443136033E1BB695A01FB691344D3
:10C2300003F510631B68BA695101FA690A4402F5F3
:10C24000106243F004431360BB68DB78012B15D008
:10C25000BB685B69002B00F01B81FB6903F5006381
:10C260005A6BBB681B7803F00F03012101FA03F33B
:10C27000F96901F5006113434B6309E1FB6903F5BB
:10C2800000639B6803F48073002B10D1BB695A01D3
:10C29000FB69134403F510631B68BA695101FA691D
:10C2A0000A4402F5106243F0005313600FE0BB69CB
:10C2B0005A01FB69134403F510631B68BA69510105
:10C2C000FA690A4402F5106243F080531360BB68B8
:10C2D000D968BB681A78BB685B6998B2FB79009330
:10C2E0000346F86800F038FAD2E000BFFFFF07E02D
:10C2F0000000F8FF0000F81FBB695A01FB691344F6
:10C3000003F530631A69BB695901FB690B4403F5F6
:10C3100030631946614B13400B61BB695A01FB69DD
:10C32000134403F530631A69BB695901FB690B4477
:10C3300003F5306319465A4B13400B61BB685B69C8
:10C34000002B23D1BB695A01FB69134403F5306309
:10C350001A69BB689B68C3F31203B9694801F9699C
:10C36000014401F5306113430B61BB695A01FB695C
:10C37000134403F530631B69BA695101FA690A4431
:10C3800002F5306243F40023136133E0BB685A695D
:10C39000BB689B6813445A1EBB689B68B2FBF3F3EF
:10C3A000FB82BB695A01FB69134403F530631A69C8
:10C3B000FB8AD9043B4B0B40B9694801F969014438
:10C3C00001F5306113430B61BB695A01FB691344EA
:10C3D00003F530631A69BB689B68F98A01FB03F3B4
:10C3E000C3F31203B9694801F969014401F53061E9
:10C3F00013430B61FB79012B0DD1BB68DB68002B6C
:10C4000009D0BB68D968BB695A01FB69134403F5BD
:10C4100030630A465A61BB68DB78012B28D1FB697F
:10C4200003F500639B6803F48073002B10D1BB6994
:10C430005A01FB69134403F530631B68BA69510163
:10C44000FA690A4402F5306243F0005313600FE0CA
:10C45000BB695A01FB69134403F530631B68BA6971
:10C460005101FA690A4402F5306243F080531360C7
:10C47000BB695A01FB69134403F530631B68BA6951
:10C480005101FA690A4402F5306243F00443136033
:10C49000002318462037BD4680BD00BF0000F8FFCE
:10C4A000FFFF07E00000F81F80B487B000AFF8601E
:10C4B000B9601346FB71FB687B61BB681B783B610D
:10C4C000BB685B78012B40F0CD80BB685B69002BBB
:10C4D00032D13B695A017B69134403F510631A6931
:10C4E0003B6959017B690B4403F510631946984B6E
:10C4F00013400B613B695A017B69134403F51063D8
:10C500001B693A6951017A690A4402F5106243F4E1
:10C51000002313613B695A017B69134403F51063DF
:10C520001A693B6959017B690B4403F5106319468D
:10C53000884B13400B614EE03B695A017B69134401
:10C5400003F510631A693B6959017B690B4403F5D4
:10C55000106319467F4B13400B613B695A017B699D
:10C56000134403F510631A693B6959017B690B4455
:10C5700003F510631946764B13400B61BB685A698B
:10C58000BB689B689A4203D9BB689A68BB685A61CA
:10C590003B695A017B69134403F510631B693A69CF
:10C5A00051017A690A4402F5106243F400231361D1
:10C5B0003B695A017B69134403F510631A69BB6830
:10C5C0005B69C3F31203396948017969014401F5D4
:10C5D000106113430B61FB79012B1ED1BB681B69F2
:10C5E000002B09D03B695A017B69134403F51063A2
:10C5F0001A46BB681B6953613B695A017B69134446
:10C6000003F510631B683A6951017A690A4402F51F
:10C61000106243F00443136092E03B695A017B6966
:10C62000134403F510631B683A6951017A690A449F
:10C6300002F5106243F004431360BB685B69002B92
:10C640007ED07B6903F500635A6BBB681B7803F0EF
:10C650000F03012101FA03F3796901F50061134326
:10C660004B636DE03B695A017B69134403F530630A
:10C670001A693B6959017B690B4403F5306319461C
:10C68000344B13400B613B695A017B69134403F53A
:10C6900030631A693B6959017B690B4403F53063C8
:10C6A00019462B4B13400B61BB685B69002B03D011
:10C6B000BB689A68BB685A613B695A017B6913443D
:10C6C00003F530631B693A6951017A690A4402F53E
:10C6D000306243F4002313613B695A017B691344C0
:10C6E00003F530631A69BB689B68C3F312033969A9
:10C6F00048017969014401F5306113430B61FB790D
:10C70000012B0DD1BB68DB68002B09D0BB68D96851
:10C710003B695A017B69134403F530630A465A6149
:10C720003B695A017B69134403F530631B683A691E
:10C7300051017A690A4402F5306243F00443136000
:10C74000002318461C37BD465DF8047B704700BFC8
:10C75000FFFF07E00000F8FF80B489B000AFF86089
:10C76000B96011461A460B46FB711346BB80FB6845
:10C770007B61BB68FB6197F82830002B23D1BB8815
:10C7800003339B083B610023BB6118E0FB791A036C
:10C790007B69134403F580531A46FB691B681360D9
:10C7A000FB690133FB61FB690133FB61FB69013309
:10C7B000FB61FB690133FB61BB690133BB61BA6992
:10C7C0003B699A42E2D3002318462437BD465DF800
:10C7D000047B704780B48BB000AFF860B96013463B
:10C7E000FB80FB68BB61BB687B62FB889B089BB2DC
:10C7F0007B61FB8803F00303FB8300233B6214E0AF
:10C80000BB6903F580531A687B6A1A607B6A01333F
:10C810007B627B6A01337B627B6A01337B627B6A6A
:10C8200001337B623B6A01333B623A6A7B699A421D
:10C83000E6D3FB8B002B1ED000233B62BB6903F5C4
:10C8400080531A4607F1100312681A603A693B6A6E
:10C85000DBB2DB0022FA03F3DAB27B6A1A703B6ABE
:10C8600001333B627B6A01337B62FB8B013BFB83C1
:10C87000FB8B002BEAD17B6A18462C37BD465DF84E
:10C88000047B704780B485B000AF786039607B6806
:10C89000FB603B681B78BB603B685B78012B2CD14D
:10C8A000BB685A01FB68134403F510631B68002B37
:10C8B00012DBBB68002B0FD0BB685A01FB68134426
:10C8C00003F510631B68BA685101FA680A4402F55F
:10C8D000106223F080431360BB685A01FB68134465
:10C8E00003F510631B68BA685101FA680A4402F53F
:10C8F000106243F4001313602BE0BB685A01FB681D
:10C90000134403F530631B68002B12DBBB68002B5C
:10C910000FD0BB685A01FB68134403F530631B68F2
:10C92000BA685101FA680A4402F5306223F0804384
:10C930001360BB685A01FB68134403F530631B683E
:10C94000BA685101FA680A4402F5306243F40013F0
:10C950001360002318461437BD465DF8047B70470A
:10C9600080B485B000AF786039607B68FB603B685D
:10C970001B78BB603B685B78012B28D1BB685A01F0
:10C98000FB68134403F510631B68BA685101FA6829
:10C990000A4402F5106223F4001313603B68DB784D
:10C9A000032B03D03B68DB78022B38D1BB685A01DC
:10C9B000FB68134403F510631B68BA685101FA68F9
:10C9C0000A4402F5106243F08053136027E0BB680D
:10C9D0005A01FB68134403F530631B68BA685101C0
:10C9E000FA680A4402F5306223F4001313603B68CE
:10C9F000DB78032B03D03B68DB78022B0FD1BB68BD
:10CA00005A01FB68134403F530631B68BA6851018F
:10CA1000FA680A4402F5306243F080531360002341
:10CA200018461437BD465DF8047B704780B485B066
:10CA300000AF78600B46FB707B68FB60FB6803F51A
:10CA400000631B68FA6802F5006223F4FE6313605A
:10CA5000FB6803F500631A68FB781B0103F4FE63AF
:10CA6000F96801F5006113430B6000231846143781
:10CA7000BD465DF8047B704780B485B000AF786038
:10CA80007B68FB60FB6803F560631B68FA6802F56E
:10CA9000606223F003031360FB6803F500635B68C7
:10CAA000FA6802F5006223F002035360002318467F
:10CAB0001437BD465DF8047B704780B485B000AF85
:10CAC00078607B68FB60FB6803F560631B68FA684D
:10CAD00002F5606223F003031360FB6803F5006353
:10CAE0005B68FA6802F5006243F0020353600023BA
:10CAF00018461437BD465DF8047B704780B485B096
:10CB000000AF78607B685B69FB607B689B69FA6853
:10CB10001340FB60FB6818461437BD465DF8047B84
:10CB2000704780B485B000AF78607B68FB60FB68BD
:10CB300003F500639B69BB60FB6803F50063DB6979
:10CB4000BA681340BB60BB681B0C18461437BD465F
:10CB50005DF8047B704780B485B000AF78607B6877
:10CB6000FB60FB6803F500639B69BB60FB6803F532
:10CB70000063DB69BA681340BB60BB689BB21846B0
:10CB80001437BD465DF8047B704780B485B000AFB4
:10CB900078600B46FB707B68FB60FB785A01FB6892
:10CBA000134403F530639B68BB60FB6803F50063C7
:10CBB0005B69BA681340BB60BB6818461437BD4652
:10CBC0005DF8047B704780B487B000AF78600B4697
:10CBD000FB707B687B617B6903F500631B693B61CC
:10CBE0007B6903F500635B6BFB60FB7803F00F036D
:10CBF000FA6822FA03F3DB01DBB23A6913433B61C3
:10CC0000FB785A017B69134403F510639B683A690A
:10CC10001340BB60BB6818461C37BD465DF8047BFB
:10CC2000704780B483B000AF78607B685B6903F0C5
:10CC3000010318460C37BD465DF8047B70470000C1
:10CC400080B485B000AF78607B68FB60FB6803F55B
:10CC500010631A68FB6803F510631946094B13400B
:10CC60000B60FB6803F500635B68FA6802F500621D
:10CC700043F480735360002318461437BD465DF8B3
:10CC8000047B704700F8FFFF80B487B000AFF86006
:10CC90000B467A60FB72FB687B61FB683C330433B4
:10CCA0001B683B613B69264A93420AD97B6903F5BD
:10CCB00030631B6803F00043B3F1004F01D1002340
:10CCC00037E07B6903F530631A46002313617B6903
:10CCD00003F530631B697A6902F5306243F400237F
:10CCE00013617B6903F530631B697A6902F5306271
:10CCF00043F0180313617B6903F530631B697A699C
:10CD000002F5306243F0C0431361FB7A012B0FD16F
:10CD10007B6903F530631A467B6853617B6903F5D1
:10CD200030631B687A6902F5306243F08023136038
:10CD3000002318461C37BD465DF8047B704700BFD2
:10CD40000A30544F80B485B000AF78600023FB6098
:10CD5000FB680133FB60134A934201D903231AE0B5
:10CD60007B681B69002BF3DA0023FB607B681B697F
:10CD700043F001027B681A61FB680133FB60094ADA
:10CD8000934201D9032306E07B681B6903F001038A
:10CD9000012BF1D0002318461437BD465DF8047B03
:10CDA000704700BF400D030080B483B000AF7860CF
:10CDB000044A7B68136000BF0C37BD465DF8047BF6
:10CDC000704700BF1400002480B584B000AF7860C5
:10CDD0000B46FB704FF4077013F064FAF860FB68C1
:10CDE000002B05D17B680022C3F8BC22022366E039
:10CDF0007B68FA68C3F8BC227B681B7C002B19D1C6
:10CE00004FF4007302228121786813F028F97B68BF
:10CE100001221A874FF4007302220121786813F06F
:10CE20001EF97B680122A3F878217B681022A3F801
:10CE30004E2016E0402302228121786813F00FF97A
:10CE40007B6801221A87402302220121786813F0AF
:10CE500006F97B680122A3F878217B681022A3F8E9
:10CE60004E20082303228221786813F0F8F87B68AB
:10CE70000122A3F84C207B68D3F8C0321B68984786
:10CE8000FB680022C3F81422FB680022C3F81822B2
:10CE90007B681B7C002B09D1FB68D3F804224FF47C
:10CEA00000730121786813F0C9F907E0FB68D3F833
:10CEB000042240230121786813F0C0F900231846AA
:10CEC0001037BD4680BD80B582B000AF78600B469C
:10CED000FB708121786813F0E8F87B6800221A87DC
:10CEE0000121786813F0E1F87B680022A3F878212B
:10CEF0008221786813F0D9F87B680022A3F84C20CF
:10CF00007B680022A3F84E207B68D3F8BC32002B4C
:10CF10000ED07B68D3F8C0325B6898477B68D3F843
:10CF2000BC32184613F0CCF97B680022C3F8BC224F
:10CF3000002318460837BD4680BD000080B586B086
:10CF400000AF786039607B68D3F8BC323B61002366
:10CF50007B7300237B810023FB753B69002B01D190
:10CF60000323AFE03B681B7803F06003002B3FD046
:10CF7000202B40F09F803B68DB88002B2ED03B6845
:10CF80001B785BB2002B16DA7B68D3F8C0329B6843
:10CF90003A68507839693A68D28898473B68DB88A4
:10CFA000072B28BF0723FB813B69FA89194678685C
:10CFB00001F019FB85E03B685A783B6983F8002251
:10CFC0003B68DB88DAB23B6983F8012239693B6848
:10CFD000DB881A46786801F032FB72E07B68D3F890
:10CFE000C0329B683A68507800223968984768E0F8
:10CFF0003B685B780B2B52D801A252F823F000BF9C
:10D0000031D00008ADD000089FD000089FD00008A4
:10D010009FD000089FD000089FD000089FD0000834
:10D020009FD000089FD000085BD0000885D0000882
:10D030007B6893F89C32DBB2032B07D107F10A031C
:10D0400002221946786801F0CEFA32E03968786831
:10D0500001F058FA0323FB752BE07B6893F89C32B0
:10D06000DBB2032B07D107F10D03012219467868C3
:10D0700001F0B9FA1DE03968786801F043FA03233A
:10D08000FB7516E07B6893F89C32DBB2032B0FD064
:10D090003968786801F036FA0323FB7508E03968CF
:10D0A000786801F02FFA0323FB7502E000BF08E067
:10D0B00000BF06E03968786801F024FA0323FB75A5
:10D0C00000BFFB7D18461837BD4680BD80B584B0D3
:10D0D00000AF78600B46FB707B68D3F8C432FB600E
:10D0E0007B68D3F8BC32002B01D103234FE07B686F
:10D0F000D3F8BC32BB60FA78796813469B001344BE
:10D100009B000B4418331B68002B29D0FA787968F0
:10D1100013469B0013449B000B4418331A68F9789C
:10D12000F8680B46DB005B1A9B00034444331B6822
:10D13000B2FBF3F103FB01F3D31A002B10D1FA7801
:10D14000796813469B0013449B000B44183300225C
:10D150001A60F97800230022786813F04EF815E081
:10D16000BB680022C3F814227B68D3F8C0321B6965
:10D17000002B0BD07B68D3F8C0321B69BA68D2F899
:10D180000802BA6802F50471FA7898470023184635
:10D190001037BD4680BD80B584B000AF78600B46C7
:10D1A000FB707B68D3F8BC32FB607B68D3F8BC3281
:10D1B000002B01D1032315E0FB781946786813F0A2
:10D1C0005EF80246FB68C3F80C227B68D3F8C032D5
:10D1D000DB68FA68D2F80402FA6802F503721146B5
:10D1E0009847002318461037BD4680BD80B584B0EF
:10D1F00000AF78607B68D3F8BC32FB60FB68002B23
:10D2000001D103231BE07B68D3F8C032002B15D07B
:10D21000FB6893F80032FF2B10D07B68D3F8C03244
:10D220009B68FA6892F80002F968FA6892F801229D
:10D2300092B29847FB68FF2283F800220023184629
:10D240001037BD4680BD000080B483B000AF786069
:10D250007B6843221A80034B18460C37BD465DF8A5
:10D26000047B7047AC00002480B483B000AF7860CA
:10D270007B6843221A80034B18460C37BD465DF885
:10D28000047B70476800002480B483B000AF7860EE
:10D290007B6843221A80034B18460C37BD465DF865
:10D2A000047B7047F000002480B483B000AF786046
:10D2B0007B680A221A80034B18460C37BD465DF87E
:10D2C000047B70472400002480B483B000AF7860F2
:10D2D00039603B68002B01D1032304E07B683A6886
:10D2E000C3F8C022002318460C37BD465DF8047B06
:10D2F000704780B487B000AFF860B9607A60FB68AF
:10D30000D3F8BC327B617B69002B01D1032308E099
:10D310007B69BA68C3F808227B697A68C3F810226F
:10D32000002318461C37BD465DF8047B704780B467
:10D3300085B000AF786039607B68D3F8BC32FB60A1
:10D34000FB68002B01D1032304E0FB683A68C3F8B3
:10D350000422002318461437BD465DF8047B70474D
:10D3600080B584B000AF78607B68D3F8BC32BB6016
:10D370000123FB737B68D3F8BC32002B01D103235C
:10D380001AE0BB68D3F81432002B14D1BB68012219
:10D39000C3F81422BB68D3F810227B68DA62BB683A
:10D3A000D3F80822BB68D3F810328121786812F0D4
:10D3B00024FF0023FB73FB7B18461037BD4680BD5E
:10D3C00080B584B000AF78607B68D3F8BC32FB6076
:10D3D0007B68D3F8BC32002B01D1032316E07B68B5
:10D3E0001B7C002B09D1FB68D3F804224FF4007397
:10D3F0000121786812F022FF07E0FB68D3F80422CD
:10D4000040230121786812F019FF002318461037D5
:10D41000BD4680BD80B586B000AFF860B9601346E8
:10D42000FB71FB68002B01D103231FE0FB68002286
:10D43000C3F8B822FB680022C3F8C022FB680022B0
:10D44000C3F8CC22BB68002B03D0FB68BA68C3F8D2
:10D45000B422FB68012283F89C22FB68FA791A70D7
:10D46000F86812F091FD0346FB75FB7D18461837EE
:10D47000BD4680BD80B584B000AF786039600023C0
:10D48000FB813B68002B01D1032316E07B683A68DF
:10D49000C3F8B8227B68D3F8B832DB6A002B0BD014
:10D4A0007B68D3F8B832DB6A07F10E021046984762
:10D4B00002467B68C3F8CC22002318461037BD46CD
:10D4C00080BD80B582B000AF7860786812F0ACFDA6
:10D4D000034618460837BD4680BD80B483B000AF10
:10D4E0007860002318460C37BD465DF8047B704712
:10D4F00080B584B000AF78600B46FB700323FB73EC
:10D500007B68D3F8B832002B09D07B68D3F8B832E7
:10D510001B68FA781146786898470346FB73FB7BD3
:10D5200018461037BD4680BD80B582B000AF786028
:10D530000B46FB707B68D3F8B832002B07D07B68B2
:10D54000D3F8B8325B68FA781146786898470023B8
:10D5500018460837BD4680BD80B584B000AF7860FE
:10D5600039607B6803F2AA233968184600F090FFFF
:10D570007B680122C3F894227B68B3F8B0321A4664
:10D580007B68C3F898227B6893F8AA3203F01F03E4
:10D59000022B1AD0022B22D8002B02D0012B0AD04A
:10D5A0001DE07B6803F2AA231946786800F062FA4E
:10D5B0000346FB7320E07B6803F2AA2319467868D0
:10D5C00000F0C6FA0346FB7316E07B6803F2AA2359
:10D5D0001946786800F005FB0346FB730CE07B6896
:10D5E00093F8AA3223F07F03DBB21946786812F071
:10D5F0007BFD0346FB7300BFFB7B18461037BD461F
:10D6000080BD80B586B000AFF8600B467A60FB72D3
:10D61000FB7A002B38D1FB6803F5AA733B61FB68EA
:10D62000D3F89432032B4AD13B699A683B69DB6893
:10D630009A4213D93B699A683B69DB68D21A3B6905
:10D640009A603B69DA683B699B68934228BF13463E
:10D650001A467968F86801F00FF830E0FB6893F833
:10D660009C32DBB2032B0BD1FB68D3F8B8321B69B9
:10D67000002B05D0FB68D3F8B8321B69F8689847CF
:10D68000F86801F00AF81AE0FB6893F89C32DBB204
:10D69000032B14D1FB68D3F8B8329B69002B0ED052
:10D6A000FB68D3F8B8329B69FA7A1146F868984754
:10D6B0000346FB75FB7D002B01D0FB7D00E00023C2
:10D6C00018461837BD4680BD80B586B000AFF860FB
:10D6D0000B467A60FB72FB7A002B6BD1FB6814332C
:10D6E0003B61FB68D3F89432022B56D13B699A68B0
:10D6F0003B69DB689A4214D93B699A683B69DB68ED
:10D70000D21A3B699A603B699B681A467968F86847
:10D7100000F084FF002300220021F86812F08EFD43
:10D720003BE03B69DA683B699B689A421CD13B69E4
:10D730005A683B69DB689A4216D33B695A68FB68B2
:10D74000D3F898329A420FD200220021F86800F0F4
:10D7500065FFFB680022C3F8982200230022002105
:10D76000F86812F06BFD18E0FB6893F89C32DBB2AE
:10D77000032B0BD1FB68D3F8B832DB68002B05D044
:10D78000FB68D3F8B832DB68F86898478021F868FE
:10D7900012F0AAFCF86800F093FFFB6893F8A0323F
:10D7A000012B22D1F868FFF798FEFB68002283F86E
:10D7B000A0221AE0FB6893F89C32DBB2032B14D151
:10D7C000FB68D3F8B8325B69002B0ED0FB68D3F846
:10D7D000B8325B69FA7A1146F86898470346FB75D8
:10D7E000FB7D002B01D0FB7D00E00023184618379D
:10D7F000BD4680BD80B582B000AF78607B680122F5
:10D8000083F89C227B680022C3F894227B68002264
:10D810005A607B680022C3F8A4227B68D3F8B83230
:10D82000002B01D103232FE07B68D3F8BC32002BFF
:10D830000FD07B68D3F8B8325B68002B09D07B68C7
:10D84000D3F8B8325B687A685268D2B21146786809
:10D850009847402300220021786812F000FC7B6882
:10D860000122A3F864217B684022C3F86021402391
:10D8700000228021786812F0F2FB7B6801229A84F2
:10D880007B6840221A62002318460837BD4680BDD7
:10D8900080B483B000AF78600B46FB707B68FA7889
:10D8A0001A74002318460C37BD465DF8047B704798
:10D8B00080B483B000AF78607B6893F89C32DAB2B2
:10D8C0007B6883F89D227B68042283F89C220023D6
:10D8D00018460C37BD465DF8047B704780B483B0B2
:10D8E00000AF78607B6893F89C32DBB2042B06D1E2
:10D8F0007B6893F89D32DAB27B6883F89C22002320
:10D9000018460C37BD465DF8047B704780B582B081
:10D9100000AF78607B68D3F8B832002B01D10323C5
:10D9200012E07B6893F89C32DBB2032B0BD17B684F
:10D93000D3F8B832DB69002B05D07B68D3F8B83256
:10D94000DB6978689847002318460837BD4680BDD4
:10D9500080B582B000AF78600B46FB707B68D3F86F
:10D96000B832002B01D1032314E07B6893F89C327A
:10D97000DBB2032B0DD17B68D3F8B8321B6A002BC6
:10D9800007D07B68D3F8B8321B6AFA7811467868FA
:10D990009847002318460837BD4680BD80B582B041
:10D9A00000AF78600B46FB707B68D3F8B832002B71
:10D9B00001D1032314E07B6893F89C32DBB2032B84
:10D9C0000DD17B68D3F8B8325B6A002B07D07B6837
:10D9D000D3F8B8325B6AFA78114678689847002322
:10D9E00018460837BD4680BD80B483B000AF78606C
:10D9F000002318460C37BD465DF8047B704780B5A0
:10DA000082B000AF78607B68012283F89C227B683B
:10DA1000D3F8B832002B09D07B68D3F8B8325B68F2
:10DA20007A685268D2B2114678689847002318463F
:10DA30000837BD4680BD80B487B000AF78607B6892
:10DA40007B617B691B787B827B6901337B617B69AE
:10DA50001B783B823B8A1B021AB2B7F91230134380
:10DA60001BB2FB81FB8918461C37BD465DF8047B61
:10DA70007047000080B584B000AF78603960002343
:10DA8000FB733B681B7803F06003402B05D0402BF1
:10DA900053D8002B0BD0202B4FD17B68D3F8B83252
:10DAA0009B683968786898470346FB734AE03B688F
:10DAB0005B78092B3BD801A252F823F011DB000858
:10DAC00025DB00082FDB00081BDB00082FDB00082C
:10DAD000EFDA0008E5DA00082FDB000807DB0008B2
:10DAE000F9DA00083968786800F0DEF924E039686E
:10DAF000786800F043FB1FE03968786800F082FB2B
:10DB00000346FB7318E03968786800F021FC13E0E5
:10DB10003968786800F052FC0EE03968786800F0E7
:10DB200081FC09E03968786800F090FC04E039680D
:10DB3000786800F0E7FC00BF04E03968786800F01E
:10DB4000E1FC00BFFB7B18461037BD4680BD00BF1F
:10DB500080B584B000AF786039600023FB733B6808
:10DB60001B7803F06003402B05D0402B2FD8002BEF
:10DB700001D0202B2BD17B6893F89C32DBB2013B88
:10DB8000022B1DD83B689B88DBB2012B13D87B6826
:10DB9000D3F8B8329B683968786898470346FB73B6
:10DBA0003B68DB88002B10D1FB7B002B0DD1786804
:10DBB00000F073FD09E03968786800F0A3FC04E028
:10DBC0003968786800F09EFC00E000BF04E0396826
:10DBD000786800F097FC00BFFB7B18461037BD4605
:10DBE00080BD80B584B000AF786039600023FB73DE
:10DBF0003B689B88BB733B681B7803F06003402B3A
:10DC000007D0402B00F24581002B0CD0202B40F098
:10DC100040817B68D3F8B8329B6839687868984748
:10DC20000346FB733AE13B685B78032B07D0032B79
:10DC300000F32981002B7FD0012B3CD023E17B68AE
:10DC400093F89C32DBB2022B02D0032B16D02CE0CF
:10DC5000BB7B002B0DD0BB7B802B0AD0BB7B194636
:10DC6000786812F041FA8021786812F03DFA00BF1E
:10DC700020E03968786800F045FC1BE03B685B8871
:10DC8000002B0ED1BB7B002B0BD0BB7B802B08D095
:10DC90003B68DB88002B04D1BB7B1946786812F007
:10DCA00023FA786800F0F9FC04E03968786800F03D
:10DCB00029FC00BFECE07B6893F89C32DBB2022BBE
:10DCC00002D0032B16D030E0BB7B002B0DD0BB7BEA
:10DCD000802B0AD0BB7B1946786812F005FA8021A8
:10DCE000786812F001FA00BF25E03968786800F022
:10DCF00009FC20E03B685B88002B1BD1BB7B03F059
:10DD00007F03002B04D0BB7B1946786812F00BFA16
:10DD1000786800F0C2FC7B68D3F8B8329B68396839
:10DD2000786898470346FB7304E03968786800F028
:10DD3000E9FB00E000BFABE07B6893F89C32DBB20C
:10DD4000022B02D0032B32D097E0BB7B002B07D0F5
:10DD5000BB7B802B04D03968786800F0D3FB91E05E
:10DD600097F90E30002B0BDABB7B03F07F021346D2
:10DD70009B0013449B0010337A68134404330BE078
:10DD8000BB7B03F07F0213469B0013449B0003F50B
:10DD9000A8737A6813440433BB60BB6800221A601E
:10DDA000BB6802221946786800F01DFC6AE097F90A
:10DDB0000E30002B11DABB7B03F00F02796813469B
:10DDC0009B0013449B000B4424331B88002B17D16A
:10DDD0003968786800F096FB54E0BB7B03F00F02D3
:10DDE000796813469B0013449B000B4403F5B27300
:10DDF0001B88002B04D13968786800F083FB41E070
:10DE000097F90E30002B0BDABB7B03F07F02134631
:10DE10009B0013449B0010337A68134404330BE0D7
:10DE2000BB7B03F07F0213469B0013449B0003F56A
:10DE3000A8737A6813440433BB60BB7B002B02D009
:10DE4000BB7B802B03D1BB6800221A600EE0BB7B3A
:10DE50001946786812F086F90346002B03D0BB6898
:10DE600001221A6002E0BB6800221A60BB6802222D
:10DE70001946786800F0B7FB04E03968786800F06C
:10DE800041FB00BF04E03968786800F03BFB00BF4D
:10DE900004E03968786800F035FB00BFFB7B18466A
:10DEA0001037BD4680BD000080B584B000AF7860FB
:10DEB000396000233B810023FB600023FB723B6839
:10DEC0005B881B0A9BB2013B062B00F2288101A252
:10DED00052F823F0F1DE000809DF000849DF0008EE
:10DEE0001FE100081FE10008BFE00008EBE00008A8
:10DEF0007B68D3F8B4321B687A68127C07F108019A
:10DF000010469847F86012E17B681B7C002B0DD10E
:10DF10007B68D3F8B8329B6A07F10802104698472D
:10DF2000F860FB68013302221A7000E17B68D3F8C5
:10DF3000B832DB6A07F1080210469847F860FB68C0
:10DF4000013302221A70F2E03B685B88DBB2052BDA
:10DF500000F2AC8001A252F823F000BF75DF000888
:10DF6000A9DF0008DDDF000811E0000845E0000837
:10DF700079E000087B68D3F8B4325B68002B0BD0E3
:10DF80007B68D3F8B4325B687A68127C07F10801C9
:10DF900010469847F86091E03968786800F0B2FA66
:10DFA000FB7A0133FB7289E07B68D3F8B4329B685B
:10DFB000002B0BD07B68D3F8B4329B687A68127C54
:10DFC00007F1080110469847F86077E039687868EB
:10DFD00000F098FAFB7A0133FB726FE07B68D3F8AC
:10DFE000B432DB68002B0BD07B68D3F8B432DB682B
:10DFF0007A68127C07F1080110469847F8605DE0E6
:10E000003968786800F07EFAFB7A0133FB7255E0DC
:10E010007B68D3F8B4321B69002B0BD07B68D3F834
:10E02000B4321B697A68127C07F1080110469847E0
:10E03000F86043E03968786800F064FAFB7A0133ED
:10E04000FB723BE07B68D3F8B4325B69002B0BD0EA
:10E050007B68D3F8B4325B697A68127C07F10801F7
:10E0600010469847F86029E03968786800F04AFA65
:10E07000FB7A0133FB7221E07B68D3F8B4329B69F1
:10E08000002B0BD07B68D3F8B4329B697A68127C82
:10E0900007F1080110469847F8600FE03968786882
:10E0A00000F030FAFB7A0133FB7207E039687868D8
:10E0B00000F028FAFB7A0133FB7200BF37E07B687F
:10E0C0001B7C002B09D17B68D3F8B8325B6B07F15E
:10E0D000080210469847F86029E03968786800F02F
:10E0E00011FAFB7A0133FB7221E07B681B7C002B69
:10E0F0000DD17B68D3F8B8321B6B07F108021046CC
:10E100009847F860FB68013307221A700FE03968FE
:10E11000786800F0F7F9FB7A0133FB7207E03968A1
:10E12000786800F0EFF9FB7A0133FB7200BFFB7AED
:10E13000002B1ED13B68DB88002B16D03B89002BBF
:10E140000ED03B68DA883B89934228BF13469BB2C6
:10E150003B813B891A46F968786800F044FA09E087
:10E160003968786800F0CEF904E0786800F095FA34
:10E1700000E000BF1037BD4680BD00BF80B584B051
:10E1800000AF786039603B689B88002B31D13B68D9
:10E19000DB88002B2DD13B685B887F2B29D83B681F
:10E1A0005B88DBB203F07F03FB737B6893F89C32E0
:10E1B000DBB2032B04D13968786800F0A3F91DE0C5
:10E1C0007B68FA7B83F89E22FB7B1946786811F006
:10E1D000F5FF786800F061FAFB7B002B04D07B68C8
:10E1E000022283F89C2209E07B68012283F89C22AA
:10E1F00004E03968786800F085F900BF00BF103787
:10E20000BD4680BD80B584B000AF78603960002322
:10E21000FB733B685B88DAB24C4B1A704B4B1B7834
:10E22000012B05D93968786800F06CF9032388E080
:10E230007B6893F89C32DBB2022B02D0032B25D0F3
:10E2400071E0424B1B78002B1CD0404B1B781A46C8
:10E250007B685A603D4B1B7819467868FFF748F990
:10E260000346FB73FB7B002B04D03968786800F011
:10E2700049F965E0786800F010FA7B68032283F8BA
:10E280009C225DE0786800F008FA59E02F4B1B787B
:10E29000002B12D17B68022283F89C222B4B1B7827
:10E2A0001A467B685A60294B1B7819467868FFF735
:10E2B0003BF9786800F0F1F942E0244B1B781A46EC
:10E2C0007B685B689A422AD07B685B68DBB2194640
:10E2D0007868FFF729F91D4B1B781A467B685A604E
:10E2E0001A4B1B7819467868FFF702F90346FB734F
:10E2F000FB7B002B0FD03968786800F003F97B684E
:10E300005B68DBB219467868FFF70EF97B6802227A
:10E3100083F89C2214E0786800F0BFF910E0786878
:10E3200000F0BBF90CE03968786800F0EBF8074BB7
:10E330001B7819467868FFF7F7F80323FB7300BFD3
:10E34000FB7B18461037BD4680BD00BF70560224C7
:10E3500080B582B000AF786039603B68DB88012B04
:10E3600004D03968786800F0CDF823E07B6893F832
:10E370009C32DBB2022B02DC002B03DC15E0032B0A
:10E380000BD012E07B6800229A607B680833012280
:10E390001946786800F027F90CE07B680433012205
:10E3A0001946786800F01FF904E03968786800F0D1
:10E3B000A9F800BF00BF0837BD4680BD80B582B058
:10E3C00000AF786039607B6893F89C32DBB2013B28
:10E3D000022B1ED83B68DB88022B04D03968786892
:10E3E00000F090F81AE07B680122DA607B68D3F8CD
:10E3F000A432002B05D07B68DB6843F002027B6807
:10E40000DA607B680C3302221946786800F0EBF87A
:10E4100004E03968786800F075F800BF00BF08377D
:10E42000BD4680BD80B582B000AF786039603B6882
:10E430005B88012B06D17B680122C3F8A42278688F
:10E4400000F02BF900BF0837BD4680BD80B582B013
:10E4500000AF786039607B6893F89C32DBB2013B97
:10E46000022B0BD83B685B88012B0CD17B68002208
:10E47000C3F8A422786800F010F904E039687868DD
:10E4800000F040F800E000BF00BF0837BD4680BD87
:10E4900080B584B000AF786039603B68FB60FB6892
:10E4A0001A787B681A70FB680133FB60FB681A7886
:10E4B0007B685A70FB680133FB60F868FFF7BBFAB2
:10E4C00003461A467B685A80FB680133FB60FB6891
:10E4D0000133FB60F868FFF7AEFA03461A467B6823
:10E4E0009A80FB680133FB60FB680133FB60F868CE
:10E4F000FFF7A1FA03461A467B68DA8000BF10379F
:10E50000BD4680BD80B582B000AF786039608021A3
:10E51000786811F0E9FD0021786811F0E5FD00BF91
:10E520000837BD4680BD80B586B000AFF860B960E1
:10E530007A600023FB75FB68002B36D0FB683B61DB
:10E54000386900F036F8034601339BB25B009AB29B
:10E550007B681A80FB7DBA6813447A6812781A7057
:10E56000FB7D0133FB75FB7DBA68134403221A70EF
:10E57000FB7D0133FB7513E0FB7DBA6813443A69F8
:10E5800012781A703B6901333B61FB7D0133FB75E7
:10E59000FB7DBA68134400221A70FB7D0133FB75C2
:10E5A0003B691B78002BE7D100E000BF1837BD4660
:10E5B00080BD80B485B000AF78600023FB737B68BA
:10E5C000BB6005E0FB7B0133FB73BB680133BB60C1
:10E5D000BB681B78002BF5D1FB7B18461437BD4672
:10E5E0005DF8047B704780B584B000AFF860B96017
:10E5F0007A60FB680222C3F89422FB687A689A6109
:10E60000FB687A68DA617B68BA680021F86811F003
:10E61000F4FD002318461037BD4680BD80B584B098
:10E6200000AFF860B9607A607B68BA680021F8686A
:10E6300011F0E3FD002318461037BD4680BD80B5BC
:10E6400084B000AFF860B9607A60FB680322C3F859
:10E650009422FB687A68C3F85821FB687A68C3F88B
:10E660005C217B68BA680021F86811F0E7FD00239F
:10E6700018461037BD4680BD80B584B000AFF86045
:10E68000B9607A607B68BA680021F86811F0D6FD3D
:10E69000002318461037BD4680BD80B582B000AF5C
:10E6A00078607B680422C3F89422002300220021B2
:10E6B000786811F0A2FD002318460837BD4680BDDA
:10E6C00080B582B000AF78607B680522C3F89422E1
:10E6D000002300220021786811F0B0FD00231846C5
:10E6E0000837BD4680BD80B485B000AF7860396022
:10E6F0007B681B6C591C7A6811647A68D15C7A68F3
:10E70000526C386800FA02F2D2B20A43D2B262F016
:10E710007F02D1B27A68D1547B685B6CC3F1070386
:10E72000FB60FB68C3F108027B685A643B68DAB29D
:10E73000FB6842FA03F35BB263F07F035AB27B6873
:10E740001B6CD1B27A68D1547B685B6C072B0CD1FF
:10E750007B681B6C5A1C7B681A647B681B6C7A682C
:10E760000021D1547B6800225A6400BF1437BD4693
:10E770005DF8047B704780B485B000AF7860396085
:10E780007B681B6C591C7A6811647A68D15C7A6862
:10E79000526C386800FA02F2D2B20A43D2B262F086
:10E7A0007F02D1B27A68D1547B685B6CC3F10703F6
:10E7B000FB60FB68072B0ED03B6803F07F02FB6811
:10E7C00042FA03F35BB263F07F035AB27B681B6CBF
:10E7D000D1B27A68D15400BF1437BD465DF8047BCE
:10E7E000704780B582B000AF78603960396878686A
:10E7F000FFF7C1FF3B68DB111946786800F04CFB5E
:10E8000000BF0837BD4680BD80B582B000AF7860DC
:10E81000396039687868FFF766FF3B681B12194654
:10E820007868FFF760FF00BF0837BD4680BD80B540
:10E8300082B000AF7860396039687868FFF753FFBD
:10E840003B681B1219467868FFF74DFF3B681B14A5
:10E8500019467868FFF747FF3B681B16194678682A
:10E86000FFF741FF00BF0837BD4680BD80B584B0CB
:10E8700000AFF860B9607A607B685A1E7A60002B3E
:10E8800014BF01230023DBB2002B08D0BB685A1C45
:10E89000BA601B781946F868FFF725FFECE700BF60
:10E8A0001037BD4680BD80B485B000AFF8600B4620
:10E8B0007A60FB72FB6800225A64FB6801221A64CA
:10E8C000FB7A1B015BB203F070035AB27B685BB248
:10E8D00003F00F035BB213435BB2DAB2FB681A704A
:10E8E000FB6800225A7000BF1437BD465DF8047BF8
:10E8F000704780B483B000AF78607B6800225A64B0
:10E900007B6800221A647B6800221A7000BF0C37F3
:10E91000BD465DF8047B704780B483B000AF78607B
:10E920000B46FB707B6800225A647B6801221A64E4
:10E93000FB7803F07F03DAB27B681A707B680022F1
:10E940005A7000BF0C37BD465DF8047B704780B538
:10E9500082B000AF7860786800F011F87B681B6CBB
:10E96000591C7A6811647A680A21D1547B681B6C3F
:10E970007A680021D15400BF0837BD4680BD80B5FC
:10E9800082B000AF78607B685B6C002B04D07B6842
:10E990001B6C5A1C7B681A6478687B68196C0023AE
:10E9A000002200F0A7F803465BB263F07F035AB27F
:10E9B0007B681B6CD1B27A68D1547B681B6C5A1C83
:10E9C0007B681A647B681B6C7A680021D15400BF95
:10E9D0000837BD4680BD80B584B000AFF860B9602F
:10E9E0007A60BA680021F868FFF75DFF7968F86817
:10E9F000FFF70AFFF868FFF7C2FF00BF1037BD46F8
:10EA000080BD80B584B000AFF860B9607A603B60CB
:10EA1000BA680021F868FFF746FF7968F868FFF7E1
:10EA2000F3FE3968F868FFF7DCFEF868FFF7A7FF28
:10EA300000BF1037BD4680BD80B582B000AF7860A2
:10EA400039603A6801217868FFF72DFF7868FFF791
:10EA500096FF00BF0837BD4680BD80B584B000AFCB
:10EA6000F860B9607A603B60BA680521F868FFF722
:10EA70001AFF7968F868FFF7C7FE3968F868FFF78A
:10EA8000D6FEF868FFF77BFF00BF1037BD4680BD9C
:10EA900080B584B000AFF860B9607A60BA680621CA
:10EAA000F868FFF700FF7968F868FFF7ADFEF868CF
:10EAB000FFF765FF00BF1037BD4680BD80B584B04D
:10EAC00000AFF860B9607A603B60BA680721F86807
:10EAD000FFF7E9FE7968F868FFF7A9FE3968F8687A
:10EAE000FFF7A5FEF868FFF74AFF00BF1037BD46E5
:10EAF00080BD000080B487B000AFF860B9607A6074
:10EB00003B60FF23FB75BB685A1EBA60002B14BF25
:10EB100001230023DBB2002B0BD0FB685A1CFA60E8
:10EB20001A78FB7D5340DBB21A46104B9B5CFB7599
:10EB3000E9E73B685A1E3A60002B14BF012300230B
:10EB4000DBB2002B0BD07B685A1C7A601A78FB7DF5
:10EB50005340DBB21A46054B9B5CFB75E9E7FB7D36
:10EB600018461C37BD465DF8047B7047985902086B
:10EB700080B485B000AFF860B96011461A460B4604
:10EB8000FB801346BB80FB68BA681A60B7F90620A1
:10EB9000FB685A60B7F90420FB689A60FB68BA69A1
:10EBA000DA60FB6800221A61FB6818461437BD461C
:10EBB0005DF8047B704780B485B000AFF860B96041
:10EBC0007A60FB68BA685A60FB687A68DA60FB684A
:10EBD00000221A6100BF1437BD465DF8047B704700
:10EBE00080B584B000AF78607B68DB68591C7A68B8
:10EBF000D16019467868F1F74DFF034603F07F02B4
:10EC00007B681B6942FA03F3FB607B681B69C3F1F5
:10EC10000703BB607B68DB6819467868F1F73AFF49
:10EC2000034603F07F02BB6802FA03F3DBB2FA6823
:10EC30001343FB60BB68C3F108027B681A617B6801
:10EC40001B69072B07D17B68DB685A1C7B68DA607D
:10EC50007B6800221A61FB6818461037BD4680BDEC
:10EC600080B584B000AF78607868FFF7B9FF0346DD
:10EC7000FB7397F90F3018461037BD4680BD80B53D
:10EC800084B000AF78607B68DB68591C7A68D1601B
:10EC900019467868F1F7FEFE034603F07F027B68B1
:10ECA0001B6942FA03F3FB607B681B69C3F107032E
:10ECB000BB60BB68072B10D07B68DB68194678689F
:10ECC000F1F7E8FE034603F07F02BB6802FA03F3A4
:10ECD00003F07F03FA681343FB60FB6818461037A4
:10ECE000BD4680BD80B584B000AF78607868FFF71E
:10ECF000C6FF03461B01FB81786800F014F9034648
:10ED0000DB021AB2FB891343FB81B7F90E301B11EA
:10ED100018461037BD4680BD80B584B000AF78601E
:10ED20007868FFF75DFFF8607868FFF759FF0346E2
:10ED30001B02FA681343FB60FB6818461037BD4698
:10ED400080BD80B584B000AF78607868FFF7E4FFDD
:10ED50000346FB81B7F90E3018461037BD4680BD1B
:10ED600080B584B000AF78607868FFF739FFF8604D
:10ED70007868FFF735FF03461B02FA681343FB6010
:10ED80007868FFF72DFF03461B04FA681343FB6006
:10ED90007868FFF725FF03461B06FA681343FB60FC
:10EDA000FB6818461037BD4680BD90B587B000AFF0
:10EDB000786039603B68013B3B607B689A687B68A0
:10EDC0005B68D31A7B617A693B689A421BDB7B687C
:10EDD0001B687A6852689818002300223968FFF788
:10EDE00089FE034643F08003FB6039687868F1F7D9
:10EDF00051FE0346BB60FA68BB689A420CBF012310
:10EE00000023DBB21BE03A687B69D31A3B617B6865
:10EE10001B687A68526898187B681A683B69796938
:10EE2000FFF768FE034643F0800439687868F1F71D
:10EE300031FE03469C420CBF01230023DBB218467F
:10EE40001C37BD4690BD80B584B000AFF860B96096
:10EE50007A603B60F868FFF774FF0246BB681A608F
:10EE6000F868FFF73FFF02467B681A60F868FFF713
:10EE700039FF02463B681A60F868FFF733FF024625
:10EE8000BB691A60F86800F08EF80246FB691A60E8
:10EE900000BF1037BD4680BD80B485B000AF78603C
:10EEA00039603B6803F01F033B607B681B6C7A682A
:10EEB000D25C7B685B6C396801FA03F3DBB2134305
:10EEC000DAB27B681B6C62F07F02D1B27A68D154EF
:10EED0007B685B6CC3F10703FB60FB68052B17DCE9
:10EEE0007B681B6C5A1C7B681A643A68FB6842FAA0
:10EEF00003F35BB263F07F035AB27B681B6CD1B241
:10EF00007A68D154FB68C3F105027B685A6404E057
:10EF10007B685B6C5A1D7B685A6400BF1437BD4622
:10EF20005DF8047B704780B584B000AF78607B6883
:10EF3000DB6819467868F1F7ADFD034603F07F0200
:10EF40007B681B6942FA03F3FB607B681B69C3F1B2
:10EF50000703BB60BB68052B1BDC7B68DB685A1CA6
:10EF60007B68DA607B68DB6819467868F1F792FDA8
:10EF7000034603F07F02BB6802FA03F303F01F03AA
:10EF8000FA681343FB60BB68C3F105027B681A6132
:10EF900004E07B681B695A1D7B681A61FB68184690
:10EFA0001037BD4680BD80B584B000AF78607B6807
:10EFB000DB6819467868F1F76DFD034603F07F02C0
:10EFC0007B681B6942FA03F3FB607B681B69C3F132
:10EFD0000703BB60BB68042B1BDC7B68DB685A1C27
:10EFE0007B68DA607B68DB6819467868F1F752FD68
:10EFF000034603F07F02BB6802FA03F303F00F033A
:10F00000FA681343FB60BB68C3F104027B681A61B2
:10F0100004E07B681B691A1D7B681A61FB6818464F
:10F020001037BD4680BD80B483B000AF78607B6888
:10F030001B6843F001027B681A6000BF0C37BD46B5
:10F040005DF8047B704780B483B000AF78603960AE
:10F050007B681A6A3B681A437B681A6200BF0C37E8
:10F06000BD465DF8047B704780B483B000AF786024
:10F0700039607B683A689A6300BF0C37BD465DF81B
:10F08000047B704780B483B000AF786039603B6820
:10F090001B68002B14BF01230023DBB218460C377A
:10F0A000BD465DF8047B704780B582B000AF7860E4
:10F0B00079680020FFF7E6FF034618460837BD468B
:10F0C00080BD000080B483B000AF7860034B184669
:10F0D0000C37BD465DF8047B704700BFA9F00008FF
:10F0E00080B584B000AF786007F10C031846FFF7D5
:10F0F000E9FF03461946786800F08AF800BF103728
:10F10000BD4680BD80B582B000AF786039601748D9
:10F11000FFF7E6FF154B1B68002BF8D0134B1B685D
:10F12000013B124A1360124B1B68124A1360114BC9
:10F130001B68002B15D00F4B1B68013B0D4A136059
:10F14000FA210D48FFF790FF4FF4967004F07EFB14
:10F1500000210948FFF788FF4FF4967004F076FB12
:10F16000E5E74FF47A7004F071FBD3E77856022498
:10F17000745602247C5602240004004080B582B0FC
:10F1800000AF786079680020FFF7BCFF0837BD4604
:10F1900080BD000080B483B000AF7860034B184698
:10F1A0000C37BD465DF8047B704700BF7DF1000859
:10F1B00080B582B000AF0A48FFF735FF102108483C
:10F1C000FFF741FF3B1D1846FFF7E4FF024600230F
:10F1D0000021C82004F030FA00BF0837BD4680BDCA
:10F1E0000004004080B483B000AF78603960064A04
:10F1F0007B681360054A3B68136000BF0C37BD464F
:10F200005DF8047B704700BF7456022478560224D0
:10F2100080B582B000AF786039603968786804F0F2
:10F220005FFA00BF0837BD4680BD80B483B000AF31
:10F2300078607B68DB6903F02003202B01D1012378
:10F2400000E0002318460C37BD465DF8047B70478C
:10F2500080B483B000AF78607B68DB6903F0400363
:10F26000402B01D1012300E0002318460C37BD4696
:10F270005DF8047B704780B483B000AF78607B6832
:10F28000DB6903F08003802B01D1012300E0002320
:10F2900018460C37BD465DF8047B704780B483B0D8
:10F2A00000AF78607B6808221A6200BF0C37BD4649
:10F2B0005DF8047B704780B489B000AF78607B68EC
:10F2C000FB60FB6853E8003FBB60BB6843F0200372
:10F2D000FB617B68FA69BA617B617969BA6941E867
:10F2E00000233B613B69002B14BF01230023DBB2E9
:10F2F000002B00D0E3E700BF2437BD465DF8047B58
:10F30000704780B489B000AF78607B68FB60FB68B1
:10F3100053E8003FBB60BB6823F02003FB617B68C0
:10F32000FA69BA617B617969BA6941E800233B6196
:10F330003B69002B14BF01230023DBB2002B00D05C
:10F34000E3E700BF2437BD465DF8047B704780B417
:10F3500083B000AF78607B685B6ADBB218460C371D
:10F36000BD465DF8047B704780B483B000AF786021
:10F370000B46FB70FA787B689A6200BF0C37BD467B
:10F380005DF8047B704780B483B000AF78607B6821
:10F390009B6943F008027B689A6100BF0C37BD4649
:10F3A0005DF8047B704780B483B000AF786039604B
:10F3B0007B683A689A6100BF0C37BD465DF8047BF4
:10F3C000704780B483B000AF786039603B681A043E
:10F3D0007B689A6100BF0C37BD465DF8047B7047BF
:10F3E00080B483B000AF78607B6800221A647B68C9
:10F3F00000225A647B6818460C37BD465DF8047BD2
:10F40000704780B483B000AF78607B681B6C18468F
:10F410000C37BD465DF8047B704780B483B000AF05
:10F4200078607B6818460C37BD465DF8047B7047F2
:10F4300080B483B000AF78603960054A3B681360E0
:10F440007B6818460C37BD465DF8047B704700BFEB
:10F450009057022480B582B000AF78603960094BC4
:10F460001B78002B07D13B681B681846F1F75CFD41
:10F470000346002B01D0012300E000231846083783
:10F48000BD4680BD8C56022480B582B000AF786046
:10F4900079680020FFF7DEFF034618460837BD46AF
:10F4A00080BD000080B483B000AF7860034B184685
:10F4B0000C37BD465DF8047B704700BF89F4000837
:10F4C00090B587B002AF786039604F4B1B78BFF3BF
:10F4D0005B8FDBB203F00103002B0CBF0123002381
:10F4E000DBB2002B16D0484810F022FF0346002B59
:10F4F00014BF01230023DBB2002B0BD000230093A9
:10F500004FF48073002241494148FFF731FB3E48E8
:10F5100010F01AFF3F4B1B78BFF35B8FDBB203F099
:10F520000103002B0CBF01230023DBB2002B10D002
:10F53000384810F0FDFE0346002B14BF01230023C2
:10F54000DBB2002B05D03448FFF74AFF314810F0FA
:10F55000FBFE3248F1F7D8FC0346314A136007F14D
:10F560000C031846FFF79EFF034619462C48FFF789
:10F570004FFE2B4B1B681846F1F7D6FC0346002BB9
:10F5800009D0284802F09EF92448F1F7BDFC034653
:10F59000234A136036E0244B00221A70234B1B6869
:10F5A00019461B48FFF701FC0346002B23D01A48DD
:10F5B000FFF79FF9012200211548FFF7FCFA164AD0
:10F5C0001349184802F02EF91348FFF71AFF0346B3
:10F5D000002B14BF01230023DBB2002B0BD00E48FD
:10F5E000FFF71BFF04460C48FFF70BFF03461946C5
:10F5F000204600F031FA4FF4FF70F1F785FC034626
:10F60000074A1360ABE700BFA857022490560224B4
:10F6100094570224F4570224AC57022400F9150031
:10F62000F8570224147502248C56022488560224AA
:10F6300080B582B000AF786079680020FFF740FFA6
:10F640000837BD4680BD000080B483B000AF78604D
:10F65000034B18460C37BD465DF8047B704700BF6E
:10F6600031F6000880B582B000AF6C4B1B681846BD
:10F67000FFF747FE4FF400716948FFF7A2FE694BA0
:10F6800041221A70674B54225A70664B2B229A7093
:10F69000644B4E22DA70634B41221A71614B4D224A
:10F6A0005A71604B45229A715E4B3F22DA715D4B75
:10F6B0000D221A725B4B0A225A720A21594800F035
:10F6C000CBF9564B1B681846FFF7C2FD0346002BCB
:10F6D0000CBF01230023DBB2002B00D0F1E74F4B1E
:10F6E0001B681846FFF74FFE6420F1F70DFC7860A9
:10F6F0004D4B00221A607868F1F716FC0346002B88
:10F7000073D1464B1B681846FFF78FFD0346002B4D
:10F7100014BF01230023DBB2002BECD03F4B1B684E
:10F720001846FFF714FE0346FB703F4B1B680A2B7D
:10F7300011DC3E4B1A683C4B1B68591C3A4801606F
:10F7400013441B78FA789A4214BF01230023DBB2DA
:10F75000002BD0D04AE0344B1B680B2B0DD1FB782B
:10F76000303B4FF47A7202FB03F3314A13602E4BA5
:10F770001B6801332C4A1360BDE72B4B1B680C2B15
:10F780000FD1FB78303B642202FB03F2284B1B684D
:10F790001344274A1360244B1B680133224A136029
:10F7A000A9E7214B1B680D2B12D1FB78A3F1300286
:10F7B00013469B0013445B001A461D4B1B68134401
:10F7C0001B4A1360184B1B680133174A136092E7FA
:10F7D000154B1B680E2B8ED1FB78A3F13002144B16
:10F7E0001B681344124A136000E000BF4FF400711D
:10F7F0000B48FFF7D8FD094B1B681846FFF75BFD68
:10F800003B461846FFF720FF024600230021C82090
:10F8100003F012FF00BF0837BD4680BD9057022499
:10F82000000802589056022488560224340100240D
:10F830008456022480B582B000AF1A4B1B6818466C
:10F84000FFF785FD03467B607B680D2B25D07B6829
:10F850000A2B03D1144B01221A701FE07B6803F0BE
:10F860008003002B05D1114B00221A600E4B0022A1
:10F870001A707B68D8B20D4B1B685A1C0B490A6082
:10F880000B4A0146D154094B1B68FF2B06DD074B81
:10F890001B68013B054A136000E000BF0837BD4606
:10F8A00080BD00BF905702248C5602248856022443
:10F8B0009056022480B586B000AF78605F4B1B681D
:10F8C0001846FFF71EFD4FF400715D48FFF779FD04
:10F8D0007A685C4B83FB02139910D317C91A0B4645
:10F8E0009B000B445B00D31A7B617B68554A82FB0B
:10F8F00003129210DB17D21A524B83FB021399109A
:10F90000D317C91A0B469B000B445B00D31A3B610B
:10F910007B684D4A82FB03125211DB17D21A494B06
:10F9200083FB02139910D317C91A0B469B000B4493
:10F930005B00D31AFB607B68444A82FB031292117E
:10F94000DB17D21A3F4B83FB02139910D317C91A46
:10F950000B469B000B445B00D31ABB603C4B41221F
:10F960001A703B4B54225A70394B2B229A70384BE9
:10F970004E22DA70364B41221A71354B4D225A71A4
:10F98000334B45229A71324B3D22DA71304B522271
:10F990001A722F4B4F225A722D4B4B229A722C4BBC
:10F9A0004922DA722A4B2D221A73BB68DBB230333C
:10F9B000DAB2274B5A73FB68DBB23033DAB2244B2E
:10F9C0009A733B69DBB23033DAB2214BDA737B696D
:10F9D000DBB23033DAB21E4B1A741D4B0D225A744F
:10F9E0001B4B0A229A741321194800F035F8134B67
:10F9F0001B681846FFF72CFC0346002B0CBF0123A5
:10FA00000023DBB2002B00D0F1E7642003F01EFFDF
:10FA10000A4B1B681846FFF741FC084B1B68184649
:10FA2000FFF749FC4FF400710548FFF7BCFC094A99
:10FA30007B68136000BF1837BD4680BD9057022415
:10FA400000080258676666661F85EB51D34D621049
:10FA5000905602248456022480B582B000AF7860AC
:10FA600039603B680F2B13DC3B685A1E3A60002B51
:10FA700014BF01230023DBB2002B2BD0174B1868D7
:10FA80007B685A1C7A601B781946FFF76DFCEBE720
:10FA90003B685A1E3A60002B14BF01230023DBB2DF
:10FAA000002B17D00D4B1B681846FFF7E4FB0346ED
:10FAB000002B0CBF01230023DBB2002B00D0F1E7A9
:10FAC000064B18687B685A1C7A601B781946FFF74A
:10FAD0004BFCDDE700BF0837BD4680BD90570224D0
:10FAE00080B500AFFFF7A6FE00BF80BD80B582B035
:10FAF00000AF786039607B68012B08D13B684FF616
:10FB0000FF72934203D104490448FFF791FC00BF00
:10FB10000837BD4680BD00BF001401408056022456
:10FB200080B500AF4FF6FF710120FFF7DFFF80BD0A
:10FB300080B483B000AF786039607B681A683B6836
:10FB400003F010034FF4805101FA03F31A437B686A
:10FB50001A6000BF0C37BD465DF8047B704780B467
:10FB600085B000AFF860B9607A60FB680833194669
:10FB70007B6803F01F03BA6822FA03F39B0003F0CB
:10FB80003C030B4418461437BD465DF8047B7047B0
:10FB900080B483B000AF786039607B681A683B68D6
:10FBA00003F01003012101FA03F31A437B681A6082
:10FBB00000BF0C37BD465DF8047B704780B485B04C
:10FBC00000AF786039607B68FB600C4A3B68134487
:10FBD0001B781A46FB6813441B6808493A680A44B4
:10FBE00012781146FA680A4443F00103136000BF1B
:10FBF0001437BD465DF8047B704700BF985A020871
:10FC000080B485B000AF786039607B68FB600C4AD7
:10FC10003B6813441B781A46FB6813441B68084969
:10FC20003A680A4412781146FA680A4423F001033C
:10FC3000136000BF1437BD465DF8047B704700BFFA
:10FC4000985A020880B487B000AFF860B9607A6053
:10FC5000FB687B610D4ABB6813441B781A467B69BD
:10FC600013445A680A4B13400849BA680A44127888
:10FC700011467A690A4411467A6813434B6000BF03
:10FC80001C37BD465DF8047B704700BF985A0208D8
:10FC90000000FFFF80B487B000AFF860B9607A6001
:10FCA000FB687B61074ABB6813441B781A467B6973
:10FCB00013441A467B68D36000BF1C37BD465DF80D
:10FCC000047B7047985A020880B487B000AFF86090
:10FCD000B9607A60FB687B61074ABB6813441B7894
:10FCE0001A467B6913441A467B68936000BF1C3731
:10FCF000BD465DF8047B7047985A020880B483B013
:10FD000000AF78607B681B6843F001027B681A6073
:10FD100000BF0C37BD465DF8047B704780B582B0EC
:10FD200000AF78603960204B1B78BFF35B8FDBB28C
:10FD300003F00103002B0CBF01230023DBB2002BD7
:10FD400014D0194810F0F4FA0346002B14BF012315
:10FD50000023DBB2002B09D040231A46134B134477
:10FD60001A46134B1A60104810F0EEFA114B1B782C
:10FD7000002B0AD00E4B1B685B689BB2B3F57A7FF1
:10FD80008CBF01230023DBB20AE0094B1B685B68D0
:10FD90009BB240F2E732934294BF01230023DBB2CF
:10FDA00018460837BD4680BDDC5F022400040240CF
:10FDB000D85F0224D45F022480B582B000AF78609F
:10FDC00079680020FFF7AAFF034618460837BD46AA
:10FDD00080BD000080B483B000AF7860034B18464C
:10FDE0000C37BD465DF8047B704700BFB9FD0008C5
:10FDF00080B584B000AF786039602C48FFF770F9A7
:10FE00000023FB602A4B1B6803F2CF73FA689A4207
:10FE100047DC07F108031846FFF7DCFF03461946E5
:10FE2000002003F05DFC234B1B78002B17D0204BE8
:10FE30001B68FA689A420ADA1C4B1A68FB68D118E8
:10FE40001D4A4FF47A731D4804F0BFFF1DE01A4BA2
:10FE50004FF47A727F21184612F018FD15E0144B0A
:10FE60001B68FA689A420ADA104B1A68FB68D118C4
:10FE70004FF47A73124A114804F0A7FF05E04FF4DB
:10FE80007A727F210E4812F001FD0A4B1B7883F035
:10FE90000103DAB2074B1A70FB6803F57A73FB6053
:10FEA000B0E7024B00221A60A7E700BFCC5F022434
:10FEB000D05F0224D45F0224E45B0224E05F0224CA
:10FEC000FC57022480B582B000AF786079680020CA
:10FED000FFF78EFF0837BD4680BD000080B483B0B9
:10FEE00000AF7860034B18460C37BD465DF8047BC5
:10FEF000704700BFC5FE000880B582B000AF002388
:10FF00007B607B68B3F5FA6F08DA204A7B6813449C
:10FF100080221A707B6801337B60F2E702211C4863
:10FF2000FFF76EFE194B1A4602211948FFF7B2FE81
:10FF3000182218491848FFF712FE03461A460221F4
:10FF40001348FFF7C1FE4FF4FA6202211048FFF791
:10FF500079FE02210E48FFF731FE0E490E48FFF7E9
:10FF6000E7FD0C490C48FFF713FE0C48FFF7C6FEEF
:10FF70003B461846FFF7B2FF024600230021C82087
:10FF800003F05AFB00BF0837BD4680BDFC57022472
:10FF9000000402407200403500740040000401403B
:10FFA00080B483B000AF78603960064A3B68136064
:10FFB000054A7B68136000BF0C37BD465DF8047BC3
:10FFC000704700BFD05F0224CC5F022480B400AF32
:10FFD000034B1B681846BD465DF8047B704700BFA5
:10FFE000CC5F022480B586B004AF786039607B684E
:10FFF000012B12D13B684FF6FF7293420DD11023B3
:020000040801F1
:100000000393084B029304230193074B00930523AA
:10001000054A0649064804F0BEFE00BF0837BD4643
:1000200080BD00BF001002580000024000340140B3
:10003000E05F022480B500AF4FF6FF710120FFF7AB
:10004000D1FF80BD80B483B000AF7860064B1A68E2
:100050007B68134403F07F03044AD35C18460C37D3
:10006000BD465DF8047B7047C460022444600224EE
:1000700080B483B000AF7860084B1A687B68134483
:10008000064A1360054B1B6803F07F03034A1360A5
:1000900000BF0C37BD465DF8047B7047C460022486
:1000A00080B500AF0020FFF7CDFF03465BB2002B09
:1000B00005DB0020FFF7C6FF03460A2B01D1012311
:1000C00000E00023184680BD80B485B000AF7860A2
:1000D00039607B68FB600C4A3B6813441B781A4606
:1000E000FB6813441B6808493A680A4412781146B1
:1000F000FA680A4443F00103136000BF1437BD4699
:100100005DF8047B704700BFA05A020880B485B038
:1001100000AF786039607B68FB600C4A3B68134431
:100120001B781A46FB6813441B6808493A680A445E
:1001300012781146FA680A4423F00103136000BFE5
:100140001437BD465DF8047B704700BFA05A020813
:1001500080B487B000AFF860B9607A60FB687B61FB
:100160000D4ABB6813441B781A467B6913441B680D
:1001700023F490720849BB680B441B7819467B69CD
:100180000B4419467B6813430B6000BF1C37BD4608
:100190005DF8047B704700BFA05A020880B487B0A6
:1001A00000AFF860B9607A60FB687B610D4ABB689C
:1001B00013441B781A467B6913445A680A4B134050
:1001C0000849BA680A44127811467A690A44114605
:1001D0007A6813434B6000BF1C37BD465DF8047B53
:1001E000704700BFA05A02080000FFFF80B485B02E
:1001F00000AF786039607B68FB60074A3B68134456
:100200001B781A46FB6813445B689BB21846143788
:10021000BD465DF8047B7047A05A020880B487B0E1
:1002200000AFF860B9607A60FB687B61074ABB6821
:1002300013441B781A467B6913441A467B68D360C3
:1002400000BF1C37BD465DF8047B7047A05A02080A
:1002500080B487B000AFF860B9607A60FB687B61FA
:10026000074ABB6813441B781A467B6913441A4635
:100270007B68936000BF1C37BD465DF8047B704708
:10028000A05A020880B483B000AF78607B684FF05A
:100290008062DA6000BF0C37BD465DF8047B7047B2
:1002A00080B483B000AF78607B684FF00062DA60A2
:1002B00000BF0C37BD465DF8047B704780B483B047
:1002C00000AF78607B684FF00072DA6000BF0C37D7
:1002D000BD465DF8047B704780B483B000AF7860A2
:1002E0007B681B6843F001027B681A6000BF0C3713
:1002F000BD465DF8047B704780B483B000AF786082
:100300007B681B6823F001027B681A6000BF0C3712
:10031000BD465DF8047B704780B489B000AF78605B
:100320007B68FB60FB6853E8003FBB60BB6843F041
:100330000403FB617B68FA69BA617B617969BA6918
:1003400041E800233B613B69002B14BF01230023DC
:10035000DBB2002B00D0E3E700BF2437BD465DF8D9
:10036000047B704780B489B000AF78607B68FB6025
:10037000FB6853E8003FBB60BB6823F00403FB61EC
:100380007B68FA69BA617B617969BA6941E80023DF
:100390003B613B69002B14BF01230023DBB2002B20
:1003A00000D0E3E700BF2437BD465DF8047B70470B
:1003B00080B489B000AF78607B68FB60FB6853E86D
:1003C000003FBB60BB6843F00803FB617B68FA69D0
:1003D000BA617B617969BA6941E800233B613B6995
:1003E000002B14BF01230023DBB2002B00D0E3E776
:1003F00000BF2437BD465DF8047B704780B489B0E8
:1004000000AF78607B68FB60FB6853E8003FBB602F
:10041000BB6823F00803FB617B68FA69BA617B6102
:100420007969BA6941E800233B613B69002B14BF3D
:1004300001230023DBB2002B00D0E3E700BF243709
:10044000BD465DF8047B704780B483B000AF786030
:100450007B6840221A6200BF0C37BD465DF8047B02
:10046000704780B489B000AF78607B68FB60FB6840
:1004700053E8003FBB60BB6843F04003FB617B680F
:10048000FA69BA617B617969BA6941E800233B6125
:100490003B69002B14BF01230023DBB2002B00D0EB
:1004A000E3E700BF2437BD465DF8047B704780B4A6
:1004B00089B000AF78607B68FB60FB6853E8003F61
:1004C000BB60BB6823F04003FB617B68FA69BA61DB
:1004D0007B617969BA6941E800233B613B69002B84
:1004E00014BF01230023DBB2002B00D0E3E700BFE1
:1004F0002437BD465DF8047B704780B489B000AFF7
:1005000078607B680833FB60FB6853E8003FBB60A2
:10051000BB6843F04003FB617B680833FA69BA614A
:100520007B617969BA6941E800233B613B69002B33
:1005300014BF01230023DBB2002B00D0E1E700BF92
:100540002437BD465DF8047B704780B489B000AFA6
:1005500078607B680833FB60FB6853E8003FBB6052
:10056000BB6843F08003FB617B680833FA69BA61BA
:100570007B617969BA6941E800233B613B69002BE3
:1005800014BF01230023DBB2002B00D0E1E700BF42
:100590002437BD465DF8047B704780B489B000AF56
:1005A00078607B680833FB60FB6853E8003FBB6002
:1005B000BB6823F08003FB617B680833FA69BA618A
:1005C0007B617969BA6941E800233B613B69002B93
:1005D00014BF01230023DBB2002B00D0E1E700BFF2
:1005E0002437BD465DF8047B7047000080B582B0BB
:1005F00000AF786039601948FFF7B4FE1748FFF77D
:10060000FDFE07211648FFF781FD3B681A460721CA
:100610001348FFF7C3FD7B681A4607211048FFF710
:10062000FDFD0F48FFF73CFE0D48FFF72BFE0C4881
:10063000FFF744FE0948FFF707FF0848FFF711FFDF
:1006400007210748FFF740FD0448FFF7B1FE0348C4
:10065000FFF77BFF00BF0837BD4680BD0048004064
:100660000000024080B500AF06210648FFF7BEFD3E
:100670000346054A12681344C3F1800303F07F0365
:10068000184680BD00000240C460022480B582B0DC
:1006900000AF78603960FFF7E5FF0346002B14BF19
:1006A00001230023DBB218460837BD4680BD80B564
:1006B00082B000AF786079680020FFF7E7FF03465B
:1006C00018460837BD4680BD80B483B000AF78605F
:1006D000034B18460C37BD465DF8047B704700BFDE
:1006E000AF06010890B58BB002AF78603960FFF7B4
:1006F000B9FF0346002B0CBF01230023DBB2002B04
:1007000009D007F11C031846FFF7DEFF0346194620
:10071000002002F0E5FFFFF7C3FC034683F001036E
:10072000DBB2002B11D00020FFF78CFC03461946EA
:10073000414B00221A60404B1B68404AD1543E4B4B
:100740001B6801333C4A136072E03B4B1B68002B73
:100750006ED0394B1C680020FFF774FC03461A4624
:10076000364B1A55344B1B68344AD35C0A2B53D191
:1007700007F1080001230093402300222F49FEF7D0
:10078000F7F92D4B1A6807F1080311461846FEF7D2
:100790000CFB0346002B3BD0294B1B78BFF35B8F30
:1007A000DBB203F00103002B0CBF01230023DBB2FB
:1007B000002B10D022480FF0BBFD0346002B14BFC6
:1007C00001230023DBB2002B05D01E48FEF708FEF4
:1007D0001B480FF0B9FD07F108031A491846F1F755
:1007E0003BFA1848FEF70DFE0346002B14BF012309
:1007F0000023DBB2002B0BD01248FEF70EFE04469E
:100800001048FEF7FEFD034619462046FFF7EEFEB0
:10081000094B00221A600BE0074B1B680133064AA4
:100820001360054B1B683F2B02DD034B00221A604F
:100830000120FFF71DFC5AE74060022400600224FB
:1008400010610224C860022480B582B000AF7860D5
:1008500079680020FFF746FF0837BD4680BD0000DD
:1008600080B483B000AF7860034B18460C37BD46A8
:100870005DF8047B704700BF4908010880B582B06D
:1008800000AF2048FFF738FD802206211E48FFF701
:1008900085FC1E4A06211C48FFF7DAFC1C4B1A4651
:1008A00006211948FFF7BAFC4FF48072062116485A
:1008B000FFF74EFC06211448FFF706FC154A0721F6
:1008C0001148FFF7C5FC0F48FFF717FE0D48FFF76B
:1008D0003CFE0C48FFF720FD0A48FFF769FD094878
:1008E000FFF7FAFC3B1D1846FFF7BAFF024600234C
:1008F00000214FF4967002F09FFE00BF0837BD46FE
:1009000080BD00BF00480040000002402448004075
:10091000446002242848004080B500AF0748FFF734
:10092000C6FD07210648FFF7F1FB0448FFF7F4FC7A
:100930000248FFF732FE00BF80BD00BF0048004004
:100940000000024080B483B000AF78603960064B8D
:100950001B78002B14BF01230023DBB218460C3791
:10096000BD465DF8047B70475C81022480B582B08F
:1009700000AF786079680020FFF7E4FF034618466F
:100980000837BD4680BD000080B483B000AF7860FA
:10099000034B18460C37BD465DF8047B704700BF1B
:1009A0006D09010890B58DB002AF7860396007F12C
:1009B00020031846FFF7E8FF03461946002002F01F
:1009C0008FFE00237B627B6A3F2B0ADC304A7B6A06
:1009D00013441B780A2B03D07B6A01337B62F2E756
:1009E00000BF7B6A3F2B4EDC07F10C000123009314
:1009F000402300222649FEF7BBF807F10C03796A71
:100A00001846FEF7D2F90346002B3CD0214B1B7849
:100A1000BFF35B8FDBB203F00103002B0CBF01239C
:100A20000023DBB2002B10D01A480FF081FC0346E4
:100A3000002B14BF01230023DBB2002B05D0164886
:100A4000FEF7CEFC13480FF07FFC07F10C031249B0
:100A50001846F1F701F91048FEF7D3FC0346002BC6
:100A600014BF01230023DBB2002B0CD00A48FEF791
:100A7000D4FC04460848FEF7C4FC03469BB2194662
:100A800020460EF0CBFF024B00221A708FE700BF0A
:100A90005C8102245C6102241461022480B582B06E
:100AA00000AF786079680020FFF77CFF0837BD460B
:100AB00080BD000080B483B000AF7860034B18465F
:100AC0000C37BD465DF8047B704700BF9D0A0108E6
:100AD00080B582B000AF3B1D1846FFF7EBFF024622
:100AE000002300214FF4967002F0A6FD00BF0837E6
:100AF000BD4680BD80B485B000AFF86008461146A1
:100B00001A4603467B810B463B811346FB80FB68FC
:100B1000D3F8D420FB6893F8D230F96808335B002F
:100B20000B44B3F90230D21AFB68C3F8D420FB6837
:100B30007A899A80FB6893F8D2301A46FB68B3F939
:100B40000400F96802F108035B000B440146598078
:100B5000F96802F108035B000B44B3F90220FB685B
:100B6000D3F8D4301A44FB68C3F8D420FB68D3F818
:100B7000D820FB6893F8D230F96828335B000B4427
:100B8000B3F90230D21AFB68C3F8D820FB683A895F
:100B9000DA80FB6893F8D2301A46FB68B3F9060096
:100BA000F96802F128035B000B4401465980F9689B
:100BB00002F128035B000B44B3F90220FB68D3F871
:100BC000D8301A44FB68C3F8D820FB68D3F8DC207F
:100BD000FB6893F8D230F96848335B000B44B3F9F3
:100BE0000230D21AFB68C3F8DC20FB68FA881A814D
:100BF000FB6893F8D2301A46FB68B3F90800F9682D
:100C000002F148035B000B4401465980F96802F188
:100C100048035B000B44B3F90220FB68D3F8DC30D7
:100C20001A44FB68C3F8DC20FB6893F8D230013328
:100C3000DAB2FB6883F8D220FB6893F8D23003F075
:100C40001F03DAB2FB6883F8D220FB68D3F8E020F8
:100C5000B7F90A301A44FB68C3F8E020FB68D3F800
:100C6000E420B7F908301A44FB68C3F8E420FB68B5
:100C7000D3F8E820B7F906301A44FB68C3F8E82037
:100C8000FB68D3F8EC305A1CFB68C3F8EC20FB6817
:100C9000D3F8EC30B3F5007F2ADBFB68D3F8E03003
:100CA0005A12FB68C3F8F020FB68D3F8E4305A12FC
:100CB000FB68C3F8F420FB68D3F8E8305A12FB68ED
:100CC000C3F8F820FB680022C3F8EC20FB68D3F8D7
:100CD000EC20FB68C3F8E820FB68D3F8E820FB6849
:100CE000C3F8E420FB68D3F8E420FB68C3F8E020F5
:100CF00000BF1437BD465DF8047B704780B500AF78
:100D000002F070FD00BF80BD80B584B000AFB96057
:100D10007A603B600346FB730B4804F00FF807F161
:100D20000F0301221946084803F098FC7B681A4615
:100D3000B968054803F0B8FD034804F00FF8002334
:100D400018461037BD4680BD6061022480B584B06E
:100D500000AFB9607A603B600346FB730B4803F059
:100D6000EDFF07F10F0301221946084803F076FC56
:100D70007B681A46B968054803F070FC034803F025
:100D8000EDFF002318461037BD4680BD6061022488
:100D900080B582B000AF786039607B68B3F57A7F48
:100DA00008D37B680B4AA2FB03239B09184602F079
:100DB0004DFD0BE07B685A1E7A60002B14BF0123A7
:100DC0000023DBB2002B01D000BFF3E700BF0837E0
:100DD000BD4680BDD34D62102DE9B04386B000AF53
:100DE000786039603B687B617B689B780B2B6ED1A8
:100DF0007B685B6807F108021146184605F0B3FDF1
:100E00007B681A787B6983F82E207B689B68D3E91E
:100E100000237969C1E900237B69D3E900452046B5
:100E200029464FF000024FF000034B0143EAD06324
:100E3000420110461946001B61EB05014FF000020C
:100E40004FF000038B0143EA90638201121A63EBB7
:100E500001034FF000004FF00001D90041EA527148
:100E6000D00002460B4612EB040843EB05097B69F0
:100E7000C3E900897B69D3E9000118A3D3E9002302
:100E8000EFF73AFC02460B467B699A607B69D3E92F
:100E9000002311467B699B680F4A02FB03F3CA1AC1
:100EA0007B69DA60B7F908207B699A84B7F90A2070
:100EB0007B69DA84B7F90C207B691A85B7F90E20B3
:100EC0007B695A853B8A1AB27B699A8500E000BF2C
:100ED0001837BD46BDE8B08300CA9A3B00CA9A3BAA
:100EE0000000000080B586B000AF786039603B68D4
:100EF0007B617B685B6807F10C021146184605F0C0
:100F00007EFD7B681A787B691A747B689B68D3E9DD
:100F100000014FF000024FF00003820942EA8162B3
:100F20008B097B691A60B7F90C10B7F90E20B7F975
:100F300010307869FFF7DEFD00BF1837BD4680BD71
:100F400080B483B000AF78607B6818460C37BD462C
:100F50005DF8047B7047000080B584B000AF786016
:100F6000396002F03FFC0023FB7307F10F030749D0
:100F7000184604F089FAFB7B002BF2D0034A4FF4A9
:100F80000061034804F055F8EBE700BFC86B02248A
:100F9000C863022480B582B000AF78607968002011
:100FA000FFF7DAFF0837BD4680BD000080B483B08C
:100FB00000AF7860034B18460C37BD465DF8047BE4
:100FC000704700BF950F010880B58CB004AF786002
:100FD000B34B02930023019340230093B14BB24AD9
:100FE000B249012004F09EFA03461A467B689A61D2
:100FF0007B689B69002B40F03E81A94804F07AFA97
:1010000003461A467B689A617B689B69002B40F017
:101010003481A349A64804F059F903461A467B686F
:101020009A617B689B69002B40F02981A04B1B785B
:10103000892B40F026810C23FB73FB7B98491846D3
:1010400004F0EBF903461A467B689A617B689B695A
:10105000002B40F0188107F10F039149184604F066
:10106000F8F903461A467B689A617B689B69002BF6
:1010700040F00B810023FB77FB7F8949184604F081
:101080001DFA03461A467B689A617B689B69002BB0
:1010900040F0FD8007F10E038149184604F04AF93B
:1010A00003461A467B689A617B689B69002B40F077
:1010B000F080BB7B03F01003002B00F0EC80784A3B
:1010C0007C497D4804F072F903461A467B689A61B0
:1010D0007B689B69002B40F0E08007F10D037049AD
:1010E000184604F007FB03461A467B689A617B6842
:1010F0009B69002B40F0EC807B7B002B40F0E8806C
:10110000674804F072F903461A467B689A617B6867
:101110009B69002B40F0DE8007F10D036049184603
:1011200004F0E8FA03461A467B689A617B689B697B
:10113000002B40F0D1807B7B002B40F0CD805849C4
:101140005E4804F0DDF803461A467B689A617B68C6
:101150009B69002B40F0C280584B1B88002B00F08D
:10116000BD807B6803F120024D4B5549252004F0DA
:1011700003FA03461A467B689A617B689B69002BD9
:1011800040F0AE807B6803F15002454B4D4904208E
:1011900004F0F2F903461A467B689A617B689B6902
:1011A000002B40F09F807B6803F5A6723C4B4549BD
:1011B0000D2004F0E1F903461A467B689A617B68CA
:1011C0009B69002B40F09080354A4FF400613E4807
:1011D00003F02FFF03461A467B689A617B689B6980
:1011E000002B40F083802E4804F0F6F903461A469F
:1011F0007B689A617B689B69002B79D1334BBB611B
:1012000000237B61264A796997ED060A252004F0C0
:101210003CF803461A467B689A617B689B69002B01
:1012200068D11F4A796997ED060A042004F02DF869
:1012300003461A467B689A617B689B69002B5BD1E9
:10124000174A796997ED060A0D2004F01EF8034647
:101250001A467B689A617B689B69002B4ED107F127
:1012600010031846FFF7A2FE024600230021FA20D1
:1012700002F0E2F943E000BF41E000BF3FE000BF01
:101280003DE000BF3BE000BF39E000BF37E000BFFA
:1012900035E000BF33E000BF31E000BF2FE000BF0A
:1012A000C86B0224910D01084D0D0108090D0108BC
:1012B000007502246CA60100A85A020802750224D7
:1012C000D90D0108E50E0108C86302240000FA43A5
:1012D00000BF14E000BF12E000BF10E000BF0EE04E
:1012E00000BF0CE000BF0AE000BF08E000BF06E05E
:1012F00000BF04E000BF02E000BF00E000BF2037F5
:10130000BD4680BD80B483B000AF78607B68D3F801
:101310002431002B00DA1F335B111A467B681A60F8
:101320007B68D3F82831002B00DA1F335B111A4693
:101330007B685A607B68D3F82C31002B00DA1F33AE
:101340005B111A467B689A607B68D3F82032002BC9
:1013500000DA1F335B111A467B68DA607B68D3F8CA
:101360002432002B00DA1F335B111A467B681A61A6
:101370007B68D3F82832002B00DA1F335B111A4642
:101380007B685A6100BF0C37BD465DF8047B70472F
:1013900080B586B004AF786039607B68012B15D1C9
:1013A0003B684FF6FF72934210D110230393094B11
:1013B000029302230193084B00930323064A074933
:1013C000074802F09EFF0748FFF7BAFD00BF083745
:1013D000BD4680BD000002580000024000300140C0
:1013E000606102248061022480B500AF4FF6FF7176
:1013F0000120FFF7CDFF80BD80B483B000AF7860DF
:1014000039607B683A689A6100BF0C37BD465DF869
:10141000047B704780B483B000AF786039603B686C
:101420001A047B689A6100BF0C37BD465DF8047BE7
:101430007047000080B584B000AF786039601B4B06
:101440001B68002B12D14FF480611948FFF7D4FFBD
:101450004FF4967002F0FAF94FF480611448FFF7E8
:10146000D9FF4FF4967002F0F1F9E8E70023FB6032
:101470000E4B1B68FA689A4213DC4FF480610C48EB
:10148000FFF7BAFFC82002F0E1F94FF48061084885
:10149000FFF7C0FFC82002F0D9F9FB680133FB60F9
:1014A000E6E74FF42F7002F0D1F9C8E70475022483
:1014B0000010025880B582B000AF786079680020D3
:1014C000FFF7B8FF0837BD4680BD000080B483B089
:1014D00000AF7860034B18460C37BD465DF8047BBF
:1014E000704700BFB514010880B582B000AF3B1D46
:1014F0001846FFF7EBFF03461A460021C82000F00C
:1015000004F800BF0837BD4680BD80B584B000AF89
:10151000F860B9607A6000237A68B968F86802F008
:101520008BF800BF1037BD4680BD80B582B000AFDC
:10153000786039603B681B681846EFF7F5FC034696
:1015400018460837BD4680BD80B582B000AF7860D0
:1015500079680020FFF7E9FF034618460837BD46C3
:1015600080BD000080B483B000AF7860034B1846A4
:101570000C37BD465DF8047B704700BF4915010874
:1015800080B584B000AF786007F10C031846FFF710
:10159000E9FF02463B1D11461846FDF739FE00BF24
:1015A0001037BD4680BD80B483B000AF78607B68E3
:1015B0001B6C9BB218460C37BD465DF8047B704728
:1015C00080B483B000AF786039607B681A693B688B
:1015D00013403A689A4201D1012300E000231846E3
:1015E0000C37BD465DF8047B7047000080B582B0C3
:1015F00000AF4FF4C87001F03DFFFFF775FFFFF734
:1016000067FAFFF73BF9FDF7D3FDFEF775FC73486A
:10161000FFF7DAFCFEF726F84FF480517048FFF729
:10162000CFFF0346002B08D180216D48FFF7C8FF8C
:101630000346002B01D1012300E00023002B01D041
:10164000EFF744FDEFF710FD664B1B6840F2CF72D9
:101650009342D4BF01230023DBB2002B00D0F3E779
:1016600001210120FDF7BEFD0A20EFF74DFC786057
:101670007868FFF785FF0A20EFF746FC7860574847
:10168000FFF740FE584B1B6898474FF48051544871
:10169000FFF796FF0346002B0CBF01230023DBB2AC
:1016A000002B19D0514B1B68002B07D140F6152099
:1016B000F0F7F6FF03461846EFF75CFE4B4B1E2291
:1016C0001A604B4A4B4B13441B6843F001024849D4
:1016D000484B0B441A6012E0444B1B68002B04D0AB
:1016E000424B1B68013B414A1360414A414B134442
:1016F0001B6823F001023E493E4B0B441A608021D7
:101700003748FFF75DFF0346002B0CBF0123002382
:10171000DBB2002B19D0384B1B68002B07D140F6E9
:101720001620F0F7BDFF03461846EFF723FE324BB5
:101730001E221A602E4A2F4B13441B6843F00202EC
:101740002B492C4B0B441A6012E02B4B1B68002BCF
:1017500004D0294B1B68013B274A1360244A254BC0
:1017600013441B6823F002022149224B0B441A60E8
:101770002248FFF718FF034619461D4A204B134421
:1017800019601B4A1E4B13441B6840F69B12934280
:101790000EDC1C4B1B7883F00103DBB2002B07D05F
:1017A000184B01221A7018490320FDF71BFD13E0A6
:1017B000144B1B78002B3FF45BAF0D4A104B1344C6
:1017C0001B68B3F51D6FFFF653AF0E4B00221A7066
:1017D00000210320FDF706FD4AE700BF80610224D7
:1017E00000040258B07A02243CE301240875022464
:1017F000A423002434AF01000C7502240020024011
:1018000038AF010010750224A086010080B483B0B7
:1018100000AF78607B6818460C37BD465DF8047BE6
:101820007047000080B584B000AFF860B9607A609E
:10183000B868EFF74EF90346522B0CBF0123002383
:10184000DBB2002B2CD0184A184B134401221A602B
:10185000B868FDF785FA02461349154B0B441A6028
:10186000B868FDF7FDF902460F49124B0B441A60A8
:10187000B868FDF7F5F902460B490F4B0B441A60A7
:10188000B868FDF7EDF9024607490C4B0B441A60A6
:10189000B868FDF7E5F902460349094B0B441A60A5
:1018A00000BF1037BD4680BDA42300243CAF01001B
:1018B00040AF010048AF01004CAF010054AF010040
:1018C00058AF010080B483B000AF7860194A1A4B5A
:1018D000134400221A60174A174B13441A6815491B
:1018E000164B0B441A60134A144B13441A681149DF
:1018F000134B0B441A600F4A114B13441A680D49DD
:10190000104B0B441A600B4A0E4B13441A680949DA
:101910000D4B0B441A60074A0B4B13441A680549D8
:101920000A4B0B441A6000BF0C37BD465DF8047BC0
:10193000704700BFA423002458AF010054AF01003A
:101940004CAF010048AF010040AF01003CAF0100C7
:1019500080B582B000AF786039607B68012B07D119
:101960003B684FF6FF72934202D10348FFF74EFFE8
:1019700000BF0837BD4680BD1475022480B500AF96
:101980004FF6FF710120FFF7E3FF80BD80B483B005
:1019900000AF78607B681B6818460C37BD465DF861
:1019A000047B704780B483B000AF78607B6800220E
:1019B0005A6100BF0C37BD465DF8047B704780B4A8
:1019C00089B000AF78607B68FB60FB6853E8003F3C
:1019D000BB60BB6843F00403FB617B68FA69BA61D2
:1019E0007B617969BA6941E800233B613B69002B5F
:1019F00014BF01230023DBB2002B00D0E3E700BFBC
:101A00002437BD465DF8047B704780B489B000AFD1
:101A100078607B68FB60FB6853E8003FBB60BB6895
:101A200043F00803FB617B68FA69BA617B617969FD
:101A3000BA6941E800233B613B69002B14BF0123D5
:101A40000023DBB2002B00D0E3E700BF2437BD4604
:101A50005DF8047B704780B483B000AF78607B682A
:101A60005B6843F400027B685A6000BF0C37BD46D8
:101A70005DF8047B704780B483B000AF7860396054
:101A80007B685B6903F07F423B681A437B685A615D
:101A900000BF0C37BD465DF8047B704780B483B04F
:101AA00000AF78607B68DB6903F08063B3F1806F1F
:101AB00001D1012300E0002318460C37BD465DF834
:101AC000047B704780B483B000AF78607B680222EB
:101AD0001A6200BF0C37BD465DF8047B704780B4C6
:101AE00083B000AF78607B6804221A6200BF0C37B5
:101AF000BD465DF8047B704780B483B000AF78606A
:101B00007B684FF400621A6200BF0C37BD465DF877
:101B1000047B704780B489B000AF78607B68FB605D
:101B2000FB6853E8003FBB60BB6843F04003FB61C8
:101B30007B68FA69BA617B617969BA6941E8002317
:101B40003B613B69002B14BF01230023DBB2002B58
:101B500000D0E3E700BF2437BD465DF8047B704743
:101B600080B489B000AF78607B68FB60FB6853E8A5
:101B7000003FBB60BB6843F08063FB617B68FA6930
:101B8000BA617B617969BA6941E800233B613B69CD
:101B9000002B14BF01230023DBB2002B00D0E3E7AE
:101BA00000BF2437BD465DF8047B704780B489B020
:101BB00000AF78607B680833FB60FB6853E8003F48
:101BC000BB60BB6843F08053FB617B680833FA69F4
:101BD000BA617B617969BA6941E800233B613B697D
:101BE000002B14BF01230023DBB2002B00D0E1E760
:101BF00000BF2437BD465DF8047B704780B489B0D0
:101C000000AF78607B68FB60FB6853E8003FBB6017
:101C1000BB6823F04003FB617B68FA69BA617B61B2
:101C20007969BA6941E800233B613B69002B14BF25
:101C300001230023DBB2002B00D0E3E700BF2437F1
:101C4000BD465DF8047B704780B489B000AF786012
:101C50007B68FB60FB6853E8003FBB60BB6823F018
:101C60008063FB617B68FA69BA617B617969BA69F3
:101C700041E800233B613B69002B14BF0123002393
:101C8000DBB2002B00D0E3E700BF2437BD465DF890
:101C9000047B704780B489B000AF78607B680833FC
:101CA000FB60FB6853E8003FBB60BB6823F08053D8
:101CB000FB617B680833FA69BA617B617969BA694B
:101CC00041E800233B613B69002B14BF0123002343
:101CD000DBB2002B00D0E1E700BF2437BD465DF842
:101CE000047B704780B483B000AF78607B681B686A
:101CF00003F04003402B01D1012300E000231846EC
:101D00000C37BD465DF8047B704780B483B000AFEC
:101D100078607B685B6ADBB218460C37BD465DF8BD
:101D2000047B704780B483B000AF78600B46FB70D3
:101D3000FA787B689A6200BF0C37BD465DF8047B79
:101D4000704780B483B000AF78607B689B6943F0D4
:101D500008027B689A6100BF0C37BD465DF8047BC2
:101D6000704780B582B000AF786039607B683A68B0
:101D70005A647B68483314211846F1F74DF87B68A4
:101D800048331846FFF702FE7B6848331846FFF7D2
:101D900009FE7B6818460837BD4680BD80B582B015
:101DA00000AF78607B6809229A627B6800225A62E1
:101DB0007B6848331946786800F039F87B685B6CBB
:101DC0001846FFF71BFF7B685B6C1846FFF73CFF6C
:101DD0007B685B6C1846FFF75DFF7B685B6C4FF4BC
:101DE000C8711846FFF747FE7B685B6C1846FFF723
:101DF00032FE7B685B6C1846FFF707FE7B685B6C06
:101E00001846FFF7DCFD00BF0837BD4680BD80B532
:101E100082B000AF786039607B685B6C3A681146CD
:101E20001846FFF728FE00BF0837BD4680BD80B4C6
:101E300083B000AF786039607B685B6A082B08DC90
:101E400039687B685B6A581C7A6850627A6842F825
:101E5000231000BF0C37BD465DF8047B704780B58A
:101E600084B000AF78607B685B6C1846FFF72AFE91
:101E70007B685B6C1846FFF732FE0023FB607B68D3
:101E80005B6AFA689A420ADA7B68FA6853F8223089
:101E90001846F1F729FBFB680133FB60EFE77B682D
:101EA00000229A627B689A6A7B685B6A9A4202DACD
:101EB000786800F004F800BF1037BD4680BD90B5CB
:101EC00097B000AF786007F10C031846FDF788FA69
:101ED0007B689A6A7B685B6A9A424CDA7B689A6A8A
:101EE0007B6853F822007B6803F12C0207F10C0396
:101EF0001946F1F78EFB07F10C031846FDF781FA3E
:101F00000346002B14BF01230023DBB2002B2CD08F
:101F100000237B6507F10C031846FDF772FA0246B1
:101F20007B6D9342B4BF01230023DBB2002B12D0A0
:101F30007B685C6C07F10C031846FDF76EFA0246ED
:101F40007B6D13441B7819462046FFF7EBFE7B6D33
:101F500001337B65DEE77B6800221A647B685B6C7B
:101F60001846FFF7D7FD00BF05E07B689B6A5A1C47
:101F70007B689A62ACE700BF5C37BD4690BD80B518
:101F800082B000AF78607B689B6A5A1C7B689A625B
:101F90007868FFF794FF00BF0837BD4680BD80B565
:101FA0008AB002AF78607B685B6C1846FFF79AFED8
:101FB0000346002B14BF01230023DBB2002B19D0F2
:101FC0007B685B6C1846FFF719FE7B685B6C1846F4
:101FD000FFF7B7FE7B685B6C1846FFF78DFD7B68EB
:101FE0005B6C1846FFF7BCFD7B685B6C1846FFF71F
:101FF000DDFDC3E07B685B6C1846FFF74FFD0346D1
:10200000002B14BF01230023DBB2002B00F0A980BA
:102010007B68DB6A062B27D17B685B6C1846FFF771
:1020200074FE034618467B681B6C591C7A68116461
:102030007A681344024683F830207B685B6C18464C
:10204000FFF763FE034618467B681B6C591C7A68D1
:1020500011647A681344024683F830207B68DB6A97
:102060009A1E7B68DA6248E07B685B6C1846FFF773
:102070004CFE034618467B681B6C591C7A68116439
:102080007A681344024683F830207B685B6C1846FC
:10209000FFF73BFE034618467B681B6C591C7A68A9
:1020A00011647A681344024683F830207B685B6CC5
:1020B0001846FFF72AFE034618467B681B6C591C1E
:1020C0007A6811647A681344024683F830207B688A
:1020D0005B6C1846FFF719FE034618467B681B6CBD
:1020E000591C7A6811647A681344024683F83020D8
:1020F0007B68DB6A1A1F7B68DA627B68DB6A002B0D
:102100003CD17B685B6C1846FFF79EFD7B685B6C7F
:102110001846FFF7BFFD7B6803F1300107F10C00A3
:102120000023009347F6FF730022FCF721FD7B6834
:102130001A6C07F10C0311461846FCF736FE0346ED
:10214000002B0AD07B689A6A7B6853F8223007F12B
:102150000C0211461846F1F7CEFA7868FFF70FFF28
:102160000CE07B685B6C1846FFF76EFD7B685B6C70
:102170001846FFF78FFD7868FFF701FF2037BD464F
:1021800080BD80B483B000AF78607B681B6C9BB26D
:1021900018460C37BD465DF8047B704780B483B0A9
:1021A00000AF78607B685B6843F400027B685A602C
:1021B00000BF0C37BD465DF8047B704780B483B028
:1021C00000AF786039607B685B6903F07F423B68F1
:1021D0001A437B685A6100BF0C37BD465DF8047B2B
:1021E000704780B483B000AF78607B68DB6903F030
:1021F0008003802B01D1012300E0002318460C3717
:10220000BD465DF8047B704780B483B000AF786052
:102210007B68DB6903F08063B3F1806F01D1012338
:1022200000E0002318460C37BD465DF8047B70477C
:1022300080B483B000AF78607B684FF400621A62AC
:1022400000BF0C37BD465DF8047B704780B489B091
:1022500000AF78607B68FB60FB6853E8003FBB60C1
:10226000BB6843F08063FB617B68FA69BA617B619C
:102270007969BA6941E800233B613B69002B14BFCF
:1022800001230023DBB2002B00D0E3E700BF24379B
:10229000BD465DF8047B704780B489B000AF7860BC
:1022A0007B680833FB60FB6853E8003FBB60BB689A
:1022B00043F08053FB617B680833FA69BA617B6144
:1022C0007969BA6941E800233B613B69002B14BF7F
:1022D00001230023DBB2002B00D0E1E700BF24374D
:1022E000BD465DF8047B704780B489B000AF78606C
:1022F0007B68FB60FB6853E8003FBB60BB6823F072
:102300008063FB617B68FA69BA617B617969BA694C
:1023100041E800233B613B69002B14BF01230023EC
:10232000DBB2002B00D0E3E700BF2437BD465DF8E9
:10233000047B704780B483B000AF78607B685B6AD1
:10234000DBB218460C37BD465DF8047B704780B49D
:1023500083B000AF78600B46FB70FA787B689A62B6
:1023600000BF0C37BD465DF8047B704780B483B076
:1023700000AF78607B689B6943F008027B689A61D4
:1023800000BF0C37BD465DF8047B704780B58AB04E
:1023900000AFF8607A603B600B46FB72FA7A334913
:1023A000334B0B441968FB6841FA03F31340FB619C
:1023B000FB7A002B01D1002354E000237B62002331
:1023C0003B623B6A072B4CDCFA7A3B6A42FA03F326
:1023D00003F00103002B40D07B6A01337B627B68F2
:1023E0001B781AB27B6801331B781B021BB21343A4
:1023F0007B837B6802337B60FA693B6A42FA03F3B2
:1024000003F00103002B28D0B7F91A20194B13440D
:102410007B617A6913465B0013445B02164A82FBB8
:1024200003129211DB17D31A7B61FA683B6A1344DB
:102430004FF41C7202FB03F30833104A1344181DB7
:10244000FA683B6A13440E4A52F823307A6902FB59
:1024500003F100233A68EEF7A1FB3B6A01333B62CC
:10246000AFE77B6A18462837BD4680BDA423002409
:102470005CAF0100B4E2FFFFD34D6210E0F0012435
:102480002877022480B485B000AF78603960174A9D
:102490003B6813600023FB60FB68272B08DC144AB1
:1024A000FB68012142F82310FB680133FB60F3E76E
:1024B0000023BB600F4ABB6813441B78272B0DD841
:1024C0000C4ABB6813441B781946094B4FF0FF3286
:1024D00043F82120BB680133BB60EBE77B681846FB
:1024E0001437BD465DF8047B704700BF2477022493
:1024F000287702241C01040880B483B000AF786000
:102500003960044B1B7818460C37BD465DF8047BD8
:10251000704700BF2075022480B582B000AF78609C
:1025200079680020FFF7E8FF034618460837BD46E4
:1025300080BD000080B483B000AF7860034B1846C4
:102540000C37BD465DF8047B704700BF19250108B4
:1025500080B596B000AF7860396007F1080318467F
:10256000FFF7E8FF03461946002001F0B9F8002301
:1025700087F85730B94B1B68023B3B653B6D002B1E
:102580000CDBB74A3B6D13441A7897F85730134465
:1025900087F857303B6D013B3B65EFE7AF4B1B685E
:1025A000013BAF4AD35C97F857209A4240F0D28261
:1025B000AC4B1B68FF2B13DCA94B5878A94B1B684D
:1025C0005A1CA8490A60A84A0146D154A44B9878DD
:1025D000A44B1B685A1CA3490A60A34A0146D15464
:1025E0009F4B5B78312B6DDC002BC0F2AF82312B1F
:1025F00000F2AC8201A252F823F000BFCD26010800
:102600004D2B01084D2B01084D2B01084D2B0108C6
:102610004D2B01084D2B01084D2B01084D2B0108B6
:102620004D2B01084D2B01084D2B0108D528010821
:102630004D2B01084D2B0108432B010839290108B6
:102640004D2B0108432B01084D2B01084D2B010890
:102650004D2B01084D2B01084D2B01084D2B010876
:102660004D2B01084D2B01084D2B01084D2B010866
:102670004D2B01084D2B01084D2B01084D2B010856
:10268000FB2901084D2B01084D2B01084D2B01089A
:102690004D2B01084D2B01084D2B01084D2B010836
:1026A0004D2B01084D2B01084D2B01084D2B010826
:1026B0004D2B01084D2B01084D2B01084D2B010816
:1026C000FD2A0108FE2B00F032813FE2644B9B782B
:1026D000023B1F2B00F2448201A252F823F000BFFC
:1026E0006D280108612B0108612B0108612B01088D
:1026F000612B0108612B0108612B0108612B010886
:10270000612B0108612B0108612B0108612B010875
:10271000612B0108612B0108612B0108612B010865
:10272000CB280108612B0108612B0108612B0108EE
:10273000612B0108612B0108612B0108612B010845
:10274000612B0108612B0108612B0108612B010835
:10275000612B0108612B010861270108CB280108C2
:102760003F4B9B791A463E4BDB791B021343FB61BF
:102770003B4B1B7ABB61BB69DBB20333DAB2384B2C
:102780001A70374B1B7887F84F30354BFE225A7042
:10279000334B5A7897F84F30134487F84F30BB6962
:1027A00003F00103002B1DD0F86900F09FFBB86413
:1027B00000237B647A6CBB699A4241DA7B6C0233FA
:1027C000BA6CD1B2264AD154254AD25C97F84F3020
:1027D000134487F84F30BB6C1B12BB647B6C013316
:1027E0007B64E7E700233B643A6CBB699A4227DAD3
:1027F000FA693B6C1344184600F078FB78613B6C37
:1028000002337A69D1B2164AD154154AD25C97F88C
:102810004F30134487F84F307B691B127B613B6C50
:1028200003337A69D1B20E4AD1540D4AD25C97F87B
:102830004F30134487F84F303B6C02333B64D3E78F
:10284000BB690233064997F84F20CA54044B1B78E2
:102850001946034800F01CFD3BE000BF1C75022434
:1028600024750224C8780224C8770224994BDB78A7
:102870001A46984B1B791B0213433B61954B9B797E
:102880001A46944BDB791B021343FB603B69022B16
:102890000BD1FB6840F24B42934206D1EEF742FD6A
:1028A00004218D4800F0F4FC0EE03B69002B07D1B9
:1028B000FB68002B04D10421874800F0E9FC03E009
:1028C000864B00221A6004E003E0844B00221A6069
:1028D00000BF45E17F4B9B781A467E4BDB781B029D
:1028E0001A437C4B1B791B0413437B627B6AA3F561
:1028F00038637B627B6A002B01DA03F2FF73DB1221
:102900003B623B6A002B0DDB3B6A7F2B0ADC3B6A98
:10291000182B04D101210120FCF764FC02E0386A85
:10292000EEF728FD04216C4800F0B2FC19E1042107
:10293000694800F0ADFC14E1664BDB795B00FB629B
:10294000644B9978664AFB6A0020FFF71FFDB86266
:10295000604BD978BB6A5B0008335E4A1A44FB6A55
:102960000820FFF713FD0246BB6A1344BB62594BB4
:102970001979BB6A5B000833564A1A44FB6A102077
:10298000FFF704FD0246BB6A1344BB62514B597901
:10299000BB6A5B0008334F4A1A44FB6A1820FFF7F2
:1029A000F5FC0246BB6A1344BB624A4B9979BB6A89
:1029B0005B000833474A1A44FB6A2020FFF7E6FC15
:1029C0000421454800F064FC464B1A68464B1B68DE
:1029D000D21A464B1B68591C44480160444951F8BF
:1029E00023301A60414B1B6803F003033F4A136016
:1029F0003C4B1B683C4A1360B3E0364B9B781A464D
:102A0000344BDB781B0213437B637A6B002139481C
:102A100008F014FB3863384B09221A70364B1B78C8
:102A200087F85730344B31225A70334B5A7897F825
:102A30005730134487F85730264B9A782E4B9A70AC
:102A40002D4B9A7897F85730134487F85730214B1D
:102A5000DA78294BDA70284BDA7897F85730134434
:102A600087F857303B6BDAB2234B1A71224B1A7935
:102A700097F85730134487F857303B6B1B12DAB284
:102A80001D4B5A711C4B5A7997F85730134487F8ED
:102A900057303B6B1B14DAB2174B9A71164B9A796D
:102AA00097F85730134487F857303B6B1B0EDAB258
:102AB000114BDA71104BDA7997F85730134487F8D5
:102AC00057300D4A97F85730137209210A4800F021
:102AD000DFFB46E024750224140104081C7502245F
:102AE0002C750224B07A0224D0780224D4780224EF
:102AF00038010024A4230024247602241C4B9B7854
:102B00001A461B4BDB781B021343FB63184B1B79E4
:102B10001A46174B5B791B021A43154B9B791B0412
:102B20001A43134BDB791B061343BB63BB6BFA6B76
:102B30000021104807F09AFF04210F4800F0A8FB7D
:102B40000FE004210C4800F0A3FB0AE00B4B00222D
:102B50001A6006E00A4B1B680133094A136000E063
:102B600000BF064B00221A60064B00221A70F4E4E4
:102B700024750224A4230024140104081C750224D3
:102B8000CC7802242075022480B582B000AF786032
:102B900079680020FFF7DCFC0837BD4680BD0000E7
:102BA00080B483B000AF7860034B18460C37BD4645
:102BB0005DF8047B704700BF892B010880B584B0A5
:102BC00000AF78600F4B1B6828211846FFF7F6FA14
:102BD0000C4B1B681846FFF7E1FA0A4B1B681846B6
:102BE000FFF75AFB07F10C031846FFF7D9FF02461F
:102BF00000230021C82000F01FFD00BF1037BD4694
:102C000080BD00BF2477022480B582B000AF786019
:102C10009D4B1B681846FFF7F7FA0346002B14BFBD
:102C200001230023DBB2002B00F03881964B1B6898
:102C30001846FFF7E9FA0346002B14BF01230023CF
:102C4000DBB2002B00F04481904B1B68072B00F295
:102C5000C38001A252F823F0792C0108D92D010874
:102C6000D92D0108D92D0108D92D0108012D010800
:102C70002B2D0108732D0108834B1B681846FFF7A5
:102C800059FB03461A46824B1A70814B1B78F82B6E
:102C900000F2E4807E4B1B78022B40F2DF807C4BFD
:102CA0001B78013B794A13607A4B01221A60774BFB
:102CB0001B68032B19DC754B1B68002B00F0CE80C2
:102CC000714B1B681846FFF735FB03461846714BDE
:102CD0001B685A1C6F490A606D4A0146D1546B4B00
:102CE0001B68013B694A1360E5E7674B1B681846A0
:102CF000FFF79EFA644B1B681846FFF7A7FAADE092
:102D0000614B1B681846FFF715FB03461846614BDD
:102D10001B685A1C5F490A605D4A0146D1545B4BEF
:102D20001B68013B594A136099E0574B1B681846D2
:102D3000FFF700FB03461846564B1B685A1C5549C3
:102D40000A60534A0146D1544F4B1B681846FFF79F
:102D5000F1FA034618464F4B1B685A1C4D490A604E
:102D60004B4A0146D154494B1B68023B474A13600A
:102D700075E0454B1B681846FFF7DCFA034618461A
:102D8000444B1B685A1C43490A60414A0146D154CE
:102D90003D4B1B681846FFF7CDFA034618463D4BDE
:102DA0001B685A1C3B490A60394A0146D154364BCC
:102DB0001B681846FFF7BEFA03461846354B1B68DA
:102DC0005A1C34490A60324A0146D1542F4B1B68C1
:102DD000033B2E4A136042E02B4B1B681846FFF75B
:102DE000A9FA034618462B4B1B685A1C29490A604E
:102DF000274A0146D154244B1B681846FFF79AFA1C
:102E000003461846234B1B685A1C22490A60204A75
:102E10000146D1541C4B1B681846FFF78BFA03463A
:102E200018461C4B1B685A1C1A490A60184A01466E
:102E3000D154154B1B681846FFF77CFA0346184619
:102E4000144B1B685A1C13490A60114A0146D1549D
:102E50000E4B1B68043B0D4A136000E000BF0B4B98
:102E60001B68002B7FF4E2AE0A4B1B68002B3FF47B
:102E7000DDAE054B1B681846FFF736FA064B0122FC
:102E80001A7000BF24E000BF2477022418750224C2
:102E9000247502241C750224207502240E4B1B6825
:102EA0001846FFF721FA0C4B1B681846FFF75EFA2D
:102EB0000A4B00221A60094B1B68094A1360094B30
:102EC0001B680133074A13600421074800F0E0F94A
:102ED00000BF0837BD4680BD247702241875022440
:102EE0001C750224D87802241801040880B582B029
:102EF00000AF78607B68D62B00F384817B68602B01
:102F000010DA7B682A2B00F019817B682A2B00F3EA
:102F100079817B68022B00F0FB807B68282B00F016
:102F2000FA806FE17B68603B762B00F26B8101A237
:102F300052F823F063310108053201086B310108B2
:102F40000532010873310108053201087B3101089F
:102F500005320108833101080532010805320108F4
:102F60000532010805320108053201088B310108DC
:102F70000532010805320108053201080532010851
:102F80000532010805320108053201080532010841
:102F90000532010805320108053201080532010831
:102FA0000532010805320108053201080532010821
:102FB0000532010805320108053201080532010811
:102FC0000532010805320108053201080532010801
:102FD00005320108053201080532010805320108F1
:102FE00005320108053201080532010805320108E1
:102FF00005320108053201080532010805320108D1
:1030000005320108053201080532010805320108C0
:1030100005320108053201080532010805320108B0
:1030200005320108053201080532010805320108A0
:103030000532010805320108053201080532010890
:103040000532010805320108053201080532010880
:103050000532010805320108053201080532010870
:103060000532010805320108053201080532010860
:103070000532010805320108053201080532010850
:103080000532010805320108053201080532010840
:103090000532010805320108053201080532010830
:1030A0000532010805320108053201080532010820
:1030B000053201089931010805320108A1310108E2
:1030C00005320108A931010805320108B1310108B2
:1030D00005320108B931010805320108C131010882
:1030E00005320108C931010805320108D331010850
:1030F00005320108DD31010805320108E731010818
:1031000005320108F131010805320108FB310108DF
:103110004FF43863A5E05548EDF752FF0346002B06
:1031200000DA0F331B114FF4807219466FF0FF0065
:10313000EFF741FC034603F5807392E04B48EDF74F
:1031400027FF0346002B00DA0F331B114FF4807268
:1031500019466FF0FF00EFF72EFC034603F580736E
:103160007FE0424BB3F944307BE0404BB3F946304B
:1031700077E03E4BB3F9483073E03C4BB3F94A304B
:103180006FE03A4BB3F94C306BE001220021384834
:1031900007F054FF034664E0344BB3F9543060E069
:1031A000324BB3F956305CE0304BB3F9583058E04D
:1031B0002E4BB3F9503154E02C4BB3F9523150E05F
:1031C0002A4BB3F954314CE02A48FEF7DAFF0346A4
:1031D00047E0274A284B13441B6842E0244A274B08
:1031E00013441B683DE0224A254B13441B6838E01A
:1031F0001F4A244B13441B6833E01D4A224B1344DF
:103200001B682EE07B686F2B12DD7B68AB2B0FDC1D
:103210007B68703B5B104FF41C7202FB03F30833B6
:103220001A4A134404331846EDF71DFD034618E00F
:103230007B68D72B14DD7B68B3F58A7F10DA7B6857
:10324000D83B5B104FF41C7202FB03F308330F4AA8
:103250001344043302211846EDF7F4FC034600E062
:10326000002318460837BD4680BD00BF8061022498
:10327000A42300240020024040AF010048AF010019
:103280004CAF010054AF010058AF0100E0F0012441
:1032900080B582B000AF786039603B680F2B13DCDB
:1032A0003B685A1E3A60002B14BF01230023DBB297
:1032B000002B2BD0174B18687B685A1C7A601B7840
:1032C0001946FFF744F8EBE73B685A1E3A60002BBB
:1032D00014BF01230023DBB2002B17D00D4B1B685A
:1032E0001846FEF77EFF0346002B0CBF0123002388
:1032F000DBB2002B00D0F1E7064B18687B685A1C44
:103300007A601B781946FFF722F8DDE700BF08371F
:10331000BD4680BD2477022480B400AFBFF34F8F39
:1033200000BF064BDB6803F4E0620449044B13431F
:10333000CB60BFF34F8F00BF00BFFDE700ED00E0A3
:103340000400FA0580B586B000AF01237B6002233C
:10335000BB6020237B61F3F781FD03461A46084BCF
:103360001A603A463B1D11461846F3F757FF0346CD
:103370001A46034B1A6000BF1837BD4680BD00BF18
:10338000DC78022480B594B000AF786039607B6847
:1033900003F5801319463B681A460120F3F7CCFC6D
:1033A00003461A46244B1A607B68B3F1006F3ED186
:1033B000F3F754FD03461A461F4B1A60F3F788FDD6
:1033C00003461A461C4B1A6007F10C031846F4F723
:1033D00093F80423FB604FF480733B627B6A002BFD
:1033E00012DB4FF000437B6207F10C031846F3F742
:1033F000DFFF03461A46104B1A60F3F78BFD0346B6
:103400001A460D4B1A6010E000237B6207F10C0393
:103410001846F3F7CDFF03461A46074B1A60F3F739
:1034200079FD03461A46044B1A60FFF775FF00BF8B
:103430005037BD4680BD00BFDC78022480B483B025
:1034400000AF786039607B681B68002B0AD17B680D
:103450005B68002B04D07B685B683A689A4201D8AD
:10346000012300E0002318460C37BD465DF8047BBD
:103470007047000080B582B000AF786000F01AFAA3
:103480000D4B0E4A1A600C4B1B680B4A12689A606F
:10349000094B1B680A4A12681A60074B1B687A6856
:1034A0005A60074B1A687B689B00D31A044A136062
:1034B00000BF0837BD4680BDA87A0224E078022408
:1034C000A47A022480B500AF1F4B1B685B691E4ABB
:1034D0001268D268104698471B4B1B681B4A136042
:1034E0001A4B1B689A68184B1B689A4205D0174BF9
:1034F0001B689B68154A1360F2E7134B1A68134B5D
:103500001B6892689A60104B1B689B680F4A136097
:103510000D4B1B689B680D4A13600C4B1B681B69A5
:103520000A4A1268D26810469847034683F001039E
:10353000DBB2002B05D0054B1B689B68034A136068
:10354000EBE700F09DF9BFE7A87A0224AC7A0224E9
:1035500080B483B000AF7860012318460C37BD46B5
:103560005DF8047B7047000080B485B000AFF86060
:10357000B9607A603B60FB687A68DA60FB68144A7D
:103580001A61FB683A685A61124B1A68FB681A6044
:10359000104B1A68BB689B00D31A0E4A1360FB6875
:1035A000BA685A60FB683A7E1A760B4B1B689A68B9
:1035B000FB689A60094AFB681360074B1B68074A5F
:1035C00012689A6000BF1437BD465DF8047B7047EF
:1035D00051350108A47A0224A87A0224AC7A022484
:1035E00080B485B000AFF860B9607A60FB70FB68AA
:1035F000BA68DA60FB680D4A1A61FB687A685A613A
:10360000FB68FA781A760A4B1B689A68FB689A601E
:10361000084AFB681360064B1B68064A12689A60EA
:1036200000BF1437BD465DF8047B70475135010873
:10363000A87A0224AC7A022480B588B002AFF86080
:10364000B9607A60FB70FB78002B02D0224B01221C
:103650001A7000237B617B690F2B3ADC7A69134671
:10366000DB009B1A9B001D4A1344F9681846FFF7BC
:10367000E5FE0346002B28D018497A691346DB0083
:103680009B1A9B000B4404331B68002B0CD07A69F7
:103690001346DB009B1A9B00104A9818FB787A6847
:1036A000B968FFF79DFF14E07A691346DB009B1AA7
:1036B0009B000A4A9818FB7800937B68BA68F968FF
:1036C000FFF752FF00F0FEF803E07B6901337B61F6
:1036D000C1E71837BD4680BDA07A0224E0780224F5
:1036E00080B582B000AF786039603B4B1B687A6868
:1036F000DA60394B1B683A681A61384B1B78002B2B
:1037000045D0354B1B689B68354A1360344B1A68AB
:10371000314B1B689A421BD0314B1B681B7E002B20
:103720000CD02F4B1B681B692D4A1268D2681046BB
:1037300098470346002B01D0012300E00023002B13
:1037400005D1274B1B689B68254A1360DEE700BF45
:10375000234B1A68204B1B689A4231D11E4B1B68C1
:103760009B681F4A13601E4B1B681B691C4A12682A
:10377000D26810469847034683F00103DBB2002B62
:103780001ED0174B1B689B68154A1360EBE7124B62
:103790001B689B68124A1360114B1B681B69104A17
:1037A0001268D26810469847034683F00103DBB2E3
:1037B000002B05D00A4B1B689B68094A1360EBE796
:1037C000074B1A68044B1B689A4201D000F058F866
:1037D00000BF0837BD4680BDA87A0224A07A022423
:1037E000AC7A022480B500AF02490020FFF778FFD1
:1037F00000BF80BD5135010880B582B000AF786050
:1038000039603B681B681846EDF78EFB0346184687
:103810000837BD4680BD80B582B000AF786079685A
:103820000020FFF7E9FF034618460837BD4680BD74
:1038300080B483B000AF7860034B18460C37BD46A8
:103840005DF8047B704700BF1738010880B584B06D
:1038500000AF78607B681846EDF756FB03467B6047
:1038600007F10C031846FFF7E3FF02463B1D114624
:103870001846FBF7CDFC00BF1037BD4680BD0000E9
:103880002DE9F01F00B509480468C4F800D0084DC0
:103890002E680660D6F800D05DF804EBBDE8F01F96
:1038A0007047A87A0224AC7A02240000A87A022485
:1038B000AC7A02240249684608607047A47A022460
:1038C000A47A022408496846084A1268D2F800D04F
:1038D0002DE9F01F02B4C2F800D085467047C53408
:1038E0000108AC7A02240000C5340108AC7A022435
:1038F00080B483B000AF7860044A7B681A607B684C
:1039000018460C37BD465DF8047B70471439020831
:1039100080B582B000AF786039607B681846FFF7E9
:10392000E7FF074A7B681A607B683A685A607B68E1
:1039300000229A607B6818460837BD4680BD00BFEC
:103940003401040880B487B000AFF860B9607A60D1
:10395000BB683B6100237B617A697B689A4210DA1D
:10396000FB685A68FB689B68581CF96888601A44B1
:103970007B6939690B4412781A707B6901337B616A
:10398000EAE700BF1C37BD465DF8047B704780B591
:1039900084B000AF78607B681B6808331B6807F150
:1039A0000801042278689847FB7A1A06BB7A1B0440
:1039B0001A437B7A1B0213433A7A1343FB60FB687A
:1039C00018461037BD4680BD80B584B000AF786022
:1039D0007B681B6808331B6807F10F0101227868B8
:1039E000984797F90F3018461037BD4680BD000044
:1039F00080B485B000AF786039607B68FB600C4AAA
:103A00003B6813441B781A46FB6813441B6808493B
:103A10003A680A4412781146FA680A4443F00103EE
:103A2000136000BF1437BD465DF8047B704700BFCC
:103A30004001040880B485B000AF786039607B68CD
:103A4000FB600C4A3B6813441B781A46FB6813441E
:103A50001B6808493A680A4412781146FA680A4411
:103A600023F00103136000BF1437BD465DF8047BEB
:103A7000704700BF4001040880B487B000AFF86011
:103A8000B9607A60FB687B610D4ABB6813441B78A0
:103A90001A467B6913441B6823F480620849BB689B
:103AA0000B441B7819467B690B4419467B6813430A
:103AB0000B6000BF1C37BD465DF8047B704700BF3C
:103AC0004001040880B487B000AFF860B9607A6044
:103AD000FB687B610D4ABB6813441B781A467B69FF
:103AE00013445A680A4B13400849BA680A441278CA
:103AF00011467A690A4411467A6813434B6000BF45
:103B00001C37BD465DF8047B704700BF40010408C8
:103B10000000FFFF80B487B000AFF860B9607A6042
:103B2000FB687B61074ABB6813441B781A467B69B4
:103B300013441A467B68D36000BF1C37BD465DF84E
:103B4000047B70474001040880B483B000AF786004
:103B50007B681B6803F02003202B01D1012300E0C8
:103B6000002318460C37BD465DF8047B704780B4CF
:103B700083B000AF78607B681B6803F40063B3F523
:103B8000006F01D1012300E0002318460C37BD4629
:103B90005DF8047B704780B483B000AF78607B68C9
:103BA0001B6803F40013B3F5001F01D1012300E0EB
:103BB000002318460C37BD465DF8047B704780B47F
:103BC00083B000AF78607B681B6803F00063B3F1DB
:103BD000006F01D1012300E0002318460C37BD46D9
:103BE0005DF8047B704780B483B000AF78607B6879
:103BF0005B6803F02003202B01D1012300E00023A8
:103C000018460C37BD465DF8047B704780B483B01E
:103C100000AF78607B685B6803F40063B3F5006F06
:103C200001D1012300E0002318460C37BD465DF8A2
:103C3000047B704780B483B000AF78607B685B68BA
:103C400003F40013B3F5001F01D1012300E00023AA
:103C500018460C37BD465DF8047B704780B483B0CE
:103C600000AF78607B685B6803F00063B3F1006FBE
:103C700001D1012300E0002318460C37BD465DF852
:103C8000047B704780B483B000AF78607B681022FB
:103C90009A6000BF0C37BD465DF8047B704780B466
:103CA00083B000AF78607B684FF480629A6000BF99
:103CB0000C37BD465DF8047B704780B483B000AF1D
:103CC00078607B684FF480129A6000BF0C37BD4665
:103CD0005DF8047B704780B483B000AF78607B6888
:103CE0004FF080629A6000BF0C37BD465DF8047BE0
:103CF000704780B483B000AF78607B681022DA60D0
:103D000000BF0C37BD465DF8047B704780B483B0BC
:103D100000AF78607B684FF48062DA6000BF0C37D8
:103D2000BD465DF8047B704780B483B000AF786017
:103D30007B684FF48012DA6000BF0C37BD465DF837
:103D4000047B704780B483B000AF78607B684FF02D
:103D50008062DA6000BF0C37BD465DF8047B7047B7
:103D600080B483B000AF78607B6820229A6000BF87
:103D70000C37BD465DF8047B704780B483B000AF5C
:103D800078607B684FF400629A6000BF0C37BD46D4
:103D90005DF8047B704780B483B000AF78607B68C7
:103DA0004FF400129A6000BF0C37BD465DF8047BEB
:103DB000704780B483B000AF78607B684FF00062DA
:103DC0009A6000BF0C37BD465DF8047B704780B435
:103DD00083B000AF78607B682022DA6000BF0C37C8
:103DE000BD465DF8047B704780B483B000AF786057
:103DF0007B684FF40062DA6000BF0C37BD465DF8A7
:103E0000047B704780B483B000AF78607B684FF468
:103E10000012DA6000BF0C37BD465DF8047B7047C6
:103E200080B483B000AF78607B684FF00062DA60E6
:103E300000BF0C37BD465DF8047B704780B483B08B
:103E400000AF78607B6808229A6000BF0C37BD46DF
:103E50005DF8047B704780B483B000AF78607B6806
:103E60004FF400729A6000BF0C37BD465DF8047BCA
:103E7000704780B483B000AF78607B684FF4002255
:103E80009A6000BF0C37BD465DF8047B704780B474
:103E900083B000AF78607B684FF000729A6000BF1B
:103EA0000C37BD465DF8047B704780B483B000AF2B
:103EB00078607B680822DA6000BF0C37BD465DF889
:103EC000047B704780B483B000AF78607B684FF4A8
:103ED0000072DA6000BF0C37BD465DF8047B7047A6
:103EE00080B483B000AF78607B684FF40022DA6062
:103EF00000BF0C37BD465DF8047B704780B483B0CB
:103F000000AF78607B684FF00072DA6000BF0C375A
:103F1000BD465DF8047B704780B483B000AF786025
:103F20007B6804229A6000BF0C37BD465DF8047BB5
:103F3000704780B483B000AF78607B684FF48072C4
:103F40009A6000BF0C37BD465DF8047B704780B4B3
:103F500083B000AF78607B684FF480229A6000BF26
:103F60000C37BD465DF8047B704780B483B000AF6A
:103F700078607B684FF080729A6000BF0C37BD4656
:103F80005DF8047B704780B483B000AF78607B68D5
:103F90000422DA6000BF0C37BD465DF8047B704731
:103FA00080B483B000AF78607B684FF48072DA60D1
:103FB00000BF0C37BD465DF8047B704780B483B00A
:103FC00000AF78607B684FF48022DA6000BF0C3766
:103FD000BD465DF8047B704780B483B000AF786065
:103FE0007B684FF08072DA6000BF0C37BD465DF829
:103FF000047B704780B483B000AF78607B68012297
:104000009A6000BF0C37BD465DF8047B704780B4F2
:1040100083B000AF78607B6840229A6000BF0C37A5
:10402000BD465DF8047B704780B483B000AF786014
:104030007B684FF480329A6000BF0C37BD465DF854
:10404000047B704780B483B000AF78607B684FF426
:1040500080029A6000BF0C37BD465DF8047B704754
:1040600080B483B000AF78607B680122DA6000BF63
:104070000C37BD465DF8047B704780B483B000AF59
:1040800078607B684022DA6000BF0C37BD465DF87F
:10409000047B704780B483B000AF78607B684FF4D6
:1040A0008032DA6000BF0C37BD465DF8047B704794
:1040B00080B483B000AF78607B684FF48002DA6030
:1040C00000BF0C37BD465DF8047B704780B483B0F9
:1040D00000AF78607B681B6843F001027B681A6060
:1040E00000BF0C37BD465DF8047B704780B483B0D9
:1040F00000AF78607B681B6823F001027B681A6060
:1041000000BF0C37BD465DF8047B704780B483B0B8
:1041100000AF786039607B685A68064B13403A6894
:104120001A437B685A6000BF0C37BD465DF8047BBC
:10413000704700BF0000FFFF80B483B000AF78601D
:104140007B681B6843F400727B681A6000BF0C3701
:10415000BD465DF8047B704780B483B000AF7860E3
:104160007B685B6903F00103012B01D1012300E0AF
:10417000002318460C37BD465DF8047B704780B4B9
:1041800083B000AF78607B685B6903F00203022BA9
:1041900001D1012300E0002318460C37BD465DF82D
:1041A000047B704780B483B000AF78607B685B6944
:1041B00003F48053B3F5805F01D1012300E00023B5
:1041C00018460C37BD465DF8047B704780B483B059
:1041D00000AF78607B689B6943F008027B689A6156
:1041E00000BF0C37BD465DF8047B704780B483B0D8
:1041F00000AF78607B689B6943F010027B689A612E
:1042000000BF0C37BD465DF8047B704780B483B0B7
:1042100000AF78607B689B6843F480427B689A605B
:1042200000BF0C37BD465DF8047B704780B483B097
:1042300000AF78607B689B6823F480427B689A605B
:1042400000BF0C37BD465DF8047B704780B483B077
:1042500000AF78607B689B6843F400427B689A609B
:1042600000BF0C37BD465DF8047B704780B483B057
:1042700000AF78607B689B6823F400427B689A609B
:1042800000BF0C37BD465DF8047B704780B483B037
:1042900000AF78607B6830331B78DBB218460C3790
:1042A000BD465DF8047B704780B483B000AF786092
:1042B0000B46FB707B682033FA781A7000BF0C370E
:1042C000BD465DF8047B704780B483B000AF786072
:1042D00039607B683A689A6100BF0C37BD465DF86B
:1042E000047B704780B483B000AF786039603B686E
:1042F0001A047B689A6100BF0C37BD465DF8047BE9
:10430000704780B485B000AFF860B9607A603B60F8
:10431000FB68BA681A60FB687A685A60FB68BA6919
:104320009A60FB683A6ADA60FB683A681A61FB686F
:10433000FA695A61FB68BA8C1A83FB68184614370D
:10434000BD465DF8047B704780B582B000AF7860F1
:1043500039603B68072B63D801A252F823F000BFF5
:104360008143010895430108A9430108BD430108A1
:10437000D1430108E5430108F94301080D44010850
:104380007868FFF7E1FB0346002B14BF01230023ED
:10439000DBB246E07868FFF7EAFB0346002B14BF68
:1043A00001230023DBB23CE07868FFF7F4FB03460F
:1043B000002B14BF01230023DBB232E07868FFF743
:1043C000FEFB0346002B14BF01230023DBB228E0D1
:1043D0007868FFF708FC0346002B14BF0123002375
:1043E000DBB21EE07868FFF711FC0346002B14BF18
:1043F00001230023DBB214E07868FFF71BFC0346BF
:10440000002B14BF01230023DBB20AE07868FFF71A
:1044100025FC0346002B14BF01230023DBB200E080
:10442000002318460837BD4680BD00BF80B582B066
:1044300000AF786039603B68072B00F2938001A2DF
:1044400052F823F06544010885440108A544010899
:10445000C5440108E5440108054501082545010852
:10446000454501087868FFF77BFC7868FFF70AFC90
:104470007868FFF7E3FC7868FFF74EFD7868FFF790
:10448000B9FD6FE07868FFF778FC7868FFF707FC04
:104490007868FFF7E0FC7868FFF74BFD7868FFF776
:1044A000B6FD5FE07868FFF776FC7868FFF705FCFB
:1044B0007868FFF7DEFC7868FFF749FD7868FFF75A
:1044C000B3FD4FE07868FFF774FC7868FFF703FCF2
:1044D0007868FFF7DCFC7868FFF747FD7868FFF73E
:1044E000B1FD3FE07868FFF772FC7868FFF701FCE8
:1044F0007868FFF7DAFC7868FFF745FD7868FFF722
:10450000AFFD2FE07868FFF76FFC7868FFF7FEFBE0
:104510007868FFF7D7FC7868FFF742FD7868FFF707
:10452000ACFD1FE07868FFF76DFC7868FFF7FCFBD7
:104530007868FFF7D5FC7868FFF740FD7868FFF7EB
:10454000A9FD0FE07868FFF76BFC7868FFF7FAFBCE
:104550007868FFF7D3FC7868FFF73EFD7868FFF7CF
:10456000A7FD00BF00BF0837BD4680BD80B582B043
:1045700000AF78603960386800F0E8FA0346184602
:104580000837BD4680BD80B582B000AF78607968DD
:104590000020FFF7EBFF034618460837BD4680BDF5
:1045A00080B483B000AF7860034B18460C37BD462B
:1045B0005DF8047B704700BF8745010880B582B075
:1045C00000AF78603960386800F0C0FA03461846DA
:1045D0000837BD4680BD80B582B000AF786079688D
:1045E0000020FFF7EBFF034618460837BD4680BDA5
:1045F00080B483B000AF7860034B18460C37BD46DB
:104600005DF8047B704700BFD745010880B582B0D4
:1046100000AF78603960386800F098FA03461846B1
:104620000837BD4680BD80B582B000AF786079683C
:104630000020FFF7EBFF034618460837BD4680BD54
:1046400080B483B000AF7860034B18460C37BD468A
:104650005DF8047B704700BF2746010880B588B02D
:1046600000AFF860B9607A607B68102B4EDCFB68A5
:104670001B681846FFF73AFDFB681B681846FFF7F2
:10468000A5FDFB681B681846FFF7B0FDFB685A687C
:10469000FB681B6919461046FFF7CCF9FB689A685E
:1046A000FB685B6919461046FFF7C4F9FB681B6895
:1046B0007A6811461846FFF729FDFB681B68184603
:1046C000FFF704FDFB681B681846FFF735FD7B68A4
:1046D0005A1E7A60002B14BF01230023DBB2002B8B
:1046E00009D0FB681868BB685A1CBA601B78194669
:1046F000FFF7DAFDEBE707F110031846FFF750FF6D
:1047000003461946F86800F039FB78E0BB68FB61A6
:10471000FB6903F01053B3F1105F14D17A68B968E4
:10472000F86800F09FF907F114031846FFF760FFDF
:1047300003461946F86800F021FBFB681B68184621
:10474000FFF794FD5BE0FB681B681846FFF7CEFCA3
:10475000FB681B681846FFF739FDFB681B681846A5
:10476000FFF744FDFB685A68FB681B691946104651
:10477000FFF760F9FB689A68FB685B6919461046A9
:10478000FFF758F9FB681B687A6811461846FFF76F
:10479000BDFCFB681B681846FFF798FCFB681B68AC
:1047A0001846FFF7C9FC7B685A1E7A60002B14BFBD
:1047B00001230023DBB2002B17D0FB681B681846CF
:1047C000FFF7DDFC0346002B0CBF01230023DBB207
:1047D000002B00D0F1E7FB681868BB685A1CBA6070
:1047E0001B781946FFF760FDDDE707F1180318464F
:1047F000FFF726FF03461946F86800F0BFFA00BF2E
:104800002037BD4680BD80B582B000AF786039608A
:10481000386800F09BF9034618460837BD4680BD4E
:1048200080B582B000AF786079680020FFF7EBFFB9
:10483000034618460837BD4680BD000080B483B0EB
:1048400000AF7860034B18460C37BD465DF8047B1B
:10485000704700BF2148010880B582B000AF786082
:104860003960386800F036FA034618460837BD4606
:1048700080BD80B582B000AF786079680020FFF716
:10488000EBFF034618460837BD4680BD80B483B0B1
:1048900000AF7860034B18460C37BD465DF8047BCB
:1048A000704700BF7348010880B588B000AFF8605A
:1048B000B9607A607B68102B54DCFB681B68184673
:1048C000FFF714FCFB681B681846FFF77FFCFB68CA
:1048D0001B681846FFF78AFCFB681B687A6811465C
:1048E0001846FFF713FCFB681B681846FFF7EEFB42
:1048F000FB681B681846FFF71FFC7B68FB61FB69C0
:104900005A1EFA61002B14BF01230023DBB2002BD7
:1049100006D0FB681B68FF211846FFF7C5FCEEE7D1
:1049200007F110031846FFF789FF03461946F86898
:1049300000F024FA7B685A1E7A60002B14BF012312
:104940000023DBB2002B00F08880FB681B68184650
:10495000FFF79CFC03461946BB685A1CBA600A461E
:104960001A70E7E7BB68BB61BB6903F01053B3F192
:10497000105F19D17A68B968F86800F013F907F187
:1049800014031846FFF782FF03461946F86800F043
:10499000F5F9FB681B681846FFF768FCFB681B68A5
:1049A0001846FFF743FC58E0FB681B681846FFF702
:1049B0009DFBFB681B681846FFF708FCFB681B683B
:1049C0001846FFF713FCFB681B687A681146184607
:1049D000FFF79CFBFB681B681846FFF777FBFB683B
:1049E0001B681846FFF7A8FB7B685A1E7A60002BED
:1049F00014BF01230023DBB2002B2ED0FB681B6801
:104A00001846FFF7BCFB0346002B0CBF0123002315
:104A1000DBB2002B00D0F1E7FB681B68FF211846D2
:104A2000FFF742FCFB681B681846FFF795FB03463F
:104A3000002B0CBF01230023DBB2002B00D0F1E7D9
:104A4000FB681B681846FFF721FC03461946BB6844
:104A50005A1CBA600A461A70C6E700BF2037BD4626
:104A600080BD000080B584B000AFF860B9607A60A6
:104A7000FB685B681946FB681B69324AD35C0B44D0
:104A80001A46314B1A60FB681B681846FFF72EFB6D
:104A9000FB681B681846FFF799FBFB681B68184604
:104AA000FFF7A4FBFB681B681846FFF7DFFBFB68FA
:104AB0005A68FB681B6919461046FEF7BBFFFB6886
:104AC0005868FB681B69BA681946FFF723F8FB684A
:104AD0005868FB681B694FF480621946FEF7CCFFEB
:104AE000FB685868FB681B697A681946FEF7EAFF9D
:104AF000FB685A68FB681B6919461046FFF796FC6D
:104B0000FB685A68FB681B6919461046FEF770FF80
:104B1000FB681B687A6811461846FFF7F7FAFB68CE
:104B20001B681846FFF792FBFB681B681846FFF7E7
:104B3000CDFAFB681B681846FFF7FEFA00BF103776
:104B4000BD4680BD40010408B47A022480B582B01D
:104B500000AF78607B681B681846FFF723FB0346AD
:104B6000002B14BF01230023DBB218460837BD46D3
:104B700080BD80B584B000AFF860B9607A607A68B3
:104B8000B968F868FFF76EFFF868FFF7DFFF0346C4
:104B900083F00103DBB2002B00D0F5E700BF103734
:104BA000BD4680BD80B584B000AFF860B9607A6062
:104BB000FB681B681846FFF799FAFB681B681846E4
:104BC000FFF704FBFB681B681846FFF70FFBFB6849
:104BD0001B681846FFF74AFBFB681B681846FFF77F
:104BE00025FBFB685A68FB681B6919461046FEF7EF
:104BF00021FFFB689A68FB685B6919461046FEF75F
:104C000019FFFB685868FB681B6900221946FEF70C
:104C100033FFFB685868FB681B697A681946FEF722
:104C200051FFFB685868FB681B69294A1946FEF763
:104C300071FFFB689868FB685B697A681946FEF744
:104C400041FFFB689868FB685B69BA681946FEF724
:104C500061FFFB689A68FB685B6919461046FFF7BD
:104C6000E5FBFB689A68FB685B6919461046FEF72E
:104C7000BFFEFB685A68FB681B6919461046FFF7C0
:104C8000D5FBFB685A68FB681B6919461046FEF79E
:104C9000AFFEFB681B687A6811461846FFF736FAC4
:104CA000FB681B681846FFF7B1FAFB681B681846DB
:104CB000FFF7CCFAFB681B681846FFF707FAFB689A
:104CC0001B681846FFF738FA00BF1037BD4680BD95
:104CD0004801002480B582B000AF78607B689A6894
:104CE0007B685B6919461046FFF72EFB03461846A2
:104CF0000837BD4680BD80B584B000AFF860B960AC
:104D00007A607A68B968F868FFF74CFFF868FFF7CF
:104D1000E1FF034683F00103DBB2002B00D0F5E78F
:104D2000FB681B681846FFF7A1FAFB681B6818466A
:104D3000FFF77CFA00BF1037BD4680BD80B582B05A
:104D400000AF78607B68DA687B681B8B1946104679
:104D5000FFF7C8FA00BF0837BD4680BD80B582B0F6
:104D600000AF78607B68DA687B681B8B1946104659
:104D7000FFF7AAFA00BF0837BD4680BD80B582B0F4
:104D800000AF7860396039687868FEF7A9FC00BF29
:104D90000837BD4680BD80B588B004AFF860B96003
:104DA0007A603B60F868BB8C03933B6A0293FB69B3
:104DB0000193BB6900933B687A68B968FFF7A1FA71
:104DC000FB6818461037BD4680BD80B584B000AF83
:104DD000F860B9607A603B60FB681846FFF7AEFF89
:104DE000BB681A460B21F86800F09DF8F868FB686C
:104DF0001A3305221946FFF7BCFEFB683A6879684A
:104E00001846FFF778FFFB681846FFF7A7FF00BFBB
:104E10001037BD4680BD80B588B000AFF860B9607E
:104E20007A603B607B68BB61B968F86800F056F84F
:104E30000023FB61FB690F2B3ADC3B68002B37DD5D
:104E4000F86800F0BDF8BB681A01FB6913441B0247
:104E50001A460221F86800F066F8FB681846FFF76A
:104E60006DFFF868FB681A3304221946FFF781FECC
:104E70003B68B3F5807FA8BF4FF480737B613A68CD
:104E80007B69D31A3B60F868FB691B021A46BB6951
:104E900013447A691946FFF76CFEFB681846FFF762
:104EA0005DFFF86800F060F8FB690133FB61C1E762
:104EB000FB6804229A76FB681846FFF73FFFF86804
:104EC000FB681A3301221946FFF753FEFB681846A8
:104ED000FFF744FF00BF2037BD4680BD80B582B0DC
:104EE00000AF78603960786800F06AF87B6818462F
:104EF000FFF724FF3B681B031A462021786800F067
:104F000012F878687B681A3304221946FFF731FEDD
:104F10007B681846FFF722FF786800F025F800BF8D
:104F20000837BD4680BD80B485B000AFF8600B4641
:104F30007A60FB72FB68FA7A9A767B681B0CDAB2AD
:104F4000FB68DA767B681B0ADAB2FB681A777B6843
:104F5000DAB2FB685A77FB6800229A7700BF1437F1
:104F6000BD465DF8047B704780B582B000AF7860C5
:104F70007B6805229A767B681846FFF7DFFE786823
:104F80007B681A3301221946FFF7F3FD7B68012283
:104F9000DA767B68DB7E03F00103002B08D07868AB
:104FA0007B681A33013301221946FFF7A4FEF0E7AC
:104FB0007B681846FFF7D2FE00BF0837BD4680BDAC
:104FC00080B582B000AF78607B6806229A767B68F5
:104FD0001846FFF7B3FE78687B681A33012219463A
:104FE000FFF7C7FD7B681846FFF7B8FE00BF08371C
:104FF000BD4680BD80B586B000AFB9607B6003461A
:10500000FB731346BB810023FB757B68002B08D024
:10501000BA897B68F87BB96801F0D0F80346FB7564
:1050200001E0FF23FB7597F9173018461837BD4686
:1050300080BD90B58FB002AFF860B9607A60002390
:10504000BB627B68002B02D0FB68002B02D14FF0C3
:10505000FF3316E1BB68002B02D16FF0050310E1AE
:1050600007F114031422002118460DF00FFCFB6811
:105070007B62BB683B627A6807F12D0311461846D4
:1050800001F00FFA034687F82E3097F92E30002BE7
:1050900002D097F92E30F4E00023BB6197F82D3051
:1050A00087F82F3042E097F82F3003F00603022BE9
:1050B0000ED097F82F3003F00603042B08D097F892
:1050C0002F3003F00603062B02D0FB69002B20D003
:1050D00000237B617A6ABB69D0183A6ABB69D11A2E
:1050E0007B6807F1140202F1080407F1280200931B
:1050F000234601F08AFA034687F82E3097F92E30BE
:10510000002B02D097F92E30BBE0BA69BB6A13447A
:10511000BB6107F114037A681946002000F0AEFB6A
:10512000034687F82E30002387F82F3097F82F306A
:10513000002B02D1FB69002B03D097F92E30002BF6
:10514000B1D00023BB6197F82D3087F82F3042E0B3
:1051500097F82F3003F01803082B0ED097F82F3054
:1051600003F01803102B08D097F82F3003F0180322
:10517000182B02D0FB69002B20D000237B617A6AB8
:10518000BB69D0183A6ABB69D11A7B6807F114026F
:1051900002F1080407F128020093234601F04BFABC
:1051A000034687F82E3097F92E30002B02D097F95E
:1051B0002E3066E0BA69BB6A1344BB6107F1140381
:1051C0007A681946012000F059FB034687F82E3013
:1051D000002387F82F3097F82F30002B02D1FB697E
:1051E000002B03D097F92E30002BB1D00023BB61E8
:1051F00097F82D3087F82F3036E097F82F3003F0EE
:105200004003002B02D1FB69002B20D000237B61DF
:105210007A6ABB69D0183A6ABB69D11A7B6807F110
:10522000140202F1080407F128020093234601F05A
:1052300063FA034687F82E3097F92E30002B02D000
:1052400097F92E301DE0BA69BB6A1344BB6107F1C0
:1052500014037A681946022000F010FB034687F811
:105260002E30002387F82F3097F82F30002B02D1F3
:10527000FB69002B03D097F92E30002BBDD097F996
:105280002E3018463437BD4690BD80B586B000AF8D
:10529000034687ED020A79603A60FB730023FB75D1
:1052A0003B68002B0AD03A68FB7B796897ED020ACD
:1052B000184601F037FA0346FB7501E0FF23FB7542
:1052C00097F9173018461837BD4680BD80B584B0B1
:1052D00000AF786039600023FB733B68002B07D078
:1052E0003B681946786801F098F80346FB7301E0C3
:1052F000FF23FB7397F90F3018461037BD4680BD6A
:1053000080B584B000AF786039600023FB733B68E0
:10531000002B07D03B681946786801F08EF80346E9
:10532000FB7301E0FF23FB7397F90F30184610372A
:10533000BD4680BD80B584B000AF78603960002381
:10534000FB733B68002B07D03B681946786801F077
:1053500098F80346FB7301E0FF23FB7397F90F30C6
:1053600018461037BD4680BD80B586B002AF786064
:1053700039600023BB600023FB733B68002B0DD01A
:105380003B6807F10802009313462022796840F237
:105390001F1000F0BAFF0346FB7301E0FF23FB730D
:1053A00097F90F3018461037BD4680BD80B586B0DE
:1053B00000AFF860B9607A600023FB757B68002B52
:1053C00002D0FB68002B02D1FF23FB7507E07B684E
:1053D0001A46B968F86801F0C0F80346FB7597F9FA
:1053E000173018461837BD4680BD80B584B000AF71
:1053F00078600023FB737B68002B02D1FF23FB73D3
:1054000005E07B68184601F0E5F80346FB7397F961
:105410000F3018461037BD4680BD80B584B000AF50
:1054200003463960FB710023FB733B68002B02D1FC
:10543000FF23FB7307E03B68F91D0122072000F002
:10544000F5FE0346FB7397F90F3018461037BD463B
:1054500080BD80B584B000AF786039600023FB73F5
:105460003B68002B02D1FF23FB7307E03B6801225E
:105470007968072000F0A2FE0346FB7397F90F300E
:1054800018461037BD4680BD80B584B000AF786047
:1054900039600023FB733B68002B02D1FF23FB73B1
:1054A00006E03B681946786800F0FBFF0346FB7393
:1054B00097F90F3018461037BD4680BD80B584B0CF
:1054C00000AF03463960FB710023FB733B68002B80
:1054D00002D1FF23FB7307E03B68F91D0122062080
:1054E00000F0A4FE0346FB7397F90F3018461037FF
:1054F000BD4680BD80B584B000AF78600023FB73EB
:105500007B68002B02D1FF23FB7305E07B68184604
:1055100000F0D7FF0346FB7397F90F30184610379A
:10552000BD4680BD80B58AB004AFB9607A603B608B
:105530000346FB730023FB75BB6A002B14D040F6B7
:1055400038120021B86A0DF0A1F9BB6AF87B02930A
:105550007B6A01933B6A00933B687A68B96800F004
:10556000EEFD0346FB7501E0FF23FB7597F917304D
:1055700018461837BD4680BD80B487B000AFB9600B
:105580007A603B600346FB730023FB753B68002B8E
:1055900002D0BB68002B02D1FF23FB7513E0FA7B1E
:1055A00039681346DB0013440B441833BA68C3F858
:1055B0000520FA7B39681346DB0013440B4418338B
:1055C0007A68C3F8092097F9173018461C37BD468A
:1055D0005DF8047B7047000080B592B000AF786042
:1055E0007B68002B03D1FF2387F847307AE007F16F
:1055F000080379681846FFF7B7FE034687F8473077
:1056000097F94730002B6DD17B6801221A7701236F
:1056100087F8463042E097F84630DB0887F8453097
:1056200097F8463003F00703012202FA03F387F8E4
:10563000443097F8453007F14802134413F8402CE2
:1056400097F844301340DBB2002B22D07A6807F180
:10565000280197F84630184601F097F8034687F876
:10566000473097F94730002B13D197F83C30002B87
:1056700003D1F82387F8473018E097F8462097F8C9
:105680003C0079681346DB0013440B441C3302468C
:105690001A7097F84630013387F8463097F846304D
:1056A000F42B03D897F94730002BB4D0FF2387F8A9
:1056B000463013E097F84630F53B97F846200C4902
:1056C000C85C79681346DB0013440B441C33024664
:1056D0001A7097F84630013B87F8463097F8463005
:1056E000F42BE7D897F9473018464837BD4680BDB8
:1056F0004801040880B584B000AF786039600023A9
:10570000FB733B68002B02D07B68002B02D1FF2388
:10571000FB7307E03B68012279682E20FFF76AFCE3
:105720000346FB7397F90F3018461037BD4680BD0E
:1057300080B487B000AF0346B9607A60FB73002382
:10574000FB757B68002B4ED0BB68002B4BD0FA7BDF
:10575000B86879681346DB0013440B4418330246DB
:10576000043318685968106051601B7A1372FB7B10
:10577000F42B1BD9BB681B78002B17D1BB68002208
:105780005A7000229A700022DA7000221A71BB68E7
:1057900000225A7100229A710022DA7100221A72D4
:1057A000FB7BF53B164AD25CBB681A70FB7B002B77
:1057B0001CD1BB681B78002B18D1BB6800225A7023
:1057C00000229A700022DA7000221A71BB6800224F
:1057D0005A7100229A710022DA7100221A72BB6893
:1057E00001221A7002E0FF23FB7500E000BF97F969
:1057F000173018461C37BD465DF8047B704700BF64
:105800004801040880B485B000AFF8600B467A60A8
:10581000FB72FB681A68FB7A1A44FB685B689A4261
:1058200003D87B6800221A7002E07B6801221A709C
:10583000002318461437BD465DF8047B704780B4DA
:1058400087B000AF0346B9607A60FB730023FB7535
:10585000FB7B022B08D8FB7B03F59273DB007A6895
:105860001A44BB681A6001E0F923FB7597F91730F9
:1058700018461C37BD465DF8047B70472DE9F04F94
:1058800093B000AF03463961FA60FB75002387F8D7
:105890004330002387F847300023A7F84430002323
:1058A000FB775FE1FBF72AFA3B691B68FB633B6907
:1058B0001A69FB6B13441B7887F8433007F12C01FE
:1058C000FB7DFA681846FFF7BAFF034687F84730B2
:1058D00097F94730002B02D097F9473084E197F8C9
:1058E0004330002B26D0002BC0F2ED80FF2B00F3BD
:1058F000EA80F52BC0F2E780F53B0A2B00F2E3804B
:1059000001A252F823F000BF415901089B59010838
:105910000F5A0108C75A0108C75A0108C75A010897
:10592000415901089B5901080F5A0108C75A01083B
:10593000355901083B691B685A1C3B691A6011E123
:1059400007F11F031A4602213869FFF75BFF034680
:1059500087F8473097F94730002B02D097F9473046
:1059600042E1FB7F002B00D0FCE0FB6AD3E90001A1
:105970003B691A69FB6B013313441B78DAB24FF0B1
:105980000003FE6A841841EB0305C6E900453B6944
:105990001B689A1C3B691A60E4E007F11F031A4672
:1059A00003213869FFF72EFF034687F8473097F940
:1059B0004730002B02D097F9473015E1FB7F002BD1
:1059C00000D0CFE0FB6AD3E900013B691A69FB6BA9
:1059D000013313441B781AB23B691E69FB6B023317
:1059E00033441B781B021BB213431BB29BB29AB207
:1059F0004FF00003FE6A10EB020841EB0309C6E911
:105A000000893B691B68DA1C3B691A60AAE007F150
:105A10001F031A4606213869FFF7F4FE034687F88C
:105A2000473097F94730002B02D097F94730DBE039
:105A3000FB7F002B00D095E03B691A69FB6B0133BB
:105A400013441B7819463B691A69FB6B02331344F4
:105A50001B781B0241EA03023B691969FB6B0333A4
:105A60000B441B781B041A433B691969FB6B043315
:105A70000B441B781B06134319464FF00002C7E97D
:105A800000123B691A69FB6B053313441B781946F6
:105A9000C9B24FF00002084611464FF000024FF025
:105AA0000003064633000022FE6A396841EA020A12
:105AB000796841EA030BC6E900AB3B691B689A1D94
:105AC0003B691A604EE007F1200197F84330FA680D
:105AD0001846FFF72DFE034687F8473097F9473001
:105AE000002B02D097F947307EE097F8203007F17D
:105AF0001F0219463869FFF785FE034687F84730CD
:105B000097F94730002B02D097F947306CE0FB7FC4
:105B1000002B00D026E0D7F82130002B1AD03B69AB
:105B20001A69FB6B013313447B63FB7D87F83130CB
:105B3000FB6ABB6397F8433087F8303097F8203022
:105B400087F83230D7F82130D7F8251007F1300226
:105B5000104698473B691B6897F820201A443B6918
:105B60001A6000BF3B691A683B695B689A4203D2BE
:105B7000FB7F002B3FF496AE3B695B68002B31D076
:105B80003B695A683B691B689A4202D26FF0010375
:105B90002AE03B695A683B691B68D21A3B695A6024
:105BA0003B695B68002B1DD00023A7F8443013E04D
:105BB0003B691A693B691968B7F844300B441A44C9
:105BC0003B691969B7F844300B4412781A70B7F87A
:105BD00044300133A7F84430B7F844203B695B6890
:105BE0009A42E5D397F9473018464C37BD46BDE891
:105BF000F08F00BF90B5CFB000AF044607F10800AA
:105C00000160391D0A603A46136007F10E0322460F
:105C10001A80002387F83731D7F85031002B00F075
:105C200076813B1D1B68002B05D007F108031B681C
:105C3000002B00F06C81D7F84831002B04D03B4694
:105C40001B68002B00F06381D7F850319B69002B53
:105C500000F057813B1DD7F848211B681344C7F853
:105C60001431D7F84C31002B07D0D7F84821D7F89A
:105C70004C311344C7F8203103E0D7F81431C7F88A
:105C80002031D7F8203103F00303002B06D0D7F8DA
:105C900020319B0801339B00C7F8203107F10E0328
:105CA0001B88DAB207F114031A7007F10E031B8880
:105CB0001B0A9BB2DAB207F114035A7007F10E0304
:105CC0001B88022B0FD1D7F820319B08DAB207F1DD
:105CD00014039A70D7F820319B081B0ADAB207F137
:105CE0001403DA700CE0D7F82031DAB207F11403AC
:105CF0009A70D7F820311B0ADAB207F11403DA7070
:105D00000423C7F82431D7F81431C7F83031D7F855
:105D10003021D7F824311344C7F81C314FF4807375
:105D2000C7F81831D7F850319B69D7F818219A4233
:105D300040F2DD80D7F850319B69C7F81831D6E0C2
:105D4000D7F83021D7F824311344D7F818219A42D4
:105D50000BD2D7F81831C7F82C31D7F81821D7F85B
:105D60002431D31AC7F8283120E0D7F83021D7F8EA
:105D700024311344C7F82C31D7F83031C7F8283113
:105D8000D7F82C3103F00303002B06D0D7F82C31C1
:105D90009B0801339B00C7F82C31D7F82C31B3F5A1
:105DA000807F03D94FF48073C7F82C31D7F828319E
:105DB000002B62D03B1D1A68D7F828311344D7F85E
:105DC00030219A4212D307F11402D7F82431D018A7
:105DD000D7F81421D7F83031D31A3A461268134451
:105DE000D7F8282119460CF043FD46E03B1DD7F8B3
:105DF00030211B689A422DD907F11402D7F82431BB
:105E0000D018D7F81421D7F83031D31A3A4612688F
:105E1000D1183B1DD7F830211B68D31A1A460CF055
:105E200027FDD7F82421D7F830311A443B1D1B68D1
:105E3000D31A07F11402D0183B1D1A68D7F8303175
:105E4000D21AD7F828311A4407F1080319680CF060
:105E50000FFD12E007F11402D7F82431D0183B1DD2
:105E60001A68D7F83031D31A07F1080212681344C0
:105E7000D7F8282119460CF0FBFCD7F82421D7F8D5
:105E800028311344D7F82C219A4212D0D7F8242174
:105E9000D7F82831134407F11402D018D7F8242179
:105EA000D7F828311344C3F580731A4600210CF04B
:105EB000EDFC07F11401D7F85031D7F82C21002060
:105EC00000F0B4F9034687F8373197F93731002BE2
:105ED0001BD10023C7F82431D7F83021D7F8283157
:105EE000D31AC7F83031D7F83031C7F81C31D7F89A
:105EF0001C31002B0FD097F93731002B3FF420AF26
:105F000009E0FE2387F8373105E000BF03E0FF23F7
:105F100087F8373100E000BF97F93731184607F5A9
:105F20009E77BD4690BD80B584B000AF78600023F9
:105F3000FB8127E007F10C037968184600F0B1FAFD
:105F400003467B7397F90D30002B15D13B7B03F093
:105F50002003002B02D000237B7317E0796842F204
:105F6000107000F09BF903467B7397F90D30002BFE
:105F700005D097F90D300BE097F90D3008E0FB895B
:105F80000133FB81FB89B3F57A7FD3D397F90D30C9
:105F900018461037BD4680BD80B584B000AF78602C
:105FA0000023FB812FE079684CF2503000F076F945
:105FB00003467B7397F90D30002B02DA97F90D3009
:105FC0002DE007F10C017B680122252000F0F6F896
:105FD00003467B7397F90D30002B02DA97F90D30E9
:105FE0001DE03B7B03F01003002B09D03B7B03F04B
:105FF0002003002B04D03B7B03F04003002B06D092
:10600000FB890133FB81FB89632BCCD900E000BF06
:10601000FB89642B02D16FF0040300E000231846D3
:106020001037BD4680BD80B58AB000AFB9607A60D8
:106030003B600346FB73002387F827307B6B002B04
:1060400072D0BB68002B6FD03B68002B6CD03B6BD1
:10605000002B69D07B6B9B69BB613B6B1B68002B82
:1060600014D107F11401F87B7B6B022200F0A6F833
:10607000034687F827303B7D1AB27B7D1B021BB29B
:1060800013431BB29BB21A463B6B1A603B6B1B68F7
:10609000002B4DD097F92730002B49D13B6B1B6863
:1060A0007A689A4203D23B687A681A6003E03B6BD5
:1060B0001A683B681A603B681B683B620023FB61FF
:1060C00016E0BA68FB69D118F87B7B6BBA6900F0FF
:1060D00075F8034687F8273097F92730002B0CD145
:1060E0003A6ABB69D31A3B62FA69BB691344FB6124
:1060F0003A6ABB699A42E4D800E000BF3B6A002BD1
:106100000AD0BA68FB69D118F87B7B6B3A6A00F059
:1061100055F8034687F827303B6B1A683B681B68C5
:10612000D21A3B6B1A6003E0FF2387F8273000E0A8
:1061300000BF97F9273018462837BD4680BD80B488
:1061400087B000AFB9607A603B600346FB73002301
:10615000FB75BB6A002B27D0BB68002B24D07B6863
:10616000002B21D03B68002B1ED0BB6ABA681A6096
:10617000BB6A7A685A60BB6A3A689A60BB6A7A6A94
:106180001A61BB6AFA7B1A733B6A03F00303002BA4
:1061900006D03B6A9B0801339A00BB6A9A6105E00E
:1061A000BB6A3A6A9A6101E0FF23FB7597F91730E1
:1061B00018461C37BD465DF8047B704790B587B024
:1061C00000AFB9607A603B600346FB730023FB7548
:1061D0003B68002B22D03B681B68002B1ED0BB689D
:1061E000002B1BD03B681B7B012B03D1FB7B63F097
:1061F0007F03FB733B681C683B681B69F87B7A680C
:10620000B968A04703461A463B681A753B6893F97C
:106210001430002B04D0FD23FB7501E0FF23FB7538
:1062200097F9173018461C37BD4690BD90B587B01A
:1062300000AFB9607A603B600346FB730023FB75D7
:106240003B68002B22D03B681B68002B1ED0BB682C
:10625000002B1BD03B681B7B012B03D1FB7B03F086
:106260007F03FB733B685C683B681B69F87B7A685B
:10627000B968A04703461A463B681A753B6893F90C
:106280001430002B04D0FD23FB7501E0FF23FB75C8
:1062900097F9173018461C37BD4690BD80B584B0BD
:1062A00000AF786039600023FB733B68002B0BD094
:1062B0003B689B68002B07D03B689B683A68126973
:1062C00011467868984701E0FF23FB7397F90F3078
:1062D00018461037BD4680BD80B588B004AFB960A0
:1062E0007A603B600346FB81F8893B680293002398
:1062F00001930023009300237A68B968FFF77AFCC2
:10630000034618461037BD4680BD80B588B002AF41
:10631000B9607A603B600346FB810023BB820023A7
:10632000FB753B6A002B6ED0BB68002B6BD03B68C3
:10633000002B68D03B6800221A6007F113013B6A0A
:1063400001220620FFF73AFF0346FB7597F9173045
:10635000002B5BD1FB7CBB75FB7C03F07F03DBB2C6
:10636000FB74FB7CBA7D9A4208D007F113013B6AAB
:1063700001220620FFF75AFF0346FB7597F91730F5
:10638000002B43D1FB8943F4805398B23B6A00222F
:106390000021FFF7A1FF0346FB7597F91730002B8B
:1063A00034D1386AFFF7BFFD0346FB7597F9173004
:1063B000002B2BD107F114003B6A00933B687A68ED
:1063C000B96800F04EF90346FB7597F91730002BBA
:1063D0001CD1FB7CBA7D9A420AD0BB7DFB7407F1CD
:1063E00013013B6A01220620FFF720FF0346FB75DD
:1063F00097F91730002B09D1BB8AFA899A4205D048
:10640000FB23FB7502E0FF23FB7500E000BF97F95B
:10641000173018461837BD4680BD80B582B000AF32
:10642000786039603B68012279681C20FFF7C6FE5E
:10643000034618460837BD4680BD80B584B000AF1E
:10644000786039607B68002B13D007F10C013B6842
:1064500002222020FFF7B2FE0346FB733B7B1AB2F9
:106460007B7B1B021BB213431BB29AB27B681A8060
:1064700001E0FF23FB7397F90F3018461037BD4634
:1064800080BD80B582B000AF786039603B68012282
:1064900079682520FFF792FE034618460837BD4667
:1064A00080BD80B582B000AF786039603B68012262
:1064B00079682D20FFF782FE034618460837BD464F
:1064C00080BD80B584B000AF78600123FB720023EB
:1064D000BB720F23BB8107F10B017B6801221420E3
:1064E000FFF7A4FE0346FB7397F90F30002B2ED164
:1064F0001FE0796842F21070FFF7D0FE0346FB738D
:1065000097F90F30002B14D107F10A017B680122A3
:106510002520FFF753FE0346FB7397F90F30002B3E
:1065200007D1BB7AFF2B04D0BB7A03F01003002BFA
:1065300005D1BB895A1EBA81002BDAD100E000BF19
:10654000BB7A03F01003002B01D1FB23FB7397F9F7
:106550000F3018461037BD4680BD80B586B000AFFD
:10656000F860B9607A600023FB757B68002B27D048
:10657000FB68002B24D0FB681B781AB2FB68013340
:106580001B781B021BB213431BB2BB82BB8A46F2B1
:106590002B62934202D0FC23FB7514E07B68BA683F
:1065A000F9680220FFF798FE0346FB7597F917304C
:1065B000002B08D17868FFF7EFFC0346FB7502E07B
:1065C000FF23FB7500E000BF97F917301846183716
:1065D000BD4680BD80B584B000AF78607B68002286
:1065E00000210320FFF778FE0346FB7397F90F3075
:1065F000002B04D17868FFF7CFFC0346FB7397F9B3
:106600000F3018461037BD4680BD80B586B002AF4A
:10661000F860B9607A603B60BB6901933B680093A6
:106620007B68BA68F9680120FFF7FDFC034618464D
:106630001037BD4680BD80B586B002AFF860B96046
:106640007A603B60BB6901933B6800937B68BA68E2
:10665000F9680220FFF7E7FC034618461037BD46ED
:1066600080BD80B586B000AFF860B9607A603B60ED
:1066700007F110013B6A04220320FFF79FFD034648
:10668000FB7597F91730002B30D13B7C1AB207F11C
:10669000100301331B781B021BB213431BB29AB2C7
:1066A000FB681A80BB7C1AB207F110030233013376
:1066B0001B781B021BB213431BB29BB21A463B68EA
:1066C0001A603B681B68002B10D03B681B687A6817
:1066D0009A4202D2FA23FB7508E03B681A683B6ACB
:1066E000B9680320FFF76AFD0346FB7597F9173079
:1066F00018461837BD4680BD80B586B002AFF86039
:10670000B9607A603B60BB6901933B6800937B682A
:10671000BA68F9680320FFF786FC0346184610376D
:10672000BD4680BD80B588B000AF034687ED020A44
:1067300079603A60FB73BB687B61FB7B3B767B696E
:10674000DBB27B767B691B0ADBB2BB767B691B0CF9
:10675000DBB2FB767B691B0EDBB23B777B68DBB27F
:106760007B777B681B0ADBB2BB777B681B0CDBB2D9
:10677000FB7707F118013B6808220D20FFF7ACFDFD
:10678000034618462037BD4680BD80B590B002AFA5
:106790000346B9607A60FB73BB68002B00F0DA80B7
:1067A000FB7BF52B03D9FE2387F83730D5E0FB7B45
:1067B0009BB203F5407398B207F1300207F1140160
:1067C0007B68009313461C22FFF79FFD034687F862
:1067D000373097F93730002B40F0BF803B6B1C2BD4
:1067E00003D0FE2387F83730B7E03A7DBB681A70D4
:1067F0007A7DBB685A70BA7DBB689A70FA7DBB68B7
:10680000DA703A7EBB681A717A7EBB685A71BA7EBA
:10681000BB689A71FA7EBB68DA713A7FBB681A72FC
:106820007A7FBB685A72BA7FBB689A72FA7FBB687C
:10683000DA7297F82020BB681A7397F82120BB689A
:106840005A7397F82220BB689A7397F82320BB6885
:10685000DA7397F82420BB681A7497F82520BB6870
:106860005A7497F82620BB689A7497F82720BB685B
:10687000DA7497F82820BB681A7597F82920BB6846
:106880001A7697F82A20BB685A7697F82B20BB68AF
:106890009A7697F82C20BB68DA76BB681B791AB217
:1068A000BB685B791B021BB213431BB29AB2BB6875
:1068B0009A80BB689B791AB2BB68DB791B021BB25A
:1068C00013431BB29AB2BB68DA80BB681B7A1A46C4
:1068D000BB685B7A1B021A43BB689B7A1B041A4392
:1068E000BB68DB7A1B061A43BB689A60BB681B7BDC
:1068F0001A46BB685B7B1B021A43BB689B7B1B046D
:106900001A43BB68DB7B1B061A43BB68DA60BB68B3
:106910001B7C1A46BB685B7C1B021A43BB689B7CD2
:106920001B041A43BB68DB7C1B061A43BB681A6155
:10693000BB681B7E1A46BB685B7E1B021A43BB68A2
:106940009B7E1B041A43BB68DB7E1B061A43BB6895
:106950009A6102E0FF2387F8373097F937301846FD
:106960003837BD4680BD80B483B000AF78603960F1
:106970007B681B781AB27B6801331B781B021BB241
:1069800013431AB23B681A807B6802331B781AB231
:106990007B6803331B781B021BB213431AB23B689C
:1069A0005A807B6804331B781AB27B6805331B78E6
:1069B0001B021BB213431AB23B689A807B680633F2
:1069C0001B781AB27B6807331B781B021BB2134378
:1069D0001AB23B68DA807B6808331B781AB27B688E
:1069E00009331B781B021BB213431BB29AB23B68DC
:1069F0001A8100BF0C37BD465DF8047B704780B438
:106A000083B000AF786039607B681B781AB27B680E
:106A100001331B781B021BB213431AB23B681A8066
:106A20007B6802331B781AB27B6803331B781B0226
:106A30001BB213431AB23B685A807B6804331B783D
:106A40001AB27B6805331B781B021BB213431AB2C0
:106A50003B689A8000BF0C37BD465DF8047B7047E9
:106A600080B483B000AF78607B6800221A607B68D6
:106A700000225A607B6800229A607B680022DA60FC
:106A80007B6800221A617B6818460C37BD465DF8AA
:106A9000047B704780B483B000AF786039607B6856
:106AA0006FF001021A617B683A68DA6100BF0C3747
:106AB000BD465DF8047B704780B483B000AF78605A
:106AC00039607B684FF0FF321A617B683A68DA619F
:106AD00000BF0C37BD465DF8047B704780B485B0BD
:106AE00000AFF860B9607A60FB68BA681A60FB684A
:106AF0007A68DA60FB68DA68FB685A60FB685A6893
:106B0000FB689A60FB6800221A6100BF1437BD461B
:106B10005DF8047B704780B483B000AF78607B6819
:106B20001B69002B02DB7B6801221A6100BF0C3756
:106B3000BD465DF8047B704780B483B000AF7860D9
:106B400039607A683B689A4201DA7B6800E03B680A
:106B500018460C37BD465DF8047B704780B483B09F
:106B600000AF786039607A683B689A4201DD7B68E3
:106B700000E03B6818460C37BD465DF8047B704763
:106B800080B485B000AFF860B9607A60FA68BB681D
:106B90009A4201DABB6806E0FA687B689A4201DD36
:106BA0007B6800E0FB6818461437BD465DF8047B3F
:106BB000704780B483B000AF78607B681B781A069A
:106BC0007B6801331B781B0413431B1418460C37D6
:106BD000BD465DF8047B704780B483B000AF786039
:106BE0007B681B781A067B6801331B781B041A43E9
:106BF0007B6802331B781B0213431B1218460C37A9
:106C0000BD465DF8047B704780B483B000AF786008
:106C10007B681B781A067B6801331B781B041A43B8
:106C20007B6802331B781B0213437A6803321278A5
:106C3000134318460C37BD465DF8047B704780B49B
:106C400083B000AF786039607A683B689A4201D2BD
:106C50007B6800E03B6818460C37BD465DF8047B56
:106C6000704780B483B000AF786039607A683B6861
:106C70009A4201D97B6800E03B6818460C37BD4654
:106C80005DF8047B704780B483B000AF78603960F2
:106C90007B683A681A607B681B6807EE903AB0EE32
:106CA000670A0C37BD465DF8047B704780B483B03B
:106CB00000AF786087ED000A7B683A681A607B68ED
:106CC0001B6818460C37BD465DF8047B704780B5DD
:106CD00084B000AF78600023FB6007F10C03796893
:106CE0001846FFF7D0FFF0EE407AB0EE670A103793
:106CF000BD4680BD80B584B000AF87ED010A00239A
:106D0000FB6007F10C0397ED010A1846FFF7CEFF71
:106D1000034618461037BD4680BD80B483B000AF2F
:106D2000786039607A6842F6040313443A68134481
:106D300018460C37BD465DF8047B704780B483B0BD
:106D400000AF786039607A6842F6040313443A6809
:106D5000134418460C37BD465DF8047B704780B578
:106D600082B000AF78607A6842F6040313441C33A3
:106D70001846FFF749FF034618460837BD4680BD51
:106D800080B582B000AF78607A6842F6040313449D
:106D900020331846FFF738FF034618460837BD462C
:106DA00080BD80B582B000AF78607A6842F6040397
:106DB000134424331846FFF727FF034618460837C5
:106DC000BD4680BD80B582B000AF78607A6842F67B
:106DD0000403134428331846FFF716FF03461846EA
:106DE0000837BD4680BD80B483B000AF786039609D
:106DF0007A683B689B00134418460C37BD465DF823
:106E0000047B704780B584B000AFF860B9607A60E9
:106E100087ED000A97ED000AFFF76CFF03467A68DA
:106E2000B968F86803F022FE00BF1037BD4680BD88
:106E300080B584B000AFF860B9607A607A68B968EC
:106E4000F86804F0FBF803461846FFF740FFF0EE41
:106E5000407AB0EE670A1037BD4680BD80B483B07B
:106E600000AF786039607A683B689B00134418462D
:106E70000C37BD465DF8047B7047000080B584B0D8
:106E800000AFF860B9607A607B68002B06DBFA68B7
:106E90000B4B13441B687A689A4205DB0121B868E2
:106EA000FFF70AFE002307E0FA687B681A4442F6FF
:106EB000040313441B785BB218461037BD4680BDEF
:106EC00024AF010080B584B000AFF860B9607A608B
:106ED0007B68002B07DB7B685A1CF9680C4B0B4462
:106EE0001B689A4205DB0221B868FFF7E5FD002325
:106EF0000AE0FA6842F6040313447A681344184619
:106F0000FFF757FE034600BF18461037BD4680BD49
:106F100024AF010080B584B000AFF860B9607A603A
:106F20007B68002B07DB7B689A1CF9680C4B0B44D1
:106F30001B689A4205DB0321B868FFF7BDFD0023FB
:106F40000AE0FA6842F6040313447A6813441846C8
:106F5000FFF742FE034600BF18461037BD4680BD0E
:106F600024AF010080B584B000AFF860B9607A60EA
:106F70007B68002B07DB7B68DA1CF9680C4B0B4441
:106F80001B689A4205DB0421B868FFF795FD0023D2
:106F90000AE0FA6842F6040313447A681344184678
:106FA000FFF732FE034600BF18461037BD4680BDCE
:106FB00024AF010080B485B000AF78600023FB608F
:106FC000FB681E2B0DDC7A68FB6842FA03F303F0C2
:106FD0000103002B01D0FB6804E0FB680133FB6078
:106FE000EEE7002318461437BD465DF8047B704772
:106FF00080B483B000AF78607B681B6818460C379C
:10700000BD465DF8047B704780B483B000AF786004
:107010007B685B6818460C37BD465DF8047B70479B
:1070200080B483B000AF78607B689B6818460C37EB
:10703000BD465DF8047B704780B483B000AF7860D4
:107040007B68DB6818460C37BD465DF8047B7047EB
:1070500080B483B000AF78607B681B6918460C373A
:10706000BD465DF8047B704780B483B000AF7860A4
:107070007B685B6918460C37BD465DF8047B70473A
:1070800080B483B000AF87ED010AD7ED017AB7EE87
:10709000E77A9FED076B27EE067BFDEEC77B17EEC9
:1070A000903A18460C37BD465DF8047B704700BF28
:1070B00050AAAC74BD61A44080B582B000AF7860C6
:1070C0007B68D3ED167AB0EE670AFFF7D9FF034667
:1070D00018460837BD4680BD80B582B000AF7860E5
:1070E0007B68D3ED177AB0EE670AFFF7C9FF034656
:1070F00018460837BD4680BD80B582B000AF7860C5
:107100007B68D3ED187AB0EE670AFFF7B9FF034644
:1071100018460837BD4680BD80B582B000AF7860A4
:107120007B68D3ED197AB0EE670AFFF7A9FF034633
:1071300018460837BD4680BD80B582B000AF786084
:107140007B68D3ED1A7AB0EE670AFFF799FF034622
:1071500018460837BD4680BD80B582B000AF786064
:107160007B68D3ED1B7AB0EE670AFFF789FF034611
:1071700018460837BD4680BD80B485B000AFF860C2
:1071800087ED020AC7ED010A87ED001AFB68BA68AD
:107190001A60FB6804337A681A60FB6808333A683F
:1071A0001A6000BF1437BD465DF8047B704780B499
:1071B00085B000AFF860B9607A60BB6893ED007A83
:1071C0007B68D3ED007A77EE277AFB68C3ED007A0F
:1071D000BB68043393ED007A7B680433D3ED007A07
:1071E000FB68043377EE277AC3ED007ABB68083377
:1071F00093ED007A7B680833D3ED007AFB6808339F
:1072000077EE277AC3ED007A00BF1437BD465DF8EC
:10721000047B704780B485B000AFF860B9607A60D5
:10722000BB6893ED007A7B68D3ED007A77EE677ADE
:10723000FB68C3ED007ABB68043393ED007A7B688A
:107240000433D3ED007AFB68043377EE677AC3ED3D
:10725000007ABB68083393ED007A7B680833D3ED7E
:10726000007AFB68083377EE677AC3ED007A00BFD7
:107270001437BD465DF8047B704780B485B000AF1D
:10728000F86087ED020AC7ED010A87ED001AFB6876
:1072900093ED007AD7ED027A27EE277AFB68043364
:1072A000D3ED006AD7ED017A66EEA77A37EE277A3A
:1072B000FB680833D3ED006AD7ED007A66EEA77A53
:1072C00077EE277AB0EE670A1437BD465DF8047B87
:1072D000704780B582B000AF786039603B68D3ED0D
:1072E000007A3B68043393ED007A3B680833D3EDB2
:1072F000006AB0EE661AF0EE470AB0EE670A7868E8
:10730000FFF7BBFFF0EE407AB0EE670A0837BD46E4
:1073100080BD80B485B000AFF860B96087ED010A28
:10732000BB6893ED007AD7ED017A77EE277AFB6898
:10733000C3ED007ABB68043393ED007AFB68043335
:10734000D7ED017A77EE277AC3ED007ABB68083370
:1073500093ED007AFB680833D7ED017A77EE277A50
:10736000C3ED007A00BF1437BD465DF8047B70475B
:1073700080B485B000AFF860B96087ED010ABB68E2
:1073800093ED007AD7ED017A77EE677AFB68C3ED6B
:10739000007ABB68043393ED007AFB680433D7EDC1
:1073A000017A77EE677AC3ED007ABB68083393ED14
:1073B000007AFB680833D7ED017A77EE677AC3ED80
:1073C000007A00BF1437BD465DF8047B704780B477
:1073D00085B000AFF860B96087ED010ABB6893ED36
:1073E000007AD7ED017A67EE277AFB68C3ED007A61
:1073F000BB68043393ED007AFB680433D7ED017A60
:1074000067EE277AC3ED007ABB68083393ED007A04
:10741000FB680833D7ED017A67EE277AC3ED007A6F
:1074200000BF1437BD465DF8047B704780B485B05B
:1074300000AFF860B96087ED010ABB68D3ED006A60
:1074400097ED017AC6EE877AFB68C3ED007ABB68D8
:107450000433D3ED006AFB68043397ED017AC6EE7E
:10746000877AC3ED007ABB680833D3ED006AFB6806
:10747000083397ED017AC6EE877AC3ED007A00BF34
:107480001437BD465DF8047B704780B48BB000AF05
:10749000786287ED080AC7ED070A87ED061AC7ED7F
:1074A000051A87ED042AC7ED032A87ED023AC7EDD6
:1074B000013A87ED004A7B6A3A6A1A607B6A0433B4
:1074C000FA691A607B6A0833BA691A607B6A0C33FE
:1074D0007A691A607B6A10333A691A607B6A1433DE
:1074E000FA681A607B6A1833BA681A607B6A1C33C0
:1074F0007A681A607B6A20333A681A6000BF2C37BA
:10750000BD465DF8047B704780B582B000AF7860FF
:1075100087ED000A97ED004AD7ED003A97ED003A63
:10752000D7ED002A97ED002AD7ED001A97ED001A43
:10753000D7ED000A97ED000A7868FFF7A6FF00BFB5
:107540000837BD4680BD000080B582B000AF7860CE
:1075500087ED000A97ED004ADFED0B3A9FED0A3AFE
:10756000DFED092A97ED002ADFED071A9FED061AD5
:10757000DFED050A97ED000A7868FFF786FF00BF88
:107580000837BD4680BD00BF0000000080B582B056
:1075900000AF786039602422396878680BF068F9A8
:1075A00000BF0837BD4680BD80B487B000AF7860AB
:1075B00039603B6804331B687B613B6808331B6898
:1075C0003B613B6814331B68FB603B681A687B684F
:1075D0001A603B6803F10C027B68043312681A607E
:1075E0003B6803F118027B68083312681A607B68F5
:1075F0000C337A691A603B6803F110027B68103320
:1076000012681A603B6803F11C027B68143312682D
:107610001A607B6818333A691A607B681C33FA6811
:107620001A603B6803F120027B68203312681A60FD
:1076300000BF1C37BD465DF8047B704780B582B043
:1076400000AF786039603B68D3ED007A3B680C335B
:1076500093ED007A3B681833D3ED006AB0EE661AFA
:10766000F0EE470AB0EE670A7868FFF706FEF0EE24
:10767000407AB0EE670A0837BD4680BD80B58EB04F
:1076800000AFF860B9607A607968B868FFF7D6FF34
:10769000F0EE407AC7ED057A7B6804331946B86886
:1076A000FFF7CCFFF0EE407AC7ED067A7B6808332F
:1076B0001946B868FFF7C2FFF0EE407AC7ED077AC7
:1076C000BB680C3379681846FFF7B8FFF0EE407AD4
:1076D000C7ED087ABB6803F10C027B6804331946D6
:1076E0001046FFF7ABFFF0EE407AC7ED097ABB68B2
:1076F00003F10C027B68083319461046FFF79EFF22
:10770000F0EE407AC7ED0A7ABB68183379681846FC
:10771000FFF794FFF0EE407AC7ED0B7ABB6803F1F8
:1077200018027B68043319461046FFF787FFF0EE16
:10773000407AC7ED0C7ABB6803F118027B68083306
:1077400019461046FFF77AFFF0EE407AC7ED0D7A42
:1077500007F114031946F868FFF718FF00BF383720
:10776000BD4680BD80B487B000AFF860B96087EDDA
:10777000010A00237B617B69082B13DC7B699B007A
:10778000BA68134493ED007A7B699B00FA6813444E
:10779000D7ED017A67EE277AC3ED007A7B69013372
:1077A0007B61E8E700BF1C37BD465DF8047B70478E
:1077B00090B587B000AFF860B9607A607968B86852
:1077C000FFF787FDF0EE407AC7ED047ABB680C3313
:1077D00079681846FFF77DFDF0EE407AC7ED057A2F
:1077E000BB6803F11802FB6803F1080479681046CE
:1077F000FFF76FFDF0EE407AC4ED007A3A69FB685E
:107800001A60FB6804337A691A6000BF1C37BD46F2
:1078100090BD90B587B000AFF860B9607A607968C4
:10782000B868FFF70BFFF0EE407AC7ED047A7B688B
:1078300004331946B868FFF701FFF0EE407AC7ED50
:10784000057A7B6803F10802FB6803F1080411461E
:10785000B868FFF7F3FEF0EE407AC4ED007A3A69BB
:10786000FB681A60FB6804337A691A6000BF1C3732
:10787000BD4690BD80B483B000AF78607B68DA6CA1
:107880007B681B6D134418460C37BD465DF8047BBE
:10789000704780B483B000AF78607B685B6E184639
:1078A0000C37BD465DF8047B704780B485B000AFEF
:1078B000F860B9607A60FA68BB6802339B001344D1
:1078C0007A685A6000BF1437BD465DF8047B704784
:1078D00080B483B000AF78607B68002B01DA0023AE
:1078E00005E07B68272B01DD272300E07B68184635
:1078F0000C37BD465DF8047B704780B483B000AFA1
:1079000078607B68DB6818460C37BD465DF8047B01
:10791000704780B483B000AF78607B681B691846FD
:107920000C37BD465DF8047B704780B483B000AF70
:1079300078607B685B6918460C37BD465DF8047B50
:107940007047000080B590B000AF786187ED040A01
:10795000C7ED030A87ED021AC7ED011AD7ED037AC6
:1079600067EEA77AC7ED0E7A97ED017AD7ED047A24
:1079700027EE277AD7ED036AD7ED027A66EEA77A6B
:1079800077EE277AB7EEE77A37EE077BF7EEC77B1D
:10799000C7ED0D7AD7ED047A27EEA77AD7ED0E7AE8
:1079A00077EE277AB7EEE77A37EE077BB7EE006B14
:1079B00036EE477BF7EEC77BC7ED0C7AD7ED0C0AA6
:1079C00097ED0D0A09F020FC87ED0B0A97ED017A7F
:1079D000D7ED037A27EE277AD7ED026AD7ED047A3E
:1079E00066EEA77A77EE677AB7EEE77A37EE077B2F
:1079F000F7EEC77BC7ED0F7AD7ED0F7AB7EE007AB7
:107A0000F4EEC77AF1EE10FA02DD4FF07E53FB631D
:107A1000D7ED0F7ABFEE007AF4EEC77AF1EE10FAE6
:107A200001D52C4BFB6397ED0F0A09F0BBFB87EDEB
:107A30000A0A97ED017AD7ED027A27EE277AD7ED79
:107A4000046AD7ED037A66EEA77A77EE277AB7EE67
:107A5000E77A37EE077BF7EEC77BC7ED097AD7EDFC
:107A6000027A27EEA77AD7ED0E7A77EE277AB7EE6D
:107A7000E77A37EE077BB7EE006B36EE477BF7EE23
:107A8000C77BC7ED087AD7ED080A97ED090A09F018
:107A9000BBFB87ED070A97ED070AFFF72BF90146B5
:107AA0007A690D4B1344196097ED0A0AFFF722F922
:107AB00001467A69094B1344196097ED0B0AFFF7E9
:107AC00019F901467A69064B1344196000BF403723
:107AD000BD4680BD000080BF64AF010068AF0100FB
:107AE0006CAF010080B590B000AF7861396187ED6F
:107AF000030AC7ED020A87ED011AC7ED001AD7ED98
:107B0000027A37EEA77AD7ED027A67EE277AB7EED8
:107B1000007A37EE677AD7ED017A77EEA76AD7ED6C
:107B2000017A66EEA77A37EE676AD7ED037A37EE09
:107B3000A77AD7ED027A27EE277AD7ED017A77EE8A
:107B4000A76AD7ED007A66EEA77A77EE675AD7ED87
:107B5000037A37EEA77AD7ED017A27EE277AD7EDA9
:107B6000027A77EEA76AD7ED007A66EEA77A37EE4B
:107B7000275AD7ED037A37EEA77AD7ED027A27EEA8
:107B8000277AD7ED017A77EEA76AD7ED007A66EE0D
:107B9000A77A77EE274AD7ED037A37EEA77AD7EDA3
:107BA000037A67EE277AB7EE007A37EE677AD7ED79
:107BB000017A77EEA76AD7ED017A66EEA77A37EEFB
:107BC000672AD7ED027A37EEA77AD7ED017A27EE4A
:107BD000277AD7ED037A77EEA76AD7ED007A66EEBB
:107BE000A77A77EE672AD7ED037A37EEA77AD7ED33
:107BF000017A27EE277AD7ED027A77EEA76AD7EDDA
:107C0000007A66EEA77A37EE673AD7ED027A37EE5A
:107C1000A77AD7ED017A27EE277AD7ED037A77EEA8
:107C2000A76AD7ED007A66EEA77A77EE273AD7ED06
:107C3000037A37EEA77AD7ED037A67EE277AB7EEA5
:107C4000007A37EE677AD7ED027A77EEA76AD7ED3A
:107C5000027A66EEA77A77EE677AB0EE674AF0EEC0
:107C6000641AB0EE451AF0EE650AB0EE460A3869BD
:107C7000FFF70BFC07F11C039FED0F4ADFED0E3AF7
:107C8000BFEE003AF7EE002A9FED0B2ADFED0A1A4D
:107C90009FED091AFFEE000A9FED070A1846FFF74D
:107CA000F4FB07F11C031A4639693869FFF7E6FC53
:107CB00000BF4037BD4680BD0000000080B590B0D9
:107CC00000AF7861396187ED030AC7ED020A87EDDD
:107CD000011AC7ED001A07F11C03D7ED001A97ED42
:107CE000011AD7ED020A97ED030A19467869FFF7E2
:107CF000F9FEB7EE001ADFED090A9FED080A3869B0
:107D0000FFF73AFA07F11C031A4639693869FFF799
:107D100080FD00BF4037BD4680BD00BF00000000B1
:107D200080B582B000AF78607B681846FEF798FE99
:107D30007B6818460837BD4680BD0000B0B582B0EC
:107D400000AF78607B6803F5205300221A607A68E0
:107D5000174B134403241D46002C05DB2846FFF770
:107D6000DFFF2035013CF7E77A68124B13444FF0F0
:107D7000FF321A607A68104B134445221A607A6801
:107D80000E4B134444221A607A680D4B13444FF093
:107D9000FF321A607A680B4B134414221A60786819
:107DA00002F096FD7B6818460837BD46B0BD00BF9F
:107DB000A4AE010028AF01002CAF010030AF0100DC
:107DC0005CAF010060AF010080B584B000AF7860A7
:107DD00039607B685A683B681A447B685A600023A4
:107DE000FB60FB68032B0DDC7A68084B1344FA68D0
:107DF000520113441946786803F07AFCFB6801339A
:107E0000FB60EEE700BF1037BD4680BDA4AE0100A9
:107E10002DE9F0412DED088BC0B002AFF860B960DC
:107E20007A607B68013B40F20F22934202F2218587
:107E300001A151F823F000BF9B8701087986010852
:107E400073A8010873A8010873A8010873A80108A2
:107E500073A8010873A8010873A801083F870108E7
:107E60005987010873A8010873A8010873A80108BD
:107E700073A8010873A80108AD870108D987010814
:107E800073A8010871870108158801085588010841
:107E900095880108D7880108198901086D890108AA
:107EA00073A8010873A8010873A8010873A8010842
:107EB00073A8010873A8010873A8010873A8010832
:107EC00073A8010873A8010873A8010873A8010822
:107ED00073A80108358A01084F8A0108558A0108EC
:107EE000798A0108A78A0108AF8A0108E78A010890
:107EF00073A8010873A8010873A80108FF8A010884
:107F0000F78B0108958C0108378D0108B38D0108A6
:107F1000438E01089D8E01086D8B01082D8F01088D
:107F2000E18F0108E7910108099201083D920108DB
:107F300083920108DB920108E5920108EF920108A3
:107F40003D93010891930108919001082391010844
:107F500073A8010873A8010873A8010873A8010891
:107F600073A8010873A8010873A8010873A8010881
:107F700073A80108EF9301082F9401085B9401088E
:107F8000AF94010803950108439501088395010802
:107F900073A8010873A8010873A8010873A8010851
:107FA00073A8010873A8010873A8010873A8010841
:107FB00073A8010873A8010873A8010873A8010831
:107FC00073A80108C3950108059601080F960108DA
:107FD00073A8010873A8010873A8010873A8010811
:107FE00073A8010873A8010873A8010873A8010801
:107FF00073A8010873A8010873A8010873A80108F1
:1080000073A8010873A8010873A8010873A80108E0
:1080100073A8010873A8010873A8010873A80108D0
:1080200073A8010873A8010873A8010873A80108C0
:1080300073A8010873A8010873A8010873A80108B0
:1080400073A8010873A8010873A8010873A80108A0
:1080500073A8010873A8010873A8010873A8010890
:1080600073A8010873A8010873A8010873A8010880
:1080700073A8010873A8010873A8010873A8010870
:1080800073A8010873A8010873A801085196010894
:108090007D960108EB96010877970108FB97010888
:1080A000419801088798010873A8010873A801087E
:1080B00073A8010873A8010873A8010873A8010830
:1080C00073A8010873A8010873A8010873A8010820
:1080D00073A8010873A8010873A8010873A8010810
:1080E00073A8010873A8010873A8010873A8010800
:1080F00073A8010873A8010873A8010873A80108F0
:1081000073A8010873A8010873A8010873A80108DF
:1081100073A8010873A8010873A8010873A80108CF
:1081200073A8010873A8010873A8010873A80108BF
:1081300073A8010873A8010873A8010873A80108AF
:1081400073A8010873A8010873A8010873A801089F
:1081500073A801089B980108B198010873A8010849
:1081600073A8010873A8010873A8010873A801087F
:1081700073A8010873A8010873A8010873A801086F
:1081800073A8010873A8010873A8010873A801085F
:1081900073A8010873A8010873A8010873A801084F
:1081A00073A8010873A8010873A8010873A801083F
:1081B00073A8010873A8010873A8010873A801082F
:1081C00073A8010873A8010873A8010873A801081F
:1081D00073A8010873A8010873A8010873A801080F
:1081E00073A8010873A8010873A8010873A80108FF
:1081F00073A8010873A8010873A8010873A80108EF
:1082000073A8010873A8010873A8010873A80108DE
:1082100073A8010873A8010873A8010873A80108CE
:1082200073A8010873A8010873A8010873A80108BE
:1082300073A8010873A8010873A8010873A80108AE
:1082400073A8010873A8010873A8010873A801089E
:1082500073A8010873A8010873A8010873A801088E
:1082600073A8010873A8010873A8010873A801087E
:1082700073A8010873A8010873A8010873A801086E
:1082800073A8010873A8010873A8010873A801085E
:1082900073A8010873A8010873A8010873A801084E
:1082A00073A8010873A8010873A8010873A801083E
:1082B00073A8010873A8010873A8010873A801082E
:1082C00073A8010873A8010873A8010873A801081E
:1082D00073A8010873A8010873A8010873A801080E
:1082E00073A801086199010897990108CD990108BF
:1082F000359A0108B19F010837A00108DBA00108E9
:1083000073A8010873A8010873A8010873A80108DD
:1083100073A8010873A8010873A8010873A80108CD
:1083200073A8010873A8010873A8010873A80108BD
:1083300073A8010873A8010873A8010873A80108AD
:1083400073A8010873A8010873A8010873A801089D
:1083500073A8010873A8010873A8010873A801088D
:1083600073A8010873A8010873A8010873A801087D
:1083700073A8010873A8010873A8010873A801086D
:1083800073A8010873A8010873A8010873A801085D
:1083900073A8010873A8010873A8010873A801084D
:1083A00073A8010873A8010873A8010873A801083D
:1083B000BF9A0108F59A01082B9B0108619B0108EF
:1083C0006199010897990108AF9B0108E59B010895
:1083D0001B9C0108599C01088F9C0108C59C010841
:1083E000239D01086D9D0108A39D0108D99D0108E9
:1083F0003D9E01088F9E0108C59E0108FB9E010855
:10840000299F01085F9F010873A8010873A801084C
:1084100073A8010873A8010873A8010873A80108CC
:1084200073A8010873A8010873A8010873A80108BC
:1084300073A8010873A8010873A8010873A80108AC
:1084400073A8010873A8010873A8010873A801089C
:1084500073A8010873A8010873A8010873A801088C
:1084600073A8010873A8010873A8010873A801087C
:1084700073A8010873A8010873A8010873A801086C
:1084800073A8010873A8010873A8010873A801085C
:1084900073A8010873A8010873A8010873A801084C
:1084A00073A8010873A8010873A8010873A801083C
:1084B00073A8010873A8010873A8010873A801082C
:1084C00073A8010873A8010873A8010873A801081C
:1084D00073A8010873A8010873A8010873A801080C
:1084E00073A8010873A8010873A8010873A80108FC
:1084F00073A8010873A8010873A8010873A80108EC
:1085000073A8010873A8010873A8010873A80108DB
:1085100073A8010873A8010873A8010873A80108CB
:1085200073A8010873A8010873A8010873A80108BB
:1085300073A8010873A8010873A8010873A80108AB
:1085400073A8010873A8010873A8010873A801089B
:1085500073A8010873A8010873A8010873A801088B
:1085600073A8010873A8010873A8010873A801087B
:1085700073A8010873A8010873A8010873A801086B
:1085800073A8010873A8010873A8010873A801085B
:1085900073A8010873A8010873A8010873A801084B
:1085A00073A8010873A8010873A8010873A801083B
:1085B00073A8010873A8010873A8010873A801082B
:1085C00073A8010873A8010873A8010873A801081B
:1085D00073A8010873A8010873A8010873A801080B
:1085E00073A8010873A8010873A8010873A80108FB
:1085F00073A8010873A8010873A8010873A80108EB
:1086000073A801087FA10108E9A1010847A2010898
:10861000A5A2010827A3010873A8010873A80108EF
:1086200073A8010873A8010873A8010885A30108AD
:10863000DDA3010835A401088DA4010873A8010871
:1086400073A8010873A8010873A8010873A801089A
:1086500073A80108E5A40108DFA5010819A601080F
:1086600053A6010893A60108D3A6010831A7010863
:1086700089A70108E7A701080123C7F8F430D7F854
:10868000F430032B51DCFA68D7F8F43003F6755355
:108690005B01134404331B68002B40D1D7F8F4303E
:1086A00003F675535B01FA6813441C1DBB685B68D5
:1086B00001331A46B968F86802F0C0FC0146FB684D
:1086C00003F520531B681A462046FEF707FABB68DD
:1086D0005B681A46B968F86802F0B0FC0246FB68AD
:1086E00003F520531B689A1AFB6803F520531A60A0
:1086F000D7F8F43003F675535B01FA68134404337A
:108700001846FEF708FABB685B689A1CD7F8F43085
:10871000B968F86802F0AAF9002302F0ABB8D7F8FC
:10872000F4300133C7F8F430A9E7BB685B689A1CE2
:108730000023B968F86802F099F902F09AB8BB68AA
:108740005B681A46B968F86802F078FC0346184678
:10875000F7F7B0F802F08DB8BB685C68E8F73CFC4E
:1087600003462246B968F86802F080F902F081B841
:10877000BB685B685C1CBB685B681A46B968F868D4
:1087800002F05CFC0346002BB8BF5B422246B9688E
:10879000F86802F06BF902F06CB8BB685A680823FD
:1087A000B968F86802F062F902F063B8BB685B6808
:1087B0001A46B968F86802F041FC04460122B9681B
:1087C000F86802F03BFC0346E31A002BCCBF012300
:1087D0000023DBB202F04EB8BB685B685C1CBB6870
:1087E0005B681A46B968F86802F028FC0546012261
:1087F000B968F86802F022FC0346EB1A002BD4BFDC
:1088000001230023DBB22246B968F86802F02EF992
:1088100002F02FB8BB685B689C1CBB685B680133C7
:108820001A46B968F86802F009FC0546BB685B683F
:108830001A46B968F86802F001FC03461946284652
:10884000FEF77AF903462246B968F86802F00EF995
:1088500002F00FB8BB685B689C1CBB685B680133A7
:108860001A46B968F86802F0E9FB0546BB685B6820
:108870001A46B968F86802F0E1FB03461946284633
:10888000FEF76CF903462246B968F86802F0EEF884
:1088900001F0EFBFBB685B689C1CBB685B68013381
:1088A0001A46B968F86802F0C9FB03461D46BB6862
:1088B0005B681A46B968F86802F0C0FB03461946BF
:1088C0002846FEF7BCF903462246B968F86802F06C
:1088D000CDF801F0CEBFBB685B689C1CBB685B68D1
:1088E00001331A46B968F86802F0A8FB03461D4632
:1088F000BB685B681A46B968F86802F09FFB0346DC
:1089000019462846FEF7ADF903462246B968F868CD
:1089100002F0ACF801F0ADBFBB685B68DC1CBB6863
:108920005B6802331A46B968F86802F087FB0546AF
:10893000BB685B6801331A46B968F86802F07EFBD1
:108940000646BB685B681A46B968F86802F076FBB1
:1089500003461A4631462846FEF712F903462246D8
:10896000B968F86802F082F801F083BFBB685B6801
:1089700002331A46B968F86802F060FBF861BB6818
:108980005B6801331A46B968F86802F057FBC7F80C
:10899000F000BB685B681A46B968F86802F04EFBE5
:1089A000C7F8EC00D7F8EC30002B41F34B87D7F831
:1089B000EC20D7F8F0301344B3F5206F81F24287F2
:1089C000D7F8EC305A00FB691344AF4A934201F3E5
:1089D0003987F969F868FEF7B1F9C7F8E800D7F800
:1089E000EC305A1EC7F8EC20002B14BF01230023E3
:1089F000DBB2002B01F02687D7F8E8305A1CC7F805
:108A0000E8201B787B83D7F8E8305A1CC7F8E820A9
:108A10001B781B021AB27B8B13437B83D7F8F020A1
:108A2000531CC7F8F030B7F91A30B968F86802F08B
:108A30001DF8D4E7BB685B689C1C09F0D9FF0346AE
:108A40002246B968F86802F011F801F012BF01235C
:108A500001F010BFBB685B681A46B968F86802F09D
:108A6000EDFA0146FA68894B13441960F86801F081
:108A700009FF012301F0FEBEBB685B681A46B968B6
:108A8000F86802F0DBFA7862BB685B6801331A466B
:108A9000B968F86802F0D2FA3862796A386AF6F78B
:108AA000A1FB01F0E6BEE8F7EBFA01F0E2BEBB681D
:108AB0005B681A46B968F86802F0C0FAB862744A8E
:108AC000BB6A03F67143DB0013445A687049BB6A02
:108AD00003F67143DB000B449B6819461046F7F719
:108AE0005FFA01F0C6BEF7F771FAF862BB685A6820
:108AF000FB6AB968F86801F0B9FF01F0BABEBB685B
:108B00005B681A46B968F86802F098FAC7F8E4009A
:108B10000023C7F8E030D7F8E0301F2B01F394862C
:108B2000D7F8E430002B01F08F86D7F8E43003F05B
:108B30000103002B0FD0D7F8E0304FF41C7202FB7A
:108B400003F30833524A1344181D0023002247F64A
:108B5000FF71E8F70DF8D7F8E4305B10C7F8E430A0
:108B6000D7F8E0300133C7F8E030D4E7BB685B6882
:108B70001A46B968F86802F061FAC7F8DC00002309
:108B8000C7F8D830D7F8D8301F2B01F35F86D7F855
:108B9000DC30002B01F05A86D7F8DC3003F00103FB
:108BA000002B1DD0D7F8D8304FF41C7202FB03F312
:108BB0000833374A13441C1DD7F8D8304FF41C72C1
:108BC00002FB03F30833324A1344043301211846ED
:108BD000E8F738F80146002300222046E7F7C8FFEF
:108BE000D7F8DC305B10C7F8DC30D7F8D830013369
:108BF000C7F8D830C6E7BB685B6802331A46B96865
:108C0000F86802F01BFAC7F8D400BB685B68013350
:108C10001A46B968F86802F011FA7863BB685B68B5
:108C20001A46B968F86802F009FA38630023C7F8F1
:108C3000D030D7F8D0301F2B01F30A86D7F8D430C4
:108C4000002B01F00586D7F8D43003F00103002B88
:108C50000ED0D7F8D0304FF41C7202FB03F3083368
:108C60000B4A1344181D00233A6B796BE7F780FF1A
:108C7000D7F8D4305B10C7F8D430D7F8D0300133F0
:108C8000C7F8D030D5E700BF9F86010028AF0100AC
:108C9000E0F00124BB685B6803331A46B968F868E2
:108CA00002F0CCF9C7F8CC00BB685B6802331A4607
:108CB000B968F86802F0C2F93864BB685B680133D0
:108CC0001A46B968F86802F0B9F9F863BB685B68DE
:108CD0001A46B968F86802F0B1F9B8630023C7F81A
:108CE000C830D7F8C8301F2B01F3B485D7F8CC3083
:108CF000002B01F0AF85D7F8CC3003F00103002B37
:108D00000ED0D7F8C8304FF41C7202FB03F30833BF
:108D1000B24A1344181DBB6BFA6B396CE7F728FF96
:108D2000D7F8CC305B10C7F8CC30D7F8C830013357
:108D3000C7F8C830D5E7BB685B6801331A46B96825
:108D4000F86802F07BF9C7F8C400BB685B681A4694
:108D5000B968F86802F072F978640023C7F8C03087
:108D6000D7F8C0301F2B01F37785D7F8C430002B1C
:108D700001F07285D7F8C43003F00103002B0DD049
:108D8000D7F8C0304FF41C7202FB03F30833934A48
:108D900013440433796C1846EAF7DAF8D7F8C4308C
:108DA0005B10C7F8C430D7F8C0300133C7F8C03003
:108DB000D6E7BB685B6802331A46B968F86802F008
:108DC0003DF9C7F8BC00BB685B6801331A46B96857
:108DD000F86802F033F9F864BB685B681A46B96852
:108DE000F86802F02BF9B8640023C7F8B830D7F858
:108DF000B8301F2B01F33285D7F8BC30002B01F0BF
:108E00002D85D7F8BC3003F00103002B0ED0D7F826
:108E1000B8304FF41C7202FB03F308336F4A13445B
:108E20000433BA6CF96C1846EAF708F9D7F8BC3085
:108E30005B10C7F8BC30D7F8B8300133C7F8B8308A
:108E4000D5E7BB685B6802331A46B968F86802F078
:108E5000F5F803461846FEF73BFD03464FF41C7237
:108E600002FB03F308335D4A13441C1DBB685B68B7
:108E700001331A46B968F86802F0E0F80546BB68A5
:108E80005B681A46B968F86802F0D8F80246002311
:108E900029462046E7F76CFE01F0EBBCBB685B6837
:108EA00002331A46B968F86802F0C8F8C7F8B40087
:108EB000BB685B6801331A46B968F86802F0BEF80F
:108EC0007865BB685B681A46B968F86802F0B6F85E
:108ED00038650023C7F8B030D7F8B0301F2B01F346
:108EE000BF84D7F8B430002B01F0BA84D7F8B4307F
:108EF00003F00103002B0ED0D7F8B0304FF41C72F2
:108F000002FB03F30833354A1344181D00233A6D5E
:108F1000796DE7F743FED7F8B4305B10C7F8B4308B
:108F2000D7F8B0300133C7F8B030D5E7BB685B681D
:108F300003331A46B968F86802F080F8C7F8AC0045
:108F4000BB685B6802331A46B968F86802F076F8C5
:108F50003866BB685B6801331A46B968F86802F086
:108F60006DF8F865BB685B681A46B968F86802F086
:108F700065F8B8650023C7F8A830D7F8A8301F2BCC
:108F800001F37084D7F8AC30002B01F06B84D7F874
:108F9000AC3003F00103002B15D0D7F8A8304FF404
:108FA0001C7202FB03F308330C4A13441C1D3B6E76
:108FB0001DB2B96DF868FDF7B0FE0246FB6D29469B
:108FC0002046EAF71BF9D7F8AC305B10C7F8AC3095
:108FD000D7F8A8300133C7F8A830CEE7E0F0012475
:108FE000BB685B6803331A46B968F86802F026F874
:108FF000C7F8A400BB685B6802331A46B968F86812
:1090000002F01CF8F866BB685B6801331A46B96861
:10901000F86802F013F8B866BB685B681A46B9686E
:10902000F86802F00BF878660023C7F8A030D7F88C
:10903000A0301F2B01F31884D7F8A430002B01F0C7
:109040001384D7F8A43003F00103002B15D0D7F810
:10905000A0304FF41C7202FB03F30833B44A1344EC
:109060001C1DFB6E1DB2796EF868FDF767FE0246A7
:10907000BB6E29462046EAF718F9D7F8A4305B10F2
:10908000C7F8A430D7F8A0300133C7F8A030CEE736
:10909000BB685B6802331A46B968F86801F0CEFF16
:1090A000C7F89C00BB685B6801331A46B968F8686A
:1090B00001F0C4FF7867BB685B681A46B968F86856
:1090C00001F0BCFF38670023C7F89830D7F8983014
:1090D0001F2B01F3CB83D7F89C30002B01F0C68304
:1090E000D7F89C3003F00103002B0FD0D7F898304D
:1090F0004FF41C7202FB03F308338D4A134404330C
:109100007A6F11B23A6F1846EAF72CF8D7F89C300C
:109110005B10C7F89C30D7F898300133C7F8983007
:10912000D4E7BB685B6802331A46B968F86801F097
:1091300085FFC7F89400BB685B6801331A46B968BD
:10914000F86801F07BFFC7F88000BB685B681A46CF
:10915000B968F86801F072FFF8670023C7F890302B
:10916000D7F890301F2B01F38383D7F89430002B6E
:1091700001F07E83D7F8943003F00103002B27D051
:10918000D7F890304FF41C7202FB03F3694A134482
:10919000BB670023C7F88C30D7F88C20FB6F9A424E
:1091A00016DAD7F88020D7F88C3013441A46B968FD
:1091B000F86801F043FF03461BB201221946B86F5D
:1091C000E9F7D0FFD7F88C300133C7F88C30E3E7EC
:1091D000D7F894305B10C7F89430D7F8903001334B
:1091E000C7F89030BCE7BB685B681A46B968F86896
:1091F00001F024FF014600230093002300224E4883
:1092000004F0D1FD01F035BBBB685B6801331A4641
:10921000B968F86801F012FF0446BB685B681A463B
:10922000B968F86801F00AFF0246002300930023A2
:109230002146414804F0B7FD01F01BBBBB685B68E9
:1092400002331A46B968F86801F0F8FE0446BB68B4
:109250005B6801331A46B968F86801F0EFFE05460D
:10926000BB685B681A46B968F86801F0E7FE034618
:10927000002200922A4621462F4804F094FD01F076
:10928000F8BABB685B6803331A46B968F86801F03E
:10929000D5FE0446BB685B6802331A46B968F868B5
:1092A00001F0CCFE0546BB685B6801331A46B9681D
:1092B000F86801F0C3FE0646BB685B681A46B968E9
:1092C000F86801F0BBFE0346009333462A46214668
:1092D000194804F068FD01F0CCBA174804F08CFD81
:1092E00001F0C7BA144804F098FD01F0C2BABB6897
:1092F0005B689C1CBB685B6801331A46B968F868F8
:1093000001F09CFE0546BB685B681A46B968F868C0
:1093100001F094FE034619462846E9F7D1F90346C1
:109320002246B968F86801F0A1FB01F0A2BA00BFBB
:10933000E0F00124ECF001243C020024BB685B68EF
:10934000DC1CBB685B6802331A46B968F86801F038
:1093500075FE0546BB685B6801331A46B968F86854
:1093600001F06CFE0646BB685B681A46B968F8688F
:1093700001F064FE03461A4631462846E9F7F8F93B
:1093800003462246B968F86801F070FB01F071BA33
:10939000BB685B68DC1CBB685B6802331A46B96853
:1093A000F86801F04BFE0546BB685B6801331A465E
:1093B000B968F86801F042FE0646BB685B681A4669
:1093C000B968F86801F03AFE03461946F868FDF7F7
:1093D0000AFD03461A4631462846E9F721FA0346B4
:1093E0002246B968F86801F041FB01F042BABB6857
:1093F0005B689C1CBB685B6801331A46B968F868F7
:1094000001F01CFE0546BB685B681A46B968F8683F
:1094100001F014FE03461946284606F053F90346A8
:109420002246B968F86801F021FB01F022BABB6856
:109430005B685C1CBB685B681A46B968F86801F039
:10944000FDFD0346184606F067F903462246B96853
:10945000F86801F00BFB01F00CBABB685B68DC1C20
:10946000BB685B6802331A46B968F86801F0E6FD2C
:109470000546BB685B6801331A46B968F86801F0B5
:10948000DDFD0646BB685B681A46B968F86801F0FE
:10949000D5FD03461A463146284606F089F90346AB
:1094A0002246B968F86801F0E1FA01F0E2B9BB6858
:1094B0005B68DC1CBB685B6802331A46B968F868F5
:1094C00001F0BCFD0546BB685B6801331A46B9680C
:1094D000F86801F0B3FD0646BB685B681A46B968D8
:1094E000F86801F0ABFD03461A463146284606F0FF
:1094F0007DF903462246B968F86801F0B7FA01F031
:10950000B8B9BB685B689C1CBB685B6801331A46D2
:10951000B968F86801F092FD0546BB685B681A46B9
:10952000B968F86801F08AFD03461946284606F036
:109530006FF903462246B968F86801F097FA01F01E
:1095400098B9BB685B689C1CBB685B6801331A46B2
:10955000B968F86801F072FD0546BB685B681A4699
:10956000B968F86801F06AFD03461946284606F016
:1095700063F903462246B968F86801F077FA01F00A
:1095800078B9BB685B689C1CBB685B6801331A4692
:10959000B968F86801F052FD0546BB685B681A4679
:1095A000B968F86801F04AFD03461946284606F0F6
:1095B00057F903462246B968F86801F057FA01F0F6
:1095C00058B9BB685B6802331A46B968F86801F09D
:1095D00035FD0446BB685B6801331A46B968F86814
:1095E00001F02CFD0546BB685B681A46B968F8684F
:1095F00001F024FD03462A462146AA4805F003FF50
:1096000001F037B9A74806F02FF801F032B9BB686E
:109610005B6802331A46B968F86801F00FFD04462A
:10962000BB685B6801331A46B968F86801F006FD4B
:109630000546BB685B681A46B968F86801F0FEFC2D
:1096400003462A462146974805F071FF01F011B9FB
:10965000BB685B685C1CBB685B681A46B968F868E5
:1096600001F0ECFC03461846FDF7A4FC0346224635
:10967000B968F86801F0FAF901F0FBB8BB685B68FB
:10968000DC1CBB685B6802331A46B968F86801F0F5
:10969000D5FC03461846FEF71BF903464FF41C722F
:1096A00002FB03F30833804A13441D1DBB685B684B
:1096B00001331A46B968F86801F0C0FC03461EB2CF
:1096C000BB685B681A46B968F86801F0B7FC0346E6
:1096D0001A4631462846E9F745FD03462246B96851
:1096E000F86801F0C3F901F0C4B8BB685B681D1DE0
:1096F000BB685B6803331A46B968F86801F09EFCE2
:1097000003461846FEF7E4F803464FF41C7202FBCA
:1097100003F30833644A13441E1DBB685B680233BD
:109720001A46B968F86801F089FC03460FFA83F815
:10973000FB6842F604041C44BB685B6801331A46AC
:10974000B968F86801F07AFC03461C44BB685B68A2
:109750001A46B968F86801F071FC03462246414692
:109760003046E9F74BFD03462A46B968F86801F030
:109770007DF901F07EB8BB685B681C1DBB685B6847
:1097800003331A46B968F86801F058FC03461846D6
:10979000FEF79EF803464FF41C7202FB03F30833F6
:1097A000414A13441D1DBB685B6802331A46B96801
:1097B000F86801F043FC03461EB2BB685B680133E6
:1097C0001A46B968F86801F039FC03460FFA83F8C5
:1097D000BB685B681A46B968F86801F02FFC03465D
:1097E000424631462846E9F7C1FD03462246B9689C
:1097F000F86801F03BF901F03CB8BB685B685C1CA1
:10980000BB685B6801331A46B968F86801F016FC5A
:1098100003461846FEF75CF803464FF41C7202FB41
:1098200003F30833204A134404331846FEF722F8A2
:1098300003462246B968F86801F018F901F019B832
:10984000BB685B685C1CBB685B6801331A46B9681F
:10985000F86801F0F3FB03461846FEF739F80346B3
:109860004FF41C7202FB03F308330F4A1344043312
:109870001846FEF70EF803462246B968F86801F06C
:10988000F5F800F0F6BFBB685A684FF48073B9680A
:10989000F86801F0EBF800F0ECBF044804F052FB6C
:1098A00000F0E7BFB87A0224E0F00124087B02242C
:1098B000BB685B6806331A46B968F868FDF7B8FA02
:1098C000B0EE408ABB685B6805331A46B968F86831
:1098D000FDF7AEFAF0EE408ABB685B6804331A46C7
:1098E000B968F868FDF7A4FAB0EE409ABB685B6807
:1098F00003331A46B968F868FDF79AFAF0EE409A11
:10990000BB685B6802331A46B968F868FDF790FADD
:10991000B0EE40AABB685B6801331A46B968F868C4
:10992000FDF786FAF0EE40AABB685B681A46B96894
:10993000F868FDF77DFAF0EE407AB0EE673AF0EEA7
:109940006A2AB0EE4A2AF0EE691AB0EE491AF0EE31
:10995000680AB0EE480ABE4804F0FEFA00F089BF7B
:10996000BB685B685C1CBB685B681A46B968F868D2
:10997000FDF75EFAF0EE407AB0EE670A06F028FDD9
:10998000F0EE407AB0EE670A2246B968F868FDF753
:1099900039FA00F06EBFBB685B685C1CBB685B6833
:1099A0001A46B968F868FDF743FAF0EE407AB0EE6F
:1099B000670A07F025FBF0EE407AB0EE670A224610
:1099C000B968F868FDF71EFA00F053BFBB685B6822
:1099D00003331A46B968F868FDF72AFAB0EE408AF0
:1099E000BB685B6802331A46B968F868FDF720FA6D
:1099F000F0EE408ABB685B6801331A46B968F868C4
:109A0000FDF716FAB0EE409ABB685B681A46B96873
:109A1000F868FDF70DFAF0EE407AF0EE671AB0EE56
:109A2000491AF0EE680AB0EE480AF868FDF78AFFB6
:109A300000F01FBF40F60C22B968F86801F0FEFA8A
:109A400007EE900AF8EEE77A9FED827A87EE878A32
:109A500040F60D22B968F86801F0F0FA07EE900AB6
:109A6000F8EEE77A9FED7B7AC7EE878A40F60E2202
:109A7000B968F86801F0E2FA07EE900AF8EEE77AC2
:109A80009FED747A87EE879A40F60F22B968F868DE
:109A900001F0D4FA07EE900AF8EEE77ADFED6D6A8E
:109AA00087EEA67AF0EE471AB0EE491AF0EE680A91
:109AB000B0EE480AF868FDF745FF00F0DABEBB6873
:109AC0005B685C1CBB685B681A46B968F868FDF7A0
:109AD000AFF9F0EE407AB0EE670A07F031FBF0EE36
:109AE000407AB0EE670A2246B968F868FDF78AF94D
:109AF00000F0BFBEBB685B685C1CBB685B681A4655
:109B0000B968F868FDF794F9F0EE407AB0EE670AAC
:109B100007F048FBF0EE407AB0EE670A2246B968DB
:109B2000F868FDF76FF900F0A4BEBB685B685C1CC9
:109B3000BB685B681A46B968F868FDF779F9F0EE1A
:109B4000407AB0EE670A06F01FFDF0EE407AB0EE04
:109B5000670A2246B968F868FDF754F900F089BE33
:109B6000BB685B689C1CBB685B6801331A46B968BC
:109B7000F868FDF75DF9B0EE408ABB685B681A468D
:109B8000B968F868FDF754F9F0EE407AF0EE670A2C
:109B9000B0EE480A07F038FBF0EE407AB0EE670A04
:109BA0002246B968F868FDF72DF900F062BEBB687F
:109BB0005B685C1CBB685B681A46B968F868FDF7AF
:109BC00037F9F0EE407AB0EE670A07F075F9F0EE7B
:109BD000407AB0EE670A2246B968F868FDF712F9D4
:109BE00000F047BEBB685B685C1CBB685B681A46DC
:109BF000B968F868FDF71CF9F0EE407AB0EE670A34
:109C000007F004FBF0EE407AB0EE670A2246B9682E
:109C1000F868FDF7F7F800F02CBEBB685B685C1CC9
:109C2000BB685B681A46B968F868FDF701F9F0EEA1
:109C3000407AB0EE670A07F07BFBF0EE407AB0EEB8
:109C4000670A2246B968F868FDF7DCF800F011BE33
:109C5000087B022400008046BB685B685C1CBB6814
:109C60005B681A46B968F868FDF7E2F8F0EE407AEA
:109C7000B0EE670A07F048F9F0EE407AB0EE670AF6
:109C80002246B968F868FDF7BDF800F0F2BDBB6880
:109C90005B685C1CBB685B681A46B968F868FDF7CE
:109CA000C7F8F0EE407AB0EE670A06F083FDF0EEFA
:109CB000407AB0EE670A2246B968F868FDF7A2F864
:109CC00000F0D7BDBB685B681A46B968F86801F058
:109CD000B5F9C7F88400BB685B689C1CBB685B680F
:109CE00001331A46B968F868FDF7A2F8F0EE407A39
:109CF00007F114031846B0EE670A06F01BFEF0EEFB
:109D0000407AB0EE670A2246B968F868FDF77AF83B
:109D10007B69D7F88420B968F86800F0A7FE00F0E6
:109D2000A8BDBB685B689C1CBB685B6801331A46B6
:109D3000B968F868FDF77CF8B0EE408ABB685B68EC
:109D40001A46B968F86801F079F903461846B0EE8A
:109D5000480A06F015FEF0EE407AB0EE670A224699
:109D6000B968F868FDF74EF800F083BDBB685B6822
:109D70005C1CBB685B681A46B968F868FDF758F860
:109D8000F0EE407AB0EE670A06F020FEF0EE407A80
:109D9000B0EE670A2246B968F868FDF733F800F0BC
:109DA00068BDBB685B685C1CBB685B681A46B968C9
:109DB000F868FDF73DF8F0EE407AB0EE670A07F07C
:109DC00081FAF0EE407AB0EE670A2246B968F86888
:109DD000FDF718F800F04DBDBB685B681A46B9681E
:109DE000F86801F02BF9C7F88800BB685B689C1C19
:109DF000BB685B6801331A46B968F868FDF718F864
:109E0000F0EE407A07F110031846B0EE670A06F04C
:109E100043FEF0EE407AB0EE670A2246B968F86871
:109E2000FCF7F0FFD7ED047AB0EE670AD7F8882088
:109E3000B968F868FCF7E6FF00F01BBDBB685B681B
:109E40009C1CBB685B6801331A46B968F868FCF76C
:109E5000EFFFB0EE408ABB685B681A46B968F868E5
:109E600001F0ECF807EE900AF8EEE77AF0EE670AF8
:109E7000B0EE480A06F04CFEF0EE407AB0EE670A0B
:109E80002246B968F868FCF7BDFF00F0F2BCBB6879
:109E90005B685C1CBB685B681A46B968F868FCF7CD
:109EA000C7FFF0EE407AB0EE670A07F071FAF0EE05
:109EB000407AB0EE670A2246B968F868FCF7A2FF5C
:109EC00000F0D7BCBB685B685C1CBB685B681A466B
:109ED000B968F868FCF7ACFFF0EE407AB0EE670ABC
:109EE00006F026FCF0EE407AB0EE670A2246B9682A
:109EF000F868FCF787FF00F0BCBCBB685B685C1CC3
:109F0000BB685B681A46B968F868FCF791FFF0EE29
:109F1000407AF0EEE77AB0EE670A2246B968F86850
:109F2000FCF770FF00F0A5BCBB685B685C1CBB68FD
:109F30005B681A46B968F868FCF77AFFF0EE407A79
:109F4000B0EE670A06F0B4FCF0EE407AB0EE670AB5
:109F50002246B968F868FCF755FF00F08ABCBB6878
:109F60005B689C1CBB685B6801331A46B968F8687B
:109F7000FCF75EFFB0EE408ABB685B681A46B968C2
:109F8000F86801F05BF807EE900AF8EEE77AF0EE79
:109F9000670AB0EE480A07F069F9F0EE407AB0EED1
:109FA000670A2246B968F868FCF72CFF00F061BC2C
:109FB000BB685B6804331A46B968F86801F03EF87C
:109FC00003461946F868FCF749FF0446BB685B681E
:109FD00003331A46B968F868FCF72AFFB0EE408AE6
:109FE000BB685B6802331A46B968F868FCF720FF63
:109FF000F0EE408ABB685B6801331A46B968F868BE
:10A00000FCF716FFB0EE409ABB685B681A46B96869
:10A01000F868FCF70DFFF0EE407AF0EE671AB0EE4C
:10A02000491AF0EE680AB0EE480A2146F868FDF7D2
:10A0300059FD00F01EBCBB685B681A46B968F86839
:10A0400000F0FCFF03461946F868FCF707FF0446DA
:10A0500040F60C22B968F86800F0F0FF07EE900AAD
:10A06000F8EEE77A9FEDC67A87EE878A40F60D22F2
:10A07000B968F86800F0E2FF07EE900AF8EEE77AB8
:10A080009FEDBF7AC7EE878A40F60E22B968F8685E
:10A0900000F0D4FF07EE900AF8EEE77A9FEDB87A69
:10A0A00087EE879A40F60F22B968F86800F0C6FF7D
:10A0B00007EE900AF8EEE77ADFEDB16A87EEA67A4E
:10A0C000F0EE471AB0EE491AF0EE680AB0EE480A10
:10A0D0002146F868FDF706FDCBE3BB685B681A46CE
:10A0E000B968F86800F0AAFF03461946F868FCF75B
:10A0F000B5FE044640F60C22B968F86800F09EFFF1
:10A1000007EE900AF8EEE77A9FED9D7A87EE878A50
:10A1100040F60D22B968F86800F090FF07EE900A4B
:10A12000F8EEE77A9FED967AC7EE878A40F60E2220
:10A13000B968F86800F082FF07EE900AF8EEE77A57
:10A140009FED8F7A87EE879A40F60F22B968F868FC
:10A1500000F074FF07EE900AF8EEE77ADFED886A08
:10A1600087EEA67AF0EE471AB0EE491AF0EE680ACA
:10A17000B0EE480A2146F868FDF7A0FD79E3BB6818
:10A180005B6803331A46B968F86800F057FF034666
:10A190001946F868FCF762FE0446BB685B68023348
:10A1A0001A46B968F868FCF743FEB0EE408ABB680F
:10A1B0005B6801331A46B968F868FCF739FEF0EEBF
:10A1C000408ABB685B681A46B968F868FCF730FEDD
:10A1D000F0EE407AB0EE671AF0EE680AB0EE480A88
:10A1E0002046FCF7C9FF44E3BB685B6802331A46AC
:10A1F000B968F86800F022FF03461946F868FCF7D2
:10A200002DFE0446BB685B6801331A46B968F868DE
:10A2100000F014FF03461946F868FCF71FFE0546D8
:10A22000BB685B681A46B968F86800F007FF034628
:10A230001946F868FCF712FE03461A4629462046DE
:10A24000FCF7B5FF15E3BB685B6802331A46B968D3
:10A25000F86800F0F3FE03461946F868FCF7FEFDC7
:10A260000446BB685B6801331A46B968F86800F0B9
:10A27000E5FE03461946F868FCF7F0FD0546BB68A5
:10A280005B681A46B968F86800F0D8FE03461946BC
:10A29000F868FCF7E3FD03461A4629462046FCF71A
:10A2A000B9FFE6E2BB685B681C1DBB685B680333F3
:10A2B0001A46B968F86800F0C1FE03461946F86806
:10A2C000FCF7CCFD0546BB685B6802331A46B968EB
:10A2D000F868FCF7ADFDB0EE408ABB685B680133FF
:10A2E0001A46B968F868FCF7A3FDF0EE408ABB682F
:10A2F0005B681A46B968F868FCF79AFDF0EE407A98
:10A30000B0EE671AF0EE680AB0EE480A2846FCF78D
:10A31000B4FFF0EE407AB0EE670A2246B968F868FA
:10A32000FCF770FDA5E2BB685B681C1DBB685B6841
:10A3300001331A46B968F86800F080FE03461946F2
:10A34000F868FCF78BFD0546BB685B681A46B96880
:10A35000F86800F073FE03461946F868FCF77EFDC6
:10A36000034619462846FCF7B4FFF0EE407AB0EEFB
:10A37000670A2246B968F868FCF744FD79E200BF35
:10A3800000008046BB685B6802331A46B968F8680B
:10A3900000F054FE03461946F868FCF75FFD0446DA
:10A3A000BB685B6801331A46B968F86800F046FE7E
:10A3B00003461946F868FCF751FD0546BB685B6823
:10A3C0001A46B968F868FCF733FDF0EE407AB0EE53
:10A3D000670A29462046FCF79CFF4AE2BB685B6897
:10A3E00002331A46B968F86800F028FE0346194699
:10A3F000F868FCF733FD0446BB685B6801331A4616
:10A40000B968F86800F01AFE03461946F868FCF7C8
:10A4100025FD0546BB685B681A46B968F868FCF715
:10A4200007FDF0EE407AB0EE670A29462046FCF7B9
:10A430009FFF1EE2BB685B6802331A46B968F86882
:10A4400000F0FCFD03461946F868FCF707FD0446DA
:10A45000BB685B6801331A46B968F86800F0EEFD26
:10A4600003461946F868FCF7F9FC0546BB685B68CB
:10A470001A46B968F868FCF7DBFCF0EE407AB0EEFB
:10A48000670A29462046FCF7A2FFF2E1BB685B6839
:10A4900002331A46B968F86800F0D0FD0346194641
:10A4A000F868FCF7DBFC0446BB685B6801331A46BE
:10A4B000B968F86800F0C2FD03461946F868FCF771
:10A4C000CDFC0546BB685B681A46B968F868FCF7BE
:10A4D000AFFCF0EE407AB0EE670A29462046FCF762
:10A4E000A5FFC6E1BB685B6809331A46B968F8681E
:10A4F00000F0A4FD03461946F868FCF7AFFC0446DB
:10A50000BB685B6808331A46B968F868FCF790FCCA
:10A51000B0EE408ABB685B6807331A46B968F868D2
:10A52000FCF786FCF0EE408ABB685B6806331A468F
:10A53000B968F868FCF77CFCB0EE409ABB685B68D1
:10A5400005331A46B968F868FCF772FCF0EE409AD9
:10A55000BB685B6804331A46B968F868FCF768FCA6
:10A56000B0EE40AABB685B6803331A46B968F86866
:10A57000FCF75EFCF0EE40AABB685B6802331A464B
:10A58000B968F868FCF754FCB0EE40BABB685B6889
:10A5900001331A46B968F868FCF74AFCF0EE40BA95
:10A5A000BB685B681A46B968F868FCF741FCF0EED6
:10A5B000407AB0EE674AF0EE6B3AB0EE4B3AF0EE0E
:10A5C0006A2AB0EE4A2AF0EE691AB0EE491AF0EEA5
:10A5D000680AB0EE480A2046FCF757FF49E1BB681D
:10A5E0005B6801331A46B968F86800F027FD034636
:10A5F0001946F868FCF732FC0446BB685B681A46EB
:10A60000B968F868FCF714FCF0EE407AB0EE670A1F
:10A610002046FCF779FF2CE1BB685B6801331A46E2
:10A62000B968F86800F00AFD03461946F868FCF7B7
:10A6300015FC0446BB685B681A46B968F868FCF705
:10A64000F7FBF0EE407AB0EE670A2046FCF77CFF9D
:10A650000FE1BB685B6801331A46B968F86800F01F
:10A66000EDFC03461946F868FCF7F8FB0446BB68A6
:10A670005B681A46B968F86800F0E0FC03461946C2
:10A68000F868FCF7EBFB034619462046FCF77EFF13
:10A69000EFE0BB685B6801331A46B968F86800F000
:10A6A000CDFC03461946F868FCF7D8FB0446BB68A6
:10A6B0005B681A46B968F86800F0C0FC03461946A2
:10A6C000F868FCF7CBFB034619462046FCF76CFF05
:10A6D000CFE0BB685B6802331A46B968F86800F0DF
:10A6E000ADFC03461946F868FCF7B8FB0446BB68A6
:10A6F0005B6801331A46B968F86800F09FFC0346AE
:10A700001946F868FCF7AAFB0546BB685B681A4661
:10A71000B968F86800F092FC03461946F868FCF73F
:10A720009DFB03461A4629462046FCF7A7FFA0E0FA
:10A73000BB685B6802331A46B968F86800F07EFCB3
:10A7400003461946F868FCF789FB0446BB685B685A
:10A7500001331A46B968F86800F070FC03461946E0
:10A76000F868FCF77BFB0546BB685B681A46B9686E
:10A77000F868FCF75DFBF0EE407AB0EE670A294618
:10A780002046FCF7EFFF74E0BB685B6802331A46B3
:10A79000B968F86800F052FC03461946F868FCF7FF
:10A7A0005DFB0446BB685B6801331A46B968F8680C
:10A7B00000F044FC03461946F868FCF74FFB0546D9
:10A7C000BB685B681A46B968F86800F037FC034656
:10A7D0001946F868FCF742FB03461A46294620460C
:10A7E000FCF7E6FF45E0BB685B6802331A46B968D0
:10A7F000F86800F023FC03461946F868FCF72EFBC6
:10A800000446BB685B6801331A46B968F86800F013
:10A8100015FC03461946F868FCF720FB0546BB68A3
:10A820005B681A46B968F86800F008FC03461946E8
:10A83000F868FCF713FB03461A4629462046FCF746
:10A84000E8FF16E000BF14E000BF12E000BF10E018
:10A8500000BF0EE000BF0CE000BF0AE000BF08E050
:10A8600000BF06E000BF04E000BF02E000BF00E060
:10A8700000BF00231846F837BD46BDEC088BBDE885
:10A88000F08100BF80B582B000AF78607A680E4B6F
:10A89000134480220021184607F0F8FF7B6803F577
:10A8A000205340F2FF321A607B684FF4805200213F
:10A8B000184607F0EBFF7A68044B134400221A6035
:10A8C00000BF0837BD4680BDA4AE010024AF010023
:10A8D00080B582B000AF78607B6803F580534FF499
:10A8E00000620021184607F0D1FF7A680E4B13442E
:10A8F0004FF0FF321A607A680C4B134445221A60FD
:10A900007A680B4B134444221A607A68094B13444B
:10A910004FF0FF321A607A68074B134414221A6012
:10A9200000BF0837BD4680BD28AF01002CAF010035
:10A9300030AF01005CAF010060AF010090B585B0A1
:10A9400000AF78600B46FB707868FFF79BFF786874
:10A95000FCF738FA01467A68424B134419607A686A
:10A96000404B13441B68002B77DD7868FCF7F7F940
:10A97000B8600023FB60BA68FB6813441A460021E4
:10A980007868FCF7C7FA0346002B14BF01230023A5
:10A99000DBB2002B1BD0BA68FB6813441A460021B7
:10A9A0007868FCF7B7FA0446BA68FB6813440333C7
:10A9B0001A4600217868FCF7D5FA034622460021A2
:10A9C000786800F053F8FB680733FB60D3E77868DA
:10A9D000FCF7D6F90346002B0BDD7868FCF7D0F9BD
:10A9E00001467A681F4B13441B68994201DA012320
:10A9F00000E00023002B30D07B681B4C1C4478689F
:10AA0000FCF7BEF901467B6803F520531B681A4624
:10AA10002046FCF763F8FB78002B06D07A68124BCF
:10AA200013441846FCF777F80AE07B680E48184490
:10AA30007A680C4B13441B681A460021E6F7C2F9EA
:10AA40007868FCF7AEF902467B6803F520531B6873
:10AA50009A1A7B6803F520531A6000BF1437BD466D
:10AA600090BD00BF24AF0100A4AE010080B586B048
:10AA700000AFF860B9607A603B607B68002B09DD4D
:10AA80007B68B3F5206F05DAFB687A68396843F8AC
:10AA90002210C8E27B6840F63122934258DD7B6881
:10AAA00040F6B142934253DC7B68A3F632237B60CD
:10AAB0007B68002B00DA0F331B117B617B691B0164
:10AAC0007A68D31A3B613B69002B09D13B6847F692
:10AAD000F972934204D1FA68C04B134400221A6001
:10AAE0007B694FF41C7202FB03F30833BC4A134426
:10AAF00004331846E6F779F80346002B04D03B6987
:10AB0000002B01D1012300E00023002B11D07B6931
:10AB10004FF41C7202FB03F30833B14A1344181DAF
:10AB2000FA68AE4B13441A6800233968E6F720F838
:10AB300079E27B694FF41C7202FB03F30833A84AE5
:10AB4000134404333A6839691846FCF7AEFE6AE2EA
:10AB50007B6840F62E22934200F3D4807B68B3F5E5
:10AB6000206F67DA54E27B68A3F6B2432E2B00F223
:10AB70004F8201A252F823F059AD010865AD0108DA
:10AB800071AD01087DAD010889AD010895AD0108E1
:10AB9000A1AD0108ADAD010811B0010811B0010867
:10ABA00011B0010811B0010811B0010811B001087D
:10ABB0002DAE010835AE01083DAE010845AE0108D5
:10ABC0004DAE010855AE01085DAE010865AE010845
:10ABD0006DAE010875AE01087DAE010885AE0108B5
:10ABE00097AE0108A9AE0108BBAE0108CDAE0108C1
:10ABF000DFAE0108F1AE010803AF010815AF01088F
:10AC000027AF010839AF01084BAF01085DAF01085C
:10AC10006FAF010881AF010893AF0108A5AF01082C
:10AC2000B7AF0108C9AF0108DBAF0108EDAF0108FC
:10AC3000FFAF01087B68A3F520632E2B00F2E881AB
:10AC400001A252F823F000BF21B0010821B0010891
:10AC500021B0010821B0010821B0010821B001088C
:10AC600021B0010821B0010821B0010821B001087C
:10AC700021B0010821B0010821B0010821B001086C
:10AC800021B0010821B0010821B0010821B001085C
:10AC900021B0010821B0010821B001081DAD010853
:10ACA00029AD010835AD010841AD01084DAD0108E0
:10ACB00011B0010811B0010811B0010811B001086C
:10ACC00011B0010811B0010811B0010811B001085C
:10ACD00011B0010811B0010811B0010811B001084C
:10ACE00011B0010811B0010811B0010811B001083C
:10ACF00011B00108B9AD0108C5AD0108D1AD010819
:10AD000021AE01087B68B3F54E6F00F381817B684B
:10AD100040F6B2429342BFF626AF79E1FA68314B72
:10AD200013443A681A607EE1FA682F4B13443A687C
:10AD30001A6078E1FA682D4B13443A681A6072E1A0
:10AD4000FA682B4B13443A681A606CE1FA68234B9B
:10AD500013443A681A6066E1FA68264B13443A686D
:10AD60001A6060E1FA68244B13443A681A605AE1A9
:10AD7000FA68224B13443A681A6054E1FA68204B8F
:10AD800013443A681A604EE1FA681E4B13443A685D
:10AD90001A6048E1FA681C4B13443A681A6042E1B1
:10ADA000FA681A4B13443A681A603CE1FA68184B87
:10ADB00013443A681A6036E1FA68164B13443A684D
:10ADC0001A6030E1FA68144B13443A681A602AE1B9
:10ADD000FA68124B13443A681A6024E160AF01002C
:10ADE000E0F001242CAF010030AF010034AF0100CE
:10ADF0005CAF01003CAF010040AF010044AF010077
:10AE000048AF01004CAF010050AF010054AF01004A
:10AE100058AF010070AF010074AF010078AF0100BE
:10AE2000FA68834B13443A681A60FCE0814A3B6835
:10AE30005362F8E07F4A3B689362F4E07D4A3B68E6
:10AE4000D362F0E07B4A3B681363ECE0794A3B68ED
:10AE50005363E8E0774A3B689363E4E0754A3B68F4
:10AE6000D363E0E0734A3B681364DCE0714A3B68FB
:10AE70005364D8E06F4A3B689364D4E06D4A3B6802
:10AE8000D364D0E03868FBF722FFF0EE407A6A4BDB
:10AE9000C3ED007AC7E03868FBF719FFF0EE407A9F
:10AEA000654BC3ED017ABEE03868FBF710FFF0EEAA
:10AEB000407A614BC3ED027AB5E03868FBF707FFD3
:10AEC000F0EE407A5C4BC3ED037AACE03868FBF7F8
:10AED000FEFEF0EE407A584BC3ED047AA3E03868EA
:10AEE000FBF7F5FEF0EE407A534BC3ED057A9AE09E
:10AEF0003868FBF7ECFEF0EE407A4F4BC3ED067A74
:10AF000091E03868FBF7E3FEF0EE407A4A4BC3ED80
:10AF1000077A88E03868FBF7DAFEF0EE407A464BB5
:10AF2000C3ED087A7FE03868FBF7D1FEF0EE407A97
:10AF3000414BC3ED097A76E03868FBF7C8FEF0EEC6
:10AF4000407A3D4BC3ED0A7A6DE03868FBF7BFFEEF
:10AF5000F0EE407A384BC3ED0B7A64E03868FBF7CB
:10AF6000B6FEF0EE407A344BC3ED0C7A5BE0386805
:10AF7000FBF7ADFEF0EE407A2F4BC3ED0D7A52E0B9
:10AF80003868FBF7A4FEF0EE407A2B4BC3ED0E7A47
:10AF900049E03868FBF79BFEF0EE407A264BC3EDA4
:10AFA0000F7A40E03868FBF792FEF0EE407A224BD1
:10AFB000C3ED107A37E03868FBF789FEF0EE407A8F
:10AFC0001D4BC3ED117A2EE03868FBF780FEF0EEE2
:10AFD000407A194BC3ED127A25E03868FBF777FE0B
:10AFE000F0EE407A144BC3ED137A1CE03868FBF79F
:10AFF0006EFEF0EE407A104BC3ED147A13E0386821
:10B00000FBF765FEF0EE407A0B4BC3ED157A0AE0D4
:10B01000BB68002B06D07968B868FBF73BFD01E000
:10B0200000BF00E000BF00BF1837BD4680BD00BFB5
:10B030007CAF0100B87A0224087B022480B586B078
:10B0400000AFF860B9607A607B68002B08DD7B6830
:10B05000B3F5206F04DAFB687A6853F822303FE3D7
:10B060007B6840F62E22934200F3E2807B68B3F5C2
:10B07000206F75DA04E37B68A3F6B243352B00F248
:10B08000FF8201A252F823F033B301083DB3010857
:10B0900047B3010851B301085BB3010865B3010868
:10B0A0006FB3010879B30108C9B30108D3B301082C
:10B0B000DDB30108E7B30108F1B30108FBB30108F0
:10B0C00005B401080BB4010811B4010817B4010854
:10B0D0001DB4010823B4010829B401082FB40108E4
:10B0E00035B401083BB4010841B4010847B4010874
:10B0F00059B401086BB401087DB401088FB401088C
:10B10000A1B40108B3B4010825B5010837B5010899
:10B1100049B501085BB501086DB501087FB50108A7
:10B1200091B50108A3B50108B5B50108C7B5010877
:10B13000D9B50108EBB50108FDB501080FB6010846
:10B1400021B6010833B6010845B601084FB601081B
:10B1500059B6010863B601086DB6010877B6010853
:10B160007B68A3F520632E2B00F28A8201A252F89D
:10B1700023F000BF4BB2010855B201085FB20108CD
:10B1800069B2010871B2010879B2010881B20108FF
:10B190008BB2010895B201089FB20108A7B201085D
:10B1A000AFB20108B7B20108BFB20108C7B20108C7
:10B1B000CFB20108D7B20108DFB20108E7B2010837
:10B1C000EFB20108F7B2010801B301080BB301089F
:10B1D00015B301081FB3010829B3010881B601089E
:10B1E00081B6010881B6010881B6010881B601085F
:10B1F00081B6010881B6010881B6010881B601084F
:10B2000081B6010881B6010881B6010881B601083E
:10B2100081B60108ABB30108B5B30108BFB301089B
:10B2200083B301088DB3010897B30108A1B30108E6
:10B230007B6840F6E742934200F322827B6840F647
:10B24000B2429342BFF617AF1AE29E48E5F7A0FE5E
:10B25000034645E29B48E5F7A7FE034640E29948CE
:10B26000E5F7AEFE03463BE2964BB3F9543037E2C6
:10B27000944BB3F9563033E2924BB3F958302FE286
:10B280009048FCF73AFB03462AE28E48FCF741FB64
:10B29000034625E28B48FCF748FB034620E2894B36
:10B2A000B3F950311CE2874BB3F9523118E2854BA8
:10B2B000B3F9543114E2834BB3F9443010E2814BBB
:10B2C000B3F946300CE27F4BB3F9483008E27D4BCE
:10B2D000B3F94A3004E27B4BB3F94C3000E2794BCE
:10B2E000D3F84031FCE1774BD3F84431F8E1754BAA
:10B2F000D3F84831F4E1FA68734B13441B68EFE16B
:10B30000FA68724B13441B68EAE1FA68704B134405
:10B310001B68E5E1FA686F4B13441B68E0E1FA68CB
:10B320006D4B13441B68DBE1FA686C4B13441B68DC
:10B33000D6E1FA686A4B13441B68D1E1FA68694B9D
:10B3400013441B68CCE1FA68674B13441B68C7E1E0
:10B35000FA68664B13441B68C2E1FA68644B1344F5
:10B360001B68BDE1FA68634B13441B68B8E1FA68D7
:10B37000614B13441B68B3E1FA68604B13441B68CC
:10B38000AEE1FA685E4B13441B68A9E1FA685D4BB5
:10B3900013441B68A4E1FA685B4B13441B689FE1EC
:10B3A000FA685A4B13441B689AE1FA68584B1344E5
:10B3B0001B6895E1FA68574B13441B6890E1FA68E3
:10B3C000554B13441B688BE15448FBF711FE0346B1
:10B3D00086E15248FBF724FE034681E14F48FBF724
:10B3E00013FE03467CE14D48FBF726FE034677E15A
:10B3F0004A48FBF72DFE034672E14848FBF734FE4E
:10B4000003466DE1454B5B6A6AE1444B9B6A67E129
:10B41000424BDB6A64E1414B1B6B61E13F4B5B6B71
:10B420005EE13E4B9B6B5BE13C4BDB6B58E13B4B86
:10B430001B6C55E1394B5B6C52E1384B9B6C4FE117
:10B44000364BDB6C4CE1364BD3ED007AB0EE670A3D
:10B45000FBF750FC034643E1314BD3ED017AB0EEEC
:10B46000670AFBF747FC03463AE12D4BD3ED027A1E
:10B47000B0EE670AFBF73EFC034631E1284BD3ED03
:10B48000037AB0EE670AFBF735FC034628E1244B4C
:10B49000D3ED047AB0EE670AFBF72CFC03461FE1FC
:10B4A0001F4BD3ED057AB0EE670AFBF723FC03468A
:10B4B00016E11B4BD3ED067AB0EE670AFBF71AFCD8
:10B4C00003460DE18061022438AF01002CAF01007A
:10B4D00030AF010034AF01005CAF010060AF01008C
:10B4E0003CAF010040AF010044AF010048AF010094
:10B4F0004CAF010050AF010054AF010058AF010044
:10B5000070AF010074AF010078AF01007CAF0100A3
:10B5100064AF010068AF01006CAF0100B87A02248B
:10B52000087B0224704BD3ED077AB0EE670AFBF775
:10B53000E1FB0346D4E06C4BD3ED087AB0EE670A2A
:10B54000FBF7D8FB0346CBE0674BD3ED097AB0EEAF
:10B55000670AFBF7CFFB0346C2E0634BD3ED0A7AE1
:10B56000B0EE670AFBF7C6FB0346B9E05E4BD3EDCE
:10B570000B7AB0EE670AFBF7BDFB0346B0E05A4B0F
:10B58000D3ED0C7AB0EE670AFBF7B4FB0346A7E0F5
:10B59000554BD3ED0D7AB0EE670AFBF7ABFB0346D4
:10B5A0009EE0514BD3ED0E7AB0EE670AFBF7A2FB9B
:10B5B000034695E04C4BD3ED0F7AB0EE670AFBF7EC
:10B5C00099FB03468CE0484BD3ED107AB0EE670A46
:10B5D000FBF790FB034683E0434BD3ED117AB0EECB
:10B5E000670AFBF787FB03467AE03F4BD3ED127AFD
:10B5F000B0EE670AFBF77EFB034671E03A4BD3EDF2
:10B60000137AB0EE670AFBF775FB034668E0364B2A
:10B61000D3ED147AB0EE670AFBF76CFB03465FE0EC
:10B62000314BD3ED157AB0EE670AFBF763FB0346A7
:10B6300056E02D4B93F87030002B01D001234FE0E2
:10B6400000234DE02848FBF737FD034648E0264835
:10B65000FBF742FD034643E02348FBF74DFD03465D
:10B660003EE02148FBF758FD034639E01E48FBF752
:10B6700063FD034634E01C48FBF76EFD03462FE0F4
:10B680007B6840F63122934222DD7B6840F6B1426E
:10B6900093421DDC7B68A3F632237B607B68002B22
:10B6A00000DA0F331B117B617B691B017A68D31AA7
:10B6B0003B617B694FF41C7202FB03F308330B4AB6
:10B6C0001344043339691846E5F7BCFA034607E02A
:10B6D000BB68002B03D07968B868FBF7DBF900235F
:10B6E00018461837BD4680BD087B0224E0F00124CF
:10B6F000B0B52DED028B92B000AF786039600023B9
:10B700003B643868E5F777FB0346002B08D03B6CB9
:10B710005A1C3A6442F20F72934201DC012300E0AA
:10B720000023002B02F0C7823B681B68002B07DB5D
:10B730003B681A687968C64B0B441B689A4205DB64
:10B7400001213868FBF7B8F902F0B5BA3B681B680D
:10B750007A681A4442F6040313441B787E2BD0D82F
:10B7600001A252F823F000BF65B901086FB90108C2
:10B77000A7B90108CDB90108F3B90108FDBA01085C
:10B780002BBB010859BB010887BB0108B5BB0108E9
:10B7900019BA010855BA01088DBA0108C5BA0108DD
:10B7A000F5BB0108A7BD0108DFBD01086FBE010898
:10B7B000D3BE01085DBF0108A1BF010833BC010869
:10B7C00077BC0108E7BC010831BD0108D3C00108FE
:10B7D000EBC0010803C101081BC1010833C1010806
:10B7E0004BC1010863C101087BC1010893C1010875
:10B7F000ABC10108C5C10108EFC101081BC00108A8
:10B8000061C0010819C2010865C20108B1C201087E
:10B81000FDC2010849C3010895C30108E3C301083B
:10B8200031C4010885C40108D9C401082DC5010827
:10B8300081C50108D5C5010829C6010877C60108D8
:10B84000D1C6010833C7010869C7010897C70108B5
:10B85000C5C70108F1C701081BC8010833C80108A2
:10B860004BC8010863C801087BC8010893C80108D8
:10B87000ABC80108C3C80108DBC8010829C9010811
:10B8800089C90108D7C9010837CA01088DCA01084A
:10B89000FDCA010853CB0108C3CB010821CC010824
:10B8A00091CC0108EFCC01085FCD010879CD0108EA
:10B8B000C5CD010815CE010861CE0108B1CE010841
:10B8C000BFCE0108CDCE010833CF010893CF0108C8
:10B8D000E1CF01082FD001087FD00108CFD00108A7
:10B8E00005D101083BD1010891D10108EBD1010834
:10B8F00045D201089BD20108F5D201084FD30108B7
:10B90000A5D30108FFD3010859D40108C3D4010805
:10B9100033D50108D5D5010831D6010891D60108E3
:10B92000F5D6010851D70108B1D7010811D801088F
:10B930006DD80108CDD801082DD9010889D9010891
:10B94000E9D9010849DA0108A5DA010805DB01088F
:10B9500065DB0108C1DB010821DC0108A1D5010874
:10B9600003B701083B6800221A6102F0A2B93B68E4
:10B970005B685C1E3B685B681A4639687868FFF74D
:10B980005DFB0346224639687868FFF76FF83B682D
:10B990005B685A1E3B685A603B681B685A1C3B68D0
:10B9A0001A6002F086B93B685B685A1E3B685A60B1
:10B9B0003B685A68002339687868FFF757F83B6896
:10B9C0001B685A1C3B681A6002F073B93B685B68DD
:10B9D0005A1E3B685A603B685A6801233968786888
:10B9E000FFF744F83B681B685A1C3B681A6002F07A
:10B9F00060B93B685B685A1E3B685A603B685A688E
:10BA0000022339687868FFF731F83B681B685A1CD5
:10BA10003B681A6002F04DB93B685B685A1E3B6890
:10BA20005A603B685C683B681B6801331A4639689A
:10BA30007868FBF723FA0346224639687868FFF7EF
:10BA400015F83B681B689A1C3B681A6002F031B914
:10BA500024AF01003B685B685A1E3B685A603B6834
:10BA60005C683B681B6801331A4639687868FBF7E5
:10BA700029FA0346224639687868FEF7F7FF3B68E3
:10BA80001B68DA1C3B681A6002F013B93B685B68FC
:10BA90005A1E3B685A603B685C683B681B68013310
:10BAA0001A4639687868FBF735FA03462246396842
:10BAB0007868FEF7DBFF3B681B681A1D3B681A605D
:10BAC00002F0F7B83B685B685A1E3B685A603B68F7
:10BAD0005C683B681B6801331A4639687868FBF775
:10BAE00041FA0346224639687868FEF7BFFF3B6893
:10BAF0001B685A1D3B681A6002F0DBB83B685C6843
:10BB00003B685B681A4639687868FFF797FA03461E
:10BB10000133224639687868FEF7A8FF3B681B6846
:10BB20005A1C3B681A6002F0C4B83B685C683B680A
:10BB30005B681A4639687868FFF780FA0346023373
:10BB4000224639687868FEF791FF3B681B685A1CEB
:10BB50003B681A6002F0ADB83B685C683B685B68A4
:10BB60001A4639687868FFF769FA034603332246B4
:10BB700039687868FEF77AFF3B681B685A1C3B6897
:10BB80001A6002F096B83B685C683B685B681A46CE
:10BB900039687868FFF752FA034604332246396859
:10BBA0007868FEF763FF3B681B685A1C3B681A60A5
:10BBB00002F07FB83B685C683B685B681A4639688E
:10BBC0007868FFF73BFA05463B681B6801331A4665
:10BBD00039687868FBF752F903462B4422463968E6
:10BBE0007868FEF743FF3B681B689A1C3B681A6045
:10BBF00002F05FB83B685B685A1E3B685A603B685E
:10BC00005D683B689C683B681B6801331A4639686D
:10BC10007868FBF733F9034623442A463968786885
:10BC2000FEF724FF3B681B689A1C3B681A6002F011
:10BC300040B83B685B685A1E3B685A603B685C686A
:10BC40003B681B6801331A4639687868FBF73AF994
:10BC500003461A4639687868FFF7F0F9034622462A
:10BC600039687868FEF702FF3B681B68DA1C3B689E
:10BC70001A6002F01EB83B681B6801331A46396827
:10BC80007868FBF71FF978643B681B6803331A4632
:10BC900039687868FBF7F2F8B861BB69013BBB63B0
:10BCA000BB6B002B18DB3B685B685A1E3B685A6015
:10BCB0003B685C687A6CBB6B13441A4639687868D9
:10BCC000FFF7BCF90346224639687868FEF7CEFED6
:10BCD000BB6B013BBB63E3E73B681B681A1D3B681A
:10BCE0001A6001F0E6BF3B685B685A1E3B685A6009
:10BCF0003B685D683B689C683B681B6801331A467B
:10BD000039687868FBF7BAF8034623441A4639685D
:10BD10007868FFF793F903462A4639687868FEF792
:10BD2000A5FE3B681B689A1C3B681A6001F0C1BF06
:10BD30003B681B6801331A4639687868FBF79EF840
:10BD400078643B681B6802331A4639687868FBF7E9
:10BD500095F8F861FB69013B7B637B6B002B1BDB78
:10BD60003B685B685A1E3B685A603B685C683B688E
:10BD70009A687B6C1A447B6B13441A46396878685E
:10BD8000FFF75CF90346224639687868FEF76EFED5
:10BD90007B6B013B7B63E0E73B681B68DA1C3B681D
:10BDA0001A6001F086BF3B685C683B685B681A46B6
:10BDB00039687868FFF742F903461A4639687868A7
:10BDC000FFF73CF90346224639687868FEF74EFED5
:10BDD0003B681B685A1C3B681A6001F06ABF3B68ED
:10BDE0001B6801331A4639687868FBF747F8B86072
:10BDF0003B685B681A4639687868FFF71FF9786412
:10BE00003B685C687A6CBB681344013B1A4639682E
:10BE10007868FFF713F90346224639687868FEF719
:10BE200025FEBB68023B3B633B6B002B18DB3B688A
:10BE30005B685A1E3B685A603B685C687A6C3B6B77
:10BE400013441A4639687868FFF7F8F80346224623
:10BE500039687868FEF70AFE3B6B013B3B63E3E71A
:10BE60003B681B689A1C3B681A6001F022BF3B6864
:10BE70005B6801331A4639687868FFF7DFF80446D3
:10BE80003B685B681A4639687868FFF7D7F803465D
:10BE9000224639687868FEF7E9FD3B685B685C1C00
:10BEA0003B685B681A4639687868FFF7C7F803464D
:10BEB000224639687868FEF7D9FD3B685B685A1CF2
:10BEC0003B685A603B681B685A1C3B681A6001F06B
:10BED000F0BE3B681B6801331A4639687868FAF788
:10BEE000CDFF38613B685A683B6913441A4639688C
:10BEF0007868FFF7A3F878643B69013BFB62FB6A53
:10BF0000002B1FDB3B685A68FB6A13441A463968EA
:10BF10007868FFF793F8F8607A6CFB6A1A44FB685C
:10BF200039687868FEF7A2FD3B685A68FB6A1344DB
:10BF30005A1CFB6839687868FEF798FDFB6A013B7C
:10BF4000FB62DCE73B685B685A1C3B685A603B68F5
:10BF50001B689A1C3B681A6001F0ABBE3B685B68CB
:10BF600001331A4639687868FFF768F804463B6879
:10BF70005B681A4639687868FFF760F8034622461E
:10BF800039687868FEF772FD3B685B689A1C3B680D
:10BF90005A603B681B685A1C3B681A6001F089BEF6
:10BFA0003B681B6801331A4639687868FAF766FF00
:10BFB00078613B685A687B6913441A463968786827
:10BFC000FFF73CF878640023BB62BA6A7B699A4247
:10BFD00015DA7A6CBB6AD4183B685A68BB6A13449A
:10BFE0001A4639687868FFF729F803462246396807
:10BFF0007868FEF73BFDBB6A0133BB62E5E73B684F
:10C000005A687B6901331A443B685A603B681B6875
:10C010009A1C3B681A6001F04CBE3B689C683B6808
:10C020001B6801331A4639687868FAF727FF034618
:10C030001C443B685B68591C3A6851601A46396871
:10C040007868FEF7FBFF0346224639687868FEF7FA
:10C050000DFD3B681B689A1C3B681A6001F029BE05
:10C060003B681B6801331A4639687868FAF706FF9F
:10C0700078643B681B6802331A4639687868FAF7B7
:10C08000FDFE386200237B627A6A3B6A9A4219DAC3
:10C090003B689A687B6C1A447B6AD4183B685B687F
:10C0A000591C3A6851601A4639687868FEF7C6FF2D
:10C0B0000346224639687868FEF7D8FC7B6A01336C
:10C0C0007B62E1E73B681B68DA1C3B681A6001F0A1
:10C0D000F0BD3B685B685A1E3B685A603B681B6852
:10C0E0005A1C3B681A6001F0E4BD3B685B689A1E0D
:10C0F0003B685A603B681B685A1C3B681A6001F039
:10C10000D8BD3B685B685A1C3B685A603B681B683B
:10C110005A1C3B681A6001F0CCBD3B685B689A1CF6
:10C120003B685A603B681B685A1C3B681A6001F008
:10C13000C0BD3B685B68DA1C3B685A603B681B68A3
:10C140005A1C3B681A6001F0B4BD3B685B681A1D5D
:10C150003B685A603B681B685A1C3B681A6001F0D8
:10C16000A8BD3B685B685A1D3B685A603B681B680A
:10C170005A1C3B681A6001F09CBD3B685B689A1DC5
:10C180003B685A603B681B685A1C3B681A6001F0A8
:10C1900090BD3B685B68DA1D3B685A603B681B6872
:10C1A0005A1C3B681A6001F084BD3B685B6803F170
:10C1B00008023B685A603B681B685A1C3B681A605F
:10C1C00001F077BD3B681B6801331A46396878680F
:10C1D000FAF754FE02463B685B681A443B685A60B3
:10C1E0003B681B689A1C3B681A6001F062BD3B68A3
:10C1F0001B6801331A4639687868FAF763FE02460D
:10C200003B685B681A443B685A603B681B68DA1CF1
:10C210003B681A6001F04DBD3B685B685C1C3B6885
:10C220005B6801331A4639687868FEF707FF0546F0
:10C230003B685B681A4639687868FEF7FFFE03467C
:10C240002B44224639687868FEF710FC3B685B682F
:10C250005A1C3B685A603B681B685A1C3B681A6052
:10C2600001F027BD3B685B685C1C3B685B68013381
:10C270001A4639687868FEF7E1FE05463B685B6858
:10C280001A4639687868FEF7D9FE0346EB1A22464B
:10C2900039687868FEF7EAFB3B685B685A1C3B68C4
:10C2A0005A603B681B685A1C3B681A6001F001BD6C
:10C2B0003B685B685C1C3B685B6801331A46396805
:10C2C0007868FEF7BBFE05463B685B681A4639682E
:10C2D0007868FEF7B3FE03462B402246396878683B
:10C2E000FEF7C4FB3B685B685A1C3B685A603B68BE
:10C2F0001B685A1C3B681A6001F0DBBC3B685B683A
:10C300005C1C3B685B6801331A4639687868FEF745
:10C3100095FE05463B685B681A4639687868FEF703
:10C320008DFE03462B43224639687868FEF79EFB54
:10C330003B685B685A1C3B685A603B681B685A1C28
:10C340003B681A6001F0B5BC3B685B685C1C3B68ED
:10C350005B6801331A4639687868FEF76FFE054658
:10C360003B685B681A4639687868FEF767FE0346E3
:10C370006B40224639687868FEF778FB3B685B685B
:10C380005A1C3B685A603B681B685A1C3B681A6021
:10C3900001F08FBC3B685B685C1C3B685B680133E9
:10C3A0001A4639687868FEF749FE05463B685B68BF
:10C3B0001A4639687868FEF741FE034605FA03F32A
:10C3C000224639687868FEF751FB3B685B685A1C67
:10C3D0003B685A603B681B685A1C3B681A6001F056
:10C3E00068BC3B685B685C1C3B685B6801331A4651
:10C3F00039687868FEF722FE05463B685B681A4696
:10C4000039687868FEF71AFE034645FA03F32246B8
:10C4100039687868FEF72AFB3B685B685A1C3B6802
:10C420005A603B681B685A1C3B681A6001F041BCAB
:10C430003B685B685C1C3B685B6801331A46396883
:10C440007868FEF7FBFD05463B685B681A4639686D
:10C450007868FEF7F3FD03469D420CBF01230023DD
:10C46000DBB2224639687868FEF700FB3B685B6800
:10C470005A1C3B685A603B681B685A1C3B681A6030
:10C4800001F017BC3B685B685C1C3B685B68013370
:10C490001A4639687868FEF7D1FD05463B685B6847
:10C4A0001A4639687868FEF7C9FD03469D4214BFF5
:10C4B00001230023DBB2224639687868FEF7D6FAFA
:10C4C0003B685B685A1C3B685A603B681B685A1C97
:10C4D0003B681A6001F0EDBB3B685B685C1C3B6825
:10C4E0005B6801331A4639687868FEF7A7FD054690
:10C4F0003B685B681A4639687868FEF79FFD03461B
:10C500009D42B4BF01230023DBB22246396878681C
:10C51000FEF7ACFA3B685B685A1C3B685A603B68A4
:10C520001B685A1C3B681A6001F0C3BB3B685B6820
:10C530005C1C3B685B6801331A4639687868FEF713
:10C540007DFD05463B685B681A4639687868FEF7EA
:10C5500075FD03469D42D4BF01230023DBB2224672
:10C5600039687868FEF782FA3B685B685A1C3B685A
:10C570005A603B681B685A1C3B681A6001F099BB03
:10C580003B685B685C1C3B685B6801331A46396832
:10C590007868FEF753FD05463B685B681A463968C4
:10C5A0007868FEF74BFD03469D42CCBF0123002374
:10C5B000DBB2224639687868FEF758FA3B685B6858
:10C5C0005A1C3B685A603B681B685A1C3B681A60DF
:10C5D00001F06FBB3B685B685C1C3B685B680133C8
:10C5E0001A4639687868FEF729FD05463B685B689E
:10C5F0001A4639687868FEF721FD03469D42ACBFB4
:10C6000001230023DBB2224639687868FEF72EFA50
:10C610003B685B685A1C3B685A603B681B685A1C45
:10C620003B681A6001F045BB3B685B685C1C3B687B
:10C630005B6801331A4639687868FEF7FFFC0546E7
:10C640003B685B681A4639687868FEF7F7FC034672
:10C6500003FB05F3224639687868FEF707FA3B6862
:10C660005B685A1C3B685A603B681B685A1C3B68F5
:10C670001A6001F01EBB3B685B681A46396878682F
:10C68000FEF7DCFC78647B6C002B01D101237B641A
:10C690003B685B685C1C3B685B6801331A46396821
:10C6A0007868FEF7CBFC02467B6C92FBF3F32246E4
:10C6B00039687868FEF7DAF93B685B685A1C3B68B2
:10C6C0005A603B681B685A1C3B681A6001F0F1BA5B
:10C6D0003B685B681A4639687868FEF7AFFC786497
:10C6E0007B6C002B01D101237B643B685B685C1C85
:10C6F0003B685B6801331A4639687868FEF79EFC30
:10C7000003467A6C93FBF2F2796C01FB02F29B1AFE
:10C71000224639687868FEF7A9F93B685B685A1CBD
:10C720003B685A603B681B685A1C3B681A6001F002
:10C73000C0BA3B685C683B685B681A4639687868D1
:10C74000FEF77CFC0346002B0CBF01230023DBB269
:10C75000224639687868FEF789F93B681B685A1CDD
:10C760003B681A6001F0A5BA3B685C683B685B688F
:10C770001A4639687868FEF761FC0346DB432246B7
:10C7800039687868FEF772F93B681B685A1C3B6889
:10C790001A6001F08EBA3B685C683B685B681A46B9
:10C7A00039687868FEF74AFC03465B4222463968DE
:10C7B0007868FEF75BF93B681B685A1C3B681A6097
:10C7C00001F077BA3B689B689A1C3B685A603B68EB
:10C7D0009A687B6853F822203B681A603B689B6824
:10C7E0005A1C7B6853F822203B689A6001F061BABA
:10C7F0003B681B6801331A4639687868FAF73EFBD4
:10C80000786402237A6C3968786801F081FA03460B
:10C81000002B01F0358201F04EBA01230022396865
:10C82000786801F075FA0346002B01F02C8201F0C4
:10C8300042BA012301223968786801F069FA034697
:10C84000002B01F0238201F036BA0123022239685D
:10C85000786801F05DFA0346002B01F01A8201F0BE
:10C860002ABA012303223968786801F051FA034695
:10C87000002B01F0118201F01EBA01230422396855
:10C88000786801F045FA0346002B01F0088201F0B8
:10C8900012BA012305223968786801F039FA034693
:10C8A000002B01F0FF8101F006BA0123062239684E
:10C8B000786801F02DFA0346002B01F0F68101F0B3
:10C8C000FAB9012307223968786801F021FA034692
:10C8D000002B01F0ED8101F0EEB93B685B68591C5B
:10C8E0003A6851601A4639687868FEF7A7FB7864A1
:10C8F0007B6C002B0DDD7B6CB3F5206F09DA7B6858
:10C900007A6C53F82230591C7B687A6C43F82210F9
:10C9100003E0796C3868FAF7BDF83B681B685A1C6D
:10C920003B681A6001F0C5B93B685B68591C3A68FE
:10C9300051601A4639687868FEF780FB78647B6C32
:10C94000002B16DD7B6CB3F5206F12DA3B681B6899
:10C9500001331A4639687868FAF7DCFA01467B68D1
:10C960007A6C53F8223019447B687A6C43F82210B1
:10C9700003E0796C3868FAF78DF83B681B681A1D7C
:10C980003B681A6001F095B93B685B68591C3A68CE
:10C9900051601A4639687868FEF750FB78647B6C02
:10C9A000002B0DDD7B6CB3F5206F09DA7B687A6CA8
:10C9B00053F82230591E7B687A6C43F8221003E04A
:10C9C000796C3868FAF766F83B681B685A1C3B6854
:10C9D0001A6001F06EB93B685B68591C3A68516097
:10C9E0001A4639687868FEF729FB78647B6C002B5F
:10C9F00016DD7B6CB3F5206F12DA3B681B680133E0
:10CA00001A4639687868FAF785FA01467B687A6CC5
:10CA100053F82230591A7B687A6C43F8221003E0ED
:10CA2000796C3868FAF736F83B681B681A1D3B6862
:10CA30001A6001F03EB93B685B681A46396878684D
:10CA4000FEF7FCFA78647B6C002B14DD7B6CB3F58D
:10CA5000206F10DA3B685C687B687A6C53F8223090
:10CA6000581C7A68796C42F8210022463968786847
:10CA7000FDF7FCFF03E0796C3868FAF70BF83B68C8
:10CA80001B685A1C3B681A6001F013B93B685B686D
:10CA90001A4639687868FEF7D1FA78647B6C002B07
:10CAA00021DD7B6CB3F5206F1DDA3B6859687B682C
:10CAB0007A6C53F822300A4639687868FDF7D6FF59
:10CAC0003B681B6801331A4639687868FAF722FA1E
:10CAD00001467B687A6C53F8223019447B687A6C83
:10CAE00043F8221003E0796C3868F9F7D3FF3B680C
:10CAF0001B681A1D3B681A6001F0DBB83B685B6875
:10CB00001A4639687868FEF799FA78647B6C002BCE
:10CB100014DD7B6CB3F5206F10DA3B685C687B68D2
:10CB20007A6C53F82230581E7A68796C42F82100EA
:10CB3000224639687868FDF799FF03E0796C386818
:10CB4000F9F7A8FF3B681B685A1C3B681A6001F0A4
:10CB5000B0B83B685B681A4639687868FEF76EFAC9
:10CB600078647B6C002B21DD7B6CB3F5206F1DDAC4
:10CB70003B6859687B687A6C53F822300A463968FA
:10CB80007868FDF773FF3B681B6801331A46396804
:10CB90007868FAF7BFF901467B687A6C53F822305F
:10CBA000591A7B687A6C43F8221003E0796C386874
:10CBB000F9F770FF3B681B681A1D3B681A6001F0AB
:10CBC00078B83B685B681A4639687868FEF736FAC9
:10CBD00078647B6C002B18DD7B6CB3F5206F14DA66
:10CBE0003B6858687B687A6C53F82230591C7B6824
:10CBF0007A6C43F822107B687A6C53F82230024634
:10CC000039687868FDF732FF03E0796C3868F9F726
:10CC100041FF3B681B685A1C3B681A6001F049B829
:10CC20003B685B681A4639687868FEF707FA7864EB
:10CC30007B6C002B21DD7B6CB3F5206F1DDA3B682C
:10CC40005C683B681B6801331A4639687868FAF7F4
:10CC500061F901467B687A6C53F8223019447B688D
:10CC60007A6C43F822107B687A6C53F822302246A3
:10CC700039687868FDF7FAFE03E0796C3868F9F7EF
:10CC800009FF3B681B681A1D3B681A6001F011B868
:10CC90003B685B681A4639687868FEF7CFF97864B4
:10CCA0007B6C002B18DD7B6CB3F5206F14DA3B68CE
:10CCB00058687B687A6C53F82230591E7B687A6C0E
:10CCC00043F822107B687A6C53F8223002463968A8
:10CCD0007868FDF7CBFE03E0796C3868F9F7DAFE87
:10CCE0003B681B685A1C3B681A6000F0E2BF3B6857
:10CCF0005B681A4639687868FEF7A0F978647B6C3F
:10CD0000002B21DD7B6CB3F5206F1DDA3B685C687E
:10CD10003B681B6801331A4639687868FAF7FAF8F5
:10CD200001467B687A6C53F82230591A7B687A6C1A
:10CD300043F822107B687A6C53F822302246396817
:10CD40007868FDF793FE03E0796C3868F9F7A2FE86
:10CD50003B681B681A1D3B681A6000F0AABF3B685D
:10CD60001B6801331A4639687868FAF7D3F8024627
:10CD70003B681A6000F09DBF3B685B68591C3A68CD
:10CD800051601A4639687868FEF758F90346002B57
:10CD900014BF01230023DBB2002B0CD03B681B68BF
:10CDA00001331A4639687868FAF7B4F802463B68E6
:10CDB0001A6000F07EBF3B681B681A1D3B681A6052
:10CDC00000F077BF3B685B681A4639687868FEF701
:10CDD00035F90346002B14BF01230023DBB2002BDF
:10CDE0000CD03B681B6801331A4639687868FAF73B
:10CDF00091F802463B681A6000F05BBF3B685B68D5
:10CE00005A1C3B685A603B681B681A1D3B681A60D5
:10CE100000F04FBF3B685B68591C3A6851601A4686
:10CE200039687868FEF70AF90346002B0CBF012326
:10CE30000023DBB2002B0CD03B681B6801331A4681
:10CE400039687868FAF766F802463B681A6000F0BD
:10CE500030BF3B681B681A1D3B681A6000F029BF91
:10CE60003B685B681A4639687868FEF7E7F803465E
:10CE7000002B0CBF01230023DBB2002B0CD03B683E
:10CE80001B6801331A4639687868FAF743F8024696
:10CE90003B681A6000F00DBF3B685B685A1C3B683A
:10CEA0005A603B681B681A1D3B681A6000F001BF9E
:10CEB0003B681B685A1C3B681A6000F0FABE3B686E
:10CEC0001B685A1C3B681A6000F0F5BE3B685B6843
:10CED0001A4639687868FEF7B1F807EE900AF8EE5E
:10CEE000E77AC7ED0F7A3B685B6801331A46396809
:10CEF0007868FEF7A3F8034697ED0F0A1A463968DB
:10CF00007868F9F77FFF3B685B68013397ED0F0A9C
:10CF10001A4639687868F9F775FF3B685B685A1CF0
:10CF20003B685A603B681B685A1C3B681A6000F0FB
:10CF3000C0BE3B685B681A4639687868F9F778FFC5
:10CF4000F0EE407AFDEEE77A17EE903A7B643B68AC
:10CF50005B6801331A4639687868FEF76FF8024655
:10CF60007B6C39687868FDF781FD3B685B685A1C0B
:10CF70007B6C39687868FDF779FD3B685B685A1C03
:10CF80003B685A603B681B685A1C3B681A6000F09B
:10CF900090BE3B685B6801331A4639687868FEF7D3
:10CFA0004DF804463B685B681A4639687868FEF7B6
:10CFB00045F807EE900AF8EEE77AB0EE670A2246E7
:10CFC00039687868F9F71EFF3B685B689A1C3B6814
:10CFD0005A603B681B685A1C3B681A6000F069BEC7
:10CFE0003B685B6801331A4639687868FEF726F8B3
:10CFF00004463B685B681A4639687868F9F718FF99
:10D00000F0EE407AFDEEE77A17EE903A2246396864
:10D010007868FDF72BFD3B685B689A1C3B685A609B
:10D020003B681B685A1C3B681A6000F042BE3B68B4
:10D030009C683B681B6801331A4639687868F9F7C1
:10D040001DFF03461C443B685B68591C3A685160ED
:10D050001A4639687868FDF7F1FF07EE900AF8EE96
:10D06000E77AB0EE670A224639687868F9F7CAFEAF
:10D070003B681B689A1C3B681A6000F01ABE3B684C
:10D080009C683B681B6801331A4639687868F9F771
:10D09000F5FE03461C443B685B68591C3A685160C6
:10D0A0001A4639687868F9F7C3FEF0EE407AFDEE6B
:10D0B000E77A17EE903A224639687868FDF7D6FC91
:10D0C0003B681B689A1C3B681A6000F0F2BD3B6825
:10D0D0005C683B685B681A4639687868F9F7A8FEAF
:10D0E000F0EE407AFDEEE77A17EE903A2246396884
:10D0F0007868FDF7BBFC3B681B685A1C3B681A60EC
:10D1000000F0D7BD3B685C683B685B681A463968CD
:10D110007868FDF793FF07EE900AF8EEE77AB0EE35
:10D12000670A224639687868F9F76CFE3B681B6825
:10D130005A1C3B681A6000F0BCBD3B685B685C1C15
:10D140003B685B6801331A4639687868F9F770FE06
:10D15000B0EE408A3B685B681A4639687868F9F730
:10D1600067FEF0EE407A78EE277AB0EE670A224644
:10D1700039687868F9F746FE3B685B685A1C3B687B
:10D180005A603B681B685A1C3B681A6000F091BDEE
:10D190003B685B685C1C3B685B6801331A46396816
:10D1A0007868F9F745FEB0EE408A3B685B681A463E
:10D1B00039687868FDF742FF07EE900AF8EEE77AE3
:10D1C00078EE277AB0EE670A224639687868F9F770
:10D1D00019FE3B685B685A1C3B685A603B681B68D9
:10D1E0005A1C3B681A6000F064BD3B685B685C1CBD
:10D1F0003B685B6801331A4639687868FDF71EFFA3
:10D2000007EE900AB8EEE78A3B685B681A46396811
:10D210007868F9F70DFEF0EE407A78EE277AB0EEF6
:10D22000670A224639687868F9F7ECFD3B685B6865
:10D230005A1C3B685A603B681B685A1C3B681A6062
:10D2400000F037BD3B685B685C1C3B685B68013382
:10D250001A4639687868F9F7EBFDB0EE408A3B680A
:10D260005B681A4639687868F9F7E2FDF0EE407AB3
:10D2700078EE677AB0EE670A224639687868F9F77F
:10D28000C1FD3B685B685A1C3B685A603B681B6881
:10D290005A1C3B681A6000F00CBD3B685B685C1C64
:10D2A0003B685B6801331A4639687868F9F7C0FD56
:10D2B000B0EE408A3B685B681A4639687868FDF7CB
:10D2C000BDFE07EE900AF8EEE77A78EE677AB0EEE8
:10D2D000670A224639687868F9F794FD3B685B680D
:10D2E0005A1C3B685A603B681B685A1C3B681A60B2
:10D2F00000F0DFBC3B685B685C1C3B685B6801332B
:10D300001A4639687868FDF799FE07EE900AB8EE7C
:10D31000E78A3B685B681A4639687868F9F788FDE0
:10D32000F0EE407A78EE677AB0EE670A2246396806
:10D330007868F9F767FD3B685B685A1C3B685A6080
:10D340003B681B685A1C3B681A6000F0B2BC3B6823
:10D350005B685C1C3B685B6801331A463968786817
:10D36000F9F766FDB0EE408A3B685B681A4639689B
:10D370007868F9F75DFDF0EE407A68EE277AB0EE56
:10D38000670A224639687868F9F73CFD3B685B68B4
:10D390005A1C3B685A603B681B685A1C3B681A6001
:10D3A00000F087BC3B685B685C1C3B685B680133D2
:10D3B0001A4639687868F9F73BFDB0EE408A3B6859
:10D3C0005B681A4639687868FDF738FE07EE900A00
:10D3D000F8EEE77A68EE277AB0EE670A22463968F7
:10D3E0007868F9F70FFD3B685B685A1C3B685A6028
:10D3F0003B681B685A1C3B681A6000F05ABC3B68CB
:10D400005B685C1C3B685B6801331A463968786866
:10D41000FDF714FE07EE900AB8EEE78A3B685B68FA
:10D420001A4639687868F9F703FDF0EE407A68EE3D
:10D43000277AB0EE670A224639687868F9F7E2FC85
:10D440003B685B685A1C3B685A603B681B685A1C07
:10D450003B681A6000F02DBC3B685B681A4639686F
:10D460007868F9F7E5FC87ED0F0AD7ED0F7AF5EE4E
:10D47000407AF1EE10FA01D19D4BFB633B685B688B
:10D480005C1C3B685B6801331A4639687868F9F7B9
:10D49000CFFCF0EE406AD7ED0F7A86EEA77AB0EEB9
:10D4A000470A224639687868F9F7ACFC3B685B6844
:10D4B0005A1C3B685A603B681B685A1C3B681A60E0
:10D4C000F7E33B685B681A4639687868FDF7B6FD94
:10D4D00078647B6C002B02D1854BFB6306E07B6C90
:10D4E00007EE903AF8EEE77AC7ED0F7A3B685B6893
:10D4F0005C1C3B685B6801331A4639687868F9F749
:10D5000097FCF0EE406AD7ED0F7A86EEA77AB0EE80
:10D51000470A224639687868F9F774FC3B685B680B
:10D520005A1C3B685A603B681B685A1C3B681A606F
:10D53000BFE33B685B681A4639687868F9F778FC9E
:10D5400087ED0F0AD7ED0F7AF5EE407AF1EE10FA7B
:10D5500001D1674BFB633B685B685C1C3B685B68A5
:10D5600001331A4639687868FDF768FD07EE900ABE
:10D57000B8EEE77AD7ED0F7AC7EE276AB0EE660A03
:10D58000224639687868F9F73DFC3B685B685A1CAD
:10D590003B685A603B681B685A1C3B681A6088E30A
:10D5A0003B685C683B685B681A4639687868F9F7DD
:10D5B0003FFCF0EE407AF1EE677AB0EE670A224661
:10D5C00039687868F9F71EFC3B681B685A1C3B6891
:10D5D0001A606EE33B685B685C1C3B685B68013308
:10D5E0001A4639687868F9F723FCB0EE408A3B6840
:10D5F0005B681A4639687868F9F71AFCF0EE407AE9
:10D60000B4EE678AF1EE10FA0CBF01230023DBB2FF
:10D61000224639687868FDF729FA3B685B685A1C2E
:10D620003B685A603B681B685A1C3B681A6040E3C1
:10D630003B685B685C1C3B685B6801331A46396871
:10D640007868F9F7F5FBB0EE408A3B685B681A46EC
:10D6500039687868FDF7F2FC07EE900AF8EEE77A91
:10D66000B4EE678AF1EE10FA0CBF01230023DBB29F
:10D67000224639687868FDF7F9F93B685B685A1CFF
:10D680003B685A603B681B685A1C3B681A6010E391
:10D690003B685B685C1C3B685B6801331A46396811
:10D6A0007868FDF7CBFC07EE900AB8EEE78A3B6896
:10D6B0005B681A4639687868F9F7BAFBF0EE407A89
:10D6C000B4EE678AF1EE10FA0CBF01230023DBB23F
:10D6D000224639687868FDF7C9F93B685B685A1CCF
:10D6E0003B685A603B681B685A1C3B681A60E0E262
:10D6F000ACC527373B685B685C1C3B685B680133E3
:10D700001A4639687868F9F793FBB0EE408A3B68AF
:10D710005B681A4639687868F9F78AFBF0EE407A58
:10D72000B4EE678AF1EE10FA14BF01230023DBB2D6
:10D73000224639687868FDF799F93B685B685A1C9E
:10D740003B685A603B681B685A1C3B681A60B0E231
:10D750003B685B685C1C3B685B6801331A46396850
:10D760007868F9F765FBB0EE408A3B685B681A465B
:10D7700039687868FDF762FC07EE900AF8EEE77A00
:10D78000B4EE678AF1EE10FA14BF01230023DBB276
:10D79000224639687868FDF769F93B685B685A1C6E
:10D7A0003B685A603B681B685A1C3B681A6080E201
:10D7B0003B685B685C1C3B685B6801331A463968F0
:10D7C0007868FDF73BFC07EE900AB8EEE78A3B6805
:10D7D0005B681A4639687868F9F72AFBF0EE407AF8
:10D7E000B4EE678AF1EE10FA14BF01230023DBB216
:10D7F000224639687868FDF739F93B685B685A1C3E
:10D800003B685A603B681B685A1C3B681A6050E2D0
:10D810003B685B685C1C3B685B6801331A4639688F
:10D820007868F9F705FBB0EE408A3B685B681A46FA
:10D8300039687868F9F7FCFAF0EE407AB4EEE78AD6
:10D84000F1EE10FA4CBF01230023DBB22246396807
:10D850007868FDF70BF93B685B685A1C3B685A60B7
:10D860003B681B685A1C3B681A6022E23B685B6895
:10D870005C1C3B685B6801331A4639687868F9F7C5
:10D88000D7FAB0EE408A3B685B681A463968786818
:10D89000FDF7D4FB07EE900AF8EEE77AB4EEE78ADC
:10D8A000F1EE10FA4CBF01230023DBB222463968A7
:10D8B0007868FDF7DBF83B685B685A1C3B685A6088
:10D8C0003B681B685A1C3B681A60F2E13B685B6866
:10D8D0005C1C3B685B6801331A4639687868FDF761
:10D8E000ADFB07EE900AB8EEE78A3B685B681A4624
:10D8F00039687868F9F79CFAF0EE407AB4EEE78A76
:10D90000F1EE10FA4CBF01230023DBB22246396846
:10D910007868FDF7ABF83B685B685A1C3B685A6057
:10D920003B681B685A1C3B681A60C2E13B685B6835
:10D930005C1C3B685B6801331A4639687868F9F704
:10D9400077FAB0EE408A3B685B681A4639687868B7
:10D95000F9F76EFAF0EE407AB4EEE78AF1EE10FADB
:10D9600094BF01230023DBB2224639687868FDF7B3
:10D970007DF83B685B685A1C3B685A603B681B68D3
:10D980005A1C3B681A6094E13B685B685C1C3B680E
:10D990005B6801331A4639687868F9F749FAB0EEDE
:10D9A000408A3B685B681A4639687868FDF746FB31
:10D9B00007EE900AF8EEE77AB4EEE78AF1EE10FA95
:10D9C00094BF01230023DBB2224639687868FDF753
:10D9D0004DF83B685B685A1C3B685A603B681B68A3
:10D9E0005A1C3B681A6064E13B685B685C1C3B68DE
:10D9F0005B6801331A4639687868FDF71FFB07EE4C
:10DA0000900AB8EEE78A3B685B681A46396878681E
:10DA1000F9F70EFAF0EE407AB4EEE78AF1EE10FA7A
:10DA200094BF01230023DBB2224639687868FDF7F2
:10DA30001DF83B685B685A1C3B685A603B681B6872
:10DA40005A1C3B681A6034E13B685B685C1C3B68AD
:10DA50005B6801331A4639687868F9F7E9F9B0EE7E
:10DA6000408A3B685B681A4639687868F9F7E0F9DC
:10DA7000F0EE407AB4EEE78AF1EE10FACCBF012363
:10DA80000023DBB2224639687868FCF7EFFF3B6879
:10DA90005B685A1C3B685A603B681B685A1C3B68B1
:10DAA0001A6006E13B685B685C1C3B685B6801339D
:10DAB0001A4639687868F9F7BBF9B0EE408A3B68D6
:10DAC0005B681A4639687868FDF7B8FA07EE900A7D
:10DAD000F8EEE77AB4EEE78AF1EE10FACCBF012354
:10DAE0000023DBB2224639687868FCF7BFFF3B6849
:10DAF0005B685A1C3B685A603B681B685A1C3B6851
:10DB00001A60D6E03B685B685C1C3B685B6801336D
:10DB10001A4639687868FDF791FA07EE900AB8EE70
:10DB2000E78A3B685B681A4639687868F9F780F9D4
:10DB3000F0EE407AB4EEE78AF1EE10FACCBF0123A2
:10DB40000023DBB2224639687868FCF78FFF3B6818
:10DB50005B685A1C3B685A603B681B685A1C3B68F0
:10DB60001A60A6E03B685B685C1C3B685B6801333D
:10DB70001A4639687868F9F75BF9B0EE408A3B6875
:10DB80005B681A4639687868F9F752F9F0EE407A1E
:10DB9000B4EEE78AF1EE10FAACBF01230023DBB24A
:10DBA000224639687868FCF761FF3B685B685A1C5D
:10DBB0003B685A603B681B685A1C3B681A6078E0F7
:10DBC0003B685B685C1C3B685B6801331A463968DC
:10DBD0007868F9F72DF9B0EE408A3B685B681A4621
:10DBE00039687868FDF72AFA07EE900AF8EEE77AC6
:10DBF000B4EEE78AF1EE10FAACBF01230023DBB2EA
:10DC0000224639687868FCF731FF3B685B685A1C2C
:10DC10003B685A603B681B685A1C3B681A6048E0C6
:10DC20003B685B685C1C3B685B6801331A4639687B
:10DC30007868FDF703FA07EE900AB8EEE78A3B68CA
:10DC40005B681A4639687868F9F7F2F8F0EE407ABE
:10DC5000B4EEE78AF1EE10FAACBF01230023DBB289
:10DC6000224639687868FCF701FF3B685B685A1CFC
:10DC70003B685A603B681B685A1C3B681A6018E096
:10DC800000BFFDF73EBD00BFFDF73BBD00BFFDF788
:10DC900038BD00BFFDF735BD00BFFDF732BD00BF89
:10DCA000FDF72FBD00BFFDF72CBD00BFFDF729BD5F
:10DCB00000BFFDF726BD4837BD46BDEC028BB0BDA9
:10DCC00080B485B000AFF860B9607A603B60BB6833
:10DCD0005B685A1EBB689968FB6843F82210BB68F2
:10DCE0005B689A1EFB68396843F82210BB685B6862
:10DCF0009A1EBB685A60BB685A68BB689A60BB686A
:10DD00007A681A6000BF1437BD465DF8047B70471F
:10DD100080B586B000AFF860B9607A603B60BB68E0
:10DD20005A687B6813441A46B968F868FDF786F9A3
:10DD30007861BB685B68032B04DDBB685B68B3F587
:10DD4000206F07DDBB685B681946B868F8F7A2FE6C
:10DD5000012324E07B69002B13DA7B6923F0004365
:10DD60001A46B968F868FAF753F80346002B01D051
:10DD7000012314E0BB681A683B681A44BB681A6048
:10DD80000CE0BB681A683B681A44BB681A60BB6841
:10DD90001B687A69B968F868FFF792FF0023184694
:10DDA0001837BD4680BD80B485B000AFF860B9605B
:10DDB0007A603B60FA6842F21403134400221A604E
:10DDC000FA6842F2140313441A68F96842F2100325
:10DDD0000B441A60FB68BA681A60FB687A685A607C
:10DDE000FB683A689A60FB68BA69DA6000BF14376A
:10DDF000BD465DF8047B704780B483B000AF7860A7
:10DE00007A6842F2140313444FF480621A6000BF30
:10DE10000C37BD465DF8047B704780B483B000AF1B
:10DE200078607A6842F21403134400221A607A6818
:10DE300042F2140313441A68796842F210030B4447
:10DE40001A6000BF0C37BD465DF8047B70470000C8
:10DE500080B582B000AF786039607B68012B07D154
:10DE60003B684FF6FF72934202D1034801F0C0FABB
:10DE700000BF0837BD4680BDB87A022480B500AF28
:10DE80004FF6FF710120FFF7E3FF80BD80B489B03A
:10DE900000AFF86187ED060AC7ED050A87ED041AA1
:10DEA000C7ED031A87ED022AC7ED012AFB6993F833
:10DEB0007030002B09D0FB69D3ED197A97ED037A06
:10DEC000B4EEE77AF1EE10FA16DCFB69BA699A65EE
:10DED000FB697A69DA65FB693A691A66FB69FA686F
:10DEE0005A66FB69BA689A66FB697A68DA66FB6902
:10DEF000012283F8702000E000BF2437BD465DF8A2
:10DF0000047B704780B483B000AF87ED010AD7ED82
:10DF1000017AF0EEE77AB0EE670A0C37BD465DF89D
:10DF2000047B704780B483B000AF87ED010AD7ED62
:10DF3000017A67EEA77AB0EE670A0C37BD465DF846
:10DF4000047B704780B483B000AF786000BF0C37AB
:10DF5000BD465DF8047B704780B52DED028BC0B0E7
:10DF600000AFF86187ED060AC7ED050A87ED041AD0
:10DF7000C7ED031A87ED022AC7ED012A3B4683ED60
:10DF8000003AFB69002283F870203B461B68C7F803
:10DF9000C43097ED310A02F01BFA87ED300A97ED95
:10DFA000310A03F02DF887ED2F0AD7ED037A27EE1B
:10DFB000A77AD7ED027A67EEA77A37EE277AD7ED00
:10DFC000017A67EEA77A77EE277AB0EE670A03F058
:10DFD000DFF987ED2E0AD7ED036A97ED2E7AC6EEAC
:10DFE000877AC7ED037AD7ED026A97ED2E7AC6EEEF
:10DFF000877AC7ED027AD7ED016A97ED2E7AC6EEE1
:10E00000877AC7ED017A97ED067AD7ED307A27EE59
:10E01000277AFB69D3ED006AD7ED057A76EEA76A19
:10E02000D7ED2F7A66EEA77A77EE277AC7ED2D7AAD
:10E03000FB6993ED007AD7ED057A37EE277AD7EDB5
:10E04000307A27EE277AD7ED066AD7ED2F7A66EE7B
:10E05000A77A77EE677AC7ED2C7A3B69C7F8AC30C0
:10E0600097ED037AD7ED307A27EE277AD7ED026A5B
:10E07000D7ED2F7A66EEA77A77EE277AC7ED2A7A60
:10E0800097ED027AD7ED307A27EE277AD7ED036A3B
:10E09000D7ED2F7A66EEA77A77EE677AC7ED297A01
:10E0A0007B68C7F8A030FB6993ED0D7AFB69D3ED6F
:10E0B0000C7A37EE677AF2EE046AC7EE267AC7ED7D
:10E0C000277AC84B1B78BFF35B8FDBB203F00103E9
:10E0D000002B0CBF01230023DBB2002B10D0C14862
:10E0E00002F026F90346002B14BF01230023DBB204
:10E0F000002B05D0BC4801F051F8BA4802F024F9D1
:10E10000B94801F059F80023C7F8FC30D7F8FC30C3
:10E110000A2B00F3AE80FB6993ED0C7AD7F8FC3044
:10E1200007EE903AF8EEE76AD7ED277A66EEA77A1F
:10E1300077EE277AC7ED267A97ED260A02F048F99E
:10E1400087ED250A97ED260A02F05AFF87ED240A8B
:10E15000FB6993ED017AD7ED2C7A37EE277AD7ED6C
:10E16000257A27EE277AD7ED2B6AD7ED247A66EE4B
:10E17000A77A37EE277AFB69D3ED097A37EE678AFB
:10E1800097ED297AD7ED257A27EE277AD7ED286AF9
:10E19000D7ED247A66EEA77A77EE277AB0EE670A93
:10E1A000FFF7C0FEF0EE408A97ED287AD7ED257A8A
:10E1B00027EE277AD7ED296AD7ED247A66EEA77A7B
:10E1C00077EE677AB0EE670AFFF7ACFEF0EE407AC2
:10E1D00038EEE77AD7ED2A7A67EEA77A77EE677A94
:10E1E00028EE277AFB69D3ED077A37EE678AFB6959
:10E1F00093ED087AD7ED296AD7ED257A66EEA76AFE
:10E2000097ED286AD7ED247A66EE277A76EEA77A1C
:10E2100067EE278A97ED287AD7ED257A27EE277AB9
:10E22000D7ED296AD7ED247A66EEA77A77EE677A7A
:10E23000B0EE670AFFF776FEB0EE407AD7ED2A7AA5
:10E2400067EEA77A77EE277AB0EE670A03F0A0F8B8
:10E25000B0EE407AC8EE877A78EE677AB0EE670A59
:10E26000614800F0B6FFD7F8FC300133C7F8FC3046
:10E270004CE75E4B1B78BFF35B8FDBB203F001030F
:10E28000002B0CBF01230023DBB2002B10D057481A
:10E2900002F04EF80346002B14BF01230023DBB22B
:10E2A000002B05D0524800F0ABFF504802F04CF86C
:10E2B0004F4800F0B3FF0023C7F8F830D7F8F83024
:10E2C000092B43DCD7F8F810474800F0B4FFF0EE14
:10E2D000407AF5EEC07AF1EE10FA0DDDD7F8F8309D
:10E2E00001331946404800F0A6FFF0EE407AF5EE03
:10E2F000C07AF1EE10FA19D4D7F8F8103A4800F0C5
:10E300009AFFF0EE407AF5EEC07AF1EE10FA0FD5F2
:10E31000D7F8F83001331946334800F08CFFF0EE9F
:10E32000407AF5EEC07AF1EE10FA01DD012300E04B
:10E330000023002B04D0D7F8F8102D4800F08FFFF1
:10E34000D7F8F8300133C7F8F830B7E70023C7F83B
:10E35000F430274800F098FF0346002B0CBF012340
:10E360000023DBB2002B7AD00023C7F8F030D7F8B7
:10E37000F0300A2B2DDCD7F8F0101B4800F05BFFC3
:10E38000F0EE407AB0EE670AFFF7BCFDB0EE408ACF
:10E39000D7F8F410144800F04EFFF0EE407AB0EEDB
:10E3A000670AFFF7AFFDF0EE407AB4EEE78AF1EED0
:10E3B00010FA4CBF01230023DBB2002B03D0D7F8A7
:10E3C000F030C7F8F430D7F8F0300133C7F8F03048
:10E3D000CDE7D7F8F4300A2B0CD10921044800F01E
:10E3E0003EFF3CE0AC7B02247C7B0224E07B0224E9
:10E3F000B07B0224D7F8F430013B1946DC4800F02A
:10E400001AFFF0EE407AB0EE670AFFF77BFDB0EE40
:10E41000408AD7F8F43001331946D54800F00BFF95
:10E42000F0EE407AB0EE670AFFF76CFDF0EE407A4E
:10E43000B4EEE78AF1EE10FA4CBF01230023DBB201
:10E44000002B07D0D7F8F430013B1946C94800F03B
:10E4500006FF04E0D7F8F410C64800F000FFC64BF2
:10E460001B78BFF35B8FDBB203F00103002B0CBF03
:10E4700001230023DBB2002B10D0BF4801F058FF6E
:10E480000346002B14BF01230023DBB2002B05D071
:10E49000BA4800F005FFB84801F056FFB74800F051
:10E4A0000DFF0023C7F8EC30B24800F0EDFE024645
:10E4B000D7F8EC309342B4BF01230023DBB2002B2A
:10E4C00000F0C681FB6993ED0C8AD7F8EC10A948DF
:10E4D00000F001FF07EE900AB8EEE77AD7ED277A51
:10E4E00067EE277A78EE277AC7ED3A7A97ED3A7A8F
:10E4F000D7ED277A77EE277AC7ED397A97ED397A13
:10E50000D7ED3A7A37EE677AF2EE046AC7EE267AEA
:10E51000C7ED0C7A964800F04FFE0023C7F8E030B4
:10E52000D7F8E0300A2B00F3AD80D7F8E03007EEE3
:10E53000903AB8EEE77AD7ED0C7A67EE277A97ED46
:10E540003A7A77EE277AC7ED0B7A97ED0B0A01F04E
:10E550003FFF87ED0A0A97ED0B0A02F051FD87EDA8
:10E56000090AFB6993ED017AD7ED2C7A37EE277A09
:10E57000D7ED0A7A27EE277AD7ED2B6AD7ED097AFD
:10E5800066EEA77A37EE277AFB69D3ED097A37EE84
:10E59000678A97ED297AD7ED0A7A27EE277AD7EDA1
:10E5A000286AD7ED097A66EEA77A77EE277AB0EE79
:10E5B000670AFFF7B7FCF0EE408A97ED287AD7EDAF
:10E5C0000A7A27EE277AD7ED296AD7ED097A66EE1F
:10E5D000A77A77EE677AB0EE670AFFF7A3FCF0EE52
:10E5E000407A38EEE77AD7ED2A7A67EEA77A77EEA7
:10E5F000677A28EE277AFB69D3ED077A37EE678AC8
:10E60000FB6993ED087AD7ED296AD7ED0A7A66EEB1
:10E61000A76A97ED286AD7ED097A66EE277A76EE33
:10E62000A77A67EE278A97ED287AD7ED0A7A27EE40
:10E63000277AD7ED296AD7ED097A66EEA77A77EEC1
:10E64000677AB0EE670AFFF76DFCB0EE407AD7ED5F
:10E650002A7A67EEA77A77EE277AB0EE670A02F099
:10E6600097FEB0EE407AC8EE877A78EE677AB0EE21
:10E67000670A3F4800F0ADFDD7F8E0300133C7F836
:10E68000E0304DE70023C7F8F4300023C7F8DC3052
:10E69000D7F8DC300A2B2DDCD7F8DC10344800F03A
:10E6A000CAFDF0EE407AB0EE670AFFF72BFCB0EE41
:10E6B000408AD7F8F4102E4800F0BDFDF0EE407A05
:10E6C000B0EE670AFFF71EFCF0EE407AB4EEE78A80
:10E6D000F1EE10FA4CBF01230023DBB2002B03D074
:10E6E000D7F8DC30C7F8F430D7F8DC300133C7F89E
:10E6F000DC30CDE7D7F8F430002B03D10123C7F885
:10E70000D83042E0D7F8F4300A2B03D10923C7F8F8
:10E71000D8303AE0D7F8F430013B1946144800F0FD
:10E720008AFDF0EE407AB0EE670AFFF7EBFBB0EE41
:10E73000408AD7F8F430013319460D4800F07BFDCC
:10E74000F0EE407AB0EE670AFFF7DCFBF0EE407ABD
:10E75000B4EEE78AF1EE10FA4CBF01230023DBB2DE
:10E76000002B0DD0D7F8F430013BC7F8D8300CE0BF
:10E770007C7B0224B07B0224107C0224E47B0224F4
:10E78000D7F8F4300133C7F8D830D7F8F43007EEB3
:10E79000903AB8EEE77AD7ED0C7A67EE277A97EDE4
:10E7A0003A7A77EE277AC7ED0B7AD7F8F420D7F8C4
:10E7B000D8309A4218DDD7F8D83007EE903AB8EE44
:10E7C000E77AD7ED0C7A67EE277A97ED3A7A77EE0B
:10E7D000277AC7ED3A7A97ED3A7AD7ED0C7A77EE49
:10E7E000277AC7ED397A17E0D7F8F43007EE903A78
:10E7F000B8EEE77AD7ED0C7A67EE277A97ED3A7A9A
:10E8000077EE277AC7ED3A7A97ED3A7AD7ED0C7A18
:10E8100077EE277AC7ED397A97ED397AD7ED3A7ADC
:10E8200077EE677AB7EEE77A9FED596BB4EEC67B69
:10E83000F1EE10FA00D461E600BF97ED0B0A5648DE
:10E8400000F059FDD7F8EC300133C7F8EC302BE677
:10E85000524B1B78BFF35B8FDBB203F00103002B3D
:10E860000CBF01230023DBB2002B10D04B4801F07A
:10E870005FFD0346002B14BF01230023DBB2002BF6
:10E8800005D0474800F00CFD444801F05DFD4448C8
:10E8900000F014FD0023C7F8D4303F4800F042FDDB
:10E8A0000246D7F8D4309342B4BF01230023DBB231
:10E8B000002B77D0D7F8D410374800F03FFDF0EEAA
:10E8C000407AB0EE670A02F0F7FA87ED0E0AD7ED4C
:10E8D000297AB1EE677AD7ED286AD7ED0E7A66EE1F
:10E8E000A77A37EE678A97ED297AD7ED0E7A67EE29
:10E8F000277A97ED287A77EE677AB0EE670AFFF706
:10E9000011FBF0EE406AD7ED2A7A27EEA77AD7ED11
:10E910000E7A67EEA77AB7EE006A77EE867A67EE30
:10E92000277A76EEA77AB0EE670A02F031FDB0EEF4
:10E93000407AC8EE077AB0EE670A01F025FE87ED4F
:10E940000D0AFB69D3ED147A97ED0D7AB4EEE77AF0
:10E95000F1EE10FA14DDFB69D3ED157A97ED0D7A1F
:10E96000B4EEE77AF1EE10FA0AD597ED0D0A0C48ED
:10E9700000F0C1FCD7F8D4300133C7F8D43004E03C
:10E98000D7F8D410044800F0EDFC86E7AFF3008020
:10E99000FCA9F1D24D62303FE47B0224407C02248A
:10E9A000147C02240023C7F8D030C84800F0BAFC19
:10E9B0000246D7F8D0309342B4BF01230023DBB224
:10E9C000002B00F0DF83D7F8D010C04800F0B6FC71
:10E9D000F0EE407AB0EE670A01F0FAFC87ED230A08
:10E9E000D7F8D010B94800F0A9FCF0EE407AB0EEAC
:10E9F000670A02F005FB87ED220AD7ED2A7AB1EE0D
:10EA0000677AD7ED286AD7ED237A66EEA76A97ED85
:10EA1000296AD7ED227A66EE277A76EEE77AC7EE94
:10EA2000276AB0EE660A01F0AFFD87ED210A97ED87
:10EA3000210A02F0E5FA87ED200A97ED210A01F09C
:10EA4000C7FC87ED1F0AFB6993ED037AD7ED207AA7
:10EA500027EE277AD7ED2D6AD7ED1F7A66EEA77AD3
:10EA600037EE277AD7ED2B6AD7ED237A66EEA76AC1
:10EA7000FB6993ED016AD7ED2C7A36EE276AD7ED64
:10EA8000227A66EE277A76EEE76AD7ED207A66EE8E
:10EA9000A77A77EE277AC7ED1E7AFB6993ED067A9F
:10EAA000FB69D3ED036AD7ED1F7A66EEA77A37EEDE
:10EAB000277AD7ED2B6AD7ED237A66EEA76AFB6932
:10EAC00093ED016AD7ED2C7A36EE276AD7ED227ADC
:10EAD00066EE277A76EEE76AD7ED1F7A66EEA77ABA
:10EAE00037EE277AD7ED2D6AD7ED207A66EEA77A32
:10EAF00037EE678AFB69D3ED088AD7F8D0107448DF
:10EB000000F01CFCF0EE407AB0EE670A01F060FC09
:10EB1000B0EE407AC8EE877A38EE278AFB6993ED2B
:10EB2000017AD7ED2C7A37EE277AD7ED237A27EEC4
:10EB3000277AD7ED2B6AD7ED227A66EEA77A37EEE1
:10EB4000277AFB69D3ED097A77EE678AD7F8D01078
:10EB50005F4800F0F3FBF0EE407AB0EE670A02F097
:10EB6000ABF9F0EE407A68EEA77A78EE277AC7ED37
:10EB70001D7AD7ED1E7A27EEA77AD7ED1D7A67EEBC
:10EB8000A77A37EE277AFB69D3ED056AFB69D3EDE7
:10EB9000057A66EEA77A37EE277AFB69D3ED046A29
:10EBA000FB69D3ED047A66EEA77A77EE676AFB69B4
:10EBB000D3ED057A37EEA77AC6EE877AC7ED1C7AD1
:10EBC000D7ED1E7A27EEA77AD7ED1C7A27EE277AA3
:10EBD000D7ED1C7A27EE277AD7ED1E7A67EEA76A63
:10EBE000D7ED1D7A67EEA77A76EEA76AD7ED1C7A85
:10EBF00027EEA76AD7ED1D7A67EEA77A76EE677AD9
:10EC000066EEA77A77EE677AC7ED1B7AD7ED1B7AA7
:10EC1000F5EEC07AF1EE10FA00DAADE2D7ED1E7A29
:10EC2000B1EE677AD7ED1C7A27EE278A97ED1B0A9B
:10EC300002F0AEFBF0EE407A78EE276AD7ED1E7A4E
:10EC400027EEA77AD7ED1D7A67EEA77A37EE277AF7
:10EC5000C6EE877AC7ED1A7AD7ED1E7AB1EE677ADB
:10EC6000D7ED1C7A27EE278A97ED1B0A02F090FB5E
:10EC7000F0EE407A78EE676AD7ED1E7A27EEA77A33
:10EC8000D7ED1D7A67EEA77A37EE277AC6EE877A38
:10EC9000C7ED197A97ED1A0AFFF734F9F0EE407ACA
:10ECA000B7EE007AF4EEC77AF1EE10FA12D897EDCB
:10ECB000190AFFF727F9F0EE407AB7EE007AF4EE82
:10ECC000C77AF1EE10FA05D8012304E0E47B0224B0
:10ECD000147C02240023002B00F04B8297ED1A0ACB
:10ECE00002F060FA87ED330A97ED190A02F05AFA3A
:10ECF00087ED320A97ED1E7AD7ED1A7A37EE277A2A
:10ED0000D7ED1C7A77EE277AF1EE676A97ED1D7AD8
:10ED1000C6EE877AC7ED187A97ED1E7AD7ED197A85
:10ED200037EE277AD7ED1C7A77EE277AF1EE676A0D
:10ED300097ED1D7AC6EE877AC7ED177A97ED180A18
:10ED4000FFF7E0F8F0EE407AB7EE007AF4EEC77A1B
:10ED5000F1EE10FA94BF01230023DBB2002B28D080
:10ED600097ED180A02F0ECF987ED160AD7ED337A21
:10ED7000F5EEC07AF1EE10FA08DD97ED167AD7EDD0
:10ED8000337AB4EEE77AF1EE10FA0FDCD7ED337A8E
:10ED9000F5EEC07AF1EE10FA0BD597ED167AD7EDB5
:10EDA000337AB4EEE77AF1EE10FA02D5BB6DC7F80C
:10EDB000CC3097ED170AFFF7A5F8F0EE407AB7EEE2
:10EDC000007AF4EEC77AF1EE10FA94BF0123002323
:10EDD000DBB2002B28D097ED170A02F0B1F987EDCE
:10EDE000150AD7ED327AF5EEC07AF1EE10FA08DDA9
:10EDF00097ED157AD7ED327AB4EEE77AF1EE10FAA4
:10EE00000FDCD7ED327AF5EEC07AF1EE10FA0BD5C1
:10EE100097ED157AD7ED327AB4EEE77AF1EE10FA83
:10EE200002D57B6DC7F8C830FB6993ED058A97ED75
:10EE3000330A02F0E5F8F0EE407A28EE277AD7EDB3
:10EE40001E7A77EE277AF1EE678AFB6993ED058AE1
:10EE500097ED330A01F0BCFAF0EE407A28EE277AFB
:10EE6000D7ED1D7A77EE277AF1EE677AF0EE670A32
:10EE7000B0EE680A02F0C8F9B0EE407AD7ED337A06
:10EE800077EE677AC7ED147AFB6993ED058A97ED03
:10EE9000320A02F0B5F8F0EE407A28EE277AD7ED84
:10EEA0001E7A77EE277AF1EE678AFB6993ED058A81
:10EEB00097ED320A01F08CFAF0EE407A28EE277ACC
:10EEC000D7ED1D7A77EE277AF1EE677AF0EE670AD2
:10EED000B0EE680A02F098F9B0EE407AD7ED327AD7
:10EEE00077EE677AC7ED137A97ED337AD7ED147A18
:10EEF00037EE277AD7ED217A77EE677AC7ED127A67
:10EF000097ED327AD7ED137A37EE277AD7ED217A5B
:10EF100077EE677AC7ED117AFB69D3ED0E7A97ED3C
:10EF2000127AB4EEE77AF1EE10FA09D4FB69D3ED68
:10EF30000F7A97ED127AB4EEE77AF1EE10FA01DD6E
:10EF4000012300E0002387F84330FB69D3ED0E7AFC
:10EF500097ED117AB4EEE77AF1EE10FA09D4FB6975
:10EF6000D3ED0F7A97ED117AB4EEE77AF1EE10FA5D
:10EF700001DD012300E0002387F84230FB69D3ED77
:10EF8000107A97ED147AB4EEE77AF1EE10FA09D41C
:10EF9000FB69D3ED117A97ED147AB4EEE77AF1EECE
:10EFA00010FA01DD012300E0002387F84130FB69FE
:10EFB000D3ED107A97ED137AB4EEE77AF1EE10FA0A
:10EFC00009D4FB69D3ED117A97ED137AB4EEE77AA1
:10EFD000F1EE10FA01DD012300E0002387F8403054
:10EFE000FB69D3ED127A97ED337AB4EEE77AF1EE5E
:10EFF00010FA09D4FB69D3ED137A97ED337AB4EEA6
:10F00000E77AF1EE10FA01DD012300E0002387F832
:10F010003F30FB69D3ED127A97ED327AB4EEE77A9E
:10F02000F1EE10FA09D4FB69D3ED137A97ED327A39
:10F03000B4EEE77AF1EE10FA01DD012300E00023DF
:10F0400087F83E3097F84330002B04D097F84230D1
:10F05000002B40F0908097F84130002B04D097F8B7
:10F060004030002B40F0878097F83F30002B03D0D2
:10F0700097F83E30002B7ED197F84330002B07D114
:10F0800097F84130002B03D197F83F30002B0BD07D
:10F0900097F84230002B6ED197F84030002B6AD1A0
:10F0A00097F83E30002B66D197F8433083F0010388
:10F0B000DBB2002B2AD097F8413083F00103DBB29A
:10F0C000002B23D097F83F3083F00103DBB2002BF5
:10F0D0001CD0D7F8D0102F4800F030F9B0EE408A9D
:10F0E000D7F8D0102C4800F029F9F0EE407AF0EE75
:10F0F000672A97ED332AD7ED141A97ED121AF0EE1E
:10F10000480A97ED310AF869FEF7C0FE97F84230D9
:10F1100083F00103DBB2002B2ED097F8403083F050
:10F120000103DBB2002B27D097F83E3083F00103B8
:10F13000DBB2002B20D0D7F8D010164800F0FEF834
:10F14000B0EE408AD7F8D010134800F0F7F8F0EE90
:10F15000407AF0EE672A97ED322AD7ED131A97ED31
:10F16000111AF0EE480A97ED310AF869FEF78EFEA3
:10F1700002E000BF00E000BFD7F8D0300133C7F88D
:10F18000D03012E400BF07F58077BD46BDEC028B9E
:10F1900080BD00BFE47B0224147C022480B483B0D1
:10F1A00000AF78607B6800221A607B6818460C37D5
:10F1B000BD465DF8047B704780B483B000AF7860D3
:10F1C0007B6800221A6000BF0C37BD465DF8047BE7
:10F1D000704780B483B000AF786087ED000A3A686A
:10F1E0007B681B68581C7968086079689B000B4431
:10F1F00004331A6000BF0C37BD465DF8047B7047CE
:10F2000080B483B000AF78607B6800221A607B68AE
:10F2100018460C37BD465DF8047B704780B483B058
:10F2200000AF78607B6800221A6000BF0C37BD46D3
:10F230005DF8047B704780B483B000AF78603960BC
:10F240007A683B689B00134404331B6807EE903ACE
:10F25000B0EE670A0C37BD465DF8047B704780B49A
:10F2600083B000AF786039603A687B681B68581CCF
:10F270007968086079689B000B445A6000BF0C37BE
:10F28000BD465DF8047B704780B483B000AF786002
:10F290007B681B6818460C37BD465DF8047B7047D9
:10F2A00080B483B000AF78607B6800221A607B680E
:10F2B00018460C37BD465DF8047B704780B483B0B8
:10F2C00000AF78607B6800221A6000BF0C37BD4633
:10F2D0005DF8047B704780B483B000AF786039601C
:10F2E0007A683B689B0013445B6818460C37BD4640
:10F2F0005DF8047B704780B483B000AF786087ED21
:10F30000000A3A687B681B68581C7968086079684D
:10F310009B000B4404331A6000BF0C37BD465DF8F8
:10F32000047B704780B483B000AF78607B681B6853
:10F3300018460C37BD465DF8047B704780B483B037
:10F3400000AF786039607A683B689B0013440433EF
:10F350001B6807EE903AB0EE670A0C37BD465DF8C1
:10F36000047B704780B483B000AF786039603B683D
:10F3700001333B607B681B683A689A4210DA3B684D
:10F38000013B79683A6892000A440432126879684D
:10F390009B000B4404331A603B6801333B60E9E790
:10F3A0007B681B685A1E7B681A6000BF0C37BD461D
:10F3B0005DF8047B704780B483B000AF786039603B
:10F3C0007B689A693B68D31A18460C37BD465DF8CE
:10F3D000047B704780B483B000AF78607B68002BFB
:10F3E000B8BF5B4218460C37BD465DF8047B7047DA
:10F3F00080B483B000AF78607B6818460C37BD4698
:10F400005DF8047B704780B588B000AFF860B960E4
:10F410007A603B60FB68DB6B3A68D31AFB617B6800
:10F42000002B05D07968F86900F006FA034600E081
:10F43000FB69BB617B68002B0AD07868FFF7CAFFC5
:10F4400003461A46B969F86900F0B2F9034600E0CC
:10F450000023FA685361FB685A69FB685A607B684D
:10F46000002B08DAFB685B695A42FB685A61FB684B
:10F470005A69FB685A60FB68DB6ABA69D21AFB6892
:10F480009B6BD31A7B61BB68002B05D0B968786988
:10F4900000F0D2F9034600E07B693B61BB68002BBA
:10F4A0000AD0B868FFF796FF03461A4639697869AB
:10F4B00000F07EF9034600E00023FA689360BB6821
:10F4C000002B04DAFB689B685A42FB689A60FB6871
:10F4D0009B685A42FB681A61FB68186BFB685B6BA0
:10F4E0003A69194600F082F90246FB68DA60FB6867
:10F4F000196BFB685B6B1A46386900F059F90246D4
:10F50000FB689B681A44FB689A60FB68596BFB6850
:10F510001B6B1A46386900F04BF90246FB681B6901
:10F520001A44FB681A6100BF2037BD4680BD80B514
:10F530008EB000AFF860B9607A603B60FB68DB6B4F
:10F540003A68D31A7B637B68002B05D07968786BA7
:10F5500000F072F9034600E07B6B3B637B68002B95
:10F560000AD07868FFF736FF03461A46396B786B86
:10F5700000F01EF9034600E00023FA685361FB68BF
:10F580005A69FB685A607B68002B08DAFB685B6984
:10F590005A42FB685A61FB685A69FB685A60FB680B
:10F5A0001B6ABA68D31ABB60FB68DB6A3A68D31A75
:10F5B000FB62B968F86A00F03FF9B862BA68B96AE4
:10F5C000F86A00F0F5F87862FB68DB6BFA6AD21A29
:10F5D000FB689B6BD31A3B62FB68DB691A46396A8E
:10F5E000B86A00F0E5F8F861FB68DB69BA6A396A65
:10F5F000184600F0DDF8B861FB68186BFB685B6BC0
:10F600003A6A194600F0F2F80246FB68DA60FB68D5
:10F61000196BFB685B6B1A46386A00F0C9F8024642
:10F62000FB689A60FB689A687B6AD21AFB69D21AF7
:10F63000FB689A60B969F868FFF7BDFE7861FB68FE
:10F64000596BFB681B6B1A46386A00F0B1F802462A
:10F65000FB681A61FB681A697B691A44FB681A61C6
:10F6600000BF3837BD4680BD80B582B000AF78603E
:10F670007B681A6C7B689B6CD21A7B681A627B6809
:10F68000186A7B689A6B7B68DB6B1344194600F041
:10F69000D3F802467B68DA617B68186A7B68D969AF
:10F6A0007B689A6B7B68DB6B13441A4600F080F82A
:10F6B0000346C3F500527B689A6100BF0837BD4618
:10F6C00080BD000080B485B000AF786039603B68D1
:10F6D000002B02D14FF4005315E07B685A023B68BF
:10F6E00092FBF3F3FB60FB68002B04DB094AFB6829
:10F6F00052F8233006E0FB685B42064A52F823309A
:10F70000C3F5005300BF18461437BD465DF8047BAF
:10F71000704700BF5401040880B582B000AF786024
:10F720007B68002B01DC00233AE07B68012B01DCC5
:10F73000012335E07B68062B01DC022330E07B6887
:10F740000B2B01DC03232BE07B68142B01DC04234F
:10F7500026E07B68202B01DC052321E07B6840F656
:10F76000C412934208DC7B681B11023B7B600E4A8B
:10F770007B6852F8233013E07B68B3F5B03F08DABA
:10F780007B68DB11133B7B60084A7B6852F82330AF
:10F7900006E07B681B121846FFF7BEFF03461B01FD
:10F7A00018460837BD4680BD58090408C80B040830
:10F7B00080B584B000AFF860B9607A60BB6803FBC5
:10F7C00003F2FB6803FB03F31A447B6803FB03F3B8
:10F7D000D01AFB68BA6802FB03F35B001946FFF717
:10F7E00071FF034618461037BD4680BD80B584B012
:10F7F00000AFF860B9607A607A68B968F868FFF7B6
:10F80000D7FF0346C3F5005318461037BD4680BDE9
:10F8100080B582B000AF786039603B6803FB03F2CB
:10F820007B6803FB03F3D31A1846FFF775FF034603
:10F8300018460837BD4680BD80B582B000AF7860FD
:10F8400039607B6803FB03F23B6803FB03F313445B
:10F850001846FFF761FF034618460837BD4680BDCE
:10F8600080B483B000AF786039607B68B3F5806F97
:10F8700001DB3B6809E07B68C3F30903064A52F8E1
:10F8800023303A6802FB03F39B1218460C37BD463F
:10F890005DF8047B704700BF2449020880B500AFC3
:10F8A000002213491348EDF7B5FD0346002B01D0A4
:10F8B000E6F746FE10490F48EDF7DCFD0346002B46
:10F8C00001D0E6F73DFE0D490A48EDF7FDFC034681
:10F8D000002B01D0E6F734FE0648EDF7F2FD0346B3
:10F8E000002B01D0E6F72CFEE9F74EFD00BF80BDEE
:10F8F000600100248C7E0224300000244C0100248E
:10F9000080B500AF002205490548EDF7F2FC054936
:10F910000348EDF70CFD0023184680BDDC8102246E
:10F920008C7E02245C81022480B400AF0023184640
:10F93000BD465DF8047B704780B483B000AF0346DA
:10F940003960FB711346BB80FB79232B4AD801A297
:10F9500052F823F0E5F90108E5F90108E5F9010895
:10F96000E5F90108E5F90108E5F90108E5F90108FB
:10F97000E5F90108E5F90108E5F90108E5F90108EB
:10F98000E5F90108E5F90108E5F90108E5F90108DB
:10F99000E5F90108E5F90108E5F90108E5F90108CB
:10F9A000E5F90108E5F90108E5F90108E5F90108BB
:10F9B000E5F90108E5F90108E5F90108E5F90108AB
:10F9C000E5F90108E5F90108E5F90108E5F901089B
:10F9D000E5F90108E5F90108E5F90108E5F901088B
:10F9E000E5F9010800BF002318460C37BD465DF855
:10F9F000047B704780B582B000AF78603960796869
:10FA00000548EDF794FC0448EDF7DAFC00231846AE
:10FA10000837BD4680BD00BF8C7E022480B584B00F
:10FA200000AF78600B467B800023FB730D4BD3F84F
:10FA3000BC32BB60BB68D3F81432002B01D0012369
:10FA40000BE07B881A4679680648EDF752FC0548BA
:10FA5000EDF786FC0346FB73FB7B18461037BD466B
:10FA600080BD00BF8C7E022480B487B000AFF860F8
:10FA7000B9601346FB710023FB7597F917301846E0
:10FA80001C37BD465DF8047B7047000080B483B02E
:10FA900000AF03463960FB713B6812221A80034BAA
:10FAA00018460C37BD465DF8047B70477C01002486
:10FAB00080B483B000AF03463960FB713B68042219
:10FAC0001A80034B18460C37BD465DF8047B70471F
:10FAD0009001002480B582B000AF03463960FB710D
:10FAE000FB79002B05D13A6807490848EEF71BFD62
:10FAF00004E03A6804490548EEF715FD024B184644
:10FB00000837BD4680BD00BF5C820224A4380208CD
:10FB100080B582B000AF03463960FB713A68044992
:10FB20000448EEF700FD024B18460837BD4680BD7D
:10FB30005C820224BC38020880B582B000AF034664
:10FB40003960FB713B681A221A8000F043F8024BBF
:10FB500018460837BD4680BD9401002480B582B0A8
:10FB600000AF03463960FB71FB79002B05D13A6881
:10FB700007490848EEF7D7FC04E03A68044905480D
:10FB8000EEF7D1FC024B18460837BD4680BD00BFDA
:10FB90005C820224D038020880B582B000AF0346F0
:10FBA0003960FB71FB79002B05D13A680749084899
:10FBB000EEF7B9FC04E03A6804490548EEF7B3FCF7
:10FBC000024B18460837BD4680BD00BF5C82022448
:10FBD000DC38020880B584B000AF0F4B1B68FB60B7
:10FBE0000E4B1B68BB600E4B1B687B60FA687B6822
:10FBF0001344FB60FB68002B09D008220949F86810
:10FC000000F014F804220849B86800F00FF800BFAB
:10FC10001037BD4680BD00BF00E8F11F04E8F11FAA
:10FC200008E8F11F96010024A601002480B487B0E3
:10FC300000AFF860B9601346FB710023FB75002329
:10FC4000FB7527E0FB681B0F092B0BD8FB681B0F0C
:10FC5000DAB2FB7D5B001946BB680B443032D2B28E
:10FC60001A700AE0FB681B0FDAB2FB7D5B001946D5
:10FC7000BB680B443732D2B21A70FB681B01FB60C1
:10FC8000FB7D5B000133BA68134400221A70FB7DD0
:10FC90000133FB75FA7DFB799A42D3D300BF00BFD5
:10FCA0001C37BD465DF8047B7047000080B483B00C
:10FCB00000AF7860064B5B6D23F4401204497B680B
:10FCC00013434B6500BF0C37BD465DF8047B70479E
:10FCD0000044025880B400AF054BDB68044A43F08F
:10FCE0008073D36000BFBD465DF8047B704700BFE2
:10FCF0000048025880B58AB000AF786007F114035D
:10FD000000221A605A609A60DA601A617B681B6888
:10FD1000214A93423CD14FF40010FFF7C7FFFFF791
:10FD2000D9FF1E4BD3F8E0301C4A43F00103C2F860
:10FD3000E0301A4BD3F8E03003F001033B613B693C
:10FD40004FF4C0537B610223BB610023FB6100239E
:10FD50003B620A237B6207F1140319461048E7F758
:10FD600093FF0E4BD3F8D8300C4A43F00063C2F82F
:10FD7000D8300A4BD3F8D83003F00063FB60FB683F
:10FD8000002200216520E6F7A2FF6520E6F7B9FF13
:10FD900000BF2837BD4680BD00000840004402581F
:10FDA0000000025880B582B000AF78607B68D3F85D
:10FDB00004247B6803F5717319461046EDF7CCFBFC
:10FDC00000BF0837BD4680BD80B582B000AF786007
:10FDD0000B46FB707B68D3F80404FA787968134605
:10FDE000DB009B1A9B000B4403F502731A68FB7837
:10FDF0001946EDF706FC00BF0837BD4680BD80B54B
:10FE000082B000AF78600B46FB707B68D3F80404C7
:10FE1000FA7879681346DB009B1A9B000B44483341
:10FE20001A68FB781946EDF74FFC00BF0837BD464E
:10FE300080BD80B582B000AF78607B68D3F80434B1
:10FE40001846EDF763FD00BF0837BD4680BD80B59D
:10FE500084B000AF78600123FB737B68DB68002B04
:10FE600002D10023FB7308E07B68DB68022B02D120
:10FE70000123FB7301E0E6F763FB7B68D3F80434EE
:10FE8000FA7B11461846EDF703FD7B68D3F804347E
:10FE90001846EDF7AFFC00BF1037BD4680BD00002F
:10FEA00080B582B000AF78607B68D3F80434184620
:10FEB000EDF7FEFC7B681B6803F560631B687A68DE
:10FEC000126802F5606243F0010313607B681B6AED
:10FED000002B05D0044B1B69034A43F00603136152
:10FEE00000BF0837BD4680BD00ED00E080B582B0A0
:10FEF00000AF78607B68D3F804341846EDF7EEFC69
:10FF000000BF0837BD4680BD80B582B000AF7860C5
:10FF10000B46FB707B68D3F80434FA781146184618
:10FF2000EDF73CFD00BF0837BD4680BD80B582B00F
:10FF300000AF78600B46FB707B68D3F80434FA7826
:10FF400011461846EDF704FD00BF0837BD4680BDD9
:10FF500080B582B000AF78607B68D3F8043418466F
:10FF6000EDF742FD00BF0837BD4680BD80B582B0C9
:10FF700000AF78607B68D3F804341846EDF73FFD96
:10FF800000BF0837BD4680BD80B582B000AF786045
:10FF90007B681B78002B3ED1214A7B68C2F8043471
:10FFA0007B681F4AC3F8C4221D4B1E4A1A601C4BB3
:10FFB00009225A601A4B0222DA60194B00221A6198
:10FFC000174B02229A61164B0022DA61144B002271
:10FFD0001A62134B00225A62114B00229A62104B94
:10FFE0000022DA620E4B00221A630D48E7F7FCFF8D
:10FFF0000346002B01D0E6F7A3FA80210848E9F771
:020000040802F0
:1000000082F9402200210648E9F736F980220121D1
:100010000348E9F731F9002318460837BD4680BD8B
:100020005C8402240000084080B584B000AF786092
:100030000023FB730023BB737B68D3F8C4321846DC
:10004000E8F7F6F80346FB73FB7B184600F042F92D
:100050000346BB73BB7B18461037BD4680BD80B5D9
:1000600084B000AF7860084611461A460346FB701C
:100070000B46BB7013463B800023FB730023BB730E
:100080007B68D3F8C402BB783A88F978E8F7FBFCC0
:100090000346FB73FB7B184600F01CF90346BB7359
:1000A000BB7B18461037BD4680BD80B584B000AF1D
:1000B00078600B46FB700023FB730023BB737B68E7
:1000C000D3F8C432FA7811461846E8F744FD0346DF
:1000D000FB73FB7B184600F0FDF80346BB73BB7B4C
:1000E00018461037BD4680BD80B584B000AF78603B
:1000F0000B46FB700023FB730023BB737B68D3F8B4
:10010000C432FA7811461846E8F71CFE0346FB7322
:10011000FB7B184600F0DEF80346BB73BB7B18463A
:100120001037BD4680BD80B584B000AF78600B4607
:10013000FB700023FB730023BB737B68D3F8C432CE
:10014000FA7811461846E8F761FE0346FB73FB7B1D
:10015000184600F0BFF80346BB73BB7B1846103748
:10016000BD4680BD80B485B000AF78600B46FB70A3
:100170007B68D3F8C432FB6097F90330002B0BDAAD
:10018000FB7803F07F02F9681346DB009B1A9B00A3
:100190000B443E331B780BE0FB7803F07F02F968D9
:1001A0001346DB009B1A9B000B4403F5FF731B787F
:1001B00018461437BD465DF8047B704780B584B09F
:1001C00000AF78600B46FB700023FB730023BB730A
:1001D0007B68D3F8C432FA7811461846E8F72EFC4B
:1001E0000346FB73FB7B184600F074F80346BB73B1
:1001F000BB7B18461037BD4680BD80B586B000AFCA
:10020000F8607A603B600B46FB720023FB750023AD
:10021000BB75FB68D3F8C402F97A3B687A68E8F7E3
:1002200047FD0346FB75FB7D184600F053F8034677
:10023000BB75BB7D18461837BD4680BD80B586B0FE
:1002400000AFF8607A603B600B46FB720023FB75E1
:100250000023BB75FB68D3F8C402F97A3B687A685F
:10026000E8F7C3FC0346FB75FB7D184600F032F847
:100270000346BB75BB7D18461837BD4680BD80B5AB
:1002800082B000AF78600B46FB707B68D3F8C43255
:10029000FA7811461846E8F7F3FC03461846083783
:1002A000BD4680BD80B483B000AF7860034B184674
:1002B0000C37BD465DF8047B704700BF447C0224C8
:1002C00080B483B000AF786000BF0C37BD465DF8E6
:1002D000047B704780B485B000AF0346FB710023F8
:1002E000FB73FB79032B17D801A252F823F000BF50
:1002F00001030208070302080D03020813030208A2
:100300000023FB730BE00323FB7308E00123FB7363
:1003100005E00323FB7302E00323FB7300BFFB7BB9
:1003200018461437BD465DF8047B704700F012B8DC
:100330000368DB0706D4437803B1FFDE0123437073
:10034000184670470020704701230360704708B5C6
:1003500000F00EF802F084BA08B5804702F046FAC1
:10036000024B1868BFF35B8F704700BFB0010024D9
:1003700008B5FFF7F5FFFFF7EFFFCB0712D421EE2B
:10038000006B90ED1A5B90ED187BA5EE017B90ED74
:10039000165B21EE061BA5EE060BA7EE010BB7EED2
:1003A000C00B704790ED145B21EE016B90ED127B5A
:1003B00090ED0C0BA1EE057B90ED0E5BA1EE050B15
:1003C00090ED105B21EE061BA6EE050BE5E70000A5
:1003D000F8B510EE104AC4F30A53B3F57D7FB7EEBB
:1003E000C06A0CD226EE061BB3F5667F78D3B0EE5A
:1003F000460B3F480121BDE8F840FFF7BEBF40F281
:100400002E42934226D83A4B93ED087B26EE077B8B
:10041000FDEEC77B03F1700017EE901A01F50001A5
:10042000091607EE901A01F0030203EBC202B8EEC0
:10043000E75B92ED000B93ED0A7B11F0020FA5EE46
:10044000476B81F0010108BF184626EE061B20EE1F
:10045000060BD0E7B3F5FF6F3ED2264BC4F38362A1
:1004600003EB8200C4F31601C4F3C255066A0069A7
:1004700041F40001A94053F82250A1FB066705FB97
:1004800001F33A46E0FB0123111C43F10056002022
:10049000101A06F0404163EB0101E0F7FFF8B50FD9
:1004A000134B05EBD4749FED100B41EC170B04F0CC
:1004B000030203EBC20227EE000B92ED007B20EE5D
:1004C000001B14F0020F03F1700085F0010108BF5A
:1004D000184627EE000B8EE7BDE8F84000F044B860
:1004E000B7EE000AF8BD00BF182D4454FB21193C9B
:1004F000901A0408301A040813B504468DED010A59
:1005000002F07CF99DED010A046002B010BD30B12B
:10051000F1EE407A27EE800A2220FFF7EDBFF0EEE1
:10052000407AF7E79FED010AFFF7F1BF00000010E6
:100530009FED010AFFF7EBBF0000201A9FED010AB3
:10054000FFF7E5BF00000070B7EE000AFFEE007A8B
:10055000002840FE277A9FED030A222087EE800ABA
:10056000FFF7CABF00000000F0EE407A30EE407A9C
:10057000F4EE677AF1EE10FA87EE070A02D6212030
:10058000FFF7BABF7047000038B510EE105A25F0DB
:100590000044B4F1A14FF0EE407A0FDBB4F1FF4F0D
:1005A00004DD70EE007AB0EE670A38BDDFED4D7AFB
:1005B0009FED4D0A002D77FE807AF4E74B4B9C426D
:1005C00010DCB4F1445F0ADA9FED497A30EE077A25
:1005D000F7EE006AB4EEE67AF1EE10FAE3DC4FF0E3
:1005E000FF3313E000F05CF9424B9C424FDCA3F573
:1005F000D0039C4241DCF0EE007ABFEE007AA0EE20
:10060000277A002330EE270AC7EE007A5A1C67EEDD
:10061000A76ADFED395A9FED396A9FED395A9FED90
:10062000390A26EEA67AA7EE256ADFED375AE6EEFE
:10063000075A9FED366AA5EE876ADFED355AE6EE7A
:10064000075A9FED346AA5EE876ADFED335AE7EE6D
:10065000055A9FED325AA5EE875ADFED315AE5EE85
:10066000075AA5EE870A20EE070AA6EE260A27EE0D
:10067000800A21D177EEC07A95E7F7EE007A30EE66
:10068000677A30EE270A0123C7EE007ABEE7254BD2
:100690009C420BDCF7EE087AB7EE007AA0EE277AE0
:1006A000022370EE676AC6EE877AAFE7BFEE007A84
:1006B000C7EE007A0323A9E71B4A1C4902EB830219
:1006C00001EB830393ED007A30EE470A002D70EEC4
:1006D000677A92ED000A70EE677AB8BFF1EE677A3A
:1006E00061E700BFDB0FC93FDB0FC9BFFFFFDF3E84
:1006F000CAF24971FFFF973FD769853C59DA4B3DF4
:1007000021A215BDCDCC4CBE356B883D6E2EBA3DB9
:100710002549123EABAAAA3E6BF16EBD95879DBDE1
:10072000388EE3BDFFFF1B407C1604088C160408BE
:1007300010EE103AC3F3C7527F3A162A23F0004155
:100740002ADC002A11DADFED197A30EE270AB5EE3D
:10075000C00AF1EE10FA05DD002B23DB002918BFDB
:100760004FF07E5300EE103A7047114911410B4291
:10077000FAD0DFED0E7A30EE270AB5EEC00AF1EEC0
:1007800010FAEFDD002BC2BF4FF4000040FA02F276
:100790009B1823EA0103E5E7B1F1FF4FE4D330EE04
:1007A000000A70474FF00043DCE700BFCAF249710E
:1007B000FFFF7F0010EE102A70B4C2F30A5340F21C
:1007C0002A44A342B7EEC06A2AD912F5000F59D0C5
:1007D000B3F5FF6F03D330EE000A70BC7047DFED56
:1007E0002B7AB4EEE70AF1EE10FA03DD70BC0020BC
:1007F000FFF7A4BEDFED267AB4EEE70AF1EE10FAB9
:1008000003D570BC0020FFF78DBEDFED227AB4EE79
:10081000E70AF1EE10FA03D570BC0020FFF788BE9E
:100820001D4BB7EE000B93ED4A5B93ED484BB0EEDA
:10083000447BA5EE067B17EE105A37EE447B05F09D
:100840001F0203EBC202D2E9004695EE067B93ED50
:10085000504B93ED4C5BA4EE070B93ED4E6B0023D6
:1008600018194FEAC53242EB0601A5EE076B27EED9
:10087000075B41EC170BA6EE050B20EE070BB7EE5E
:10088000C00BAAE79FED050AA7E700BF1772B142A8
:10089000B4F1CFC2CF8ECEC2A01604080000000073
:1008A00010EE103A23F0004300EE103A70470000BB
:1008B00010EE103AC3F3C7527F3A162A23F00041D4
:1008C0002ADC002A11DADFED187A30EE270AB5EEBD
:1008D000C00AF1EE10FA05DD002B23DA134A0029D5
:1008E00018BF134600EE103A7047114911410B42F0
:1008F000FAD0DFED0D7A30EE270AB5EEC00AF1EE40
:1009000010FAEFDD002BBEBF4FF4000040FA02F2F8
:100910009B1823EA0103E5E7B1F1FF4FE4D330EE82
:10092000000A70470023DDE7CAF24971000080BF6A
:10093000FFFF7F0010EE103A23F000420021B2F1D9
:10094000FF4F016019DAC2B113F0FF4F0AD1DFED9A
:100950000B7A60EE277A6FF0180117EE903A01607B
:1009600023F000420168D21523F0FF437E3A43F0A2
:100970007C530A4400EE103A026070470000004CBD
:1009800010B52DED028B0446B0EE408A01F01AFF3F
:10099000B8B1B5EE408AF1EE10FA12D0B0EE480AC6
:1009A000204600F019FAB0EE408A01F00BFF20B1AA
:1009B000B5EE408AF1EE10FA03D101F01FFF2223B9
:1009C0000360B0EE480ABDEC028B10BD10EE103A89
:1009D000B3F17E5F10B455D0A3F50002B2F1FE4F23
:1009E0001AD35A0004D15DF8044B0120FFF7ACBDC7
:1009F000B3F1FF4F43D0002B02DBB2F17F4F03D3A3
:100A00005DF8044BFFF7B0BDDFED207A20EE270A3A
:100A100010EE103AA3F1386303F140421C49BFEED7
:100A2000000B02F54D02C2F3C340D40D01EB0010E0
:100A3000E40590ED006B1B1B07EE903A91ED405BD7
:100A4000B7EEE77AD215A6EE070B90ED026B07EE34
:100A5000902A91ED444BB8EEE77BA7EE056B91ED44
:100A6000467B20EE005BA4EE007B91ED424B30EE26
:100A7000060BA4EE057BA5EE070BB7EEC00B5DF8E9
:100A8000044B70479FED030AF9E700BF0000004BDD
:100A9000E81704080000000010EE103AC3F3C75234
:100AA0007F3A162A0ADC002A03DA03F000430360C7
:100AB00070470A4941FA02F2134206D103F000439B
:100AC00080ED000A00EE103A704723EA020307EEB9
:100AD000903A036030EE670A704700BFFFFF7F0067
:100AE000C0F3C7537E2B10DD962B0CDC0122C3F123
:100AF000960302FA03F35A1E024206D103420CBFC8
:100B0000022001207047022070470020704700003B
:100B1000F0B510EE101A10EE906AA1F50003720005
:100B2000B3F1FE4F85B002F1FF306FF0807356D203
:100B3000984256D2002001F14042A34EBFEE006B16
:100B400002F54D02C2F3C347D20D06EB0717D205DB
:100B50008B1A97ED005B07EE903AD215B7EEE77A65
:100B6000A5EE076B97ED025B26EE062B22EE021B2D
:100B700007EE902A96ED404BB8EEE77B37EE057B0B
:100B800096ED425B96ED443BA6EE045B96ED464B3C
:100B9000A6EE034B96ED483BB7EEE00AA6EE037BCC
:100BA000A2EE047BA5EE017B20EE070B10EE901A5F
:100BB00000230027C1F3CF3248F2BE069F4208BF90
:100BC000964280F0B1809FED787BB4EEC70BF1EEDA
:100BD00010FA79DD05B0BDE8F040FFF7AFBC9842F0
:100BE0002DD352B981F480035B0013F5000F40F25E
:100BF000CD8030EE200A05B0F0BDB1F17E5F05D1A9
:100C000086F48006760016F5000FF0E74B00B3F18E
:100C10007F4FEED8B2F17F4FEBD1B3F1FE4F00F032
:100C2000B580B3F1FE4F6FEA060634BF00230123FF
:100C3000F60FB34240F0AD8020EEA00ADBE74F0094
:100C40007A1E9A421CD3002920EE000A0FDA10EE19
:100C5000900AFFF745FF012809D1B1EE400A47B9D4
:100C6000002EC8DA05B0BDE8F040FFF76DBC0020EB
:100C7000F5E7002EBFDAF7EE007A87EE800ABAE7D2
:100C800000291FDA10EE900AFFF72AFF20B905B0FD
:100C9000BDE8F040FFF768BC012814BF00204FF406
:100CA000803021F00041B1F5000FBFF444AFDFED1B
:100CB000477A20EE270A10EE103A23F00043A3F102
:100CC000386138E70020EEE79FED397BB4EEC70BC3
:100CD000F1EE10FA10DD4FF04C5300285CD1029376
:100CE000DDED027AB7EE007A77EE877AF4EE477A96
:100CF000F1EE10FA7FF46EAF9FED2F7BB4EEC70BD1
:100D0000F1EE10FA04D805B0BDE8F040FFF70ABCD8
:100D10009FED2B7BB4EEC70BF1EE10FA04D505B0B6
:100D2000BDE8F040FFF704BC294B93ED407B30EE6B
:100D3000076B8DED006B36EE477B30EE477BDDE9D0
:100D40000067B7EE000B06F01F0103EBC101D1E90C
:100D500000CE93ED425B93ED446B93ED464BA7EED3
:100D6000056B27EE075B3618002313EB0C044FEAE4
:100D7000C63141EB0E05A7EE040B45EC174BA6EE72
:100D8000050B20EE070BB7EEC00B34E7B7EE000AF9
:100D900031E79FED100A2EE70393DDED037ABFEEF6
:100DA000007A77EE677AA1E771D5D1FFFFFF5F4048
:100DB000E2AAA3FFFFFF5F400000000000C062C086
:100DC0000000000000A062C0081904080000004BE9
:100DD000A01604080000000010EE103A33F00042A4
:100DE00024D0B2F1FF4F02D330EE000A704713F067
:100DF000FF4F21D1294BDFED2A7A984220EE270AB6
:100E000015DB10EE103AC3F3C752193A0244FE2A1A
:100E100014DDDFED247ADFED246A10EE103AB0EE37
:100E2000677A002B67FEA67A27EE270A7047DFED68
:100E30001F7A20EE270A7047D20DE7E7002A06DD69
:100E400023F0FF4343EAC25300EE103A704712F119
:100E5000160F19DA4CF25033984210EE103A03F0A4
:100E6000004309DD9FED0F0A9FED0F7AF0EE407A07
:100E7000002B00FE070ADCE79FED0C0A9FED0C7AC1
:100E8000F0EE407A002BF4E7193223F0FF4343EAF7
:100E9000C253DFED087A07EE103AC5E7B03CFFFF1A
:100EA0000000004CCAF24971CAF249F16042A20D39
:100EB0006042A28D0000003310EE103A07B5104AD0
:100EC00023F00043934205DCDFED0E0A012001F020
:100ED00079FA04E0B3F1FF4F04DB30EE400A03B0CF
:100EE0005DF804FB684600F035FE400000F00200AB
:100EF000DDED010A9DED000AC0F10100E7E700BF4A
:100F0000DA0F493F0000000010B510EE104A24F03F
:100F10000043B3F1FF4F2DED028BB0EE407A0CDBB6
:100F2000B7EE000AC0EE077A002CACBF37EE800A9D
:100F300037EEC00ABDEC028B10BD1B4A934230DC79
:100F4000B3F1105F06DAF7EE007A70EE277A27EE3B
:100F5000800AEFE7B3F17E5FB0EE008A12DBFFF7A5
:100F60009FFC30EE000A01F00FFB30EE080AC8EEDD
:100F7000007AB7EE000A30EE670A002CB8BFB1EE77
:100F8000400AD7E7FFF78CFCF8EE007A20EE270A3C
:100F900001F0FAFA70EE087AB1EE407A87EE270A8D
:100FA000EBE7B7EE000AE8E7FFFFAF41CB0712D44B
:100FB00021EE006B90ED1A5B90ED187BA5EE017BA6
:100FC00090ED165B21EE061BA5EE060BA7EE010BBE
:100FD000B7EEC00B704790ED145B21EE016B90ED06
:100FE000127B90ED0C0BA1EE057B90ED0E5BA1EE5C
:100FF000050B90ED105B21EE061BA6EE050BE5E759
:10100000F7B510EE104AC4F30A53B3F57D7FB7EE7F
:10101000C06AF0EE407A4FEA145218D226EE061B50
:10102000B3F5667F0AD212F4FF6F03D1B7EEC11B8E
:101030008DED011AB0EE670A03B0F0BD3E48B0EE88
:10104000460B002103B0BDE8F040FFF7AFBF40F210
:101050002E42934224D8384B93ED087B26EE077B33
:10106000FDEEC77B03F1700017EE901A01F5000149
:10107000091607EE901A01F0030203EBC202B8EE64
:10108000E75B92ED000B93ED0A7B11F0020FA5EEEA
:10109000476B08BF184626EE061B20EE060BD1E76D
:1010A000B3F5FF6F3DD2254BC4F3836203EB82009F
:1010B000C4F31601066A0069C4F3C25541F4000185
:1010C000A94053F82250A1FB066705FB01F33A46FD
:1010D000E0FB0123111C43F100560020101A06F01A
:1010E000404163EB0101DFF7D9FAB50F124A05EB76
:1010F000D4739FED0F0B41EC170B03F0030102EBD0
:10110000C10127EE000B91ED007B20EE001B13F0D8
:10111000020F02F17000294608BF104627EE000BAF
:1011200090E703B0BDE8F040FFF71EBAAFF30080D0
:10113000182D4454FB21193C901A0408301A040855
:1011400008B52DED028BB0EE408A00F047F9134B45
:1011500093F900300133F0EE408A1AD0B4EE488A99
:10116000F1EE10FA15D6B0EE480AFFF799FBF7EE4C
:10117000007AB4EEE70AF1EE10FA0ADD01F03EFB68
:10118000BDEC028B21230360BDE80840044801F058
:1011900027BBB0EE680ABDEC028B08BDB401002489
:1011A0001520040808B52DED028BB0EE408A00F042
:1011B0000FFA134B93F900300133F0EE408A1AD046
:1011C000B4EE488AF1EE10FA15D6B0EE480AFFF7F1
:1011D00067FBF7EE007AB4EEE70AF1EE10FA0ADDEB
:1011E00001F00CFBBDEC028B21230360BDE808403D
:1011F000044801F0F5BAB0EE680ABDEC028B08BDF8
:10120000B40100241520040800F0C8BA08B52DED7B
:10121000028BB0EE408A00F05FFB114B93F9003077
:101220000133F0EE408A15D0B4EE488AF1EE10FAA0
:1012300010D6B0EE480AFFF733FBDFED0A7AB4EEC2
:10124000E70AF1EE10FA05DD01F0D8FADFED068AC3
:1012500022230360B0EE680ABDEC028B08BD00BF1C
:10126000B4010024FCD4B2420000807F08B52DED0B
:10127000028BF0EE408AB0EE608A00F091FB0F4BDB
:1012800093F90030013316D0B4EE488AF1EE10FA2B
:1012900011D6F4EE688AF1EE10FA0CD6DFED088A6A
:1012A000B4EE688AF1EE10FA05D101F0A7FA88EEE3
:1012B000A80A21230360BDEC028B08BDB401002401
:1012C0000000000008B52DED028BB0EE408A00F062
:1012D000E9FB144B93F90030013314D0B4EE488A83
:1012E000F1EE10FA0FD6B5EEC08AF1EE10FA0AD878
:1012F000B5EE408AF1EE10FA08D101F07FFA222310
:101300009FED090A0360BDEC028B08BD01F076FA7F
:10131000BDEC028B21230360BDE80840034801F0C7
:101320005FBA00BFB4010024000080FF152004084C
:1013300008B52DED028BF0EE408A00F047FD114B11
:1013400093F900300133B0EE408A15D001F03AFA3B
:1013500090B9B0EE680A01F035FA68B101F04EFAC2
:101360009FED098A9FED090A2223F5EEC08AF1EE6E
:1013700010FA036038FE008AB0EE480ABDEC028B1A
:1013800008BD00BFB40100240000807F000080FF82
:1013900008B52DED028BB0EE408A00F085FD0D4BB7
:1013A00093F90030013311D0B4EE488AF1EE10FA0F
:1013B0000CD6DFED098AB4EEE88AF1EE10FA05D515
:1013C00001F01CFA88EEA80A21230360BDEC028B11
:1013D00008BD00BFB40100240000000008B510EEF5
:1013E000103A23F00042B2F17E5F2DED0C8B09D153
:1013F0009FED660A9FED668A002B30FE080ABDEC61
:101400000C8B08BD04DD30EE408A88EE080AF6E752
:10141000B2F17C5F3EDAB2F10C5F40F3B38060EE74
:10142000007ADFED5C6A9FED5C7A9FED5C6A9FED70
:101430005C8AA7EEA67ADFED5B6AE7EE276A9FED8E
:101440005A7AA6EEA77ADFED596AE7EE276A9FED92
:10145000587AA6EEA77ADFED576AA7EEA66ADFED07
:10146000566AE6EE276A9FED556AA6EEA76AF7EE82
:10147000006AE6EE276A27EE277AF0EE667AC7EE74
:10148000276ADFED4F7AA0EE668A30EE480A37EE23
:10149000C00AB4E7002BDFED3FDADFED3FCA9FED76
:1014A00041CADFED41BA9FED41BADFED418A9FEDC0
:1014B00041DADFED3AAA9FED40AADFED409AB7EEA0
:1014C000009AF6EE007A28DA30EE090A20EE270AB2
:1014D000E0EE2DCAE0EE0DAAACEE80CAAAEE80AA1C
:1014E000ECEE00BAEAEE009AABEE80BAA9EE809A72
:1014F000EBEE008A68EE808A00F0D6FC88EE897AEE
:10150000DFED307AE0EE077AB0EE007A77EE807A9F
:101510009FED2D0AA7EEC70A71E739EE408A28EE43
:10152000278AB0EE480A00F0BFFCE8EE2DCAE8EECC
:101530000DAAACEE88CAAAEE88AAECEE08BA10EEA4
:10154000103AABEE88BA23F47F6323F00F03EAEE80
:10155000089A07EE903AEBEE088AB0EE486AA7EEDA
:10156000E76AA9EE889A70EE276A68EE888A86EEA6
:10157000267AC8EE896AA0EE267A37EE870A30EE20
:10158000000A3CE79FED110A39E700BF00000000A8
:10159000DB0F494008EF1138047F4F3A613330BF09
:1015A0006821A233461124BDA80A4E3E90B0A6BEC3
:1015B000ABAA2A3E2EC69D3D2D57014039D119C0F8
:1015C000DA0FC93F6821A2B3DA0F4940DB0FC93FE8
:1015D00038B510EE105A25F00044B4F17E5F2DEDC1
:1015E000048B0CD1DFED5D7A9FED5D7A60EE277A9A
:1015F000E0EE077AB0EE670ABDEC048B38BD04DD7F
:1016000070EE407A87EEA70AF6E7B4F17C5FF7EE5A
:10161000008A0BDAB4F1485F52DADFED527A70EEED
:10162000277AF4EEE87AF1EE10FAE5DCFFF738F904
:1016300038EEC00AB6EE008A20EE088ADFED4A7A5C
:101640009FED4A7A9FED4A9AA8EE277ADFED497A14
:10165000E7EE087A9FED487AA7EE887ADFED477AC1
:10166000E7EE087A9FED467AA7EE889ADFED457A95
:10167000E8EE077A9FED447AA7EE887ADFED437AA9
:10168000E7EE087AB0EE480AE7EE888A00F00CFC34
:101690003F4B29EE089A9C4289EE286AF0EE006AD8
:1016A0003DDDA0EE060ADFED3B7AE0EE267A9FED07
:1016B0002C0A30EE670A002DD8BFB1EE400A9BE736
:1016C00060EE007ADFED286A9FED287A9FED2C6AA4
:1016D000A7EEA67ADFED276AE7EE276A9FED267A66
:1016E000A6EEA77ADFED256AE7EE276A9FED207A5E
:1016F000A6EEA77ADFED236AE7EE866A9FED226AFF
:10170000A6EEA76ADFED216AE6EE276A27EE277AC2
:10171000E6EEA78AC7EE287AA0EE270A6CE710EE5D
:10172000103A23F47F6323F00F0307EE103AA7EE7D
:10173000478A70EE077A30EE000AC8EE275ADFEDCE
:10174000077AE5EEE67AD0EE067A9FED130AB0EE60
:10175000406AA7EE666A77EEC67AAAE72EBD3BB36B
:10176000DB0FC93FCAF2497108EF1138047F4F3AC5
:10177000ABAA2A3E461124BDA80A4E3E90B0A6BE92
:101780002EC69D3D613330BF2D57014039D119C060
:101790009999793F2EBD3B33DB0F493F10EE902ADC
:1017A00022F00041B1F1FF4F10B5F0EE407A06DCB7
:1017B00010EE100A20F00043B3F1FF4F04DD77EE86
:1017C000A07AB0EE670A10BDB2F17E5F03D1BDE82A
:1017D0001040FEF7D9BE941704F0020444EAD07416
:1017E0003BB9022C5CD09FED337A032C47FE007A84
:1017F000E7E739B9DFED307A9FED300A002867FE60
:10180000807ADEE7B1F1FF4F10D1B3F1FF4F04F161
:10181000FF3407D1022C46D8294B03EB8404D4EDC6
:10182000007ACEE7022C41D8264BF6E7B3F1FF4F02
:10183000E0D05B1AB3F1F45F4FEAE3511ADA002A01
:1018400001DA3C3119DB87EEA00AFFF729F8FEF731
:101850009BFEF0EE407A012C12D0022C17D0002C07
:10186000AFD09FED190A77EE807A9FED180A77EED8
:10187000C07AA6E7DFED107AEDE7DFED157AEAE74B
:1018800017EE903A03F1004307EE903A99E79FED87
:101890000E0A77EE807A9FED0D0A70EE677A90E778
:1018A000DFED0A7A8DE7DFED0B7A8AE7DFED087A64
:1018B00087E700BFDB0F49C0DB0FC93FDB0FC9BFA4
:1018C000701B04087C1B04082EBDBB33DB0F494092
:1018D00000000000DB0F493F10B510EE104A24F065
:1018E0000044B4F1FF4F2DED028B04DB20EE000A23
:1018F000BDEC028B10BD254B9C4215DCFEF7D0FFE2
:1019000000F042FEF7EE006AB4F1105FF0EE407AAC
:1019100030EE260AECDB27EEA77A70EE007A87EE2F
:10192000270A30EE260AE3E7194B9C420CDCFEF74F
:10193000B7FFFEF73FFFB6EE007AC7EE007AE0EEA3
:10194000077AB0EE670AD3E7124B9C4208DCFEF739
:10195000A7FFFEF72FFFF6EE007A20EE270AC7E773
:101960000D4B9C420CDCFEF79BFFB6EE008A20EE8E
:10197000080AFEF71FFF20EE088A28EE000AB7E7E4
:101980009FED060A20EE000AB2E700BF1772B13ED3
:10199000FFFFAF411772B142FCD4B242CAF24971A3
:1019A000F0B510EE906A36F0004509D010EE102A1E
:1019B00022F00043B3F1FF4F02DAB5F1FF4F04DD2F
:1019C00060EE200A80EEA00AF0BDAB42FCDB02F024
:1019D000004406D1324AE30F02EB830393ED000A81
:1019E000F2E712F0FF4F3FD119026FF07D0000299E
:1019F00037DC16F0FF4F3DD12F026FF07D01002F35
:101A000035DA10F17E0FBBBF6FF07D02121AC2F300
:101A100016039340A8BF43F4000311F17E0FB5BF36
:101A20006FF07D02C6F31605521A45F40005B8BFE3
:101A30009540401A5A1B00BB13EA220338BF1346D5
:101A4000002BC7D0B3F5000F1FDB11F17E0F1FDB9A
:101A5000A3F500037F31234343EAC15300EE103A5C
:101A6000B2E701384900C2E7D8157F38C1E701392C
:101A70007F00C4E7E9157F39C3E7002A02DA5B007B
:101A80000138D7E7A6D05300FAE75B000139D9E760
:101A9000C1F1FF2101F57F0182310B412343DDE7D5
:101AA000881B040808B510EE102A32F000432DED13
:101AB000028B08D19FED217ADFED217A87EE270A8C
:101AC000BDEC028B08BD002A02DA30EE407AF3E763
:101AD000B2F1FF4F02DB30EE000AF1E7B2F5000F82
:101AE000BFBFDFED187A60EE277A6FF0180117EEAE
:101AF000902A4FEAE253A8BF00217F3B0B44D90F45
:101B000003EBD37307EE903AC2F31602C1F17F03E1
:101B100042EAC35300EE103AB8EEE78AFEF756FFEA
:101B2000DFED097A20EE270ADFED087AA8EE270A12
:101B3000DFED077AA8EE270AC2E700BF000000CC5D
:101B4000000000000000004CD95BDE3EDB2754356E
:101B500080209A3EF0B510EE106A8E4B26F00045BC
:101B60009D4287B0F0EE407A044605DC002380ED0C
:101B7000000A436000201AE0874B9D4246DC002E9D
:101B80009FED860A864B25F00F051FDD9D4277EEFF
:101B9000C07A0ED09FED837A37EEC70A77EEC07A0F
:101BA00080ED000A77EEC77A0120C4ED017A07B014
:101BB000F0BD9FED7D0A9FED7D7A77EEC07A77EEDE
:101BC000C76A77EEE67AC0ED006AEBE79D4277EEF2
:101BD000807A0ED09FED737A37EE870A77EEC07A5F
:101BE00080ED000A77EE877A4FF0FF30C4ED017A7E
:101BF000DDE79FED6D0A9FED6D7A77EE807A77EEE7
:101C0000876A77EEE67AC0ED006AEBE7684B9D42A3
:101C100072DCFEF745FE9FED677AF6EE007AE0EEA5
:101C2000077AFDEEE77AB8EEE77A17EE900ADFED75
:101C30005B7AA7EE670A1F28DFED5A7A67EE277AEC
:101C4000B1EE476A70EE676A16EE902A1CDC5A49BC
:101C5000471E25F0FF0351F827108B4214D0226055
:101C600094ED007A30EE470A002E30EE670A84EDDC
:101C7000010A9CDAB1EE477AB1EE400A84ED007AAF
:101C800084ED010A404292E7C2F3C751EB15C1EB64
:101C9000D555082DE3DDDFED447AF0EE406AE6EE3F
:101CA000276A30EE660AA6EE270ADFED407A97EE45
:101CB000270A76EEC05AF0EE407A15EE902AC2F36B
:101CC000C7515B1A192B04DCC4ED005AB0EE660A4A
:101CD000C6E7DFED3A5AB0EE660AA6EE250A76EEC2
:101CE000C07ADFED376AE6EE257AD7EE267A30EE57
:101CF000677A84ED007AB3E7B5F1FF4F06DB70EE4B
:101D0000407AC0ED017AC0ED007A33E7EA15863AF1
:101D1000A5EBC25307EE903ABDEEE77ADFED296AF4
:101D2000B8EEC77A77EEC77A8DED037A67EEA67ABA
:101D3000BDEEE77AB8EEC77A77EEC77A8DED047A12
:101D400067EEA67AF5EE407AF1EE10FACDED057A5F
:101D50001ED1B5EE407AF1EE10FA14BF0223012332
:101D6000194901910221009103A8214600F0A0F831
:101D7000002EBFF61CAFD4ED007AF1EE677AC4ED09
:101D8000007AD4ED017AF1EE677AC4ED017A79E751
:101D90000323E5E7D80F493FE3CB1640800FC93F47
:101DA000D00FC93F434435370044353708A3852E4B
:101DB000800F494384F9223F901B040800A3852E1D
:101DC00032318D2400008043101C040810B510EE41
:101DD000103A23F00044B4F1FF4F2DED028BF0EEEA
:101DE000407A06DB70EE007ABDEC028BB0EE670A3B
:101DF00010BD002B284BF6EE008ABEEE008A28FEAE
:101E0000888A9C422ADCB4F1465FF7EE008A08DA41
:101E10009FED227A30EE077AB4EEE87AF1EE10FA0E
:101E2000E2DCB0EE670AFEF73BFD00F0ADFBB4F17B
:101E30007E5FBBBF20EE007A70EE288A70EE288AA3
:101E4000C7EE287AADBF80EE287AB0EE007AD0EEE9
:101E5000077A77EE007A67EE887AC5E7104B9C42E6
:101E600006DCFEF71DFDFEF7A5FC60EE087ABBE779
:101E70000C4B9C420ADCFEF713FD20EE280AFEF70D
:101E800099FC68EE007A67EE807AADE79FED037A01
:101E900060EE077AA8E700BFFFFFAF41C2BDF07C4C
:101EA0001772B142FCD4B242B1EEC00A70470000D2
:101EB0002DE9F04F2DED048BD7B016469846649A65
:101EC000BB4B019053F82270331D0D4608F1FF39CA
:101ED00029DBF11E48BF311DC9104C1CE3000293E1
:101EE000659B9FEDB77AA1EB090003EB800EA6EB93
:101EF000C40407EB090C0DF1680A0023634514DDE7
:101F00001AAB03EB8803CC460DF5847AC8F1010BBC
:101F10000BEB0C02974227DBDDF804E0DFEDA87A3B
:101F20001846002216E00021D7E7D8425DBF5EF8D0
:101F3000232007EE902AF8EEE77AF0EE477AEAECF3
:101F4000017A0133DAE7FEEC016A90ED007AE6EE01
:101F5000877A01324A45A0F10400F4DDEAEC017A07
:101F600004330CF1010CD3E706AB03EB87030493B6
:101F7000659BDFED928A9FED909A03EB81030393BB
:101F8000BA4656AB03EB8A0313ED140A06AB1846A8
:101F90005246002A51DC20460593FEF71DFFB0EEA5
:101FA000408AB4EE000A28EE000AFEF781FCF2EE49
:101FB000007AA0EE678A002C059BFDEEC87AB8EE89
:101FC000E70ACDED007A38EE408A4BDD0AF1FF3C9E
:101FD00006AAC4F1080E52F82C2017EE901A42FA05
:101FE0000EF00144009100FA0EF006A9121A41F811
:101FF0002C20C4F1070042FA00FBBBF1000F43DDC7
:10200000009A4FF0000E013200927046F2456CDCEF
:10201000002C04DD012C79D0022C00F08280BBF171
:10202000020F31D1B7EE000A30EE488A60B3204685
:10203000FEF7D2FE38EE408A26E060EE287A013ABA
:10204000FDEEE77A42A9F8EEE77A01EB820CA7EE03
:10205000C90ABDEEC00AA0EC010A9CED000A37EEE9
:10206000800A96E707D10AF1FF3206A951F822202B
:102070004FEA222BC1E7F6EE007AB4EEE78AF1EEE2
:1020800010FA2FDA4FF0000BB5EE408AF1EE10FA9D
:1020900040F098800AF1FF339C460022BC4548DAA4
:1020A000002A5FD006AA083C52F8231000297DD0F0
:1020B0002046B7EE000A0193FEF78EFE019B9FEDCE
:1020C0003F7A1946002980F2AF8018460024002884
:1020D000C0F2D08042A901EB8006364ADFED387AA3
:1020E0000021BBE04FF0020B8AE71A6848B91AB129
:1020F000C2F580721A6001220EF1010E04331046FF
:1021000084E7C2F1FF021A600246F5E70AF1FF3CDC
:1021100006AB53F82C3003F07F0306AA42F82C30AC
:102120007DE70AF1FF3C06AB53F82C3003F03F0388
:10213000F3E706A951F82C000CF1FF3C0243ADE790
:10214000013053F8042D002AFAD01AA90AEB08022C
:1021500001EB82020AF101030AEB0001994204DA61
:102160008A460EE7049B0120EBE70398DDF804C0E4
:1021700050F82300009007EE900AF8EEE77A00206E
:10218000E2EC017ADFED0E7A9646484506DD42A87C
:1021900000EB8300C0ED007A0133DFE7FCEC016A5D
:1021A0003EED017A0130E6EE877AEEE7013B79E712
:1021B000541F0408281F0408000080430000803BCF
:1021C00000000000029BB0EE480A981BFEF704FED8
:1021D0001FED077AB4EEC70AF1EE10FA1BDB5FEDD4
:1021E000097A60EE277A06AAFDEEE77A06A9F8EEEC
:1021F000E77A0834A7EEC70AFDEEE77ABDEEC00A1B
:1022000010EE103A42F82A3017EE902A0AF1010334
:1022100041F823204CE7BDEEC00A06AA10EE103AA2
:1022200042F82A30534643E742AA02EB810006AA4D
:1022300052F82120019207EE902AF8EEE77A013950
:1022400067EE807A20EE070AC0ED007A3AE7F2ECFA
:10225000016AB6EC017AE6EE877A0131B94201DC17
:102260008C42F4DA56AA02EB840141ED287A013857
:1022700001342CE7649A022A0ADC002A61DC3CD093
:10228000009B03F0070057B0BDEC048BBDE8F08F56
:10229000649A032AF4D12EAA02EB830108461C4655
:1022A000002CA0F1040059DC18460128A1F104011A
:1022B00064DC5FED3D7A012B70DCDDED2E6A9DED77
:1022C0002F7ABBF1000F72D1C5ED006A85ED017A5E
:1022D000C5ED027AD4E72EAA02EB830191ED007AD4
:1022E00077EE877A013B002BF5DABBF1000F01D0C6
:1022F000F1EE677AC5ED007AC2E75FED4F7AF2E75B
:102300002EAA02EB8100D0ED007A37EE277A013950
:102310000029F5DABBF1000F17D0F1EE477AC5EDD1
:10232000007ADDED2E7A77EEC77A2FA801218B4255
:102330000EDABBF1000F01D0F1EE677AC5ED017A3C
:102340009EE71FED617A1946E2E7F0EE477AE6E78D
:10235000B0EC017A013177EE877AE8E7D0ED007AC8
:10236000D0ED016A37EEA67A013C77EEC77A80EDB0
:10237000007A77EEA67AC0ED017A91E7D1ED007A86
:10238000D1ED016A37EEA67A013877EEC77A81ED92
:10239000007A77EEA67AC1ED017A86E72EAA02EBE3
:1023A000830191ED007A013B77EE877A83E7F1EEC6
:1023B000666AB1EE477AC5ED006A85ED017AF1EE05
:1023C000677A85E708B510EE103A23F00042B2F1C3
:1023D000465FF0EE407A17DABDEEC07A17EE101ABB
:1023E00041BB431C134308D1FEF75AFAB7EE007AFB
:1023F000C7EE007AB0EE670A08BD0128FAD0BFEE3A
:10240000007AC7EE007AF5E74D498A4212DB002BCD
:10241000B8BFF1EE407A9FED4B0A70EE677A9FED00
:102420004A0AB8BFF1EE600A70EE600A70EEA77A51
:10243000DFED460ADFED465A9FED466A9FED465AAC
:102440003F4967EEA76A8A4226EEA67AA7EE256A7A
:10245000DFED425AE6EE075A9FED416AA5EE876A24
:10246000DFED405AE6EE075A9FED3F6AA5EE876A18
:10247000DFED3E5AE7EE055A9FED3D5AA5EE875A2D
:10248000DFED3C5AE5EE075A9FED3B5AA5EE875A21
:10249000DFED3A5AE5EE075AB0EE657AA7EE266A06
:1024A00067EEA65AB0EE467AB0EE606AA7EE256AED
:1024B0009FED337AE6EE260AE5EE870A37EEA07A3C
:1024C0001DDB06EE900AB8EEE60A27EE076A37EE45
:1024D000007A9B17C6EE076A03F00203C3F10103FB
:1024E000B0EE007A76EEE00A77EEE07AA7EEC70A61
:1024F00007EE903AF8EEE77A67EE807A7AE70128FD
:102500001BD0204B17EE102A1A4006EE102A76EE4A
:10251000677A70EEE70AFFEE007AC7EE876AB7EED9
:10252000007A16EE902A134007EE903AA6EE277A2C
:10253000A0EEA77AE7EE267A5CE7F0EE477A59E755
:1025400040A12C3FDA0F493F6821223300000000F0
:102550005FAE9BB745F4A3388453D937C8261A3ADF
:1025600016696B3BA427B33C8988083E7AC095382E
:10257000B937813948DEBE3A1F37113CD10D5D3D78
:10258000ABAAAA3E00F0FFFF10EE102A7E4922F00F
:1025900000438B4220D9B3F1FF4F02D930EE000A3D
:1025A000704705D1FFEE007A002A20FE270A704707
:1025B000002A05DB75498B4260D90020FDF7BEBFBC
:1025C000DFED737A70EE277AF5EEC07AF1EE10FA4D
:1025D00054D5BFEE000A70476E498B426AD96E49E6
:1025E0008B424BD89FED6D7A002AA7BF30EE477A19
:1025F000DFED6B7ADFED6B7A30EE077AACBF01234B
:102600004FF0FF3337EE670A37EE407A77EE677A9E
:10261000F6EE005A20EE255ADFED636A9FED636AFD
:1026200020EE057AA7EE266ADFED616AE6EE076A1C
:102630009FED606AA6EE876ADFED5F6AE6EE076AE5
:10264000B7EE006AF0EE464AE6EE874AF0EE646ABC
:10265000F0EE084AE5EE664A36EEE45AF1EE086A14
:10266000E0EE646AF0EE664AC5EE246A66EE876ABA
:1026700073BBF0EE477AD0EE267A24E0BEEE007A05
:10268000F6EE007A002A67FE877A9FED4C7ADFED3E
:10269000446A40EE077A9FED417AFDEEE77A17EE45
:1026A000903AF8EEE77AA7EEC70A67EEA67AB0EEA0
:1026B000407AA7E7B3F14C5F08D2DFED417A70EEC4
:1026C000277A77EEE77A30EE670A704700239FE7B4
:1026D00076EEE76A5A1CD6EE807A77EEC77A06D194
:1026E00070EE677ABEEE000AA7EEA50A7047012BCE
:1026F00018D1BDEE007AB4EEC70AF1EE10FA41BF70
:1027000030EE250A37EEC00AF8EE007A20EE270AEE
:102710005FBF30EE670AF0EE007AA0EE276AB0EEF7
:10272000460A70475A1C392A4FEAC3510BD937EE73
:10273000C00A36EE400A10EE103A0B4400EE103A92
:1027400030EE460A7047162B11DC4FF0807242FAC9
:1027500003F3C3F17E5337EEC00A07EE903A37EE2B
:10276000C00A10EE103A0B4400EE103A7047C3F165
:102770007F03DB0507EE103A77EE877A30EE670AC3
:1027800030EE060AEDE700BF43B895411772B1423B
:102790006042A20D1872B13E9115853F8071313FA4
:1027A000D1F71737D1F717B7BBED57B4547E86363C
:1027B000CD70A6B8010DD03A898808BD3BAAB83FB4
:1027C000CAF2497182B08DED010A019820F00040F3
:1027D000B0F1FF4FACBF0020012002B070470000F5
:1027E0009FED010A704700BF0000C07F08B50620BA
:1027F00000F076F90120E3F72DFF0000014B186887
:10280000704700BFB801002470B50D4D0D4C641B1E
:10281000A4100026A64209D10B4D0C4C01F030F853
:10282000641BA4100026A64205D170BD55F8043BD8
:1028300098470136EEE755F8043B98470136F2E732
:10284000B4200408B4200408B4200408D8200408E4
:10285000024B0146186800F071B800BFB8010024AF
:10286000024B0146186800F019B800BFB8010024F7
:102870000A44914200F1FF3300D1704710B511F8BE
:10288000014B03F8014F9142F9D110BD02440346B8
:10289000934200D1704703F8011BF9E737B50029CF
:1028A00048D051F8043C0190002BA1F10404B8BFBA
:1028B000E41800F061F9204A01981368154633B90D
:1028C0006360146003B0BDE8304000F05BB9A34220
:1028D0000BD921686218934204BF1A685B68636071
:1028E00004BF521822602C60ECE71A465B680BB1FB
:1028F000A342FAD911685518A5420BD12468214486
:102900005418A3421160DDD11C685B6853602144F8
:102910001160D7E702D90C230360D3E7256861195A
:102920008B4204BF19685B68636004BF491921606A
:102930005460C7E703B030BD647E0224F8B5CD1CF7
:1029400025F0030508350C2D38BF0C25002D064653
:1029500001DBA94203D90C2333600020F8BD00F04D
:102960000BF921490A6814469CB9204F3B6823B9EA
:102970002146304600F07CF838602946304600F0A9
:1029800077F8431C23D10C233360304600F0FAF86B
:10299000E3E723685B1B17D40B2B03D923601C448C
:1029A000256004E06368A2420CBF0B6053603046B0
:1029B00000F0E8F804F10B00231D20F00700C21A14
:1029C000CCD01B1AA350C9E722466468CCE7C41CCC
:1029D00024F00304A042E3D0211A304600F048F866
:1029E0000130DDD1CFE700BF647E0224687E02247F
:1029F000174B10B51C68A36BB3B91820FFF728FF5D
:102A0000A06328B90246134B13484E2100F084F806
:102A1000124A134BC0E90023124B83600B238381BE
:102A200001220023C0E90423A16B0F480A694B6906
:102A30000E4C504304FB0300A2FB04345A1C044414
:102A400044F10000C1E9042020F0004010BD00BFA7
:102A5000B8010024641F04087B1F04080E33CDABAB
:102A600034126DE6ECDE05002DF451582D7F954CA7
:102A700038B5064D0023044608462B60E3F762FE96
:102A8000431C02D12B6803B1236038BD6488022443
:102A90001F2938B504460D4604D9162303604FF0AC
:102AA000FF3038BD426C12B152F821304BB920468C
:102AB00000F030F82A4601462046BDE8384000F0D4
:102AC00017B8012B0AD0591C03D11623036001202B
:102AD000E7E7002442F82540284698470020E0E731
:102AE000024B01461868FFF7D3BF00BFB8010024AE
:102AF00038B5074D00230446084611462B60E3F71E
:102B000099FD431C02D12B6803B1236038BD00BF7F
:102B100064880224E3F786BD1FB514461A46094BA4
:102B20001B680546D8684CB1074B0091CDE90134CC
:102B300006492B4600F00EF8FFF758FE044B1C46E2
:102B4000F3E700BFB8010024DA1F0408E71F0408F8
:102B5000152004080EB403B5014603AB054853F82D
:102B6000042B0068019300F03DF802B05DF804EB1F
:102B700003B07047B8010024014800F06FBD00BFEA
:102B80006C880224014800F06ABD00BF6C880224F2
:102B90009368013B002B10B4936008DA9469A34258
:102BA00001DB0A2903D15DF8044B00F0DFBA13689A
:102BB000581C1060197008465DF8044B7047F8B552
:102BC00006460F461446D518AC4201D1002007E056
:102BD00014F8011B3A463046FFF7DAFF431CF3D1E5
:102BE000F8BD00002DE9F04F0D469DB01446984603
:102BF000064618B183690BB900F092FC894B9D42DF
:102C00001BD175686B6ED90705D4AB899A0502D4C0
:102C1000A86D00F023FDAB891B0701D52B69EBB92B
:102C20002946304600F0F4FAC0B16B6EDC070ED5D1
:102C30004FF0FF301DB0BDE8F08F7B4B9D4201D1BE
:102C4000B568DFE7794B9D4208BFF568DAE7AB89E5
:102C50009805EDD4A86D00F002FDE9E70023099383
:102C600020238DF82930CDF80C803023DFF8C08187
:102C70008DF82A304FF0010923469A4613F8012BAC
:102C80000AB1252AF9D1BAEB040B0BD05B462246D8
:102C900029463046FFF793FF013000F0AA80099AD9
:102CA0005A4409929AF80030002B00F0A2800023C9
:102CB0004FF0FF32CDE905230AF1010A049307938F
:102CC0008DF853301A935446052214F8011B5848C6
:102CD000DDF706FB049AD8B9D10644BF20238DF84E
:102CE0005330130744BF2B238DF853309AF800302C
:102CF0002A2B15D0079A544600204FF00A0C214683
:102D000011F8013B303B092B4ED9B0B1079214E0CA
:102D1000A0EB080309FA03F313430493A246D2E796
:102D2000039B191D1B680391002BBBBF5B4242F044
:102D3000020207930793B8BF049223782E2B0CD17D
:102D400063782A2B35D1039B1A1D1B680392002B35
:102D5000B8BF4FF0FF3302340593DFF8E4A02178C9
:102D600003225046DDF7BCFA40B14023A0EB0A0035
:102D700003FA00F0049B03430134049314F8011B8D
:102D80002C488DF828100622DDF7AAFA00283FD03B
:102D9000294B1BBB039B073323F007030833039323
:102DA000099B3B44099367E70CFB02320C46012068
:102DB000A5E700230134059319464FF00A0C20467D
:102DC00010F8012B303A092A03D9002BC5D0059100
:102DD000C3E70CFB012104460123F0E703AB00939A
:102DE0002A46164B04A93046AFF300800746781CEC
:102DF000D6D16B6ED90705D4AB899A0502D4A86DDC
:102E000000F02DFCAB895B063FF512AF099811E786
:102E100003AB00932A46094B04A9304600F080F822
:102E2000E4E700BF6C2004088C2004084C20040850
:102E3000162004082020040800000000BF2B020810
:102E40001C2004082DE9F047164699468A680B694C
:102E5000DDF820809342B8BF1346336091F84320D9
:102E600007460C460AB1013333602368990642BF16
:102E7000336802333360256815F0060506D104F186
:102E8000190AE36832689B1AAB4226DC94F84320A7
:102E9000131E226818BF012392062BD404F14302AB
:102EA00049463846C04701301ED02368E56832687D
:102EB00003F00603042B08BFAD1AA36822690CBFF8
:102EC00025EAE57500259342C4BF9B1AED1800263C
:102ED0001A34B5421AD1002008E00123524649466F
:102EE0003846C047013003D14FF0FF30BDE8F087CE
:102EF0000135C6E7E1185A1C302081F8430022440E
:102F000094F8451082F843100233C7E701232246A4
:102F100049463846C0470130E6D00136D9E70000BF
:102F20002DE9FF470C469146277E0C99782F804665
:102F30009A4604F1430207D8622F0AD8002F00F006
:102F4000D880582F00F0A38004F1420684F8427024
:102F50003AE0A7F16303152BF6D801A050F823F04F
:102F6000B92F0208CD2F0208492F0208492F020865
:102F7000492F0208492F0208CD2F0208492F0208C5
:102F8000492F0208492F0208492F0208D9300208A8
:102F9000FD2F0208BB300208492F0208492F020802
:102FA000FB300208492F0208FD2F0208492F0208B2
:102FB000492F0208C33002080B681A1D1B680A60FB
:102FC00004F1420684F842300123A3E02568086832
:102FD0002E0600F104030AD505680B60002D03DA04
:102FE0002D236D4284F843305E480A2319E015F022
:102FF000400F05680B6018BF2DB2EFE70B6825681E
:10300000181D0860280601D51D6802E06906FBD579
:103010001D8854486F2F0CBF08230A23002184F811
:1030200043106668A660002EA2BF216821F004014B
:1030300021600DB9002E4DD01646B5FBF3F103FB10
:103040001157C75D06F8017D2F46BB420D46F4D9E6
:10305000082B0BD12368DF0708D5236961689942E3
:10306000DEBF302306F8013C06F1FF36921B2261D9
:10307000CDF800A04B4603AA21464046FFF7E2FEEA
:1030800001304CD14FF0FF3004B0BDE8F087354837
:1030900084F8457023680E681F0656F8045B0E60BE
:1030A00014D5D90744BF43F0200323601DB923681A
:1030B00023F0200323601023B0E7236843F02003AC
:1030C00023607823284884F84530E3E75E0648BF4C
:1030D000ADB2E6E71646BBE70B68266860691D1DC2
:1030E0000D6035061B6801D5186002E07106FBD53E
:1030F0001880002323611646BAE70B681A1D0A6080
:103100001E68626800213046DDF7EAF808B1801BCE
:10311000606063682361002384F84330A8E7236973
:10312000324649464046D0470130ABD023689B0722
:1031300013D4E068039B9842B8BF1846A4E7012364
:10314000324649464046D04701309BD00135E368BE
:1031500003995B1AAB42F2DCEBE7002504F1190698
:10316000F5E700BF2720040838200408F8B50E460C
:103170001446054618B183690BB900F0D1F9214B0B
:103180009C422BD16C68A369A360A3891A072FD531
:1031900023696BB323692068C01A6369F6B283425E
:1031A000374604DC2146284600F026F930BBA368E8
:1031B000013BA36023685A1C22601E7063690130C2
:1031C000834204D0A389DB0706D50A2E04D1214609
:1031D000284600F011F988B93846F8BD0A4B9C42E0
:1031E00001D1AC68CFE7094B9C4208BFEC68CAE745
:1031F0002146284600F00CF80028CBD04FF0FF37CE
:10320000EAE700BF6C2004088C2004084C20040866
:10321000324B70B51D6806460C4625B1AB6913B933
:10322000284600F07DF92E4B9C420FD16C68A38993
:10323000B4F90C2019072CD4DD0611D4092333600E
:1032400042F04003A3814FF0FF303EE0254B9C420B
:1032500001D1AC68EBE7244B9C4208BFEC68E6E781
:10326000580712D5616B41B104F14403994202D071
:103270003046FFF713FB00236363A38923F0240385
:10328000A3810023636023692360A38943F00803BB
:10329000A38123694BB9A38903F42073B3F5007F9D
:1032A00003D02146304600F0FFF9A089B4F90C2084
:1032B00010F001030AD00023A36063695B42A3619D
:1032C000236943B910F08000BAD170BD810758BF9F
:1032D0006369A360F4E70020F7E700BFB8010024AA
:1032E0006C2004088C2004084C2004088A892DE9ED
:1032F000F041054610070C4658D44B68002B05DCFE
:103300000B6C002B02DC0020BDE8F081E66A002E89
:10331000F9D0002312F480522F682B6032D0606DF8
:10332000A3895A0705D56368C01A636B0BB1236C78
:10333000C01A00230246E66A216A2846B047431CA9
:10334000A38906D129681D292CD82A4ACA40D60744
:1033500028D500226260D9042269226004D5421C6B
:1033600001D12B6803B96065616B2F600029CAD059
:1033700004F14403994202D02846FFF78FFA002057
:103380006063C1E7216A01232846B047411CC7D1C9
:103390002B68002BC4D01D2B01D0162B01D12F6020
:1033A000B1E7A38943F04003A381ADE70F69002F84
:1033B000A9D093070E6808BF4B690F6018BF0023A0
:1033C000A6EB07088B60B8F1000F9CDD216AA66AA6
:1033D00043463A462846B047002806DCA38943F016
:1033E0004003A3814FF0FF308EE70744A8EB0008AD
:1033F000E9E700BF0100402038B50B6905460C46DF
:1034000013B90025284638BD18B183690BB900F0FF
:1034100087F8144B9C421BD16C68B4F90C30002B1C
:10342000EFD0626ED00704D4990502D4A06D00F0ED
:1034300015F928462146FFF759FF636EDA0705465E
:10344000E0D4A3899B05DDD4A06D00F008F9D9E78D
:10345000054B9C4201D1AC68DFE7044B9C4208BF9E
:10346000EC68DAE76C2004088C2004084C2004087F
:10347000002310B50446C0E90033C0E9043383607B
:1034800081814366C2818361194608225C30FFF75F
:10349000FDF9054B6362054BA362054BE362054BE7
:1034A0002462236310BD00BF293702084B3702088E
:1034B00083370208A7370208014900F0AFB800BF00
:1034C000F933020870B54A1E682555430E4605F1CA
:1034D0007401FFF733FA044640B10021C0E9001639
:1034E0000C30A06005F16802FFF7D0F9204670BDEE
:1034F000014800F0B3B800BF70880224014800F012
:10350000AEB800BF70880224014800F0A7B800BF21
:103510006B880224014800F0A2B800BF6B88022427
:1035200010B50446FFF7F0FFA3691BB1BDE81040DA
:10353000FFF7F0BFC4E912332365134B134A1B682E
:10354000A262A34204BF0123A361204600F020F839
:103550006060204600F01CF8A060204600F018F8DB
:103560000022E06004216068FFF782FFA06801226A
:103570000921FFF77DFFE06802221221FFF778FFA3
:103580000123A361D2E700BF601F0408B934020819
:10359000F8B50746FFF7ACFF1E4B1E68B36913B9B9
:1035A0003046FFF7BDFF4836D6E90134013B03D56D
:1035B00033680BB33668F7E7B4F90C50D5B9164B3E
:1035C000E36004F15800656600F047F8FFF796FFE6
:1035D000C4E90155C4E904552560A56108222946BE
:1035E00004F15C00FFF752F9C4E90D55C4E9125526
:1035F0002046F8BD6834D9E704213846FFF762FF5A
:10360000044630600028D5D1FFF778FF0C233B60DB
:10361000EEE700BF601F04080100FFFF2DE9F8433B
:103620000646884600F148040027D4E90195B9F11F
:10363000010905D52468002CF7D13846BDE8F88388
:10364000AB89012B07D9B5F90E30013303D02946D8
:103650003046C04707436835E9E770477047704711
:1036600070B50E46B1F90E10002996B014461D46ED
:1036700007DA00232B60B3891A0610D44FF4806355
:103680000EE06A4600F0B6F80028F2DB019A02F478
:103690007042A2F500535A425A412A60EEE7402395
:1036A0000020236016B070BD8B8973B59D07064658
:1036B0000C4607D504F147032360236101236361AE
:1036C00002B070BD01AB6A46FFF7CAFF009905461C
:1036D0003046FFF733F948B9B4F90C309A05EFD406
:1036E00023F0030343F00203A381E3E70D4BB3622E
:1036F000A389206043F08003A381009B6361019B49
:1037000020615BB1B4F90E10304600F085F828B1A5
:10371000A38923F0030343F00103A381A089054398
:10372000A581CDE7B934020810B50C46B1F90E10E9
:1037300000F094F80028ABBF636DA3891B1823F435
:103740008053ACBF6365A38110BD2DE9F0411F46D6
:103750008B89DB0505460C46164605D5B1F90E10DA
:103760000223002200F068F8A389B4F90E1023F4B4
:103770008053A38132463B462846BDE8F04100F025
:1037800017B810B50C46B1F90E1000F055F8431CEF
:10379000A38915BF606523F4805343F48053A3814C
:1037A00018BFA38110BDB1F90E1000F013B80000CE
:1037B00038B5074D04460846114600222A601A46CD
:1037C000E2F76FFF431C02D12B6803B1236038BDC1
:1037D0006488022438B5064D0023044608462B6051
:1037E000E2F77BFF431C02D12B6803B1236038BD95
:1037F0006488022438B5074D002304460846114664
:103800002B60E2F776FF431C02D12B6803B12360E3
:1038100038BD00BF6488022438B5064D0023044635
:1038200008462B60E2F775FF431C02D12B6803B1F9
:10383000236038BD6488022438B5074D0446084625
:10384000114600222A601A46E2F76EFF431C02D19D
:103850002B6803B1236038BD6488022438B5074D56
:1038600004460846114600222A601A46E2F7FCFE8A
:10387000431C02D12B6803B1236038BD6488022445
:10388000F8B500BFF8BC08BC9E467047F8B500BF4D
:08389000F8BC08BC9E4670471D
:103898002B4E414D453D524F4B492D0053544D330E
:1038A80032205669727475616C20436F6D506F7267
:1038B8007400000053544D6963726F656C656374DE
:1038C800726F6E696373000043444320436F6E66F2
:1038D8006967000043444320496E746572666163FA
:1038E80065000000726F626F5A7562725479706574
:1038F8004236204B6F6E646F00000000000000002D
:1039080000000000000000000000000000000000AF
:10391800000000004F030208000000000100000042
:103928000200000003000000040000000500000081
:103938000600000007000000080000000900000061
:103948000A0000000B0000000C0000000D00000041
:103958000E0000000F000000100000001100000021
:103968001200000013000000140000001500000001
:1039780016000000170000001800000019000000E1
:103988001A0000001B0000001C0000001D000000C1
:103998001E0000001F0000002000000021000000A1
:1039A8002200000023000000240000002500000081
:1039B8002600000027000000280000002900000061
:1039C8002A0000002B0000002C0000002D00000041
:1039D8002E0000002F000000300000003100000021
:1039E8003200000033000000340000003500000001
:1039F80036000000370000003800000039000000E1
:103A08003A0000003B0000003C0000003D000000C0
:103A18003E0000003F0000004000000041000000A0
:103A28004200000043000000440000004500000080
:103A38004600000047000000480000004900000060
:103A48004A0000004B0000004C0000004D00000040
:103A58004E0000004F000000500000005100000020
:103A68005200000053000000540000005500000000
:103A780056000000570000005800000059000000E0
:103A88005A0000005B0000005C0000005D000000C0
:103A98005E0000005F0000006000000061000000A0
:103AA8006200000063000000640000006500000080
:103AB8006600000067000000680000006900000060
:103AC8006A0000006B0000006C0000006D00000040
:103AD8006E0000006F000000700000007100000020
:103AE8007200000073000000740000007500000000
:103AF80076000000770000007800000079000000E0
:103B08007A0000007B0000007C0000007D000000BF
:103B18007E0000007F00000080000000810000009F
:103B2800820000008300000084000000850000007F
:103B3800860000008700000088000000890000005F
:103B48008A0000008B0000008C0000008D0000003F
:103B58008E0000008F00000090000000910000001F
:103B680092000000930000009400000095000000FF
:103B780096000000970000009800000099000000DF
:103B88009A0000009B0000009C0000009D000000BF
:103B98009E0000009F000000A0000000A10000009F
:103BA800A2000000A3000000A4000000A50000007F
:103BB800A6000000A7000000A8000000A90000005F
:103BC800AA000000AB000000AC000000AD0000003F
:103BD800AE000000AF000000B0000000B10000001F
:103BE800B2000000B3000000B4000000B5000000FF
:103BF800B6000000B7000000B8000000B9000000DF
:103C0800BA000000BB000000BC000000BD000000BE
:103C1800BE000000BF000000C0000000C10000009E
:103C2800C2000000C3000000C4000000C50000007E
:103C3800C6000000C7000000C8000000C90000005E
:103C4800CA000000CB000000CC000000CD0000003E
:103C5800CE000000CF000000D0000000D10000001E
:103C6800D2000000D3000000D4000000D5000000FE
:103C7800D6000000D7000000D8000000D9000000DE
:103C8800DA000000DB000000DC000000DD000000BE
:103C9800DE000000DF000000E0000000E10000009E
:103CA800E2000000E3000000E4000000E50000007E
:103CB800E6000000E7000000E8000000E90000005E
:103CC800EA000000EB000000EC000000ED0000003E
:103CD800EE000000EF000000F0000000F10000001E
:103CE800F2000000F3000000F4000000F5000000FE
:103CF800F6000000F7000000F8000000F9000000DE
:103D0800FA000000FB000000FC000000FD000000BD
:103D1800FE000000FF00000000010000010100009B
:103D28000201000003010000040100000501000079
:103D38000601000007010000080100000901000059
:103D48000A0100000B0100000C0100000D01000039
:103D58000E0100000F010000100100001101000019
:103D680012010000130100001401000015010000F9
:103D780016010000170100001801000019010000D9
:103D88001A0100001B0100001C0100001D010000B9
:103D98001E0100001F010000200100002101000099
:103DA8002201000023010000240100002501000079
:103DB8002601000027010000280100002901000059
:103DC8002A0100002B0100002C0100002D01000039
:103DD8002E0100002F010000300100003101000019
:103DE80032010000330100003401000035010000F9
:103DF80036010000370100003801000039010000D9
:103E08003A0100003B0100003C0100003D010000B8
:103E18003E0100003F010000400100004101000098
:103E28004201000043010000440100004501000078
:103E38004601000047010000480100004901000058
:103E48004A0100004B0100004C0100004D01000038
:103E58004E0100004F010000500100005101000018
:103E680052010000530100005401000055010000F8
:103E780056010000570100005801000059010000D8
:103E88005A0100005B0100005C0100005D010000B8
:103E98005E0100005F010000600100006101000098
:103EA8006201000063010000640100006501000078
:103EB8006601000067010000680100006901000058
:103EC8006A0100006B0100006C0100006D01000038
:103ED8006E0100006F010000700100007101000018
:103EE80072010000730100007401000075010000F8
:103EF80076010000770100007801000079010000D8
:103F08007A0100007B0100007C0100007D010000B7
:103F18007E0100007F010000800100008101000097
:103F28008201000083010000840100008501000077
:103F38008601000087010000880100008901000057
:103F48008A0100008B0100008C0100008D01000037
:103F58008E0100008F010000900100009101000017
:103F680092010000930100009401000095010000F7
:103F780096010000970100009801000099010000D7
:103F88009A0100009B0100009C0100009D010000B7
:103F98009E0100009F010000A0010000A101000097
:103FA800A2010000A3010000A4010000A501000077
:103FB800A6010000A7010000A8010000A901000057
:103FC800AA010000AB010000AC010000AD01000037
:103FD800AE010000AF010000B0010000B101000017
:103FE800B2010000B3010000B4010000B5010000F7
:103FF800B6010000B7010000B8010000B9010000D7
:10400800BA010000BB010000BC010000BD010000B6
:10401800BE010000BF010000C0010000C101000096
:10402800C2010000C3010000C4010000C501000076
:10403800C6010000C7010000C8010000C901000056
:10404800CA010000CB010000CC010000CD01000036
:10405800CE010000CF010000D0010000D101000016
:10406800D2010000D3010000D4010000D5010000F6
:10407800D6010000D7010000D8010000D9010000D6
:10408800DA010000DB010000DC010000DD010000B6
:10409800DE010000DF010000E0010000E101000096
:1040A800E2010000E3010000E4010000E501000076
:1040B800E6010000E7010000E8010000E901000056
:1040C800EA010000EB010000EC010000ED01000036
:1040D800EE010000EF010000F0010000F101000016
:1040E800F2010000F3010000F4010000F5010000F6
:1040F800F6010000F7010000F8010000F9010000D6
:10410800FA010000FB010000FC010000FD010000B5
:10411800FE010000FF010000000200000102000093
:104128000202000003020000040200000502000071
:104138000602000007020000080200000902000051
:104148000A0200000B0200000C0200000D02000031
:104158000E0200000F020000100200001102000011
:1041680012020000130200001402000015020000F1
:1041780016020000170200001802000019020000D1
:104188001A0200001B0200001C0200001D020000B1
:104198001E0200001F020000200200002102000091
:1041A8002202000023020000240200002502000071
:1041B8002602000027020000280200002902000051
:1041C8002A0200002B0200002C0200002D02000031
:1041D8002E0200002F020000300200003102000011
:1041E80032020000330200003402000035020000F1
:1041F80036020000370200003802000039020000D1
:104208003A0200003B0200003C0200003D020000B0
:104218003E0200003F020000400200004102000090
:104228004202000043020000440200004502000070
:104238004602000047020000480200004902000050
:104248004A0200004B0200004C0200004D02000030
:104258004E0200004F020000500200005102000010
:1042680052020000530200005402000055020000F0
:1042780056020000570200005802000059020000D0
:104288005A0200005B0200005C0200005D020000B0
:104298005E0200005F020000600200006102000090
:1042A8006202000063020000640200006502000070
:1042B8006602000067020000680200006902000050
:1042C8006A0200006B0200006C0200006D02000030
:1042D8006E0200006F020000700200007102000010
:1042E80072020000730200007402000075020000F0
:1042F80076020000770200007802000079020000D0
:104308007A0200007B0200007C0200007D020000AF
:104318007E0200007F02000080020000810200008F
:10432800820200008302000084020000850200006F
:10433800860200008702000088020000890200004F
:104348008A0200008B0200008C0200008D0200002F
:104358008E0200008F02000090020000910200000F
:1043680092020000930200009402000095020000EF
:1043780096020000970200009802000099020000CF
:104388009A0200009B0200009C0200009D020000AF
:104398009E0200009F020000A0020000A10200008F
:1043A800A2020000A3020000A4020000A50200006F
:1043B800A6020000A7020000A8020000A90200004F
:1043C800AA020000AB020000AC020000AD0200002F
:1043D800AE020000AF020000B0020000B10200000F
:1043E800B2020000B3020000B4020000B5020000EF
:1043F800B6020000B7020000B8020000B9020000CF
:10440800BA020000BB020000BC020000BD020000AE
:10441800BE020000BF020000C0020000C10200008E
:10442800C2020000C3020000C4020000C50200006E
:10443800C6020000C7020000C8020000C90200004E
:10444800CA020000CB020000CC020000CD0200002E
:10445800CE020000CF020000D0020000D10200000E
:10446800D2020000D3020000D4020000D5020000EE
:10447800D6020000D7020000D8020000D9020000CE
:10448800DA020000DB020000DC020000DD020000AE
:10449800DE020000DF020000E0020000E10200008E
:1044A800E2020000E3020000E4020000E50200006E
:1044B800E6020000E7020000E8020000E90200004E
:1044C800EA020000EB020000EC020000ED0200002E
:1044D800EE020000EF020000F0020000F10200000E
:1044E800F2020000F3020000F4020000F5020000EE
:1044F800F6020000F7020000F8020000F9020000CE
:10450800FA020000FB020000FC020000FD020000AD
:10451800FE020000FF02000000030000010300008B
:104528000203000003030000040300000503000069
:104538000603000007030000080300000903000049
:104548000A0300000B0300000C0300000D03000029
:104558000E0300000F030000100300001103000009
:1045680012030000130300001403000015030000E9
:1045780016030000170300001803000019030000C9
:104588001A0300001B0300001C0300001D030000A9
:104598001E0300001F030000200300002103000089
:1045A8002203000023030000240300002503000069
:1045B8002603000027030000280300002903000049
:1045C8002A0300002B0300002C0300002D03000029
:1045D8002E0300002F030000300300003103000009
:1045E80032030000330300003403000035030000E9
:1045F80036030000370300003803000039030000C9
:104608003A0300003B0300003C0300003D030000A8
:104618003E0300003F030000400300004103000088
:104628004203000043030000440300004503000068
:104638004603000047030000480300004903000048
:104648004A0300004B0300004C0300004D03000028
:104658004E0300004F030000500300005103000008
:1046680052030000530300005403000055030000E8
:1046780056030000570300005803000059030000C8
:104688005A0300005B0300005C0300005D030000A8
:104698005E0300005F030000600300006103000088
:1046A8006203000063030000640300006503000068
:1046B8006603000067030000680300006903000048
:1046C8006A0300006B0300006C0300006D03000028
:1046D8006E0300006F030000700300007103000008
:1046E80072030000730300007403000075030000E8
:1046F80076030000770300007803000079030000C8
:104708007A0300007B0300007C0300007D030000A7
:104718007E0300007F030000800300008103000087
:104728008203000083030000840300008503000067
:104738008603000087030000880300008903000047
:104748008A0300008B0300008C0300008D03000027
:104758008E0300008F030000900300009103000007
:1047680092030000930300009403000095030000E7
:1047780096030000970300009803000099030000C7
:104788009A0300009B0300009C0300009D030000A7
:104798009E0300009F030000A0030000A103000087
:1047A800A2030000A3030000A4030000A503000067
:1047B800A6030000A7030000A8030000A903000047
:1047C800AA030000AB030000AC030000AD03000027
:1047D800AE030000AF030000B0030000B103000007
:1047E800B2030000B3030000B4030000B5030000E7
:1047F800B6030000B7030000B8030000B9030000C7
:10480800BA030000BB030000BC030000BD030000A6
:10481800BE030000BF030000C0030000C103000086
:10482800C2030000C3030000C4030000C503000066
:10483800C6030000C7030000C8030000C903000046
:10484800CA030000CB030000CC030000CD03000026
:10485800CE030000CF030000D0030000D103000006
:10486800D2030000D3030000D4030000D5030000E6
:10487800D6030000D7030000D8030000D9030000C6
:10488800DA030000DB030000DC030000DD030000A6
:10489800DE030000DF030000E0030000E103000086
:1048A800E2030000E3030000E4030000E503000066
:1048B800E6030000E7030000E8030000E903000046
:1048C800EA030000EB030000EC030000ED03000026
:1048D800EE030000EF030000F0030000F103000006
:1048E800F2030000F3030000F4030000F5030000E6
:1048F800F6030000F7030000F8030000F9030000C6
:10490800FA030000FB030000FC030000FD030000A5
:10491800FE030000FF030000000400000000000088
:10492800010000000100000001000000010000007B
:10493800010000000100000001000000010000006B
:10494800010000000100000001000000010000005B
:10495800010000000100000001000000010000004B
:10496800010000000100000001000000010000003B
:104978000200000002000000020000000200000027
:104988000200000002000000020000000200000017
:104998000300000003000000030000000300000003
:1049A80003000000030000000300000004000000F2
:1049B80004000000040000000400000004000000DF
:1049C80005000000050000000500000005000000CB
:1049D80005000000060000000600000006000000B8
:1049E80006000000070000000700000007000000A4
:1049F8000700000008000000080000000800000090
:104A0800080000000900000009000000090000007B
:104A1800090000000A0000000A0000000A00000067
:104A28000B0000000B0000000B0000000C00000051
:104A38000C0000000C0000000D0000000D0000003C
:104A48000D0000000E0000000E0000000E00000027
:104A58000F0000000F0000000F0000001000000011
:104A680010000000110000001100000011000000FB
:104A780012000000120000001300000013000000E4
:104A880013000000140000001400000015000000CE
:104A980015000000160000001600000017000000B6
:104AA80017000000170000001800000018000000A0
:104AB80019000000190000001A0000001A00000088
:104AC8001B0000001B0000001C0000001C00000070
:104AD8001D0000001D0000001E0000001E00000058
:104AE8001F0000001F00000020000000210000003F
:104AF8002100000022000000220000002300000026
:104B0800230000002400000025000000250000000C
:104B180026000000260000002700000027000000F3
:104B28002800000029000000290000002A000000D9
:104B38002B0000002B0000002C0000002C000000BF
:104B48002D0000002E0000002E0000002F000000A5
:104B5800300000003000000031000000320000008A
:104B68003200000033000000340000003400000070
:104B78003500000036000000360000003700000055
:104B88003800000039000000390000003A00000039
:104B98003B0000003B0000003C0000003D0000001E
:104BA8003E0000003E0000003F0000004000000002
:104BB80041000000410000004200000043000000E6
:104BC80044000000450000004500000046000000C9
:104BD80047000000480000004900000049000000AC
:104BE8004A0000004B0000004C0000004D0000008F
:104BF8004D0000004E0000004F0000005000000073
:104C08005100000052000000520000005300000054
:104C18005400000055000000560000005700000036
:104C28005800000059000000590000005A00000018
:104C38005B0000005C0000005D0000005E000000FA
:104C48005F000000600000006100000062000000DA
:104C580062000000630000006400000065000000BE
:104C6800660000006700000068000000690000009E
:104C78006A0000006B0000006C0000006D0000007E
:104C88006E0000006F00000070000000710000005E
:104C9800720000007300000074000000750000003E
:104CA800760000007700000078000000790000001E
:104CB8007A0000007B0000007C0000007D000000FE
:104CC8007E0000007F0000008000000081000000DE
:104CD80082000000830000008400000085000000BE
:104CE800860000008700000088000000890000009E
:104CF8008A0000008C0000008D0000008E0000007B
:104D08008F00000090000000910000009200000059
:104D18009300000094000000950000009600000039
:104D280098000000990000009A0000009B00000015
:104D38009C0000009D0000009E0000009F000000F5
:104D4800A1000000A2000000A3000000A4000000D1
:104D5800A5000000A6000000A7000000A9000000B0
:104D6800AA000000AB000000AC000000AD0000008D
:104D7800AF000000B0000000B1000000B200000069
:104D8800B3000000B4000000B6000000B700000047
:104D9800B8000000B9000000BA000000BC00000024
:104DA800BD000000BE000000BF000000C100000000
:104DB800C2000000C3000000C4000000C6000000DC
:104DC800C7000000C8000000C9000000CA000000B9
:104DD800CC000000CD000000CE000000D000000094
:104DE800D1000000D2000000D3000000D500000070
:104DF800D6000000D7000000D8000000DA0000004C
:104E0800DB000000DC000000DE000000DF00000026
:104E1800E0000000E1000000E3000000E400000002
:104E2800E5000000E7000000E8000000E9000000DD
:104E3800EB000000EC000000ED000000EF000000B7
:104E4800F0000000F1000000F3000000F400000092
:104E5800F5000000F7000000F8000000F90000006D
:104E6800FB000000FC000000FD000000FF00000047
:104E7800000100000101000003010000040100001E
:104E88000601000007010000080100000A010000F7
:104E98000B0100000C0100000E0100000F010000D2
:104EA80011010000120100001301000015010000AB
:104EB8001601000017010000190100001A01000086
:104EC8001C0100001D0100001F010000200100005E
:104ED8002101000023010000240100002601000038
:104EE80027010000280100002A0100002B01000012
:104EF8002D0100002E0100003001000031010000EA
:104F080032010000340100003501000037010000C3
:104F1800380100003A0100003B0100003D0100009B
:104F28003E0100003F010000410100004201000075
:104F3800440100004501000047010000480100004D
:104F48004A0100004B0100004D0100004E01000025
:104F580050010000510100005301000054010000FD
:104F68005501000057010000580100005A010000D7
:104F78005B0100005D0100005E01000060010000AF
:104F88006101000063010000640100006601000087
:104F980067010000690100006A0100006C0100005F
:104FA8006D0100006F010000700100007201000037
:104FB800730100007501000076010000780100000F
:104FC800790100007B0100007C0100007E010000E7
:104FD80080010000810100008301000084010000BD
:104FE8008601000087010000890100008A01000095
:104FF8008C0100008D0100008F010000900100006D
:105008009201000093010000950100009601000044
:10501800980100009A0100009B0100009D0100001A
:105028009E010000A0010000A1010000A3010000F2
:10503800A4010000A6010000A7010000A9010000CA
:10504800AB010000AC010000AE010000AF010000A0
:10505800B1010000B2010000B4010000B501000078
:10506800B7010000B8010000BA010000BC0100004F
:10507800BD010000BF010000C0010000C201000026
:10508800C3010000C5010000C7010000C8010000FD
:10509800CA010000CB010000CD010000CE010000D4
:1050A800D0010000D1010000D3010000D5010000AB
:1050B800D6010000D8010000D9010000DB01000082
:1050C800DC010000DE010000E0010000E101000059
:1050D800E3010000E4010000E6010000E701000030
:1050E800E9010000EB010000EC010000EE01000006
:1050F800EF010000F1010000F2010000F4010000DE
:10510800F6010000F7010000F9010000FA010000B3
:10511800FC010000FD010000FF010000000200008A
:105128000102000003020000040200000602000061
:1051380007020000090200000A0200000C02000039
:105148000E0200000F02000011020000120200000F
:1051580014020000150200001702000019020000E6
:105168001A0200001C0200001D0200001F020000BD
:105178002002000022020000240200002502000094
:1051880027020000280200002A0200002B0200006B
:105198002D0200002F020000300200003202000041
:1051A8003302000035020000360200003802000019
:1051B800390200003B0200003D0200003E020000F0
:1051C80040020000410200004302000044020000C7
:1051D8004602000048020000490200004B0200009D
:1051E8004C0200004E0200004F0200005102000075
:1051F800520200005402000055020000570200004D
:10520800590200005A0200005C0200005D02000022
:105218005F020000600200006202000063020000FA
:105228006502000066020000680200006A020000D1
:105238006B0200006D0200006E02000070020000A8
:105248007102000073020000740200007602000080
:1052580077020000790200007A0200007C02000058
:105268007D0200007F020000800200008202000030
:105278008402000085020000870200008802000006
:105288008A0200008B0200008D0200008E020000DE
:1052980090020000910200009302000094020000B6
:1052A8009602000097020000990200009A0200008E
:1052B8009C0200009D0200009F020000A002000066
:1052C800A2020000A3020000A5020000A60200003E
:1052D800A8020000A9020000AB020000AC02000016
:1052E800AD020000AF020000B0020000B2020000F0
:1052F800B3020000B5020000B6020000B8020000C8
:10530800B9020000BB020000BC020000BE0200009F
:10531800BF020000C1020000C2020000C302000078
:10532800C5020000C6020000C8020000C902000051
:10533800CB020000CC020000CE020000CF02000029
:10534800D0020000D2020000D3020000D502000003
:10535800D6020000D8020000D9020000DA020000DC
:10536800DC020000DD020000DF020000E0020000B5
:10537800E1020000E3020000E4020000E60200008F
:10538800E7020000E9020000EA020000EB02000068
:10539800ED020000EE020000EF020000F102000042
:1053A800F2020000F4020000F5020000F60200001C
:1053B800F8020000F9020000FA020000FC020000F6
:1053C800FD020000FF0200000003000001030000CE
:1053D80003030000040300000503000007030000A6
:1053E80008030000090300000B0300000C03000081
:1053F8000D0300000F03000010030000110300005C
:105408001303000014030000150300001703000035
:1054180018030000190300001B0300001C03000010
:105428001D0300001F0300002003000021030000EB
:1054380022030000240300002503000026030000C7
:1054480028030000290300002A0300002B030000A2
:105458002D0300002E0300002F030000300300007E
:105468003203000033030000340300003603000059
:105478003703000038030000390300003A03000036
:105488003C0300003D0300003E0300003F03000012
:1054980041030000420300004303000044030000EE
:1054A80046030000470300004803000049030000CA
:1054B8004A0300004C0300004D0300004E030000A7
:1054C8004F03000050030000510300005303000085
:1054D8005403000055030000560300005703000062
:1054E800590300005A0300005B0300005C0300003E
:1054F8005D0300005E0300005F030000610300001D
:1055080062030000630300006403000065030000F9
:105518006603000067030000680300006A030000D8
:105528006B0300006C0300006D0300006E030000B5
:105538006F03000070030000710300007203000095
:105548007303000074030000760300007703000073
:1055580078030000790300007A0300007B03000051
:105568007C0300007D0300007E0300007F03000031
:105578008003000081030000820300008303000011
:1055880084030000850300008603000087030000F1
:1055980088030000890300008A0300008B030000D1
:1055A8008C0300008D0300008E0300008F030000B1
:1055B8009003000091030000920300009303000091
:1055C8009403000095030000960300009703000071
:1055D80098030000990300009A0300009B03000051
:1055E8009C0300009D0300009E0300009E03000032
:1055F8009F030000A0030000A1030000A203000015
:10560800A3030000A4030000A5030000A6030000F4
:10561800A7030000A7030000A8030000A9030000D7
:10562800AA030000AB030000AC030000AD030000B8
:10563800AE030000AE030000AF030000B00300009B
:10564800B1030000B2030000B3030000B30300007D
:10565800B4030000B5030000B6030000B703000060
:10566800B7030000B8030000B9030000BA03000044
:10567800BB030000BB030000BC030000BD03000027
:10568800BE030000BF030000BF030000C00300000A
:10569800C1030000C2030000C2030000C3030000EE
:1056A800C4030000C5030000C5030000C6030000D2
:1056B800C7030000C7030000C8030000C9030000B7
:1056C800CA030000CA030000CB030000CC0300009B
:1056D800CC030000CD030000CE030000CE03000081
:1056E800CF030000D0030000D0030000D103000066
:1056F800D2030000D2030000D3030000D40300004B
:10570800D4030000D5030000D5030000D603000031
:10571800D7030000D7030000D8030000D903000016
:10572800D9030000DA030000DA030000DB030000FD
:10573800DB030000DC030000DD030000DD030000E4
:10574800DE030000DE030000DF030000DF030000CB
:10575800E0030000E1030000E1030000E2030000B1
:10576800E2030000E3030000E3030000E403000099
:10577800E4030000E5030000E5030000E603000081
:10578800E6030000E7030000E7030000E803000069
:10579800E8030000E9030000E9030000E903000052
:1057A800EA030000EA030000EB030000EB0300003B
:1057B800EC030000EC030000ED030000ED03000023
:1057C800ED030000EE030000EE030000EF0300000D
:1057D800EF030000EF030000F0030000F0030000F7
:1057E800F1030000F1030000F1030000F2030000E0
:1057F800F2030000F2030000F3030000F3030000CB
:10580800F3030000F4030000F4030000F4030000B5
:10581800F5030000F5030000F5030000F60300009F
:10582800F6030000F6030000F7030000F70300008A
:10583800F7030000F7030000F8030000F803000076
:10584800F8030000F8030000F9030000F903000062
:10585800F9030000F9030000FA030000FA0300004E
:10586800FA030000FA030000FB030000FB0300003A
:10587800FB030000FB030000FB030000FC03000027
:10588800FC030000FC030000FC030000FC03000014
:10589800FD030000FD030000FD030000FD03000000
:1058A800FD030000FD030000FD030000FE030000EF
:1058B800FE030000FE030000FE030000FE030000DC
:1058C800FE030000FE030000FE030000FF030000CB
:1058D800FF030000FF030000FF030000FF030000B8
:1058E800FF030000FF030000FF030000FF030000A8
:1058F800FF030000FF030000FF030000FF03000098
:10590800FF030000FF030000FF030000FF03000087
:10591800FF030000FF030000FF0300000004000075
:10592800102840587088A0B8000000000404043C07
:105938003C0000000000080000000800080000000B
:10594800000000000102030401020304060708091D
:10595800000000000102030401020304060708090D
:105968000100000002000000040000000600000022
:10597800080000000A0000000C00000010000000F1
:10598800200000004000000080000000000100002E
:1059980000316253C4F5A697B988DBEA7D4C1F2E07
:1059A8004372211087B6E5D4FACB98A93E0F5C6DF7
:1059B80086B7E4D5427320113F0E5D6CFBCA99A8E7
:1059C800C5F4A796013063527C4D1E2FB889DAEBD7
:1059D8003D0C5F6EF9C89BAA84B5E6D740712213C7
:1059E8007E4F1C2DBA8BD8E9C7F6A59403326150B7
:1059F800BB8AD9E87F4E1D2C02336051C6F7A495A7
:105A0800F8C99AAB3C0D5E6F4170231285B4E7D696
:105A18007A4B1829BE8FDCEDC3F2A1900736655486
:105A280039085B6AFDCC9FAE80B1E2D34475261776
:105A3800FCCD9EAF38095A6B4574271681B0E3D266
:105A4800BF8EDDEC7B4A192806376455C2F3A09156
:105A58004776251483B2E1D0FECF9CAD3A0B586946
:105A680004356657C0F1A293BD8CDFEE79481B2A36
:105A7800C1F0A3920534675678491A2BBC8DDEEF26
:105A880082B3E0D1467724153B0A5968FFCE9DAC16
:105A9800102840587088A0B8102840587088A0B8BE
:105AA8002B66000000006717129EBCA3BEED0A9289
:105AB80049877A0D917D01DE7A9F2AC387E45B705E
:105AC80050028761F4563322000000007EE51DDA9B
:105AD8000E4ABBA516EDF127BF9F62DC8F95B95D15
:105AE800000000000EEC6819943C3EC3E99989B4A3
:105AF8004A641B6F85625828287301001CEDA85161
:105B0800B05B01002E14000000000000F00000004F
:105B180000000000000000005F2FAAAD8C9C13005D
:105B2800D0291000D0291000D0291000D029100049
:105B3800D0291000D0291000D0291000D029100039
:105B4800DC9A1000D0291000D0291000D0291000AC
:105B5800D0291000C4670100D02910000C60120081
:105B68000CB11000D029100068B3100068B3100001
:105B780068B31000844D1200446E1200446E120087
:105B880064B61000ECB6100034B81000086B1200B0
:105B9800D02910002C1A1000C8B5100010151000DC
:105BA800D0291000D0291000B81810006C19100066
:105BB800EC6E1200EC6E1200EC6E120040D4120073
:105BC800C102CFF25D074FF6BD05000121070001B4
:105BD8004D06CFF76906CFF78506CFF7D907CFF778
:105BE800E505CFF93506CFF91107CFF9A1010FFA6D
:105BF800A9010FFA95020FFA09060FFA6107400882
:105C080019014FFAB5044FFAF5044FFA5D054FFA3A
:105C1800A104C00059064FFA71064FFA450740081B
:105C2800B5018FFAD9018FFAB100800841028FFAC5
:105C380065038FFABD038FFA15048FFA61048FFA92
:105C480079048FFACD008008F9048FFAA106400183
:105C58004D068FFA81078FFAA501CFFAA502CFFA70
:105C68006D03CFFA7906CFFA7D03400135000FFBAB
:105C780075000FFBA9000FFBD9000FFBE1000FFB1C
:105C8800ED000FFBF5000FFB05010FFB49020FFBB1
:105C98004D020FFB55020FFB65020FFB75020FFB50
:105CA80081020FFB75030FFBAD040FFBD5040FFB3F
:105CB800ED040FFBF5040FFB19050FFB91044001E0
:105CC80021060FFB8D038008D9060FFB29014FFB26
:105CD800A505C00015024FFBF1024FFB190180001A
:105CE800D100800061008000A50080007D00800058
:105CF800E50080004501800021018000F5054FFB8B
:105D0800B9064FFBFD064FFB3104400151068FFBDE
:105D18002902CFFBB5020FFC35040FFC81040FFCF0
:105D28008D040FFC61050FFC0D018FFDA1018FFD96
:105D3800B1018FFDC1018FFDF102400191038FFD7B
:105D480009058FFDE504C0009900CFFD7904C00066
:105D580051020FEFBD04CFFD2505CFFD6D06CFFD28
:105D6800A506CFFD5D07CFFDF507CFFD29000FFE86
:105D78008102400111020FFEA1020FFE39030FFE3E
:105D8800C9030FFEB1040FFE71070FFEB1044009ED
:105D9800FD070FFE0D004FFE61004FFEB5004FFEE0
:105DA800B9004FFECD004FFEF5004FFE05024FFE35
:105DB800D9058FFE65068FFE7D068FFE3D014001E9
:105DC80035078FFE49078FFE6D078FFEE5078FFEAB
:105DD8001500CFFE9D00CFFEB500CFFEE500CFFE3B
:105DE8005901CFFE0502CFFE1D02CFFE6D0440090A
:105DF8007904400985044009510540094D02CFFE48
:105E08009D02CFFEA502CFFE990540094D03CFFEA6
:105E1800B503CFFE1904CFFE8104CFFEA904CFFE3F
:105E2800E50540090D06400979070001D906CFFEAE
:105E38009907CFFEB1064009E50640090D0740095C
:105E48007D000FFFBD000FFF510600016D008009A6
:105E580081020FFF85020FFF4903C000CD020FFF2B
:105E680019030FFF19030FFFED0540006D064FFFE3
:105E780035008FFF5902CFEF0D03CFEFAD03CFEF02
:105E88000104CFEF8D04CFEF9D04CFEF1105CFEFC5
:105E98005905CFEF6905CFEFDD0000026D01000263
:105EA800850200029103000255040002A1040002C9
:105EB800B1050002310600027D030FF0350700022C
:105EC8005D004002950040027101400261034002FA
:105ED80031004FF05D014FF0E503400251078FF0AC
:105EE8002100CFF04500CFF0B101CFF0FD06CFF093
:105EF8000507CFF0DD000FF1E9000FF1490180023D
:105F080079050FF131060FF139060FF149060FF146
:105F18002D004FF181004FF1A102C0021504C0020B
:105F28009D04C0022505C0024905C0024905C002FA
:105F3800DD024FF1E506C00285044FF16D074FF110
:105F480071074FF179074FF17D074FF181074FF145
:105F58009D074FF1AD074FF1B1074FF1B1074FF171
:105F680049018FF1A1018FF1DD018FF17D028FF1E0
:105F780079038FF105048FF12D004003C9068FF1D5
:105F880061078FF1F9078FF1D500CFF19902CFF1B1
:105F9800A102CFF1BD03CFF12904CFF18904CFF1DC
:105FA8001D024003CD05CFF16D06CFF11507CFF1E6
:105FB800B107CFF101020FF205020FF24D020FF205
:105FC800D9020FF23D030FF289030FF2F9030FF222
:105FD80019040FF2350340039104400301054003FF
:105FE8005D06400381074003750080036501800357
:105FF80051078003510780038D0780035900C003B0
:10600800C900C0031901C00309068FF221068FF2E7
:10601800FD07CFF28504C0034D010FF371010FF3A3
:1060280081010FF3B5010FF3B9010FF3C5010FF3A8
:1060380011020FF37105C0039D05C0034D06C0038F
:106048008907C0030500000471000004C1000004B2
:10605800E9000004110100042903000459040004A4
:106068001D070004E5070004590040046D014004C1
:10607800710140040D044004DD048FF359058FF3CA
:1060880009068FF36D068FF37D068FF3FD068FF3F8
:1060980011078FF385078FF3A1038004810480041F
:1060A800DD068004B900C0045501C004B502C0046F
:1060B8001903C0049906C00465030005110400050E
:1060C8004D05000531014FF469014FF415034FF4F4
:1060D800E9044FF449054FF485064FF449074FF496
:1060E80081008FF485008FF41D018FF439018FF43E
:1060F80031028FF4CD048FF465058FF419078FF4FE
:1061080001010FF5E1070005E5020FF509030FF599
:1061180019030FF5CD030FF5D1030FF5DD030FF5C7
:10612800B1040FF5B90140053D024005E102400503
:1061380041034005A9044005290540052D054005F2
:106148003D054005B905400511074005CD00CFF5CF
:10615800E100CFF53101CFF5FD01CFF5ED02CFF527
:106168008103CFF5E903CFF54504CFF52505CFF534
:10617800ED010FF609020FF685020FF6C1020FF6C0
:10618800F9020FF625074FF67D074FF6C1074FF6C0
:1061980055008FF6C5018FF639028FF649028FF642
:1061A800E9028FF6F1028FF6BD038FF6150680051A
:1061B800410780054D03C005A903C005CD03C005EF
:1061C800C105C0051507C005F5000006D902CFF6C0
:1061D800A503CFF6CD05CFF66106CFF67106CFF64B
:1061E8002907CFF63107CFF621000FF7E1000FF7A7
:1061F80065010FF721030FF74D030FF7B1030FF7F1
:10620800C1030FF791040FF7AD040FF7B1050FF7AE
:1062180021060FF7B100000691070FF7E5070FF702
:1062280005004FF7A1004FF7B1004FF761014FF795
:1062380075014FF7A1014FF7C5014FF719024FF745
:1062480089024FF7C1024FF7A1010006710200064B
:106258001105000699050006A9050006A90600060D
:10626800AD06000609004006090040062100400668
:106278001D078FF75D078FF7DD00CFF77D01CFF79B
:1062880095024006510340061D05CFF7DD05CFF7FF
:1062980015054006E507400651000FF8A1000FF864
:1062A80039010FF811020FF879020FF845030FF8BA
:1062B8008D050FF8E5050FF86D060FF8DD060FF8E8
:1062C800AD0080063D004FF845004FF859004FF8E3
:1062D8000902800651014FF8DD038006D1058006CA
:1062E80001054FF889008FF8B100C00601018FF849
:1062F8000D01C006AD018FF821028FF871028FF8E9
:10630800C1028FF8DD028FF8ED028FF835038FF8A0
:10631800E1038FF8F1038FF8F5038FF821048FF864
:106328003D048FF8C102C00679048FF8A1008007E8
:1063380055018007FD000FF9B5010FF975018007B8
:106348002107800771050FF91D0780079D00C00709
:1063580019048FF9B9048FF9C9048FF9B504000835
:1063680009058FF909058FF9AD058FF9D1058FF961
:10637800ED068FF9090500085503CFF9390500081E
:106388008103CFF9ED03CFF92904CFF93904CFF907
:10639800D50500086904CFF9ED0500081D060008B9
:1063A800FD04CFF91905CFF9450600084105CFF9D5
:1063B800550600086505CFF9850600088905CFF957
:1063C8009D05CFF9C105CFF98D060008B906CFF9AB
:1063D8000107CFF91907CFF94D07CFF99507CFF97D
:1063E800A907CFF9410700083D060FFA89070FFAF8
:1063F800E1070FFAF9070FFA2D004FFA2D004FFAAF
:106408007D00400895004008FD048FFA15058FFAB5
:1064180041058FFA5D01400875014008D5058FFADE
:1064280051078FFA69078FFA9D078FFA61034008B1
:106438000D06CFFA2506CFFAC90340084D018FFB98
:1064480065018FFB8903CFFB9103CFFBC503CFFB0E
:106458005906CFFB7106CFFBA906CFFBC106CFFBC0
:10646800FD06CFFB1507CFFB4907CFFB6507CFFB21
:1064780005000FFC6D000FFC9D000FFCED000FFCEC
:10648800F9000FFC4D010FFCB1010FFCBD018008A4
:1064980041030FFC45030FFC81030FFCCD030FFCE8
:1064A800510380088903800855058008B9060FFC48
:1064B800C9060FFC55058008B105800849070FFC7F
:1064C80059070FFC69014FFC71014FFC81014FFC1A
:1064D8009D014FFCC5058008D5014FFCD9014FFC33
:1064E800E9014FFC75024FFCF1024FFCC9044FFC57
:1064F800E1044FFC7D054FFC25064FFC19074FFCB6
:10650800DD008FFCE5008FFCED008FFCF5008FFCB3
:1065180009068008F5018FFCB9068008F1038FFC95
:1065280091048FFC15058FFC5901C00801078FFCE9
:1065380011078FFC21078FFCDD078FFCED02CFFCD4
:106548006104CFFC6504CFFCB504CFFCBD04CFFCCF
:10655800D904CFFC1505CFFC1D05CFFC8506CFFC63
:10656800090000096D000FFD81000FFD19020FFDE4
:1065780031020FFD75020FFD8D020FFDED030FFDBA
:1065880005040FFD31040FFDA9050FFD55004FFD52
:106598006D004FFDE5004FFD95014FFD9D014FFD3D
:1065A800B1014FFDC9014FFDAD034FFD49028FFDFC
:1065B80061028FFDE100000901048FFD19048FFDC0
:1065C800C9058FFDD504CFFDED04CFFDB5020FFE43
:1065D8009D038FFEB5038FFEF50040090D014009AC
:1065E80059020FFF71020FFF59028FFFB5028FFF8B
:1065F8001100C002A9024004ED060FF69102000145
:10660800F9004FF6F5020001BD060006D905CFF8DE
:10661800E906CFF83D024FF949024FF9B503C00723
:106628005D00C000B1068FF9F9068FF94907CFFA66
:10663800F9040000D5020001210440083D020001D0
:1066480089020001550200013D0440080D0540087B
:106658009D008FFB5D064008A9028FFBE5020FFD38
:10666800F5020FFDC502C00A01034FFD3501000008
:1066780071010000F9038FFD2902CFEE61048FFD3F
:10668800F1048FFDF506CFFD95050FFE41074FFE7E
:10669800F903000919040009090000008500000039
:1066A800E2C20845018068408420030C19083104BF
:1066B80048410E8D0015061021421D78460E6FFBCD
:1066C8000143C2C6284D4C70C608E00008430015B7
:1066D8000610004161402142F60A2FF60143C2C666
:1066E800E2C20845018068408420030C190831047F
:1066F80048410E8D0015061021421D78EA0D6FFBEA
:106708000143C2C6284D4C708608E00008430015B6
:106718000610004161402142CA0A2FF60143C2C651
:10672800E2C20845018068408420030C190831043E
:1067380048410E8D0015071021421D781A0E6FFB77
:106748000143C2C6284D4C704608E00008430015B6
:1067580007100041614021424E0BE0000143C2C6D0
:10676800E2C20845018068408420030C19083104FE
:1067780048410E8D0015071021421D78A20D6FFBB0
:106788000143C2C6284D4C700608E00008430015B6
:106798000710004161402142260BE0000143C2C6B8
:1067A800E2C20845018068408420030C19083104BE
:1067B80048410E8D0015061021421D78DE0A6FFB38
:1067C8000143C2C6284D4C71C60FA00008430015EE
:1067D8000610004161402142CA092FF60143C2C692
:1067E800E2C20845018068408420030C190831047E
:1067F80048410E8D0015071021421D78BA0A6FFB1B
:106808000143C2C6284D4C71860FA00008430015ED
:106818000710004161402142BE0AE0000143C2C6A0
:10682800F1C081808424031C110C31140010050070
:106838000E881D789F5A04F010E08F5AD1C0E07E70
:10684800F1C081808424031C110C3114001006004F
:106858000E881D78A15A04F010E0905AD1C0E07E4D
:10686800F1C081808424031C110C3114001006002F
:106878000E881D78A05A04F010E0915AD1C0E07E2D
:10688800F1C081808424031C110C3114001006000F
:106898000E881D789D5A04F010E08E5AD1C0E07E13
:1068A800FC1C88B7E1C0E1C1E1C2E1C3FC1C08B12E
:1068B800FC1C48B1FC1C88B1FC1CC8B1FC1C08B20B
:1068C800FC1C48B2FC1C88B2FC1CC8B2E1C4F1C074
:1068D800FC1C08BF6A208000E1C06A20C000E1C03B
:1068E800C340F0002D000088C1B8F0260170A00058
:1068F800388603E94079C1C06B20C000C1C06B2055
:106908008000C1C00A240070D1C0C1C404140B3473
:1069180004140A340414093404140834041407341D
:10692800041406340414053404140434C1C3C1C265
:10693800C1C1C1C004141E346F243F00E4C22F2714
:10694800BF036F233F00CB45A000A242208D062144
:1069580000007E0BAFEE00AD208D1470C340F00038
:10696800340005F27B00200033A8A0B933A820AD7D
:1069780000168070A000A142147033F20016C07097
:10698800A000B042CB44A000A0421470C343F00062
:10699800400226002B00408C6D71E5B8002B80105A
:1069A8002F27BF006F233F0012F42583067925A304
:1069B8002F26BF0011F02F277F006F233F0007838A
:1069C8000F20800007A32F267F000BF02583257852
:1069D80005A32F26BF00008C002B001006A32F262E
:1069E800BF03C4C6E6C1A3C12F273F026F233F00E0
:1069F8006F263F0437886D7034700CF2358883E950
:106A08003688448005B9422101083A62688A747060
:106A18008E00210080C4E782C682FFD95ADD181A89
:106A2800800F12005CF987A240C641C74F002000C2
:106A380042C1AB25081E00168170F0003500C5B9AB
:106A4800347210F46F273F006F233F00AA215A00C9
:106A58004B2180830BF22F21BF0F000077000BF032
:106A68002F21BF0F0000B70005F02F21BF0F000036
:106A7800B7006F263F04688A02C108EB8C21C38FD8
:106A880004F477887470D7F58C21C38F6D7109F47D
:106A980027820F09010301C127A200C126A22F26C0
:106AA8003F026140C6C5E07814707C0021000043B5
:106AB8002F273F036F233F006F263F0422F029F45E
:106AC80000168070F0003500C5B814720FF46F27F7
:106AD8003F006F233F00AA205A004B2080830CF20E
:106AE8002F21BF0F000077000AF02F21BF0F0000F1
:106AF800B70006F02F21BF0F0000B7006F263F0434
:106B08004C8B00815470BA07E2FF8C20C38F2F266C
:106B18003F038C20C38F0041CA21E1085470E07FF5
:106B2800CA204100E07F23D8E8C3A3C12F273F0430
:106B38006F233F006F263F042D90AD7034700CF228
:106B48002B9083E92C90247742805A2101053A62E0
:106B58002C8A34709400210080C3C482A282FFDC96
:106B6800081A800F1300305764A240C541C651006F
:106B7800200042C4AB21080E00168170F0003500D9
:106B8800C5B934720FF46F273F006F233F00AA2165
:106B98005A004B2180830CF22F21BF0F0000770091
:106BA8000AF02F21BF0F0000B70006F02F21BF0FFA
:106BB8000000B7006F263F042C8A02C409E98C2420
:106BC800C39F07F42D903470AC07E2FF5AD98C2488
:106BD800C39FAD710AF404821108C10001C004A268
:106BE80000C002A291D867582F263F04A140C8C709
:106BF8002F27FF006F233F006F263F044D905470EE
:106C080024F200168170F0003500C5B9347210F412
:106C18006F273F006F233F00AA215A004B21808332
:106C28000BF22F21BF0F000077000BF02F21BF0FB1
:106C38000000B70005F02F21BF0F0000B7006F2636
:106C48003F042D903470DFF52F26FF00E07F792276
:106C58000000E07800168070F0003500C5B81472A6
:106C68000FF46F273F006F233F00AA205A004B20E4
:106C780080830CF22F21BF0F00007700E07E2F21C8
:106C8800BF0F0000B700E07E2F21BF0F0000B70044
:106C9800E07EE078F1C002881308BF01F6D80289C7
:106CA8001108FF010C70D1C0E07E2E09AFF42C71E1
:106CB800F0D82609AFF42C71E4C2C34200000000EA
:106CC800C343000000002845420D6FF908464C7088
:106CD8006C70C140E2082009A141C4C6E4C2C342A5
:106CE80000000000C3430000000028451E0D6FF996
:106CF80008464C716C70C140BE082009A141C4C649
:106D0800E4C2C34200000000C3430000000028455D
:106D1800FA0C6FF908464C726C70C1409A08200949
:106D2800A141C4C6E2C2C34200000000C343000040
:106D38000000D20C6FF908454C736C767A0820096C
:106D4800A140C2C6E4C2C34200000000C343000021
:106D580000002845B60C6FF908464C746C70C140A9
:106D680056082009A141C4C6E4C2C342000000007D
:106D7800C343000000002845920C6FF908464C7583
:106D88006C70C14032082009A141C4C6E4C2C342A4
:106D98001300A89BC3431300AC9B28456E0C6FF9E6
:106DA80008464C766C70C1400E082009A141C4C643
:106DB800E4C2C34200000000C343000000002845AD
:106DC8004A0C6FF9084607DA6C70C140EA0FE00810
:106DD800A141C4C6F1C0C34200000000C343000083
:106DE80000001A0C4FF908DACE0FE0086C74D1C015
:106DF800E07EE078E4C2C34200000000C343000024
:106E080000002845060C6FF9084609DA6C70C14085
:106E1800A60FE008A141C4C6E2C2C34200000000B8
:106E2800C34300000000DE0B6FF908450ADA6C76F0
:106E3800860FE008A140C2C6E2C3A1C1CE0BEFFA9B
:106E4800084540C0C34200000000C34300000000E2
:106E58008C7640240530060BEFFAA1400BDA6C76ED
:106E680040240430420FE008A14000C0C2C7E078C7
:106E7800E4C2AD70CB4613000C9C008621860279D3
:106E88000B0952012E0BEFFA22B9A571EF0D3494BC
:106E980008E6C3421300AC9BC3431300B09B5E0BD0
:106EA8004FF90CDA120FE0086C74C4C6F1C0C34283
:106EB80000000000C34300000000420B4FF90DDA48
:106EC800F60EE0086C74D1C0E07EE078F1C0C342F1
:106ED80000000000C34300000000220B4FF90EDA47
:106EE800D60EE0086C74D1C0E07EE078F1C0C342F1
:106EF80000000000C34300000000020B4FF90FDA46
:106F0800B60EE0086C74D1C0E07EE078E07F0C70CB
:106F1800E8C2084594E142012500ED700E71CD707C
:106F2800E1ADE0AD4209AFF5CF78618D408D2F21FD
:106F3800080408BB1470C571657ACF78C522420071
:106F48002F20402040AD28BADD08748241AD09DE0B
:106F58000E71E3AD021DC2130E09AFF5CF78638D34
:106F6800428D2F21080408BB1470C571657ACF784B
:106F7800C52242002F20402042AD28BADD08B48443
:106F880043ADCD700E71E5AD041DC2130208AFF517
:106F9800CF78658D448D2F21080408BB1470C57106
:106FA800657ACF78C52242002F20402044AD28BA08
:106FB800DD08748245ADE7ADE6AD09DF4A2640102D
:106FC800CE0F6FF5EF78878D468D1470402C001228
:106FD800D079E5714578EF7BC52042003B7E06AD50
:106FE80028B8E10BB48407AD1A0F4000120F6000F7
:106FF80008ADEA0E600009ADC60E60000AADF208E1
:10700800AFF50BAD6E09AFF50CAD1E09AFF50DADC3
:107018000EADC341F00000010D8914DFC2B80FADF9
:107028000989C6B810AD0591C6B811AD0C89C1B8AB
:1070380012AD138D2C8900160270F00090016C209F
:10704800430024B95B784421420044208100052391
:107058008000257813ADE140C8C6E078E8C2F02684
:107068004D70A000F44D48470846B57066F22F27CA
:107078003F046F233F00018500AE6085428528B834
:1070880001AE204062AEFE0F2FF843AE828E04AEF2
:107098005527801F22B8C5B840250315984E4C7057
:1070A80009240B101FF0608320EBD48B8089447176
:1070B800C3BE6C24C010C57800A9888B8420C20385
:1070C80004BC8424011C857800A9158BC57C07B8ED
:1070D800857800A90C93968B02A928B881A903A9E1
:1070E80024744F78C308C4820CE520F0A08521EDF4
:1070F800948D60894471C3BC6C23C000857800A955
:10710800688D8420C20304BB8423010C657800A920
:10711800158D857B07B8657800A90C95768D02A931
:1071280028B861A903A924744F78C508C4822F26FA
:107138003F0408D9157903F02C703078C8C6E07878
:10714800E4C2CB44A00054868084607C4845CD705E
:1071580009E8008DCD7107E83D582488058821ADE0
:1071680002ADC140C4C6E078EAC208457CB87041A7
:1071780048461D08F50030405525401E0F79C1408E
:107188000242B7FF001904200C71CAC60F0D74180B
:107198001E4E2C702E09EFFC4C75CB47A00048867C
:1071A8008287A1400241C142607C224307E8710DF9
:1071B800F0100C71310D1011E9F1250D32140C701D
:1071C800870D30140241F9E544F2FEE5DFF5208F22
:1071D80003AE02AE01AE0C7420AE3FF0410DD010EC
:1071E800AB0D1191160EC0070845026EC34113007E
:1071F800999A8E0AEFEE4C76184EC341A0007C8710
:107208007E0AEFEE4C7609ED8025041F1E4E4C7663
:107218006E0AEFEEA14100110021B6F10D083525E7
:107228000C7000190520CAC6A20EEFF90C7241288D
:107238000306412802044128010210AE14D873AE97
:1072480052AE31AE09F010D8CA0AA000C14205F00A
:10725800C14002412FFF310911A098F1E8C2CB4685
:10726800A0004886648648453040607B0847B6E8F9
:10727800FEE70C7033F40D081020408D40AE03F08B
:10728800408ECB4513009F9A05EA8C22C38F23F2C8
:1072980006F08A0C6FEEA140408E1AEA2186016939
:1072A80001A6D20A6FEE5A4D008E250894003B586D
:1072B800004320441D4DE141BA0A6FEE0242008EA0
:1072C8000D08F4005425401AAA0A4FEE048E0D0842
:1072D8001E001A0C6FEE0AD80C71C8C6E2C2390B30
:1072E800B00028434D0B5000AF0B11008090630C89
:1072F8001316B70CD011C30C10129F0C91122190C9
:107308000C7164690D09340260A253217E804CF22D
:107318000AD86DF08090C341A000ACE84F0CD011A2
:10732800530C1012730C9112E20800000C71C2C6C3
:107338008090CB45A0005C86430C90164F0C5016ED
:10734800570C1116828529EC407C0C71C2C6830C3F
:1073580010168D0C5016430C911621900C7164690F
:107368004509300160A21AD841F0E60B00000C7103
:10737800C2C6260C00000C71C2C620850DE92588FE
:107388004385607A04880C71C2C6808505EC607CF0
:1073980004880C71C2C6CB44A0006086A08429ED85
:1073A800607D6141C2C621900C716469F909308120
:1073B80060A207D81BF021900C716C698469F8E30E
:1073C80080A205F753217E80EEF308D80FF02190B4
:1073D8000C71646960A268E918D809F021900C71F1
:1073E8006469C509308160A219D82C7170580C7075
:1073F800C2C6E078F1C079200000047104A90C71BC
:107408006458D1C0E07EE078F8C2084604880D08C8
:107418001F000196A10811020B1694105A086FFA62
:107428000A16931004E82D10920003F04E71CB4712
:10743800A000D0E9CB45A000B0E90C70031FC2142E
:10744800041F02151CAD181D451122960816901030
:107458004B210086304113F24129CC20532441109E
:107468005D09D0006B0990007D095100670A5F2013
:10747800C341A000EC4021D84DF02E581045345897
:1074880000410240A242335816E8BC4818DAF20F0D
:10749800AFEEA1400185F0D904796309300491E089
:1074A800E5093108A2E0F7F2A1E0C6212126CF21A3
:1074B800E120F5F000962C767058D8C6081D811486
:1074C800041D8114001D801FA00074400DF03F0AA8
:1074D8005120081D4114041D4114001D801FA000E7
:1074E800544003F001A5498E2E8D00AF5B7AC0B9D8
:1074F8001FAD194E45792EAD44F00A022100567190
:1075080092E00F022000C5212126C341A0000841B6
:1075180022D8558DC0DB2F240204091688100616C0
:107528000B114424071141290C235320862002A55E
:1075380001A520A50421C1204424000244240912E5
:107548006C24CC0026B9052080014129852305211A
:10755800C1018578842202004425430005214102A7
:10756800457873AD34AD15AD0396101DC412121DC8
:1075780002121FAD28B800AFFA096000A140194EE9
:10758800008802AF41290022442117A1D342A0005C
:1075980074861D1D4214011F02141EAD12F2C5B8D7
:1075A800D3464C3DCDCC1108740163B848308000F7
:1075B8000030960527091F20D3401200544B08F0CD
:1075C80023093F20CE70D3401200504B4023C024E3
:1075D8006C204000001A002410F0D3401200804BA9
:1075E80004F0D34012007C4B9C4E056F6242920E11
:1075F800AFEE001A002410D840275511F670D34773
:107608001200D8580DB50FF240250516A140824149
:10761800A24262430A24C005232000040A268005EA
:10762800D8C615097F2040250516A1408241A242EF
:1076380062432CF0422351202F2647F41FF24025A5
:1076480018160A2640248A46CF796C718C70A1409E
:10765800A242232000040A25000600121020C67743
:10766800A6712F2687F5C571F0F542238120066F94
:107678002F7A00245424002215002F2107054025C5
:1076880005166C71A140A242232000040A24C005FB
:10769800D8C6462111264F2111210895528D958D66
:1076A800748D131589108A2301101FAD42AF41282C
:1076B80002029B78366B402BC8000421862F0000FD
:1076C8001F3FC2BC4421511040AF6C200901442027
:1076D80002040421C00244200B18457C0526C2027E
:1076E8000CBB8421020045780423830F0F0000801F
:1076F8002578402991236578052450120521112009
:1077080042F146211126CF212121CF21E2200E8DE1
:107718000E70001F02141F1D02141D7833F1E0784B
:10772800C341A00084864081004307EA4040438269
:10773800FEEA63A002F060A10C70E07F0C1B010060
:10774800C340A00078862180E07F0080E4C2CB455A
:10775800A0007886C488088D390E0010170E911085
:10776800220A4FFA21A500A53BD8C3411200245C88
:1077780007F01F08B1003BD8C341110064A69A0E58
:1077880000000C716B200004E078E078E078C8AD68
:10779800C4C6E078EAC22190A468CB47A0007886E6
:1077A80038608A20832840201101008D8C20038CAA
:1077B80048002500C16D288FB509B100004180211E
:1077C800FC02A509750241DA770A6F0082DA7F0A9E
:1077D8006F008A220401910A4E00248E21A7418E4F
:1077E800638E208E828E08BA08BB257A0523010392
:1077F80010B9457920A73CF07D083000A572A38711
:1078080007000000A385770D101020852489F90949
:107818000180088F0B0851003B5821A700A7488D0D
:1078280001855E0CAFEEC1414085A88DB912C0003C
:1078380045083300DD652187008772581CF0408EAB
:10784800208761870022428009F0218E408E808740
:1078580008B961874579002442904123018021A716
:1078680040A706F0001E0274F0004800860C2FFAAC
:107878002C701D65370D4494CAC6E2D8001E0270EC
:10788800F0004800CAC6E078F1C0A3C1C342A00016
:107898008086408A0AEA048841C12C7493B940C1A1
:1078A80062C00C7180C16458A3C0D1C0E07EE0788A
:1078B800E6C242233C8015F2CD70AD70A82040048A
:1078C800976D5C642F27FF026F233F00F38C06EF50
:1078D800D3AC0E1C4310D0A42F26FF02A571EA08D2
:1078E8008FF9C6C600161D70A000044709244C175E
:1078F800F0261D73A000206CAB251030AA2590300F
:10790800350DFE315025DD31AB25903067244033ED
:10791800FC1CC8B7AA250938A7250939FC1C48B793
:10792800AA254938A7254939FC1C48B70A27803FAA
:1079380011003CC86F243F00AA2790304F27DF3141
:10794800AB27903004141D34AB25493904141D3479
:10795800AB25093904141F3467244033AB27103092
:107968006F243F00C342A000908639A2E07F18A28E
:10797800F1C086090FFDC340A00008474020020A55
:10798800CC4820E0001A800F12001C5E0019800FFE
:107998001200C85D0018800F12000262D1C0E07E9C
:1079A80005EB1522CC00FC1CC09059070FFEE078AF
:1079B800004206E8108AE7B80C77E07D6501EFFE23
:1079C8004040E078EAC200101000084558204E01F7
:1079D80070B870410A0DEFFC2847C34100801E4073
:1079E8003671D5212208E4A6041D5010182502146A
:1079F80007F42C70041E0110A3A642A60AF0C34186
:107A0800A0009086988179814041A1A683A662A6AC
:107A180020A6CAC60C705470AB205002E07CC3404C
:107A2800A000E886E07F40A0EEC24E70CB46A000E2
:107A380090868A2190285240A46EAB22502200855D
:107A4800402153200CE82086E18580B92B21400491
:107A58008A0E0FFEE5782B20C00406F02B22402466
:107A68002B22C02406710CE62672D70834A20CE536
:107A7800CEC6E078EEC2D98808453043C1BE0208B8
:107A88006FFBA1404E700E710AE81F0EB510A140A1
:107A98003558130B25200C712E7040F00C711041D5
:107AA8003CF00D8D03E8E08505F00D1D4310A94756
:107AB80002F01CEFCA0F2FFBE14011E8E1403558F6
:107AC8001B08C104558705EA3987607AE140190F18
:107AD8006013E140BE0A0FF906F0A60F2FFBE14044
:107AE80002E80E70E087E7F1167015F2A60A2FF982
:107AF800A1400B0E90100D1D0310108D14700BF289
:107B0800101D03109E782C704C71A1409158BE78BE
:107B18004E71792010200C7083E85670B1F51470FE
:107B2800CA2042240240CEC6001E0070A000E047D2
:107B38006A208002AEB8BFB829200080AA20C10000
:107B48005120C087BFB8AB20C100E7246233C740CB
:107B5800A000E047641C08B0AA204909981C00301E
:107B6800AA200909941C0030AA204908901C00305A
:107B7800AA2009088C1C00300A20000F881C00303D
:107B88006A208000841C00306A20C000801C0030FD
:107B98007C1CC037781C8037741C4037AA205000E2
:107BA8005CC06C1CC036681C8036641C4036601C87
:107BB80000365C1CC035581C8035541C4035501CA0
:107BC80000354C1CC034481C8034441C4034401CD4
:107BD80000344FC74EC64DC54CC42C1CC032281C9F
:107BE8008032241C4032201C00321C1CC031181C5E
:107BF8008031141C4031101C003143C342C241C1C2
:107C0800AA204800422000841E0001006A21800842
:107C18004421C1006B2180082220800F1200D03936
:107C280014702A000100AB20480000160A70A0005A
:107C3800AC46001A00172220800F1200EC2A00160A
:107C48000A70A000AC4600121C1098141E30AB2617
:107C5800493994141E30AB26093990141E30AB26CE
:107C680049388C141E30AB26093888141E300A2473
:107C7800807784141E306B26803080141E306B266B
:107C8800C0307C141F3078141E3074141D306C14EE
:107C98001B3068141A3064141930601418305C14DE
:107CA80017305814163054141530501414304C141E
:107CB80013304814123044141130401410300FC7D8
:107CC8000EC60DC50CC42C140B3028140A3024140D
:107CD8000930201408301C14073018140630141406
:107CE80005301014043003C302C201C11CC0AB200C
:107CF80050009C1400346F233F006F243F00E0784D
:107D0800FC1C08B0AA2048000B0810000C70AB201F
:107D1800480010D8AB20480004140034E07EE20884
:107D2800000098141E306B26403398141E30AB2682
:107D3800493994141E30AB26093990141E30AB26ED
:107D480049388C141E30AB26093888141E300A2492
:107D5800807784141E306B26803080141E306B268A
:107D6800C0307C141F3078141E3074141D306C140D
:107D78001B3068141A3064141930601418305C14FD
:107D880017305814163054141530501414304C143D
:107D980013304814123044141130401410300FC7F7
:107DA8000EC60DC50CC42C140B3028140A3024142C
:107DB8000930201408301C14073018140630141425
:107DC80005301014043003C302C201C11CC0AB202B
:107DD80050009C140030AB201000A0140030AB20E1
:107DE80090005120C087A41400346F233F000A007C
:107DF8000100672440336F243F00E07800160A70C2
:107E0800A000AC4600121C10C34000400000AB208C
:107E18005002E07EE2C0AA240A14157C92498A2006
:107E28009F0F4478412A430135BA4F200D0004239F
:107E3800810F0000C0FF5322C0002578A0B401B410
:107E4800C2C4E078E8C2CB45A0001C874846284752
:107E58001040C340A00094402ADA260E6FEEA141DC
:107E6800DC4DC340A000C040160E6FEE2ADA024077
:107E7800E1417A0AAFFAC142C8C6E078CB44F000C3
:107E88000001148C17089F01148C13085F010B94D0
:107E98000B081F00148CE4B8E07C148CC341F0007C
:107EA800340045DA15A9768C70D890B876A954A90B
:107EB80005A445D82107EFF32C70E078C340F00003
:107EC80000012D880C88C2B924B8C0B84720C00169
:107ED80009204000E07F0471C340F00000012D88B4
:107EE8000C88C2B924B8C0B84720C0010920410095
:107EF80022780471E07F0F78CD010FF5B5010FF5F9
:107F0800D9010FF5F1C0EA080FF5110874024220F3
:107F1800410209095402FFD8D1C0E07EF1C0B20E77
:107F2800CFF114700C7023F2C341A000E8422489F9
:107F38002B09D0002D0950002F09900097E9C34064
:107F4800A000C44500884420000210B85220C00494
:107F58000020800F0800000009F00C7097B807F0A7
:107F68000C7095B803F00C7096B8D1C0E07EE0783C
:107F78005588748878D9447904BAC3BB8422010C23
:107F880087B9657A35A8E07F54A8E078E2C06488AC
:107F9800058824BB0029CC006C714128CD004128FC
:107FA800010106234003C2B947783878057C8F78E9
:107FB800C2C4E078EEC3A1C1084614882486F568D7
:107FC8003F67288F0386001E0070F0002C011CE913
:107FD8004087698F01864027111403128B00828A1B
:107FE800442312820A20402403F4001110200D714A
:107FF800290B3F00AD711D0A302028451D09540189
:10800800AD740CF02286001C013000C000A1CEC760
:1080180009093404284510DD2187428640C100C182
:108028001108312020A22C7023A022A021A020A07A
:108038004423138104F24A8F22864CA90028021394
:108048002F273F036F233F00C341F0004002130B6B
:1080580051106581657A45A12F263F0306F0658199
:10806800467B65A12F263F030D0830200241120CE4
:108078006FEEA142110B31205325011142860C707D
:1080880090B806F04286C3400100000140C060C1BC
:1080980000C02B08302001A2088F230D0510210AEB
:1080A80010201B0D35114E253C11B24FA820C001E0
:1080B800B8673088B862A57130A8CEC702750019B4
:1080C8004023CEC7EEC3A3C1084614882486F568AA
:1080D8003F67288F0386001E0070F0002C0118E906
:1080E800498F0186402711144422138250420A20E6
:1080F800402404F400111020290A3F20AD711D0B03
:10810800302028451D095401AD740CF02286081C46
:10811800013002C000A1CEC709093404284510DD8A
:108128000D08302002415A0B6FEEA142170ABF20FA
:10813800532501110C7090B8428641C061C101C03D
:1081480008F0C34001000001428640C060C100C081
:108158002B08302001A2088F230D0510210B1020B9
:108168001B0D35114E253C1102274213A820C001D2
:10817800B8673088B862A57130A8CEC702750019F3
:108188004023CEC7F0C208451488248510DFD5687F
:108198003E66098E20850C16111008169010442092
:1081A8005480CA2762100F08BE0010425022802057
:1081B80009AE13093020092713142240C20A6FEEB2
:1081C8006242150F25140220C024C34112007067B3
:1081D80008AE27F0148D4086768D04710F79707182
:1081E800228A8D71638ACA202600002C421014ADA1
:1081F8002F273F036F233F00C340F0004002C341D5
:1082080012007867110B51006580467B65A02F2608
:108218003F0307F06580657A45A02F263F030D09C7
:1082280030200021C02403A6512240A02E701FF246
:108238003D270214792400200520BE8017F2058608
:108248000430408426002C00A1426A0B8FFD147074
:108258001A002B004A21C0280385001E0070F00078
:108268002C011F0F25142E7010F00D0F2514A1409E
:1082780095FFD0C6A14050FF178D047717AD4686ED
:1082880004EA2786607A2240D0C6E0783906EFFFF4
:108298002040E078E2C22040284547FF178D047748
:1082A80017ADC2C6F1C0C8444A26C001F81CC8B1FF
:1082B800420B6FF58147A2C0D1C0E07EF1C0C8442F
:1082C8004A26C003F81CC8B12A0B6FF58147A2C023
:1082D800D1C0E07EF1C0C8444A26C001F81CC8B12C
:1082E800420A6FF58147A2C0D1C0E07EF2C3A1C1A6
:1082F8000010150108470A21C0210A2280210A23FB
:1083080040210A20002170442F273F006F233F009F
:108318000DC6168E778E04771D0B0300758E0486A6
:10832800B56B1D652AAD1909FF20E0A57822030069
:1083380044A50FF06F263F000C70D2C720EA4920F1
:108348001021284D40413A096FEE02426C700CC072
:10835800081D02140C1D0015181DC0141C1D8014C6
:10836800091D421405A580C0E141820F2FF5A242E4
:1083780000C001A5C14004F80C71D2C76F263F00A8
:10838800DCF1E078E2C20845178884E8A1400AFFDA
:10839800DE086FF5A1406F263F00C2C6F6C2304521
:1083A80008457758782013008CD81F230F20CB4618
:1083B800A000CC49A1408E0DEFF9DF672F87104749
:1083C800304105E9624020581042EB852A852F2765
:1083D800BF056F233F006F263F046240E1423E0C19
:1083E800EFFC30408E710DE8388D6C70A24262400F
:1083F8000A240004E145A146265883E88E704C7192
:10840800E241624099582F26BF0541093020624059
:1084180020583908640462409F200203C84E1E6633
:108428001D0A64243A602182088605207E800EF2A7
:1084380007200004E77905207E8008F240234022C7
:10844800201E0014E1A28D588240D6C6EAC2F26905
:10845800504130405CD9E14268466A0E2FFC08451D
:108468004A240072A2A6FD650C6D2C70C14203A6B9
:10847800A820C002011180241470CA216100347040
:10848800C078011A1200C340A00074872080101E13
:108498000014C0A025A6CAC6EAC200160370A00030
:1084A800FC8648473040CE6BC343A100CC0840232C
:1084B8000D061041C34213007C9BC141A140E4FF5B
:1084C8000019802FA0009487C0A700184023CAC6AF
:1084D800EEC2C8470A2100217042484530401D0DB0
:1084E800300010430AEF40250E0666BD0242A04345
:1084F800C140A141D6FF03F0A84662400241A14213
:1085080042430A244004C1454E0E6FFEE146CEC6E2
:10851800EEC2C340A0007487E080504230436A2016
:108528008002AEB8292000802E7032F0402011045D
:10853800630B442462874387604170401309A50098
:1085480028462086D3715C5C5C5C246EF8F30022BC
:108558000D2008DAA140E141260F2FEEC3A702261D
:10856800001441280204412801020CAD4EAD2DAD86
:10857800248738B80FAD4129830341298201126944
:108588006AAD49AD08ADE58736B92BAD2F20480453
:10859800CEEF6A2180028EB929204080CEC6E078CD
:1085A800EAC20847CD70AD7037F000160170A00020
:1085B8004C405A2500161A6100120B01590B7E1007
:1085C800504016400220D1834326019007D83C2012
:1085D80042047F2100003470CA2081009AE80E40CE
:1085E80040204C8041260390002111A30121C18025
:1085F8007C2102227A2100003470CA208100F6E82A
:108608004F2380100D0BFE100018042002407E58E6
:1086180008184024A5710016C070A00050408F0DA6
:108628000290CAC6E4C2E1C4FC1CC8B2FC1C88B2F1
:10863800FC1C48B2FC1C08B2FC1CC8B1FC1C88B16C
:10864800FC1C48B1FC1C08B1E1C3E1C2E1C1E1C0B6
:10865800FC1C88B76A25C010E1C56A258010E1C5F1
:10866800FC1C08BFCB45F000A0010085A0B800A500
:108678000415021022850285E078FD090180CB46A9
:10868800A0007887008E596138609A58001EC3117F
:10869800008581B800A5A15840D9C340F0002C013D
:1086A80020A062084FFC05E8008580B800A509589D
:1086B800C1C50A244073C1C56B258010C1C56B258F
:1086C800C01004141E34C1C0C1C1C1C2C1C3041446
:1086D800043404140534041406340414073404144C
:1086E80008340414093404140A3404140B34C1C4BF
:1086F800C4C26F243F00E078EEC281581470A00015
:10870800210008452F27FF046F233F006F263F04F1
:10871800008DE1B842F4CB46F000A0010086A0B875
:10872800001E001022860286E078FD092180304173
:10873800D20F2FFC04161210D340A0007887CB4725
:10874800F000200114E802854220C081CA206E0092
:1087580002A524871F09BF014270402180219A5831
:108768000010802004710018022006F00018C321B0
:1087780004F002A5A1407C58009581B800B540D806
:1087880000A706A7008681B800A604870D089F01E8
:10879800A158008680B800A62F26FF04CEC6E07830
:1087A80005E80018840F0000E50706E90019820FA4
:1087B8000000040005EA001A820F0000100006EB12
:1087C800001B820F00000D000D0C1000001C820F12
:1087D80000001A00B470E07C001D820F00001B002E
:1087E800E07EE078A81000011470E07FCA206100E4
:1087F800E2C2E6E117F48D7666DD93BCC341A100C1
:10880800CC26001E4273F000480080A1051983029F
:1088180043B1188864B10A19040104A90C71645899
:10882800C2C63E0E8FFCC2C6E4C3A7C10846345870
:1088380008452E580042C140A141335808450FE869
:108848002F856079A1402508B50010D84E85607A3B
:10885800A141250830046FD909F04C7080C022D995
:108868006C70404466C607F066D94C706C70404422
:10887800A1406C58C4C7E078F1C008B80A27400185
:1088880098B84A2500025358D1C0E07E0A27400113
:10889800ED052FF54A250002F1C000358C0F804206
:1088A80000000A2780014834461208B82F2488118E
:1088B8000F0C341198B80024861F0000FCFFAC721E
:1088C8005358D1C0E07EE078F1C000358C0F80426B
:1088D80000000A2780014834461208B82F2488115E
:1088E8000F0C341198B80024861F0000FCFF4A259D
:1088F80080025358D1C0E07E0A2780010A26400131
:108908007D052FF54A25C002F1C000358C0F804245
:1089180000000A2780014834461208B82F2488111D
:108928008FB8110C341198B80024861F0000FCFF82
:10893800AC725358D1C0E07EF1C0FC1C88B7E20F7E
:108948000FFA04141E34D1C0E07EE078F1C0FC1C9C
:1089580088B79A098FED04141E34D1C0E07EE07800
:10896800FC1C88B7E1C0E1C1E1C2E1C3FC1C08B14D
:10897800FC1C48B1FC1C88B1FC1CC8B1FC1C08B22A
:10898800FC1C48B2FC1C88B2FC1CC8B2E1C4F1C093
:10899800FC1C08BF6A208000E1C06A20C000E1C05A
:1089A800AA20900277B80F780F0850008AE8C340D1
:1089B800A000EC4004F0C340A0000841CA0F8FFF9C
:1089C800C1C06B20C000C1C06B208000C1C00A2498
:1089D8000070D1C0C1C404140B3404140A34041444
:1089E8000934041408340414073404140634041431
:1089F800053404140434C1C3C1C2C1C1C1C00414C4
:108A08001E346F243F00E078E8C2E1C4FC1CC8B201
:108A1800FC1C88B2FC1C48B2FC1C08B2FC1CC8B187
:108A2800FC1C88B1FC1C48B1FC1C08B1E1C3E1C2C4
:108A3800E1C1E1C0FC1C88B76A25C010E1C56A2500
:108A48008010E1C5FC1C08BFAA2090024220C10882
:108A5800422040092F7C4C739140110CB5110F7BBB
:108A6800482082208022830FB36ACD71C340A000C2
:108A7800744984251F1ECB47F0002001787E1D65B0
:108A88002F273F006F233F00C9A741852085041D7C
:108A98000110001D01102F263F00024045580A878B
:108AA800C478D170EEF3C1C50A244073C1C56B25E3
:108AB8008010C1C56B25C01004141E34C1C0C1C1CB
:108AC800C1C2C1C3041404340414053404140634A4
:108AD80004140734041408340414093404140A343C
:108AE80004140B34C1C4C8C26F243F00F0C2084547
:108AF800C343A000D34DD340A000A04DC340A00065
:108B0800E04D8A21870D76DA8E70001B4300171816
:108B180003200F188300081840202418402040A084
:108B28005D581D08850F0000F813C340F00034009D
:108B380028D94C7034A8151803006DF0892501193F
:108B480064D888253E17A278C8D90F7ED749D14165
:108B5800D1770C728A210A0CEA0E2FF9CA21C52393
:108B680010435D5808455B581042CE0F6FF716400A
:108B78000C2200A0C22585141A2551143D278D13F7
:108B88005F25001785290322027002800421912F96
:108B9800FF01FCFFA20F6FF720E0147820E032708D
:108BA800CA210D20A1409E0E2FF9224110413C27D9
:108BB8008F135B5808455C581708350808461FD8B6
:108BC800A0E53C205403CA262510CA2525105F2796
:108BD80000170421D124002010205E0F6FF71640E3
:108BE800150C30204225011809290100092E021010
:108BF800484909F04226011809290200092D0010E8
:108C080020E2DD65104D51483A0E2FF9E14004216C
:108C180002204040D0C6E0785020C10700423FB84B
:108C28002109840FB1421872CB441300849B410977
:108C3800840F807F01002C716C70950520008140A5
:108C48004109840FB13E19729909850F853F921524
:108C5800C3411300949B1521030008130B0003491B
:108C680052200100A900200002210C004509810FB3
:108C7800807F00001470E120C2070C7041000000E2
:108C88000132800F4971CAF28D700330808F803FA6
:108C9800000018000C001509850F80310000013212
:108CA800800F803F0000E07E6D706D0020006C70CA
:108CB8000332808FB142807110000C002C716C70EF
:108CC800590420000A2000030332808FCFC2B5F177
:108CD800100026002C716C709D0420000A200003EF
:108CE800F026007013008C9B0032810FB83F3BAA1E
:108CF800013100004830CC024834801000308B0F1E
:108D08001737D1F70030830F313F80710232C3002B
:108D18000233C202003280000030810F31334CBB75
:108D28000131810FDDB50EEA003041000131810FBC
:108D38008A3855B3003041000131810F36BB610BD1
:108D4800003041000131810F2A3EABAA00304000BB
:108D580002320000370C3010003201000236007079
:108D6800004000008C24FE9007310000402CC11503
:108D7800023300100230C00002360070803F00004D
:108D880024000B00E07F002040000130800F00C06D
:108D98000000073100000230800002360070803F7A
:108DA8000000E07E3860C370003200000030800FA1
:108DB800800D0000E07EE078E41C48B341C642C75D
:108DC8000C1C0034101C403408451B78D37000FF7D
:108DD800000024012600141CC037433500904C00C5
:108DE8002E0086C14A0C20000A204003001602709B
:108DF8001000640B0130810F00BF00000330808039
:108E080048002C00181411300030820F003F000079
:108E18000131800F00BF00000132810F003F0000C8
:108E28004500200007304F005025FE97C34013002F
:108E3800A49B2C716C7090002200A142DE0A0000F5
:108E48009D0020005220CD070031800F003F000018
:108E5800422151200130800F003F0000181C40348F
:108E680007310F000037CD13D340A00084874C7121
:108E78000A204003FE082000024108464020012144
:108E88004A228000EE0820000A204003073600101E
:108E980000350010003700104509302001370D104B
:108EA80048318120001600701000780B0031820FC5
:108EB8005EB9838000310000013581102100200057
:108EC80001310D000A0B0000960A2FF608450080B4
:108ED800C34180FF0000A1E0CA254110A14014143D
:108EE8001F30101411300C14103002C701C6E07F77
:108EF8001C140D34620B2000A140E50830802C7151
:108F0800C3401300A49B6C70120A2000A142D10731
:108F1800EFFF0845E81C48B341C642C70C1C0034A3
:108F2800101C4034141CC03730401041218200828C
:108F38006846290BB20048474A2540100A224004D7
:108F4800520B200002434287DE0F20006387A57181
:108F5800ED0DA29340270F1214141F301014113076
:108F68000C14103002C701C6E07F18140D34E078E5
:108F780048432042350B7010081201042D09810F57
:108F8800803F0000FC1201803D0BF210013101000E
:108F98004A23800004120C04003101006471F90BAB
:108FA800E2820131010310F01D0BB2108D716C6A61
:108FB800041302040031010040244C10F50CE29225
:108FC80001318100E07F2040D01C48B341C642C730
:108FD8000C1CC037E846C84544C084C045C147C3D7
:108FE80046C2241C4031201C00314BC6920A200086
:108FF8004AC506E80BC6110020000AC562092FF60B
:109008000DC7E0A0A140C1410C141F3002C701C622
:10901800E07F30140D34E078D41C48B341C6081CF6
:10902800C037CB46F07F000044C083C00C1CC13061
:1090380046C345C2201C40311C1C0031281C80330B
:109048003E0A2000241C013011083000AD700AC609
:109058001100200024140D3006090FF622D920A093
:10906800A140C14108141F3001C6E07F2C140D3403
:10907800D81C48B3041CC03743C082C0081C013147
:1090880045C344C21C1C4031181C0031241C01304B
:10909800EE092000201C013011083000AD7009C114
:1090A8001500200020140D30B6080FF622D920A094
:1090B8004A210000A14004141F30E07F28140D3419
:1090C800D41C48B341C6081CC037CB46F87F000003
:1090D80044C083C00C1C413046C345C2201C4031EB
:1090E8001C1C0031281C803396092000241C0130E8
:1090F80011083000AD700AC61100200024140D308C
:109108005E080FF621D920A0A140C14108141F30E4
:1091180001C6E07F2C140D34D81C48B3041CC0379A
:1091280043C040400A25C010360D6000081CC130FD
:1091380044C0A1402A0D600045C146C082C047C155
:10914800241C803FF07F000036092000201C0130DD
:1091580006E808C07A0D600009C108F002080FF699
:1091680022D920A0FFD817B804141F30E07F281494
:109178000D34E078D81C48B3041CC03743C04040C5
:109188000A25C010DA0C6000081C013144C0A14057
:10919800CE0C600045C146C082C047C1241C0130C6
:1091A800DE082000201C013006E808C0220D6000FF
:1091B80009C108F0AA0FCFF522D920A04A20000043
:1091C80004141F30E07F28140D34E078D81C48B30D
:1091D800041CC03743C040400A25C010820C600000
:1091E800081C413044C0A140760C600045C146C00F
:1091F80082C047C1241C803FF87F000082082000FD
:10920800201C013006E808C0C60C600009C10AF03D
:109218004E0FCFF521D920A00A20800FC07F000073
:1092280004141F30E07F28140D34E0785020FE87A6
:1092380000190100E07C4128C2050420800F7F80CE
:10924800FFFF4F7A0520800F003F00008022BE00FC
:10925800E07F40A1FFD917B90420420030722C707A
:1092680004F4D6B878200100E07F2040C341A00074
:109278009087408100A1E07F4040E078C341A00092
:109288009087208102E90079E07F0C70E07F0C7004
:10929800CB44E0FF0000142444101424C510B5BCCE
:1092A8000C240083E00006000C250083D80006008B
:1092B800412C4405412D45050025050182258F0FC8
:1092C8008C25DF8EC00026000721CC804025470072
:1092D80094B9D4B994BBCF27E402402BC302412AE6
:1092E8004505402AC282052343011D2084001C2015
:1092F8008C009470CF27E2071D20C4001C20C500F5
:1093080000240C91412500001D2184001C218500AA
:1093180000240C91012040811D21C4001C21C5009E
:109328004126017000000000002000810121410158
:1093380019093F0500240C934227470001200080AB
:109348000121410000240C93402F0405412FC70739
:1093580008000500E07F8071C524C19144204500C4
:10936800C5256200002040814121010015095E05E4
:109378000024840F100000002F2142802F200400B9
:10938800E07F80712F25C080412604700000000016
:10939800CC222180600321002F214090C724650042
:1093A800CC2021802C030100412946950621810FFC
:1093B800F0FF0000C521820F100000005A002200B3
:1093C800004034700C0001001B0020002F2A4110BF
:1093D80014704A22C0170E0004002F2A01104022E0
:1093E8000A1842228A1202268602C47102268BF2C9
:1093F800000020000128CB021200090042220B18AD
:109408000028C102130020000C70002880020029E7
:109418008A0205238112412D47850623880FF0FF14
:109428000000C520821F100000005C00220040429E
:1094380015700E0001001D0020002F2A0112547023
:109448004A22C0170C0004002F2A811040220A1853
:1094580042228A1202278702E47102268BF2000058
:109468002000012ACB021400090042220B18002A0E
:10947800C802150020004C70002A820200288A12B7
:10948800052388128C26DF8FF20101008C27DF8FDD
:109498001C0221000026C6011D208A001C208B000A
:1094A8008226CF0F1D2187001C218C000023CB9121
:1094B800412402101D2007021C200C020023CB911E
:1094C800012202031D2107021C210C020022C28175
:1094D8004124091040290113412A03056579402ACE
:1094E8000703402A0003412B03156578402B0C1312
:1094F8005570C524A210D4701E000C000421BE8F24
:109508002000000012000100C4712F2142802F208A
:1095180004802F240413957036000A000424BE9F8B
:10952800FF7FFFFF0C00020044207E802200010024
:1095380040204080412101000421BE8F200000000E
:109548000E000100C4712F2142802F2004008C26B8
:10955800DF8F0E010A00D4701A000C000621810F5B
:1095680010000000402E020545792F22030145799D
:10957800E07E8C26FF82FA000B0002268A7100002A
:10958800000042224A904A26007088000B008C0096
:1095980001004C2200984A2600702A000B00422243
:1095A8000A1805240C906D7710000200002B8B120E
:1095B8008723FF1F0421CC02012980025D002000BF
:1095C8002C7095706D771E0002004C220098C22303
:1095D800CA120A000A00002B8B128723FF1F0420DF
:1095E800CC0202268BF2000020000029CB021400D6
:1095F800090040220B180129C002150020002C7018
:1096080001288002012981020520C0020D00000006
:109618002F2000802F214B004420BE804A26007056
:109628001C00010044204A0105223E934A2600708E
:109638000C00010040208080412101002F21428040
:109648002F2004002F2142802F20040002268601AB
:109658000421BE8F10000000C026620080F18A2617
:10966800DF0FC34110000000F506EFFF0C70022663
:1096780086012C70E906EFFF0C70D3711000000012
:10968800CC2021802F210301C521820FF87F000003
:10969800C07870F58C27DF8F140001002F2103019B
:1096A8000521810FF07F00000C7064F10C20809F71
:1096B80010000000CC2221802F210301C521820F38
:1096C800F87F0000C521810FF07F00000C7052F177
:1096D8000C25808FE0FF00004A2600702A00060053
:1096E8004A2600700C702C709470C521820F00807F
:1096F800000040F1C72465000C21809FE0FF0000B6
:10970800B2F74A260070C341F87F00000C7032F1AE
:109718000721810F008000000D0000000723830F40
:1097280000800000002144000023C5000C24408173
:10973800CC20818010000600084440408142284423
:10974800604181438A24DF1F402C4C1514244410A7
:109758001424C510402C8C100C240083CC250583C0
:10976800C601060041290405412B050502244601CE
:10977800532686020721C7004029C10241284C050B
:1097880085794028C002402BC302412A4C05857BBD
:10979800402AC2029FBB4E260C881C002D00012ABD
:1097A80085018C260180012B8501CA25260017001A
:1097B80020008D70D470002B0C03C5250203012BEB
:1097C8008C01412FC787620022009FB900250580C0
:1097D80001244C9010002600C22466002F24049314
:1097E8002F254401412DC082402C41152578412C5C
:1097F800C112402C0405E120C60780714C26008860
:10980800CA238500CA2225001323830105238380E8
:10981800D3256182D1202180CA2762000020C0811F
:10982800E07F412101000E25058003210C835200B1
:1098380023000C70412DC082402C41152578412C05
:10984800C11242244400402C0405E120C60780715F
:109858004C260088CA238500CA22250013238301C9
:1098680005238380CA27220004270780D325618225
:10987800CA2762000020C081E07F41210100CC2579
:109888002180E120C1072C702F2801039FE01400DC
:10989800250004712F284181CA202408C0206308AC
:1098A8004E20018818002D00002C0C10C0E0002D5F
:1098B8000C00CA24261017002000AC701470012D6B
:1098C8004100C5244210002D0500532481020E20BA
:1098D80040800424840F0000000812002200C020E9
:1098E80061002F2402932F2544014C07E6FFC5246D
:1098F80006004E2040004E2001881A002D00012D40
:109908000500C0E0012C0510CA252600150020001E
:109918008D701470002C4110C5254200012C0C10CC
:109928001507EFFF84712F22409041260470000034
:109938000000900201002F23C0904126057000000E
:109948000000AA0201000C238092CC220180CC21C5
:10995800C180084214000E00404041422842604144
:1099680041438842A04441452F264000412E468568
:109978000621810FF0FF0000C521820F10000000B2
:109988005A002200004034700C0001001B00200027
:109998002F2A411014704A22C0170E0004002F2AE3
:1099A800011040220A1842228A1202268602C47135
:1099B80002268BF2000020000128CB0212000900C9
:1099C80042220B180028C102130020000C70002846
:1099D800800200298A02052381122F27C000412F07
:1099E80047850623880FF0FF0000C520821F10005E
:1099F80000005C002200404215700E0001001D00AE
:109A080020002F2A011254704A22C0170C000400AB
:109A18002F2A811040220A1842228A12022787021E
:109A2800E47102268BF200002000012ACB02140008
:109A3800090042220B18002AC802150020004C70A9
:109A4800002A820200288A12052388128C26DF8FBA
:109A58004A260070A60301008C27DF8F4A26007073
:109A6800F40321000226CB014C23809D02214912D8
:109A78003A01090042238A904A2600708A000100B0
:109A8800240009002F2280802F200B1240224A90A8
:109A98004A260070720001002F2280806B0020008F
:109AA8002F200B124C2200986D7028002B004222A8
:109AB8000A180A2180901200020002268B72000008
:109AC80020000028C912012882123F0020000D70D2
:109AD80002268B7200002000002AC90202268BF29F
:109AE800000020000028CB121200090040220B18A9
:109AF8000128C212130020000D70012A82020128D9
:109B080088120522C2022F2000802F214B002F200F
:109B180000802F214B000C2440814A260070E00170
:109B2800020000208080012101020421BE8F8000F4
:109B380000004A26007014000100C4712F214280E1
:109B48002F200480C52165104420BE804A2600705D
:109B5800340021003570CB2061814A26007028002E
:109B6800010040208080C02165000421BE8F800054
:109B780000004A260070100001002F2142802F208B
:109B88000400C4712F2142802F2004002F2142801D
:109B98002F200400D4704A26007066000C008C2622
:109BA800DF8F4A2600703E010A000621810F10004F
:109BB8000000402E020545792F2203014579E07EF9
:109BC80014704A2600707205C2FFD373008000002B
:109BD8004A2600707C711200020054704A260070F8
:109BE8007C71CA2141004040E07E54704A260070D2
:109BF8005605C2FF4A260070E07E4A2600700226FB
:109C08008A710000000042224A904A2600708800AB
:109C18000B008C0001004C2200984A2600702A0094
:109C28000B0042220A18052109906D7710000200E6
:109C3800002B8B128723FF1F0421C90201298002F0
:109C48005D0020002C7035706D771E0002004C22DC
:109C58000098C223CA120A000A00002B8B1287231D
:109C6800FF1F0420C90202268BF2000020000029F1
:109C7800CB021400090040220B180129C00215006C
:109C880020002C7001288002012981020520C002D1
:109C98000D0000002F2000802F214B004420BE80A3
:109CA8004A2600701C00010044204A0105227E92C9
:109CB8004A2600700C0001004020808041210100EC
:109CC8002F2142802F2004002F2142802F200400C2
:109CD800022686010421BE8F10000000C026620003
:109CE80065F18A26DF0FC341100000000C705FF198
:109CF800022686012C70B706EFFF0C7002208080C8
:109D0800032101020421BE8F400000004A26007092
:109D1800200002002F2000802F214B004226460001
:109D28000421BE8F400000004A2600705200010046
:109D38004420BE804A2600704600210044207E80D0
:109D48004A2600701A00020035704A260070320058
:109D5800020044203E814A2600702600010040206F
:109D68008080412101000421BE8F80000000C026B0
:109D780062000E0001002F2142802F2004002F21B5
:109D880042802F2004002F2142802F200400D3710D
:109D9800100000004A260070FC05CAFF34700E004F
:109DA80001002F2A41001B000000147008000C005D
:109DB8002F2A0100C02229089CF3CA22EB076ABA9D
:109DC80002268BF0000020000128CB0212000900B7
:109DD80042220B080028C102130020000C70002941
:109DE80081000521C10200288000022686804A26BB
:109DF80000700E06CCFFB705CFFFD371100000002E
:109E0800CC2021802F2103010278100001000521B8
:109E1800810FF87F0000E07E8C27DF8F4A260070D4
:109E2800280002000C20809F10000000CC22218016
:109E38004A2600700A0001002F214301E9F10C2491
:109E480040814A260070E5F50521810FF07F00006A
:109E58000C70E07E60414040E07EE0782F23008077
:109E6800CA210100E120C107C2200100412BC20024
:109E7800C372007000002F218400412B0C0661BCC6
:109E88008C24839FE120C507402B0007C521810F43
:109E9800007F0000E120C107412A42052F2CC19014
:109EA800C2240413C02463108571002B030369BC0A
:109EB800827A402A42052F2140802F218400412B9D
:109EC8000C038579E07F402B0005E0782F24409033
:109ED8000224831F00700000402BC2002F22840040
:109EE8000223830F20000000D373C01F0000402806
:109EF800030120002600412840874578442041007E
:109F08000521C180E07FC1202200E07F6C2180070D
:109F18002F23C4004578412C4C1582240D9AB7F69E
:109F280042240C965320810522002C002F2000800B
:109F38000521C1802F20840F80FF0000D020A105BB
:109F48008C24D19FE07FD020A2054E24021097B91F
:109F5800012980002F200480E120C6074E22CC076B
:109F6800132101030521C180D1202180E07FC02079
:109F78006200E078E2C248310100084507364C70BB
:109F88004847000009902C70483000000034001049
:109F98000030800F833A6F1203304080C6F60130DC
:109FA800800F003F000006F00130800F00BF000066
:109FB8004830C002708D107A0AD98BE2CA21050098
:109FC80048330000307A003401104822C0000CB534
:109FD8000031800F833A6F12DA0ACFF72C70033002
:109FE8004080C7F60130800F003F000005F00130C7
:109FF800800F00BF00004830C00248308000483061
:10A00800C00205A5C2C6E078EAC382240D345041D7
:10A01800084794C08A220C00660C6FED284500871B
:10A0280040248330402404325424853940240631A6
:10A038004024C730A14122427208AFF4021C4332C7
:10A0480002C5DF0D31105627101D03148E302C70F9
:10A058000C70CF083100284502148130CF78C3092D
:10A0680024000477A70855022520000009F014F001
:10A0780019F01FF025F02FF037F03DF041F094C0B3
:10A0880081C1520B6FF883C283C140DAF20B6FEDC6
:10A0980002403DF094C07208EFF881C1781F181093
:10A0A80035F094C06E0DAFF081C101A72FF094C0B8
:10A0B8005608EFF881C10030000004A727F094C0CB
:10A0C8004608EFF881C100300100891F181025A744
:10A0D8001DF094C03208EFF881C1003001008A1FDA
:10A0E800181026A713F094C01E08EFF881C107A71F
:10A0F8000DF094C01A0FAFF781C110B707F094C0E4
:10A108000608EFF881C18B1F181001C08A213E068E
:10A1180032704207EDFF0C71C571A1419AF1A1405F
:10A12800CAC7E078ECC3A7C10A2100217040504299
:10A1380028460845320B200055208F0922854E0AF3
:10A14800EFFB03854A24C0704168142001000C709D
:10A158000C1D8010A8200002024E15254310047122
:10A1680024714BA38E0C2000A14000190020A140AF
:10A17800AE0D2000C1410041A140E20D2000304158
:10A188000041A140520C20002242CD7000188223C9
:10A1980038E821870287408744C145C05625801A80
:10A1A80083C146C6B20B2FEF43C200184320BC1729
:10A1B8000110B8170210C01700104A24C07041C11E
:10A1C80080C140C242C0A82080050081033080833E
:10A1D800C6F60130800F003F000006F00130800F06
:10A1E80000BF00004830C002483080000419100049
:10A1F80000C201C102C043A724A705A700108E20F2
:10A20800A140C1412242E20A20005525501A4A24A1
:10A21800C0700A208004A820C0010410012404187A
:10A228005000188F483000000C1A0020CCC7E07886
:10A23800E07EE078E8C3B2C108460080604440246C
:10A24800C330402405314024863048472845BA0E9B
:10A258006FF4031C4332021480305626101D44F05C
:10A268007B0855022520000009F015F016F01DF0B6
:10A278001FF022F023F025F02AF082C040DA020A0B
:10A288006FED024182C081C3A14166096FF8E142C6
:10A2980025F0781600161EF0018681C3A141920BA5
:10A2A800AFF0E1421BF004862F30000012F089164F
:10A2B800001610F08A1600160CF007860AF01096A1
:10A2C80081C3A1415E0DAFF7E14209F08B1600167C
:10A2D80081C3A1414E0EAFF8E142021480300471EF
:10A2E800021C0230031481300F7879092580047725
:10A2F80001C04128010200AD21ADC8C7E8C3A1C112
:10A30800504028462C7010DA60408847B60F2FFB63
:10A318006845D570CD7019F44A240071C340130004
:10A32800487580C1A8200002041002043820822049
:10A3380001199200C20AAFF680C007E8CD72001D6D
:10A348004310011D0311C0A7C8C7E078F2C3B2C10A
:10A358001045008060444024C33040240531402427
:10A36800863048453044A20D6FF4031CC3320214F2
:10A37800803056250E2B55250F2D5525912955250D
:10A38800D2285525532A4025102B54F09B08D50276
:10A39800252000000BF00EF018F01AF020F023F042
:10A3A80028F02BF030F037F038F081C362401DF010
:10A3B80082C040DACA086FEDC14182C081C38241C0
:10A3C8002E086FF8A14231F0BE402AF0B015802067
:10A3D80081C382413A0F2FF6A14227F081C3424040
:10A3E80003F081C322408241A60FAFF8A1421DF0BD
:10A3F8002815002014F081C3024082415E0EEFF858
:10A40800A14213F081C3E1408241BE0EEFF9A1429F
:10A418000BF0CC15002004F05315002681C38241AF
:10A428000E0AAFF0A142021480300471021C0230FF
:10A43800031481300F7859092580047701C0412819
:10A448000102001C0220011C4220D2C7E2C20845BA
:10A458000C70660C2006A1417E096004A140C2C6AA
:10A4680075014004E8C3B4C11040B1108000552004
:10A478004D2A38E82C8DC3401300DC751509F0000F
:10A48800B11803200D09B00010E01B09500014F0AA
:10A49800960D2FF884C15620002B84C1E20F2FEDB2
:10A4A80040DA218540850285B01D4010AC1D801022
:10A4B800B41D00105620012B84C040DAC20F2FEDC6
:10A4C80084C54A24007180C0A82080011415011495
:10A4D800041850005520402B80C1A60F2FED10DA2C
:10A4E800C8C7E078E4C3A7C1E90930000845E50A10
:10A4F80031004A24C0702C70A82080031525401014
:10A50800A4100C009810030084C2357A02330003AB
:10A51800247100A266096FFB84C0B0158110370949
:10A5280094003221820F1300D7750130810FFAC4CD
:10A5380000004A7A003041000131810F744900243B
:10A548004832800003310080C5F6AA096004A140A2
:10A55800C4C75625001B80C16208E00480C64A248F
:10A5680000715525411B2040A820C00260800416B8
:10A57800021403338080CA22C5000418900080C0EA
:10A58800FE0E2FED4A2200044A24C07000C081C18B
:10A59800A82000020411020403320080CA208900A6
:10A5A8000330808FC9369C5344F7B01DC310C4C70D
:10A5B8000330808F3837A48C44F7B01D8310C4C78C
:10A5C8000330808FD338F6CF6F200B00B01D0210F8
:10A5D800C4C7E078F1C000430C7009E987EA552345
:10A5E800400C9A0EEFEE55238109D1C0E07EE07849
:10A5F800EEC3ACC1084742870C802B8748328800DD
:10A6080044C043C1096A2D8748308B005041330A42
:10A61800B20045C14027021E2C724A24C07083C074
:10A628000A238000A8204002A08004130C040134EF
:10A638004C130418100332710CE22471AFF64A244B
:10A64800C0700736D272803F00000C70073608725F
:10A65800803F000040240B33A8204004152303103A
:10A66800A083152702104B820030411389C402329F
:10A678004200157C047120A340A489C080C1DA0A75
:10A688006FFB80C55B09B22040270E1E0E724A245C
:10A69800C07083C1C14289C0A820800204110C0483
:10A6A80004120304023303030418D00089C086C1CE
:10A6B800A60A6FFB402413364A24C07080C0A82025
:10A6C800C0020010020004130124013181000418A3
:10A6D80050000C2040A40CE6B607EBFF06714A2494
:10A6E800C070A8200002008500320020041D101050
:10A6F80001C400C502C100C081C34A220000901FE6
:10A7080000138C1F4013941F40100413010444715C
:10A71800FB0AB28001304000CEC7E078E2C3A3C193
:10A728002042084580C1320A6FFB404000C381C106
:10A738004A200000041102040471FD08B2800133AC
:10A7480083000585033300800C7147F726850333A2
:10A758004080C3F60C70C2C7E6C3AAC1C4804A24AD
:10A76800C07008455520C20828470C70A82040032F
:10A7780004120C04402441391B6103348093047192
:10A788006F210B0020AB4E0AAFF540244039A30FD0
:10A7980011109F0830000C702A8549856169507135
:10A7A8004041CA21CB008F09A2002AA55C4D83C174
:10A7B800AE0F6FF683C602854A24C0704830810008
:10A7C800A820C001008607304000041E10104A244B
:10A7D800C0704C70A82080031525801083C14349A0
:10A7E80098100C0086C1557902330003447100A10A
:10A7F80086C0F20D6FF680C100C001C102C3478553
:10A80800013040000032810F404000000130C0009C
:10A81800033100800C704FF703C304C205C10C71EB
:10A828009C1D8010981DC010A01D4010C6C70C703C
:10A838000AA5C6C7E07EE078FAC3822411315045E4
:10A8480008460024803F000044018A220C00320C94
:10A858002FED2845008640248337402404395624A8
:10A86800053A402406384024C737A141A2423E0891
:10A878006FF41E1CC332241412305670D5F41F1402
:10A8880091305626961A55264D1A5626171B5526C8
:10A89800D018552693195526191D4026181B4E7099
:10A8A800D3447A4400000C7003F08A223E261470C8
:10A8B800BBF41E1481302F20470430706A012D002C
:10A8C80004778AE054010D00252000000BF027F0E2
:10A8D80033F03CF044F056F066F06FF07DF08BF00A
:10A8E80093F00024803F0000440188C1860AAFF835
:10A8F80080C200C201C102C000C701C402C344C172
:10A9080043C245C083C110DAC240181C003581A576
:10A91800E0A56E0B2FED62A580F00024803F0000BB
:10A92800440188C1AE0A2FF88AC28AC140DA520BA4
:10A938002FEDE24072F00024803F00004401D60C65
:10A948006FF088C103A66AF00024803F000044012C
:10A95800B2092FF688C1B01E021060F00024803FB3
:10A968000000440188C10E0AAFF880C201C100C2CC
:10A9780002C00418402000188020081800204EF05B
:10A988000024803F0000440188C1EA09AFF880C272
:10A9980001C100C202C0041B4020001B8020081B0C
:10A9A80000203CF00024803F00004401660C6FF05A
:10A9B80088C10AA632F00024803F0000440188C103
:10A9C8007E08EFF85524023E5524013E60DAB20AAB
:10A9D8002FED034022F00024803F0000440188C18D
:10A9E800CA08EFF99AC29AC178DA960A2FED23407D
:10A9F80014F00024803F000044011A0C6FF088C155
:10AA0800CC1E00100AF00024803F00004401060C10
:10AA18006FF088C1531E181008C0B2708E06EDFF83
:10AA28000C71267141F14240DAC7E07848310100E3
:10AA38008D7007364B7048470000218048318100EF
:10AA4800003341100031810F833A6F1203310083C4
:10AA5800C6F60131810F003F000006F00131810F79
:10AA680000BF000050904831C1024831830048328D
:10AA78000100003341104833C2020031810F833A8C
:10AA88006F1249220202482202010331008342A0C8
:10AA9800C6F60131810F003F000006F00131810F39
:10AAA80000BF00004831C102483181004831C1026D
:10AAB8004921410648210101E07F29A0F4C38224ED
:10AAC800023A5046084655200D085524803910DAB8
:10AAD8000A2480210A2540210A23002170422847A0
:10AAE8009E092FED552490394A24C0700A21800F01
:10AAF800FA4400004F21C307A820000404170C14CF
:10AB08002040604203344090CA2005030330C080CF
:10AB1800CA220900041890202C7047C094C018DA83
:10AB2800001C4220001B402028479A0FEFFA001D06
:10AB380040204A24C070552480398BC151C7A820B1
:10AB4800C002041002040032820F203C12AC041927
:10AB5800900010853C1581103414113004710521C2
:10AB6800810410A5792100000CC72C1410303C1D5D
:10AB78000210720CAFEE8BC04A24C0704024083B10
:10AB88008BC147C0A820C001408100308200041951
:10AB980090000037C2138E85003000244A24C0700C
:10ABA800013080004686003141246D70013040003C
:10ABB80027862F320020088602360373803F000064
:10ABC80081C743C00C7042C141C247C3A820C0031B
:10ABD800014FF0200210003349000034811015267F
:10ABE800021001314102047126A2278646862016EA
:10ABF80000104A24C0701C1CC03242C141C243C06C
:10AC0800A82080020417011404100014003040002A
:10AC180001330B102786E68687864686088668866F
:10AC28004A24C07045C12C7042C441C744C246C0C2
:10AC38008BC484C784C28BC028401C1CC03243C349
:10AC4800A8208002041209040410030400334302FC
:10AC58000130C8106686478608864A24C0700E7080
:10AC68004AC145C244C346C0A820C00481C0224886
:10AC7800234F204C0033821024710030C31002305F
:10AC8800C300023080000030C000013010202E7058
:10AC9800033040A4281C003483F72F3000245F863B
:10ACA800208501859E86618649C250C04FC188C0F3
:10ACB8008FC14024043E4024053A4242360D6FF8C5
:10ACC80048C4648545852685078528140B30E285A8
:10ACD800838543C345C144C246C04026031281C090
:10ACE80084C154248439402405384242041EC012C9
:10ACF80042C452096FF641C76A854B852C850D857C
:10AD08002014083024140B30E885898543C345C1D5
:10AD180044C246C04026031481C084C15424043967
:10AD28004024053842420C1EC012081E001242C4BC
:10AD380012096FF641C708C209C10B864A24C070C0
:10AD48008D716D7225A644A63C2401103C23021087
:10AD58004026031C011C0233021C4230031C8230B3
:10AD6800A82000044024483033204014267148307D
:10AD78008B0000830030CB220130C002181B10006A
:10AD880013C04A24C0702D7000300B0054260018E0
:10AD9800011C0233021C4230031C8230A8204003ED
:10ADA8000110C31448338C00608000330C13013346
:10ADB80003031818D0004A24C07012C0011C433085
:10ADC800021C423000300B004026001F031C82305A
:10ADD800A820000440244630332643022571483316
:10ADE8008C00608000330C13013303031818D00063
:10ADF8000EC34A24C070784E0033C9004A200010A0
:10AE0800011C4330021C4230031C8230A82040033E
:10AE18000116CC0448348B1080800031CB120134E9
:10AE2800CC121818100390850A86031C82306D71A5
:10AE3800023202204A24C0703C23001300328C00E6
:10AE4800021C423054268118011C0230A82000043C
:10AE580040244030332000020571483082000081D0
:10AE68000034821001308000181910008AC0D208FE
:10AE78006FF64AC3098647C0C6086FF687C007C37E
:10AE88000AC22C16101040150B100C710232C200A9
:10AE98004A24C0703C2001040D723C20CF023C20A3
:10AEA8000014021C423040260C1DBFBA4A21000083
:10AEB800011CC233031C0230A82000044024403087
:10AEC8003320400024714830830000840032C300DE
:10AED8000130C000181C101048330010C34148420C
:10AEE8000000D20B6FF847C05020FE8755F4402071
:10AEF8004020A30834010BA60E084FF61908F500E8
:10AF08002C7003B80420800FFF00F8FF012E017099
:10AF18000C0012062F7815260F1018E75524003854
:10AF280018DAE1415A0DEFEC552410384A248071A3
:10AF38009AC0A820C002041001240031810FDA3B16
:10AF48000E74041850009AC094C1EA08EFED542416
:10AF5800103A3C15801014704A2000000FF24A2461
:10AF68008071A82000033320810F1300FC75047141
:10AF7800483181000418502002F059C094C191C38F
:10AF8800C1401A096FEE62422C7018DA360BEFFADC
:10AF9800E140BC1E03100EC16640281E8014CE0876
:10AFA8006FF729A627E880D8001C022011C0F015E9
:10AFB80002102C704830800047C20030800F74495E
:10AFC80000240730800003304080C7F60130800F2E
:10AFD800003F000005F00130800F00BF000048303E
:10AFE800C002483080004830C002C270001D0020F6
:10AFF800D4C70014C020B9081280D4C7E4C247D906
:10B008000845C342A3420BD718B9351803020C7080
:10B01800CB46DC44304ECB443B4AC1BFC343D33E4E
:10B0280098DD4BA52CA5201D0210341D02102C7094
:10B0380018DAA140C6A587A58A0AEFFA6AA5A14031
:10B04800C4C6E078EAC3A7C14A24C070084668416C
:10B05800484528400C7084C4A820C002024EF02045
:10B0680001101524031004710231810020A3241655
:10B0780002104A24C0704024063181C0A820000272
:10B088000414011400324100041850004A24C0700E
:10B0980081C2C140A820400260800412010401312D
:10B0A800C1000418500024160B104A24C0704A200E
:10B0B800000084C7A820C00315260200034F808221
:10B0C8001526011023810034C31004710131C10019
:10B0D80020A24A24C0701C4E0236C372803F000072
:10B0E80081C11041A820000204110204003382002B
:10B0F800041890004A24C0700A204004A820800147
:10B10800041001040419501084C10140D60C2FF614
:10B1180084C78C864A24C0704A200000A820800377
:10B1280004170314402442302C70033300831A623E
:10B138000471CA21690020AA1E0A6FF54024403014
:10B14800E7864A24C07010400C702242A820800371
:10B1580004120C04402443302C700334C0931B6346
:10B168000471CA216A0020ABEE096FF54024403013
:10B1780086864A24C07008474A200000A820800319
:10B1880004110324402442302C70033300831A62D4
:10B198000471CA21690020AABE096FF54024403015
:10B1A80004E8341E03100FF0341680103516811091
:10B1B80004710F7A0B098500341E421003F0341E07
:10B1C800021084C1C14079270F101A0C2FF64024B1
:10B1D80011348B864A24C0704A200000A8208003BE
:10B1E80004110324402442302C70033300831A6274
:10B1F8000471CA21690020AA5E096FF54024403015
:10B208008AE87920002088E83516811034168010E5
:10B218000708450082BF8427431F1670CF27621096
:10B22800E0AD201680101108C003201EC213008D47
:10B2380087B800ADCAC7E0782C7018DA2018420029
:10B248008100EFFA34184200C340A0001086008045
:10B258002C704C702106EFFC6C70E078E2C2CB4594
:10B26800A000EC852185C340A000AC6D0080247748
:10B27800360B2FFD21A5001D0310C2C6F1C0A1C1C8
:10B2880040C0C340A000F485008080C14C778E0C7C
:10B29800EFFC6C708774D1C0E07EE078E4C2CB45E7
:10B2A800A00024C708460CD81CD98C705825C3198F
:10B2B800460CEFFCA142C341A000F48500A156252D
:10B2C800851A5725861AC34012005C98C34113009B
:10B2D800609A8A2218008A244200FA09AFFEC14304
:10B2E800C341A000AC6D00A1C4C6E078E4C3A1C10D
:10B2F8002C770C7080C2D60A2FFD2043CD701CE835
:10B308000A25801FA000108600852C704C770E0C33
:10B31800EFFC6C707AE8C341A000EC850089CD7021
:10B3280004E8C0A900C608F000852C704C704A0DCE
:10B33800EFFC6C70C140C4C7F1C0A1C12C770C7080
:10B3480080C28A0A2FFD204300C11470CA2121003F
:10B358008774D1C0E07F20405021CC0702210383AD
:10B36800150C2310432201800023838F00800000E6
:10B378008121FF8FE07F6578E2C3A1C1720FCFFF03
:10B388007EE8B4D9C340F0004B00C342A000ECC033
:10B3980020A8008A05E80182047101A2F0F1C340E7
:10B3A800A000BC852C724C706C70DB599E0EEFFFB0
:10B3B800084500168070A000E885C5089E80011C1D
:10B3C8000332021C4233031C03303B580042204323
:10B3D800FED840244130C2096FFB8C70D0F1E07870
:10B3E800F1C0A1C109E82281208160C11A086FFB60
:10B3F80080C10C7002F023D88774D1C0E07EE07859
:10B40800F1C0A1C108E83A8060C1FE0F2FFB80C1DE
:10B418000C7003F023D88774D1C0E07EF1C07208A5
:10B428000000D1C0E07F0C70E6C04A240077C34218
:10B43800A000D0C3CB45A00038C16C702C7040224E
:10B448000F06FFDCA820C0035A2100062471FE6005
:10B45800B860C0A00418C10284B00A1883010B1890
:10B4680043004A248071C340A000B88572B068A028
:10B478000A208000A820000104181100141A4100B5
:10B48800041A81000C700C1AC100C6C4C343A00082
:10B49800ECC0008B08E8028324834168016942A359
:10B4A800E07F04A3248308E903830908450023A354
:10B4B800101B010005000000FAC382240239CB46A4
:10B4C800A000B8852A8602866B864386ED70002127
:10B4D80001800122C080F144F140F145DB41A00028
:10B4E80098C04CC74BC74AC722A603A65A240327AD
:10B4F8000021CD3005851470104262F20385228642
:10B50800848543860415081008150B10022106804F
:10B51800032200833C2608023C20CC027170CA2416
:10B5280001124021093395700023400248F4988D98
:10B538003223530623A541A087ECFA0BA00642400C
:10B54800147018AD3CF2108E08E807860D08C10487
:10B55800BE0A0000101E03105012012042406079FC
:10B568001C1CC234801211207812012048C0EF78C8
:10B578008AC2157A181C4034001A40042F273F034A
:10B588006F233F004281618120812F263F0342C102
:10B5980044C25F2001065F20020343C397C38EC0E5
:10B5A8001A627961FE0B6FEE82C00D0D10200086C5
:10B5B8000B0B01205021D027AE71E571867196736F
:10B5C8002C07C5FF05861508220402200004D37045
:10B5D8000000001920010B002F22C7A3141E00141D
:10B5E8008AF2ED70AD70D341A000E885001180208B
:10B5F8005A25021697C159612B083E000419000408
:10B60800108922818AC2F0224703111686106281AE
:10B61800418120814228C5270A2400044A0AAFFA3A
:10B6280040C7A571C90D8494118EE46E2C71047104
:10B6380011AE97C24243E140341C0137F940DB594F
:10B648001470B6002B00084556F455218F398DC269
:10B658000340E141DD59C341A00034C120811044B9
:10B668006E70422155003B58104730467242724076
:10B6780028F0A187290D6015C897FEE608F47EDE3C
:10B68800B1450A22C0250A2080250AF0A140E241DE
:10B69800CA0CEFFFC24210423040B1450426801F59
:10B6A8000000FEFF060B6FF81D780AE8558008EACF
:10B6B800E14128188004607A2C18000418E76671A4
:10B6C8000DC0B30B04A02D0C5020001181202509BA
:10B6D8001E00251CC331261C0235271C02303B588E
:10B6E80000422043FED840244139AE0E2FFB8C7017
:10B6F8005B0CD0A0DAC7D60C2FFB51D8B379C34066
:10B70800F0004C0020B0DAC7F8C3D60F2FF8A2C15A
:10B71800420E2FF810432E70CD701044CB47A00076
:10B7280018C1324232403A40D147D145041C443412
:10B73800001C4034A20A6004018703304084720070
:10B748002E001046A08735EDA14062418A0F2FF8E0
:10B7580082422CE87A0E8FF780C04E71033600A61D
:10B76800B860001882040BF60CF4C340A000D0C3E4
:10B77800F0200104A0480D0903000A208035B140DB
:10B788003225801FA000D88513E8033640A50AF6A5
:10B798000FF4C340A000D0C3C148A0481309030058
:10B7A8000A258025A94605F0220C2FFB54D8E671FE
:10B7B800850FF4A008E7CB45A000B885330A102010
:10B7C8003208C00520E80A0E8FF700855025FEA72D
:10B7D800CA2601140D08A003C14036080000C08520
:10B7E800130E0014101D43101C1D001403F0141D2B
:10B7F800C11F00C204140131C340A000DC8548A564
:10B8080020B0D8C7C60B2FFB56D8D8C7E4C2D20E73
:10B818002FF808453E0D2FF808460042A140BA0E01
:10B828002FF8C141084610E8CA0F800510E82780A4
:10B8380003E90019010000A6C7A0C340A000B8850D
:10B84800A0A0C4C6860B2FFB54D8C4C67E0B2FFB02
:10B8580056D8C4C6EAC2A08008463041081843003A
:10B8680026ED160A6FF9A14020E8EE086FF8A1400E
:10B878000E0A4FF91AE81D953C95E1682B0F441004
:10B888001585ED70081D43101040001E4170A00082
:10B8980034410BE80B862A860BA52AA5A140232054
:10B8A80000042241E8ADFDB5A085DDED0C70081E51
:10B8B8000310CAC6FAC2FC1CC8B63045220E2FF8BF
:10B8C8001843920C2FF818411840AD70C90D30205C
:10B8D8006E772E70D340A00098C04E77324432461F
:10B8E80040200F23162341345A210027418100208C
:10B8F8000E20F86003324083A4A668002C00A0A0A4
:10B908000332808F7F4700FF5800060000111700A0
:10B91800073680706E4E286BC60AAFEC001EC01545
:10B928003C240B203C264320D271CA23C1027470E8
:10B938003C20CC043C218204CA264220CA2402208E
:10B948005271CA220103547022A6CA22422001A6BB
:10B95800CA230220E24023417E0D2FF8034204F05F
:10B968000C70B8AE2671810964A505A60A24407535
:10B9780040200021A820800322870AE920806180D6
:10B98800022442A00326C1A040A721A71CE01CE76F
:10B998008A4504F04E77CE700225C294C340A000B9
:10B9A800B885032681A442A02C1880042818C00456
:10B9B80023A004141B34DAC6F4C382240C3F8A275C
:10B9C8008E1070405043284508461F6706EA2C70C1
:10B9D800A140F208AFFA62424A24C073FED90C743F
:10B9E80022AD6C7081C24A21000040C0A8204001ED
:10B9F8002471011A52001F0830204A21C0234C200C
:10BA0800C0A32C012D00041C0234031D02142E7146
:10BA180002F063AD8A22072D542615195426941B6B
:10BA28000E714024163100229223011680240477D7
:10BA3800ED08D503252000000FF01DF02DF03AF099
:10BA48004CF04EF04EF050F051F059F05AF05CF0D6
:10BA58005CF05EF05EF05624403D14DA220AAFEC4A
:10BA6800A2415624403D80C3A141160E60056242A2
:10BA780056F00024803F0000940114DA020AAFEC6B
:10BA880082410024803F0000940180C3A1419A08AC
:10BA9800A005624244F085C08A220600E209AFECA4
:10BAA800424185C080C3A141F209A005624238F035
:10BAB800701682100024813F0000BC01AA0FE00428
:10BAC800DF1600160024803F0000BC0180C3A1419E
:10BAD800BE0AA005624224F00A860BF00B8609F024
:10BAE8000C8607F0DD16001603F0DE16001680C37C
:10BAF800A141BE0CA005624212F0FF1780900BF026
:10BB0800008F09F0018F07F0028F05F0038F03F013
:10BB1800048F80C3A1419A0DA005624206710F09E6
:10BB280005A400C04128010200AD21ADD4C7E078CA
:10BB3800F0C3A2C1504268452846104406EA2C705A
:10BB4800C140820F6FFA4242FED90C742E71ED7219
:10BB580022AE41C0021C4234031CC23307ED5D0D06
:10BB6800F510021C4233A3AE05F0AD712E72031E10
:10BB780003108A200E204024D3300020102504F022
:10BB880001138D24190DB01081C3210D711081C3CB
:10BB98008240C1418E0FA005424208F0001080206B
:10BBA800C1410E0DA0054242D909E5A3E57101C0C6
:10BBB8004128010200AE21AED0C7E078E8C248466D
:10BBC80028472C7010DA60400A200021F60E6FFA20
:10BBD80068450C7036EF296E2109F5004226411E92
:10BBE800001D4310011D8310021DC310031D031106
:10BBF800041D83120C7526F04909D5022520400042
:10BC08000BF00EF00FF012F01CF01CF01AF017F009
:10BC18000FF018F010F0001DC31113F0001D83126F
:10BC28000FF0001DC3120DF0001D031309F0001DD5
:10BC3800831307F0001DC31303F0001D43130C7199
:10BC480000180020C8C6E078E2C25E0BA0030845D1
:10BC58004A2440710A204003A820800104180100EA
:10BC68000818110080250E10001D0310C2C6E078C8
:10BC7800ED014005EAC382240E3410418CC08A22AB
:10BC88000D08FE0F6FEC2845028D8C20838F8A20CB
:10BC98003E0736F4238DCD71ED72021C8233031CEE
:10BCA800C23309E98A20FE060F09F400021C42305B
:10BCB80026F02C71CD728A250E104024D0302275C2
:10BCC800041C013103F0011081242509B0008CC047
:10BCD8002D78250871008CC081C14209E00582C217
:10BCE80082C128DA9A0F6FEC224006F0AA08600693
:10BCF80081C100ADD30EE593E5710C70CAC7E07839
:10BD0800C340A000704CC343A000188629A02AA0F5
:10BD18003018010047A0E07F20A3E078E2C3A1C16A
:10BD2800CB45A000704C0C851B0000002C8500C082
:10BD380046853070CA204D0040C01A62104946A599
:10BD48000CA51708140100160270A000C04105EAEE
:10BD5800607A80C1ECE8C2C7E2C2AA201A002108B2
:10BD68001F00220A0000460CEFF80845C3401100E6
:10BD7800F0AD0D0D2010A140F20900002A0A6FF75E
:10BD88000C700C708C5A001E4370A0008D41C2C606
:10BD9800E6C2CB45A000704C284600410C85CB4735
:10BDA800A000188640270213001A800F120000A274
:10BDB80003E8008704F009850AA500A7C20E6FEC06
:10BDC800C1420C852087D8603E660CA50C70C0A7C0
:10BDD8008B580C71C6C6E078E4C228458EEBC34187
:10BDE800A0001C86C08108EE4040607EA14114700E
:10BDF800CA252110A140C4C61BD8DE0FEFF12C7054
:10BE0800C342A000D441C341A0001C86001A800F81
:10BE18001200BCA2E07F00A1E8C200208D0F000044
:10BE28002402E20C2FEF10404A240071CB47130084
:10BE380004765520802AE141A82000020111C2049D
:10BE480048328200041890004A2400715520802B43
:10BE58000A21C003A82000020111C204483282004E
:10BE6800041890004A2400714020002B0A21C003C6
:10BE780028180120A82000020111C20448328200BB
:10BE8800041890004A240071C340A33B0AD74C70A1
:10BE9800781800206D7100258A1FFFFF7CFE552051
:10BEA8000329E140001AC2122C1AC212AB1D989045
:10BEB800AC1D9890AD1D9890A01D9890A8200002E8
:10BEC8000110C10448318100041B50008187C287DA
:10BED800E387C3404940DB0F8A21090D0271C34340
:10BEE800AC3B005F00258A1FFFFF68FE15A518A55B
:10BEF80016A517A502405EA55AA5001AC2127FA56D
:10BF08000019C20254A9DCA59BA53E08E000FDA5C6
:10BF1800C8C6E078090020000C70E078E6C2152653
:10BF28000D70F0001000C0850F7AED7116260370B1
:10BF3800A0008CE8587F4F2681175A200005002062
:10BF4800800FA000105120A5AB279A10D20BEFF755
:10BF5800001B01008A209A0008E02B2700105326B6
:10BF680040179FB800A5C6C64C70C341F000200119
:10BF780095BA45A141A1C341A000FC41E07F00A1C1
:10BF8800C340A000FC41E07F0080E078ECC3A2C180
:10BF980010410C705040DA0AEFF42847084691081F
:10BFA80030204E70890E30100C704E71AB229A20E2
:10BFB800760E2FFB2086CB45F0000000138DC34181
:10BFC800A00038866C7186B813AD138D2F24C80372
:10BFD8004C7087B813AD128D60470A264004842040
:10BFE800C20712AD0019800F12003CD3128DC34155
:10BFF800A0008CE8A1456C20000180B812AD008635
:10C0080000190004041940042C702209EFF8001CE0
:10C0180001308A209A002A68E3A62B224020047760
:10C028002B220020138D8420C20F13AD4240CCC7B1
:10C03800F0C3A2C10F7D1041A14068475040320AA9
:10C04800EFF430420846C70F30100C70BF0E3010A6
:10C058008E71002C5323AB239A202086CA0D2FFB08
:10C06800A140CB43F000000015234D13138D152676
:10C078004274A000388686B813AD338DC340A00043
:10C088008CE81620400487B933AD001A800F1200DF
:10C09800C4D3E0A004188004128D8420C2071D08B0
:10C0A8007528121D021042203CA02CF2A820400145
:10C0B8000112802400AD26F0AB239A20138D2C703A
:10C0C8001523461486B813AD138D2F2408044C701D
:10C0D80087B813AD128D6C7120474520C00712AD8B
:10C0E80000860A2580044608EFF8001C01308A20E3
:10C0F8001A0004710C1E0014AB241A202B230020F4
:10C10800338D0C718421C20F33ADD0C7E8C38224AC
:10C118000C345040084784C08A220C00620B6FEC34
:10C1280028450087402483304024043240240533C6
:10C13800402406314024C730A14102426E0F6FF3FC
:10C14800021C433102C57D0D111003148E30AD70F1
:10C158000C7004F08A253E16B4E802148130CF78BA
:10C168006109240004774F0855012520000006F0D6
:10C178000AF010F014F01AF084C08A096FF581C132
:10C1880015AF19F084C07E096FF581C117AF13F0A0
:10C1980084C0560CE00381C10CB70DF084C0660959
:10C1A8006FF581C11AAF07F084C0660EAFF681C182
:10C1B8000EB701C01270A007EDFF0C71C571CAF16E
:10C1C800A140C8C7E8C3A3C14A24C070084580C2BB
:10C1D8006C70A8204006041100040030800F034052
:10C1E8006F120330C080C7F60130800F003F000097
:10C1F80005F00130800F00BF00004830C002021A6D
:10C20800140080C06A08600582C14C950814013189
:10C21800158D42792E79160C20004C77EA0A6003B6
:10C228002C71084708144131158D020C20004C77F9
:10C23800D60A60032C710A144E31EE79150E63107C
:10C2480000420014403139081200081D45101DF045
:10C258002C9DD20B20004E78130883030214403122
:10C2680023081200081D05100FF0048D0DE846087C
:10C27800A00580C009E8081DC51F07F0081DC510E6
:10C2880003F0081D8510178D18E8041441310B09B7
:10C2980033002040337810788C20C68687F7042135
:10C2A800800F000000802FB809F0039D0D083200B0
:10C2B8002C72560A400303F00C70249D05B53477A0
:10C2C80006F20E78C2B9D268257E05F0CB4600008A
:10C2D800FFFF0395D079ED70307030400C7023F279
:10C2E8007A8D0C701FEB1B0BF1000C71368D499584
:10C2F8002471310A210436AD2F792B099402402587
:10C30800021380C1860A200060408DE8748D2E9546
:10C3180080C08A0820004C7014AD7820400003F0DB
:10C32800F6AD248D0F7811087100C9B585E92395FC
:10C3380028461CF014E9239D8340609041900290A8
:10C3480047B566B52109320008B5C3400000FFFFB4
:10C3580011080020284785273E1006F0239506F08F
:10C36800004103B5041D0310834080906190029042
:10C37800D07A67B586B508B5170A800F0000FFFFA9
:10C3880030780F088000C3B585263E10C947EF787E
:10C39800C8C7E078E07EE078E6C08098CD708CBEB3
:10C3A800170E2213C94589450F0C831FFFFFFFEFA6
:10C3B800CB450000FFEF8198170E2213C947894724
:10C3C8000F0C831FFFFFFFEFCB470000FFEF029822
:10C3D800150E021008461108830FFFFFFFEFCB462A
:10C3E8000000FFEFCE7CEE78AE7D1A244E101E259D
:10C3F800411309788C7E402A0D0538603668B8618B
:10C408001076C1420C710EF7B862307060404AF77E
:10C418009570CA200A0344F693780E78BF201F044B
:10C42800C6C4E078E6C3A2C1084600806044402440
:10C43800C330402405314024863048472845CA0C7B
:10C448006FF3031C43310214803028F04308550170
:10C458002520000005F007F007F00EF013F0158E08
:10C468000BF0178E09F00C9E81C3A141220E200308
:10C47800E1420FF01A8E81C3A141960E2FF5E142D9
:10C4880007F00E9681C3A1419A0BAFF6E142021460
:10C4980080300471021C0230031481300F78B10916
:10C4A8002580047701C04128010200AD21ADC6C72F
:10C4B800E8C2504028462C7010DA60408847060EC3
:10C4C8002FFA68450C7007EE0B08912F0C71001DB0
:10C4D800831000A7C8C6E078E8C3A2C10846008058
:10C4E80060444024C3304024053140248630484706
:10C4F8002845160C6FF3031CC33102148030402604
:10C5080010132EF04F08D5012520000007F00FF07A
:10C5180007F009F009F012F017F0168E0FF0049EDC
:10C5280006F0059E04F0099E02F0039E81C3A14116
:10C538005E0D2003E1420FF0148E81C3A141D20D9C
:10C548002FF5E14207F081C30240A141220B2006EA
:10C55800E142021480300471021C0230031481305D
:10C568000F78A5092580047701C04128010200AD94
:10C5780021ADC8C7E2C208450C70D60B2005A14101
:10C58800B60D6003A140C2C6E2C3A5C128402A680F
:10C598003472540026002C704A24C07040240B309A
:10C5A800A820C002F4224300F420401014234C10A9
:10C5B8002471627800B480C083C15A0A200583C5FB
:10C5C8004A24C0704A2100008A228606A820C00298
:10C5D80002150315402440323C6024713C22C000FF
:10C5E80000AC17F035087100014083C1260A200508
:10C5F80083C54A24C07040244132A820C0020215D5
:10C6080000153C2600700000000C011912004A0DAC
:10C61800AFF44024403200412040C2C7190540030E
:10C628003860E07F0E78E078E8C2104048455477DB
:10C638002978CA252110150D32102847210D3318E5
:10C64800CD7000284E030CF08C257F9886F6BA0E24
:10C658002003B379084604F04228CE07096D4C71CF
:10C66800187A10782C70A0E0CA2185002B7EC0268D
:10C67800621010D9920E2003C1400845CE788A0E68
:10C6880020030FD9170D2010072700147A0E200356
:10C698000FD900208E0F0000FF7FCE78C8C6E07843
:10C6A800E07EE078E8C382240C355040084785C016
:10C6B8008A220C00CA0D2FEC2845008740248331BC
:10C6C8004024043340240534402406324024C73132
:10C6D800A1410242D6096FF3061CC33103C5A90D57
:10C6E800111007148E30AD700C7004F08A253E16B8
:10C6F80095083100CF78061481308D09240004771D
:10C708007708D5012520000007F01FF00BF011F085
:10C7180015F021F025F085C0EA0B2FF582C116AF80
:10C728002BF085C0C20EA00382C104B725F085C0D6
:10C73800B60EA00382C105B71FF085C0AA0EA003DC
:10C7480082C109B719F085C09E0EA00382C103B744
:10C7580013F085C0AE0B2FF582C114AF0DF085C064
:10C7680082C1F208200680C2834021904090029046
:10C7780027B746B708B702C012707407EDFF0C71EF
:10C78800C571B4F1A140C8C74831010007364270ED
:10C7980048470000288003318080E07C48A0E07F83
:10C7A80004184300FAC2FC1CC8B6822403380415D6
:10C7B8000C006D700A2240210334C0920A21C02166
:10C7C8000A2580210A210031704458430845C8F6DB
:10C7D80001348E1F003F00000D00000001348E1F41
:10C7E80000BF000047140F364A24C0705524403D4E
:10C7F800A8208002041102040032820F833A6F12CB
:10C80800041890005524413D5524823CA1403A0922
:10C818006FEE5524903C4836C0125524443D1D788F
:10C82800442043005524C53BA1408241234255245E
:10C83800CE3B2E08AFEE70434A24C0704A20000059
:10C8480055240C3BA8204003014EF020032015245A
:10C8580002100031410504710133410020A26185B5
:10C868004985284D5524013B5524043A260EAFF23C
:10C8780010455524013A10DA060C2FECA240552435
:10C88800013ACE0CAFF2A2405524013A10DAF20B6D
:10C898002FECA2403C85A140520A6FEE62428A26E4
:10C8A800441BBE66208E104332E9552550180F7080
:10C8B800402417304024163010DAC240C20B2FEC47
:10C8C8000241077140261624F10872B24020102454
:10C8D8005527002910DAAA0B2FECA2415425901EE7
:10C8E8004A26002010DA0240960B2FECE241C6716E
:10C8F80040201024F10EB2A240271724A140802026
:10C90800040520880909B502247120A843091130BB
:10C91800008E1FE856402F31C0065524433D2F3264
:10C928000000A140C6086FEE5524503D4A24C0704F
:10C938005625C018A8208002041001240031810F58
:10C948006A44FBAE041850009E40491D18104A2442
:10C9580000712240A8208001041501240418500009
:10C968008A20040BB86000881019C0240FE83E41E3
:10C978000C70033100804BF74A240071A820C001D5
:10C9880026405220C00704191020001680100DE818
:10C998004A2400715625C018A820800104100104FB
:10C9A800041F501006F00C7003A702A701A700A7E8
:10C9B8008024033804141B34DAC6E078EAC3B0C113
:10C9C8004A24C070C84608450A21402170404840A2
:10C9D8004A2000004024063D4024093AA82040058A
:10C9E8000349F0200C101526020000338B0F833A00
:10C9F8006F1215210F100034831F7A3D0000047157
:10CA0800001AC00260A78DC18AC240240537A14020
:10CA18000243520DAFEE87C74A24C0704A20000077
:10CA2800A8204003024F8AC104490032410480C350
:10CA380001344110157B047120A380C183C28A0987
:10CA4800EFEEA14040250F1B83C110DA320A2FEC0C
:10CA5800E1401D0831208DC080C26A09AFEEE14176
:10CA680001C100C202C034A553A515A54A2400710E
:10CA78000A208003A820800104170114041850001C
:10CA88002C8D3C1580104830000004A60FE9238641
:10CA98000C70033100804BF74A240071A820C001B4
:10CAA80000865220C007041E1010CAC7E2C04020EA
:10CAB80008028D704C716C7019F062480332408026
:10CAC8004C7015F6402583103D0B33014E25BC10E4
:10CAD80015204213A820000204120C0403344090CD
:10CAE80003F6647110F08D714C70684589430CEA47
:10CAF800A2488D71033240804C703AF6616DBF0BCD
:10CB080032818D716140C2C4E6C076108B008A25DF
:10CB1800091D00208C0F0000240248330B10BE6052
:10CB28000333C0900DF732248B1FFFFFD4FE130B85
:10CB380031108A2504151D65A08DB5707CF2608EB4
:10CB480008EB80200A01C3434940DB0F60A05CF07A
:10CB58003224831FFFFFA8FE10EB4832C302502285
:10CB6800FE87496BCA22210015208200BE84A412C8
:10CB78000206013242035EA4548E10EA3224821F58
:10CB8800FFFFD4FE86EA004280220405408A06EAB6
:10CB9800C342B23DC2B85AA44831C2027584447730
:10CBA800483282005021FE870032820F32BEC2B85E
:10CBB80068140B100132810FB23EC2B8C342B23EB4
:10CBC800C2B8CA2181000131C100DF840131C1022C
:10CBD800C3424940DB0FF78402368373803F00006D
:10CBE80003318080CA2245000033C303BE84003667
:10CBF800811080200A010133410056A4013143030A
:10CC080037A478A4CB44B23DC2B8C3424940DB0F35
:10CC1800033300834041CA21050303338080CA22BD
:10CC280045004041CA21C50003330083CA2185005D
:10CC380020A0C6C44833C202A08EF026827013001A
:10CC48001C766C70141E43107AA47EA4110D71100A
:10CC580055A40042AD708022090D60AAB5705884B1
:10CC680057A471F59AF1E078E8C382240C34504057
:10CC7800084784C08A220C0006082FEC2845008744
:10CC880040248330402404324024053340240631B4
:10CC98004024C730A1410242120C2FF3021C433535
:10CCA80002C59BED03148E30AD700C7009000000B6
:10CCB8008A253E1691E802148030CF791B0864005B
:10CCC80084C281C3C20A6000E14001C012700C71C5
:10CCD80030F7C571EBF1A140C8C7E078F2C3B3C122
:10CCE8000A2180210A2140110A220021704550445E
:10CCF8003043110FFE01084744274000CC1F0210A3
:10CD080080140D301EC64A24C0700C705424083894
:10CD180040240B3DA8204005F0230C20F0240120DE
:10CD28001520031000348C1F833A6F12152302104C
:10CD38000031810F7A3D0000047180A320A290C1C8
:10CD48008DC24024053AE14042430A244002A60825
:10CD5800EFF44024103A4A24C070A820000206408C
:10CD680000308003041810208DC140240437E140AE
:10CD7800A24222434024103DDA0B200087C61E87BA
:10CD880036874A24C0700030800F7449002440243C
:10CD98000B3A073048004A200000A8208004F023FE
:10CDA8000210F0200120034E80C401318200157C5E
:10CDB8000030C11004710132410020A480C183C237
:10CDC800DA0BEFF4E14040270E1B83C110DAB20EF4
:10CDD800EFEBC1401B0A312090C080C2E60D6FEE18
:10CDE800C14101C100C202C034A753A715A7BE4361
:10CDF8009E427E41160DEFFFE1404A2400710A2051
:10CE08004003A820C00104160114041850002C8FF8
:10CE1800A117001604A510E923850C7003310080C2
:10CE28004AF74A240071A820000200855220C00752
:10CE3800041D1010D2C7E078E07EE078E8C3A2C1F4
:10CE48000845008060444024C33040240531402414
:10CE580086305040284655250F18AE0A2FF3031C7C
:10CE680043350214803074F06508950225200000CF
:10CE78000AF00CF00CF00EF00EF010F016F01EF0A8
:10CE88001EF020F00C8D0CF005851DF006851BF0BA
:10CE9800078519F0088517F02415801081C3C14152
:10CEA8009A082FFA024214F02515801081C3C14157
:10CEB8005E0CEFF402420CF0188505F0198503F0BA
:10CEC800048581C3C1415E0A6FF7024202148030B3
:10CED8006BB87308D502252000000CF00DF010F097
:10CEE80011F019F01FF021F021F023F023F025F0C4
:10CEF8006815801011F06915801007F074158010FE
:10CF080003F07515801081C3C14132082FFA02421F
:10CF180019F07615801081C3C141F60BEFF4024277
:10CF280011F01B850AF0018708F0028706F01C85BE
:10CF380004F0008702F0128781C3C141E6096FF748
:10CF48000242021480300471021C02300314813042
:10CF58000F7819092580047701C04128010200AE25
:10CF680021AEC8C7E8C3A3C1484728452C7010DACA
:10CF780060400A2000214E0BEFF968462C700A2207
:10CF8800800F1300387633ED4A240071A820800200
:10CF98000412030480C03C6024713827C01000AC20
:10CFA800560E2FF580C038E80FDD001E4310011E15
:10CFB8008310021EC310031E0311041E4311051E15
:10CFC8008311061EC311071E0312081E4312091EF1
:10CFD800C3120A1E43130B1E83130C1EC3140D1E0B
:10CFE80003150E1E4315330000004A24407110E259
:10CFF800A82080020412030481C03C6024713827F1
:10D00800C01000AC4E096FF781C026E8AD71001E54
:10D01800C31123F0AD701B0FB019B866190F711C3E
:10D02800B866A572001843030118830304F0A571BC
:10D038000018C302F20BEFF67827001C05E8B86663
:10D04800A57100188301130F711EBE66A571001E1D
:10D05800831203F0AD7000184023C8C7F0C3A2C103
:10D068000846008060444024C330402405314024F1
:10D0780086305044284592082FF3031C03320214CB
:10D0880080305426931954261218552610195526FF
:10D098008F1B4026111B48F0510855012520000020
:10D0A80005F00CF011F019F01AF081C32240A141EB
:10D0B800620F2FFA82421AF00A8681C3A141720DCB
:10D0C8002FEF824212F03C16801081C3A1416E0EF0
:10D0D800EFF982420AF081C3424004F081C3624002
:10D0E800A141AE0A6FF7824202148030250830024F
:10D0F80081C31308F00181C32308B10181C3E14052
:10D1080009F08C168010A141320EEFF9824207F027
:10D118000240A141FE0E2FFA8242021480300471AF
:10D12800021C0230031481300F78710925800477BE
:10D1380001C04128010200AD21ADD0C7E2C20845B7
:10D148000C702608E004A141260A2003A140C2C6AB
:10D15800EEC3B4C1484588464C7030411040552054
:10D168004F08747042A641A640A623F44A24C07012
:10D1780091C40C70A820C002014D1524031004713D
:10D188000031810FCC3DCDCC20A3691080202C70BC
:10D198000DE84817821091C1F60B200002408A2042
:10D1A800040502707417811040880521BE80A4030D
:10D1B80022004C70038503308080C7F60130800F51
:10D1C800003F000005F00130800F00BF000048302C
:10D1D800C002761081200F78307078032500402037
:10D1E800132B088F0DE86810802080C62D08B10029
:10D1F80048AF91C180C2BA0B6FF262401EF0751041
:10D208008020ED083000402412345520002984C2C3
:10D218003A0A6FF2624171F055208D2B91C180C29C
:10D228008E0B6FF20A2040034A240071A820800167
:10D2380004130024041D1010AD70C1408E0AEFF3D2
:10D2480042C501C27FDB17BB0C700332C0804F237D
:10D25800CC07CA206C00033200836F260B100B7EAC
:10D2680060419D7140403C700332C080560E2FF4DF
:10D27800CA20490008460330808F4940DB0F86F6F4
:10D2880002368E734940DB0F00C043C0B20C2FF545
:10D2980083C045C544C500368D1F003F0000060DFC
:10D2A800AFFAA14003C10031000046C0A60F6FF6D7
:10D2B800A1407510812047C008E95520002984C184
:10D2C800BE09EFEB10DA12F040200D2B84C089C2A2
:10D2D8007A096FF2A14189C0760A6FF28DC18DC1BA
:10D2E80010DA9E09EFEBA1405F02000084C010DA5B
:10D2F8008E09EFEB624168108D2091C180C2B20A9D
:10D308006FF242401D0DB0104A2400715520812B48
:10D318004020002BA820800104100204041990006A
:10D32800AD7080C0A609EFF342C500C001C148C076
:10D338000331408344F70A0C2FF588C04020002BA6
:10D34800DA0E2FF242414240EA0E2FF2C14108C2E2
:10D358004A24C0700A208003A820C001208000321F
:10D368004100041850007410802030E84A24C0702E
:10D378004C7022430C7043C2A8200002041301041D
:10D3880000314100013040000330808F61440000CB
:10D3980043C0C6F60030820FBC3862BE7FD817B8CB
:10D3A80003320080CA2085006C1003204A24C07014
:10D3B80000300100A8204002008600330000003140
:10D3C8000000041E1010C1F04A24C07055200D2D15
:10D3D800A140C142A820400260800412010401312A
:10D3E800C10004185000960AEFF9A1400330808F5D
:10D3F800C8420000DCF602852185408542C0A14074
:10D4080041C17A0AEFF940C24A24C07080C10A2299
:10D41800400343C0A820000304110304073303009A
:10D428000033830FC8420000041AD0007C1000208B
:10D4380008C1488702360B70803F00007C8F00309F
:10D4480041008D700033801089430130420048A7A5
:10D458000CEB00875022C1076D70033100806940D2
:10D46800CA23691043C21DF64A24C0700A21C0129B
:10D478000A2340140C7043C4A820000204130114AA
:10D48800003141000130400031870A2340120D70FD
:10D4980003304080CA236910CA206C1043C0600062
:10D4A800290079230000ACE8018743C2BFBA0332E0
:10D4B800008048002C000D71028570100320408503
:10D4C80021856C100B204A24C0701C1F021242C018
:10D4D80040240830C14043C341C140C2A820400392
:10D4E80004100214208000338200003341100131FF
:10D4F8008100041850000D700A2340123F0B3010B1
:10D508004A24C070208570100020418562856C1007
:10D518000B2040C140240930C14143C041C242C32D
:10D52800A82040030411031440810030C3000033D5
:10D5380082100132C200041990000F0810109CAF2D
:10D5480082A681A680A6F910802084E8F9184320D5
:10D55800681080203708B00055208D2A16435810CF
:10D5680002204024043D22412A096FF2A1408DC1C6
:10D5780010DA0E0FAFEBA1408DC1D60F2FF2A140EC
:10D588008DC110DAFA0EAFEBA140CEC7F0C3A4C12B
:10D598005520CE0D1041284532866516001650429A
:10D5A800EA0D2FFAF81943200471651E181080C17E
:10D5B800A60BEFF9A14000C381C10C70041102044D
:10D5C8000471FD08B2800133830065160F164A24E2
:10D5D800C070146F2270926F5620C008A820800176
:10D5E80004150114041850002F33C0008A22090BB7
:10D5F8002272208A152100234918D8008DE9328625
:10D60800631600160B0923002C7120AA05F004717B
:10D618002C70631E1810347093F2B28610868E71C7
:10D6280009205003170F231442205320270FE11419
:10D638002C71F143B144A14317F0BF67016F022079
:10D6480000044A0D2FFAA14165160F1600416C72AD
:10D658000BF0F865047102200004320D2FFAA14185
:10D6680000432C71B144483090205621402948335A
:10D6780082204024073007368670803F0000E14250
:10D6880007360574803F00001E0C20000A240005A0
:10D69800090A1020208603F02186160CAFFF80C0EF
:10D6A8006516011662868D7004B922714911020649
:10D6B80089410332C08088F723862D700332408069
:10D6C80002F62D718AE8150910100686A168E4E5AE
:10D6D800C2F664DDA6A604F086A6AD70F911802016
:10D6E80005E8150A1020288607F022408020040546
:10D6F80080A822F02986BA0BAFFF80C006E8224036
:10D7080080200405001843002B093010ED702A868C
:10D718009E0BAFFF80C014700C7004F40D8604716A
:10D728002C86150862000DA6224080200405E0A87A
:10D7380002F0EDA605860B0D0210F8190320D0C7DC
:10D748002D04C0028A2401748A2104054C705620D5
:10D7580043091961F4188000F818820044189800E9
:10D76800F918820000198200A8200001041B11008A
:10D778008A21090B9A1898009C1898003860E07F55
:10D7880040A8E078EAC268454846304108470E0993
:10D79800AFF4552010084221C022B508D502252033
:10D7A80000000CF011F018F01DF024F029F02FF013
:10D7B80034F03BF03FF046F0C1404A0BAFF4A141D2
:10D7C800681F0210CAC6C140660FAFF9A141691FA0
:10D7D8000210CAC6C1405A0FAFF9A141741F021006
:10D7E800CAC6C1404A0FAFF9A141751F0210CAC687
:10D7F800C140120BAFF4A141761F0210CAC6C14046
:10D8080006092FF7A1411BA7CAC6C140FA082FF77E
:10D81800A14104180020CAC6C140EE082FF7A14153
:10D8280008180020CAC6C140DE082FF7A1411CA76E
:10D83800CAC6C140D2082FF7A14100180020CAC6A5
:10D84800C140C6082FF7A14148180020CAC6E07891
:10D85800E07EE078E8C382240C345040084784C056
:10D868008A220C001A0CAFEB28450087402483302D
:10D878004024043240240533402406314024C73074
:10D88800A14102422608EFF2021C033202C59BEDB9
:10D8980003148E30AD700C70090000008A253E1606
:10D8A80091E802148030CF791B08640084C281C3D8
:10D8B8001A082000E14001C012700C7130F7C571E0
:10D8C800EBF1A140C8C7E078E8C3A4C16845484661
:10D8D80028475608AFF41040210F301280C2330F8A
:10D8E800F011C140290FB11180C2C1400A0FEFF9F0
:10D8F800A1415520802B08F0C140FE0EEFF9A1414F
:10D908005520002980C17A0BAFEB10DAC8C7220E68
:10D91800AFF9A1418C180220C8C7E078E6C24831A7
:10D92800030022920736C2704847000055208D0A2E
:10D9380048310100084607364C7048470000D815A2
:10D9480000900D702C710030800FC8420000E41D5B
:10D9580042903C1E421007368B70F4490024073071
:10D968000303118507360F73803F0000483080009D
:10D97800003400100030800F833A6F1203300082A9
:10D98800041EC0127FA6FEA6C6F60130800F003F17
:10D99800000006F00130800F00BF000038854830D5
:10D9A800C302483181000034401048338100003000
:10D9B800800F833A6F124831C1020330008232A5CA
:10D9C800C6F60130800F003F000006F00130800FDE
:10D9D80000BF00003E854830C3026D7048318100A9
:10D9E80000344010483381000030800F833A6F12B2
:10D9F8004831C1020330C08239A5C7F60130800F13
:10DA0800003F000005F00130800F00BF00003C859A
:10DA18004830C30248318100003440104833810047
:10DA28000030800F833A6F124831C1020330C08240
:10DA38003DA5C7F60130800F003F000005F001301A
:10DA4800800F00BF00004830C0024A24C070483030
:10DA580080008A210A044830C0023B66492000053C
:10DA6800482080001FA5C34013002C76A820000280
:10DA78000410010407318100041B50000736807030
:10DA8800803F00000730800F72BF22B08E098FFDE3
:10DA980002360070803F00007E1D1810AA0CEFFFB0
:10DAA800C140C6C6F2C3A4C1D4691E6670BE504246
:10DAB8002845104080C010DAC1410A21C0210A253A
:10DAC80080210A2440210A230021B609AFEB6847C8
:10DAD8002F0DA314926D15200223A1414A24007131
:10DAE80080C04843A8204002608004130814013015
:10DAF800C3100418D0002471E509A28410E2330B86
:10DB0800E223346F0271E14270B94A24007180C087
:10DB18000A234010A8204002608004130814013032
:10DB2800C3100418D000727210E14471AFF64A2491
:10DB3800007180C00A234004A820C0032080041676
:10DB48000B140031020502338110041890000031D3
:10DB58004100041B50003F0DA314152002234A2442
:10DB6800007140240B3022410A248010A820C003F1
:10DB780004130314041400140230C0006081003040
:10DB880000000133000004191000A571D30DA29400
:10DB980010E2450BE223146F0020102042201024CD
:10DBA8004A24007180C30A440A214004A820C00303
:10DBB8000413020404140014023080004081003071
:10DBC8000000013200000419100072774020102470
:10DBD800E571A8F64A240071A820C001264000304B
:10DBE800400504191020D2C7E4C249684F7D9F251B
:10DBF8000213CB44A000CC492043BA64D1825424F8
:10DC0800821A5965426E40B10F78C34413006056BA
:10DC1800360EEFF74C74C4C60F78C100AFF72C70FE
:10DC2800F1C004770F781D58D1C0E07EC5000FF70A
:10DC380005E83F108000216802F02C70E07F307802
:10DC4800E2C208453D5806E83F1080000471C2C68C
:10DC58008C2503980C7088F7A1403D580041960820
:10DC68002FF7A140C2C6E078F1C0A1C104772042D5
:10DC78000F7880C1001C0130215800C11470CA21DE
:10DC880021008774D1C0E07F2040E078C341A00024
:10DC98002086E07F00A1E078E6C20845028144853D
:10DCA80082850030830F4C3DD0CC0032800F733F0B
:10DCB80033330130C00063850130820F7AC400001D
:10DCC80004A5BFBA00810332808F3742868C418118
:10DCD80002A502300F0301810232CE00BFBFBFBED2
:10DCE80003A585F7FE0C2FEFA140048D01378213A1
:10DCF8003308B000CD704B085000A7081100148DF0
:10DD08000332808FF4415DBB04710F784920810C88
:10DD18008E002C0034AD8508940C041D4310D4AD3E
:10DD28003FF0178D04710F793109F40217AD198D81
:10DD380069089501C4ADD7ADD9AD81DE31F0158D37
:10DD48000332808FF4415DBB416855ADD0F6188D24
:10DD5800D6AD047118AD1FF00332808FF4415DBB5E
:10DD68003E000C00198D047119AD1BF0168D04715D
:10DD78000F792309B40116AD188D1508F402A140D6
:10DD8800041D8310D5ADD8ADD6AD0BF0560C0FEFF2
:10DD9800558D4F78E5E085F74A0C2FEFA140C1403B
:10DDA800C6C6E07800420280033040800C70E02054
:10DDB800CE07038203304080CAF74482C340404004
:10DDC800000003324080E07FD020AE057FD8E07F9E
:10DDD80017B8E078E8C382240C375040084787C05A
:10DDE8008A220C009A0E6FEB284500874024833363
:10DDF8004024043540240536402406344024C733E3
:10DE0800A1410242A60AAFF20E1C033105C5790DE5
:10DE180011100F148E30AD700C7004F08A253E1668
:10DE2800B2E80E148130CF785D0904002308300170
:10DE380084C12908B00084C13708F00084C13B08B8
:10DE4800710087C0BE0C6FF484C104AF15F0B60C26
:10DE58006FF487C015AF11F087C0AA0C2FF880C2E5
:10DE680001C100C202C023A742A704A705F0960C6F
:10DE78006FF487C014AF04C01270A407EDFF0C71D3
:10DE8800C571CCF1A140C8C7F2C3ACC117C7504592
:10DE9800304208462C7024DAE140E8450A20802107
:10DEA8000A2140210A2300211A0C6FF97044048EBC
:10DEB80013083F0014DA15087F0080C014DA6241A5
:10DEC80007F080C0A24105F080C014DA8241B20D8B
:10DED8004FEB04C1D20EEFFFC14044C080C03E0BDF
:10DEE800EFF188C188C04E0BEFF185C1048E23087D
:10DEF8003F014A2440712B087F014A2440713308AE
:10DF0800BF0180C114DA7A0D6FEBA14021F0A14066
:10DF1800A8208001041501240418500014F0A14021
:10DF2800A820800104140124041850000CF04A248D
:10DF38004071A1410A20C004A820800104100204F5
:10DF4800041990002485620EEFFFC14004A518C192
:10DF58004A2440710A204003A820800104100204CA
:10DF6800041F9010158E4A2440710AE8A8208001E9
:10DF7800041300240419100011000000A8208001D7
:10DF8800041500140419100004C24A24C0704A2061
:10DF9800000085C30C198020A8208004014B15219E
:10DFA8000C2020A400318B0F7AC40000F0220C2032
:10DFB8001520012004710134CC1280A10C18802096
:10DFC800D2C7E078E07EE078E8C3A2C108460080C6
:10DFD80060444024C33040240531402486304847FB
:10DFE80028452609AFF2031C03310214803040266D
:10DFF800101220F0170810011708B00081C31F087D
:10E00800D00027085100048E0AF0158E08F002404F
:10E01800A1410E0B2FF8E14207F0148E81C3A141F4
:10E02800EE0A6FF4E142021480300471021C0230DF
:10E03800031481300F78C109058001C0412801020D
:10E0480000AD21ADC8C7E078E8C3A1C1484728455D
:10E058002C7010DA60400A2000216A0A6FF96846BD
:10E06800B570AD7027F24A24C070C34013006876BB
:10E0780040244130A82000020410020438278210EE
:10E0880001199200A20A2FF64024403004E8AD712D
:10E09800A0AE11F0130F101F150FD01E170F911BF4
:10E0A800001E831006F0001E031104F0001EC310AA
:10E0B800AD7100184023C8C7F1C0A3C100806044F7
:10E0C8004024C330402405314024C6323A08AFF218
:10E0D800031C033001C0A3C0D1C0E07EF1C00041E1
:10E0E800A60860040C704A24C07040210202C34094
:10E0F80013005C7604194300A8208001041003046F
:10E10800041AD000D1C0E07F141905004A24C07059
:10E11800402002020A21800F13005C760418430095
:10E12800A820800104110304041AD000E07F141809
:10E138000500E078E07EE078F1C0A4C100804024CA
:10E1480083314024043040240533402406324024DF
:10E15800C7315A0F6FF2061C033000C0A4C0D1C0EB
:10E16800E07EE078E07EE078E6C034108C00552050
:10E178008D0E0AEA0D0CD110408D210AB500C96A2E
:10E18800CD700CF0408DEA108E0044714F7F0D0F5A
:10E198008513484640AD03F0C0ADE910820006E99A
:10E1A8001D0AB500AD700DF0EA108D00216A2F7AB6
:10E1B8000F0A45032845E918420005F0A96AE9183D
:10E1C8004203EA108B00CF792909C5020D0CD11042
:10E1D800EB1082001D098500AF7A230AC5022D0CB9
:10E1E800B4102C71EB108100130A6500296C0EF035
:10E1F800216C2F7A0D0B840008F0110BF5002C729E
:10E208003418C200604104F0341842002F7919090B
:10E218000503110C9010110CD110E8180300C6C4A6
:10E22800E8180500C6C4E078ECC3A1C155204E0922
:10E238000845FC8003864A24C07050402042704242
:10E248002C705041A820400304120B044024433092
:10E258003C630333009024716F230B0060AC760F8E
:10E26800AFF34024403033E86486FD854A24C0700B
:10E278000C702241A820400304110B0440244230B2
:10E288001C620333C09004716F220B0040AC460F30
:10E29800AFF3402440301BE84586FE854A24C07011
:10E2A8004A200000A820400304110C2440244130D7
:10E2B8001B610334809004716F210B0020AB160F93
:10E2C800AFF34024403003E8FF85418616867D85FC
:10E2D80002378110003041001786013241005C8509
:10E2E8000030CC000337409021A6CA21C503033172
:10E2F80000834843D0F69E8500300B030331C0826B
:10E308006843CAF67F8589430030C0000331008026
:10E31800C2F66843028607368170803F00000730E6
:10E3280080000130800F803F000003304080CA2108
:10E33800050007364270803F0000614020A67FD963
:10E3480017B90332C082CA2089000018002002864B
:10E358000133001003304080CA2049000330408058
:10E3680002A605F4001AC320CCC70330808F003FF3
:10E37800000045F6001A4320CCC7001A8320CCC7FA
:10E38800EAC382240C385040084588C08A220C0011
:10E39800EE086FEB28460085402483304024043281
:10E3A80040240537402406314024C730C141024289
:10E3B800FA0C6FF2021C033302C6D57079F4031409
:10E3C8008F3055251118CD700C7004F08A263E1632
:10E3D800DF083100EF7802148130D7092400047770
:10E3E800C1081503252000000CF013F017F01DF0EC
:10E3F80021F027F02BF031F03AF041F046F04DF0E3
:10E4080088C00E0CAFF581C1901D04104AF088C079
:10E41800F60CAFF681C10CA544F088C0EA0CAFF643
:10E4280081C114A53EF088C0DE0CAFF681C115A5E8
:10E4380038F088C0D20CAFF681C118A532F088C078
:10E44800C60CAFF681C119A52CF088C0BA0CAFF67E
:10E4580081C11AA526F088C081C1760A600583C2E9
:10E4680083C110DA1A086FEB22401CF088C09A0C9E
:10E47800AFF681C1AC1D001014F088C0860E2FF4D1
:10E4880081C16D1D02100EF088C07E0CAFF681C1EF
:10E49800CC1D001006F088C06E0CAFF681C10BA52C
:10E4A80001C012702807EDFF0C71E5718EF1C140B3
:10E4B800CAC7E078EEC3ADC1A8470A2100213040A1
:10E4C8000845130AFE01001D03000C714678361D2D
:10E4D80002100F0BFE010C716678351D0210784D85
:10E4E8004024C2328AC3620B6FFE02413615801087
:10E4F80008E83515801006E80B1480306E7103E8C3
:10E508006E7040250E1787C1C140DA08AFF4402469
:10E5180012374A24C07040244136A82080030412D0
:10E5280002240C700332808F00470000CA20690063
:10E5380001191200220EAFF34024403607E80C7090
:10E5480002A601A600A6341D02107670F3F28AC155
:10E5580081C240248332A140D20CEFFF4024123AFA
:10E568004A24C0700C70A820800315250110F020E3
:10E57800032021811522022004710233410020A2C8
:10E5880001C44A24C070046D8AC2A8200003041282
:10E598000104608000344110013341000418500028
:10E5A80054952A15801004710F7950718601250041
:10E5B8002A1D02104A24C0702C702A1D4210A8205F
:10E5C800400315254010448001808AC3357B023002
:10E5D8008000247100A38AC087C10A08AFF44024D0
:10E5E80010373F8501C04A24C0704C700730410085
:10E5F8000C85031C8230021C823000310C00A820DC
:10E60800C00304100324402441360C7003330083F4
:10E6180059614471CA206A0000A93E0DAFF3402435
:10E628004036F10830004C70B01500108B854A2434
:10E63800C0700130810F803F00000A20800F204108
:10E64800000003310080CA20450040240B37B01D6C
:10E658000010A820C00304130814402443362C706B
:10E66800033000935B634471CA21690020AB07360D
:10E678001270803F0000C340CC3ECDCC033200A0D6
:10E68800CA220520D20CAFF340244036C908300016
:10E698008AC2860AAFF58AC06B854A24C07087C1D2
:10E6A80040240B3383C2A820C002041100040333A2
:10E6B8000080CA20C500041A10004A24C070284DE2
:10E6C8008AC20A200020A8200004041201040413AE
:10E6D8000C146080003241200031010301334100F5
:10E6E80004185000402481304024C230C60C200059
:10E6F800A1404A24C070A820C001041000240818B2
:10E708000020031482300214813080D800AF03F057
:10E718002C700A14833034159010520AEFFFA14070
:10E72800341580100B080020008F87B800AF2A1D11
:10E7380003104A24C0700A204004A820C00104160F
:10E7480001140418500034158010483000000C19CA
:10E758000020CEC74A24C070284D0A200020A820D7
:10E76800000304120104608000324120013341009B
:10E7780004185000B8F1E078E07EE078E8C3A2C160
:10E788000846008060444024C330402405314024BA
:10E7980086304847284572096FF2031C0333021478
:10E7A80080305526101846F07F08150325200000F4
:10E7B8000CF014F014F016F016F018F018F01AF027
:10E7C8001FF022F028F02BF09016001181C3A14110
:10E7D8005208AFF5E14229F00C8622F0148620F0A9
:10E7E80015861EF018861CF019861AF01A8618F07D
:10E7F80081C30240A141F60E2005E14215F0AC1696
:10E8080000100EF06D16801081C3A141020B2FF489
:10E81800E1420BF0CC16001002F00B8681C3A14137
:10E828000209AFF6E142021480300471021C023082
:10E83800031481300F7875092580047701C04128B9
:10E84800010200AD21ADC8C7E8C3A1C150402845A9
:10E858002C7010DA604088476A0A2FF96846B5704C
:10E86800AD702EF44A240071C342130074760C7004
:10E87800A82080020412030480C11C61047138209E
:10E88800C12020AC720D6FF480C01AE80CDD001EA8
:10E898004310011E8310021E0311031EC311041E20
:10E8A8000312051E4312061E8312071EC312091EF9
:10E8B80043130A1E83130B1EC313A8AEA0A7C8C711
:10E8C800F2C3A2C110451015002460444024C3308F
:10E8D8004024053140248630484530442A086FF2E8
:10E8E800031CC333021480305525CE2C55250F2C1C
:10E8F8005525102B5525512A42251223402513232F
:10E9080053F09D08D5032520000010F011F014F0F5
:10E9180015F018F019F01CF01DF020F021F024F08B
:10E9280025F02CF02DF035F081C3624021F024153C
:10E93800802029F01A15802025F081C3424019F063
:10E94800251580201FF0261580201DF08C1500202D
:10E9580021F081C3A2400DF081C3224009F081C398
:10E96800024007F081C3E14003F081C3C140824106
:10E978001E0AAFF6A14214F0D815802003F0D9156D
:10E98800802081C382418A092FF4A14208F0A01592
:10E99800002081C382418E0F6FF6A142021480309D
:10E9A8000471021C0230031481300F785709258046
:10E9B800047701C041280102001C0220011C4220EA
:10E9C800D2C7E078E2C208450C70F20FE003A1411B
:10E9D8000A0B6002A140C2C601034002E07EE07853
:10E9E800F0C382240C375044084587C08A220C00A3
:10E9F8008E0A2FEB284600854024833340240435B3
:10EA080040240536402406344024C733C14182429D
:10EA18009A0E2FF20E1CC333141411303670C7F43B
:10EA28000F14903055254E1B55250F1C5525121DCA
:10EA38005525D31D2E700C7003F08A213E261470C4
:10EA4800B5F40E1481302F20070430705E012D00BC
:10EA580004778EE048010D00252000000FF052F0E9
:10EA680019F057F01EF061F066F06DF077F021F0C4
:10EA780081F02BF038F08EF03DF087C084C1F608A5
:10EA8800AFF680C201C100C202C028A547A509A5EA
:10EA980086F087C06E082FF484C12A1D021080F00A
:10EAA80087C062082FF484C1351D021078F087C032
:10EAB80084C1C208AFF680C201C100C202C021A74A
:10EAC80040A702A76CF087C084C1AA08AFF680C22D
:10EAD80001C100C202C0041B4020001B8020081B8B
:10EAE80000205EF087C01E082FF484C1E81D0210C4
:10EAF80056F087C0120E6FF684C1B01D001050F09A
:10EB080087C002082FF484C1341D021048F087C062
:10EB180084C16208AFF680C201C100C202C022A54A
:10EB280041A503A53CF087C0DA0FEFF384C1361D79
:10EB3800021036F087C0D20D6FF684C19C1D0010FC
:10EB48002EF087C084C12E08AFF680C201C100C272
:10EB580002C025A544A506A522F087C084C11608D1
:10EB6800AFF680C201C100C202C021A640A602A61B
:10EB780016F087C084C1FE0F6FF680C201C100C2C3
:10EB880002C0041A4020001A8020081A002008F049
:10EB980087C0720FEFF384C1E91D021004C09270A0
:10EBA8009A06EDFF0C71067147F12240D0C7E07854
:10EBB800E6C06D7000465520CF0C0C716147001AF5
:10EBC800C2022FF055254C1B6485C38455250D1CA6
:10EBD80003338083C941CDF660A5A0870035881F1F
:10EBE80000C000000133030260A400AA18F0C0842A
:10EBF80003338083C9404BF760A4808701340C132A
:10EC08000133030360A500AA0AF060870133C3003B
:10EC18000131CD100230C310AAA467A4E471A90F72
:10EC2800F4801526CD010019C20227F06482DC1297
:10EC38000C005522CE0D55220D0D03330083CEF660
:10EC480060A6808700348C1F80C000000133030356
:10EC5800D01AC00000A964824085033380804CF735
:10EC680060A540870032820F804000000133820097
:10EC780040A600A96571B90BF4901526C202C6C456
:10EC8800E8C3084558804831000007360F704847E8
:10EC9800000002368070803F00000736CE73C841FE
:10ECA80000001A092FFDA7C1720FEFFC00360010F3
:10ECB8000737821FC8410000901501110236037002
:10ECC800803F00004831010077A5003240002C70D9
:10ECD80003304080C6F60130800F003F000006F088
:10ECE8000130800F00BF00004830C00214B5003664
:10ECF800801F24BDCAA5260FCFFC02360070803FB6
:10ED080000004A240071EC1D00105525021840240B
:10ED1800103383C0A8208002041201040236417017
:10ED2800803F000004185000020BE00383C0ED7020
:10ED38000640EA0EEFFC0036001040274F10F50F92
:10ED48003291041810204A2400715425021E83C1F0
:10ED5800A82080020411000402360070803F0000E1
:10ED6800041A10001F855D8578150110AC150C106C
:10ED78004A24C07042C05525031A80C041C140C210
:10ED8800A82000020410010407344110041B50009D
:10ED98002A1D0310361D4310351D4310C8C7E078DF
:10EDA800E4C208455F20020FC340A000704CC34175
:10EDB800F0002C015E600019410067861CEB002200
:10EDC800820FA000A94CC340F0000000001A030005
:10EDD800B578CB44A0001442289013884084C5B865
:10EDE800027926A606EA607AA14086E86786268622
:10EDF8000709C500C4C600160270A000E841201E1D
:10EE0800011005EA607AA140C4C60F0DF110A140B7
:10EE1800BA088FEAC4C6DE0A4FEAC4C6E6C2084783
:10EE28005F270E1FC340F0002C01CB45A000A04C6B
:10EE380000184100D865560EEFFA09180300C340C0
:10EE4800A0001442408006EAA166607AE14084E8A6
:10EE58000C708B58C6C6E078ECC2CB47A0008CE893
:10EE6800167F08450087F0265273F000E802CB466B
:10EE7800F00000001040B57E1CE80C71001F011066
:10EE88000A0EEFFA002851035F2500150020800FB5
:10EE9800A00010518A0C6FF6AB219A20131691101E
:10EEA8002187489623200004A1405321512105F0D1
:10EEB800138E532051010422802F010000000521E8
:10EEC8003EA009F2C340A000FC41208003E960791C
:10EED800A140C340F0002C0100184100CCC6E078E6
:10EEE800EAC2104015260070F000E8024A100F86AA
:10EEF800CB46A0008CE816260E1400101100A08640
:10EF0800412F01165321408106F21AED2186104F38
:10EF1800107A14F014ED5F2000252C7100290104EB
:10EF28000020800FA0001051F60B6FF6AB219A005D
:10EF38002186001E0110F07A607D024013091E240C
:10EF4800C340A000FC41208003E960790240C3402F
:10EF5800F0002C0100184100CAC6E078E4C2E1C400
:10EF6800FC1CC8B2FC1C88B2FC1C48B2FC1C08B2D1
:10EF7800FC1CC8B1FC1C88B1FC1C48B1FC1C08B1C5
:10EF8800E1C3E1C2E1C1E1C0FC1C88B76A25C01039
:10EF9800E1C56A258010E1C5FC1C08BFA1C1C340BA
:10EFA800F000440100180102160D0FFB147143F222
:10EFB800CB45A000A86DCD70A140001C01302F26C4
:10EFC8000C102F2188830CF2C340A00030860080EB
:10EFD8004C716C70360C2FFB402404300426819F42
:10EFE800FF0000000BF2C340A000148600804C71A3
:10EFF8006C701A0C2FFB402404300426819F000FEC
:10F0080000000AF2028508E84C716C70FE0B2FFBB9
:10F01800402404306C26C19609F2018507E84C713A
:10F028006C70EA0B2FFB4024043000C003E8D60CB8
:10F038004FFC8774C1C50A244073C1C56B25801075
:10F04800C1C56B25C01004141E34C1C0C1C1C1C2E2
:10F05800C1C3041404340414053404140634041419
:10F068000734041408340414093404140A34041446
:10F078000B34C1C4C4C26F243F00E078C100CFFB89
:10F08800E2C20F7DBA0A6FEAA1401A0F6FF0A140E1
:10F09800C2C6E07839044FEA75044FEA15034FEA0F
:10F0A800001E0070A0002886E07EE078E8C3822475
:10F0B8000C345040084784C08A220C00C20BEFEA87
:10F0C80028450087402483304024043240240533F7
:10F0D800402406314024C730A1410242CE0FEFF14F
:10F0E800021C433102C57D0D111003148E30AD7022
:10F0F8000C7004F08A253E16B4E802148130CF78EB
:10F108006109240004774F0855012520000006F006
:10F118000AF010F014F01AF084C05208EFF881C118
:10F1280002A719F084C0E20F2FF681C104A713F0DB
:10F1380084C0D60F2FF681C105A70DF084C0CA0F71
:10F148002FF681C10AA707F084C02208EFF881C111
:10F1580003A701C01270A007EDFF0C71C571CAF1B9
:10F16800A140C8C7E4C3A7C108450488284614E8D5
:10F178004A24C070B84DC140A82080010410020480
:10F1880004199000C3408C420000241D0110041D86
:10F1980003100AA54A24C0700C7084C4A820000378
:10F1A80015250110034E268115240210047102331F
:10F1B800410020A284C02E0C2FF481C14A24C070C3
:10F1C80040250016A82080010416011404185000D8
:10F1D8008A854A24C07081C140244230A820C002D8
:10F1E800041103040C7003330083CA206900011A58
:10F1F800120066096FF340244030402503190DE8DA
:10F2080029854585C3400100805124711508640093
:10F218004AA520A308F004852C7029A50AA504F0A6
:10F2280000A30041038510710C70C4F700A381D8B6
:10F23800C4C7E078E07EE078E6C3A2C10846008053
:10F2480060444024C3304024053140248630484778
:10F258002845B60EEFF1031C43310214803023F029
:10F26800390855012520000005F007F007F009F0DE
:10F278000EF002860DF0048604F0058602F00A8678
:10F2880081C3A1419E0E2FF6E14208F0038681C397
:10F29800A141F60EAFF8E142021480300471021C5D
:10F2A8000230031481300F78B9092580047701C032
:10F2B8004128010200AD21ADC6C7E078E2C22C703A
:10F2C80010DA6040FE0FAFF88845001D0110C2C675
:10F2D800E6C3A2C108461816001460444024C3308F
:10F2E8004024053140248630484728451A0EEFF15E
:10F2F800031C83300214803017F01B08B00081C350
:10F308001D08710081C3C140A14186086FF6E14222
:10F3180006F00386A141720EAFF8E1420214803074
:10F328000471021C0230031481300F78CF09058064
:10F3380001C04128010200AD21ADC6C7E2C208459F
:10F348000C70960EA003A141420B2002A140C2C638
:10F3580039030002E07EE078EAC382240C39504188
:10F36800084589C08A220C001609EFEA284600855C
:10F378004024C3344024043740240538402406334D
:10F388004024C736C1412242220DEFF1131C8330BD
:10F398001C141030630811201B148F300E700C7071
:10F3A80003F08A203E26A9E813148130EF784B0930
:10F3B80004002508700083C13108B10089C103C663
:10F3C80085C0D961BA08EFEA4C7405C1046E43C020
:10F3D80029A50CF089C09E0F2FF680C201C100C27A
:10F3E80002C027A546A508A503C03270B607EDFFE1
:10F3F8000C71E571D5F10240CAC7E07848310100C7
:10F4080007364270484700002C7003324080C7F628
:10F418000132810F003F000005F00132810F00BF6B
:10F4280000004831C10204184300483181004831C6
:10F43800C1023579E07F23A0E2C3A3C12042084579
:10F4480080C1A2092FF4404000C381C14A200000B6
:10F458000411020404710332C080F908B280CA237F
:10F46800890026858A204C071A6503334080D1F726
:10F4780004850333008042002E00A1410585033333
:10F4880000805A002E006D741412C00034F0A1419F
:10F4980080210C07008961896D718968096B8D7BF2
:10F4A8000D7C88233E028C243E924C002A0060A9E1
:10F4B80088D90C712EF080210C07008961896D7242
:10F4C8008968096B8D7B0D7C88233E028C243E92D3
:10F4D80060A952F688D90C721CF0A14180210C0752
:10F4E80001891411C3006D7304770D7C8C243E923E
:10F4F80060A98EF600AA2F2605F0200023000C74C0
:10F5080080250C170015C310614005F088D90C73CD
:10F5180020AA090B12000C73C2C7E078F2C3822438
:10F528000C3D5042104155208D0E8DC08A220C0092
:10F538004E0FAFEA28462640402483334024043542
:10F548004024053C402406344024C733C14142428C
:10F558005A0BEFF10E1C433505C014701C02220033
:10F568008A2404270F148E308A23042D8A20052329
:10F578008A27051F562115280024542400235324C4
:10F588000020502422770E148130CF783070DE01AD
:10F598002D008A210800047794E0C2010D0025207F
:10F5A800000016F01AF020F024F02AF02EF034F0C3
:10F5B8003DF043F04CF057F060F06FF07CF087F0CE
:10F5C8008CF09BF0A0F0A7F0B4F0C3F08DC0460813
:10F5D8002FEE84C100A5C3F08DC03A082FEE84C178
:10F5E80001A5BDF08DC0220B2FF684C102A5B7F08E
:10F5F8008DC0160B2FF684C103A5B1F08DC00A0B80
:10F608002FF684C104A5ABF08DC00A082FEE84C183
:10F6180005A5A5F08DC084C1820C6FF986C286C18C
:10F6280018DA5E0EAFEAA24099F08DC0DA0A2FF61A
:10F6380084C10CA593F08DC084C1620C6FF986C299
:10F6480086C118DA3A0EAFEA824089F08DC084C1CB
:10F658004A0C6FF986C286C118DA260EAFEA6240F4
:10F668007DF08DC084C1360C6FF986C286C118DA68
:10F678000E0EAFEA024073F08DC084C1860C6FF79E
:10F6880080C201C100C202C05A19582059199820D5
:10F698005B19182063F08DC084C16A0C6FF780C2B3
:10F6A80001C100C202C05D1958205C1998205E197A
:10F6B800182055F08DC084C1E20B6FF986C286C14F
:10F6C80018DABE0DAFEAE14049F08DC03A0A2FF6CC
:10F6D80084C1AC1D001043F08DC084C1260C6FF7A7
:10F6E80080C201C100C202C067195820661998205B
:10F6F8006819182033F08DC01A0FEFED84C1BC1DB6
:10F7080000102DF08DC00E0FEFED84C1C01D00104C
:10F7180025F08DC084C15E0C2FF680C201C100C2E5
:10F7280002C06C1958206B1998206D19182017F011
:10F738008DC084C13E0C2FF680C201C100C202C038
:10F748006F1958206E1998207019182007F08DC06D
:10F75800C20EEFED84C1DC1D001004C052702A06F1
:10F76800EEFFC5718A203E06D2C7C3421300F47665
:10F778003E09200222400C70D2C7E078F0C3ADC128
:10F78800084604888A250C190A2180210A2240216A
:10F7980070445040304300268F1F0000D401DD65BF
:10F7A80007E8008D05E8C1407A0C600062414A24F0
:10F7B800C0706D704024093B402408304A20000086
:10F7C800001D4310041EC212A8204007F02001208B
:10F7D8000031810F7A3D00000331C082C6F6013145
:10F7E800830F003F000006F00131830F00BF0000C7
:10F7F8004833C30214210C1015200210047120A2F2
:10F8080060B48A25091FDD652C718BC2720B6FF1FC
:10F81800A1403D0C31200E7080C1220CEFFFC14089
:10F828004A24C070004388C0A82080020413012421
:10F838000031810FCC3DCDCC041850008A220C0138
:10F84800DA6288C10A0F2000C1401040591701161A
:10F8580017E9C14080200B04008893E88BC2A140BF
:10F868009E0B6FF14024133B4A24C07080C0A8202F
:10F8780040020213412548318100041850005817EE
:10F8880000168A250C11DD650030820F74490024AA
:10F8980080C1C3432B3277CC40240434A140F60DF9
:10F8A8002FF14024133084C110DAD60BAFEAA140FF
:10F8B80084C19E0C2FF1A14084C110DAC20BAFEABB
:10F8C800A1404024C1334024823396082000C1401F
:10F8D800001903200E148030052010202F2607F46D
:10F8E80004F280D8001902202187408702874A2421
:10F8F800C07041C1424140C242C0A820C0020413A6
:10F9080000240030800F20410000041910000F145B
:10F918008030483000000C1A0020D0C700418021F8
:10F928004C05E07F0089E078A3C14A24C07080C2FA
:10F93800A820C00104100104BFB9041A500000C077
:10F9480081C22C7004120304247103330080F90966
:10F95800B280CA20C900E07FA3C0E078E8C382244F
:10F96800023A4847284608455620010F86C090DAD3
:10F978000E0BAFEA402410364A24807180C0A820BC
:10F98800C0011C1001240418500003C184C24A207D
:10F99800000004120304047103334080F708B280A6
:10F9A800CA21C900C01500100331008044F7001EA9
:10F9B800C31011F0BC1500100331008044F7001E7D
:10F9C800831009F0B8150010033100806F200B0078
:10F9D80000AE8A204C05B86000880B089101001E13
:10F9E8000310001F031080250C15208D008E0F08B2
:10F9F8004000001F4310008E00ADC8C7FAC2FC1CAF
:10FA0800C8B6A2C11041008060444024C3304024DD
:10FA18000531402486305042304055218D2EEA0E63
:10FA2800AFF1031C4335021481308A2604178A2754
:10FA3800061B8A20050F8A2205098A2305038A24C2
:10FA4800041D5621D72D5621D82C5621992B5621E5
:10FA58001B2800211620002194200021D5200021F8
:10FA68001323227622776DF0CD0855052520000056
:10FA780015F017F017F019F019F01BF01BF01EF035
:10FA88001EF021F022F025F026F029F02EF036F0B5
:10FA98003BF03EF03FF042F047F0008547F001852B
:10FAA80045F0028524F0038522F0048520F00585C1
:10FAB8003DF081C3634015F00C851AF081C3C14045
:10FAC8000FF081C362400DF081C3A24009F081C3E9
:10FAD800824016F081C3234012F081C3C240024124
:10FAE800D60F2FF9424228F0AC15001081C302410D
:10FAF800320EEFF5424220F081C303400241220852
:10FB08006FF7424218F0BC15001011F0C015001034
:10FB18000DF081C3E14004F081C3E2400241720864
:10FB28002FF6424208F0DC15001081C30241020B97
:10FB3800EFED4242021480302168021C4230031467
:10FB480080302F7925086580096901C041280102A4
:10FB58000018022001184220A2C004141B34DAC67F
:10FB6800E8C3A1C14845284660402C7010DA884790
:10FB7800520F6FF87040D570CD7008F2470D91198B
:10FB880000188321CD711FF04A240071C34213006D
:10FB9800E4760C70A82080020412030480C11C6162
:10FBA80004713825C11020AC4E0AEFF380C00BE871
:10FBB800CD7400184320011883200218432103182C
:10FBC800C321C0A7C8C7E078F2C3A2C10845008016
:10FBD80060444024C33040240531402486305045D9
:10FBE8002846260DAFF1031CC331021480308A2148
:10FBF8000C298A208C258A274C158A220C218A21D7
:10FC0800090C5625141F5625531E00215123002088
:10FC18005023BF67002252233D653FF07108D5018C
:10FC28002520000007F01EF00CF013F018F021F06A
:10FC380027F081C36240C141AE0F6FF9A24228F09C
:10FC480081C3A140C1414A0FEFF5A24220F081C310
:10FC58004240C141BE0BEFF8A2421AF0008F0BF0F0
:10FC680081C38240C141260DEFF9A24210F0001075
:10FC7800802081C3C1419A0E6FF3A24208F000119F
:10FC8800802081C3C141B60AAFF8A2420214803075
:10FC98000471021C0230031481300F788109258019
:10FCA800047701C04128010200AE21AED2C7E07836
:10FCB800E2C208450C703A0D6003A141FA09E0015F
:10FCC800A140C2C6EEC382240735504128461040E1
:10FCD8005624803D2C7024DAA8450A23002170425E
:10FCE800E20D6FF856248F3D4A24C070A820800189
:10FCF80004150014101F10108D700A2140146C7028
:10FD08000A2080144C705A2280014A24807156249B
:10FD18004D3B7860157D0A23001221410C7080A5A7
:10FD2800A82080020C130714181106040036C60117
:10FD38000130800144710574CF0AF28000A5647116
:10FD4800C10BB28125745524C83F5524C93F0A26E2
:10FD5800800415201E134C7022430C704A248071B5
:10FD68001420010015264D300A27800168432C70A5
:10FD7800001D8010A8208002041305140C17040429
:10FD88000034440101310101047118E3D108B28142
:10FD980020A50A2480044A2480716D702141804086
:10FDA800A82080020C1007040C1103040033C301BF
:10FDB8000133CB10142280005624813D98600149FC
:10FDC8000024833F00004401447101334110157B36
:10FDD8008474C70AF28020A385712574770CF29089
:10FDE800C4745624403B0024813F0000440155243C
:10FDF800423B420D6FF855244D3B2C704A24C0708D
:10FE0800A14262404A230000A820800204100B048B
:10FE180018120C040034CC1201330303204E1520B1
:10FE28004220247101330000A574D509B281721AE9
:10FE38001800552400392C7024DA8A0C6FF85524E0
:10FE48000D394A248071A8204001071D5310AD7058
:10FE58005524483B4A468D704A24C0700141C14030
:10FE68006D70A820C00204100304181102040032A7
:10FE7800C20001338B105A24801155240139857131
:10FE8800BA6033218000402407300CE648308000F7
:10FE98000230C10215278000C10CB29120A0A571C3
:10FEA800B50DB2910574AC704C70152084202243B6
:10FEB8002C705A2180014A2480710A23C01115240C
:10FEC800080068440C7078185811A82040030414DE
:10FED80006141813091400318911013040027818EA
:10FEE80018102471CF09B28118E34471BF0AB28196
:10FEF800E474CEC7E6C3822402344A2480710845DC
:10FF08000A2780105620400EA82080010411020400
:10FF18000418900080C02C7090DAAA0B6FF880C685
:10FF28004A248071A8208001041700141C1E101098
:10FF38005625001F80C14A0D6FEA90DA0C709C1D8F
:10FF480018109D1D18109E1D1810C6C7F0C3BCC1FF
:10FF58008A214C253042ED70104000208D0F0000A2
:10FF6800BC020021112099C1424068465043331C0D
:10FF7800C233720EAFF35424943C4A24C0700C7000
:10FF8800A820C00415200320F0240120D813030062
:10FF98000024823F000061001A620331C0800471AE
:10FFA8006F210B0020AA0024803F00006100260A70
:10FFB800CFF20011812029E86109D50125204000F0
:10FFC80007F02CF02DF02AF046F059F065F017856F
:10FFD8003F8541684508620057A584150296851536
:10FFE80001968615009649C24AC14BC04020022896
:08FFF80086C1024000198320BC
:020000040803EF
:10000000F7A548C747C7FA0EEFFF46C70AF00F0922
:10001000700180208C2500184220F7A5001943218B
:1000200033148030D0C717855424043C4024C53C89
:10003000047117A50240424162425A092000C1439F
:100040005424C13B98C22209EFFF02405E14803065
:10005000AD08D10000190321F7A5E4F10024843F85
:1000600000005F004024C53C024042416242260934
:100070002000C1435F14803054E800198321F1A5AA
:10008000D0F11785398504719908628017A5802001
:100090008C2500108020F7A5FF1802A0C2F117855B
:1000A0004A24C070047117A54A200000A8208003CC
:1000B00015200120F02203209C11010699C2157A17
:1000C00002334100047120A26A08EFFF99C0318514
:1000D000E71193A0084601304000350BB52211A569
:1000E00040234020E71902A00F7815200020B41803
:1000F0009803E71193A0441512101EF03C85178554
:10010000210903800019C223F7A58CF146858A21B5
:100110000B060271023092008DC024DA6A0B6FEA7E
:10012000441D8014024080200B058DC128DA5A0B33
:100130006FEA56C67E150196483300200030400015
:10014000033200A048F7F1A5E719C2A3F7A50019EB
:10015000032168F13B8517853070C806CCFF8415F4
:100160000296851501968615009643C244C145C086
:100170004020022880C10240F1A5E719C2A3F7A5DB
:1001800042C741C77A0DEFFF40C7001983204AF1EB
:10019000F2C38224053A8A254C15CD700A244021E9
:1001A0000A210021704348433040104255204F0837
:1001B0001D65001D8203570B7100001C82034A2439
:1001C000C0700C70A8204004152202209C12030667
:1001D000F02001200024823F00005C01157A0231EA
:1001E000C100047120A20024803F00005C01460F82
:1001F0008FFF2C870330408068000C0000194320DB
:10020000098D147018020200E7F0424080208C072C
:10021000208803E9C0A85624C13961404209EFF0A3
:100220005624D5390C700024813F000014014A2463
:10023000C070A2430A224000A82080010C130C04C5
:10024000041A10030471A674E708F2800CE1430B52
:1002500030215422812A370BF1205422812D19F0AC
:1002600027158110498D3072700106000330808F90
:1002700020410000A8012C0044719F17011649ADD0
:10028000013040009F1F1810D2C74022012F552473
:10029000C03FF6096FEA18DA95C02C7090DA2E0884
:1002A0006FF85424953A4A2480715524C03FA82001
:1002B000C001041001041C1D50204A24007956225C
:1002C000012F95C0A8204002608004110204013271
:1002D000C200041890005622412E5524403EAA091F
:1002E0006FEA18DACC70C8434A24C0701423C012D5
:1002F00040204802A820C0053320870F13009076C5
:100300000024813F00001401034940240933483789
:10031000810015210C10152102120471057160A4D1
:1003200020A26571C50BD2902C704A2480711522D1
:100330008C215524423E21434A2000009C1C9813E6
:10034000A8208002041208040C130B0400330B12C3
:100350000130C002C4712574D30EF2809C1C1810A9
:100360004A24C070A820400415224020F0204320D9
:100370009C1000060024823F00005C01357A0233A5
:100380000000247100A2230B10210024803F0000F4
:100390005C01A20D8FFF2C8703304080C5F6008DD5
:1003A0006508B1006C714087218702876C7041C17C
:1003B00040C242C00019C2205524413E95C283C3A9
:1003C0000024843F00005C01402405300209EFFF57
:1003D0004240001C4320D2C71AF4483201000030CA
:1003E0004300013140009F17011602330C00033116
:1003F0000083D6F6013300000331008050F7016A14
:1004000009AD0BF1438724870587D3F1CB0985809C
:100410000330808F803F0000FE05C6FFC9AD9F1FDF
:100420009813D2C799028001E6C3A6C108458A2065
:1004300007051F65E1404E0A6FF828460330808F9C
:100440007A440000820026004A24C07083C383C01F
:10045000A8208002041601140031810FCC3DCDCCC0
:10046000041850004A24C07080C1A820C00204179C
:10047000021404130004023080000419100000C6A6
:1004800001C402C303C204C105C04A240071731D24
:1004900018139E1D1810721D9813741DD8109D1DE1
:1004A00058109C1D981080250C114A200000A8208F
:1004B00000033320810F13008476047148318100DA
:1004C000041D501004F05E0BA001A140C6C7E078E7
:1004D000E07EE078F4C382240F3550431042552467
:1004E000403D8A220C00A20F2FEA284546404024B6
:1004F0008333402404355524053D402406344024EC
:10050000C733A1416242AE0B6FF10E1CC33114140C
:10051000113036707EF40F1490308A240C218A2713
:100520000C198A268C158A254C155622562E5622D1
:10053000152F2E700C700024942442774276427559
:1005400064F00E148130CD0924000477AB08D50186
:100550002520000007F038F013F023F02DF040F0D4
:1005600045F05524403D84C16A0E2FF95524823B45
:100570005524813B18DA120F2FEAC2403DF0552472
:10058000403D84C1F60DAFF580C201C100C202C07A
:100590009D1A58209C1A98209E1A18202DF0552438
:1005A000403D84C15A0AAFF886C286C110DADA0E1D
:1005B0002FEA824021F05524403D520D2FF384C193
:1005C00000AD1BF05524403D84C1AE0BAFF98AC28B
:1005D0008AC190DAB20E2FEAA2400FF05524403DB6
:1005E0002A0D2FF384C100AE07F05524403D4A097F
:1005F0006FF884C100AF04C072700C7104F706710B
:100600000C7004F08A213E263B0830802F2007041E
:100610002240D4C7EAC3A6C1409200208D0F00003B
:10062000BC02104048320200BB15009607368270AB
:1006300048470000CB46C8410000483080008D701C
:100640004831030003328083CA26851000308003BE
:100650008A228C070030800F833A6F1202720330B7
:100660000083C7F60130800F003F000005F0013025
:10067000800F00BF0000BA1501960736D1704847B9
:100680000000483181004830C30200364010483332
:1006900081000030800F833A6F124831C10203306D
:1006A00000833CA5C6F60130800F003F000006F035
:1006B0000130800F00BF000007364C74803F0000FF
:1006C0008B1501964830C302483180000036001077
:1006D000483381006C704831C1023BA500340010E2
:1006E0009EA50030800F833A6F120330C080C7F69A
:1006F0000130810F003F000005F00130810F00BF85
:1007000000008C1500964831C1024830800032AAA2
:1007100000360010003400100030800F833A6F1252
:100720000330C080C6F60130810F003F000006F0A4
:100730000130810F00BF0000901500964831C102C2
:100740006C704830800033AA003100200030800FE8
:10075000833A6F120330C080C6F60130800F003F2D
:10076000000006F00130800F00BF00000815019066
:100770004830CC0260AA48318000FE1AC48000369E
:10078000001077A5483481100030800F833A6F1233
:100790004831C1020330C0803FA5C7F60130800F49
:1007A000003F000005F00130800F00BF000048301E
:1007B000C0026C704830800055208F2E0036811F9B
:1007C000CC3ECDCC4830C0020331C08019A5C7F65D
:1007D0000131800F003F000005F00131800F00BFA4
:1007E00000004830C1028A20090F02705A0CEFF055
:1007F0003EAA8A200B0502702C7029DACE0A2FF847
:10080000C018192040200022E0DA7E0C2FEAE141D6
:100810008A210407027180C018DA6E0C2FEA80C7A3
:100820004A2480714020012FA8208004041700145E
:100830000030800FC8410000073080030030800F77
:10084000C842000007304004041910008A21040D3A
:10085000027180C018DA320C2FEA80C74A248071F6
:100860005420812AA8208004041700140030800F2F
:10087000C8410000073080030030800FC8420000EC
:1008800007304004041910008A210503027180C05A
:1008900018DAF60B2FEA80C74A2480715420812D84
:1008A000A8208004041700140030800FC841000005
:1008B000073080030030800FC8420000073040043A
:1008C00004191000B6150096C341484100000336D4
:1008D00040900030800FC8410000CA264510073004
:1008E0008003041843207E1D1890CAC7E6C208453D
:1008F0000281458584850030830FCC3DD0CCCB4729
:100900000E42A1C20032800F663F66664385013009
:10091000CB000D70141DC0120181628101460230AE
:100920008E00008142850233030302A5023080005D
:100930004181BFBEBFB801308003BFBB43A50130BA
:10094000C20002810332C083094104A54F2700166B
:10095000E48D80816181CA26690003320080CA214A
:100960006910F570CA2181115023C6075024C7179A
:1009700002378001CB464B4378F1BFB80330808308
:100980000C7494F742810332008290F70337808120
:10099000C7F6033400920C72CA20EB0006F0033352
:1009A00000820C70CA206B000733821F7A4400005B
:1009B0007FDB17BB0332C08006F603320082404360
:1009C00042F76C70C2B84A682B0AB5008D710333C8
:1009D000808FA33C0AD70C70CA2069000333808F34
:1009E0007A3F48E16F220B000D7044780336808314
:1009F00014F08D7096E80333808FA33C0AD70C70F7
:100A0000CA2069000333808F7A3F48E16F220B00D0
:100A10000D714478033780836F220B00047A04F051
:100A20004C708D70310F7010CD70F570ED7047F413
:100A30004509101003EA1C8D1EE8198DED70047134
:100A40000D797B09720219AD191D03121B1D43108C
:100A5000ED7035F0188D04710F7B430BF40218AD67
:100A60001A8D4B08F402A1408A0ACFEF1C1D4310D7
:100A7000ED7025F0198DED7004772F2605F03E00FE
:100A8000230019AD1B8DED70D9AD19E8ED70DBAD0C
:100A900015EA041D4310ED7011F023093010ED70BC
:100AA0001A8DED7004711AAD09F0ED7004EA1F089B
:100AB0003010ED713E0AEFEFA140F5708A207E0004
:100AC0001C7684264210C140C6C6ED7074EC0281CB
:100AD000ED70BFB80330808F0C4402366CF7ED71B7
:100AE000EAF1E078E8C382240C345040084584C021
:100AF0008A220C00284792092FEA84C600854024E8
:100B000083314024043240240533402406304024FD
:100B1000C731E14102429E0D2FF1061C833002C015
:100B2000A4E807148F300E7115F01F08B00080C1C3
:100B30002108510000C00966047140C0360B200036
:100B4000A140104006F0C60FEFF284C0391D02101C
:100B5000E57106148130EF78D30925802F2607F43C
:100B60000C7004F48A207E06C8C7E078E4C284884A
:100B700006EC001F03000418030004F0001F4300EC
:100B80004A24C070402009020A2340120A2480111E
:100B9000A820800104130814041C10126D703A1070
:100BA0008C0048340C100C1E000383830334C09265
:100BB000C6F601348C1F003F000006F001348C1F84
:100BC00000BF00004834CE12CF7C8C24C39F1CF29F
:100BD00039108D001D0C64134A24C0700A24C01003
:100BE000A820800104140B140419D0123A188203AF
:100BF0004A240071001F0300A820800104130C0484
:100C0000041E10038043020B20000A244001C4C6C6
:100C1000E07EE078E6C3A2C108460080604440243C
:100C2000C330402405314024863048472845E20C33
:100C30002FF1031C83300214803015F00F08900050
:100C4000190851003816801003F03916801081C33E
:100C5000A141C60EEFF2E142021480300471021C81
:100C60000230031481300F78D509058001C0412876
:100C7000010200AD21ADC6C7F0C3A2C15041284555
:100C800010402C7010DA60400A2400213E0EEFF76D
:100C900068464A2740104A24C070011C8330021C59
:100CA000033560C717ED4024403180C1A820000201
:100CB000011182043822420401189200720EAFF42E
:100CC00040244031E9083000AD70AD72E0AEA1AE15
:100CD00087F00C70A820C00280C109614024423115
:100CE0001A6204713821410420AA460EAFF4402450
:100CF00040316E70AD7005E8AD72E0AEA1AE064059
:100D0000D342130000773908B10142434A22000060
:100D1000041300044024C13059614471382100207B
:100D2000F10AB28000A9AA0E6FF54024C03007E88E
:100D3000B866A572E0A80118830006403708F101E3
:100D4000402203224A220000041300044024C13040
:100D50005961447138210020F10AB28000A9720E55
:100D60006FF54024C03007E8B866A572E0A8011806
:100D70008300064050200000670831024022122400
:100D8000041200244024C1306271667138210020B1
:100D9000F10BB2A000A93A0E6FF54024C03021E853
:100DA000BE66A572E0AE011E83101BF0064013085C
:100DB0009101210971250C76E0AE0640AD71150850
:100DC00051021109F12509D8B866E0A8A5710640BD
:100DD0000F0991250B08F101BE66A571E0AE001C5C
:100DE0004023D0C7E6C3A2C10846081600146044D9
:100DF0004024C330402405314024863048472845EC
:100E00000E0B2FF1031C83300214803018F01B08E6
:100E1000B00081C31F08710081C3C140A1417A0D98
:100E20006FF5E14207F032168010A141EA0CEFF2B3
:100E3000E142021480300471021C0230031481303C
:100E40000F78CF09058001C04128010200AD21AD16
:100E5000C6C7E078E2C208450C70B60BE002A141BB
:100E6000420D6001A140C2C639054001E07EE07834
:100E700000429FE10C70E020CD070C71E07F381A32
:100E80004200E078E6C382240C374847084587C013
:100E90008A220C00F20DEFE92846008540248334B5
:100EA0004024043340240536402406354024C7340A
:100EB000C141E142FE092FF1121C833003C0A2E8B8
:100EC00013148E3018F02508B00085C12708710072
:100ED00087C085C1A60C6FF580C201C100C202C0E7
:100EE00023A542A504A507F0220CEFF287C03A1D06
:100EF0000210C57112148130CF78CF09058003C06C
:100F0000C6C7E078EEC3AAC138108C0008458847F0
:100F100068465041410C3F1030404A24C070E141C6
:100F20000A200004A8208001041002040419900083
:100F30003A1580104A24C070C14148300200224056
:100F40000C1F8010A8208001041003040419D00095
:100F500043A668F04285238504853A15921044C162
:100F600043C21B0CFF1045C004C103C205C00A23C5
:100F7000802441C140C242C013F04F8530851185A5
:100F80004815931041C140C2170C3E1142C001C127
:100F900000C202C00A22C02444C143C245C04A2440
:100FA000007122410A208003A8208001041102045C
:100FB000041890002C7380C22240F60BEFF1C1435D
:100FC000608641864833002022864A24007149C049
:100FD00046C34A20000086C347C248C1A820000378
:100FE000014B1526021020A2F02001201527021027
:100FF000047120A22C7383C20240B60BEFF1E143CF
:101000004187228760874832002047C249C048C1D3
:1010100086C110DAE140720CEFE946C338158C1036
:10102000270C7F102C74210CBE1014E52C74024088
:10103000E143460D2FF3A1422C742240A1423A0D08
:101040002FF3C143CEC714E50240E143920BEFF109
:10105000A1422C742240A142860BEFF1C143CEC7BE
:101060004A24C0704020020F40200102A8208001C5
:1010700004110304041AD0003A108100041843003C
:10108000E07F48184200E078EAC3A9C1304086C139
:101090004847CE082FF80845F20FAFF886C0D34175
:1010A000DB2EFFE603304084CD70D7F6360F4FF6C7
:1010B000350813225308502065089020A5081121F7
:1010C0002085428561855221C10741C640C200305A
:1010D000CE0042C146F021854085028541C140C213
:1010E00042C040F04F0810226108102875081124F2
:1010F0002185408562855221C10742C641C2003028
:10110000CE0040C12EF02285418560855221C10765
:1011100040C642C20030CE0041C124F02185608526
:1011200042855221C10740C641C20030C00042C1C1
:1011300016F06185228540850030C0005221C1072C
:1011400041C642C240C10CF02085628541855221D2
:10115000C10742C640C20030C00041C15220CE0784
:1011600080C083C1FA0FEFF780C5220FAFF883C0AC
:101170000136811F803F0000033040840031810F21
:10118000003F000044002C002F3340007FD917B9E6
:1011900003364090CA264910013002004A24C0702C
:1011A00002368073803F0000073080002F3200003D
:1011B0000A20C003A82000020415011400324100D7
:1011C0000418500063A7CAC70C7063A702A701A741
:1011D00000A7CAC7F6C3B5C12846104492C1C14092
:1011E0000A2740210A2500217040760FEFF7484575
:1011F000481412305014133013C701862286013769
:10120000D614402611120032822F6B3CFAED522088
:10121000C007033680A04EF7013382246C702F3252
:1012200080000331C080CA21890004F65222C10720
:101230005E0A4FF200A50086560A6FF22F31800534
:101240000018002000858D705220C00700A52640A0
:101250000330008387F706405220C00700180020A3
:1012600026403FD901378314033000834C7018B9EE
:10127000CA2266000333408044F784EA418627F09F
:1012800001338324418603334080C33205833E000B
:101290002500033200830E010600C34335BFF3046B
:1012A0000332C080FE002C000330C0802086CDF6C3
:1012B0000330008345F70331808F353FF304E800A6
:1012C00026000331C080E0000C00208645C246C0E5
:1012D00044C184C020D98BC2B20DEFFF8BC580C042
:1012E0008BC1A609EFE910DA02C001C103C300C235
:1012F0005220C0075221C1074CC34DC24BC04EC142
:1013000087C28240B6082000A1410AC182096FF25B
:1013100009C00030800F00C000006C700330C08036
:1013200045F70130800FC940DB0F001D002026402B
:10133000408621860330C08051C08FC04FC250C14B
:1013400057F720D9460DEFFFA14280C08BC13A0963
:10135000EFE910DA02C101C000C303C221A5522087
:10136000C1075223C00740A522A503A505F010D947
:101370001A0DEFFFA14287C2824042082000A1411E
:101380000AC10E096FF209C0013001000C7003316F
:10139000008046F70131810FC940DB0F001F40205C
:1013A000D6C7208644C145C246C084C010D98BC26E
:1013B000DA0CEFFF8BC5A6F1E6C080816380C381A4
:1013C000A08004110B00E280003308038180003507
:1013D0008313A2810037CB12013303020233C3020D
:1013E000484300344C130133030360A280816280C0
:1013F000C381A180E18143800033060382810035EF
:10140000891360800032C803013182110033030365
:10141000013202020232C200041B8010808161800E
:10142000C381A280E18140800033060382810035C0
:10143000891363800032C803023182110033030331
:10144000013202020132C200081B801080816080DC
:10145000C381A3804181E1800033080300358C13F0
:101460000037831042812280023400120031810053
:101470000230C000023040000C1B0010C6C4E078EF
:10148000408102A15470E07C2181007AEEC3A5C1A5
:10149000084700804024833240240433402405342C
:1014A000402406304024C73250432846060CEFF053
:1014B0000A1C83300C1411305B0911200A1492307D
:1014C0000B1490302E700C7003F08A213E26A3E896
:1014D0002F2007043F0A04201F08700000C52D08B4
:1014E000B100B96681C0A20FAFE94C7401C0A57408
:1014F00040C507A70AF0B96681C08E0FAFE94C74EA
:1015000001C0A57440C502A7C30B64A30C7106718A
:10151000DBF12240CEC7E078E4C3A7C14A24C07003
:10152000084528460C7084C4A82000031525011026
:10153000034E24811524021004710233410020A2BD
:1015400084C0AA082FF381C1048D4025031412E83A
:101550004A24C0706041C140A820800104100204E8
:101560000419900046D80C1D0110041D031007A596
:101570004A24C070A820800104160014041B100027
:1015800007854A24C070402441304830030081C0A0
:10159000A8208002041002040332C0806F220B00D6
:1015A00001199200360C2FF24024403014700C7058
:1015B0002C7004F22385247142850D0A650023A551
:1015C00003A581D8C4C7E078E07EE078E6C3A2C175
:1015D0000846008060444024C33040240531402444
:1015E0008630484728452A0BEFF0031C833002144D
:1015F000803013F00D08900015085100028603F0AA
:10160000078681C3A1418A0BAFF7E1420214803003
:101610000471021C0230031481300F78D90905804F
:1016200001C04128010200AD21ADC6C7E2C22C7045
:1016300010DA6040960CAFF78845001D0110C2C655
:10164000E8C3A2C10846008060444024C33040245F
:1016500005314024863048472845B60AEFF0031C80
:101660008330021480304026101418F01908B0009E
:1016700081C31F08710081C30386A141120BAFF71C
:10168000E14207F00240A1410E0D2FF5E1420214A4
:1016900080300471021C0230031481300F78D109AC
:1016A000058001C04128010200AD21ADC8C7E07826
:1016B0002C7046DBFADA0418430020A067A042A091
:1016C00026A025A024A0E07F23A0E0782C7046DB94
:1016D000FADA0418430067A042A026A025A024A09F
:1016E000E07F23A0E07EE078EAC382240C395041F9
:1016F000084589C08A220C008E0DAFE92846008576
:101700004024C334402404374024053840240633A1
:101710004024C736C14122429A09EFF0131C83309E
:101720001C141030630811201B148F300E700C70C5
:1017300003F08A203E26A9E813148130EF784B0984
:1017400004002508B00083C13108710089C103C6B7
:1017500085C0D961320DAFE94C7405C1046E43C038
:1017600023A50CF089C0160C2FF580C201C100C260
:1017700002C025A544A506A503C03270B607EDFF3B
:101780000C71E571D5F10240CAC7E078483101001B
:1017900007364270484700002C7003324080C7F67D
:1017A0000132810F003F000005F00132810F00BFC0
:1017B00000004831C102041843004831810048311B
:1017C000C1023579E07F22A0E8C382240C34504066
:1017D000084555204F0884C08A220C00AA0CAFE9A6
:1017E00028460085402483304024043240240533B9
:1017F000402406314024C730C1410242B608EFF010
:10180000021C433002C6EF0E111003148E30021476
:1018100080302B088403CF781108710084C02E0813
:101820002FFA81C1201F021001C0C7082420C571F2
:1018300002148030CF79E308458020178010B70864
:101840003000CD707DD8CD708A26D5378A25840C9E
:10185000CB440000E67884DBC34200009C6CC341AB
:1018600000006475C3440000AA7EC3470000BE0A9E
:10187000C346000096E8CB410000EF418A20811268
:101880008A2302188A2704301FA500A70C703E1D6A
:10189000C511581D4510181D05131A1D0513221DCD
:1018A000441190B574B553B535B5421D04114E1DA4
:1018B0008417501DC411521D8417541D8411561DC8
:1018C00044124C1D0412401DC412441D8413CAB599
:1018D000CBB5481DC417D7B5D9B5DBB5DDB5C7A79E
:1018E000AA0C6003C6A79E2006041AB503F08A2638
:1018F0003E16C140C8C7E078F8C3A8C14A240071A9
:1019000050450A2680210A2440210A2700217840D8
:10191000084755200D0880C24A260010A82000075D
:10192000041100040030800F03406F1203308083E5
:10193000C6F60130800F003F000006F00130800F36
:1019400000BF00004830C002483080004830C0026C
:10195000041A1000820C200100C010407A0C2001F3
:1019600001C000201020720C200102C0320960006A
:1019700002700E79E140420D20003042289710405D
:1019800010492F2006800A00030013780E78483093
:1019900080000030800F003D00000A090FF548303C
:1019A000C0022A17531112175111A60E60020E78A9
:1019B000483080000030800F003F0000E6080FF53F
:1019C00000422240D20E200062412A9F5B978B97F3
:1019D000689F1E2113001824D11009B705EAE140C1
:1019E000520D200042412F2346042F22C6044027D7
:1019F0008C16B84F7072CA2109030E9F0011510155
:101A00008E0D20002C710EB7489F309F0E0B2001C9
:101A10000F9F4897319759612E7B0B08E3000FB752
:101A20002FB7339F129FF60A20014E7A34974897BA
:101A3000314A2E7B090B230012B732B7359F4E78FF
:101A4000DA0A200102422F9F4E702109230408B7B1
:101A50002C1780101E1F041488E80E9F0D09032008
:101A60004E71CEB72C1F8214129F0F080320241F23
:101A700004142C1F8213189F160D20002C716C71FA
:101A800018B7530A3020001C8224179714700C7169
:101A90000AF239971A9758972A78346A2E790E786D
:101AA0003E2100003B9706E95C973D973D2183006E
:101AB00015E815EB1F973C178110410925004021BF
:101AC00050002F21070410713C1F0214CA2025204A
:101AD00030F0189F2E70324064F0441700113C1F04
:101AE0008213AA0A6003C0B89E20060454278818EF
:101AF0000E702E711AB74EF0589F1A9F746A1B7998
:101B000062792F2146800A00030033792E7940172D
:101B100003111309E3000E710E72001C0224589782
:101B20001A9F4217411104BAF20920014E7A1AB7DE
:101B300044170011560A6003C0B81E200004542741
:101B400088182E702F26078023F246170111481798
:101B500009116D714A20002000214202412A000231
:101B60000F78402803025079627A65710B22808FCA
:101B7000000080FFC02062002F24C71279210100DD
:101B8000D90E258300201020461F441002F00E704D
:101B9000001081100C70D8B7C0B9DCB74A1F4210D2
:101BA0004C1741111B090300441700113C1F8213FD
:101BB000DA096003C0B89E2006041AB702F01A972B
:101BC0002F2206801000230010790C708FB80909AD
:101BD000000033781D79CEB9172040002F2608F079
:101BE0000D0A3300C02162003078137918972E79DE
:101BF00004B80E78130842004A17801005E8001C4C
:101C000043204A1F8213D8AD00148C2008170B10F4
:101C10006485438725858A203E009570CA2021006F
:101C20003670CF20A2013D23C8023D2183003072CF
:101C3000CA23010218AD87EB85B8101DC01245A557
:101C400018AD7E873F87290B4400878528853D2472
:101C5000C8123D218C003072CA24011288EC83B86E
:101C60001C1DC01248A52C7018AD03F0216B6085B7
:101C700081852B0B24033EA7828523853D24C81232
:101C80003D218C003072CA24011289EC84B8081DF1
:101C9000C01243A52C7018AD02F0216B448F20A513
:101CA00005EA4520000EC4AF18AD001E02200287D1
:101CB000238783850020008402A7001D0020028561
:101CC0004121018023A700200084248546C005858A
:101CD00041240C9000210184412000804C7086C377
:101CE000041D802347C444C145C084C0444B4048C0
:101CF00015208D3015278120447180A5EF0AB28010
:101D000000A1D8C7E07EE078E6C3A2C10846008003
:101D100060444024C3314024053040248631484784
:101D20002845EE0BAFF0071C433007148330061430
:101D300081302B0B44002F781708510000C04168F8
:101D40000F0FA410B860A4168C1040C280A8247194
:101D50002F78E70B0580061C423000C041280102A5
:101D600000AD21ADC6C7E078E8C2484530402C70D0
:101D700010DA60408847560D6FF768460F0830202C
:101D80000C700B0DD11F0C7100AE00A7C8C6E07817
:101D9000E6C3A2C10846008060444024C33040240A
:101DA00005314024863048472845660BAFF0031CB8
:101DB00083350214803073F0D90895052520000082
:101DC00016F018F018F01AF01AF01CF021F023F0B9
:101DD00023F025F026F028F028F02AF02BF02EF042
:101DE00034F03BF03CF045F045F04DF017860BF039
:101DF000188609F0198607F01A8605F01B8603F08D
:101E00001C8681C3A1413208EFECE14242F00F9EF3
:101E100016F0129E14F0089E12F02C16801035F069
:101E2000189E0EF00E9E0CF0099E0AF04616001148
:101E30000DF04A16801029F07416401181C3A1419B
:101E4000560C6000E14226F01C9681C3A141DE09D8
:101E5000EFF3E1421EF03C16801017F02386028655
:101E600040240431A142460AEFF9E14312F01E86F4
:101E700003F08016001081C3A141160B6FF7E142F9
:101E800008F09816801081C3A1418E0C6FF2E142D8
:101E9000021480300471021C0230031481300F7868
:101EA00019092580047701C04128010200AD21AD48
:101EB000C6C7E078E2C3A2C10845978018805415D0
:101EC0004611561545114E15441150154311521522
:101ED000421141C080C02609200040C4004158156D
:101EE000001101C200C358A577A518E81A85998585
:101EF00054154611561545114E15441150154311F0
:101F00005215421141C080C0F208200040C401C2F5
:101F100000C300415AA579A52040C2C7E2C20845C6
:101F20000C70260B6002A141DE0CE000A140C2C68D
:101F3000E2C3A2C108451C805B858C7041C040C2D1
:101F400080C0C3420000C83BC343FFFF39C4C34540
:101F500000009137A6082000804601C100C214701D
:101F60003CA55BA5C6F6741540111F08130007F0C9
:101F70004BF674154011130852003C951378741DEC
:101F8000041001691CB5C2C77D04C0001961C340BB
:101F90000000FF7F1071CA21090007F60B09830FAB
:101FA000FFFF00802168E07F2E78E078E6C22847B6
:101FB00010D95E0D60000845084610D9520D60002A
:101FC000E140C7780E784A0D60000FD9FD6594E8AE
:101FD00010D93E0D6000A140C7780E78320D600028
:101FE0000FD90AE8D570C340FF07FFFF6F254310E4
:101FF000CA250910A140C6C6F0C230434979CD7048
:102000008DBE0847D8610ED90A2280210A214021BD
:102010000A240021FA0C60006845960FEFFF218723
:102020001E25C114001710100845D861E20C60008D
:102030000ED900417A0FEFFF02401A2541141040DB
:10204000D861CE0C60000ED90041660FEFFF024050
:102050001E24C12401A7D861B60C60000ED91A2530
:1020600081141040D861AA0C60000ED90041420FC3
:10207000EFFF0240C3410000FF7F1709620300A782
:10208000D375FFFFFF7FCA21490303F6326E2E7816
:10209000D0C6E078F1C01E210C000C700332008025
:1020A000C6F60132800F003F000006F00132800FBB
:1020B00000BF00004830C0026C70483080008FBB09
:1020C0004830C202304B4C787D7998603860420CC1
:1020D00060000FD9D1C0E07F0E78E078E07EE07834
:1020E000E8C382240C345040084784C08A220C0084
:1020F000960B6FE928450087402483304024043242
:1021000040240533402406314024C730A141024217
:10211000A20F6FF0021C833502C5B570BEF4031424
:102120008E30AD700C7004F08A253E161470B6F433
:1021300002148130CF78307060012D00047795E073
:102140004A010D002520000016F01CF020F026F0BA
:102150002AF030F034F03AF03EF044F049F04FF01D
:1021600053F059F05EF065F06AF070F075F07CF0B5
:1021700080F087F084C0A60CAFEC81C117A787F070
:1021800084C09A0CAFEC81C118A781F084C08E0C7A
:10219000AFEC81C119A77BF084C0820CAFEC81C188
:1021A0001AA775F084C0760CAFEC81C11BA76FF045
:1021B00084C06A0CAFEC81C11CA769F084C0320CEA
:1021C000E00081C10FB763F084C0260CE00081C13C
:1021D00012B75DF084C01A0CE00081C108B757F057
:1021E00084C02A096FF281C12C1F02104FF084C0F5
:1021F000FE0BE00081C118B749F084C0F20BE0008B
:1022000081C10EB743F084C0E60BE00081C109B77D
:102210003DF084C0020EAFF381C1461F041037F0B9
:1022200084C0EA086FF281C14A1F02102FF084C0F7
:10223000BE0BE00081C1741F041029F084C0DA0DC8
:10224000AFF381C11CB723F084C0C2086FF281C113
:102250003C1F02101BF084C02208600081C123A72C
:1022600002A715F084C00E0F2FF781C11EA70FF033
:1022700084C0020F2FF781C1801F001007F084C0B7
:102280008A086FF281C1981F021001C012709C066B
:10229000EDFF0C71C57148F1A140C8C72C709EB903
:1022A0002042107122B93EF72C700BEA5B610B08DB
:1022B000C40062785479412A82803D79F8F5E07F44
:1022C0003078E078E07F04184300E078E2C0001E38
:1022D0000300201089000B095110878086A084EB31
:1022E000838187A021108C004A2400710A234011A9
:1022F0000AEC4844A820800104140814041B10129E
:1023000088440BF00A244010A8208001041408140B
:10231000041B101268440FEC4A24007140200B0289
:102320000A244011A820800104130814041C101270
:102330003CF0610930104A240071A5800C150C0096
:102340000334409355F687805024FE9711F2A680FF
:10235000033440938DF74A24007140200B02A844B7
:10236000A820800104130814041C10121EF04A2433
:10237000007140200B02A844A82080010414081416
:10238000041B101280DC20180300001E02030EF054
:1023900080DC001E020340200B02A844A82080011C
:1023A00004140814041B101204881F08900043082A
:1023B00051008FEB4A240071A82080010411000411
:1023C000041D100010F0150C30004A240071001696
:1023D0008000C6B817000000A82080010412000485
:1023E000041D10000016800087B8001E0200C2C441
:1023F000E8C382240C395040084789C08A220C0067
:1024000086086FE928450087402483354024043737
:1024100040240538402406364024C735A1410242F5
:10242000920C6FF0161C033107C5970D111017148D
:102430008E30AD700C7004F08A253E168308310092
:10244000CF78161481307B0904003108300186C131
:102450003B08B00086C14D08F00086C155087100E8
:1024600089C086C1A60EEFF580C201C100C202C0BC
:1024700022A741A703A71EF089C0620EEFF383C213
:1024800004C003C110A72FA714F089C07E0EEFF57A
:1024900080C201C100C202C025A744A706A70AF056
:1024A00089C03A0EEFF383C204C003C10EA72DA763
:1024B00006C012708407EDFF0C71C571BCF1A1401C
:1024C000C8C7E078ECC3AFC14A24C07054200D0ADD
:1024D000084755200E08A140A82040026080041142
:1024E00002040132C2000418900037870C70416961
:1024F00087E162022B0057A76185228580854A24E7
:10250000C0704832860047C348C140240833402485
:102510000B36C343FA4400002C7046C4A8200004C4
:10252000F023421015204C102471073289016042BB
:102530000331C090CA224502001C80104A24C0709A
:10254000A820C003F0200210C341FAC400001523E4
:102550000310033240800471CA21890020A36C4F0C
:10256000FC4F5427831886C240240433402405308E
:102570001E0D20024024103001C100C202C032A74B
:1025800051A713A740270317046FA84F83C2402405
:10259000043040240539120E2002704189C118DA36
:1025A000E60E2FE92240018602C100C301C24A247F
:1025B000C0705427121C3AA70477424159A778A744
:1025C000041E0010A82000020411000400300000C6
:1025D0000418102080C0B60A2FF8402410304A2476
:1025E000C07083C2A820000204120104003141001F
:1025F000041850202F31002080C0920A2FF8402468
:1026000010304A24C07083C1A82080020411030442
:10261000041202240032C200041890202F3000203F
:1026200080C06A0A2FF80031122407308004741722
:102630008B100030880F7A440000210B11100330FA
:10264000809F6D4466C6CAF604C305C06D71741FD1
:10265000C2127EA71FA703F004C303C45023C107FF
:102660005024C01702304100C340AB430000033187
:102670000080B0002D000334009050F70334809F99
:10268000FAC30000CFF60333808FAEC26766CBF685
:102690000333808F6A44CDEC8800060005C1033106
:1026A000008080002C004C70950B301040A60186F5
:1026B0008D085300033180AF48440000C5F6033055
:1026C00080AF5444008078000C00033080AF964403
:1026D000000058F71B870330009054F70033C00008
:1026E00000340C13023600707449002402300003D9
:1026F0002F3000000130800F96420000033100802F
:102700003C0006001C8728E81E8703330080D8F6AB
:102710001F870331008054F7741F03104C7110F0B1
:102720001C871D0871004C70008621681108720119
:1027300020A6C340584400805CA71BA7288E0C70BD
:1027400003A502A501A50F0A600000A548AE03EA93
:1027500081D8CCC74C71C34062443393741F0310BB
:10276000ECF1E078E07EE078ECC3A2C108463C16CC
:10277000001460444024C330402405314024863096
:10278000484728458A096FF0031C03310214803042
:10279000422610124226111B4226121E21F01F084B
:1027A000300181C31B08B00081C32308F00081C33E
:1027B0002508710081C3424004F0C14008F0224066
:1027C000A141660BEFF5E14206F00240A1412A0B60
:1027D000EFF3E142021480300471021C0230031452
:1027E00081300F78BB09058001C04128010200AD8E
:1027F00021ADCCC7E2C22C7010DA6040CE0A2FF7B0
:102800008845001D0110C2C6ECC3A2C1084644168B
:10281000001460444024C3304024053140248630F5
:1028200048472845EA086FF0031C43330214803000
:1028300040261017402611134226121A51F099080B
:102840005503252000000EF013F016F01BF01DF0CC
:102850001DF01FF024F026F026F029F02EF036F0BF
:1028600081C34240A141A20F2003E14234F081C361
:10287000224004F081C30240A1411E0BAFF4E142AB
:102880002AF0068614F00A8604F00D8602F00E8601
:1028900081C3A1419608AFF4E1421EF00B8608F017
:1028A000108606F0301680100AF00F8681C3A14111
:1028B000860D6FECE14210F04416801081C3A141F7
:1028C000560A2FF2E14208F081C3C140A1415A0AE1
:1028D000EFF5E142021480300471021C023003144F
:1028E00081300F785B092580047701C041280102FF
:1028F00000AD21ADCCC7E078E2C208450C7062099A
:102900002002A141360CA000A140C2C62D048000C7
:10291000E07EE078E8C382240C3D504008458DC03D
:102920008A220C00620B2FE928461C150014402453
:102930008333402404354024053C4024063440249D
:10294000C733C14102426E0F2FF00E1C433305C640
:10295000D57090F40F148F30CD700C7003F08A2670
:102960003E16147086F40E148130EF783070040136
:102970002D000477EF085503252000000DF018F016
:1029800022F02EF032F038F03CF042F046F04CF0FD
:1029900051F057F05CF08DC084C1520E200386C206
:1029A00086C118DAE20A2FE9A1405DF08DC084C12A
:1029B000CA09AFF480C201C100C202C02EA54DA554
:1029C0000FA551F08DC084C1B209AFF480C201C11E
:1029D00000C202C032A551A513A545F08DC03E0C22
:1029E0006FEC84C110A53FF08DC0260F6FF484C139
:1029F00014A539F08DC01A0F6FF484C117A533F0F8
:102A00008DC00E0F6FF484C118A52DF08DC00E0C73
:102A10006FEC84C115A527F08DC0020C6FEC84C14A
:102A20001AA521F08DC0E6082FF284C1581D0210AE
:102A300019F08DC0E60B6FEC84C119A513F08DC0A1
:102A4000CA082FF284C16C1D02100DF08DC084C124
:102A5000BA08EFF580C201C100C202C02BA54AA589
:102A60000CA504C01270FA06EDFF0C71E57177F148
:102A7000C140C8C7E07EE078E4C3A2C1A081284677
:102A800008DAB960020A2FE980C001C100C008E578
:102A9000A0A6C4C7E2C1808385722D0A2403A1C108
:102AA000021C04304A20000040248230808301123E
:102AB0008D0404713C642471F508B280A0AC0083DD
:102AC000047200A3C2C5E078EEC2704348471040CC
:102AD000C4E1D8002500CD70CB45A0000086008D54
:102AE0000B087100FFD8088D04F0001D431008ADDD
:102AF000D342A00094E00F0821044C2040A9C385D4
:102B000020F0C3401200F04ACB441200F44ACA2419
:102B1000011040250611C340A000BC858A23100087
:102B2000C344A00094E48A25080002412320000346
:102B30004242CD7003E8C0AD38F0081D0214C3A5B1
:102B40007FD8C47800AF0185766E542301081071D8
:102B500040DA704140D88AF74F26C01100AF018596
:102B6000001D03100220400401AF2F200720018523
:102B7000022202044C20C0AF02AF218500270014BE
:102B8000CA222D0028B923AF0474420FEFF62C702F
:102B900000218124046FF2082FE90242216E44D8FB
:102BA000CD7123A5001B0420C140CEC6EAC2C4E1FA
:102BB000484710409C0025002C70CB45A0000086A3
:102BC000008D0D08B100FFD8098D05F0001D8310A0
:102BD00009AD0B080104C18508F0C38F028F091DE0
:102BE000021408BE057EC1A58C26109060000D0061
:102BF000008F418FC6B836685861550E0410D34116
:102C0000A00094E0002140047E082FE9246F001703
:102C1000C010390833004C2040A9C3401200F84AC4
:102C2000CB471200FC4ACA270110C340A000BC8554
:102C3000C343A00094E48A24080022412320C00357
:102C4000C1422C7020AD86E82C7104F02C7020ADB0
:102C50002040CAC6E2C20844FDE0684509F2FEE42D
:102C60000CF44040DF59001D05110C71C2C625D877
:102C70005A0EEFFFA143C2C6BFE40C7009F7150C52
:102C80005010150C50110B0CD11021D8F2F1C2C606
:102C900020D8F0F122D8EEF1F1C00043FDE006F4B7
:102CA00025D80E0FCFFF0DF0BFE30C7009F7170BFF
:102CB0005000170B50010B0BD10021D8F3F1D1C0FC
:102CC000E07E20D8EFF122D8EDF1E078E4C3A1C195
:102CD00080C0C3411300909AAE0FEFE84C743B588C
:102CE00008462845FED880C18C70C142A1436B586C
:102CF000F8D880C18C70C142A1436B58C340F0002A
:102D00003F00208884B920A8C4C7E07809081200D1
:102D1000E07F397812783978E07F1278E6C208458A
:102D200028DAC341074900240C1801051218850749
:102D3000C340C049009240250E1750AD21A502A501
:102D40002C703CDAC140681D8112581DC3107E0DE5
:102D5000EFF6641D8112F20EAFEFC1401A8519081B
:102D60007202ED70198511087002C140DA0EAFEFE2
:102D7000641D41120995483000000030800FC842A0
:102D800000000030800F833A6F120330C083C7F613
:102D90000130810F003F000005F00130810F00BFBE
:102DA00000004831C1020AD8307A8BE2CA204500BF
:102DB00010784820C0000CB5108D4830000000305D
:102DC000800FC84200000030800F833A6F12EE0C73
:102DD0004FF34830C00205A5C6C6E078E6C20845F4
:102DE0008A200A00C341FD440020CB461643000060
:102DF00001A510B55525401C24A5520FAFEAC7A563
:102E00004609EFEA5625801A4A2400745625011D0A
:102E10000A20800F13005875A820800104100204B6
:102E200004199000078521850D7007360B70803FCF
:102E30000000CB441042000048318000C343964458
:102E400000000030800F48410000CB47484400009C
:102E50000030800F833A6F128B1D9813C342AF4925
:102E600000C8CB461C49004003300082781D18136F
:102E7000891DD8108A1DD81345A5C6A5C41DC0122A
:102E8000C6F60130800F003F000006F00130800FD1
:102E900000BF000030954830C00248308200483101
:102EA00000000030800F484100004832C10200306D
:102EB000800F833A6F12492101024821010103303A
:102EC000008222A5C6F60130800F003F000006F008
:102ED0000130800F00BF00004830C0024830800041
:102EE0004830C002492040064820000109A50E08CC
:102EF0002000A140C6C6E078EAC3A4C14A240076F7
:102F000010405520CD082CE04A260010A8200001D2
:102F1000041811004A2480775520002D0C188023B6
:102F2000401D801353185920A820000104181100D7
:102F30005620802A241D8213C8A5C7A5C6A56208ED
:102F4000EFEA1041468527850885CB477A44000083
:102F500041C140C242C080C110DA22402A0DEFE8D0
:102F600043C74A2400745620002BC34113009875B0
:102F70000A220000A820800104110304041AD000D2
:102F80009FBF80C1C0A5C1A5C2A528188023B118C4
:102F90004320E3A5E4A52E0E6000E5A55520402BB7
:102FA00080C1E60CEFE810DACAC7E078ECC38224EF
:102FB000063E0846542000092C70120BEFF614DA76
:102FC0004A2440715426801BA820000104181100D7
:102FD0008D708A208E018947AD70D86040DA8FBF2E
:102FE000A0A8FE184483FC18448320F02D831D09FB
:102FF0007001142600132309510248184403521883
:1030000044037FD817B810F0481884005218C4033E
:103010004FD818B808F0481884005218C403C340A9
:103020007F7FFFFF17A38571C50C749115260313CD
:103030008A20070DD8602C70920AEFF68A220600CB
:1030400045F015265113741102204A24807BD34287
:103050001300187740220323A820800204130004E1
:1030600082C1027106713820800000A99E0FE00124
:1030700082C02C700AE814264013FA185C008020E5
:103080000A0D20B045000000741103204A24C070CE
:10309000A820C00204120224402440313C60247164
:1030A0003822C00000AC40244031860AAFF3142619
:1030B0005013024180210A0D04E88A20040003F025
:1030C00040D8E0B1FA181C20A571DFE57607EEFFC5
:1030D0000E708EC02C708A220600F209EFF68EC7A1
:1030E0005426911E40244D3021F08020BE0A330822
:1030F000750115D92B090E002C710C706C714C7177
:1031000060C102AD01AD20AD75F00C702C716C701A
:1031100070F00C706C714C706DF00C7169F00C708B
:103120002C716C714C7140C065F0041100242C713D
:10313000D5E0980009008E68E70C759F0C702C7123
:103140006C714C702520000355F0EBF153F0E9F160
:1031500051F0E7F14FF0E5F14DF0E3F14BF0E1F123
:1031600049F0DFF1DDF1DDF1DBF1DBF12BF0D9F13D
:1031700029F0D7F127F0D5F125F0D3F123F0D1F1E3
:1031800021F0CFF11FF0CDF1CBF1CBF1C9F1C9F1B5
:103190002DF0C7F12BF0C5F129F0C3F127F0C1F1F3
:1031A00025F0BFF123F0BDF121F0BBF1AFF1B9F192
:1031B000ADF1B7F1ABF1B5F11DF0B3F11BF0B1F129
:1031C00019F00C702C7015F08C20428D1E07CCFF6E
:1031D0008C20828D9FF38C20028EF5F38C20828EC2
:1031E0009DF38C2003808AF39BF10C712C716C7120
:1031F0004C718BE852213E8007F452233E8005F447
:1032000052223E8014F23470CB43CC3DCDCCCB4423
:103210008B3A58A07D74C3411C410AE874709D71BB
:10322000C340203C12AC54703C7040C080C14C7410
:10323000560AEFE8E14006718C2001A8EE06EBFF8C
:10324000E57470168210DF160016760EAFF28EC18E
:103250007FD9C3437A440000C3427449002417B99C
:10326000C340C8420000DE1E19106AA64BA62CA659
:10327000DD1E181080264E10001E4310CCC7E078CB
:10328000ECC21040420F6FEB55204D0A83DAC34069
:10329000233C0AD74E712E70CB4148430000DB47D8
:1032A000D63C62A10A26803F0E3D4DF3C346FA4448
:1032B0000000CB40C03F0000CB4320410000CB4783
:1032C000A042000064DE8A258700CB447A450000D6
:1032D000C343C841000017BA8A24040B8A27070D8C
:1032E000C3417041000070180020C340033B6F12BF
:1032F000761883206818822469188224741842245E
:10330000751842246C184022DC1D0090E01DC09707
:10331000E41D8097381D80113C1D0012401DC01215
:10332000F1A5D2A57C1D401196A577A558A5641DD1
:103330000011741DC01129A5CCC6E078E2C02C7024
:10334000C3420000FFFF80DD2DDCC3437F4700FF49
:10335000151883001A18C30037A8ACB08EB068A047
:1033600036A843B044B025B049B034A828B027B03F
:1033700026B0C2C4E4C208450A0FEFFF55208E0AEA
:10338000A20A6FFCA1401186D8160390C341744570
:1033900000244830800021A50030810F0044000047
:1033A0003BDC0033800FC84200006D700031810F9C
:1033B000833A6F124C710030800F003B000018BC44
:1033C0000331C082E41E82903C1D82109EA51FA581
:1033D000C6F60131810F003F000006F00131810F78
:1033E00000BF000018864831C1024830800000301C
:1033F000800F00440000483181000030800F833A84
:103400006F124831C1020330C08232A6C6F60130C5
:10341000810F003F000006F00130810F00BF000067
:103420001E864831C1024C70483080000030800F49
:1034300000440000483181000030800F833A6F1251
:103440004831C1020330808039A6C7F60130810FB0
:10345000003F000005F00130810F00BF00001C8616
:103460004831C102483080000030800F0044000025
:10347000483181000030800F833A6F124831C10219
:10348000033080803DA6C7F60130800F003F00006A
:1034900005F00130800F00BF00004830C0024A2410
:1034A000C070483080008A210A044830C0023A6562
:1034B00049200005482080001FA6C3401300147651
:1034C000A820800104100104041A5000C340063BE8
:1034D00000E27E1E18107A0A2FFDA140C4C6E078D3
:1034E000EAC3A7C1084555204E089018850147D862
:1034F0004A240071C341A3420BD718B855251018B0
:10350000CB477B3ED75ECB44DC44304EC3433B4A83
:10351000C1BFC342D33E98DD39A51AA5C3411300EC
:10352000E07702406D1D0312ECA594A575A558A582
:10353000A820800104110204041890001885CB44CF
:10354000983DC2B5C343513F18B702360070803F63
:103550000000C34283413B6CCB47213DE561C34141
:103560004C3FCDCCEA1D0312EB1D03118AA672A6B7
:103570004BA5FAA64E08EFFA3BA6AA0E8FFA4A24EC
:10358000007102360170803F00000D6F1AA64024C2
:10359000113383C0281D85115C1D4010A8208002B6
:1035A0000410012402364170803F000004185000CE
:1035B000820AA00183C0ED706A0EAFFA2640402750
:1035C0004F10F90F3291041910204A24007154252C
:1035D000001E83C1A82080020411020402368270FA
:1035E000803F0000041890003E851F855D856A8637
:1035F0004A24C07055250F1A41C142C080C10A201B
:10360000C00340C2A8200002041102040733820054
:10361000041890002C702E71046D24DA3040361D91
:103620004214351D42142A1D4210A20CAFF6341D5F
:103630004210120CEFFB784D6086418622868A8606
:103640004A24C070C340513917B705A683C0351D41
:103650004214361D4214101E0014181E001444C2D9
:1036600043C345C1A82000020410010407344110DF
:10367000041F50105525001B2C70520CAFF61CDA9D
:103680005525001D2C70460CAFF61ADACAC7E07833
:103690002C70C3428C420000CB44A0400000FADBF7
:1036A000081841010418430044A085A04AA063A063
:1036B00029A028A027A0E07F26A0E078E8C24A241D
:1036C00080711040C3400000409CC343FA43000097
:1036D000C3427A440000C341A03F00008D705620D1
:1036E0000B28CB4513008476E8180020EC18002046
:1036F000F018C020F4188020F8184020FC1800238F
:10370000A820800298650410C000857148308000B0
:10371000041B10108A200407C341204200004025EA
:103720000E1C46185820027018DA5E0DAFE8C14131
:103730008A20040D0270542501194E0DAFE818DAE5
:103740008A200503027018DA3E0DAFE8C1417DD929
:1037500017B94A248071C340744900248A22050F96
:10376000591858205A1858205B18582081D95C18CD
:1037700018205D1818205E1818200020802017B926
:10378000A8200001041850002415081028150B105B
:10379000EB85CB46C84100008A21090F7DDCC34080
:1037A000A24400806518982300204E202D7005BC8F
:1037B000C3431200804FC3421C4500408A260F0AB3
:1037C0006E1818206F181820C140691818236A183D
:1037D000D8206B1858226C1858226D18582270186F
:1037E0009820711898216718D822661818227A0B29
:1037F0006FEF6818D82308D98A0C6FEFC14018E51D
:103800008A2108000240B2082000A1428A21080053
:103810000240A6082000A1420A0820000240C8C6B3
:10382000E6C3A6C108465520CF0C8A20090FD860F0
:10383000160C6FEF8A250C154A2400718A200C01A2
:10384000B966D860AD70C34213008476A820000228
:103850000112C304483383000418D0004A24807244
:103860008A200B05D860A0A9A8A9A9A928198302B4
:10387000A1A9A2A9931F58130A194203E819428368
:10388000A82000010418110040872187028743C245
:1038900044C145C04026021880C1C1408D1F581345
:1038A00042C541C55A0E2FFE40C580260C19A0AE58
:1038B000C6C7E078ECC3A6C1409200208D0F00007F
:1038C000BC02104048320200BB15009607368270D9
:1038D00048470000CB46C8410000483080008A229B
:1038E0008C276C700022122403328083CA26851034
:1038F000003080030030800F833A6F12483102009D
:103900000330C080C6F60130800F003F000006F093
:103910000130800F00BF0000BA1501960736917084
:1039200048470000483181004830C202003640104C
:10393000483281000030800F833A6F124831C10253
:103940000330C0803CA5C7F60130800F003F000067
:1039500005F00130800F00BF000007364374803F40
:1039600000008B1501964830C202483180000036B5
:103970000010483281004C704831C1023BA5003331
:1039800000007EA50030800F833A6F1203308080E4
:10399000C6F60130810F003F000006F00130810FB4
:1039A00000BF00008C1500964831C10248308000ED
:1039B000121A422000360010003300000030800F41
:1039C000833A6F1203308080C6F60130810F003FCA
:1039D000000006F00130810F00BF00009015009636
:1039E0004831C1024C7048308000131A4220003127
:1039F00000200030800F833A6F1203308080C7F6BA
:103A00000130800F003F000005F00130800F00BF43
:103A10000000081501904830C302001A8220483186
:103A20008000FE1A84A00036001057A5483381009C
:103A30000030800F833A6F124831C102033080801A
:103A40003FA5C7F60130800F003F000005F00130B0
:103A5000800F00BF00004830C0024C70483080002A
:103A60000036811FCC3ECDCC4830C002033180806F
:103A700019A5C7F60131800F003F000005F00131A4
:103A8000800F00BF00004830C1028A20090F027079
:103A900055208F2EB2096FEF1E1A42204A248072E1
:103AA0008A200B052C700270DE1A42A0A8200001AB
:103AB0000418110031A540200022E0DACA09AFE85D
:103AC000E1418A210407027180C018DABA09AFE81F
:103AD00080C74A2480714020012FA820C004041709
:103AE00000140030800FC841000007308003003010
:103AF000800FC842000007304004041910008A21DA
:103B0000040D027180C018DA7E09AFE880C74A242C
:103B100080715420812AA820C004041700140030AA
:103B2000800FC8410000073080030030800FC8427A
:103B3000000007304004041910008A2105030271B7
:103B400080C018DA4209AFE880C74A248071542047
:103B5000812DA820C004041700140030800FC84134
:103B60000000073080030030800FC842000007309B
:103B7000400404191000B6150096C34148410000E6
:103B8000033640900030800FC8410000CA2645101F
:103B900007308003041843207E1D1890CCC7E078BE
:103BA000E4C3A3C108462C70AD714024403007DA4D
:103BB000381E4213391E421022A623A624A60E0F39
:103BC0006FF63A1E42104A2440722C4E40260312D1
:103BD00080C160C561C562C5A82000020111C20490
:103BE00048328200041890004A24C0704026001F0A
:103BF000A82080010413010404185000481E03107B
:103C0000C4C7E078E8C208453E18C5011818050386
:103C10001A1805037DD8CD708A25D5078A24840C0F
:103C2000CB470000E67884DCC34300009C6CC342B1
:103C300000006475C3470000AA7EC3460000BE0AA8
:103C4000CB41000096E8CB400000EF410E718A2383
:103C50008112A0D98A2604301FA5841D00100C7083
:103C6000221D0411F0B594B573B555B5421DC411AC
:103C70004E1D4411501D8411521D4411541D4412F7
:103C8000561D0412581D04144C1DC412401D44102E
:103C9000441D8413CAB5CBB5481D8417D7B5D9B513
:103CA000DBB5DDB5A01D8013E20860029C1D80130A
:103CB0009E2006048A22B50D8A21DD096C70CB474F
:103CC000000033098A24DC1C8BBB1AB557A559A503
:103CD00038A53AA5552580182C7011DAA41D821339
:103CE000DBA5DCA52C1D8310D8B5CEB5C9B5461D06
:103CF00084134A1D8213741D0414DCB53C1D821309
:103D0000C3A5C2A5DEA5801D8013EFB592B5BE0D7B
:103D10006FF668B5C8C6E078F1C06C708FBB1E2125
:103D20000C00304B4C787D7998603860E20F6FFF63
:103D30000FD9D1C0E07F0E78E4C27FDA0845C340D6
:103D4000D73E1E7417BAC34122BE882FC343130047
:103D50000C784FA530A5218340830DA50EA50283C5
:103D600022A541A503A52483438305834A248071AA
:103D700040250C17CD7025A544A506A5A820000157
:103D8000041C11105425001A2C70420D6FF61CDA19
:103D9000C341304466C6C3407A440000DEA5701DAE
:103DA0004110841D8013741D4310801D8013881DD5
:103DB0008213D1A5D2A5D3A53BA51FA5C4C6E07883
:103DC0004A240071A82080011410020404199000F4
:103DD000E07EE0782C724C7102F00C782F2142804A
:103DE00042F70C7AFBF5E07F4040E0784081586074
:103DF0000110CC000088626A402C02124578E07FF6
:103E000060A1E078E07F00A131880EE918881508EC
:103E10005100C340A000D0850088147080D8E07D98
:103E2000E07FFFD8E07F0C70F1C058884A24C07052
:103E30002043C341A00018C1A820800100810B08C5
:103E4000800008E105F09A0B2000018100A3D1C099
:103E5000E07EE078E6C24A24C070C343A000ACC054
:103E600028476041A820000240810B0A0100041984
:103E700003001CE1181082004A24C0705423800DF6
:103E8000A820800120800B09800008E012F0C1808A
:103E90000336C0930EF2CB45F000340055D8360DF2
:103EA000EFF655AD4837C1124836C0122CB50DB5E6
:103EB000C6C6E078FAC2FC1CC8B6220B2FF4ABC110
:103EC000A60EEFF3184148C03B580E70CB47A00038
:103ED000ECC0124712424027181B46C047C1281F9A
:103EE0000014241F0014201F0014650220001C1F52
:103EF000001423760786147026020200698E318E24
:103F00008E8E181693107823000079210200047A0F
:103F100004EC0787047107A704EA0887047108A75F
:103F200004E90987047109A704EB0A8704710AA749
:103F3000792400100520BE80F3F22F26C524D67008
:103F4000DE012C00AE71C140241CC130260A6FF383
:103F5000281C40352C86341614101041AD702F20CB
:103F6000C004033140A344C0D4F74226002D0F788B
:103F70002708D400198EE5B8ABF45021FE87C34062
:103F800048440000CFF203310080CA210900CCF080
:103F9000D3417F4700FF6F70C340A000BC8584C140
:103FA0008AC2402404390343141C4034001F4310C8
:103FB000975AB60AAFFB1043001F0310001680701B
:103FC000A000E88531085E00C342A00020C10412B1
:103FD000070000128600888A4382301705100010FF
:103FE000843029C305C124C041C22F22C704DE0882
:103FF0006FF640C48C233FAD0BF40587A5710031EB
:10400000912F003F00000B0865036F71A5A78A2060
:104010003F0D033100A539230020C5206B0005208A
:10402000400579085180CB45F0003400870B3220E1
:1040300052D8190B303052D89A0BCFF64831C122E2
:104040004E2300200CB52DB509C17608EFFB0340C7
:104050004226012D2F791909F50005C00330808F04
:104060007F4700FF44F77FD817B845C072090000AA
:1040700044161110084510A6160A2FF5C14024E871
:10408000033140A34BF20C700335009046002C0026
:104090003C96A1E94E1682108A21BF0F0C778C2224
:1040A000C38FCA2041004E1E0210381E4510FFD893
:1040B00017F0220BCFF64831C1224E2300200CB559
:1040C0002DB52EF02C715E0C2FF3C14027F02E7011
:1040D00063F10335009010F70EE91CB60C700A0A64
:1040E000CFF306C31C14043000422C73AC70D20F03
:1040F000EFF6C140C3407F43000003350090CA2063
:1041000045034830C00206C31C1404300F7A7822DD
:1041100005002C72AA0FEFF6C140B1A64671E671F8
:1041200016F00041C340C83F0000033400A0CA207D
:104130000905033140A0AE70C4F6304110442DF1A2
:10414000033100A01044CA21052027F108C00C2724
:1041500000A0A205EBFF402FCE21470A30202E7190
:1041600008C01AE854210D3840210E368016C014BC
:104170001508520020855021FE8706F2860FE000C8
:104180000F7809E808C00671E50822A055250D182A
:1041900002F02E70C340A000D085001842040687AC
:1041A00009088504181F80146A0D8FFBABC0041426
:1041B0001B34DAC6F1C0520C2FE80C71C341130056
:1041C00030112609EFF60C72C34113007411AE09C9
:1041D000EFF60C724E0FC000D1C0E07E00410330FC
:1041E000808F7F4700FF0C70E020CA0703310080FA
:1041F0007FD817B8E07FCA204D00E078E8C3A3C19C
:10420000084703808A0AA000A08007851D08D00007
:10421000890851012885448161910C1110000082A8
:1042200082BB61B140C00CF00885028867087F003E
:1042300080C14485607AA140104030E82E08C0005B
:1042400004874024C332402404310241A0801187F6
:10425000C485DE0EEFFA4286360A80000B148030E9
:104260000F08510000C0238501A66079A140018795
:1042700007800B20808F0008180010F2048701C30C
:1042800000C201802480A38041A18281607D60A45E
:1042900004F04A0B2FF6A140D20F8000C8C7E07887
:1042A000E2C211809A0FEFFA884500A5C2C6E078F5
:1042B000118055002FFB2F79E2C211809A082FFB45
:1042C000884500A5C2C6E078A1012FFB1180E078E7
:1042D0004105EFFA1180E07869052FFB1180E07845
:1042E00055072FFB1180E078FAC2FC1CC8B6A3C1A9
:1042F000CB45A000B46D0A850A801470DE0562000B
:104300008A20FC000B8580204E002088560BE0019F
:10431000A1402A850B85C20D2001301941000B8573
:104320004BD9CD7070184200DF18580380200E0062
:10433000C0A8BA082FF654258019B2082FF65425C4
:104340000018D34413002478D34300000080CB47E7
:104350007F7FFFFFC3420000EFFF40DBCC754024AE
:1043600007325624C12BA1400A24C004E14542C6AD
:10437000001E8073A000B898620B6FF55045DB43B8
:104380001300B07940DBCC75402407325423813CC4
:10439000A140A2420A24C004420B6FF5E14540DB74
:1043A000CC7540240732A1406341A2420A24C004D4
:1043B0002A0B6FF5E145C3401300549176082FF5A1
:1043C00042C6C341A000EC99B20BEFF20C71CB478F
:1043D0001300B07C2C713A086FF55827401B40241D
:1043E00000252E086FF52C71D3461300E08010D9FC
:1043F0006A092002402600295926012940DA8A2428
:10440000010840240532A140C60EA0016243552692
:10441000412B40DA8A24010840240532A140B20E23
:10442000A00162435826C12F40DA8A2401084024A3
:104430000532A1409A0EA0016243DB401300388F81
:1044400040DA8A240108402405325820C13FA140A7
:104450007E0EA00162435526812D40DA8A24010890
:1044600040240532A1406A0EA0016243C3401300FC
:10447000E491C20FCFF4C341A000949AFE0AEFF278
:104480000C734024002F8A0F2FF52C715424002A1E
:104490007E0F2FF52C715426802DC208200210D9D2
:1044A000D3411300708A40DA8A240108402405327F
:1044B0005821412BA1401A0EA0016243D34713009B
:1044C000448340DA8A240108402405325427012914
:1044D000A140FE0DA00162435821012940DA8A243F
:1044E000010840240532A140E60DA0016243552099
:1044F000013940DA8A24010840240532A140D20D56
:10450000A00162435427812D40DA8A240108402407
:104510000532A140BA0DA0016243C34013009C9133
:10452000120FCFF4C341A000409A520AEFF20C726E
:104530005827001ADA0E2FF52C714024002AD20ECB
:104540002FF52C71542600291208200210D942267A
:10455000012940DA8A24010840240532A140720D65
:10456000A00162435927012940DA8A240108402426
:104570000532A1405A0DA001624340DA8A240108A5
:1045800040240532A140C241460DA001624358209B
:10459000013940DA8A24010840240532A140320D55
:1045A000A00162435827C12F40DA8A240108402421
:1045B0000532A1401A0DA00162437A0EEFF4562392
:1045C000C039C341A0000899460C20010C762C711B
:1045D0003E0E2FF582405423003F360E2FF52C71EE
:1045E0005727001A2A0E2FF52C705521802D6E0F9B
:1045F000E00110D95521402B620FE0012C705521AC
:1046000000295A0FE0012C70DB4113007C7E40DA58
:104610008A240108402405325521813DA140B20C75
:10462000A0016243D3401300D48C40DA8A240108ED
:104630004024053256200129A140960CA001624376
:104640005526012940DA8A24010840240532A14078
:104650007E0CA0016243DE0DEFF45623403EC341C1
:10466000A000A099AA0B200109D84227001AA20D88
:104670002FF52C715523403B960D2FF52C714227B9
:1046800000158E0D2FF52C705820402BCE0EE0011A
:1046900010D95820802DC60EE0012C705820C02F54
:1046A000BA0EE0012C708E0DEFF45623003CC3418E
:1046B000A00054995A0B200107D85523C038520D39
:1046C0002FF52C715523003A460D2FF52C714227FA
:1046D000001F3E0D2FF52C70592000297E0EE001A1
:1046E00010D956210029760EE0012C705521C02FDB
:1046F0006A0EE0012C705726812D40DA8A240108C9
:1047000040240532A140CA0BA00162435820813DDC
:1047100040DA8A24010840240532A140B20BA001EE
:1047200062435626012940DA8A24010840240532D2
:10473000A1409E0BA0016243C3401300C490F60C3D
:10474000CFF4C341A000749C8E0FAFF210D858274D
:10475000C01DBE0C2FF52C705521C03FFE0DE00191
:1047600010D9C34013000C91CA0CCFF4C341A00070
:10477000B8A14E0920010BD85627C01D920C2FF569
:104780002C705827001F8A0C2FF52C705521403BA8
:10479000CA0DE00110D9562101394C706C708A2481
:1047A0000108402405322A0BA001A14059200139FB
:1047B0004C706C708A24010840240532120BA00151
:1047C000A140720CEFF45527001EC341A0008CA637
:1047D000F608EFF20DD85421803C360C2FF52C70E2
:1047E0004021003A2A0C2FF52C70D34213000C887C
:1047F00010D96A0DE0015522C02F5522402B5E0DC5
:10480000E00140D92E0CEFF456274019C341A00017
:104810004CA9E60920010ED84021003FF20B2FF5EC
:104820002C7056220029360DE0012C705522802D67
:104830002A0DE00110D9FE0BEFF45627801BC3416F
:10484000A00040984A09EFF229D85521C038C20B80
:104850002FF52C705520802D020DE00110D9CB468C
:10486000A0005E6E20965725002E40C0247800B62A
:104870005520C02FE60CE00150D92A9600C040DA3E
:104880008A24010824780AB65821C12F4024053211
:10489000A1403E0AA00162435420813D40DA8A24AF
:1048A000010840240532A140260AA00162434027A6
:1048B000012940DA8A24010840240532A140120A65
:1048C000A0016243592101294C706C708A240108AF
:1048D00040240532FA09A001A140542001394C704E
:1048E0006C708A24010840240532E609A001A14029
:1048F000C340130004933E0BCFF4C341A000049CBB
:10490000A60FAFF212D85421003A060B2FF52C70E7
:104910005821802D460CE00110D91A0BEFF45523D5
:10492000003FC341A000209E9A0820010CD84021DE
:104930000035DE0A2FF52C70542200291E0CE001F0
:1049400010D940D9160CE0014240402200290E0C3B
:10495000E00140D9572601294C706C708A24010867
:10496000402405326A09A001A1405820413B4C7007
:104970006C708A240108402405325609A001A14028
:10498000B20AEFF45524002AC341A000149F2E0E52
:10499000AFF215D85424802C760A2FF5A241CB46CD
:1049A0001300A88510D9B60BE00142260019542641
:1049B0000019AA0BE0012C702C70A20BE001C14081
:1049C00000160171A0000E6E4025002341C024781E
:1049D000001E0470A0000E6E4C4E820BE0012C7085
:1049E00000160171A000226E01C040DA8A2401087D
:1049F0002478001E0470A000226E5822C12F40248B
:104A00000532A140CA08A00162434220013940DAC0
:104A10008A24010840240532A140B608A00162435F
:104A20005827012940DA8A24010840240532A14090
:104A30009E08A0016243FE09EFF455278019C34187
:104A4000A0009C9B8A0DAFF217D85424002FC209F6
:104A50002FF5A24155260019020BE00110D954266A
:104A6000801DFA0AE0012C705922012940DA8A24BB
:104A7000010840240532A1405608A0016243572096
:104A8000013940DA8A24010840240532A140420855
:104A9000A00162435827412B40DA8A2401084024B0
:104AA0000532A1402A08A00162438A09EFF4552487
:104AB000802EC341A000E8A3B60EE00018D855240C
:104AC000C0284E092FF5A2415526C01F8E0AE001CD
:104AD00010D95526401B860AE0012C705526801DF2
:104AE0007A0AE0012C7000160171A000366E01C038
:104AF0002478001E0470A000366E562600195E0A47
:104B0000E0012C7040DA8A24010840240532A140DB
:104B10002241BE0F600162435520813D40DA8A2464
:104B2000010840240532A140A60F600162435527C9
:104B3000812D40DA8A24010840240532A140920FD9
:104B400060016243EE08EFF456248029C341A000BF
:104B5000A8973E0EE0002AD84023003AB2082FF56D
:104B6000A2414023003FAA082FF5A2415423003A56
:104B70009E082FF5A24158220029E209E0012C707D
:104B800000160171A0004A6E00C02478001E047057
:104B9000A0004A6E5722802DC209E00110D9572289
:104BA0000029BA09E00110D942220029AE09E0012A
:104BB00010D94A24C070C34313004895A82040026E
:104BC0000413000400C108804190447921B0C3431C
:104BD000000000805721812D40DA8A2401084024FA
:104BE0000532A140EA0E6001704340DA8A240108D0
:104BF00040240532A1400341D60E6001624357278D
:104C0000012940DA8A24010840240532A140C20E5D
:104C1000600162435721012940DA8A2401084024B7
:104C20000532A140AA0E600162434020013940DAFA
:104C30008A24010840240532A140960E6001624397
:104C400040DA8A24010840240532A140E241820E64
:104C5000600162434221012940DA8A24010840248C
:104C60000532A1406A0E600162435520413B40DAA3
:104C70008A24010840240532A140560E6001624397
:104C80005527012940DA8A24010840240532A14031
:104C90003E0E60016243C34013002494960F8FF4CC
:104CA000C341A000789DA20DE0001FD85523803C91
:104CB0005E0FEFF42C705421003F560FEFF42C7070
:104CC0005521003A4A0FEFF42C702C70420FEFF48C
:104CD000234010D98608E0010240402001294C7091
:104CE0006C708A24010840240532E60D6001A14061
:104CF000562001394C706C708A240108402405321A
:104D0000CE0D6001A1405826C11F4C706C708A24E2
:104D1000010840240532BA0D6001A140402101295B
:104D20004C706C708A24010840240532A20D600189
:104D3000A1405520C13F4C706C708A24010840246A
:104D400005328E0D6001A140592601194C706C701E
:104D50008A24010840240532760D6001A140C34039
:104D600013009493CE0E8FF4C341A000CC98B60BE1
:104D7000AFF220D82C709A0EEFF4E14058200029B1
:104D8000DA0FA00110D95720812D4C706C708A2445
:104D90000108402405323A0D6001A1405527C12F7A
:104DA0004C706C708A24010840240532220D600189
:104DB000A140C3401300B4947A0E8FF4C341A00005
:104DC000E89AA60BAFF221D85523C03D420EEFF46E
:104DD0002C7055200029860FA00110D95520412B99
:104DE0004C706C708A24010840240532E20C60018A
:104DF000A1405826411B4C706C708A240108402445
:104E00000532CE0C6001A140C3401300FC94260E75
:104E10008FF4C341A000EC9C460CE0003CD87C4FD2
:104E2000EE0DEFF42C70C34013007C902E0FA00108
:104E300010D9C3411300A0904C706C708A240108F3
:104E4000402405328A0C6001A140582601194C709B
:104E50006C708A24010840240532760C6001A14060
:104E6000D20DAFF45427001AC341A00044A09E08FD
:104E7000AFF222D85827801C960DEFF42C705826DC
:104E8000802DDA0EA00110D958260029CE0EA001DF
:104E90002C705826412B4C706C708A2401084024D9
:104EA00005322E0C6001A1405526C12F4C706C704C
:104EB0008A24010840240532160C6001A140C34039
:104EC00013006C946E0D8FF4C341A000409B820AC6
:104ED000AFF22BD8584F3A0DEFF42C705420002924
:104EE0007A0EA00110D95420812D4C706C708A2448
:104EF000010840240532DA0B6001A1405826811DCB
:104F00004C706C708A24010840240532C20B600189
:104F1000A140C340130074921A0D8FF4C341A00046
:104F2000C097E608AFF22CD85827C018E20CEFF46F
:104F30002C705822802D260EA00110D95822412B0A
:104F40004C706C708A24010840240532820B600189
:104F5000A1405727812D4C706C708A240108402491
:104F600005326E0B6001A140C34013004C93C60C88
:104F70008FF4C341A000DC977E09AFF22DD85727EC
:104F8000801C8E0CEFF42C7054210029CE0DA00152
:104F900010D95421812D4C706C708A240108402452
:104FA00005322E0B6001A1405527412B4C706C70CF
:104FB0008A24010840240532160B6001A140C34039
:104FC0001300DC936E0C8FF4C341A000FC975E0AC3
:104FD000E0003DD82C4F3A0CEFF42C7057200029FC
:104FE0007A0DA00110D9422001294C706C708A24DE
:104FF000010840240532DA0A6001A1405627012940
:105000004C706C708A24010840240532C20A600189
:10501000A140C3401300BC921A0C8FF4C341A000FE
:105020006498BE09E00040D85727001FE20BEFF458
:105030002C705422802D260DA00110D95522012953
:105040004C706C708A24010840240532820A600189
:10505000A140422701294C706C708A240108402429
:1050600005326E0A6001A140C34013002C92C60BAA
:105070008FF4C341A0001C98DE08E00041D8402313
:1050800000358E0BEFF42C705726801DCE0CA0013E
:1050900010D9572601194C706C708A2401084024DD
:1050A00005322E0A6001A1405720813D4C706C7082
:1050B0008A24010840240532160A6001A1405827BD
:1050C000812D4C706C708A24010840240532020A3C
:1050D0006001A140E6086FF5A140A3C004141B3491
:1050E000DAC6E078E4C20846038000804880118672
:1050F000648281922382A08382BCD608AFFB81B2F6
:105100001908FE0100422486C6BA008124808380EB
:10511000A1A16281607C40ABC4C6E078E2C211808C
:105120000E0BAFFB884500A5C2C6E07811808D0349
:10513000AFFB2F79E2C21180AA0BAFFB884500A517
:10514000C2C6E078E104AFFB1180E078C9076FFBCD
:105150001180E0785905AFFB1180E0783506AFFB90
:105160001180E078ECC3A8C1438008470082228206
:105170008880C8812182021409110C160B10A881A5
:105180004F21801001B40484021508112384638523
:10519000001011004F2080100F0B301001B5019648
:1051A00082B801B605F040240B330C1C0130038299
:1051B0004128881008804380404506EA419082BA21
:1051C00041B006F040240532081C0130508780941D
:1051D000A09501921D083E0044204410442108116E
:1051E00005243E822DF40420800F0000FEFF01B252
:1051F0004834021048350010073086000487498F74
:1052000080809140110AB40010141210A180C4854E
:10521000828603F084C40812072065421187920D2C
:10522000AFFB40C41E4102406079041A4024098F3C
:105230000F08B400A14023856079041E4014CCC738
:10524000E6C24380208261825080288168830212F6
:10525000080102110B01A4810C1107004F238C10CF
:1052600081B181930C1309002091E093A0854F2414
:105270008E1022BCC1B31F083E10442443104423A7
:105280000C1105233E831CF404208C1F0000FEFF3C
:1052900081B2448048310C00118048370110C0822F
:1052A000073105032141E042E486A1441A0FAFFB18
:1052B000081706102386C1406079A1A7C6C6E0780A
:1052C000E6C3A6C100410380EC704080A280E88262
:1052D00041800380021705114882C4874F2583004F
:1052E00061B7819268850C1708104F248D10A1B208
:1052F000A193412C84100C1209004F258C1081B30E
:1053000088800C130B00C08601941908BF00412D42
:105310008610A38482B801B40015871085273E004B
:1053200090810093A0974092619444244400230B01
:105330003E004426460044250501052505010525B6
:10534000BE8125F40423830F0000FEFF61B44830C2
:105350000300048148350C102F27C7014832020092
:10536000E08007330303118107320203A487C1459C
:10537000228542C1214141C3614340C26A09EFFB1A
:1053800001422387E1406079C1A5C6C7E2C211800E
:10539000B60AEFFB884500A5C2C6E0781180D103AC
:1053A000EFFB2F79E2C21180BE0CEFFB884500A510
:1053B000C2C6E07895032FFC1180E078B500EFFBC2
:1053C0001180E07899042FFC1180E07859052FFCBA
:1053D0001180E078ECC2A080684650418A85EB8558
:1053E0000C84170871003040E14080200E00301C12
:1053F000011000180300442052A00BF280270E1069
:10540000008F0F08A503A140CA094001C0AF782250
:10541000012084EE0C773AE97826001005207E8082
:105420002EF40A248073ED702C704C706C70224046
:10543000A820400488909571CA2301000AF295754E
:10544000CA21010006F20B0CD110004202F0E180EB
:1054500018E004EAE18207F003EBE18303F003E9DB
:10546000E181D5714A204000CA208D030A240070D2
:1054700040210121A82000011819D003A1400241B8
:105480002242620BEFF4C143CCC6E0783E78E07E66
:1054900048886C7060B142223C80E07C8380A82008
:1054A000400304140014088042880D0A9F010590EF
:1054B000057B60B1E078E07E52D900180301011845
:1054C000030003184300E07F22A8E07860820C709C
:1054D0008A213C0197E300A2E07FCA204D00E078DA
:1054E000FAC2FC1CC8B6B9C1A380084744171B10F8
:1054F000B1400085402417362880448103816191A2
:1055000045C0008282BB14DA44C061B186C0BE0DC2
:10551000AFF52C70088F6108B4008D7004770A24F1
:10552000007086C340240436A82040090E42088239
:1055300020904109850F0000F0FF219035099F0060
:105540004C928C2205850FF28C22858608F28C22E3
:1055500005860FF444800C10170008F04480638027
:1055600004F044800C100400C08282B921B085711F
:10557000067405F04024043686C3308741912D0A15
:105580003E006D7104138030110834044128080175
:10559000C3B8090800026D728F789F08C402042204
:1055A000800F0000FEFF01B10487298F41800810A1
:1055B000130000101400504110121800101319208D
:1055C0001D093401101415204480A380504010128E
:1055D000160010151210D640564104F08BC090C131
:1055E00008110730081006300815052040C105C114
:1055F00041C063409E086FFCE24204C09E41041D0E
:1056000000206079824004C03E4104180030607977
:1056100022407E416240607904198033098F1B0863
:105620003401A14023856079041A80231E41024081
:105630006079041E8023B9C004141B34DAC6E078F4
:10564000E2C211808E096FFC884500A5C2C6E078D1
:10565000118001026FFC2F79E2C21180660A6FFC93
:10566000884500A5C2C6E078E4C0638091800888C0
:105670004083848C4882A5924B08B400A0B1047783
:105680000A240070412C0E11A820400741830C927F
:105690008C2005850BF28C20058607F28C208586F0
:1056A00007F40C7206F00C7104F00C7402F00C702C
:1056B0008B7804F4CB7806F208820590057DA0B1C2
:1056C0006474C4C451026FFC1180E07811072FFC90
:1056D0001180E0786D026FFC1180E078F2C208471B
:1056E000038091873040D3440000EFFF0080748C2A
:1056F000041492109141488021920421010521B2A5
:1057000033EB698F2C70684137EB8487CC70C047CE
:10571000234CA28BA94325ED081308000A24C0726C
:10572000A820C007041003140A23C0110A24800112
:10573000CC706883EC716093D3730000FFFFCA26BE
:105740000101CA27C1020CF2150950000A27C00244
:105750000D0B31100A260001EC70CC71E078247139
:10576000B10944820AF030872608AFF520911087EE
:1057700054270E1815F0CC70190E300054270E184F
:10578000A492A1410A08AFF5A3B2001844230CF07B
:10579000308740DB63B2FA0F6FF5209110870090DD
:1057A00000180420412A15216E713AF00387404801
:1057B0006880AC9081938C250595A943042401153C
:1057C00021B30BF28C2305962C710AF28C2385965B
:1057D00005F42C7204F02C7402F02C700B218084E0
:1057E00014208D2005F2208684BC81B308F00B21A3
:1057F000408505F4151181200AE92086920F6FF586
:1058000020910086009000B566710AF0C341000047
:10581000FFFF7E0F4FF5001DC51FF8F1088F2F22E7
:10582000C7048D0A0480D2C645016FFC1180E07860
:10583000EEC3A8C10847018023870E70CD70078092
:10584000A0810B20808F2000010003F2C181190884
:105850009E000420800F2200000052207E8404F26B
:10586000081110002A0CCFFF07851F08D000A908D7
:1058700051012885448161910C111300008282BB83
:1058800061B140C00CF0088502883D087F0080C1EE
:105890004485607AA1408108300010434E70524127
:1058A00027EE288641914B0ABF002E7007863308E9
:1058B000D0006508710182BA6481038141B16083BF
:1058C00043C313F0160D6FF5A14005EE0E0D6FF5F5
:1058D000C140450830200240020D4FF51CF04486BF
:1058E00083C1607AC1400010910085213E203F08AD
:1058F0001020201001204191330A9F001E441F08F0
:10590000D0001508710182BA6481038141B16083BE
:1059100042C309F056090000CEC7064682C1607A2C
:1059200002400010920085223E20420900000187BB
:105930001E8817087F00402404340487A080C48593
:105940000816041001F011872F2247042F23870423
:105950004024C5316A0B6FFC62410187078019083A
:105960005F040714C0301108130000C0238501A68E
:105970006079A140CEC7E078E2C211800A0E6FFCC8
:10598000884500A5C2C6E0781180C9066FFC2F7952
:10599000E2C21180360F6FFC884500A5C2C6E078D0
:1059A0004100AFFC1180E078E1016FFC1180E078EC
:1059B0003900AFFC1180E078D102AFFC1180E078B3
:1059C000E4C2084603800080488011866482819288
:1059D0002382A08382BC9A0FAFFC81B21908FE011A
:1059E00000422486C6BA008124808380A1A16281FE
:1059F000607C40ABC4C6E078E2C211804608EFFC90
:105A0000884500A5C2C6E0781180BD00EFFC2F7963
:105A1000E2C21180C608EFFC884500A5C2C6E07846
:105A20003901EFFC1180E0788D06AFFC1180E07841
:105A30003101EFFC1180E078CD01EFFC1180E078BE
:105A4000C341A000B46D498120A0007A08E917097C
:105A50005100C341A000B46D20A006F0E07F8A2071
:105A6000BC002080098100785E78E07EE8C228478B
:105A7000504008452C708A2206005208AFF5E140DC
:105A80001F0830202C70CD7006ED048520487A0F59
:105A90002FF5E141C571CF79F1092484E574C8C6B9
:105AA000EEC3A4C108470380A180C0802885088672
:105AB00002111101DA09EFFF021010010785230816
:105AC000D000E1085101DD099F20088564804190E4
:105AD0000C101200208382BA41B040C10CF008853E
:105AE00002883F087F0080C14485607AA140B508E4
:105AF0003000104207863908F00081C1A508710105
:105B000041289020442053A01EF4088644806190D0
:105B10000C101000208282BB61B041C119F0BE0A96
:105B20006FF5A140B60A6FF5C1403CF0658600C232
:105B3000607BC1401040147083C078201320CA20BD
:105B4000012007F06F2043004024103341C01E0F96
:105B5000CFFF3087019119081E004D099F20490B86
:105B600011200420800F0000FEFF01B10487001403
:105B700004304024C6320241A08011874242624371
:105B8000C485060CEFFC081605100609CFFF0B14A0
:105B9000C0301108130000C0238501A66079A14020
:105BA000CA0ECFFFCEC7E078E2C211805A0EEFFCDA
:105BB000884500A5C2C6E0781180B107EFFC2F79B7
:105BC000E2C211800E082FFD884500A5C2C6E0780C
:105BD00055006FFD1180E0784D01EFFC1180E078F9
:105BE000F5006FFD1180E0782D026FFD1180E078E7
:105BF000E2C22908B1004C73CB45A000EC85218599
:105C0000C340A000AC6D0080247121A52C71820FCF
:105C1000AFF76C70001D4310C2C6E078F0C3A9C195
:105C200063802083A881218381954881C48582BCBB
:105C300081B5E1928180001611104F27811021B2A9
:105C40002385A4829E8C4382F1431D0C3F100015D6
:105C5000141062838883A1940D0DBF1082BD6384EC
:105C6000A1B40BF08D70CB457F43000080C342C4CC
:105C700041C440C443C5848011804024043540247D
:105C8000C734E284C084A1841017121010161010BB
:105C900008120620DA0E6FFD081005202386C14089
:105CA000041840246079041A4024170BBF2085C1D2
:105CB000A1404A0BE000824223856079A140131481
:105CC000803085E823876079E140D0C7E2C2118047
:105CD000460F6FFD884500A5C2C6E07811809D077C
:105CE0006FFD2F79E2C21180FE08AFFD884500A547
:105CF000C2C6E0789D078FFF7101AFFD1180E0788B
:105D0000E5056FFD1180E0787D01AFFD1180E07841
:105D1000110200004D03AFFD1180E078F0C3A9C16E
:105D2000A380418020856185888127826883419492
:105D30000421810F2200000052217E8482BA41B4E6
:105D4000C48423848483E1934383001611100014D8
:105D500014104F278C10F14381B30BF262858883B6
:105D6000A1940F0DBF1082BD6384A1B40AF08D70A1
:105D7000CB457F43000080C342C441C440C443C5F7
:105D800084801180402404354024C734E284C084D8
:105D9000A184101712101016101008120620D20D30
:105DA0006FFD081005202386C14004184024607947
:105DB000041A4024150BBF2085C1A1403E0AE00013
:105DC000824223856079A1401314803084E82387C0
:105DD0006079E140D0C7E078E2C211803A0E6FFDF1
:105DE000884500A5C2C6E078118091066FFD2F7925
:105DF000E2C21180F20F6FFD884500A5C2C6E078AF
:105E000091068FFF6500AFFD1180E078D9046FFD2A
:105E10001180E0787100AFFD1180E078050100008D
:105E20004102AFFD1180E078F0C3A9C183802084D6
:105E300068812184A1934881228482BDA1B3E1922B
:105E4000A881C483238364824F278C1081B28195FB
:105E500043820016111000131400110CBF10F143FF
:105E6000638582BC81B50BF08D70CB457F4300000C
:105E700080C342C441C440C443C5848011804024CF
:105E800004354024C734E284C084A1841017121062
:105E90001016101008120620D60C6FFD08100520F1
:105EA0002386C140041840246079041A4024170B4B
:105EB000BF2085C1A1404609E00082422385607968
:105EC000A1401314803085E823876079E140D0C772
:105ED000E2C21180420D6FFD884500A5C2C6E07880
:105EE000118099056FFD2F79E2C21180FA0E6FFDC6
:105EF000884500A5C2C6E07899058FFF6D076FFD44
:105F00001180E078E1036FFD1180E07879076FFD83
:105F10001180E0780D0000004901AFFD1180E078AC
:105F2000E6C20847508703802845C0920080620877
:105F30006FF5C1410387C141C0B556086FF50180B7
:105F4000C1B5C6C6E2C3A4C148452F7A28B980C3EB
:105F50004E0F20012F7900C000A5C2C7E2C3A9C11E
:105F600080C1F6086001484580C124DA1A0D6FE748
:105F7000A140C2C7E4C20846038000804880118661
:105F8000648281922382A08382BC920DAFFD81B294
:105F90001908FE0100422486C6BA0081248083804D
:105FA000A1A16281607C40ABC4C6E078E2C21180EE
:105FB0001E0EAFFD884500A5C2C6E07811807106AF
:105FC000AFFD2F79E2C211807A0EAFFD884500A5A2
:105FD000C2C6E078F906AFFD1180E078B104AFFDEC
:105FE0001180E0780507AFFD1180E078A107AFFDD3
:105FF0001180E078F4C3A5C108450380848521851C
:106000000080E184C0841C110B0008801017101060
:10601000101612106480419023800013110082BA80
:106020000D0B7F1641B00C7283C308F042840C73D1
:1060300050431012140096430B0B7F174024043179
:1060400007F0F02415101015162008160420081269
:10605000052016421185A608EFFD4024C630031422
:10606000C030150813002386C1406079041A40240B
:10607000031480300F08FE00E14023876079041884
:106080004024018507801D085E0603148130150930
:106090001E017E4162406079041C40240185078016
:1060A00017085E07031480300F087E01A240BE412E
:1060B0006079041E4024D4C7E2C211804E0CEFFD6B
:1060C000884500A5C2C6E0781180A104EFFD2F79B4
:1060D000E2C21180BE0CEFFD884500A5C2C6E07883
:1060E000A906EFFD1180E078E106AFFD1180E078B0
:1060F000F107EFFD1180E078CD012FFE1180E078EF
:106100004128C100442101073021820FA00074E022
:106110002C7100290000047AE07F79220000E078E9
:10612000C341A00074E04281018160810522820F99
:106130000070F97805208C0FFFF900000523800F0F
:10614000FF0F00FC81A142A1E07F00A18C2002880A
:10615000E020C5074128C10044210207C372A00006
:1061600074E02082C4B80F210000E07F00A2E07834
:1061700021038FFFE6C2D180084510802847448E56
:106180002F0A7100009095E803852C70020E2FF500
:1061900000800385C3410000FFFF001F0510F20DC2
:1061A0002FF501801085021FC51F448E009094E8D2
:1061B000250A91000385C3410000FFFFD20D2FF592
:1061C000008003852C70001FC51FC60D2FF50180B0
:1061D000021F0510C6C6E078FAC2FC1CC8B6A5C1ED
:1061E000081C003143C341C240C1A08001C0EE7011
:1061F000D3407F4700FF208002C03043008044C06E
:10620000F90930002C1518102F70D342103AE02DE8
:10621000D341484200003B430A2400240A250024BD
:10622000ED7000C6F67E0086C9083000EAE01AF27A
:10623000E8E031F41D8DBD081E0001868A21013A77
:10624000033000841044CA24012454F2033480A48F
:106250008A263F2D96F7033440A4DAF67D0300002A
:106260001D8D91081E0001868A23813A0330008427
:106270001045CA2501243EF2033580A48A263F2D0D
:1062800058032500033540A450030900041EC0151F
:1062900030F001860330C08558000C000330808F39
:1062A0007F4700EF4C000D000730800FC83F000013
:1062B0000A08EFF110464830C00229680B7910F245
:1062C0004A2400714A208000A8208001052902008C
:1062D0000C78457901694830000007F0483000002B
:1062E000033600A006F20030800FC83F000001A670
:1062F000E571330FC49408F06F700A2500240A2456
:1063000000247B418A240E110374008C33E802853B
:10631000208828402DE9C180ED70C3420000FFFFB6
:10632000E14E00914508D1020889708142203C80ED
:1063300040B310F20C110B00A8200003041300144A
:106340000880639005EB649003EB43B044B0E078C1
:10635000098942203C800AF210110100A820800126
:1063600004110004048040B0E571B90F0492001CD0
:10637000C2158A234E1100230B1600138010BF088C
:10638000100002852088B309300028406180ED703C
:10639000CB440000FFFFE14B0091450891030889C1
:1063A000508142203C8080B20EF24381A82000033D
:1063B000041200040880C39005EEC49003EE83B07D
:1063C00084B0E078098942203C800AF21011010073
:1063D000A820800104110004048080B0E571BB0F87
:1063E0000492ED70CB440000FFFFE14B00914508A3
:1063F00051030889508142203C8080B20EF24381D3
:10640000A8200003041200040880C39005EEC49085
:1064100003EE83B084B0E078098942203C800AF220
:1064200010110100A820800104110004048080B034
:10643000E571BB0F0492001BC21580208E31001045
:10644000803033E80285208828432DE98180CD7093
:10645000CB470000FFFFC14C00914508110308899C
:10646000508142203C80E0B20EF24381A82000031C
:10647000041200040880639005EB649003EBE3B022
:10648000E4B0E078098942203C800AF21011010052
:10649000A8208001041100040480E0B0C571BB0E87
:1064A000C4920018C23500C101C203C308140430ED
:1064B0006E08EFF4A140F108310010460785E908A5
:1064C0001E02390930301FD9B60FEFF302850334AD
:1064D00080AF7F4700EF004210F710EA1082009073
:1064E0004830000000340120073640704847000063
:1064F00031824830C0021FA1390B30301FD9820FC2
:10650000EFF30285033580AF7F4700EF004212F7BB
:1065100010EA108200904830000000350120073654
:1065200040704847000031824830C00284190000A2
:1065300000C0ED70C46834F000C00810010440C011
:10654000EAE112F2E8E12AF400860330808F7F4707
:1065500000FF24F202852A0FEFF31FD9318010804B
:106560003F8110F000860330808F7F4700FF16F2D6
:1065700002850E0FEFF31FD93180108084110100C6
:1065800000904831010048300000003040000736DC
:1065900000704847000000A608E6E57101C00080D1
:1065A000990F04904A856C708D70301A41002C1A36
:1065B000C00510F003C116210000208009E9018008
:1065C0000330808F7F4700EF03F764716BA2857102
:1065D00004C18F78E1084480C240A5C004141B3474
:1065E000DAC6E078E4C2084603800080488011865D
:1065F000648281922382A08382BCCE0EEFFD81B2A1
:106600001908FE0100422486C6BA008124808380D6
:10661000A1A16281607C40ABC4C6E078E2C2118077
:106620004A092FFE884500A5C2C6E0781180C9013D
:106630002FFE2F79E2C21180D2092FFE884500A5D6
:10664000C2C6E078C9022FFE1180E078A505EFFDF3
:106650001180E078C1022FFE1180E07819042FFE2E
:106660001180E078F4C382240C3F084602898A270F
:106670008E1028458A253E278C20838FDF67CBF438
:106680004A24C0734A200000A820800181C11961FA
:10669000047100A9038D09E82E718A25FE260F08D2
:1066A000340461C0B7F04A21C0238A23072D542641
:1066B00016195426941B0E7100239323001C0131DC
:1066C00081C1AE700C70422152000C2040A44601E2
:1066D0002D0014709FF43222002404778EE02C01E8
:1066E0000D002520000010F01BF02CF036F04AF0D1
:1066F0004EF054F058F05FF064F06BF06FF075F00E
:1067000079F07FF080C15624423D7E0D2000A140EB
:106710005624413D14DA720D2FE7C24076F080C155
:106720000024823F00009401520E2000A14000246A
:10673000813F0000940114DA4E0D2FE7824066F08D
:1067400080C185C252086000A14085C18A2206002E
:10675000360D2FE762405AF080C10024823F0000CE
:10676000BC0136096000A140701682100024813FF0
:106770000000BC014A092FF1DF160016104546F053
:1067800080C18E0B6000A1400AA640F080C1820B40
:106790006000A1400BA63AF080C1760B6000A140DA
:1067A0000CA634F080C16A0B6000A140DD1E1810F9
:1067B0002CF080C15A0B6000A140DE1E181026F09C
:1067C00080C1DE0DE000A140FF1F02901EF080C1DD
:1067D000CE0DE000A14000AF18F080C1C20DE00076
:1067E000A14001AF12F080C1B60DE000A14002AFA0
:1067F0000CF080C1AA0DE000A14003AF06F080C1FB
:106800009E0DE000A14004AFB6700C715FF50671FB
:1068100058F1A240D4C7E0784A24C070A8204002B2
:1068200002104205070A1300537A02199400E07E11
:10683000E4C208454A2600108A0D2FF90085C5716B
:10684000F90E3291041D1010C4C6E0782C724C7100
:1068500003F00E7809782F21428043F7097A5321FB
:106860008183F9F5E07F4E78F1C0004114730C7715
:1068700007F7F0264170130054B403E94079D1C002
:10688000E07EE078E6C3A5C168456083284614E34E
:106890002B0AE400004180C014DAEE0B2FE780C71A
:1068A0004A240075A8200002008501178114D860D1
:1068B000C57120A8008514E000A5C6C7E4C208463B
:1068C000204028451A0D2FFE00190100C0A5A14047
:1068D000C4C6E078E4C2AD70084670184203542084
:1068E00000092C70E6092FF54A2200054A24407160
:1068F0005426801BA8200001041811008A20070DCF
:10690000D8602C70C6092FF58A2206004A244071EF
:106910004026001DA8200001041811008A240178D7
:106920005426801EA820000104181100C140820EC8
:106930002FFEDF1E58134A244071C140A820400199
:10694000A1A0081850038A200E00D860A0A8C1405A
:10695000C4C6E078E4C208460C7000A104A9204037
:10696000DE096FFE2845C0A5A140C4C6E6C208479F
:10697000CD7020402845020A6FFEC0A1A140FA094F
:106980006FFED6A5E0A5A140C6C6E0784A24C07037
:10699000402103020A22800F13005C7600190100D7
:1069A00004194300A820800104120C04041B1003E6
:1069B00000A11419030015190300E07F2040E078BE
:1069C000E4C20846784928453E0E2FFA0019010016
:1069D000120B6FFEA140C0A5A140C4C6E4C2084688
:1069E0000C7000A104A92040AA0C6FFE2845C0A588
:1069F000A140C4C6E4C208460C7000A104A920400E
:106A0000BE0C6FFE2845C0A5A140C4C6E4C208461E
:106A10000C7000A104A93819020020408609AFFEBD
:106A20002845C0A5A140C4C64C7046DCFADB00A1D5
:106A30000419430087A162A146A145A144A143A135
:106A4000E07F2040E4C208460C7000A104A9204069
:106A5000B609AFFE2845C0A5A140C4C6E4C2084699
:106A600020402845D60AAFFE00190100C0A5A1406C
:106A7000C4C6E0786C7002104205090A1300537A0C
:106A80006471F70BB28002199400E07EE6C1A6C1E2
:106A900081800080C08145C4808144C001816843F9
:106AA0006C7084C55024FE9743C042C615F203346F
:106AB000809F803F000011F24A200000C0850471D1
:106AC00007360813F908B280041D1012018107303F
:106AD0000F0343C702F003C74A24C0704A240010C2
:106AE000A8204009F0230D13864A80C040240934B1
:106AF0002C7041C340C504110814A08024710036D5
:106B0000081201350812F309B2800418100200C1FE
:106B100001C015250D030037481015240E0302305F
:106B20000002857100A541C020A6C6C5E6C3A5C167
:106B300068456083284614E32B0AE400004180C0C6
:106B400014DA46092FE780C74A240075A8200002FE
:106B5000008501178114D860C57120A8008514E054
:106B600000A5C6C7E105CFF7F1C000410180842030
:106B7000030C1308300890E00C7008F400819C5A54
:106B800004F06E0EEFF70081D1C0E07E4A220000D3
:106B9000041003044471BFBBF90AB2800419D00089
:106BA000E07EE078E6C1A9C18180A08047C48280F0
:106BB000018146C5A08148C441C080810281502521
:106BC000FE9740C442C01DF27FDE17BE033580939E
:106BD00017F24A24C07086C0A820C0012080073167
:106BE00041030418500081C04A21000080802471B4
:106BF00007344C13F909B2800418100340C62D70F5
:106C00004024083040241E33214683C168440C7060
:106C100004140D140471A1A1F908B28004195003E1
:106C2000F0228B014A24C07086C483C0141C4032F9
:106C3000A820C00204140114A080003341100135C3
:106C400041100418500003C74A2000001420870197
:106C5000047103C4F0200B1015260130A08100340C
:106C6000CC121525CE0102350C13E47180A1E50884
:106C7000B28080A615248001C47108E38F0EF280D3
:106C8000E0A0C6C5E2C228452081404314DA19615C
:106C9000AE0DEFF46040008514E000A5C2C6E078B8
:106CA000E6C3822406306845608328465623030CD9
:106CB0002F0AE400004180C08A220600CA0FEFE6D6
:106CC00080C78A240670A82040020085011781141D
:106CD000D860C57120A800855620000C00A5C6C745
:106CE000E2C208450471CA0AEFF10F7810D9A14039
:106CF0000C58C340A00020862080C3401200CCC0A6
:106D000009092000B571C2C660D8CA202106B57035
:106D1000CA20A1010F58C2C6E6C248452846D60B74
:106D20002FF2084714700C7026F28CD85F270117D9
:106D3000EA783021820FA000A84D3020800FA000FB
:106D4000104A50700C71D8F780852D0C85105F2784
:106D5000011F3021830FA000CC4C99620AE1190970
:106D6000E5006C244110408659610019010020851E
:106D7000247420A5C6C6E078E2C22845208140439D
:106D800014DA1961BA0CEFF46040008514E000A534
:106D9000C2C6E078E6C38224063068456083284690
:106DA0005623030C2F0AE400004180C08A2206000B
:106DB000D60EEFE680C78A240670A8204002008520
:106DC00001178114D860C57120A800855620000CD9
:106DD00000A5C6C7E2C0084414701CD82AF22AE9EC
:106DE0006091E1D84D0B810F00002B667681B6844F
:106DF000410B4103A1940D0DDE11390B340470BB1E
:106E000080233E012D0B84004191290A41036294A5
:106E10004291210AC10063944391190AC100788408
:106E20005881110AC10059843981090981000C7007
:106E3000C2C4E078E2C2084514701CD81AF220954A
:106E40003109810F00002B665E8578D9B20C6FEA9C
:106E5000A14014701DD80EF21B8556850AB8107219
:106E6000E1D808F7388580223E09090A44000C70F1
:106E7000C2C6E078E8C2CB45120000402D0D811F4C
:106E8000120000402C70ED71176900208E0FA000D9
:106E9000E05E00963508800F00002B660169ED0862
:106EA000B4802C71CD7012F03825811F2000007045
:106EB0003825801F2000002025780F087100CD7034
:106EC000CB461200843FED706E0FEFFFC140C30848
:106ED0001100C3411300C4A7B249FE0EEFFFC14029
:106EE000AF0811001E0900004E0FEFFF0845A30870
:106EF000110001962D085E009708BE0016D8168571
:106F00002C774128BC800AF25425801FA8208001DC
:106F1000041002040639810017857708610013D830
:106F20007C150B10002340135420810FA140AA0EA2
:106F3000EFFF6142ADE85425821F5423831FC140F7
:106F40005E0DEFF7A141104000160070A000D85E62
:106F50002C707A0BEFF480DAD20FE000A14099E8B0
:106F600016EF368516861670C2212204386000207E
:106F70008E0F12007C4002260D70EDFF85BF0608C3
:106F80008FED1A652C70460BEFF4C140C8C6520E47
:106F90006FEC2C71E2C22845208140438A22060012
:106FA00019619E0AEFF4604000855620000C00A590
:106FB000C2C6E078E2C180838574290A2403A1C196
:106FC0004A24007140C00C70A820400280C2A083F7
:106FD0000C620471BA61247180AA0083047400A356
:106FE000C2C5E078C34313001875808380A0018375
:106FF00000A10283E07F00A2B901AFF2C0D8E0781F
:10700000C340130028B3E07EE2C04C702C718D7039
:1070100015F0218D34702C7011F4826B390CB31B78
:107020004E233C0B00240110A82080010111820492
:1070300083EA857110F04C712C7081439D60484348
:107040000AE9208D4C7134702C70FBF5816BC70CF4
:10705000B29B4C716140C2C4E2C2A20AAFF20845C1
:107060008C25839F0CF28C25839E12F28C25C39E67
:107070000CF28C25439E0FF40C730BF0A60AEFE87C
:107080000C73A20AEFE80C720C7103F00C72960AF2
:10709000CFE8C2C6E2C22845208140438A220600CA
:1070A00019619E09EFF4604000855620000C00A590
:1070B000C2C6E078E2C0A083816D110A2403B961E1
:1070C00000A90083047100A3C2C4E07842223C807E
:1070D000E07C40214306A8200003071301000D09AE
:1070E0000100208B87B920AB55230308E07EE078B0
:1070F0001470E07C398887B939A80080FCE8E07E0C
:10710000E8C3A1C1C341A0002C86008904E800198E
:107110000300925A8A20422CCB47F0004B00CB460A
:107120000000FC7F0C70C3410000FFFF80C2A60C72
:107130002FF76C7700C078E8AD705AD9001F0214A1
:10714000AB21080E0EF00B09500005E916F060584F
:1071500006E8C340A00024860080407800C00EF0FE
:1071600019086E03AF794A69DF0A5583C4789B5AC0
:1071700000C1D278247840C0A571AD0D1594F2E815
:10718000D2F1E078F1C004770F7804E9215803F0D8
:107190001D58D1C0E07EE078F1C02F7B8CD86A7892
:1071A0000020800FA000254A2F27BF006F233F003B
:1071B0006F263F0420880018C30F2F26BF008C21A4
:1071C000C38F07F2F026C0701300849A8C58D1C088
:1071D000E07EE078E2C24D08D101C340F0005B00E0
:1071E000A0882088E078FD0D4190C340A000B24106
:1071F0002088350D4010A0A84E096FE6A140AE0DC5
:107200006FECA140CB45F0004700CE0A6FE6008D41
:107210000BE8008D00160170A0002886407907F069
:10722000BE0BCFF2C2C60C700F58C340A000A042E4
:1072300020882F27FF006F233F00C342F000500239
:1072400000821020400000A22F26FF00C2C6E07876
:10725000E07F00A1408102A15470E07C2181007A8E
:10726000E2C3A3C108B88FB897B88845FFDCC34410
:1072700013002C5740240532CC7098B842C4BE0885
:107280002FF340C52E08EFF782C1C2C7E2C3A3C1E6
:1072900008B897B88845FFDCC34413002C57402436
:1072A0000532CC7098B842C492082FF340C5060846
:1072B000EFF782C1C2C7E078402008014C702C7102
:1072C0006C7017F0F420C10034702C7011F4626CF3
:1072D000390BF3004E247C1014200113A8208001E8
:1072E0000211020583EA647110F04C712C7068443D
:1072F00048430CE9F42001034C7134702C70FAF50A
:10730000616CC50BF2804C71E07F6140E4C3A1C1A8
:10731000A08128464C74B9606E09EFE680C000C0B9
:10732000246D20A6C4C7E078E6C3AAC1684560837F
:10733000284628E32B0AE400004180C028DA4A09E5
:10734000EFE680C74A24007AA820000200850117D2
:107350008114D860C57120A8008528E000A5C6C7A3
:10736000E2C2C342A000AE4AFFD8CB44A000224AEA
:10737000C341A0003A4BF5DDFBDB03AA03AC03A934
:10738000A0AC60AA620A2FF360A9C341A000044226
:107390000019800F1300B056C2C6E078F1C0001685
:1073A0000270A000F886C3401300DC55C3411300EF
:1073B000949A6C70C345A100CC1AC346A00038E86B
:1073C0001A09AFF88A248200001E0070A0003086DF
:1073D000D1C0E07EE4C2C340F0003E00208881B905
:1073E00020A800168070F0000C011B083E01AD7053
:1073F000360B4FF8084529680C7097B81071CA25EC
:107400000610820B4FED6A0B6FED08460041A1425A
:107410000E0E2FF8C1400E098FF60C70C4C6E0782E
:10742000E4C3A2C1CB45A00094E60C71A20AEFF61A
:107430009C4D00160270A0000087CB46A00010866D
:1074400000A65425861AC3401300346EC3411300AE
:107450006F9A6C70C345A100CC108208AFF88A24E3
:10746000C20001A64A260010C34069724E5640C0B1
:1074700074D8041C04306A4E60C054D8CC78F0260E
:107480008273A0000487F0268573A000108755251D
:10749000811A00204600626E4E26C411C3401300BC
:1074A00044743A08AFF880C115258113C571BD0E2B
:1074B000F49000A1C4C7E078F2C270425045304356
:1074C0000846CB47F000340097D8347006012100FD
:1074D00017AF2E708A24032032401A200D25DD6557
:1074E0003215C11029093200532100012108750607
:1074F00025B9532142009E0A6FF3A1413215811034
:107500000C71C342F0006002387800A20885842024
:10751000030CA0E0560022008D712E1580102F154F
:107520008210002C01102F27FF006F233F00C34063
:10753000F0004002110A10004580267A45A02F264F
:10754000FF0007F04580457925A02F26FF002E1566
:107550008210587C86A02F27FF006F233F002480D5
:107560001021810024A02F26FF0006710C20C0A44A
:107570006A07C5FF6F26FF0598D8AD7017AF5AD9B7
:107580000C70AB21080EAA1E0210AD1E0210AF1E19
:1075900002101A0A2FF3C1402508B40008430086E0
:1075A000520BEFFF071E4310C140A241220BEFFF19
:1075B0004242188E0A21C02216AF07F03216801000
:1075C000F60FAFF1C4B8A571B70DE49455260E1CA3
:1075D00006F06F26FF0598D82E7017AF99D8350A98
:1075E000302017AFCD70B76EA275A1403E0B2FF3C0
:1075F0003A1D05101708B4000042A140F60AEFFF3B
:10760000071D4310188D504116AFC571DB0E8494D1
:107610009AD85AD917AF2F204704AB21080ED2C6EB
:10762000E2C228452081404328DA1961120CAFF4E8
:107630006040008528E000A5C2C6E078488123921A
:107640000B084400249209210100E07F2040E078EB
:10765000F8C3A3C158403045920E6FF30845D3429A
:107660000000FFFF9308A00410416E70D344000097
:10767000EFFF402417304A4722F00385F0200E0424
:1076800007860D08F100C140520F4FF4150C642419
:107690000A2680242240C14123204005034210468F
:1076A000C140EE08AFF4C24114270024001884053D
:1076B000F0780A0D6FF3C24108476671088D2F20DC
:1076C000C724BB0824A0F07E1085870CA423E0B05B
:1076D000478505EA80C1607AA140698505EB80C2D3
:1076E000A140607BC141F60C6FF3A1401085219051
:1076F00080B921B0D8C7088D11E8CD704A27001095
:107700000385C04823804079288D80C0E571D478F6
:10771000EF7EF10E64900018C50F69851085001882
:10772000840406EB80C2A140607B4241098D11E8D0
:107730004A2600102485CF780049C3410000FFFF8E
:10774000760F8FF3098DC571CF79ED090480D8C705
:10775000F1C08881628C0F0B9E016594647A170AD0
:10776000C100C3420000FFFF1908800087E843946E
:1077700008F0C3420000FFFF04F0C60ECFFF004236
:10778000D1C0E07F5078E078E2C28881A1940F0DEB
:107790009E116594647A1B0AC100C3420000FFFF7A
:1077A0001D08800003E8130D1F11449408F0C34224
:1077B0000000FFFF04F08A0ECFFF00425078C2C6DF
:1077C000F1C08881628C0F0B9E016594647A170A60
:1077D000C100C3420000FFFF1908800087E84494FD
:1077E00008F0C3420000FFFF04F0560ECFFF004236
:1077F000D1C0E07F5078E078E6C08480CD7041A4AD
:10780000A88C16F0038C42203C8011F246841A2684
:107810000310757A0A234000A8204002E082041376
:1078200000040130C003041A1000C571D90E44933E
:10783000C6C4E078E8C2A48010400095BF08850F58
:107840000000F0FF990830000240CA0900000C1542
:1078500008101C150910ED70E9433AF0164066480F
:1078600008868090670C801F0000FFFF0644009090
:10787000052C0C100C7090790700000004710F7A31
:107880002F26C703250A8501F4218610F10981817D
:10789000017300AB2485638D858508864A7B557905
:1078A00024A0757C83A013F00173E0AB038D142139
:1078B0008111448580B11F20810165850886E571AD
:1078C00015228201357B44A063A0657102108020DF
:1078D0002F23C702890B0480E8AD13F0021080202B
:1078E00042203C800DF2448565851641A820C001E8
:1078F00004110004088063A044A0081D03100C704C
:10790000C8C6E078EAC2448008460092D508300034
:10791000AD70081288000C121100201210001C1209
:107920000900ED7044F0F420C0230471001E04002F
:10793000F421C11310783D084100238A284315E93A
:1079400066821A27C11285820A24C0724830070055
:10795000357B357CA820400200830730C001041C21
:107960001010041B500304822182001E44031DF0EA
:107970003B0994002412800033085100838A42247A
:107980003C900FF225821A27001366821579157B29
:10799000A820C001008304191000041B11000482F8
:1079A0002182001E0500F57820A0E5717B0F24924E
:1079B0001420C623241A42030FF032214020F42061
:1079C00000208AE8028620482880228909091E00B2
:1079D000B2098FF3A571028EAF79E309048013F029
:1079E000428E11EAAD702286AF7800492880228944
:1079F0000B091E008E098FF3428EA571AF78EB083C
:107A00008480CAC60480658060A10480E07F00A2F3
:107A1000E4C2C480084542882C70038621A628AEA3
:107A2000AA08AFF4241E4310228D048652699E08D2
:107A3000AFF42C70228D038E0A79058652698E0868
:107A4000AFF42C70228D038E0A79068652697E0867
:107A5000AFF42C70228D07863B7A7208AFF42C703D
:107A6000228D08863B7A6608AFF42C70C4C6E07895
:107A7000E4C2A48022880846048552694E08AFF407
:107A80002C70228E08853B7A4208AFF42C70228E2F
:107A9000038D0A79068552693208AFF42C70C4C68A
:107AA00044802288041A010005823B7A1D00AFF44D
:107AB0002C70E078F1C021800D09500086E9E60FB6
:107AC000CFFF04F0AE0FCFFFD1C0E07EEAC2A846E0
:107AD000E0868B8028452C910024C40370405041DF
:107AE0001524C2131424C31314240C113DA2FA1B31
:107AF0005C04FA1C1C144C9525800422800F0000A5
:107B0000FEFF3860E0B02C700A0F2FF4A1402885EA
:107B1000016F00A60619440408190404CAC6E078D7
:107B2000E6C0998860822840AD0B24038A217F1C1F
:107B30002D70CB430000EFFFED704BF024805A27EF
:107B40000E15E3490176A8836C9320951B0B6410F6
:107B500060A67921030009EB483101000736437024
:107B60004847000007F03470C3437F4700FFCA2333
:107B7000410223951B0B641061A67921030009EBD8
:107B800048310100073643704847000008F0347060
:107B90002C70C3437F4700FFCA23410024951D0B6F
:107BA000641062A67921030008EB48310100073612
:107BB00041704847000009F034706C70C3417F4742
:107BC00000FFCA21C100659523A6E57168B6710F53
:107BD000049380A22140C6C4FAC2FC1CC8B6ADC141
:107BE000AD700A23C0310A2380210A2140310A25C1
:107BF000002170425047304608478A20BC20041CB0
:107C0000013442C5F30A300040C5EF0D1020EB09E6
:107C100014320A870A804C200080AE0121008A219C
:107C2000FC204C2200A8A20125008A21FF26D10EAB
:107C300030208E708E7092402FF001802C7083C3A4
:107C4000F02011044024043CC24238110C202320AF
:107C5000000322400B0000008671AD70C5710CC09E
:107C6000350E2510402404300110833434110C20CB
:107C70002240A24123200003234200C370EB81C2B3
:107C8000E24042410A244005DA0AAFF30A254006E1
:107C9000084564E806710287CD7020889F0864A0BB
:107CA000402418332C7083C34024043BE140460930
:107CB000EFF3C2421AF001108334E140A2414209BD
:107CC000EFF3234202C011E800C381C2E240424107
:107CD0000A2440058E0AAFF30A25400695083100B4
:107CE00010418671AD70C5710BC0CF0E2490402439
:107CF0000432B1413EF08A21BC2067F0CD7063C5EB
:107D00001AF0018023C3A06023428D80232000034A
:107D1000A24100C30EEB81C2E24042410A24400569
:107D2000420AAFF30A25400610408CE886710E70B7
:107D3000A574C57102872088CB0E6490402404305E
:107D40006C7040240432E140A241B608EFF32342B4
:107D500002C37470CA2101240CF281C2E240424184
:107D60000A244005FE09AFF30A254006104186713A
:107D7000330931202F25078515F201C081C2E24168
:107D800070B841C0E140A2430A2440060A2680059B
:107D9000960DAFF30A27C00601C02E70001B00200D
:107DA0000EF02C70E2404242220D6FF4001B0120C5
:107DB0002F2607F58A20FF06CA2101202C70A24039
:107DC0000A0D6FF423422240ADC004141B34DAC6FE
:107DD000ECC2BE0EAFFE0847018704E8960F0FF312
:107DE0004E70CD7029F001803240C54813F00385F4
:107DF0003020400428804780619154730423820F0F
:107E00000000F9FF82BA41B103F4D20F0FF42674D7
:107E10000671088DDB0804A0098D0EE82E70324033
:107E20000485960CEFFF30204004098D0671F5089B
:107E300024A02674C57102872088AF0E64902E702E
:107E4000AD700AF003873020800404E86A0CCFFF8D
:107E50004674A571188FF10D0490120CCFFECCC69C
:107E60001509F0000A801B0991002418800F1300E7
:107E7000645CE07E2418800F13002C5CE07E2418E4
:107E8000800F13009C5CE07EF0C3A6C10E700A2137
:107E9000002170445043304208455470041C0034A3
:107EA00006F256708A20BC2002F2967092022100DF
:107EB0004C2100A28A0205000A858A20FC200A8043
:107EC000047714717A022D002C70CB858240FE0B52
:107ED0006FF4224240240532402406344024873384
:107EE000A1404241624282434A092FF40A244004DD
:107EF00014704E022200104002C70E7030F0402471
:107F0000C5334024C6354024073142406241824394
:107F1000060AEFF30A2440041040AAE80F14813047
:107F20008C21838F07F401C2A1400E0DEFF3824133
:107F300009F04E0D2FF302850FE86A8001C2607BC5
:107F400082410E7002C02C702242E96882407E0B92
:107F50006FF442C704F08A20BC20F6F108EF110844
:107F6000112004C09B08E48484C20E702C860A860B
:107F70006B864A8500304C000031C0004834C11285
:107F80004830C0022DA2150831200EA20E148030F8
:107F900009081501281A81007016801042203C80C3
:107FA00013F26485C1428A21070D80220A0D3C66C6
:107FB000A820C0020413000402140115088023B095
:107FC0000212010524B0188D4E70ED70B10830001A
:107FD000084343852C700D71204A609082880028E8
:107FE000C31042243C90001CC4300AF20810000068
:107FF000A820800104100C04888465B42471DD0974
:10800000C482ED703CF00180F0205100201102206C
:1080100005EA80C1607A224017F008118020001C18
:10802000843442203C8011F23E432C70A82040034F
:1080300004130004088042880D0A9F010590057909
:10804000001C4430E07809118820330830102C706F
:1080500010110C2000140331204C02108200422227
:108060003C800AF208100B00A820800104130014C1
:10807000088065B02471E5090482E5710285EF7915
:108080004088870984808A274E10A140A60B2000D3
:10809000DF67208F1042CE0DEFFFA140018F05E872
:1080A000A6082000A1408026CE10008E8D0830004A
:1080B0002E703FF0248506498A20BE0A2C9638602F
:1080C0001B08740115DA204080203D00230875024A
:1080D0008A2245000B0A0F000BF0EF0A0E808A205F
:1080E000840040C080C18E092FF4C1402C96230922
:1080F000D504C3400500405117084E00C34020BCC2
:1081000012AC40C080C16E092FF4C1402C964221B0
:10811000000E1D08750115D915092E0080C1C34038
:108120001CC10AE840C04E092FF4C1402671398DA8
:108130002F204704810844801670CA208124024001
:10814000D0C7E078EAC258882B80AD70CD7023F09C
:108150006380C44B628C42233C801CF208140B10D9
:1081600014218C035214081148140F11A820800404
:10817000041303146883839304ECE3B3081B040221
:10818000CB440000FFFF0B0F011383B384B3E078EF
:10819000C571C10EA49054214C0A62804021080D83
:1081A0000A26C0308302200000139100041600301C
:1081B000A748088F004511E80C170B100A244071DE
:1081C0004A230000A82040020413001408800190F4
:1081D00024B8C0B81B6309179F106D700C707140F4
:1081E00000471CF0C487F0260910021186104226B1
:1081F0003C8013F2081104100A21C011A82040038A
:1082000004140E04C8860A1607110C21C091C5205B
:10821000C2210A21C0110471CD08C487CE81341156
:108220000900EF713C110400002F87330F274E0225
:108230002F2008040F2606110C208081002F4632C3
:108240003DF442253C80F0F20C170410A820800D6C
:10825000F024C0026F7E570EB51008800A101F016F
:10826000AC700A20002289471DF004100E2400295A
:1082700089130421CE9715F206100901D076CC2679
:10828000C29109F41B091010C4900BEEC097C3B043
:1082900006F00F091010C49003EEC097C4B0E57249
:1082A000A471CB0DA4802D7107F0C39005EEC4908E
:1082B00003EEC094C4B06571B6F0002F04310524FC
:1082C00089016F08610242253C80AEF20C1709104B
:1082D000A820400B6F785508B500AC70F021C01293
:1082E0000A200022894708800A101F011BF0041091
:1082F0000424002F07010427C48713F2170CA101DF
:10830000061007011B0F1000C4900BEEC097C3B0FE
:1083100006F00F0F1000C49003EEC097C4B0E572D2
:10832000A471CF0DA480EC716571FD0000005F08A1
:10833000A10342253C8078F20C170910A82080097F
:108340006F784708B5008C70F021C012094781454D
:1083500008800A101F0116F004170E14002E860361
:108360000426C6870CF2190EC101C39008EEC49012
:1083700006EE00150E0122BEC3B0C4B0A472847113
:10838000D90CA480CC7165714EF0052707016B08EC
:10839000E10142253C8048F20C1707104A250000F5
:1083A000A820800A6F784F08B5000A200022F02725
:1083B000400189472D7008800A10060118F004104A
:1083C0001F24002BCB1704238B9110F2110B2111CA
:1083D000C3900CEEC4900AEEC09707F006EEC4906E
:1083E00004EEC097C3B0C4B0E5722571D309A49060
:1083F0006D71A47118F03108210142253C8014F2FE
:108400000C170E10A8200004041603146883E593CB
:10841000130F0110E39307EFE49305EF56110F01DB
:10842000E4B3E078A57132758405E5FF6C70CAC6C7
:10843000ECC2181089002C1006000E7008460A4382
:10844000AD701FF023860249142600004810030176
:108450000212880011F022820049088023900B0943
:10846000C5000FDD63B0C3410000FFFF090B4100F1
:1084700023B024B085719078DF08048265712F20C5
:10848000C802C50864828D70D3420000FFFF5CF013
:108490000180424227480BF023870049088023903F
:1084A0001A0FEFF2507800422671288F2F204804CF
:1084B000E9084480096A10784F08850F0000EFFF33
:1084C000098F42203C803FF2101708102D70507B1E
:1084D000A8208006F0204B128D700213861010F039
:1084E000754100490880239009E91309C5002490CB
:1084F0000FDD0B09E50043B044B085719078E508C5
:10850000848125711FF050783B088104098F422037
:108510003C8019F2E4876C70A8204005604F2288E7
:10852000284310E982800C704A210000004C24711D
:1085300048803078061AC50FF508E482081AC50F7E
:108540006471067102862F21070440884509A480C2
:108550002E70A140CCC6E0780880852102018421DC
:10856000430F0018C50F0A180500E07F21B0E0781E
:108570006880C3400000F8FF276820B34193047A65
:1085800082BAE07F41B3E0780F0834042C71C34114
:108590000000FFFF02F01879E07F307840814860EA
:1085A0004471E07F40A1E078ECC2CB45F00034009C
:1085B00093DA2C7094D857AD001E4270A000B441DD
:1085C00017ADA35A34E8A45A95D80E096FF717AD22
:1085D00096D817AD345810423E5810412E581040CE
:1085E0002F5808470241224200434240A55A0846FC
:1085F00003E8C14067589BD99CD837ADBA086FF7DC
:1086000017AD9DD89A0D6FFF17AD9ED8160E6FFF50
:1086100017AD9FD8C20D6FFF17ADA0D8D4AD17AD61
:10862000424002412242E143B25A06F0148D84E8EE
:1086300020D814ADA2D8C2086FF717ADA3D817ADD4
:108640004058E07800168170F0000601C340A00099
:10865000348601184300E07F20A8E078C342A000E0
:108660003486218A00430C703470E07C408A7FD9C4
:1086700044790021C180100024008C210280204018
:1086800082F67FD884220200057A001E8270F000F4
:108690000601E07F0C71E078E07EE078EAC3AAC1D1
:1086A00008450180E285C08583850037051030418B
:1086B000003408100036CB130037C6136847003665
:1086C0000413003007000233081200368913013406
:1086D00040010236CB01013003000034011341C3D5
:1086E0000233401201300E120131000040C6AB0AC5
:1086F000700042C0210A300183C15472ABF4446F50
:108700004027031280C140270513A140CA0A6FFC0D
:10871000E144CAC7E60F6FEFA14043852285C185BA
:10872000008505C403C3003182000030800302339A
:1087300001030230800022420131410002364170C3
:10874000803F0000BE0CAFEE0130000001C10845C3
:1087500000A75221C0070031410002364170803F1E
:1087600000002F3140000131810F803F0000960C46
:10877000AFEE224204C203C10130030000C4023143
:10878000800061A7013001005224C01702364170F9
:10879000803F00005AF080C0C6096FF487C107C04F
:1087A000402410390330808F7C3FAE5DD3F609C181
:1087B0003208EFF20130400001C102C26C7000309B
:1087C00040000332C0805220C007CAF67FD917B9D3
:1087D00009F001C002C15220C00705F0C34180BFAB
:1087E0000000220CAFEE22420846064108C0F60FF8
:1087F000AFF20130400002C110400331808F80BFD2
:108800000000CCF60331808F35BFF30446F7218595
:1088100000855221C10704F023850285E60BAFEEE7
:10882000224200308D0F00C000000C700335009014
:1088300045F701358D1FC940DB0F00C07FD9A0A7C8
:10884000C1A70030002017B9BA0BAFEE224202A731
:10885000A3A7CAC709038FECE2C228452081404381
:108860004C761961DA092FF460400085047600A582
:10887000C2C6E078E6C3A2C1684560832846647634
:108880002B0AE400004180C04C76FE0B2FE680C727
:108890004A248071A8200002008501178114D86045
:1088A000C57120A80085047600A5C6C7E2C30845A7
:1088B00001808420030C15083104A1C10E8D001520
:1088C00004101D789E5AC2C7FFD840C0C34413008D
:1088D000E02240240530A140AB5AA140175800C007
:1088E000C2C7E078EAC20846483000004847304036
:1088F000C3411300745660420A2100216845835821
:10890000147712F29F250213C341A000CC49B9612C
:1089100000258D1FA000254AE5A110190004CAA159
:1089200000ADCAC6F02640731300789A09091020DA
:108930008D58CAC68B58CAC6004114700C70E07CB2
:10894000AB11800014700C71E07DAC1181003470AB
:10895000E07DE07F0C70E078ECC3A1C1345810409A
:108960003E5808472E5808462F58084510D88D58AD
:108970008A21822CFFD90C7010B980C2560C6FF678
:108980006C7700C078E84A220024001E4274F00090
:108990004B0003F000C0112080843CF22F2087049C
:1089A0001D0810044B08B00491E034F40240C141AA
:1089B000E142A1439A5A4C20C0882CF40016007062
:1089C000A00010862C704C775A0D2FF66C7078E84A
:1089D0000240C141E142A143995A00160070A00033
:1089E00010862C704C709A0E2FF66C7012F02F2798
:1089F000FF006F233F00C340A000744926804780DA
:108A0000181801001C1801002F26FF00FFD8455838
:108A100046714C22C0A48007CEFFAEF17FD9CB4473
:108A2000733F3186C343853FC203C342803F50B585
:108A300017B942A023A080A061A010E02C708D0087
:108A40002FF41ADA001E0270A000E885E07EE078BC
:108A5000C3431300187500A321A3E07F42A3E0786D
:108A6000F1C02C7100290000B45AD1C0E07EE0783A
:108A7000F1C02C7100290000B55AD1C0E07EE07829
:108A8000F1C02C71002900008E58D1C0E07EE07842
:108A90002F27FF006F233F00C342A000A86D208254
:108AA000257800A22F26FF00C340F00040010018E7
:108AB0000102E07EE4C3A1C108452F277F006F2398
:108AC0003F00AA209002AB20D002CB46A000A86DA8
:108AD000AA2088010F7814730CF70086A57800A6E9
:108AE0002F267F00C340F000400100180102C4C7D8
:108AF0002F267F00D2094FF63D0870002F214883B2
:108B0000001C013005F2C340A000308609F00425A6
:108B1000819FFF00000011F2C340A0001486008076
:108B20004C716C70EE086FF64024043000C004E80D
:108B3000DA098FF7C4C70425819F000F000004F2F3
:108B40000286F0E86C25C196F2F30186EAE8F0F1BE
:108B5000E2C276096FF608452D0870002F21488380
:108B600005F2C340A000308609F00425819FFF0074
:108B700000000BF2C340A000148600804C71120864
:108B80006FF66C70C2C60425819F000F0000C342BF
:108B9000A000A86D03F20282F2E86C25C196F4F3FE
:108BA0000182EEE8F0F1E078F1C062B83908F50032
:108BB000A1C10F78F0260070A00094E607E92C719F
:108BC0004C73CE0F2FF66C700EF02C714C736C70D2
:108BD000402404303E086FF6001C013000C004E859
:108BE0002A098FF78774D1C0E07EE078F1C09F201A
:108BF00002030020810FA000254A008905E80D78B6
:108C00000019C30F8558D1C0E07EE078E4C2084661
:108C100012580845A4160011B570CA256110B1702C
:108C20000C700AF2568605EAB078607AC1410C7180
:108C3000A41E4413C4C6E078EAC28CDB0A7B084554
:108C4000C340A000244A1F63008F2846504035E9E6
:108C5000B2E8C340A0006441218FB6784180E08033
:108C60008C21C38FCB44A000CC4906F278640A80E3
:108C7000450E0510166E412E8B160027119001220D
:108C8000CF828C21C38F10F27864258044803B27EB
:108C900040103D2182203077CA2081008CE8520F9D
:108CA000EFFFA140C1402241E142A1433A0CEFFF56
:108CB0000A240004CAC692E8360FEFFFA140A14083
:108CC0009F200203C342A000CC492C705860001FB3
:108CD000431025A024A02AA0F02640731300789A00
:108CE000090810208D58CAC68B58CAC6E2C25988D6
:108CF000C1BA547217F22F277F036F233F005080B1
:108D0000043240800DF24C7004318080C5F730A0F1
:108D10000E18430003F01318430010D88D582F2667
:108D20007F03C2C6E2C25988C1BA547211F22F271A
:108D30007F036F233F004C100201130A40004C18C0
:108D400044000F18430010D88D582F267F03C2C649
:108D5000E6C3A4C1084519882846C1B8147227F291
:108D60004024C13383C24024833240240430402451
:108D70000531A140395800C1C1404C700431808395
:108D8000CA20450004318080CA2609102F27FF031E
:108D90006F233F0010850430808307F210D8D0A5E0
:108DA0000E1D43108D582F26FF03C6C7CB4413005A
:108DB00060B480849570E0200203E07ECB44130011
:108DC0005CB480849570E07C007CE078E8C2360971
:108DD0008FF7CB45130028B42A8510403209AFF72E
:108DE00009694D087402084608852609AFF704771B
:108DF0008A0BAFEC0847390F7512216F5526831F78
:108E00002F794020C2206F7E082040004F7AD96021
:108E1000250A64002C710F78860BAFECC1413A0C27
:108E2000AFECC1404E0C60010085C8C62FD8B20F10
:108E30006FEB2C71AA0F6FEB2DD8E078C3401300B5
:108E400024B4FD036FF40080EAC2CB4513002CB4B8
:108E500000852185E485C585027926B91E21810F0B
:108E6000AAAAABAA081511100C1510104A0C6FF421
:108E70002F790285F24E0220412427B927BA2F7993
:108E8000960C6FF44F7ACAC6E4C2CB45130044B4C3
:108E9000F208AFECC0856385428500416477C1402C
:108EA000A65AC4C600160370A000FC860018800FE6
:108EB000A00094870019800FA100CC08E07F60A279
:108EC000F1C05AD8AB20080E985AD1C0E07EE078A5
:108ED000E07EE078E2C228452081404310DA196143
:108EE0005E0BEFF36040008510E000A5C2C6E0789D
:108EF000E6C3A4C168456083284610E32B0AE4005A
:108F0000004180C010DA820DEFE580C74A2400746A
:108F1000A8200002008501178114D860C57120A81F
:108F2000008510E000A5C6C7E2C208450090D370D6
:108F300000002B661CD817F45E8578D9C20B6FE948
:108F4000A14014701DD80FF24A2400710C704C70AF
:108F5000A82040024F79152541104B11010604E964
:108F60004471C2C61ED8C2C6E4C3A1C10F7D110D93
:108F7000B5110C73482580108020830FD368C3403F
:108F8000A000744984261F1E1E662C770C7080C2B8
:108F9000420E2FF6204300C079E89E784186208655
:108FA000041E0110001E0110BE78A1404558EFF1CB
:108FB000E2C3084501808420030C15083104A1C1D7
:108FC0000E8D001504101D78A25AC2C7FFD840C0EC
:108FD000C3441300E02240240530A140B65AA1400A
:108FE000175800C0C2C7E078E2C22845208140433C
:108FF00018DA19614A0AEFF36040008518E000A50D
:10900000C2C6E078E6C3A6C168456083284618E377
:109010002B0AE400004180C018DA6E0CEFE580C72F
:109020004A240076A8200002008501178114D86028
:10903000C57120A8008518E000A5C6C70000000083
:109040000000000000000000000000000000000020
:109050000000000000000000000000000000000010
:1090600000000000000000000000000020000000E0
:1090700001000000020000001F000000BD3786351F
:1090800000000000000000000000000000000000E0
:10909000BD37863500000000000000000000000021
:1090A00000000000BD378635000000000000000011
:1090B00000000000000000000000000017B7D138D9
:1090C00000000000000000000000000000000000A0
:1090D00017B7D138000000000000000000000000B9
:1090E0000000000017B7D1380000000000000000A9
:1090F000000000000000000000000000AA41320053
:10910000ACC5A736ACC5A736ACC5A7360000000075
:10911000ACC52737ACC52737ACC5273700000000E2
:10912000000000000001000000000001D3023738F9
:10913000A9681237A968923635FA8E3788C3643623
:1091400088C3E435DB0F4940F366DF3EC2B8B23D69
:1091500035FA0E3C88C3E43A88C3643A0200000042
:10916000290000002C0000002D000000010000007C
:1091700002000000290000002C0000002D0000006B
:10918000F3665F3FF366DF3E5077563E0100000016
:1091900002000000030000002100000001000000A8
:1091A000020000001F000000000000010606060487
:1091B00004040000010000000100000001000000A4
:1091C0000008000000000000000000000000803FD8
:1091D0009A99193E9A99993D0AD7A33C0AD7A33C7C
:1091E0000AD7A33CBD378635BD378635BD378635B2
:1091F0000024F4490024F4490024F449000000004C
:10920000000000000000000022000000010000003B
:10921000020000001F000000000800000000000025
:1092200000000000200000001F00000021000000DE
:109230001F000000220000001F000000500000007E
:1092400052000000540000000A000000B6000000B8
:109250001C000000B80000002E000000BA00000052
:109260005C0000005E000000600000006200000082
:10927000860000008800000064000000BC000000C0
:1092800066000000680000006A0000006C0000003A
:109290006E000000700000007E00000080000000F2
:1092A00076000000780000007A0000007C000000DA
:1092B000720000007400000096000000980000009A
:1092C000E4000000E6000000F6000000F8000000E6
:1092D0009A0000009C0000008A0000008C00000042
:1092E0008E0000009E00000082000000840000004C
:1092F000A0000000A2000000A4000000A6000000E2
:109300000100000017B751396F12033B5305A33C0E
:10931000B6F33D3E3FFF7FFF000000000000BACAE9
:10932000000000000201000012AC20BC0AE81CC1D1
:109330008CE05A3C8CE0DA3C8CE05A3C0000803FE8
:10934000F8DFD2BFF96D333F6B0010000000000062
:10935000849813007CD211000478A00077000400E8
:1093600001000000E4971300E05D13000883A000F3
:109370007900040001000000F4971300E05D130081
:109380003083A0006900040000000000049813006E
:109390007CD211000C76A0007500040001000000D2
:1093A00014981300E05D13005883A000BD02040070
:1093B00000000000249813007CD211006076A00009
:1093C000C102040000000000449813007CD2110088
:1093D0007C76A000C3020400000000005498130033
:1093E0007CD211009876A00015000000B46DA0009A
:1093F000040100003498130080951300E46DA00070
:109400004036130000000000000000004C66110010
:109410003466110004661100406611001C661100DC
:109420001066110028661100786FA000149FA0003C
:1094300018000000B46DA00004010000649813003F
:1094400088951300E46DA0009C3713000000000015
:1094500000000000A8381300983813006838130083
:10946000A0381300803813007838130090381300A8
:10947000886FA000E8A3A0002A000000B46DA0003F
:10948000040300004495130000971300E46DA0004E
:10949000BC391300B83B1300443B1300043D1300D8
:1094A000A83B13001C3B1300B03B1300343B1300DC
:1094B0002C3B1300A03B1300A06FA000A897A000B6
:1094C0000100030000000000DC9613007CD21100B4
:1094D0004875A0000300030000000000E896130098
:1094E0007CD21100B875A0006501030000000000E7
:1094F000F49613007CD211004476A00023030300ED
:10950000000000000C9713007CD21100D076A00060
:109510002503030000000000189713007CD21100FF
:10952000EC76A0002903030000000000249713003C
:109530007CD211000877A0000500030000000000A5
:10954000489713007CD211009477A0007B000300A1
:109550000100000060971300E05D13008083A0000D
:109560006D00030000000000789713007CD211000A
:109570003C78A0007D0003000100000090971300DC
:10958000E05D1300A883A00081000300010000003B
:10959000B4971300E05D1300D083A00041010300E5
:1095A00000000000CC9713007CD211000079A000CD
:1095B0003901030000000000D89713007CD211008D
:1095C0003879A0000C000000B46DA0000301000079
:1095D0003097130098951300EC6DA0000C3D13001C
:1095E0000000000000000000943E1300843E1300C1
:1095F000543E13008C3E13006C3E1300643E130077
:109600007C3E1300A86FA000209EA0000600000072
:10961000B46DA000030300006C971300549713006F
:10962000E46DA000F8401300EC411300D04113009A
:10963000F0411300DC411300A8411300E441130082
:10964000C0411300B8411300D4411300F86FA000CB
:109650000899A00007000000B46DA00003030000FB
:109660009C97130084971300E46DA000F841130049
:10967000F8421300DC421300FC421300E8421300DE
:10968000B4421300F0421300CC421300C442130052
:10969000E04213000470A0005499A00009000000EB
:1096A000B46DA00003030000C0971300A897130037
:1096B000E46DA00004431300F0431300D4431300EF
:1096C000F4431300E0431300AC431300E8431300DA
:1096D000C4431300BC431300D84313001070A00010
:1096E000A099A000CB000200000000000496130027
:1096F0007CD211002C75A0002D010200000000009A
:109700000C9613007CD211006475A0005501020074
:10971000000000001C9613007CD211009C75A00074
:109720006500020000000000349613007CD2110096
:10973000D475A000670002000000000044961300EA
:109740007CD21100F075A0004F0102000000000063
:10975000649613007CD21100B476A000630102006D
:10976000000000006C9613007CD211004077A0002E
:1097700051010200000000008C9613007CD2110001
:10978000E877A00089000200000000009496130012
:109790007CD211002078A0008700020000000000A9
:1097A0009C9613007CD211005878A0007100020032
:1097B00000000000A49613007CD211007478A00071
:1097C0008500020000000000AC9613007CD211005E
:1097D0009078A0004B01020000000000B496130036
:1097E0007CD21100AC78A0005D01020000000000F6
:1097F000BC9613007CD21100C878A0004D01020075
:1098000000000000C49613007CD211001C79A00057
:109810005B01020000000000D49613007CD211000E
:109820008C79A00022000000B46DA00002010000AD
:109830002496130064951300E46DA000F4621100F7
:109840000000000000000000986311008063110018
:10985000506311008C631100686311005C63110098
:1098600074631100306FA00044A0A0001700000036
:10987000B46DA000020100005C96130084951300F3
:10988000E46DA0001C371300000000000000000081
:10989000E0661100C866110098661100D4661100D8
:1098A000B0661100A4661100BC661100806FA000B4
:1098B0009C9BA0000D000000B46DA00002020000FF
:1098C0007C96130074961300EC6DA000F06D1100EF
:1098D0000000000000000000386F1100206F110030
:1098E000F06E11002C6F1100086F1100FC6E11005A
:1098F000146F1100CC6FA0008CA6A0000E00000019
:10990000B46DA0000201000084961300AC95130012
:10991000EC6DA0007C3F1300000000000000000080
:10992000C4401300B440130084401300BC40130033
:109930009C40130094401300AC401300D06FA00073
:109940004CA9A00029000000B46DA0000201000095
:10995000CC961300F4951300E46DA000FC77110081
:10996000504613004C46130078791100EC78110032
:1099700094781100F8781100AC781100A0781100EB
:10998000E07811006870A0004098A000C9000100B4
:10999000000000005C9513007CD211008075A000CF
:1099A0004701010000000000749513007CD21100F3
:1099B0002876A000D3000100000000009495130059
:1099C0007CD211002477A000DF000100000000001D
:1099D000A49513007CD211005C77A000E700010081
:1099E00000000000A89513007CD211007877A00039
:1099F0003101010000000000B09513007CD211007D
:109A0000B077A000DD00010000000000BC9513004D
:109A10007CD21100CC77A0004301010000000000BF
:109A2000D89513007CD21100E478A0002703010030
:109A300000000000F09513007CD211005479A000C2
:109A40004501010000000000F89513007CD21100D0
:109A50007079A0000C911300FC7B13003CEC11000A
:109A600054EC110050EB1100BCEB1100CC000000D5
:109A700003000000F883A00000000000287A130013
:109A8000B8EC1100C4EC1100000000000000000060
:109A90000800000006000000A879A000C490130090
:109AA00024781300B8EC1100C4EC1100A0EC1100F4
:109AB000B4EC1100E8000000050000005C72A0009A
:109AC00000000000607C1300B8EC1100C4EC110031
:109AD00000000000000000000A0000000600000076
:109AE000C879A000000000009C791300B8EC1100B8
:109AF000C4EC1100000000000000000002000000A3
:109B000006000000E879A00000000000387813008B
:109B1000B8EC1100C4EC11000000000000000000CF
:109B20000600000006000000087AA000007D130077
:109B300024781300B8EC1100C4EC1100A0EC110063
:109B4000B4EC110002010000050000007072A000DA
:109B500000000000E87B1300B8EC1100C4EC110019
:109B600000000000000000007E0000000600000071
:109B7000287AA000007D13008C7A1300B8EC110045
:109B8000C4EC1100A0EC1100B4EC1100CE010000F7
:109B9000050000008472A00000000000507A13004D
:109BA000B8EC1100C4EC110000000000000000003F
:109BB0001A00000006000000487AA0000000000023
:109BC000747C1300B8EC1100C4EC1100000000001C
:109BD000000000001C00000006000000687AA000E1
:109BE00000000000B0791300B8EC1100C4EC1100C3
:109BF000000000000000000014000000060000004B
:109C0000887AA000000000004C781300B8EC110026
:109C1000C4EC11000000000000000000180000006B
:109C200006000000A87AA000549113009C7913004C
:109C3000B8EC1100C4EC1100A0EC1100B4EC110060
:109C4000AC000000050000009872A0009C91130079
:109C5000B0791300B8EC1100C4EC1100A0EC1100B5
:109C6000B4EC1100AE00000005000000AC72A000D2
:109C7000E4911300147A1300B8EC1100C4EC110045
:109C8000A0EC1100B4EC1100B000000005000000D1
:109C9000C072A00000000000287A1300B8EC110088
:109CA000C4EC1100000000000000000010000000E3
:109CB00006000000C87AA000000000009C79130094
:109CC000B8EC1100C4EC110000000000000000001E
:109CD0000400000006000000E87AA0000000000078
:109CE00038781300B8EC1100C4EC1100000000003B
:109CF000000000001200000006000000087BA00029
:109D000000000000E87B1300B8EC1100C4EC110067
:109D100000000000000000008000000006000000BD
:109D2000287BA00000000000507A1300B8EC11005E
:109D3000C4EC110000000000000000002200000040
:109D400006000000487BA00000000000B07913006E
:109D5000B8EC1100C4EC110000000000000000008D
:109D60001600000006000000687BA0000000000054
:109D70004C781300B8EC1100C4EC11000000000096
:109D8000000000002400000006000000887BA00006
:109D900000000000C4791300B8EC1100C4EC1100FD
:109DA00000000000000000008E000000060000001F
:109DB000A87BA000000000009C781300B8EC110004
:109DC000C4EC110000000000000000004E00000084
:109DD00006000000C87BA000000000008878130087
:109DE000B8EC1100C4EC11000000000000000000FD
:109DF0005400000006000000E87BA0000000000006
:109E0000247C1300B8EC1100C4EC11000000000029
:109E1000000000007800000006000000087CA000A0
:109E200000000000D8791300B8EC1100C4EC110058
:109E300000000000000000003C00000006000000E0
:109E4000287CA00000000000387C1300B8EC110052
:109E5000C4EC110000000000000000009C000000A5
:109E600006000000487CA00000000000EC79130010
:109E7000B8EC1100C4EC110000000000000000006C
:109E80004200000006000000687CA0000000000006
:109E9000647A1300B8EC1100C4EC1100000000005B
:109EA000000000003400000006000000887CA000D4
:109EB00000000000147A1300B8EC1100C4EC11008B
:109EC0000000000000000000280000000600000064
:109ED000A87CA0000000000074781300B8EC11000A
:109EE000C4EC11000000000000000000360000007B
:109EF00006000000C87CA00000000000007A1300EB
:109F0000B8EC1100C4EC11000000000000000000DB
:109F10005A00000006000000E87CA00000000000DD
:109F20004C7C1300B8EC1100C4EC110000000000E0
:109F3000000000007C00000006000000087DA0007A
:109F400000000000B0781300B8EC1100C4EC110060
:109F500000000000000000004800000006000000B3
:109F6000287DA00000000000B07C1300B8EC1100B8
:109F7000C4EC1100000000000000000070000000B0
:109F800006000000487DA00000000000C47C130013
:109F9000B8EC1100C4EC110000000000000000004B
:109FA0009800000006000000687DA000000000008E
:109FB0007C7E1300B8EC1100C4EC1100000000001E
:109FC000000000006C00000006000000887DA0007A
:109FD00000000000787A1300B8EC1100C4EC110006
:109FE0000000000000000000660000000600000005
:109FF000A87DA00000000000D87C1300B8EC110080
:10A00000C4EC11000000000000000000740000001B
:10A0100006000000C87DA000000000008C7A13003C
:10A02000B8EC1100C4EC11000000000000000000BA
:10A030006200000006000000E87DA00000000000B3
:10A04000EC7C1300B8EC1100C4EC1100000000001F
:10A05000000000008800000006000000087EA0004C
:10A060002C92130024781300B8EC1100C4EC1100FA
:10A07000A0EC1100B4EC1100160100000500000076
:10A08000D472A00000000000C4791300B8EC1100E5
:10A09000C4EC110000000000000000008A00000075
:10A0A00006000000287EA000C47813002478130066
:10A0B000B8EC1100C4EC1100A0EC1100B4EC1100DC
:10A0C000EE00000005000000E872A000C478130054
:10A0D000C07B1300B8EC1100C4EC1100A0EC11001F
:10A0E000B4EC1100BC010000050000000C6EA000E3
:10A0F000C4781300A47E1300B8EC1100C4EC110066
:10A10000A0EC1100B4EC1100C20100000500000039
:10A11000206EA000C4781300887C1300B8EC1100F6
:10A12000C4EC1100A0EC1100B4EC110034010000EB
:10A1300005000000FC72A000487D13002478130085
:10A14000B8EC1100C4EC1100A0EC1100B4EC11004B
:10A15000F0000000050000001073A000487D13000F
:10A160003C7A1300B8EC1100C4EC1100A0EC110013
:10A17000B4EC11001A010000050000002473A000D7
:10A180000C79130024781300B8EC1100C4EC110012
:10A19000A0EC1100B4EC1100F2000000050000007A
:10A1A0003873A0000C791300D47B1300B8EC1100B5
:10A1B000C4EC1100A0EC1100B4EC11009A010000F5
:10A1C00005000000346EA0000C7913003C7A1300E7
:10A1D000B8EC1100C4EC1100A0EC1100B4EC1100BB
:10A1E0001C010000050000004C73A0000C79130056
:10A1F000887C1300B8EC1100C4EC1100A0EC110035
:10A20000B4EC110032010000050000006073A000F2
:10A21000000000009C781300B8EC1100C4EC1100A1
:10A2200000000000000000004A00000006000000DE
:10A23000487EA0000000000088781300B8EC1100F0
:10A24000C4EC1100000000000000000050000000FD
:10A2500006000000687EA0007492130024781300AA
:10A26000B8EC1100C4EC1100A0EC1100B4EC11002A
:10A2700006010000050000007473A000000000004B
:10A28000247C1300B8EC1100C4EC110000000000A5
:10A29000000000007600000006000000887EA0009C
:10A2A0005479130024781300B8EC1100C4EC1100A9
:10A2B000A0EC1100B4EC1100F40000000500000057
:10A2C000486EA0005479130088781300B8EC110090
:10A2D000C4EC1100A0EC1100B4EC1100540100001A
:10A2E000050000008873A000547913009C781300C7
:10A2F000B8EC1100C4EC1100A0EC1100B4EC11009A
:10A300005A010000050000009C73A000547913005E
:10A31000B0781300B8EC1100C4EC1100A0EC1100EF
:10A32000B4EC11005801000005000000B073A0005B
:10A33000A07A1300D47B13003CEC110054EC110004
:10A3400050EB1100BCEB110096010000030000006F
:10A350003084A000A07A1300CC7E13003CEC1100E6
:10A3600054EC110050EB1100BCEB1100B0010000E7
:10A37000030000006884A000A07A1300107C130082
:10A380003CEC110054EC110050EB1100BCEB11003F
:10A39000D000000003000000A084A000BC921300C5
:10A3A00024781300B8EC1100C4EC1100A0EC1100EB
:10A3B000B4EC11001401000005000000C473A000FB
:10A3C00000000000387C1300B8EC1100C4EC110050
:10A3D00000000000000000009A00000006000000DD
:10A3E000A87EA000907D1300C07B13003CEC110000
:10A3F00054EC110050EB1100BCEB1100BA0100004D
:10A4000003000000D884A000D87D13003C7A13001C
:10A410003CEC110054EC110050EB1100BCEB1100AE
:10A420001E010000030000001085A000907D1300B5
:10A43000607813003CEC110054EC110050EB11005B
:10A44000BCEB1100D6000000030000004885A0000E
:10A45000D87D1300607813003CEC110054EC11001F
:10A4600050EB1100BCEB1100D8000000030000000D
:10A470008085A000000000009C7C1300B8EC110057
:10A48000C4EC110000000000000000002E000000DD
:10A4900006000000C87EA00000000000647A1300DF
:10A4A000B8EC1100C4EC1100000000000000000036
:10A4B0002C00000006000000E87EA00004931300BA
:10A4C00060781300B8EC1100C4EC1100A0EC11008E
:10A4D000B4EC1100DA00000005000000D873A00001
:10A4E00000000000147A1300B8EC1100C4EC110055
:10A4F0000000000000000000260000000600000030
:10A50000087FA0000000000074781300B8EC110070
:10A51000C4EC110000000000000000002A00000050
:10A5200006000000287FA00000000000D87913007A
:10A53000B8EC1100C4EC11000000000000000000A5
:10A540003800000006000000487FA0000000000066
:10A55000EC791300B8EC1100C4EC1100000000000D
:10A56000000000003E00000006000000687FA00020
:10A5700000000000007A1300B8EC1100C4EC1100D8
:10A58000000000000000000056000000060000006F
:10A59000887FA00000000000B0781300B8EC110024
:10A5A000C4EC1100000000000000000044000000A6
:10A5B00006000000A87FA00000000000F47E130049
:10A5C000B8EC1100C4EC1100000000000000000015
:10A5D0006800000006000000C87FA0004C93130034
:10A5E00024781300B8EC1100C4EC1100A0EC1100A9
:10A5F000B4EC11000801000005000000EC73A0009D
:10A60000000000004C7C1300B8EC1100C4EC1100F9
:10A6100000000000000000007A00000006000000BA
:10A62000E87FA000E87A1300687E1300B8EC110000
:10A63000C4EC1100A0EC1100B4EC110038010000D2
:10A64000050000000074A000E87A130038781300B9
:10A65000B8EC1100C4EC1100A0EC1100B4EC110036
:10A66000DC000000050000001474A000E87A13006C
:10A67000FC7B1300B8EC1100C4EC1100A0EC11003D
:10A68000B4EC1100CA000000050000002874A0000E
:10A69000307B1300907E1300B8EC1100C4EC110065
:10A6A000A0EC1100B4EC11003A010000050000001C
:10A6B0003C74A000307B13004C781300B8EC110000
:10A6C000C4EC1100A0EC1100B4EC1100DE0000009D
:10A6D000050000005074A000307B1300107C1300B4
:10A6E000B8EC1100C4EC1100A0EC1100B4EC1100A6
:10A6F000CE000000050000006474A000787B130009
:10A70000087F1300B8EC1100C4EC1100A0EC11009C
:10A71000B4EC11003E010000050000007874A000B8
:10A72000787B130074781300B8EC1100C4EC1100AE
:10A73000A0EC1100B4EC1100E200000005000000E4
:10A740008C74A000787B130060781300B8EC1100C3
:10A75000C4EC1100A0EC1100B4EC1100D400000016
:10A7600005000000A074A000949313002478130047
:10A77000B8EC1100C4EC1100A0EC1100B4EC110015
:10A78000FC00000005000000B474A0000000000000
:10A79000B07C1300B8EC1100C4EC11000000000004
:10A7A000000000006E000000060000000880A0000D
:10A7B000DC93130024781300B8EC1100C4EC1100F2
:10A7C000A0EC1100B4EC11000E0100000500000027
:10A7D000C874A00000000000C47C1300B8EC110095
:10A7E000C4EC110000000000000000009600000012
:10A7F000060000002880A000249413002478130091
:10A80000B8EC1100C4EC1100A0EC1100B4EC110084
:10A81000FE00000005000000DC74A0000000000045
:10A82000787A1300B8EC1100C4EC110000000000AD
:10A830000000000064000000060000004880A00046
:10A840006C94130024781300B8EC1100C4EC1100D0
:10A85000A0EC1100B4EC11000401000005000000A0
:10A86000F074A00000000000D87C1300B8EC1100C8
:10A87000C4EC1100000000000000000072000000A5
:10A88000060000006880A000B49413002478130030
:10A89000B8EC1100C4EC1100A0EC1100B4EC1100F4
:10A8A00000010000050000000475A0000000000089
:10A8B0008C7A1300B8EC1100C4EC11000000000009
:10A8C0000000000060000000060000008880A0007A
:10A8D000207E1300E07E1300B8EC1100C4EC1100E0
:10A8E000A0EC1100B4EC11004001000005000000D4
:10A8F0005C6EA000207E1300B87E1300B8EC11003F
:10A90000C4EC1100A0EC1100B4EC110042010000F5
:10A9100005000000706EA00000000000287A1300FF
:10A92000B8EC1100C4EC11000000000000000000B1
:10A930000C00000006000000A880A000000000003D
:10A94000607C1300B8EC1100C4EC110000000000A2
:10A9500000000000B600000006000000C880A00053
:10A960000000000038781300B8EC1100C4EC1100AE
:10A9700000000000000000000E00000006000000C3
:10A98000E880A00000000000507A1300B8EC11002D
:10A99000C4EC110000000000000000001E000000D8
:10A9A000060000000881A00000000000747C130075
:10A9B000B8EC1100C4EC1100000000000000000021
:10A9C000B8000000060000002881A0000000000080
:10A9D0004C781300B8EC1100C4EC1100000000002A
:10A9E0000000000020000000060000004881A000D8
:10A9F00000000000C4791300B8EC1100C4EC110091
:10AA000000000000000000008C00000006000000B4
:10AA10006881A000000000009C781300B8EC1100D1
:10AA2000C4EC110000000000000000004C00000019
:10AA3000060000008881A000000000008878130054
:10AA4000B8EC1100C4EC1100000000000000000090
:10AA50005200000006000000A881A00000000000D5
:10AA6000D8791300B8EC1100C4EC1100000000000C
:10AA7000000000003A00000006000000C881A000AD
:10AA800000000000EC791300B8EC1100C4EC1100D8
:10AA90000000000000000000400000000600000070
:10AAA000E881A000000000009C7C1300B8EC1100BD
:10AAB000C4EC11000000000000000000BA0000001B
:10AAC000060000000882A00000000000647A130065
:10AAD000B8EC1100C4EC1100000000000000000000
:10AAE00030000000060000002882A00000000000E6
:10AAF00074781300B8EC1100C4EC110000000000E1
:10AB00000000000032000000060000004882A000A3
:10AB100000000000007A1300B8EC1100C4EC110032
:10AB200000000000000000005800000006000000C7
:10AB30006882A00000000000B0781300B8EC11009B
:10AB4000C4EC1100000000000000000046000000FE
:10AB5000060000008882A000000000001C7F130097
:10AB6000B8EC1100C4EC110000000000000000006F
:10AB70006A00000006000000A882A000000000009B
:10AB8000787A1300B8EC1100C4EC1100000000004A
:10AB900000000000BC00000006000000C882A00009
:10ABA000FC94130024781300B8EC1100C4EC1100DD
:10ABB000A0EC1100B4EC11000C0100000500000035
:10ABC0001875A00000000000EC7C1300B8EC110028
:10ABD000C4EC11000000000000000000860000002E
:10ABE00006000000E882A00010000000B46DA00084
:10ABF000010100005895130054951300E46DA00066
:10AC0000806111000000000000000000FC611100E4
:10AC1000E4611100B4611100F0611100CC61110018
:10AC2000C0611100D8611100186FA000749CA000D1
:10AC30000B000000B46DA00001020000609513003D
:10AC400014961300EC6DA000D8261300000000003D
:10AC500000000000BC271300AC2713007C27130062
:10AC6000B4271300942713008C271300A427130084
:10AC7000286FA000B8A1A00001000000B46DA000E2
:10AC800001020000689513003C961300E46DA000DB
:10AC9000BC631100000000000000000044641100CB
:10ACA0002C641100FC63110038641100146411005D
:10ACB0000864110020641100406FA000EC99A0000E
:10ACC00002000000B46DA000010200006C951300AA
:10ACD0004C961300E46DA0005064110000000000C9
:10ACE00000000000D8641100C064110090641100DD
:10ACF000CC641100A86411009C641100B4641100BC
:10AD0000506FA000409AA00003000000B46DA000A6
:10AD1000010200007095130054961300E46DA0002A
:10AD2000E464110000000000000000006C651100E8
:10AD30005465110024651100606511003C65110027
:10AD40003065110048651100606FA000949AA00062
:10AD500041000000B46DA000010100007C951300CB
:10AD600078951300E46DA000C035130000000000CA
:10AD7000000000003836130028361300F8351300A1
:10AD80003036130010361300083613002036130037
:10AD9000706FA0001C98A0002C000000B46DA000F3
:10ADA00001010000909513008C951300E46DA00044
:10ADB000206A110000000000000000009C6A1100E1
:10ADC000846A1100546A1100906A11006C6A1100C3
:10ADD000606A1100786A1100906FA000C097A0000F
:10ADE00040000000B46DA00001010000A095130018
:10ADF0009C951300E46DA0009C3E13000000000031
:10AE000000000000143F1300043F1300D43E130061
:10AE10000C3F1300EC3E1300E43E1300FC3E130015
:10AE2000B46FA0006498A00012000000B46DA000F0
:10AE300001010000B8951300B4951300E46DA00063
:10AE4000647011000000000000000000E0701100BC
:10AE5000C870110098701100D4701100B07011000A
:10AE6000A4701100BC701100D86FA000049CA00059
:10AE70002D000000B46DA00001010000C495130076
:10AE8000C0951300E46DA000F070110000000000F8
:10AE9000000000006C711100547111002471110048
:10AEA000607111003C711100307111004871110086
:10AEB000E86FA000DC97A00020000000B46DA000A7
:10AEC00001010000CC951300C8951300E46DA000AB
:10AED000507511000000000000000000CC7511004A
:10AEE000B475110084751100C07511009C751100B6
:10AEF00090751100A87511002470A000CC98A000D6
:10AF00003D000000B46DA00001010000D4951300C5
:10AF1000D0951300E46DA000504413000000000021
:10AF200000000000C8441300B84413008844130014
:10AF3000C0441300A044130098441300B04413000D
:10AF40003470A000FC97A0001F000000B46DA000AA
:10AF500001040000DC95130074981300E46DA00058
:10AF6000D04413000000000000000000D44513008E
:10AF7000C445130094451300CC451300AC451300A1
:10AF8000A4451300BC4513004870A000789DA000A4
:10AF90002B000000B46DA00001010000E495130037
:10AFA000E0951300E46DA000EC76110000000000B5
:10AFB0000000000068771100507711002077110021
:10AFC0005C771100387711002C771100447711005D
:10AFD0005070A000409BA00021000000B46DA000B4
:10AFE00001010000EC951300E8951300E46DA0004A
:10AFF000747711000000000000000000F0771100DD
:10B00000D8771100A8771100E4771100C0771100FC
:10B01000B4771100CC7711006070A000E89AA0000E
:10B020003C000000B46DA000010100000096130078
:10B03000FC951300E46DA000C04A1300000000005E
:10B0400000000000384B1300284B1300F84A13008F
:10B05000304B1300104B1300084B1300204B130010
:10B060007470A000EC9CA0007C871300E88713009C
:10B07000C4871300A0871300D47B1300787F1300CC
:10B08000008B1300307F1300E87B13000481130052
:10B09000288113004C81130088841300C4791300A5
:10B0A0003C851300887813009C781300B078130057
:10B0B000247C1300348713006C8B1300907E1300E4
:10B0C000387C130078881300CC851300D08D1300D2
:10B0D000B87E130030881300CC7E130098891300CB
:10B0E000AC8D13004C7C1300B88A1300B07C1300A5
:10B0F000448C1300C47C13008C8C1300948A1300BE
:10B10000D48C1300D87C13001C8D13008C7A130090
:10B11000648D1300D88B1300087F13003490130044
:10B12000EC7C13007C901300C0881300A8851300EA
:10B130000C88130080861300687E1300C07B130008
:10B140002C801300DC811300088013005080130052
:10B150001C000000C4981300307F1300488B1300BC
:10B16000FC7B13003878130054881300B48B130051
:10B17000107C13004C78130060781300747813006F
:10B18000388613001486130058871300D8821300E2
:10B190009C88130020831300E07E1300A47E13001C
:10B1A00008891300C08813002C891300E488130059
:10B1B000DC8A1300F88313009C7F1300188E1300A1
:10B1C00098801300848E1300F0851300C886130046
:10B1D00050891300808F1300688C13004084130083
:10B1E000B08C130064841300408D1300D0841300CE
:10B1F000AC8D1300D08D1300A090130018851300A0
:10B2000004811300C07F1300948113002881130070
:10B21000BC8013002482130060851300CC8E1300C1
:10B220006C821300D8791300EC791300007A1300B4
:10B23000048A1300388F1300FC821300288A13003D
:10B240005C8F1300448313004C8A1300EC8F1300AF
:10B25000D4831300548813000C8813003088130023
:10B260009C791300147A1300B07913004C811300F9
:10B27000BC8913008C83130024781300287A1300F0
:10B28000607C1300547F1300F48D13007081130051
:10B29000488B1300248B1300008B1300E4881300E9
:10B2A00038861300A48613003C7A1300507A1300EA
:10B2B000747C130074801300608E130000821300EE
:10B2C000B48B1300908B13006C8B1300887C1300DD
:10B2D000647A13009C7C130074891300A48F1300FC
:10B2E00068831300208C1300FC8B1300D88B130091
:10B2F000F88C130058901300AC8413005080130096
:10B30000888D1300F4841300248B1300E47F130052
:10B310003C8E1300B8811300908B1300E080130063
:10B32000A88E13004882130098891300088913001F
:10B330002C891300208C1300FC8B1300E089130070
:10B34000C88F1300B0831300A08713001087130069
:10B35000148F1300B482130084851300F08513004A
:10B36000A8851300CC851300C4871300EC86130056
:10B37000F08E130090821300E8871300708A130088
:10B38000109013001C841300A48613005C86130025
:10B39000C886130080861300787A1300F47E1300A9
:10B3A0001C7F13007C7E1300D48C1300448C13008C
:10B3B000648D13007C901300088013001C8D130013
:10B3C00034871300B88A13008C8C1300788813001C
:10B3D0003C851300787F13008485130014861300C6
:10B3E0005C8613007C87130054911300E4911300D2
:10B3F0009C911300049313000C911300907D130093
:10B40000E87A13002494130094931300B494130067
:10B41000FC941300007D13006C94130074921300CD
:10B420004C931300DC931300BC9213002C92130076
:10B43000C4901300A07A1300307B1300D87D130052
:10B44000207E1300787B1300C4781300487D13001E
:10B450000C79130054791300C07F130094811300FA
:10B46000E47F13003C8E1300B8811300BC891300E5
:10B470008C831300E0891300C88F1300B08313007E
:10B48000BC80130024821300E0801300A88E1300F8
:10B4900048821300547F1300F48D13007081130051
:10B4A00074801300608E1300008213009C7F1300D1
:10B4B000188E130074891300A48F1300688313007F
:10B4C00050891300808F130098801300848E13001E
:10B4D00010871300148F1300B4821300EC8613003E
:10B4E000F08E130090821300708A130010901300E6
:10B4F0001C841300048A1300388F1300FC8213008D
:10B50000288A13005C8F1300448313004C8A1300B5
:10B51000EC8F1300D4831300F88C130058901300A1
:10B52000AC841300948A13003490130088841300B1
:10B53000688C130040841300888D1300F48413007A
:10B54000A0901300188513002C801300DC811300D9
:10B55000408D1300D084130058871300D882130045
:10B56000DC8A1300F8831300B08C1300648413008A
:10B570009C8813002083130060851300CC8E130079
:10B580006C82130043616C6962425358004E5669E5
:10B5900072740053656E736F720000000300000048
:10B5A0000400000005000000060000000700000085
:10B5B0000800000010671700486F737400A91AA1F3
:10B5C000AB551748656C6C6F20776F726C64210007
:10B5D000506172616D202575206C656E2025752087
:10B5E00074696D6520256C6C752E20200025642EF5
:10B5F0002054657374696E67207072696E7466207A
:10B60000627566666572696E67207465737420255D
:10B61000752E20200054686520717569636B206267
:10B62000726F776E20666F78206A756D7065642022
:10B630006F76657220746865206C617A7920646F1A
:10B64000672E202054686973206973206120746517
:10B6500073742C2074686973206973206F6E6C7921
:10B66000206120746573742E20204520706C7572E3
:10B670006962757320756E756D2E2020436F676942
:10B68000746F206572676F2073756D2E2020566968
:10B690006E692C20766964692C20766963692E00B6
:10B6A00049646C6500000000657870660000000069
:10B6B0000000003F000000BF8071313F807131BF4A
:10B6C000D1F71737D1F717B76C6F6700000000008C
:10B6D0000000000042CE0200EB3CEBAE1FA4E4A150
:10B6E000AF7B987F6BC88E6D7B9DC1980232968927
:10B6F00048A410CD17CEB83C4D124F2B3211C03A92
:10B70000421529EA000000000000000000000000CF
:10B710000000000000000000000000000000000029
:10B720000000000000000000000000000000000019
:10B730000000000000000000000000000000000009
:10B7400000000000000000000000000000000000F9
:10B7500000000000000000000000000000000000E9
:10B76000A89B1300AC9B1300000000000000000029
:10B7700000000000000000000000000000000000C9
:10B7800000000000000000000000000000000000B9
:10B79000AC9B1300B09B13000000000000000000F1
:10B7A0000000000000000000000000000000000099
:10B7B000C340120000406B2040090A22808F100015
:10B7C000842BE22082000A22808F1300EC9CE2206E
:10B7D00082009A080000DB44A000205CAB240939F9
:10B7E000DB44A000206CAB2449398E0E8FFD6A200B
:10B7F00080028EB829200080DB42A0001C5C6F70A4
:10B800002220800F1300EC9E09008FE4CCA51300CA
:10B81000C3401200844BD3701200844BE07CAB20F9
:10B820008A04E07EE4C0C1880210C3000844048892
:10B83000402E0D17546B24BEC57A1CB841B1408C04
:10B84000638C5CBD5CB808B808BDA57A657840B16A
:10B8500002B1C4C40010C3000110C2000210C00035
:10B8600060B141B1E07F02B1E6C3ABC100160D701B
:10B87000A000D85ECB46F00034000C7040258F123B
:10B8800014AE16AE15AE0AD84C74660A2FEAE14122
:10B89000088D278D08B8257810B835B88C208F838F
:10B8A000CC20828F0000EA05CC20828F0000D507D3
:10B8B000CC20828F0000DD0707F2018E8420030078
:10B8C0004520C00001AE6615801006E8001E02701B
:10B8D000F000060180C04A09AFFE5425CE1C0017B7
:10B8E000C0107B0832001AD919D9CE092FEAC140FD
:10B8F0007F158110382042006AC1B7086100291CF9
:10B90000823067D8B86084C1C7FF5425801D4024A9
:10B910008135C5FF71D8B86040248138C2FF7515E4
:10B92000C1106B1580107015821004B924B88421E1
:10B930003C008422030C2578457848308000003094
:10B94000800F75378FC20130800F803F00000736AF
:10B950000070803F000043C02BF05E092FEAC14019
:10B960002D8D382042006AC147086100291C8230B1
:10B970006715CB106815C1106915C2106A15C31080
:10B980006B15CC106C15CE106D15CF106E15C01048
:10B990006F15CD10101CC432121C4430141C84309E
:10B9A00083416BB18CB1CDB1F1B112B1B3B1C34030
:10B9B000A100FF7F5A0D0FF6490874020845460D95
:10B9C0000FF6084742250012B20F2FEB0F7E236FB0
:10B9D000D8602F79350924002DD8A20F2FEB5525DB
:10B9E0008D1FAF7DBA0F2FEBA1416E086FEBA14009
:10B9F000C3401300187580C18E0AAFE42CDAC6C7A5
:10BA00002FD8DE0B2FEA2C71D60B2FEA2C71E078A1
:10BA1000F1C0CB44F00034002294C34000002E1447
:10BA200010784B0921001AD8C340A0009487C34165
:10BA3000A100D8261249C343000067170D0A7200FF
:10BA400063B48A08AFF22C70C340130040A82608E4
:10BA50000000C3400000000005E82220800F000025
:10BA60000000920E0000D1C0E07E760B2FEA2C7011
:10BA7000EAC3A1C1084514700C7041F2520B6FE487
:10BA8000A1407B081100038D0D08F40040250F1222
:10BA9000C18511F0E46DCB461000CC2A0BF0046F89
:10BAA000E46809F04E2002202C702208AFF2814099
:10BAB0002A47018780871470104011F24027111225
:10BAC000F2F680C322400241607E81424020C020C5
:10BAD0006C2040001F6708E7EDF1E3ECC343AD0BBA
:10BAE000D0BAC342D0BAAD0B0C70C34100000B0AF0
:10BAF00061A740A720B5021D4313CAC7E6C20C7157
:10BB0000A75ACB45A000488602A50C71A85A04A5E7
:10BB10000C71C34112004C56AF5A08460C71C34118
:10BB200012004057B05A08470C73A75A03A50C736C
:10BB3000C34112002456AF5A00410C7004EE04EFCA
:10BB400079210000C6C6E078F1C0C3401200C0579A
:10BB5000AD5AC341A0006086D1C0E07F00A1E0786B
:10BB6000E2C242213C80C3430000FFFFAD7015F2EA
:10BB700040200C07A820400400841B0881002E8C64
:10BB80000694C0B98420CF8F257D05F27070CA233A
:10BB9000050055240C1C8382BB782C8CA1B9057937
:10BBA0002CAC23829E08EFF06040C2C608444222BB
:10BBB0003C804A200000E07C40210307A820C0010F
:10BBC000C0130104382101032578E07EEEC2CB4783
:10BBD000F0000001138FCB45F000400280B813AF96
:10BBE000128F80B812AF118FA0B811AF01852185D7
:10BBF0004420420050210000457801A50016017044
:10BC0000A000A46DC340A000206C720DCFF5AA2047
:10BC100049095E0DEFF5AA210909B6098FFE4E0C00
:10BC20006FFD0C701A0A8FFE220A8FFE5E0A8FFECD
:10BC30004E080FF010401470D8F2CA0B8FFD03901D
:10BC4000CB46F000340004B60E108020228522B8C6
:10BC5000A0B9C0B8257802A502108120088F0F096D
:10BC60007F006C20400080B802F081B808AF120855
:10BC70002FF0171E83142F1081002E1082004029F0
:10BC8000000245781108800F0000FFFF8C20538FC1
:10BC9000C6F708F0001E4370A0009C428A20930F54
:10BCA000AA5A147092F2C340A000205CC341A000C5
:10BCB000206C120B2FEA171EC314CB45A000E88797
:10BCC00028D9C342A00054405625001C171E431516
:10BCD0007E092FF6171E8315C340A000888CC3422F
:10BCE000A00074406A092FF628D9C340A000A88F8D
:10BCF000C342A000EC40B20F6FEB20D9C340A000BC
:10BD0000A893C342A00008419E0F6FEB20D9108F6B
:10BD100010D980B810AFA1403A08EFF3171EC31531
:10BD2000D20820000240AB083000AD7034581043F8
:10BD30002E5810423E5810412F5800440240624194
:10BD40004242DA0A2000224387081000F20F8FEAED
:10BD50000EE80B8E19085F00345810402E58004230
:10BD600030D80241335804E8660F8FEA4E0D0000C8
:10BD70002FE891D80609AFF517AE148EA9E8820D09
:10BD8000CFFF8A20080EAADA2C70C168AB22080EF9
:10BD90002B218003088FC343FA0280F0C341310195
:10BDA000002DC1B8147255DCCA21C100016EC9430F
:10BDB000AB24081E2B210000C340A000E0420088F5
:10BDC000AD7109E80C750DF02AD8AD7014AEA14024
:10BDD000CEC6C340A000E14200887BE80C73AB22D2
:10BDE000080E2B20C002F5F12ED8F60FEFE92C70CB
:10BDF000E6C2CB45F0003400171D03162F884D888E
:10BE0000CE888C8808B908BA257E857A10BEC343CF
:10BE1000F00040025322C102457E3AB32CBE958801
:10BE200053264B11D7883488568808BC08BE257C19
:10BE3000052681104A24407610B985792D700D7140
:10BE4000CD7024A3A8204102717645F20F0E141480
:10BE50005C883D88FF889E8805F058883988FB8873
:10BE60009A8808B908BF45790527021310BA4579A1
:10BE700001294102C1B934713E00210034720FF230
:10BE800034731FF42F27BF006F233F0025830F213A
:10BE9000810325A32F26BF000BF02F27BF006F23A0
:10BEA0003F0025831021810325A32F26BF002C717D
:10BEB000D87926A30FF00028811328A30BF02F2791
:10BEC000BF006F233F0027830F21810327A32F2665
:10BED000BF002572C5716140AE5AA70830004A24E0
:10BEE000407111D84A210000A820C001AB20D00227
:10BEF0000471AB2188014A24807116DC6C7123DA4D
:10BF00000C7224D9AB24D012AB238801AB22D0020F
:10BF1000AB208801AB21D002AB20880117D82C744C
:10BF2000A820C001AB20D0020471AB2188014A24B3
:10BF3000C0701DDC1EDB4C731FD8AB24D012AB21AC
:10BF40008801AB23D002AB228801AB20D00215D8E8
:10BF5000AB218801A820C002402002044220010435
:10BF60000471AB22D002AB21880128DA07D90C7109
:10BF7000AB22D002AB218801171D4316C6C6B0D92B
:10BF80000C7034ADC6C6E078EAC230410E7136E9B5
:10BF900040200F07AD7045DE01871D089204290877
:10BFA00090042F0850083B089108001F801FA00034
:10BFB00008411CF012E82B085104001F801FA0004C
:10BFC000544014F0001F801FA00074400EF0001FAA
:10BFD000801FA000EC400AF0001F011006F00E7058
:10BFE000001E8273F0004900920FEFF5E140A57149
:10BFF000A90D649455270F1C0240CAC6F1C0A95A66
:10C0000014700C7107F429DAC341F00048000C7079
:10C0100040A9D1C0E07EE078ECC2504230411040EF
:10C02000CB45F0004B002040404160428043D20F9E
:10C03000EFFF001D831614700C704FF2C342A00076
:10C040005440224042411E0BEFFF001DC316C34265
:10C05000A000744022400E0BEFFF4241CB46F0009F
:10C060004002C341F0007702E0862D108320008952
:10C070006C20420053234000457800A90240224131
:10C080004242120A2000001D031728BFCABF0DE854
:10C0900002402241BE092000424205E885270710E0
:10C0A00003F08527031022414242060A2000001DAA
:10C0B000431760868A2118001470C527421046274E
:10C0C000021008BA0423810FF8FFFF000C714579B4
:10C0D00020A6001D8317CCC6F1C0C340130028B3AF
:10C0E0004A0E4FFE83E8D1C0E07EF60CEFE92C71DA
:10C0F000E2C2C341A000E042CB45F0003400C3409F
:10C10000A000E14200190300171D4314CE0FEFFFFA
:10C1100000184300BA0ACFFF05E892D88E0C2FFE14
:10C1200017AD148D83E820D814ADAFD817AD4058A3
:10C13000EEC2704350413042830B30001040AD706E
:10C14000D76D2276C14035580B0895003E1E8310EE
:10C1500005F00B0854013E1EC31F198E40260F1711
:10C16000C1B823087100E140019717E8483000008A
:10C17000C3411200684BC142B35A2308330001AFD8
:10C180001AF002419E082000424209E80041008066
:10C19000FEE8C0A103F0011FC31F28860CE9211689
:10C1A0008010C1B814720C7005F42F78024142421D
:10C1B000335808A6A5718D0DC4940240CE0DEFFF33
:10C1C00042415B0B30201042ED70CD7011F03558BC
:10C1D0001040A1403A5835580C2000A0E14056F7D5
:10C1E000A1403A5835583E1D02100C710EF0176EE2
:10C1F00000210DA009F2A1403A5807E8198DC1B8F5
:10C20000CF087180A140E140C57172763C26CF1401
:10C21000CA262610047FADF7EBE84240CEC6E07890
:10C22000E2C261880845402B80074228BE870E0085
:10C230002400808D81403D5807F0C1BB0B0BB1003D
:10C240000C708140335800A5C2C6E078E07F0C71C5
:10C250008D7017EA2D108300270B70000A24807060
:10C260003C49C342A0000841A820C00220800F0919
:10C270008100348807099F008D715520000CE07FF4
:10C280008140E0782D108000E07F78204000E07849
:10C290002D1080000F085100C340A0005440110130
:10C2A000CFFFC340A00008410501CFFFC340A0005D
:10C2B0007440FD00CFFFE078C342F0004B001BD973
:10C2C0000C70001AC307AB21D002AB208801C34019
:10C2D000F000200120D926A020A06F26FF0590D9CC
:10C2E0000C71E07F20AA00002B6600000000671799
:10C2F000000000000000000000000000000000003E
:10C30000000000000000000000000000000000002D
:10C31000000000000000000000000000000000001D
:10C32000000000000000000000000000000000000D
:10C3300000000000000000000000000000000000FD
:10C340002873010000000000B05B01002E14000003
:10C3500000000000F00000000000000000000000ED
:10C3600000000000494E4903543B1100A89B1300F4
:10C3700005000000018886A000000000AC9B1300AF
:10C3800005000000016C86A000000000206CA000E9
:10C39000B00A0000002000FC231000CC020454224C
:10C3A0001000B4FF1100B8E200001000AC00120051
:10C3B0004036110018A01100503900001100043A55
:10C3C000110084A11100F4A31100C8710000130032
:10C3D00004A4110000A21100801D1200281E0008F4
:10C3E0001200581F12002C0A1200040204F4091251
:10C3F000000200DC0204D46C1200A4011200E80068
:10C40000120080680000120068041200B49F11003E
:10C41000108011008C7480201300844B1200C40221
:10C4200004044C1200440204342780B21000044D6E
:10C430001200240204440204886D02240218C4027B
:10C440000420809C241000640214445013008C13B8
:10C450001100A002048200B8020494AE11003C0254
:10C4600004F47E11002C1A1200CA02B00204BC02AD
:10C4700004541B027C020418020CDC6B1200FC1832
:10C4800080321200D819120094021014020CF01716
:10C4900002E002ECA81113820264025C902602D42E
:10C4A000231300900204E422130030020820480CF9
:10C4B0009912000002041C3F1300B80220347502D8
:10C4C0006469012002F497120054671000C06610DE
:10C4D00000E00208FC6828A810000C02084C0208C2
:10C4E00020691000680208D802042C02048200149B
:10C4F0000204C4981200E40204389D1200206B1359
:10C50000005200380204AC3A028C5E121438120059
:10C51000A0F31100610041000D01E46DA000EC02E8
:10C52000042C9613003C971300340000991300105C
:10C53000B5A000034B00006F7F40FF010960022F90
:10C54000C42702B098A00010BDA000006E02040233
:10C5500014F48312023402070010B6A00002245023
:10C56000030C50B7090CFFFF00DC1F000403150A81
:10C57000040314030A10030B03140240030B080402
:10C580000314040040E8FF000080081300051409AC
:10C5900010030A0F1403140F040F100F100F100FC5
:10C5A000100F10FFFF0F100F100F10031003A80340
:10C5B000080704071007080F180F100F100F1007B7
:10C5C000480F080710FFFF0F300B180B0C0728034C
:10C5D0000803180304070C0308070407180F1003C7
:10C5E000100B1C0B0C031CFFFF03040F140F100B8C
:10C5F000240F1C071007080B2C030C0F040F100F3F
:10C60000100F100F100F100F10FFFF0F100F100F53
:10C61000100F100F100F100F100F100F100F100F22
:10C62000100F100F100F100F100F10FF700F100FC2
:10C63000100F100F100F100F100B1013F404000048
:10C640001002020817061404FBFF4B6903140108CB
:10C6500022050903144F500F14032A0F1409140262
:10C6600062027D031003040528F0FB0001001003A3
:10C670000E05040F140316051442C802030E050428
:10C680000F1403160F14DF630F140310030405289F
:10C69000027820030E050406141F0400050002287A
:10C6A0005E40057EEC00028C0F140F1455B80F503D
:10C6B00012010008000F7853E30405880306068C76
:10C6C000FFFF030B080405140F7803390F1403143C
:10C6D000083704090F3C03150F140914030A090451
:10C6E0000F28FFFD031A0F14091412CA1FCC038F61
:10C6F0000FDC0F14152C01126A034B04040564129D
:10C700002A1F2C0B400E3C022D010204000C6FA0CE
:10C71000005471A000140208100D0002048E756010
:10C72000047A68ADA00098ACA0008C70A0005AD527
:10C73000840204D8051C04381C022C5C0238240234
:10C740000820020490051C0438AAAE7802382C0296
:10C7500014940214920204840204026C0438340219
:10C76000186402386A553C020838020496051C0415
:10C7700038880238A402709C026C940204DC55557F
:10C780000A1C98021C6C0238480234440204980ABD
:10C790001CB8021C84021C5855D502185402049A75
:10C7A0000A1CD8021CE80204A402209C02046402B1
:10C7B00020028C527502020400BC02106C02109E12
:10C7C00002309C0204850204021804A87455030276
:10C7D00018B0028CAC0288A40204E0051C22D70029
:10C7E0000058AFA000A0AE08AEA000CC0240C4022A
:10C7F000047C022C0238041C6C021C18021CAAAA1D
:10C80000DC0218D40204840A1C80021C28021CECDE
:10C810000218E402048C051C55AD047094020CF45B
:10C8200002149C0208980204A005701418380234FF
:10C83000BC028CAAAABC0288B40204E40A1C480206
:10C840001CC8021CCC0218C40204E8051C55AD0427
:10C850008C940270D4021CDC0218D40204EC051C77
:10C860000454580238AC0268EAAAA40214A20204D2
:10C8700086020402C4048CB80218FC028CC00208B0
:10C88000BC02045675A6051C943BF80250C802145D
:10C89000AA0214A80204870204023804549855AB73
:10C8A0000254D4021CAE0214AC0204880204071C19
:10C8B000B8021C041288EC02885AD5E40204F00580
:10C8C0001C0470DC0234E00204B20214B0020489D9
:10C8D00002040738AA2EC80238E4021CB60214B4B7
:10C8E00002048A0204021C0438EC02180472A8052F
:10C8F000A000F40208F00204B8051C048CD8023829
:10C9000050B3A00060D055B0A000400204E802106F
:10C910000238041CF8020C0C0238000288FC555541
:10C920000238BA0A380812341C02A80C1200040299
:10C9300004F80A1C18021C14555502380C02380859
:10C940000204BC0A1C28021C1C021C180218140237
:10C9500004BE55AD0A1C38021C24021C2002181CFF
:10C960000204C0051C04C42802102C021C56D53039
:10C9700003080204C20A1C38021034021C400208D8
:10C980003C0204C4051C24BCAAAE3C021844021498
:10C99000C80214C602048B020402E004544C0218BC
:10C9A0004002C46A553C02C03402040402E4071C7D
:10C9B00054021C44023C5C0208580204CA55AD0AE9
:10C9C000386402104C02384C023444020408053822
:10C9D00014344802C46C0220EAAACE0230CC02040D
:10C9E0008C02040254048C4C025070021CD20214BB
:10C9F000D00204AE6A8D0204021C048C7802185422
:10CA000002208002087C0204D4021C45A4017CFCA4
:10CA100000EF42C0022804030465020A3CE711B695
:10CA20006C0F20021D02030F200213FF7D04030779
:10CA300040030D0F6003140720074053350B800699
:10CA4000032506040F4003170F4004FFFF52750B28
:10CA5000400F200F200720034C0F6003140720070E
:10CA6000A00F400F200F200720034C0F60FFFF0393
:10CA700014072007601F001F000F600F400F2007E2
:10CA800020036C0F80031407200F80031C0304EEA7
:10CA9000FF0A030506040340051F60061C03070F79
:10CAA0002003140760030C03200FE00F600FC0FF8A
:10CAB000FF07400FA0035003040F400F400F400F2B
:10CAC000200F200F200720036C03C00F2007200732
:10CAD000A0FBBF1F20072010F2BC03401F000FC0A7
:10CAE0000F40074007800F400F400F200F20021E0D
:10CAF000C0FFFF2F600F400F400F200F200F200FAF
:10CB0000200F200F200F200F201F201F200F200F8D
:10CB1000200F60FFFF0F600F200F202F00076027FE
:10CB2000000F200F200F20072017E00F2007200FF5
:10CB30006003300304FFFF0F200F400F201F20076A
:10CB40002027A00F200720036C23C02F402F401F59
:10CB5000401F400F200F20FFFF0F200F200F200F3E
:10CB6000200F200F200F200F201F4017001F8013C1
:10CB70001003040F200F400F20FFFF0F200F200F86
:10CB8000200F200F200F200FE00FE01FE0074003D1
:10CB9000CC13E00F200F200F800720FFFF1F200382
:10CBA0005003040F200F400F200F200F200F200FE5
:10CBB000200FC007202FE0039C03040720FF2B0356
:10CBC0000C13002FE02FE01F601F600F200B2002CE
:10CBD00064086F4C92C4A892D410B2805EA000D0BA
:10CBE000B1A0007C92D87402040224030308285CDC
:10CBF0000228C855AF02289002285002049402244B
:10CC00008C0204032502040828680228F80228AAD6
:10CC10005710B25CD00228B40224AC0204022403F0
:10CC2000030828F492E8100228E0D5ABB27CB002E9
:10CC300004FC92FCF40204032502040828FC0228E8
:10CC400028022840029CEA551002041C024C1402DF
:10CC500004022403030828000278340228A00224D6
:10CC600070F5D402042C022424020403251350027C
:10CC7000291000FA448002748CC2AC0320AED6584E
:10CC800002380308070404C4CA00A4680107150693
:10CC900008C0A2E8E00204030FCEB5A402740308A2
:10CCA00007040108050A03700F380002702002040F
:10CCB0000322B00F3833D80A3802A8020006100346
:10CCC0002C90B8A00090124C030C68C2980308B9CD
:10CCD000F607040418050A0F700316E002DCEC02E4
:10CCE00004030CC40F700AE00470B4A6015D032AAB
:10CCF000000010BAA000F00670780F700A700238B9
:10CD0000080BA850D01BB4A000A81618880F38260E
:10CD1000BD03A8043820056C030690BBA0ECFD0001
:10CD2000B0023C030CA80F380670031C0F04FF026E
:10CD3000010F140F100F10071003880340070C0B8E
:10CD400008CCC012009C821100D84A12001CC0D32B
:10CD5000F0E3120084D2090403340C2003110E0402
:10CD6000F36124A0130E16050F13DF000D6C5D1286
:10CD7000000002F0000369B0044D090CA001F000AE
:10CD8000AD251323A00718023180030C0822C1121D
:10CD900041E8030C00A0024D04001F0F053C0218DF
:10CDA000128D0518033A800048042402230303135C
:10CDB000F00200008081000E04CCEAA000CCF40256
:10CDC00004FEA0000B0B070B02000006030D0D096B
:10CDD0000D0208051F1F131D06100700002525154D
:10CDE000250614097965695D14620B79770000776F
:10CDF0007714760D00000E0E090E030804111100C1
:10CE0000000B11030A07272719240908092F2F1AD5
:10CE10002F000008190C987F84741A7B0E98959542
:10CE2000951A94060011037D0504A91AA1AB5517A4
:10CE300000003D7E0DBF00000000803F3A3FD4C09F
:10CE40007077120000000000000000002B66020056
:10CE500002006717E27659B986BBC21FF42374EC4F
:10CE6000C40A0B8698AE75CF819C1E5BC065C53326
:10CE70004EB34FF30000000052502D9DD469BDAD5C
:10CE80009B7E1A8A0AF1ABB4952683C70000000086
:10CE9000FB0BE7178B79A883A9CDA4706541676464
:10CEA000224937B54C32000031DCE1E900000000D6
:10CEB0006717000000000000F00000000000000004
:10CEC00000000000901EB40D040000002B6602005C
:10CED00002006717000000000000000000000000D2
:10CEE0000000000000000000000000000000000042
:10CEF0000000000000000000000000000000000032
:10CF00000000000000000000000000000000000021
:10CF10000000000000000000000000000000000011
:10CF2000000000004C320000000000000000000083
:10CF30006717000000000000F00000000000000083
:10CF40000000000000000000A8DA1300C8DE130093
:10CF5000902AA100102CA100102CA100103DA100CE
:10CF6000103DA100903DA100D8DA1300000014008C
:10CF7000B03DA1000080A1008CDE13006CB4130052
:10CF8000B0B413008CB41300A91AA1AB551700005C
:10CF9000C341F00034003444047106A10C70E07EFB
:10CFA000F1C02C7127D82220800F1300B4BBE07889
:10CFB000E2C0CB44A100F4284F7AB36A1624821051
:10CFC00080452F24C7004C43A264C2C02020800F9C
:10CFD000130044B9E2C0CB44A100F4284F7AB36AED
:10CFE000162482102F24C7004C43A264C2C0202004
:10CFF000800F130064BAE0786A2480125124809371
:10D00000E020820F1200AC3A5DDC3E796A24801287
:10D0100051248093E020820F120068385FDC3E7953
:10D020006A24801251248093E020820F1200945EC3
:10D030005EDC3E796A24801251248093E020820FC6
:10D040001200044C20DC3E796A2480125124809323
:10D05000E020820F1200444C21DC3E796A248012C9
:10D0600051248093E020820F1200844B1EDC3E7915
:10D070006A24801251248093E020820F1200C44B56
:10D080001FDC3E796A24801251248093E020820FB5
:10D0900013008C741DDC3E796A2480125124809325
:10D0A000E020820F1200244D24DC3E796A24801295
:10D0B00051248093E020820F1200444D25DC3E79FC
:10D0C0006A24801251248093E020820F10003427BC
:10D0D00022DC3E796A24801251248093E020820F62
:10D0E0001200044D23DC3E796A248012512480937F
:10D0F000E020820F1300C8710CDC3E796A24801294
:10D1000051248093E020820F1200581F11DC3E79D9
:10D110006A24801251248093E020820F1200281E7E
:10D1200010DC3E796A24801251248093E020820F23
:10D130001200801D0FDC3E796A24801251248093F6
:10D14000E020820F1200A41B36DC3E796A24801294
:10D1500051248093E020820F1200541B35DC3E796D
:10D160006A24801251248093E020820F1200BC1A9E
:10D1700034DC3E796A24801251248093E020820FAF
:10D180001200B01A33DC3E796A2480125124809355
:10D19000E020820F1200941A3BDC3E796A24801250
:10D1A00051248093E020820F12002C1A32DC3E7949
:10D1B0006A24801251248093E020820F1200181AF2
:10D1C00037DC3E796A24801251248093E020820F5C
:10D1D0001200D8193ADC3E796A24801251248093D7
:10D1E000E020820F1200DC6B38DC3E796A2480126A
:10D1F00051248093E020820F1200FC1839DC3E7924
:10D200006A24801251248093E020820F12001418A7
:10D210003CDC3E796A24801251248093E020820F06
:10D220001200F0173DDC3E796A248012512480936D
:10D23000E020820F12002C0ACB44000012003E793D
:10D240006A24801251248093E020820F1200040A85
:10D25000CB44000013003E796A248012512480934D
:10D26000E020820F1200F409CB44000014003E7944
:10D270006A24801251248093E020820F1200DC097E
:10D28000CB44000015003E796A248012512480931B
:10D29000E020820F12006804CB4400001A003E799F
:10D2A0006A24801251248093E020820F1200D46CF3
:10D2B000CB44000016003E796A24801251248093EA
:10D2C000E020820F1200A401CB44000017003E7939
:10D2D0006A24801251248093E020820F120080681B
:10D2E000CB44000019003E796A24801251248093B7
:10D2F000E020820F1200E800CB44000018003E79C5
:10D300006A24801251248093E020820F1200AC0026
:10D31000CB44000005003E796A248012512480939A
:10D32000E020820F1100B4FFCB44000003003E79DF
:10D330006A24801251248093E020820F110040FF64
:10D34000CB4400003E003E796A2480125124809331
:10D35000E020820F1200C44CCB44000028003E792C
:10D360006A24801251248093E020820F1200844CA2
:10D37000CB44000027003E796A2480125124809318
:10D38000E020820F1300886DCB44000026003E7918
:10D390006A24801251248093E020820F1200644D91
:10D3A000CB4400002A003E796A24801251248093E5
:10D3B000E020820F10009C24CB44000029003E791D
:10D3C0006A24801251248093E020820F100084246C
:10D3D000CB44000040003E796A248012512480939F
:10D3E000E020820F1000FC23CB44000000003E79B7
:10D3F0006A24801251248093E020820F1000CC23F5
:10D40000CB44000001003E796A24801251248093AD
:10D41000E020820F10005422CB44000002003E792D
:10D420006A24801251248093E020820F1300386B0D
:10D43000CB4400005C003E796A2480125124809322
:10D44000E020820F1300206BCB4400005B003E798C
:10D450006A24801251248093E020820F110094AE40
:10D46000CB4400002F003E796A248012512480931F
:10D47000E020820F11003CAECB44000030003E792A
:10D480006A24801251248093E020820F110004A4AA
:10D49000CB4400000D003E796A2480125124809311
:10D4A000E020820F1100F4A3CB4400000B003E7972
:10D4B0006A24801251248093E020820F110000A280
:10D4C000CB4400000E003E796A24801251248093E0
:10D4D000E020820F110084A1CB4400000A003E79B5
:10D4E0006A24801251248093E020820F110018A03A
:10D4F000CB44000007003E796A24801251248093B7
:10D50000E020820F1100043ACB44000009003E796C
:10D510006A24801251248093E020820F1100503938
:10D52000CB44000008003E796A2480125124809385
:10D53000E020820F1100B49FCB4400001B003E7915
:10D540006A24801251248093E020820F110040361B
:10D55000CB44000006003E796A2480125124809357
:10D56000E020820F13004450CB4400002B003E7992
:10D570006A24801251248093E020820F11001080D1
:10D58000CB4400001C003E796A2480125124809311
:10D59000E020820F1100F47ECB44000031003E7980
:10D5A0006A24801251248093E020820F1100347588
:10D5B000CB4400004A003E796A24801251248093B3
:10D5C000E020820F13001C3FCB44000048003E794E
:10D5D0006A24801251248093E020820F11002C696C
:10D5E000CB4400004B003E796A2480125124809382
:10D5F000E020820F1300B826CB44000049003E799A
:10D600006A24801251248093E020820F1300902618
:10D61000CB44000041003E796A248012512480935B
:10D62000E020820F13009023CB44000043003E799A
:10D630006A24801251248093E020820F130030234B
:10D64000CB44000045003E796A2480125124809327
:10D65000E020820F13000423CB44000042003E79F7
:10D660006A24801251248093E020820F1300E42268
:10D67000CB44000044003E796A24801251248093F8
:10D68000E020820F1300A811CB4400003F003E7938
:10D690006A24801251248093E020820F1100B81375
:10D6A000CB4400002E003E796A24801251248093DE
:10D6B000E020820F1100A013CB4400002D003E7922
:10D6C0006A24801251248093E020820F11008C1371
:10D6D000CB4400002C003E796A24801251248093B0
:10D6E000E020820F1000B8E2CB44000004003E7935
:10D6F0006A24801251248093E020820F1200389D0A
:10D70000CB4400005A003E796A2480125124809351
:10D71000E020820F10002069CB44000053003E79C6
:10D720006A24801251248093E020820F1000FC684C
:10D73000CB44000050003E796A248012512480932B
:10D74000E020820F12000C99CB44000046003E7985
:10D750006A24801251248093E020820F1000D86840
:10D76000CB44000055003E796A24801251248093F6
:10D77000E020820F12000099CB44000047003E7960
:10D780006A24801251248093E020820F1000686880
:10D79000CB44000054003E796A24801251248093C7
:10D7A000E020820F10004C68CB44000052003E790C
:10D7B0006A24801251248093E020820F10002C688C
:10D7C000CB44000056003E796A2480125124809395
:10D7D000E020820F1200E498CB44000059003E790B
:10D7E0006A24801251248093E020820F1000146874
:10D7F000CB44000057003E796A2480125124809364
:10D80000E020820F1200C498CB44000058003E79FB
:10D810006A24801251248093E020820F1000E06778
:10D82000CB4400004F003E796A248012512480933B
:10D83000E020820F10005467CB4400004D003E7979
:10D840006A24801251248093E020820F10000C671C
:10D85000CB44000051003E796A2480125124809309
:10D86000E020820F1000C066CB4400004E003E79DD
:10D870006A24801251248093E020820F1200809746
:10D88000CB4400004C003E79E8C268467308710042
:10D890002845710AB40123D8FF86FC1710108C208C
:10D8A000C3AF06F2FFD87A082000C141408D2C702A
:10D8B000EA0F6000C140428D2C71E20F6000C14050
:10D8C000448D2C72D60F6000C140008D5627011880
:10D8D0008027441000A9018D00AF028D01AF038D98
:10D8E00002AF048D03AF058D04AF360F6000C14059
:10D8F0008C20C3AF05F2024026082000C1410C7005
:10D90000C8C60000E4C2DA0D2000284508460C70A5
:10D910001A09EFFFA141C140C4C60000F6C3A4C16B
:10D920007C111000ED703042084555200E2F0C1C64
:10D93000C4334F08730442C7830DB51090E51644F5
:10D9400014100F200C101120CE08600010101320AE
:10D9500028E8C6086000624024E8BE086000224053
:10D9600020E8B6086000E1401CE82C70660F20003B
:10D9700042402C704C70B608A000424016F0D50D05
:10D9800070148C2502907CF28C25C39F9AF40C169F
:10D990001110FFD93E0F20004240B821022078F03C
:10D9A00080D9320F20004240B91280205520CF2F5D
:10D9B0002E70C6B8B91A02206CF084F4038660DDBC
:10D9C0000F1CC2338C200280041CC43340C7CC20FF
:10D9D000828F0000FF000AF207868C200280CC2094
:10D9E000828F0000FF008AF4CD70D1412F224604BF
:10D9F000CE7B2F24C6034240AA08EFFFA141341278
:10DA0000012023D82018002060794240A412002170
:10DA100058120220607A42410E4106E9A411000129
:10DA20005681407A7A08A0004240CD08B10010DD4E
:10DA300008100E20C10E3010C1402F8640792D866F
:10DA400008476079C1404E86C141607AE14054F098
:10DA5000A3868C25C39F38F482C14024823283C3BD
:10DA6000260D200042400C1444310A14433108149E
:10DA7000423100414608EFFF42403DF00C161110C4
:10DA800080D9520E20004240B821C32F5520CF2FFD
:10DA90000C704241C60FAFFFA0A7250910207C12D1
:10DAA00001200086EC110D00360C200042410335A8
:10DAB000009006F20C70760FAFFF4241A0871CF079
:10DAC000A3861AF0FFD8424195FF82C140248232DA
:10DAD00083C3B60C200042400C1444310A14433175
:10DAE000081442310041D60FAFFF4240A1404241ED
:10DAF0008BFF11DDA140D6C7A60F600042402D0864
:10DB00009100E60B0FEF560A2FEF084600420C7506
:10DB1000CE0B2FEFC1412F8040798C200280CC208A
:10DB2000828F0000FF0062F37ED9B6DA6C71BE0E00
:10DB300060004240AA0C600042407ED911DA0ADB44
:10DB4000AA0E6000424008D91E0D20004240AE0DD2
:10DB50006FEE0AD840D92CDA6C7042408E0E60000D
:10DB600040221727960D6FEE0AD85AD88C70D346EC
:10DB700048420000AB20080E6DD94024C2336C71BE
:10DB80008045E2400A268005C20CAFFF0F1C4332DD
:10DB900012D980C26C76E60FAFFFE2408C7020C7CE
:10DBA000041491300514943002149330031495300A
:10DBB00001148E306DD94024C2336C718045E2402F
:10DBC0000A268005860CAFFF0F1C433312D980C292
:10DBD0006C76AA0FAFFFE240011480300314893045
:10DBE000402C012208BE0014853002148430C57F09
:10DBF00005214104402D0222EE7C2E7F40280102A7
:10DC000040290012051486300522C2040521410175
:10DC100005200001041487304E7B2E790E78402EAB
:10DC200002020221110376480522C2019A210F2A1D
:10DC30009A260F1A4E78F748CB4000000010042EA9
:10DC40000E129A270F1A82C08A220F0A6E710429B7
:10DC50001122CE7931798C21CF898343C5B3042F2A
:10DC60000F12001844042F20460411783A20940023
:10DC7000E6B3CA23092508F68C200F8A4F245420C6
:10DC8000CA23AB20EE7811788C20C78C04F666711D
:10DC90004F2494207ED9B6DA6C73520D6000424056
:10DCA0003E0B600042402F20C70414710DF71B0C7F
:10DCB0003F2061DD110C7F20512480A064DDCA2546
:10DCC000A11003F062DD2905CFFF0000E4C27F81CF
:10DCD0004A24C0700844C340A100742928452C7010
:10DCE0000A220000A820C00108128E040B0E0513A2
:10DCF000247110DE2C73367841802188A140F41BFA
:10DD00008203660B2000E81B80000C70360DAFFF0D
:10DD1000A141C140C4C60000ECC2284155218D0874
:10DD200002E8CCC67C111010B911C01008101220E6
:10DD300004101120147056002A005520802BCE109C
:10DD4000C1204B0913000010CE00BA10C12074800E
:10DD5000B7108220B9108C200410CF0008BE08B97B
:10DD6000BB108B20457E409B8579819B629B08BFC1
:10DD70000527CF1240100800524E8279734F49A0F8
:10DD80002AA06BA023200002214021091020B911F4
:10DD9000C02019081300CE1080201108BE012242B5
:10DDA0002185D20CAFFF00857B0A10A0B912C020DC
:10DDB00073081380CE1080206B087E81424221853B
:10DDC000B20CAFFF0085CCC614702045E07D7C15F9
:10DDD0000200402500072C748022420AC34413002D
:10DDE000F4C18105AFFF14DB5F8120456C75F81A23
:10DDF00000003C4980228303C3441300A4C265058C
:10DE0000AFFF1BD9E8C214716847504028460C7018
:10DE100021F400100021147623D89DF7BF872C70C1
:10DE2000420A6000E14000AE80254410008D2C7154
:10DE300001AE320A6000E14002AE028D2C7203AEE8
:10DE4000220A6000E14004AE248D0C7025AE00185B
:10DE50008521C8C6E4C208451F80B91581104180DC
:10DE6000C280C6B9B91D421005EAB912C000250822
:10DE700012002E0C6000A14007EE0F089100B916A9
:10DE8000C010110812002C744C70A20B6000A1404D
:10DE90000C70C4C6E4C20845B910C00033081200B3
:10DEA0001F852180C28006E9B911C0002308120035
:10DEB000EE0B6000A14008EE0D089100B916C010ED
:10DEC0000F0812002C744C71620B6000A140B91550
:10DED00081100C7087B9B91D4210C4C6E6C3A1C138
:10DEE000BF810330808F484100008D70ED70F01DC0
:10DEF0000010D7F70330808FC8410000ED71D1F7D3
:10DF00004A240071ED72C342A100A429A820000296
:10DF1000081203040333008043F6E571ED76FC1527
:10DF20000010CB46A10094298C20C38F08F28C20CE
:10DF3000028025F4090FF4108D71ED733C4916260B
:10DF4000C11368158210248995708422010C776CA6
:10DF5000C3B96579CA2221082415061045798C7049
:10DF6000031C423040D94024C2306C71DE08AFFF40
:10DF7000804503148030681D0210F67E0086EC1D7B
:10DF80000010C6C7EEC3A1C1504130422C704C7383
:10DF9000704008455E096000031C03302C714C730F
:10DFA00052096000A140B815C010147707F214712F
:10DFB00065D859F42C724C7103F02C724C723609EE
:10DFC0006000A1401F8508D9F41093009A08200032
:10DFD000A1402A096FEE0AD8A1402A086000402516
:10DFE0000E171A096FEE64D81BD94024C2306C7129
:10DFF0008A0BAFFFC1400314803023B84420408017
:10E00000031C0230EFF3DF852C705A086000A1403A
:10E0100056260F1800AF2C714A086000A1408026D8
:10E02000841000AE2C723E086000A14002AE120ABD
:10E030002000008F001A0420060A2000008E00191C
:10E040000420FE092000028E00180420D20F2000B8
:10E05000A140A140120820006241A2086FEE0AD838
:10E060000C70CEC7E4C3A1C1670975032845C3413D
:10E07000000028115B096E035325C210DF808C70ED
:10E080001CE06C71691681102416061080458421ED
:10E09000030C4579031C423041D9B20F6FFF402475
:10E0A000C23003148130C34013002875190D30139A
:10E0B000691E4210150D5011090D10120F0DD010D0
:10E0C0000CE005F012E003F00476421E1810C4C7FD
:10E0D000EAC3A1C1BF80031C0330D4150210D10ACA
:10E0E000600030418C2102A040200E0709F28C21F3
:10E0F000C3AF0AF4031C4334241D011009F0031CB0
:10E10000833404F0031C03347FD817B809A58C703E
:10E11000CB47A04000007ED94024C2306C718045BE
:10E12000C1402A0F6FFFE146031480305425101DB3
:10E130008C2102A0A61D02100DF4B7D88C70031C10
:10E14000023040D94024C2306C718045C140E14664
:10E1500011F0681580108C7040D9C3B885B8031CC5
:10E1600002304024C2306C718045C346803F0000BD
:10E17000C140DA0E4FFF031480308C708C2102A056
:10E180006CD94024C2306C718045031C03300018E8
:10E19000022006F4C346803F000003F08046AE0E26
:10E1A0006FFFC14003148030941D0210D41D401431
:10E1B000CAC70000E4C20845DF80A9D82C70D86027
:10E1C0000A096FF114DA0C707FDA23DB17BAC34146
:10E1D000130034751CAED81E0210FC1E0010A140A6
:10E1E000A0A6D41E011468A649A66A082000421EF3
:10E1F0005810C4C61F80E07FEC1000001F80E07F35
:10E20000FC1000001F80E07FF41080001F80E07F82
:10E21000E8100000F1C0004214700C710EF22F8261
:10E220006079404000418C2002800C70CC21828FAC
:10E230000000FF0002F20C71D1C0E07E00412F26E9
:10E2400005F0C521840F000000FFE07F2E7800005C
:10E25000ECC3A8C13F8008471F1C03303040D811D1
:10E2600080008BE8C341F000FC0200898420430F4A
:10E2700000A9D81843201C108020402712178708B7
:10E280003100031C033008877B0871041C184320ED
:10E29000CB45F0007702008DC1B86B08B10018DAE9
:10E2A000008D42418420030F00ADDE096FE381C081
:10E2B00021D88C7042C081C07FD9C342A100B1284F
:10E2C0006C718045C346803F0000041C803FA00065
:10E2D000EC407A08AFFF161C4336B6DE81C07ED90B
:10E2E0004024C2306C71A20D6FFF031C82330E0EEE
:10E2F0002FEE32D8A6188223008D8420030F81B818
:10E3000000ADDE0C2000E1402C704024C2376C715F
:10E310006A08AFFF424014704A2080288AF41F1414
:10E3200080304A2040288420030C8C20038482F40F
:10E33000DF870E70031C02340886F1083000E140CC
:10E340009E0C0000B6D8031C02307ED94024C23097
:10E350006C71360D6FFF4240A20D2FEE0C71820CD6
:10E360002000E1401F878A2402700A21800FA1004B
:10E37000CC2928E0A8208001011182040118920014
:10E38000AD707FD94024C2306C714240FA0C6FFFEF
:10E39000031C4233660D2FEE0C710314803054D9E8
:10E3A0004024C230A71E02106C714240DA0C6FFF8D
:10E3B000031C4233460D2FEE0C7103148130BBD881
:10E3C000D341803F000061C07C1E421053D981C2FE
:10E3D0006C71A144A1454240720C6FFF0A264004B3
:10E3E00055D981C26C71A144A14542400A2640041E
:10E3F0005A0C6FFF61C590D861C056D981C26C714B
:10E40000A144A1454240460C6FFF0A26400457D95B
:10E4100081C26C71A144A14542400A2640042E0CE1
:10E420006FFF041CC33FA8A64E870C70607AE141C1
:10E430000240CCC7F1C0A1C17F808C70031C423068
:10E440001CE069837ED98045013386004024C230B8
:10E45000FA0B6FFF6C718774D1C0E07EECC3A1C171
:10E460000A200021DF8040200D078C70A8477041F2
:10E470005042031C42304DD94024C2306C7180455B
:10E48000C346803F0000C60B6FFFA14009862C7475
:10E49000AC7001300604A14042422243AE0E6FFF31
:10E4A000E144CCC7E8C3A1C188478C70DF8040201D
:10E4B0000D077040031C4230021C82304FD94024AB
:10E4C00082306C718045C346803F00007E0B6FFF39
:10E4D000A14009864ED94024C230013006046C7137
:10E4E000AC70A140660B6FFFE144C8C7E2C3A1C195
:10E4F0008C70BF80031C42301CE060D94024C230C5
:10E500006C71C346803F0000420B6FFF80450314CF
:10E510008030881D0210C2C7F1C0A1C1031C423067
:10E520001CE07ED94024C2305E0B6FFF6C71877493
:10E53000D1C0E07EE6C3A1C140200D076846484730
:10E54000031C42304DD94024C2306C713A0B6FFF2E
:10E55000A140AA0B2FEE0C712C74A140E1421E0EBB
:10E560006FFFC143C6C70000E2C3A1C140200D0731
:10E57000031C4230021C82304FD9402482306C711F
:10E58000060B6FFFA140760B2FEE0C714ED9402485
:10E59000C2306C71F20A6FFFA140C2C7E4C3A1C1CF
:10E5A0003F09B00040200D076B0970004024C230C5
:10E5B00034702C7047F474D94024C2306C71BE0D95
:10E5C0006FFFA14003148E3077D94024C2306C71A4
:10E5D000AA0D6FFFA140031480300EB830F076D939
:10E5E0004024C2306C71960D6FFFA14003148E3031
:10E5F00077D94024C2306C71820D6FFFA1400314A3
:10E6000080300AB80420800F000000C00E7926B9BF
:10E6100018F075D96C71660D6FFFA14003148E3030
:10E6200077D94024C2306C71520D6FFFA1400314A2
:10E6300080300CB80420800F000000C00E783E68C7
:10E64000C5792E78C4C70000E6C3A1C1DF80484762
:10E650006109B00040200D07A50970004024C230B8
:10E66000347082F474D94024C2306C710E0D6FFF87
:10E67000A14074D9402482306C71A1400A0A6FFF16
:10E68000021CC233760A2FEE0C710214803077D947
:10E690004024C2309C1E02106C71E20C6FFFA1403E
:10E6A00003148130412F0012C1B88421030F4BF0B5
:10E6B00076D94024C2306C71C20C6FFFA14076D96C
:10E6C000402482306C71A140BE096FFF021CC2332E
:10E6D0002A0A2FEE0C710214803077D94024C23000
:10E6E0009E1E02106C71960C6FFFA14003148130C6
:10E6F00024BF4427001C8421C30325F075D96C7105
:10E700007A0C6FFFA14075D9402482306C71A14012
:10E7100076096FFF021CC233E2092FEE0C7102145E
:10E72000803077D94024C2309D1E02106C714E0C8F
:10E730006FFFA1400314813026BF442700138421BA
:10E74000C30C2578021C023077D9402482306C71CA
:10E7500036096FFFA140A6092FEE0C71021480301C
:10E760009F1E0210C6C70000E2C3A1C128451CE0DD
:10E7700077D94024C2306C71020C6FFF031C033048
:10E780000314803027B800ADC2C70000E6C3A1C1A2
:10E79000BF8040200E07284777D94024C2306C71D3
:10E7A000C140DA0B6FFF031C033003148030376F56
:10E7B00040248230C6B82578021C023077D96C71AB
:10E7C000C6086FFFC140098532092FEE4830C002EC
:10E7D000021480309F1D0210C6C70000F1C0A1C105
:10E7E0001CE07FD94024C2306C71920B6FFF031C78
:10E7F00003300A092FEE0C718774D1C0E07E00004F
:10E80000F1C0A1C11CE07ED94024C2306C717A08ED
:10E810006FFF031CC3308774D1C0E07EE4C3A1C185
:10E82000BF8040200E0777D94024C2306C71C140B0
:10E830004A0B6FFF031C03300314803077D9402448
:10E84000C23086B8031C02306C713E086FFFC140B5
:10E85000AA082FEE0C71031480309F1D0210C4C74C
:10E86000F1C0A1C14C701CE01309B000031C823040
:10E870000F0950008DE971D904F073D902F072D9F3
:10E880004024C230F60A6FFF6C7103148230877423
:10E89000D1C0E07F40400000E2C3A1C1BF801CE0C6
:10E8A0002909B000031C8230370970004024C230AF
:10E8B00096E971D94024C230CE0F2FFF6C7103143A
:10E8C0008030991D0210C2C773D94024C230BA0FDC
:10E8D0002FFF6C71031480309B1D0210C2C772D9C8
:10E8E000A60F2FFF6C71031480309A1D0210C2C74F
:10E8F000E6C3A1C1BF804847547321DA8C002D00C4
:10E90000031C03303309B00040200E074709700094
:10E910004024C23022DABAE969D94024C2306C718D
:10E920005A0A6FFFC14003148130146F4420000C59
:10E930008421C3031BF069D94024C2306C713E0AA4
:10E940006FFFC14003148030C1BF8420030FE578FE
:10E950000EF069D96C71260A6FFFC1400314813033
:10E96000126F442000038421C30C2578031C02305D
:10E9700069D94024C2306C710E0F2FFFC1400314BF
:10E9800081304C70911D42104040C6C7E4C3A1C104
:10E99000CD7048451CE02D09B000031C82333709B7
:10E9A00070004024C23022DE9EE969D94024C23082
:10E9B000CA096FFF6C7103148030CD7024B812F057
:10E9C00069D94024C230B6096FFF6C7103148030DE
:10E9D00008F069D9A6096FFF6C710314803022B862
:10E9E000C1B800ADC140C4C7E6C3A1C1DF8068475C
:10E9F000031C82301CE04024C2306C718A0E2FFF51
:10EA00002845FA0EEFED016F03148030DD65281DF7
:10EA10000210C6C720462C70C342A100B0286C71FA
:10EA2000204429016FFF2045E2C3A1C1BF801CE043
:10EA3000031C03301DE967093101346A791583101D
:10EA4000442101048423C30B65798C70031C42307C
:10EA500051D94024C2306C71C346803F0000EE0D96
:10EA60002FFF804503148030791D0210C2C778152E
:10EA700081108C706C718421030E4579031C423027
:10EA800050D94024C230C346803F0000BE0D2FFF46
:10EA9000804503148030781D0210C2C73F8080215A
:10EAA0000501E07F008900001F8080200501E07FD4
:10EAB00020A80000E8C2DF83684500268F1F000001
:10EAC0000C016708F0000E707508B0005626821918
:10EAD000B10871004A2000290189408908B8057AE7
:10EAE000991E9C10038962894E7A08B8657814B71C
:10EAF0000589248908B825789B1E1C102C704E0BA4
:10EB0000EFFFA140549F2C71420BEFFFA1409B16D9
:10EB100042172C72360BEFFFA1402C71720CEFFFE5
:10EB2000A1400E702EF020890087C0B95508B500AD
:10EB3000BD1E421052082000A14124F08A20440C3E
:10EB400020891E66008E442141800E7020AA0DF49B
:10EB5000310871002C708A0A2000A1400087250826
:10EB6000B5000C71E8F18EE800878C20C38F06F2A7
:10EB7000FFD98A0E2000A1402C71660A2000A14016
:10EB80000240C8C6EEC3A1C1FF81304000278E1FDE
:10EB900000000C012F0873040845630DB5108A208E
:10EBA000440CF860008886E80240520E2000A14123
:10EBB000B910802080270413C6B8B9180220A0A677
:10EBC00017F091E5ADF28C250290CC25829F0000D4
:10EBD000FF00BAF48A20440CF860008885E8FFD969
:10EBE0001A0E20000240FFD88027041300A60C70E4
:10EBF0006A0E2FFF0241A087EFF090E5A4F4008693
:10EC0000E9458C20C38F104207F2FFD9EE0D20009A
:10EC100002407C100D20FC1500108A210128021CE6
:10EC200003308C200280CC20828F0000FF00A2F2F3
:10EC3000431500168C200280CC20828F0000FF003C
:10EC400098F25E0EEFFF02401908910002852F80B6
:10EC500040798C200280CC20828F0000FF008AF255
:10EC60005ADE7ED915DA32DB0240AB26081E7E0D55
:10EC7000EFFF40201327AD700C75820CEFEDAB2633
:10EC8000081E2C73402482306C71F20E2FFF6240FC
:10EC900002148030442000030F081001A571AF78E2
:10ECA000D9085481AD757C100E206DD940244230B6
:10ECB0006C716240C60E2FFF011C033001148030BE
:10ECC0008C706DD984B8011C0230402442306C71C4
:10ECD0008045A20B2FFF624001148030951E021068
:10ECE0001A0CEFED32D85AD8AB20080E0E0CEFED0F
:10ECF0000C751BD94024C2306C7162407E0E2FFF10
:10ED0000031C0330031480301D7844204080021C13
:10ED100002302FF4A571AF78CF0854812AF0008615
:10ED200011DD8C20C38F104110F4FE0A2000024038
:10ED30009B174417749E9917421700417E0D2FFFB1
:10ED400002404BF0A08649F0FFD9B20C20000240EF
:10ED5000D60A200002409B174417749E9917421749
:10ED600000415A0D2FFF02400240224133F02E7223
:10ED70004C706C70404402402A0D2FFF2241341029
:10ED8000012023D808A760790240A4100021581060
:10ED90000220607A0241208705E9A4110001568112
:10EDA000407AFE0CEFFF02401F089100A2870DED94
:10EDB0002F856079A1402D8508466079A1404E8558
:10EDC000A141607AC1408C22C3AF10DD05F2024040
:10EDD00042412A0C0000A140CEC70000E2C3A1C1FD
:10EDE0008A23440CBF803470792102007965931521
:10EDF0008C1040A9241506104624011CCF212201A5
:10EE00008C70031C42301CE06BD94024C2306C7102
:10EE10003A0A2FFF804503148030931D0210C2C7A9
:10EE2000E4C208451F80B91581104080C280C6B970
:10EE3000B91D421005EAB912C00025081200620C83
:10EE4000EFFFA14007EE0F089100B916C01011089E
:10EE500012002C744C70D60BEFFFA1400C70C4C68E
:10EE6000E4C20845B910C000330812001F85208095
:10EE7000C28006E9B911C00023081200220CEFFF7E
:10EE8000A14008EE0D089100B916C0100F0812003D
:10EE90002C744C71960BEFFFA140B91581100C70CA
:10EEA00087B9B91D4210C4C6EAC23041B911C100C8
:10EEB00034700C010A007C111020CB461300187529
:10EEC000CB44A100B22855204D2CB210CF20F01514
:10EED000C39013A5B1108020B3108120B610C220BA
:10EEE00008BF08BBB5108B20E578657948308300F2
:10EEF000008608BA0522C20248318B0021864832BA
:10EF0000880000330200028600334310208C00305A
:10EF1000001034704832C2024833C10257A548304D
:10EF2000C00238A519A548F2881100207D855E85AC
:10EF30008C1101201DA50220C0803EA5020CEFE22D
:10EF40000321818008473E0D2FFF22402386003099
:10EF50004000073601707A4700000231C0030730D5
:10EF600040005020C1070331808F4C3ECDCC48007B
:10EF70000600C3418F3D295C0330408009F6C3423F
:10EF80008FBD295C033080800041CA2185001F8528
:10EF9000013102000031800FC84200005FA500323D
:10EFA000810F48420000013040004830C002760C1A
:10EFB0002FFF0D784410012660792240CAC6000058
:10EFC000E2C3A1C1BF8120452C70C342A100722AB7
:10EFD00061924474110975014833030003330080C2
:10EFE0002471B8F6008A6A158110461DD810C3B87E
:10EFF0008421030C2578031C02304025000742D9E8
:10F000004024C230C344130004B7C346803F00000D
:10F010003A082FFF6C7103148130461500166A1DE3
:10F020004210C2C7EAC3A3C10846FF86AD701CE008
:10F030008A2081262C734024C2306C71081C443312
:10F0400041C5031C4233021C4233AB20082E2E0B59
:10F050002FFF1041031480307ED94024423022B863
:10F06000C1B8031C02306C7122401E082FFF011C26
:10F0700043358A08EFED32D801148030A61F021004
:10F080000C757A08EFEDAB20082E2C7340248230EB
:10F090006C71EA0A2FFF22400214803022B8C1B8F6
:10F0A00015087000021C0230A571B078D508948252
:10F0B00023D8CAC769D9402482306C71BE0A2FFF99
:10F0C00022400214803069D94024423086B8011CA5
:10F0D00002306C71B20FEFFE2240011480307ED9F5
:10F0E00040244230911F02106C7122409A0FEFFEB3
:10F0F000011CC3300608EFED32D801148030AD702A
:10F10000A61F02105AD8AB20080EF20FAFED32D86E
:10F110001BD9402482306C71620A2FFF22400214F6
:10F12000803023B844204080021C023005F4A571D1
:10F13000B078D50894822C70660CAFFFC140991F3F
:10F140001C102C715A0CAFFFC1409A1F1C102C725E
:10F150004E0CAFFFC1409B1F1C102C71320EAFFF35
:10F16000C1400CD981C26C76120A2FFF22400314D1
:10F1700080301708D00019087000147023D83CF4B0
:10F18000011C033506F0011CC33504F0011C433596
:10F190007ED9402442306C71EE0EEFFE22405E0FAD
:10F1A000AFED32D8011480305ADDCD70A61F0210A9
:10F1B000AB25081E0C75460FAFEDAB25081E2C7352
:10F1C000402482306C71B6092FFF22400214803037
:10F1D0000314813022B8C1B813086000021C023049
:10F1E000C571D07AD10A948202F00041307065D89E
:10F1F000CA20E100CAC70000E2C3A1C1BF801CE071
:10F200001509B500031C0330BD15811007E9031C67
:10F21000C33507F0031C433503F0031C03358C7022
:10F220007ED94024C2306C71C346A04200001E0E3D
:10F23000EFFE804503148030A61D0210C2C70000F7
:10F24000E6C3A1C1BF8128462C70CB44A1004C2A43
:10F25000307A162483100F0A3501E093F50F2490BD
:10F2600024716B158110028B4183241506108421B3
:10F27000030EC2B825788C70451D9810031C02300F
:10F280003C4E43D94024C2306C718045BE0DEFFE28
:10F290008E1DDC1303148030C1416B1D0210A60FBC
:10F2A000EFFE0C70E140C6C7E2C208451F802C701B
:10F2B000A1A0431858004F1858004E1858007E0956
:10F2C0002FFF501858008E0F6FFFA140C2C60000DC
:10F2D000E4C03908F0007F833708B000147124D8E7
:10F2E0001FF49B130D0799130E079A130C07A4A97B
:10F2F000C0A928BE82A928BC28BD0C70C1A983A9B9
:10F30000A5A9001A8501C4C4BD13830004F05623C7
:10F31000800960880C70C0BB60A9001A4500C4C495
:10F320001F80E07F451000061F80E07F461000062A
:10F330001F80E07F431000061F80E07F8E100007D3
:10F34000C341A100B228E07F00A90000EEC38224DF
:10F35000183C4FD840C0C340A000BC8581C1760A8C
:10F360002FFF80C2B2E8820B4FEEF2096FEE10431E
:10F3700010420E7026F05A200D25A060360E6FEE5A
:10F380001D7808471DE807879BE881C0B86010100A
:10F390001101AD70CD711D096E23A1406241420B78
:10F3A0006FEE42420AE8078878200100247E85E853
:10F3B000A571E70D149885EE198F87B819AF0671FE
:10F3C00000C0B70824A081C0CEC70000F2C39424B7
:10F3D0002F3AC340A000BC85E2092FFF1042CB4763
:10F3E000F000340003E850D92CF0CB461300E8DAE3
:10F3F000008E1EE8AD70D3411300E0DA0A20802FA2
:10F400001300D8DA04100224041101240024833FDD
:10F41000000030068A2408008A092FFF4240250890
:10F42000320058D9008EA571DD0D04904FD840C030
:10F4300081C180C242409E092FFF81C605E857D98D
:10F4400034AF15AFD2C78E70924241F000861D785E
:10F45000620D6FEE1043084537E80785B5E8028670
:10F460003415111086092FFF3015101010457E0934
:10F470002FFF0386033000A5CA214E05C6F70330CF
:10F4800040A50241CA214905033100A04C70CA20A1
:10F490004904033580A0D1F7033040A005F2502184
:10F4A000FE8703F22CA5033100A00FF25020FE8747
:10F4B0000BF20DA509F059D814AF161FC21455AFA1
:10F4C000198D87B819AD14E6467100C0810A04A0F1
:10F4D000C340A100102C9E0B0FFFD2C7001E43702B
:10F4E000A100AA28E07EE078E6C2A2C10A25009029
:10F4F00058F22847AD091000DA852220800F13004A
:10F50000A4B9F5434830000000368E1FFF4600FEC8
:10F5100007360E100C7032682163C342FF4600FEAE
:10F52000003181030431808074000900C34200C7A8
:10F530000000043180806800050082C24831C102A9
:10F54000147AFA1A44800471CF08D18000168170B1
:10F55000A100AA28021443312B7904144231061465
:10F560004031C341A100A4280AF48099110CC110B4
:10F5700081990D0C81108299210C001002B160B1AB
:10F5800041B1001E0370A100AA2840248130A1408F
:10F590002220800F1300C4B70C7005F04041CFF15A
:10F5A00023D8A2C0C6C6E078C340F000400280D98C
:10F5B00028A04C802B7AE07D2F27BF006F233F00CF
:10F5C0000445A7B924A02F26BF00E07E9BC90000F8
:10F5D0000223000067170500000000000000000083
:10F5E000D2005E01000000000000000000000000EA
:10F5F000000000000000000000010000680300009F
:10F600003800000024DB1300ECDA130002000000D5
:10F61000015200047F20014004006F000000FF0041
:10F620000000227A084100050000177A0841000A0C
:10F630000000187A0841000A0000FE7A084100071D
:10F64000002800003900C300015200047F5001402F
:10F6500006006F030000FF0000022A0008000001FE
:10F660000040FEFF18FF0001004040004010000075
:10F67000FF000000FF80800800FFFE7F187FFF0270
:10F6800000FF007F007FFF4FFFFF7F7FFF7FFF7F37
:10F690000140FE4088000003004040FF40FF0000A2
:10F6A00000FFFFFF40FFFFFF004040404000000020
:10F6B000004040404000000000404000400000008A
:10F6C00000FFFFFF00FFFFFF000000000000000040
:10F6D000FFFFFF40FF00FFFF00FF40FF40FFFF0074
:10F6E000FF404040FF000000004040FF40FF00009E
:10F6F000FF00FF00FF0000FF00000000000000000E
:10F7000000000000000000000000000000000000F9
:10F7100000000000000000000000000000000000E9
:10F720000000000000000000004040400000000019
:10F7300000404040400000000040404040000000C9
:10F7400000404040400000000040404040000000B9
:10F750000000400040808000800000FF00FF8080AB
:10F7600080FFFFFF00FFFFFF80000000008080801F
:10F770008000000000808080800000000000808009
:10F7800000FFFFFF00FFFFFF00000000000000007F
:10F79000FFFFFF00FF80FFFF80FF00FF00FFFF80F3
:10F7A000FF000000FF808080800000FF00FF80805D
:10F7B000FF00FF00FF0000FF00000000000000004D
:10F7C0000000000000000000000000000000000039
:10F7D0000000000000000000000000000000000029
:10F7E0000000000000000000000000000080808099
:10F7F0008000000000808080800000000080808009
:10F8000080000000008080808000000000808080F8
:10F8100080000000000000800100FE00880000045D
:10F8200000120020003CAC00AC122020123CAC3C8A
:10F830000000000000000000CCCDCCCCCD3DCC3D84
:10F84000CC00CC00CD00003D0058008B003AA00059
:10F85000A0588B8B583AA03AAC122020123CAC3CFA
:10F86000AC58208B123AA03CA0588B8B583AA03A47
:10F87000AC122020123CAC3CCCCDCCCCCD3DCC3D10
:10F88000CCCDCCCCCD3DCC3DCC58CC8BCD3AA03DD5
:10F89000A0008B005800003A0000000000000000AB
:10F8A0000000000000000000000000000000000058
:10F8B0000000000000000000E80A1C1C0A41E841AA
:10F8C000E8121C200A3CAC41AC122020123CAC3C9B
:10F8D0000101000001000100010000000100000022
:10F8E0000000000000000000000000000000000018
:10F8F0000000000000000000000000000000000008
:10F9000000000000000000000000000000000000F7
:10F9100000000000000000000000000000000000E7
:10F9200000000000000000000000000000000000D7
:10F9300000000000000000000000000000000000C7
:10F9400000000000000000000000000000000000B7
:10F9500000000000000000000000000000000000A7
:10F960000000000000000000000000000000000097
:10F970000000000000000000000000000000000087
:10F980000000000000000000000000000000000077
:10F990000000000000000000000000000000000067
:10F9A0000001FE000800000A0087000003006E004E
:10F9B000F1C02220800F13009CDE0C70D1C0E07ECD
:10F9C000E2C2AD70C341A100F428136D16214203B9
:10F9D00000614C41A57102793474C229A900E2206A
:10F9E000890F13002CB9E10D1194C2C6494E490389
:10F9F000543B1100AC28A1003A0000000050A800C0
:10FA000056340003010502053CBB1300030824061D
:10FA1000080C06082005F4BA1300060220A8D80531
:10FA200020DC021001000000280000D813000500AF
:10FA3000000084DA13000000F428A100F7000000A1
:10FA400000B0DAB03DA1000F040B10900220940E1C
:10FA5000049802100B049C02100F04ED010310A087
:10FA600002180304AC020803040B58070C0203003D
:10FA70000014057A00083D04050000D6FFF93D0892
:10FA8000080308793E100C81C00308F93E000048C5
:10FA900041021B000000C8410602060210644C42ED
:10FAA000070408C842022B020A4843090206022042
:10FAB000430A040848741D440B0208D102040F03D2
:10FAC00006100104088004060F05081028032820EA
:10FAD0000C000B88801002112080424C02070703A3
:10FAE0000730810B0098C000141424040A18480839
:10FAF00011071708081503030B08217D00040207EE
:10FB0000803DFA00040F3EF4010203103EE822009B
:10FB100003047F3FD007020F00803F190006003228
:10FB2000000700000064000800C800090090010AF6
:10FB30000020030B00000000902AA100F400000048
:10FB400000422A000201200110000F01010A0512E3
:10FB5000210207F00204E80300000000102719004A
:10FB60000378220090C61300F8BDA8A01300D802A5
:10FB700008E00208D0020870C31300300204E80253
:10FB80000C001EC4C21300A8C11300E0020C023B0B
:10FB90000F030410B427A1300400D826A1040C0BD5
:10FBA00005B81E053E09104844000080129D3F0222
:10FBB0007A000807150100FF030B010290030803F8
:10FBC0000421010FC038000000030FC0023005C03F
:10FBD000A00084D7130060D0130000020CD81300DB
:10FBE0009CD413000402083CD31300FCD2ABA00247
:10FBF00004021C84020C1C020814021890CF13008B
:10FC0000AC020C000E01C602F80FC00620CDCC4C91
:10FC100002B0060D0003C0C8410000D0070400D0A8
:10FC20000706140100FF00000000010300000000AF
:10FC300000000000102CA1001F04000000B26900A9
:10FC40000201F00102050E03C00E10090F4844091D
:10FC50000C03090B060A14F06DBC130044020406E1
:10FC60000F0F070F100410F10F8002160402040397
:10FC7000030106320203060B04C8430000C83F0517
:10FC800012020605080D0604BD869B130D11020E17
:10FC90007FD6D03D02070F030410D10F8002160556
:10FCA000200205FFBE02030F80027C0280021904BD
:10FCB000030F800415000F8003160F800314070440
:10FCC000CD0F80CFF7021907130F8005804841023E
:10FCD0002302030F8002130203341F0002140F03D8
:10FCE0000B10FE77CB076D0A1517DA0F8005801F02
:10FCF000800A39020B1F000213001F0003140704BF
:10FD0000EB73960F8002193F3402050F030F1000AA
:10FD1000022F1E0422EC2280FCBB2F04B7B7041B69
:10FD20000F050410A30F800216452600020B0F03D7
:10FD30000A10020F3A041CD40280BE7DA4020404FF
:10FD40000D0F050F100210FC0F4602142502040FC0
:10FD5000030510338018800A3B3B05140D061C2F49
:10FD6000000D1F0F0E00EA0F8002223B1F800214BD
:10FD70000F030000EBED1F7F05227402FCE41F80DF
:10FD8000051B0F060410F70F8002161C0204030364
:10FD90002F80FFB62F8003240F042F8003202F8095
:10FDA00003140704F30F8002190D02040303030F69
:10FDB000E33EDC004F8003260D040F80031EE12E7E
:10FDC000654203080F040310D00F800215FEE80EF1
:10FDD00026800F801500022104034F00041500C483
:10FDE000D925FCB8060803160F80FBFE0314070490
:10FDF000CF0F80021927590F800580C84F8002322B
:10FE000009034F80091A0F0A0510F6FFF40F80024C
:10FE1000170C020403030F8006806F00032B0804F5
:10FE20001F8003191F0003140704F67FF60F8002DA
:10FE3000191F020403032F800F8003240F040F8077
:10FE400003202F8003140704E9FB6F0F8002193D84
:10FE50003F8002140F033F8007203F8007180F08E0
:10FE60000710FA0F80021937FFED0F8002140F03FD
:10FE70000F8007200F8007180F080710F90F800266
:10FE800019343600020B0F038DDE0A100287270A91
:10FE90001400002C42808C02040C150F0D0A10F87F
:10FEA0000F80021C7CDF323002050F030F105F0051
:10FEB0000620BC027C5F00061B0F070410EC0F80BD
:10FEC0000216FEDB301F8002140F031F8007200F75
:10FED0008007180F080710C00F80021906165A3F36
:10FEE00000FFF63F00022B0F039F0004203F000499
:10FEF000150605CC0F800218070F80021405035F5A
:10FF0000807F7305160B063F80031C0F80031407C8
:10FF100004A40F800219462402050F030F1000BF2E
:10FF2000FD8F0005218F0005160F060910C80F80F0
:10FF3000021B261600020B0E038F000E1F020F6F0E
:10FF4000FF8F0002130F030C10E80F80021E392FE1
:10FF50008002140F032F8007204F0007180F08EDB1
:10FF60007F0710C60F8002191D16002F802F8002F8
:10FF70002B0F032F8004202F0004150605C2FBDF82
:10FF80000F8002180F06806F800F80022B0F030F67
:10FF90008004206F8004150605C30F800218FE6FD1
:10FFA000100F80021405033F0005160B063F0003E7
:10FFB0001C0F8003140704C50F80021920FFDB0605
:10FFC000801F801F00022B0F031F0004201F8004CE
:10FFD000150605A00F8002184D2F8002147FFB0F1D
:10FFE000032F8007202F8007180F080710A10F800C
:10FFF00002194B0F8002140F030F8007206FFF0FB1
:020000040804EE
:100000008007180F080710E70F800219354F80028C
:10001000140F03028016A60D1A7F000D1EB1FF0FEC
:100020000E0000E60F8002235E1F0002140F030281
:10003000800F1304106F8004150F05ED1F0A10A226
:100040000F80021C430F8002140F030F8007200F44
:100050008007180F0800000000000000103DA100FC
:10006000360000000032DD000201E00102050E034F
:10007000D04103111903050F040A10030A0C090BE0
:1000800018004CBA13090D0F0A0000000000000010
:10009000000000000000000000000000903DA100F2
:1000A0000500000001BC28A100000000943DA10053
:1000B0000500000001C428A100000000983DA10037
:1000C0000500000001CC28A1000000009C3DA1001B
:1000D0000500000001B428A100000000A03DA1001F
:1000E0000D00000001D428A100DC28A100EC28A10B
:1000F00000000000AC3DA1000500000001E428A1C3
:1001000000000000D826A1002DFEFFFF0000000027
:100110000000000004FE060804FE1517030507088A
:10012000010B0D0F111B1214192800000000000014
:1001300000000000D12A0008F52A0008453901080E
:10014000102840587088A0B8020306040012020369
:100150000604010002100000FD0F0000F80F00006F
:10016000F30F0000EE0F0000E90F0000E30F0000A6
:10017000DE0F0000D90F0000D40F0000CF0F0000E9
:10018000CA0F0000C50F0000C00F0000BB0F000029
:10019000B60F0000B00F0000AB0F0000A60F00006C
:1001A000A10F00009C0F0000970F0000920F0000AD
:1001B0008D0F0000880F0000830F00007D0F0000EE
:1001C000780F0000730F00006E0F0000690F000031
:1001D000640F00005F0F00005A0F0000550F000071
:1001E000500F00004A0F0000450F0000400F0000B4
:1001F0003B0F0000360F0000310F00002C0F0000F5
:10020000270F0000220F00001C0F0000170F000036
:10021000120F00000D0F0000080F0000030F000078
:10022000FE0E0000F90E0000F30E0000EE0E0000BE
:10023000E90E0000E40E0000DF0E0000DA0E000000
:10024000D50E0000D00E0000CA0E0000C50E000042
:10025000C00E0000BB0E0000B60E0000B10E000084
:10026000AC0E0000A60E0000A10E00009C0E0000C7
:10027000970E0000920E00008D0E0000880E000008
:10028000820E00007D0E0000780E0000730E00004C
:100290006E0E0000690E0000640E00005E0E00008D
:1002A000590E0000540E00004F0E00004A0E0000D0
:1002B000450E00003F0E00003A0E0000350E000013
:1002C000300E00002B0E0000250E0000200E000056
:1002D0001B0E0000160E0000110E00000C0E000098
:1002E000060E0000010E0000FC0D0000F70D0000DE
:1002F000F20D0000EC0D0000E70D0000E20D000023
:10030000DD0D0000D80D0000D20D0000CD0D000065
:10031000C80D0000C30D0000BD0D0000B80D0000A9
:10032000B30D0000AE0D0000A90D0000A30D0000EC
:100330009E0D0000990D0000940D00008E0D000030
:10034000890D0000840D00007F0D0000790D000074
:10035000740D00006F0D00006A0D0000640D0000B8
:100360005F0D00005A0D0000540D00004F0D0000FD
:100370004A0D0000450D00003F0D00003A0D000041
:10038000350D00002F0D00002A0D0000250D000086
:10039000200D00001A0D0000150D0000100D0000CA
:1003A0000A0D0000050D0000000D0000FA0C000011
:1003B000F50C0000F00C0000EA0C0000E50C000059
:1003C000E00C0000DA0C0000D50C0000D00C00009E
:1003D000CA0C0000C50C0000BF0C0000BA0C0000E5
:1003E000B50C0000AF0C0000AA0C0000A50C00002A
:1003F0009F0C00009A0C0000940C00008F0C000071
:100400008A0C0000840C00007F0C0000790C0000B6
:10041000740C00006F0C0000690C0000640C0000FC
:100420005E0C0000590C0000530C00004E0C000044
:10043000480C0000430C00003E0C0000380C00008B
:10044000330C00002D0C0000280C0000220C0000D2
:100450001D0C0000170C0000120C00000C0C00001A
:10046000070C0000010C0000FC0B0000F60B000064
:10047000F10B0000EB0B0000E50B0000E00B0000AF
:10048000DA0B0000D50B0000CF0B0000CA0B0000F8
:10049000C40B0000BF0B0000B90B0000B30B000041
:1004A000AE0B0000A80B0000A30B00009D0B00008A
:1004B000970B0000920B00008C0B0000870B0000D4
:1004C000810B00007B0B0000760B0000700B00001E
:1004D0006A0B0000650B00005F0B0000590B000069
:1004E000540B00004E0B0000480B0000430B0000B3
:1004F0003D0B0000370B0000310B00002C0B0000FF
:10050000260B0000200B00001A0B0000150B00004A
:100510000F0B0000090B0000030B0000FE0A000097
:10052000F80A0000F20A0000EC0A0000E60A0000E7
:10053000E10A0000DB0A0000D50A0000CF0A000033
:10054000C90A0000C30A0000BE0A0000B80A000081
:10055000B20A0000AC0A0000A60A0000A00A0000CF
:100560009A0A0000940A00008E0A0000890A00001E
:10057000830A00007D0A0000770A0000710A00006B
:100580006B0A0000650A00005F0A0000590A0000BB
:10059000530A00004D0A0000470A0000410A00000B
:1005A0003B0A0000350A00002F0A0000290A00005B
:1005B000230A00001C0A0000160A0000100A0000AE
:1005C0000A0A0000040A0000FE090000F809000001
:1005D000F2090000EB090000E5090000DF09000056
:1005E000D9090000D3090000CD090000C6090000A8
:1005F000C0090000BA090000B4090000AD090000FC
:10060000A7090000A10900009A0900009409000050
:100610008E09000088090000810900007B090000A4
:10062000740900006E0900006809000061090000FB
:100630005B090000540900004E0900004809000051
:10064000410900003B090000340900002E090000A8
:1006500027090000210900001A0900001409000000
:100660000D0900000609000000090000F90800005B
:10067000F3080000EC080000E5080000DF080000B7
:10068000D8080000D1080000CB080000C408000012
:10069000BD080000B6080000B0080000A90800006E
:1006A000A20800009B080000950800008E080000CA
:1006B0008708000080080000790800007208000028
:1006C0006B080000640800005D0800005608000088
:1006D0004F08000048080000410800003A080000E8
:1006E000330800002C080000250800001E08000048
:1006F00017080000100800000808000001080000AA
:10070000FA070000F3070000EC070000E407000010
:10071000DD070000D6070000CE070000C707000075
:10072000C0070000B8070000B1070000A9070000DB
:10073000A20700009A070000930700008B07000043
:10074000840700007C070000750700006D070000AB
:10075000650700005E070000560700004E07000016
:10076000460700003E070000370700002F07000083
:10077000270700001F070000170700000F070000F1
:1007800007070000FF060000F7060000EF06000064
:10079000E7060000DF060000D7060000CE060000D6
:1007A000C6060000BE060000B5060000AD0600004B
:1007B000A50600009C060000940600008B060000C1
:1007C000830600007A060000720600006906000039
:1007D00060060000580600004F06000046060000B4
:1007E0003D060000340600002B0600002206000033
:1007F000190600001006000007060000FE050000B4
:10080000F5050000EC050000E2050000D905000038
:10081000D0050000C6050000BD050000B3050000BE
:10082000A9050000A0050000960500008C05000049
:1008300082050000780500006E05000064050000D8
:100840005A05000050050000460500003B05000069
:1008500031050000260500001C0500001105000000
:1008600006050000FC040000F1040000E60400009E
:10087000DB040000D0040000C4040000B904000040
:10088000AE040000A2040000960400008B040000E7
:100890007F04000073040000670400005A04000095
:1008A0004E0400004104000035040000280400004C
:1008B0001B0400000E04000001040000F30300000C
:1008C000E6030000D8030000CA030000BC030000D8
:1008D000AE0300009F0300009003000082030000AD
:1008E0007203000063030000530300004303000091
:1008F0003303000022030000110300000003000086
:10090000EE020000DC020000C9020000B602000096
:10091000A20200008E0200007902000063020000C3
:100920004D020000360200001E020000040200001A
:10093000EA010000CE010000B001000090010000BB
:100940006D010000460100001B010000E7000000EF
:10095000A3000000000000000600000007000000E7
:1009600008000000090000000A0000000B00000061
:100970000B0000000C0000000D0000000D00000046
:100980000E0000000E0000000F0000000F0000002D
:100990001000000010000000110000001100000015
:1009A00012000000120000001300000013000000FD
:1009B00014000000140000001400000015000000E6
:1009C00015000000160000001600000016000000D0
:1009D00017000000170000001700000018000000BA
:1009E00018000000180000001900000019000000A5
:1009F000190000001A0000001A0000001A00000090
:100A00001B0000001B0000001B0000001B0000007A
:100A10001C0000001C0000001C0000001D00000065
:100A20001D0000001D0000001D0000001E00000051
:100A30001E0000001E0000001E0000001F0000003D
:100A40001F0000001F0000001F0000002000000029
:100A50002000000020000000200000002100000015
:100A60002100000021000000210000002200000001
:100A700022000000220000002200000023000000ED
:100A800023000000230000002300000024000000D9
:100A900024000000240000002400000024000000C6
:100AA00025000000250000002500000025000000B2
:100AB000260000002600000026000000260000009E
:100AC000260000002700000027000000270000008B
:100AD0002700000027000000280000002800000078
:100AE0002800000028000000280000002900000065
:100AF0002900000029000000290000002900000052
:100B00002A0000002A0000002A0000002A0000003D
:100B10002A0000002B0000002B0000002B0000002A
:100B20002B0000002B0000002B0000002C00000018
:100B30002C0000002C0000002C0000002C00000005
:100B40002D0000002D0000002D0000002D000000F1
:100B50002D0000002D0000002E0000002E000000DF
:100B60002E0000002E0000002E0000002E000000CD
:100B70002F0000002F0000002F0000002F000000B9
:100B80002F0000002F0000003000000030000000A7
:100B90003000000030000000300000003000000095
:100BA0003100000031000000310000003100000081
:100BB000310000003100000032000000320000006F
:100BC000320000003200000031000000330000005D
:100BD000340000003500000036000000370000003F
:100BE000390000003A0000003B0000003C0000001B
:100BF0003D0000003E0000003F00000040000000FB
:100C000041000000420000004300000044000000DA
:100C100045000000460000004700000048000000BA
:100C200048000000490000004A0000004B0000009E
:100C30004C0000004D0000004E0000004E0000007F
:100C40004F00000050000000510000005200000062
:100C50005200000053000000540000005500000046
:100C6000550000005600000057000000580000002A
:100C700058000000590000005A0000005B0000000E
:100C80005B0000005C0000005D0000005D000000F3
:100C90005E0000005F0000005F00000060000000D8
:100CA00061000000610000006200000063000000BD
:100CB00063000000640000006500000065000000A3
:100CC0006600000066000000670000006800000089
:100CD00068000000690000006A0000006A0000006F
:100CE0006B0000006B0000006C0000006D00000055
:100CF0006D0000006E0000006E0000006F0000003C
:100D00006F00000070000000710000007100000022
:100D10007200000072000000730000007300000009
:100D200074000000740000007500000076000000F0
:100D300076000000770000007700000078000000D7
:100D40007800000079000000790000007A000000BF
:100D50007A0000007B0000007B0000007C000000A7
:100D60007C0000007D0000007D0000007E0000008F
:100D70007E0000007F0000007F0000008000000077
:100D8000800000008100000081000000820000005F
:100D90008200000083000000830000008400000047
:100DA000840000008500000085000000860000002F
:100DB0008600000087000000870000008800000017
:100DC0008800000089000000890000008A000000FF
:100DD0008A0000008B0000008B0000008B000000E8
:100DE0008C0000008C0000008D0000008D000000D1
:100DF0008E0000008E0000008F0000008F000000B9
:100E000090000000900000009000000091000000A1
:100E1000910000009200000092000000930000008A
:100E20009300000094000000940000009400000073
:100E3000950000009500000096000000960000005C
:100E40009700000097000000970000009800000045
:100E5000980000009900000099000000990000002F
:100E60009A0000009A0000009B0000009B00000018
:100E70009C0000009C0000009C0000009D00000001
:100E80009D0000009E0000009E0000009E000000EB
:100E90009F0000009F000000A0000000A0000000D4
:100EA000A0000000A1000000A1000000A2000000BE
:100EB000A2000000A2000000A3000000A3000000A8
:100EC000A4000000A4000000A4000000A500000091
:100ED000A5000000A6000000A6000000A60000007B
:100EE000A7000000A7000000A7000000A800000065
:100EF000A8000000A9000000A9000000A90000004F
:100F0000AA000000AA000000AA000000AB00000038
:100F1000AB000000AC000000AC000000AC00000022
:100F2000AD000000AD000000AD000000AE0000000C
:100F3000AE000000AF000000AF000000AF000000F6
:100F4000B0000000B0000000B0000000B1000000E0
:100F5000B1000000B1000000B2000000B2000000CB
:100F6000B3000000B3000000B3000000B4000000B4
:100F7000B4000000B4000000B5000000B50000009F
:100F8000B5000000B6000000B6000000B60000008A
:100F9000B7000000B7000000B7000000B800000074
:100FA000B8000000B9000000B9000000B90000005E
:100FB000BA000000BA000000BA000000BB00000048
:100FC000BB000000BB000000BC000000BC00000033
:100FD000BC000000BD000000BD000000BD0000001E
:100FE000BE000000BE000000BE000000BF00000008
:100FF000BF000000BF000000C0000000C0000000F3
:10100000C0000000C1000000C1000000C1000000DD
:10101000C2000000C2000000C2000000C3000000C7
:10102000C3000000C3000000C4000000C4000000B2
:10103000C4000000C5000000C5000000C50000009D
:10104000C6000000C6000000C6000000C700000087
:10105000C7000000C7000000C8000000C800000072
:10106000C8000000C8000000C9000000C90000005E
:10107000C9000000CA000000CA000000CA00000049
:10108000CB000000CB000000CB000000CC00000033
:10109000CC000000CC000000CD000000CD0000001E
:1010A000CD000000CE000000CE000000CE00000009
:1010B000CE000000CF000000CF000000CF000000F5
:1010C000D0000000D0000000D0000000D1000000DF
:1010D000D1000000D1000000D2000000D2000000CA
:1010E000D2000000D2000000D3000000D3000000B6
:1010F000D3000000D4000000D4000000D4000000A1
:10110000D5000000D5000000D5000000D50000008B
:10111000D6000000D6000000D6000000D700000076
:10112000D7000000D7000000D8000000D800000061
:10113000D8000000D8000000D9000000D90000004D
:10114000D9000000DA000000DA000000DA00000038
:10115000DB000000DB000000DB000000DB00000023
:10116000DC000000DC000000DC000000DD0000000E
:10117000DD000000DD000000DD000000DE000000FA
:10118000DE000000DE000000DF000000DF000000E5
:10119000DF000000DF000000E0000000E0000000D1
:1011A000E0000000E1000000E1000000E1000000BC
:1011B000E1000000E2000000E2000000E2000000A8
:1011C000E3000000E3000000E3000000E300000093
:1011D000E4000000E4000000E4000000E50000007E
:1011E000E5000000E5000000E5000000E60000006A
:1011F000E6000000E6000000E6000000E700000056
:10120000E7000000E7000000E8000000E800000040
:10121000E8000000E8000000E9000000E90000002C
:10122000E9000000EA000000EA000000EA00000017
:10123000EA000000EB000000EB000000EB00000003
:10124000EB000000EC000000EC000000EC000000EF
:10125000ED000000ED000000ED000000ED000000DA
:10126000EE000000EE000000EE000000EE000000C6
:10127000EF000000EF000000EF000000EF000000B2
:10128000F0000000F0000000F0000000F10000009D
:10129000F1000000F1000000F1000000F200000089
:1012A000F2000000F2000000F2000000F300000075
:1012B000F3000000F3000000F3000000F400000061
:1012C000F4000000F4000000F4000000F50000004D
:1012D000F5000000F5000000F6000000F600000038
:1012E000F6000000F6000000F7000000F700000024
:1012F000F7000000F7000000F8000000F800000010
:10130000F8000000F8000000F9000000F9000000FB
:10131000F9000000F9000000FA000000FA000000E7
:10132000FA000000FA000000FB000000FB000000D3
:10133000FB000000FB000000FC000000FC000000BF
:10134000FC000000FC000000FD000000FD000000AB
:10135000FD000000FD000000FE000000FE00000097
:10136000FE000000FE000000FF000000FF00000083
:10137000FF000000FF00000000010000000100006D
:101380000001000000010000010100000101000057
:101390000101000001010000020100000201000043
:1013A000020100000201000003010000030100002F
:1013B000030100000301000004010000040100001B
:1013C0000401000004010000050100000501000007
:1013D00005010000050100000601000006010000F3
:1013E00006010000060100000701000007010000DF
:1013F00007010000070100000801000008010000CB
:1014000008010000080100000901000009010000B6
:1014100009010000090100000A0100000A010000A2
:101420000A0100000A0100000B0100000B0100008E
:101430000B0100000B0100000B0100000C0100007B
:101440000C0100000C0100000C0100000D01000067
:101450000D0100000D0100000D0100000E01000053
:101460000E0100000E0100000E0100000F0100003F
:101470000F0100000F0100000F010000100100002B
:101480001001000010010000100100001001000018
:101490001101000011010000110100001101000004
:1014A00012010000120100001201000012010000F0
:1014B00013010000130100001301000013010000DC
:1014C00014010000140100001401000014010000C8
:1014D00014010000150100001501000015010000B5
:1014E00015010000160100001601000016010000A1
:1014F000160100001701000017010000170100008D
:101500001701000017010000180100001801000079
:101510001801000018010000190100001901000065
:101520001901000019010000190100001A01000052
:101530001A0100001A0100001A0100001B0100003E
:101540001B0100001B0100001B0100001C0100002A
:101550001C0100001C0100001C0100001C01000017
:101560001D0100001D0100001D0100001D01000003
:101570001E0100001E0100001E0100001E010000EF
:101580001E0100001F0100001F0100001F010000DC
:101590001F010000200100002001000020010000C8
:1015A00020010000200100002101000021010000B5
:1015B00021010000210100002201000022010000A1
:1015C000220100002201000022010000230100008E
:1015D000230100002301000023010000240100007A
:1015E0002401000024010000240100002401000067
:1015F0002501000025010000250100002501000053
:10160000260100002601000026010000260100003E
:10161000260100002701000027010000270100002B
:101620002701000027010000280100002801000018
:101630002801000028010000290100002901000004
:101640002901000029010000290100002A010000F1
:101650002A0100002A0100002A0100002A010000DE
:101660002B0100002B0100002B0100002B010000CA
:101670002C0100002C0100002C0100003863ED3E1D
:10168000DA0F493F5E987B3FDA0FC93F6937AC31CB
:1016900068212233B40F14336821A2330000000004
:1016A000000000000000F03F748515D3B0D9EF3F73
:1016B0000F89F96C58B5EF3F515B12D00193EF3FA2
:1016C0007B517D3CB872EF3FAAB968318754EF3F38
:1016D0003862756E7A38EF3FE1DE1FF59D1EEF3FF1
:1016E00015B7310AFE06EF3FCBA93A37A7F1EE3F17
:1016F0002234124CA6DEEE3F2D89616008CEEE3F0B
:10170000272A36D5DABFEE3F824F9D562BB4EE3FE7
:10171000295448DD07ABEE3F85553AB07EA4EE3F35
:10172000CD3B7F669EA0EE3F745FECE8759FEE3F79
:101730008701EB7314A1EE3F13CE4C9989A5EE3FC0
:10174000DBA02A42E5ACEE3FE5C5CDB037B7EE3FB2
:1017500090F0A38291C4EE3F5D253EB203D5EE3FEB
:10176000ADD35A999FE8EE3F475EFBF276FFEE3F1E
:101770009C5285DD9B19EF3F6990EFDC2037EF3FEE
:1017800087A4FBDC1858EF3F5F9B7B33977CEF3FD0
:10179000DA90A4A2AFA4EF3F40456E5B76D0EF3F56
:1017A000000000000000E8429423914BF86AAC3F2F
:1017B000F3C4FA50CEBFCE3FD6520CFF422EE63FC6
:1017C0000000000000003843FE822B6547154740AB
:1017D0009423914BF86ABC3EF3C4FA50CEBF2E3F1F
:1017E000D6520CFF422E963FBEF3F879EC61F63FDD
:1017F000DEAA8C80F77BD5BF3D88AF4AED71F53FFF
:10180000DB6DC0A7F0BED2BFB010F0F03995F43F49
:10181000673A517FAE1ED0BF8503B8B095C9F33F7C
:10182000E92482A6D831CBBFA564880C190DF33FFB
:101830005877C00A4F57C6BFA08E0B7B225EF23F7F
:1018400000819CC72BAAC1BF3F341A4A4ABBF13F53
:101850005E0E8CCE764EBABFBAE58AF05823F13FC1
:10186000CC1C615A3C97B1BFA70099413F95F03F0E
:101870001E0CE138F452A2BF000000000000F03F4F
:101880000000000000000000AC479AFD8C60EE3FB5
:101890008459F25DAAA5AA3FA06A021FB3A4EC3F37
:1018A000B42E36AA535EBC3FE6FC6A573620EB3FA7
:1018B00008DB2077E526C53F2DAAA163D1C2E93F09
:1018C0007047220D86C2CB3FED417803E686E83FA4
:1018D000E17EA0C88B05D13F624853F5DC67E73F46
:1018E00009EEB6573004D43FEF39FAFE422EE63FF8
:1018F0003483B848A30ED0BF6A0BE00B5B57D53FCB
:1019000023410AF2FEFFDFBFBEF3F879EC61F63F38
:101910001930965BC6FEDEBF3D88AF4AED71F53FDC
:10192000A4FCD432680BDBBFB010F0F03995F43F63
:101930007BB71F0A8B41D7BF8503B8B095C9F33F6A
:101940007BCF6D1AE99DD3BFA564880C190DF33FB9
:1019500031B6F2F39B1DD0BFA08E0B7B225EF23F0F
:10196000F07A3B1B1D7CC9BF3F341A4A4ABBF13F8A
:101970009F3CAF93E3F9C2BFBAE58AF05823F13F29
:101980005C8D78BFCB60B9BFA70099413F95F03F10
:10199000CE5F47B69D6FAABF000000000000F03F79
:1019A0000000000000000000AC479AFD8C60EE3F94
:1019B0003DF5249FCA38B33FA06A021FB3A4EC3F91
:1019C000BA913854A976C43FE6FC6A573620EB3FFB
:1019D000D2E4C44A0B84CE3F2DAAA163D1C2E93F11
:1019E0001C65C6F04506D43FED417803E686E83F26
:1019F000F89F1B2C9C8ED83F624853F5DC67E73F6D
:101A0000CC7BB14EA4E0DC3F0B6E49C91676D23FC9
:101A10007AC675A06919D7BFDDBAA76C0AC7DE3FC1
:101A2000C8F6BE484715E7BF2BB82A654715F73FEC
:101A3000A2000000F9A2000083F9A2006E83F9A2BF
:101A40004E6E83F9444E6E8315444E6E2915444EF6
:101A5000FC29154427FC29155727FC29D15727FCB9
:101A6000F5D1572734F5D157DD34F5D1C0DD34F544
:101A7000DBC0DD3462DBC0DD9562DBC0999562DBE3
:101A80003C999562433C999590433C994190433CE5
:101A9000000000000000F03F000000000000F0BF68
:101AA000000000000000F0BF000000000000F03F58
:101AB00083C8C96D305F6441182D4454FB21F93F40
:101AC000000000000000F03F1C620CFDFFFFDFBFC4
:101AD000198F06E15355A53F9D359AE887C056BF3B
:101AE000C3F87B024393F93E03A695595455C5BFED
:101AF000C40B23057610813F24CF7437EB9429BFA4
:101B0000000000000000F03F000000000000F0BFF7
:101B1000000000000000F0BF000000000000F03FE7
:101B200083C8C96D305F6441182D4454FB21F93FCF
:101B3000000000000000F0BF1C620CFDFFFFDF3F53
:101B4000198F06E15355A5BF9D359AE887C0563FCA
:101B5000C3F87B024393F9BE03A695595455C5BFFC
:101B6000C40B23057610813F24CF7437EB9429BF33
:101B7000DB0F49BFE4CB1640E4CB16C00000008069
:101B8000DB0F4940DB0F49C000000000000000806F
:101B9000000FC93F000F494000CB9640000FC940DD
:101BA0000053FB4000CB164100ED2F41000F49418F
:101BB0000031624100537B41003A8A4100CB96419B
:101BC000005CA34100EDAF41007EBC41000FC94164
:101BD00000A0D5410031E24100C2EE410053FB417B
:101BE00000F20342003A0A420083104200CB164240
:101BF00000141D42005C234200A5294200ED2F4243
:101C000000363642007E3C4200C74242000F494245
:101C1000A2000000F9000000830000006E00000038
:101C20004E000000440000001500000029000000E4
:101C3000FC0000002700000057000000D100000059
:101C4000F500000034000000DD000000C0000000CE
:101C5000DB00000062000000950000009900000019
:101C60003C00000043000000900000004100000024
:101C7000FE0000005100000063000000AB00000007
:101C8000DE000000BB000000C50000006100000095
:101C9000B7000000240000006E0000003A000000C1
:101CA000420000004D000000D2000000E0000000F3
:101CB00006000000490000002E000000EA000000BD
:101CC00009000000D1000000920000001C0000008C
:101CD000FE0000001D000000EB0000001C000000E2
:101CE000B100000029000000A70000003E00000035
:101CF000E80000008200000035000000F500000050
:101D00002E000000BB000000440000008400000022
:101D1000E90000009C0000007000000026000000A8
:101D2000B40000005F0000007E00000041000000E1
:101D30003900000091000000D600000039000000CA
:101D4000830000005300000039000000F400000090
:101D50009C000000840000005F0000008B00000079
:101D6000BD000000F9000000280000003B0000005A
:101D70001F000000F800000097000000FF000000B6
:101D8000DE00000005000000980000000F000000C9
:101D9000EF0000002F000000110000008B00000089
:101DA0005A0000000A0000006D0000001F00000043
:101DB0006D000000360000007E000000CF00000033
:101DC00027000000CB00000009000000B700000061
:101DD0004F000000460000003F00000066000000C9
:101DE0009E0000005F000000EA0000002D000000DF
:101DF0007500000027000000BA000000C7000000C6
:101E0000EB000000E5000000F10000007B00000096
:101E10003D0000000700000039000000F70000004E
:101E20008A0000005200000092000000EA0000005A
:101E30006B000000FB0000005F000000B10000002C
:101E40001F0000008D0000005D0000000800000081
:101E500056000000030000003000000046000000B3
:101E6000FC0000007B0000006B000000AB000000E5
:101E7000F0000000CF000000BC00000020000000C7
:101E80009A000000F4000000360000001D00000071
:101E9000A9000000E30000009100000061000000C4
:101EA0005E000000E60000001B00000008000000CB
:101EB0006500000099000000850000005F00000040
:101EC00014000000A00000006800000040000000B6
:101ED0008D000000FF000000D8000000800000001E
:101EE0004D000000730000002700000031000000DA
:101EF000060000000600000015000000560000006B
:101F0000CA00000073000000A8000000C900000023
:101F100060000000E20000007B000000C000000044
:101F20008C0000006B0000000000C93F0000F03989
:101F30000000DA370000A2330000842E0000502B8E
:101F40000000C2270000D0220000C41F0000C61BF2
:101F50000000441704000000070000000900000012
:101F6000BC0100245245454E54206D616C6C6F637A
:101F700020737563636565646564002F6275696CC1
:101F8000642F676E752D746F6F6C732D666F722D75
:101F900073746D33325F392D323032302D71322D02
:101FA0007570646174652E32303230313030312DCD
:101FB000313632312F7372632F6E65776C69622F01
:101FC0006E65776C69622F6C6962632F7374646CE1
:101FD00069622F72616E642E63002C2066756E63D9
:101FE00074696F6E3A2000617373657274696F6E05
:101FF0002022257322206661696C65643A20666937
:102000006C6520222573222C206C696E6520256466
:10201000257325730A00232D302B2000686C4C009B
:1020200065666745464700303132333435363738D8
:102030003941424344454600303132333435363736
:1020400038396162636465660000000000000000CA
:102050000000000000000000000000000000000080
:102060000000000000000000000000000000000070
:102070000000000000000000000000000000000060
:102080000000000000000000000000000000000050
:102090000000000000000000000000000000000040
:0C20A00000000000000000000000000034
:0820AC007CE6FB7F010000004F
:1020B400C5020008850A0008152B0008E92D000850
:1020C40021FB000835000108E91301087D19010806
:0420D4007DDE0108A4
:0420D800A102000859
:1020DC0044E30124FCE50124B4E801246CEB012465
:1020EC0024EE01240090D0030090D00310000000D7
:1020FC00010000000A060002000000400100000080
:10210C00C9CD0008C7CE00083DCF00080000000074
:10211C00EDD10008CDD0000897D1000800000000D8
:10212C00000000000000000069D2000849D200083D
:10213C0089D20008A9D2000809024300020100C09C
:10214C0032090400000102020100052400100105FF
:10215C002401000104240202052406000107058263
:10216C000308001009040100020A00000007050121
:10217C000200020007058102000200000902430070
:10218C00020100C032090400000102020100052412
:10219C00001001052401000104240202052406009C
:1021AC00010705820308001009040100020A00005F
:1021BC0000070501024000000705810240000000F5
:1021CC0009074300020104C03209040000010202A5
:1021DC000100052400100105240100010424020261
:1021EC0005240600010705820308001009040100FC
:1021FC00020A0000000705010240000007058102E9
:10220C00400000009838020814D3012418D301248C
:10221C001CD3012420D30124FF00000001F9010884
:10222C0029F9010839F90108F5F9010869FA0108D9
:10223C008DFA0108B1FA010811FB0108D5FA010861
:10224C0039FB01085DFB010899FB01081201000232
:10225C000202004083044057000201020301000007
:10226C00040309041A030000000000000000000031
:10227C000000000000000000000000000000000052
:10228C00ED270208FF000000BC0100240000000044
:10229C006C2004088C2004084C200408000000006A
:1022AC000000000000000000000000000000000022
:1022BC000000000000000000000000000000000012
:1022CC000000000000000000000000000000000002
:1022DC0000000000000000000000000000000000F2
:0C22EC00000000000000000000000000E6
:04000005080068C1C6
:00000001FF
