:020000040800F2
:1000000000000220196B0008056800080B68000852
:1000100011680008176800081D680008000000004B
:10002000000000000000000000000000236800083D
:1000300031680008000000003F6800084D680008B3
:10004000696B0008696B0008696B0008696B000840
:10005000696B0008696B0008696B0008696B000830
:10006000696B0008696B0008696B0008696B000820
:10007000696B0008696B0008696B0008696B000810
:10008000696B0008696B0008696B0008696B000800
:10009000696B0008696B0008696B0008696B0008F0
:1000A000696B0008696B0008696B0008696B0008E0
:1000B000696B0008696B0008696B0008696B0008D0
:1000C000696B0008696B0008696B0008696B0008C0
:1000D000696B00085510000805100008710B010835
:1000E000696B0008696B000800000000696B00087C
:1000F000696B0008696B0008696B0008696B000890
:10010000696B0008696B0008696B0008696B00087F
:100110002D10000841100008696B0008696B000889
:10012000696B0008696B0008696B0008696B00085F
:10013000696B0008696B0008696B0008696B00084F
:1001400000000000000000000000000000000000AF
:10015000696B0008696B0008696B000839FD0008CD
:10016000696B0008696B0008696B0008696B00081F
:10017000696B0008696B0008696B000800000000EB
:10018000696B0008696B000819100008F10F00087E
:10019000696B0008696B0008696B0008696B0008EF
:1001A000696B0008696B0008696B0008696B0008DF
:1001B000696B0008696B0008696B0008696B0008CF
:1001C000696B0008696B0008696B0008696B0008BF
:1001D000696B000869680008696B0008696B0008B2
:1001E000696B0008696B0008696B0008696B00089F
:1001F000696B0008696B0008696B0008696B00088F
:10020000696B0008696B0008696B0008696B00087E
:10021000696B0008696B0008696B0008696B00086E
:10022000696B0008696B0008696B0008000000003A
:10023000696B0008696B000800000000696B00082A
:10024000696B0008696B0008696B0008696B00083E
:10025000696B0008696B0008696B0008696B00082E
:10026000696B0008696B0008696B0008696B00081E
:10027000696B0008696B0008696B000800000000EA
:10028000696B0008696B0008696B000800000000DA
:0802900000000000696B00088A
:1002A00010B5054C237833B9044B13B10448AFF3B0
:1002B00000800123237010BD2002002400000000F4
:1002C000C854020808B5034B1BB103490348AFF3F8
:1002D000008008BD0000000024020024C854020869
:1002E00001F0FF01102A2BDB10F0070F08D010F8E7
:1002F000013B013A8B422DD010F0070F42B3F6D1EB
:10030000F0B441EA012141EA014122F007047FF003
:1003100000070023F0E80256083C85EA010586EA5A
:10032000010685FA47F5A3FA87F586FA47F6A5FA96
:1003300087F68EB9EED1F0BC01F0FF0102F00702A2
:1003400032B110F8013B013A83EA010313B1F8D14D
:100350000020704701387047002D06BF354603382E
:10036000073815F0010F07D1013015F4807F02BF67
:10037000013015F4C03F0130F0BC0138704700BFB8
:1003800081F0004102E000BF83F0004330B54FEA46
:1003900041044FEA430594EA050F08BF90EA020FB3
:1003A0001FBF54EA000C55EA020C7FEA645C7FEA46
:1003B000655C00F0E2804FEA5454D4EB5555B8BF69
:1003C0006D420CDD2C4480EA020281EA030382EADA
:1003D000000083EA010180EA020281EA0303362D6C
:1003E00088BF30BD11F0004F4FEA01314FF4801C3F
:1003F0004CEA113102D0404261EB410113F0004F51
:100400004FEA03334CEA133302D0524263EB430307
:1004100094EA050F00F0A780A4F10104D5F1200EA5
:100420000DDB02FA0EFC22FA05F2801841F1000100
:1004300003FA0EF2801843FA05F359410EE0A5F1D4
:1004400020050EF1200E012A03FA0EFC28BF4CF005
:10045000020C43FA05F3C01851EBE37101F00045BB
:1004600007D54FF0000EDCF1000C7EEB00006EEBC8
:100470000101B1F5801F1BD3B1F5001F0CD3490852
:100480005FEA30004FEA3C0C04F101044FEA4452A9
:1004900012F5800F80F09A80BCF1004F08BF5FEA30
:1004A000500C50F1000041EB045141EA050130BD10
:1004B0005FEA4C0C404141EB0101013C28BFB1F522
:1004C000801FE9D291F0000F04BF01460020B1FA6D
:1004D00081F308BF2033A3F10B03B3F120020CDA40
:1004E0000C3208DD02F1140CC2F10C0201FA0CF01E
:1004F00021FA02F10CE002F11402D8BFC2F1200C83
:1005000001FA02F120FA0CFCDCBF41EA0C01904038
:10051000E41AA2BF01EB0451294330BD6FEA040481
:100520001F3C1CDA0C340EDC04F11404C4F120026C
:1005300020FA04F001FA02F340EA030021FA04F37E
:1005400045EA030130BDC4F10C04C4F1200220FAD5
:1005500002F001FA04F340EA0300294630BD21FA13
:1005600004F0294630BD94F0000F83F4801306BFD9
:1005700081F480110134013D4EE77FEA645C18BFCD
:100580007FEA655C29D094EA050F08BF90EA020F64
:1005900005D054EA000C04BF1946104630BD91EA5C
:1005A000030F1EBF0021002030BD5FEA545C05D15F
:1005B0004000494128BF41F0004130BD14F580049E
:1005C0003CBF01F5801130BD01F0004545F0FE4112
:1005D00041F470014FF0000030BD7FEA645C1ABF47
:1005E000194610467FEA655C1CBF0B46024650EA7E
:1005F000013406BF52EA033591EA030F41F40021AA
:1006000030BD00BF90F0000F04BF0021704730B52F
:100610004FF4806404F132044FF000054FF0000104
:1006200050E700BF90F0000F04BF0021704730B5C5
:100630004FF4806404F1320410F0004548BF40429A
:100640004FF000013EE700BF42004FEAE2014FEAEF
:1006500031014FEA02701FBF12F07F4393F07F4FCA
:1006600081F06051704732F07F4208BF704793F0CD
:100670007F4F04BF41F40021704730B54FF46074E0
:1006800001F0004521F000411CE700BF50EA0102E3
:1006900008BF704730B54FF000050AE050EA01028C
:1006A00008BF704730B511F0004502D5404261EBFC
:1006B00041014FF4806404F132045FEA915C3FF43D
:1006C000D8AE4FF003025FEADC0C18BF03325FEADA
:1006D000DC0C18BF033202EBDC02C2F1200300FA8B
:1006E00003FC20FA02F001FA03FE40EA0E0021FAB0
:1006F00002F11444BDE600BF53B94AB9002908BF4E
:1007000000281CBF4FF0FF314FF0FF3000F06EB9F2
:10071000ADF1080C6DE904CE00F006F8DDF804E058
:10072000DDE9022304B070472DE9F047089D044637
:100730008C46002B40F083808A42174647D9B2FA94
:1007400082F242B1C2F1200024FA00F091409740B9
:1007500040EA010C94404FEA1748230CBCFBF8F622
:100760001FFA87FE08FB16C143EA014306FB0EF1A0
:10077000994209D9FB1806F1FF3080F0198199429E
:1007800040F21681023E3B445B1AA4B2B3FBF8F080
:1007900008FB103344EA034400FB0EFEA64509D9CA
:1007A0003C1900F1FF3380F00581A64540F202813B
:1007B00002383C4440EA0640A4EB0E0400261DB17A
:1007C000D4400023C5E900433146BDE8F08702B9B3
:1007D000FFDEB2FA82F2002A50D1CB1B4FEA174E4D
:1007E0001FFA87F80126B3FBFEFC210C0EFB1C331D
:1007F00041EA034108FB0CF38B4207D979180CF14D
:10080000FF3002D28B4200F2E9808446C91AA3B2BB
:10081000B1FBFEF00EFB101143EA014408FB00F8A7
:10082000A04507D93C1900F1FF3302D2A04500F2E0
:10083000D9801846A4EB080440EA0C40BFE78B427D
:1008400009D9002D00F0B1800026C5E9000130462D
:100850003146BDE8F087B3FA83F6002E4AD18B42C9
:1008600002D3824200F2B880841A61EB03010120B6
:100870008C46002DA8D0C5E9004CA5E7C2F12003A5
:1008800020FA03F6974001FA02F04FEA174ED940DA
:100890003043030CB1FBFEF61FFA87F80EFB16116E
:1008A00043EA014306FB08F1994204FA02F409D92C
:1008B000FB1806F1FF3C80F08D80994240F28A805F
:1008C000023E3B445B1A81B2B3FBFEF00EFB1033D9
:1008D00041EA034100FB08F38B4207D9791800F184
:1008E000FF3C73D28B4271D902383944CB1A40EAAB
:1008F000064678E7C6F1200C03FA06F422FA0CF358
:100900001C4320FA0CF701FA06F34FEA144E21FAC1
:100910000CF11F433B0CB1FBFEF91FFA84F80EFBF0
:10092000191143EA014109FB08FA8A4502FA06F265
:1009300000FA06F308D9611809F1FF3048D28A4558
:1009400046D9A9F102092144A1EB0A01BFB2B1FBCA
:10095000FEF00EFB101147EA014700FB08F8B8450E
:1009600007D9E71900F1FF312ED2B8452CD902384A
:10097000274440EA0940A7EB0807A0FB02894F453E
:10098000C64649461AD317D05DB1B3EB0E0267EBEA
:10099000010707FA0CFCF2404CEA0202F740C5E9F5
:1009A000002700263146BDE8F0872E4628460BE793
:1009B0000646E9E61846FDE64345E5D2B8EB020EE9
:1009C00069EB04010138DFE70846D2E760468DE7AE
:1009D0008146B9E7664675E730464AE7ACF1020C56
:1009E000394413E702383C4424E700BF704700BF96
:1009F00080B582B000AF7860786800F005F87B6859
:100A000018460837BD4680BD80B485B000AF786019
:100A10007A684AF21003134400221A607A684AF294
:100A2000100313441A6879684AF214030B441A60DD
:100A30000023FB60FB68032B08DC7B68FA6800215D
:100A400043F82210FB680133FB60F3E700BF143763
:100A5000BD465DF8047B704780B582B000AF78601A
:100A600039607B68012B07D13B684FF6FF729342D8
:100A700002D10348FFF7BCFF00BF0837BD4680BD69
:100A80003C02002480B500AF4FF6FF710120FFF754
:100A9000E3FF80BD80B483B000AF786039607B68CD
:100AA0005B683A6813443B607B681A687B689B68A4
:100AB0003968994204DB7B689B683968CB1A00E08F
:100AC0003B6813441B7818460C37BD465DF8047B21
:100AD000704780B582B000AF786000217868FFF77A
:100AE000D9FF034618460837BD4680BD80B483B0A1
:100AF00000AF7860044A7B681A607B6818460C3740
:100B0000BD465DF8047B70475C55020880B582B035
:100B100000AF78607868FFF7E9FF0421786821F07A
:100B200029FA7B6818460837BD4680BD80B483B07B
:100B300000AF78607B6815221A6000BF0C37BD4695
:100B40005DF8047B704780B485B000AFF860B96091
:100B50007A60FB68BA68DA60FB687A681A61FB68D9
:100B600000225A6100BF1437BD465DF8047B704710
:100B700080B586B002AFF860B9607A603B603B68D0
:100B800000937B68BA680449F86802F008FA00BF6D
:100B90001037BD4680BD00BF6C65020880B586B0C9
:100BA00002AFF860B9607A603B603B6800937B6895
:100BB000BA680449F86802F0F2F900BF1037BD4680
:100BC00080BD00BF6855020880B483B000AF786074
:100BD0007B681B68002B0CBF01230023DBB2184687
:100BE0000C37BD465DF8047B704780B483B000AF1E
:100BF00078607B681B68012B03D07B681B68022B25
:100C000001D1012300E0002318460C37BD465DF8F2
:100C1000047B704780B483B000AF78607B685B680A
:100C200018460C37BD465DF8047B704780B483B02E
:100C300000AF78607B689B6818460C37BD465DF84E
:100C4000047B704780B483B000AF786039607A6805
:100C50003B6802339B0013445B6818460C37BD4663
:100C60005DF8047B704780B483B000AF78607B6828
:100C70001B6918460C37BD465DF8047B704780B48D
:100C800083B000AF78607B689B6818460C37BD4620
:100C90005DF8047B704780B483B000AF78607B68F8
:100CA000DB6818460C37BD465DF8047B704780B49E
:100CB00083B000AF78607B681B6918460C37BD466F
:100CC0005DF8047B704780B584B000AFF860B96010
:100CD0007A603B60FB681B69002B36DB3B68B3F135
:100CE000FF3F32D03B68002B03D1FB6800221A6122
:100CF0002CE03B68012B03D1FB6801221A6125E03F
:100D00003B68022B05D17A68B968F86800F021F8D1
:100D10001CE03B68032B05D17A68B968F86800F0DD
:100D200034F813E03B68042B05D17A68B968F86899
:100D300000F048F80AE03B68052B07D16FF000424D
:100D40000021F86800F03EF800E000BF1037BD4613
:100D500080BD80B485B000AFF860B9607A60FB6890
:100D60001B69002B0BDBFB68BA685A61FB687A6869
:100D70009A61FB680022DA61FB6802221A6100BFF7
:100D80001437BD465DF8047B704780B485B000AF72
:100D9000F860B9607A60FB681B69002B0CDBFB68AC
:100DA000BA685A61FB687A689A61FB689A68FB685E
:100DB000DA61FB6802221A6100BF1437BD465DF894
:100DC000047B704780B485B000AFF860B9607A608A
:100DD000FB681B69002B08DBFB68BA685A61FB687B
:100DE0007A689A61FB6803221A6100BF1437BD4616
:100DF0005DF8047B704780B483B000AF78607B6897
:100E00001B69002B01DC00232FE07B681B69012B91
:100E100001DC012329E07B681B69022B15DC7B6860
:100E20001A687B685B699A4205DB7B681A687B6895
:100E30009B699A4205DD7B689A687B68DB699A4208
:100E400001DA012311E000230FE07B681A687B6858
:100E50005B699A4205DB7B681A687B689B699A42EA
:100E600001DD012300E0002300BF18460C37BD461A
:100E70005DF8047B704780B582B000AF78607B6816
:100E80001B69012B02DC7B681B6909E07868FFF7AE
:100E9000B2FF0346002B01D0012300E0042300BF72
:100EA00018460837BD4680BD80B483B000AF786077
:100EB0007B6803F5C05318460C37BD465DF8047BCC
:100EC0007047000080B483B000AF786039607A6802
:100ED000054B13443A685201134418460C37BD467B
:100EE0005DF8047B704700BFA4AE010080B483B0FE
:100EF00000AF78607A6842F60403134418460C3752
:100F0000BD465DF8047B704780B483B000AF786065
:100F1000044B1A687B68134418460C37BD465DF8CD
:100F2000047B70474807032480B483B000AF786027
:100F3000064B1A687B68D31ADB43DB0FDBB218461B
:100F40000C37BD465DF8047B704700BF480703249B
:100F500080B483B000AF78607B681B6C9BB218468E
:100F60000C37BD465DF8047B704780B483B000AF9A
:100F700078607B689A6A7B685B6A9A42B4BF012397
:100F80000023DBB218460C37BD465DF8047B704782
:100F900080B483B000AF78607B681B6818460C375C
:100FA000BD465DF8047B704780B483B000AF7860C5
:100FB0007B685B6818460C37BD465DF8047B70475C
:100FC00080B483B000AF78607B689B6818460C37AC
:100FD000BD465DF8047B704780B400AF034B1B68CF
:100FE0001846BD465DF8047B704700BF1CDF022435
:100FF00080B500AF024812F029F900BF80BD00BFE4
:10100000DC6B022480B500AF024812F01FF900BF6C
:1010100080BD00BF946E022480B500AF024812F07C
:1010200015F900BF80BD00BF4C71022480B500AF30
:10103000024812F00BF900BF80BD00BF0474022407
:1010400080B500AF024812F001F900BF80BD00BFBB
:10105000BC76022480B500AF024812F02DFF00BF1D
:1010600080BD00BF7479022480B500AF034812F040
:10107000FDFE00F035F800BF80BD00BF747902248A
:1010800080B500AF0548FFF70FFF02464FF48053CD
:10109000FF21034815F017F800BF80BDA4A300246A
:1010A00078E8022480B500AF0648FFF7FDFE02464F
:1010B0004FF480534FF47F21034814F0DEFF00BF4C
:1010C00080BD00BFA4A3002478E8022480B500AF4F
:1010D0000021024815F05AF800BF80BD78E80224CC
:1010E00080B588B000AF624B624A1A600023FB6192
:1010F000FB69042B0ADC604AFB6952F8233018466E
:1011000011F0A3FFFB690133FB61F1E75B481BF0C2
:10111000DDF95A481BF000FAFFF7C4FF4FF40063F3
:10112000574A0021574814F0A8FF3B1D5449184660
:1011300013F046FD3B1D1946534801F043FD534B48
:1011400000221A60514B1B68514A13600023BB6197
:10115000BB69272B66DCBB694FF41C7202FB03F3EF
:101160000833494A134404331846FFF753FD3861E6
:1011700004223969002001F0D7FB0346002B4DD033
:10118000BB694FF41C7202FB03F308333E4A13445D
:1011900004331846FFF718FD034683F00103DBB262
:1011A000002B3BD0344A3B6952F82320BB694FF4F3
:1011B0001C7101FB03F337490B441946104611F02B
:1011C0008DFFBB694FF41C7202FB03F3314A1A44D2
:1011D0002F4B1B68591C2E4801602F4941F82320D2
:1011E000BB694FF41C7202FB03F30833264A134415
:1011F00004331846FFF7F9FC0346002B0ED0BB69F9
:101200004FF41C7202FB03F3224A1A441F4B1B6863
:10121000591C1E480160214941F82320BB69013354
:10122000BB6195E700F040F800237B61174B1B681A
:101230007A699A420ADA194A7B6952F823301846C9
:1012400001F030FE7B6901337B61EFE71448FFF763
:10125000DBFB144811F031F9002000F091F83B1D40
:10126000184601F04BFC00BF2037BD4680BD00BFD3
:10127000D46B02240115000800000024A4A300245C
:10128000D45B022478E802247879022498A300240D
:1012900094A300248479022454A20024F4A20024FC
:1012A0003C0200242453022480B582B000AF002306
:1012B0007B607B68272B12DC7B684FF41C7202FB7F
:1012C00003F30833084A1344181D0023002247F68D
:1012D000FF71FFF74DFC7B6801337B60E9E700BFDE
:1012E0000837BD4680BD00BF7879022480B582B042
:1012F00000AF00F01DF800237B607B68272B11DC1A
:101300007B684FF41C7202FB03F30833074A134453
:10131000181D002332220021FFF72AFC7B680133CD
:101320007B60EAE700BF0837BD4680BD78790224BC
:1013300080B582B000AF00237B600D4B1B687A68DC
:101340009A420ADA0B4A7B6852F82330184602F0B8
:10135000A3F87B6801337B60EFE707481BF0B6F822
:10136000064B41221A6000BF0837BD4680BD00BF52
:1013700098A30024F4A20024A4A30024A0A3002482
:1013800090B583B000AF78607B68B3F1FF3F74D055
:101390007B68B3F1FF3F37DB7B68452B34DC7B6830
:1013A000412B31DB7B68413B042B2DD801A252F845
:1013B00023F000BFC9130008CF130008D913000899
:1013C000E3130008F5130008FFF7B2FF56E0012110
:1013D0002C481BF0D7F851E000212A481BF0D2F826
:1013E0004CE0284A284B13444FF0FF321A60FFF7B5
:1013F0007DFF43E0234A244B134400221A60FFF789
:1014000097FFFFF751FF39E07B68002B36DB7B68E5
:101410003F2B33DC1D4A7B681360FFF789FF1C4AB2
:101420007B6803F63143DB0013449B68002B25DD0A
:10143000174A7B6803F63143DB0013449B68154A67
:1014400093421BDC124A7B6803F63143DB001344F2
:101450005C680C48FFF74AFD02460D497B6803F6BD
:101460003143DB000B449B6821460B4814F005FE1A
:10147000012104481BF086F800E000BF00BF0C37D4
:10148000BD4690BDA4A300245CAF0100A0A300242E
:10149000787902249F86010078E8022480B582B022
:1014A00000AF786039603B68002B06DD3A680021A8
:1014B00004481BF0E7FB034600E00023184608370A
:1014C000BD4680BDA4A3002480B582B000AF786083
:1014D00079680020FFF7E2FF034618460837BD464B
:1014E00080BD000080B483B000AF7860034B184625
:1014F0000C37BD465DF8047B704700BFC914000877
:1015000080B584B000AF0023FB60FB68042B0ADCCD
:10151000244AFB6852F82330184611F0F7FDFB68A7
:101520000133FB60F1E72049204811F01EF8002349
:10153000BB601F4B1B68BA689A420ADA1D4ABB6837
:1015400052F82330184601F0ADFCBB680133BB6094
:10155000EFE70121144817F0B1FD134A164B13446D
:101560001B68002B0DDB104A134B13441B681846F5
:10157000FFF706FF0C4A104B13444FF0FF321A607E
:101580000CE00949094811F040F83B1D1846FFF7E7
:10159000A9FF03461946094801F0DDF900BF1037DD
:1015A000BD4680BD00000024A4A3002424530224CF
:1015B00098A30024F4A2002428AF01003C020024D8
:1015C00080B485B000AF786039600023FB60FB68B1
:1015D000272B11DCFB684FF41C7202FB03F30C4A4F
:1015E00013447A689A4203D10A4AFB68136003E005
:1015F000FB680133FB60EAE7074A3B681360074B6F
:10160000074A1A6000BF1437BD465DF8047B704777
:1016100084790224D05B0224CC5B0224D46B0224A4
:10162000C51A000880B586B000AF786000237B61E2
:101630007B69042B0ADC204A7B6952F82330184668
:1016400011F064FD7B6901337B61F1E77868FFF796
:101650005BFC78607868FFF767FC034683F0010362
:10166000DBB2002B23D00123FB740023FB60FB685B
:10167000042B14DCFB7C83F00103DBB2002B0ED1C6
:101680000D4AFB6852F823301846FFF76EFC0346FC
:1016900083F00103FB74FB680133FB60E7E7FB7C2D
:1016A000002B03D1012013F029FAD3E700BF00BFBC
:1016B0001837BD4680BD00BF0000002480B584B04F
:1016C00000AF786039600023FB600C4B1B68FA6840
:1016D0009A420CDA0A4AFB6852F823303A68796871
:1016E0001846FFF730FAFB680133FB60EDE7042092
:1016F000FFF798FF00BF1037BD4680BD94A30024BC
:1017000054A2002480B590B000AF0023FB63FB6BB4
:10171000092B36DC00210020FFF7D0FF012387F8DA
:101720003B3000237B63994B1B687A6B9A421CDA2F
:1017300097F83B3083F00103DBB2002B15D1944ABC
:101740007B6B52F8233002211846FFF77BFA0346E1
:101750009BB240F2947293420CBF0123002387F89E
:101760003B307B6B01337B63DDE797F83B30002B2D
:1017700006D10A2013F0C2F9FB6B0133FB63C6E705
:1017800000BFFB6B092B26DD00233B637F4B1B68EF
:101790003A6B9A421FDA7E4A3B6B52F823300221A1
:1017A0001846FFF74FFA03469BB240F294729342F9
:1017B00014BF01230023DBB2002B08D0744A3B6B1B
:1017C00052F8233001211846FFF7FAFE6EE13B6B19
:1017D00001333B63DAE76F4B1B6801336D4A1360DB
:1017E0000023FB63FB6B012B3BDC00210E20FFF78A
:1017F00065FF40F6B83013F081F900210020FFF7B3
:101800005DFF012387F82F300023BB625F4B1B680D
:10181000BA6A9A421CDA97F82F3083F00103DBB2E0
:10182000002B15D15A4ABB6A52F8233002211846C0
:10183000FFF708FA03469BB240F2947293420CBF42
:101840000123002387F82F30BB6A0133BB62DDE739
:1018500097F82F30002B03D1FB6B0133FB63C1E7FB
:1018600000BFFB6B012B26DD00237B62474B1B680F
:101870007A6A9A421FDA464A7B6A52F8233002217A
:101880001846FFF7DFF903469BB240F29472934289
:1018900014BF01230023DBB2002B08D03C4A7B6A33
:1018A00052F8233002211846FFF78AFEFEE07B6AD9
:1018B00001337B62DAE7374B1B680133354A13602B
:1018C00000233B623B6A042B0CDC334A3B6A52F830
:1018D000233044F62061184611F0F0FB3B6A0133D7
:1018E0003B62EFE72D4B1B682D4A82FB03121A4423
:1018F000D211DB17D31AFB61FB69002B01DC01233A
:10190000FB61284B1A68254B1B689A4280F2C48001
:10191000244B1B689B00BB602348FFF7E7FA786005
:10192000BB687A6813441B781946BB6801337A6830
:1019300013441B781B0241EA0302BB680233796837
:101940000B441B781B041A43BB68033379680B44B0
:101950001B781B0613433B60144B1B68BA68134487
:10196000BB600023BB61094B1B68BA699A421FDA4E
:10197000074ABB6952F823303A68B9681846FFF73E
:10198000E2F8BB690133BB61EDE700BF94A300241B
:1019900054A20024C85B022400000024C45B02247B
:1019A00009040281C05B0224A4A30024BC5B0224BE
:1019B0000023FB63FB6B092B36DC4FF47A70FFF7D7
:1019C00031FE0123FB7500233B613A4B1B683A69EA
:1019D0009A421EDA384A3B6952F8233000211846F1
:1019E000FFF730F90346002B14BF01230023DBB2BD
:1019F000002B0AD0304A3B6952F823303A68B96864
:101A00001846FFF7A0F80023FB753B6901333B61E3
:101A1000DBE7FB7D002B06D11E2013F06FF8FB6B7C
:101A20000133FB63C6E700BFFB6B092B23DD0023FB
:101A3000FB60204B1B68FA689A421CDA1E4AFB685E
:101A400052F8233000211846FFF7FCF80346002B1C
:101A500014BF01230023DBB2002B08D0164AFB6819
:101A600052F82330B9681846FFF7AAFD1EE0FB685C
:101A70000133FB60DDE7114B1B6801330F4A136034
:101A80000E4B1A68FB6992FBF3F302330C4A1360A6
:101A9000012013F033F834E700210A20FFF70EFE8F
:101AA000FFF71EFB064B40F201121A604037BD469D
:101AB00080BD00BF94A3002454A20024C05B022474
:101AC000C85B022480B400AF00BFBD465DF8047B54
:101AD0007047000080B586B000AF786039600023A1
:101AE0007B617B69072B60DC3A687B6942FA03F310
:101AF00003F00103002B54D07A687B6913443B61E7
:101B00003B694FF41C7202FB03F30833294A134468
:101B100004331846FFF77EF8F8600422F9680020C5
:101B200000F002FF0346002B3BD03B694FF41C72D0
:101B300002FB03F308331F4A134404331846FFF72C
:101B400043F8034683F00103DBB2002B29D03B6945
:101B50004FF41C7202FB03F30833164A1344043398
:101B60001846FEF7E3FF144AFB6852F823203B694E
:101B70004FF41C7101FB03F310490B441946104646
:101B800011F0ACFA3B694FF41C7202FB03F30B4AF1
:101B90001A440B4B1B68591C09480160094941F85C
:101BA00023207B6901337B619BE700BF1837BD466B
:101BB00080BD00BF787902240000002484790224CB
:101BC00094A3002454A2002480B586B000AFF8602E
:101BD000B9607A603B6000237B617B69042B0ADC7F
:101BE0001C4A7B6952F82330184611F02EFA7B69A3
:101BF00001337B61F1E718481AF068FC174B0022AB
:101C00001A60F9680020FFF765FFB9680820FFF740
:101C100061FF79681020FFF75DFF39681820FFF732
:101C200059FF396A2020FFF755FF0D4B00221A603B
:101C30000B4B1B680B4A13600B4B00221A600A4BBC
:101C40001B680A4A13600A4B0A4A1A6000BF183719
:101C5000BD4680BD00000024A4A3002494A300245A
:101C6000CC5B0224D05B0224C85B0224C05B02244C
:101C7000D46B02240517000890B5B1B002AF7860AC
:101C800039607868FEF725FF0346413B352B00F2AB
:101C9000668401A252F823F037220008E9240008E4
:101CA000C91E00085F250008B51E0008651E000853
:101CB000352300085F250008711D00085F25000816
:101CC0005F250008D92300084D2400085F2500087F
:101CD0005F250008E52000085F250008692300084B
:101CE000351F0008751F0008E1220008B92100080F
:101CF0005F2500085F2500085F2500085F250008B4
:101D00005F2500085F2500085F2500085F250008A3
:101D10005F2500085F2500085F2500085F25000893
:101D20005F250008C11D00085F2500085F25000829
:101D30005F2500085F2500085F2500085F25000873
:101D40005F2500085F2500085F2500085F25000863
:101D50005F2500085F2500085F2500085F25000853
:101D60005F2500085F2500085F250008F3210008B3
:101D7000692138680CF0FCFE2022764938680CF0A6
:101D8000A1FEA52138680CF06BFE734B5B68194609
:101D900038680CF078FE704B9B68194638680CF078
:101DA00072FEFFF719F90346194638680CF06BFE0E
:101DB000012138680CF054FE38680CF0F4FED5E3CD
:101DC00078680DF0F9F8C7F8B400D7F8B430634A72
:101DD00012685A40624B1340002B05D0D7F8B4204C
:101DE0005F4B13405D4A1360D7F8B430C3F30B0365
:101DF000C7F8B4300023C7F8B030D7F8B0301F2B85
:101E000011DC78680DF058F80346D9B2D7F8B43031
:101E10005A1CC7F8B420534AD154D7F8B030013314
:101E2000C7F8B030E9E7D7F8B430C3F30B03002BA1
:101E300008D14A4B1B6819134FF48053494A4A484A
:101E400014F041F94F2138680CF092FE38680CF01C
:101E5000AAFE424B1B681B13FF2B40F08483FFF745
:101E60003FF980E378680DF0A7F8F8610023C7F820
:101E7000AC30D7F8AC301F2B10DC78680DF01CF8B4
:101E80000346D9B2374AD7F8AC3013440A461A7021
:101E9000D7F8AC300133C7F8AC30EAE73149F8691C
:101EA00012F0C8FB662138680CF062FE38680CF04E
:101EB0007AFE5BE312F09EFB652138680CF058FE59
:101EC00038680CF070FE51E378680DF075F8B86171
:101ED000BB69002B01D1FFF72BFABB69002B21DB7B
:101EE000BB69224A93421DDC2148FEF7FFFF0246F0
:101EF000BB6913447B610023C7F8A830D7F8A8302A
:101F00001F2B0FDC78680CF0D7FF0146D7F8A830FC
:101F10007A691344CAB21A70D7F8A8300133C7F8E7
:101F2000A830EBE7732138680CF022FE38680CF01B
:101F30003AFE1BE378680CF0BFFF7864786CFFF71B
:101F40001FFA732138680CF013FE38680CF02BFE72
:101F50000CE300BF34550208787902249CA30024C6
:101F600000F0FFFFD45B022478E802247F860100A2
:101F7000A4A3002478680CF09FFF0346272219468B
:101F8000002000F028FDF86678680DF006F803469A
:101F900040F6E8421946002000F01DFDB86678685A
:101FA0000CF0FBFF034640F6E8421946002000F023
:101FB00012FD786678680CF0FFFF386678680CF0E0
:101FC0007BFF034603221946002000F004FDF8655C
:101FD00078680CF0F1FF0346BC4A1946002000F077
:101FE000FAFCB86578680CF0E7FF0346B74A194673
:101FF000002000F0F0FC786578680CF05DFF386533
:10200000F96DB348FEF75EFFF8643B6D7A6DB96D0C
:10201000F86CFEF758FE7B6E002B05D03B6E7A6E97
:10202000F96CAB481AF046FBFB6E4FF41C7202FBD6
:1020300003F30833A74A13440433BB64742138689C
:102040000CF096FDF96E38680CF079FC0021B86C44
:10205000FEF7F8FD0346194638680CF001FD012132
:10206000B86CFEF7EFFD0346194638680CF0F8FC33
:102070000221B86CFEF7E6FD0346194638680CF0FD
:10208000EFFCB86C01F034FA0346194638680CF0DE
:1020900056FCB96E38680CF0E3FCBB6E002B06DD15
:1020A000BA6E00218A481AF0EDFD034600E00023D5
:1020B000194638680CF0E7FCF96D38680CF03FFC05
:1020C000FB6C1B68194638680CF0DDFCF86CFEF7F9
:1020D000D2FE0346194638680CF031FC38680CF023
:1020E00062FD43E278680CF0E7FE034604221946DD
:1020F000002000F070FC7863774A7B6B52F8233045
:102100003B63502138680CF033FD796B38680CF074
:1021100016FC3B6B4833184601F0B3FB03461946E7
:1021200038680CF00CFC3B6B48331846FEF7A7FDF3
:102130000346194638680CF002FC3B6B48331846DE
:10214000FEF7A9FD0346194638680CF089FC3B6B85
:1021500048331846FEF7ABFD0346194638680CF0C5
:1021600092FC38680CF01FFD78680CF0A5FEF86250
:10217000FB6A032B40F3F98178680CF09DFEB8628E
:1021800078680CF00AFF7862FB6A042B07D13B6B7E
:1021900048337A6AB96A184601F05EFBE5E13B6BA9
:1021A00003F1480478680CF007FF03467A6AB96ABD
:1021B000204601F038FBD8E178680CF0EEFEC7F855
:1021C0008800D7F8880000F0E7F9C7F88400762186
:1021D00038680CF0CDFCD7F8881038680CF040FC5B
:1021E000D7F8841038680CF04EFC38680CF0DBFC33
:1021F000BCE178680CF0D1FEC7F8900078680CF06C
:10220000DBFEC7F88C00D7F88C10D7F8900000F0F0
:102210004BFA762138680CF0ABFCD7F89010386890
:102220000CF01EFCD7F88C1038680CF02CFC3868C9
:102230000CF0B9FC9AE178680CF0AFFEF86061210F
:1022400038680CF095FCF96838680CF009FC2348F4
:1022500000F0DAFB0346194638680CF001FC002355
:10226000C7F8A430D7F8A430032B2ADC0023C7F822
:10227000A0301A4800F0D7FB0246D7F8A0309342AE
:10228000B4BF01230023DBB2002B14D0FA68D7F8C7
:10229000A43013441A46D7F8A010104800F0CEFB23
:1022A0000346194638680CF0DBFBD7F8A030013341
:1022B000C7F8A030DDE7D7F8A4300133C7F8A43061
:1022C000D0E738680CF06FFC50E100BF9F8601003A
:1022D000A4A3002478790224000000243C020024F6
:1022E00078680CF0A9FDC7F8800078680CF0A4FDB0
:1022F000F86778680CF0A0FDB86778680CF09CFD72
:10230000786778680CF098FD386778680CF054FEB0
:102310000346984A136078680CF04EFE0346964ACE
:1023200013603B6F00937B6FBA6FF96FD7F8800033
:10233000FFF74AFC752138680CF01AFC8F4B1B68BC
:10234000194638680CF0FBFA8D4B1B681946386843
:102350000CF099FB8B4B1B68194638680CF080FB1E
:1023600038680CF020FC01E178680CF065FD03464C
:1023700087F84330844B1B7897F843209A422BD040
:10238000814A97F8433013700023C7F89C30D7F880
:102390009C30182B20DC78680CF0FFFDF863D7F830
:1023A0009C304FF41C7202FB03F30833774A13444A
:1023B0000433BB63B86BFEF718FC0346002B05D053
:1023C00000230322F96BB86BFEF7E8FBD7F89C30CB
:1023D0000133C7F89C30DAE7722138680CF0C8FB8B
:1023E000012200216A481AF04DFC0346194638685C
:1023F0000CF0A5FA0023C7F89830D7F89830182BBE
:1024000020DCD7F898304FF41C7202FB03F308333A
:102410005E4A134404333B62386AFEF7E6FB034628
:10242000002B04D0386AFEF71EFC034600E00023B0
:10243000194638680CF014FBD7F898300133C7F808
:102440009830DAE738680CF0AEFB8FE06D21386821
:102450000CF08EFB4F4BB3F95430194638680CF032
:10246000FFFA4C4BB3F95630194638680CF0F8FABD
:10247000484BB3F95830194638680CF0F1FA454B1F
:10248000B3F95031194638680CF0EAFA414BB3F908
:102490005231194638680CF0E3FA3E4BB3F9543127
:1024A000194638680CF0DCFA3A4BB3F94430194657
:1024B00038680CF0D5FA374BB3F94630194638680E
:1024C0000CF0CEFA334BB3F94830194638680CF0AB
:1024D000C7FA304BB3F94A30194638680CF0C0FAE5
:1024E00038680CF060FB41E0622138680CF040FB7A
:1024F0000122002126481AF0C5FB03461946386818
:102500000CF01DFA0023C7F89430D7F89430182B3C
:1025100021DCD7F894304FF41C7202FB03F308332C
:102520001A4A134404333B613869FEF75EFB0346E5
:10253000002B05D002213869FEF784FB034600E03A
:102540000023194638680CF08BFAD7F89430013321
:10255000C7F89430D9E738680CF025FB06E03868F6
:102560000CF0F3FA02E000BF00E000BF00BFBC3790
:10257000BD4690BDBC5B0224C45B0224D05B022438
:10258000CC5B0224C85B0224D86B02247879022435
:10259000A4A3002418EA022480B582B000AF7860BA
:1025A0007B68632B11DD7B688B2B0EDC7B68643BC7
:1025B0004FF41C7202FB03F30833384A134404330C
:1025C0001846FEF750FB034664E07B68132B60D887
:1025D00001A252F823F000BF292600089326000824
:1025E0002D2600089326000893260008932600084D
:1025F00093260008932600089326000893260008D7
:1026000037260008412600084B26000855260008FA
:102610005D260008632600086B2600087326000864
:102620007B26000883260008A52333E01C48FEF71C
:102630008FFC03462EE01B48FEF7AAFC034629E068
:102640001848FEF7B1FC034624E01648FEF7B8FC34
:1026500003461FE0134B93F860301BE0114B1B6DDA
:1026600018E0104BB3F9443014E00E4BB3F9463088
:1026700010E00C4BB3F948300CE00A4BB3F94A3088
:1026800008E0084BD3ED107AFDEEE77A17EE903AAA
:1026900000E0002318460837BD4680BD7879022443
:1026A0000020024018EA022480B483B000AF7860B2
:1026B000396000BF0C37BD465DF8047B70470000F1
:1026C00080B582B000AF78607A68002103481AF0C4
:1026D000D9FA034618460837BD4680BDA4A3002496
:1026E00090B585B000AF786039607B68002B11DB56
:1026F0007B68272B0EDC7B684FF41C7202FB03F314
:102700000833214A134404331846FEF75DFA0346A2
:10271000002B01D0012300E00023002B01D0002377
:102720002DE07B684FF41C7202FB03F30833164A5A
:10273000134404331846FEF76DFAF860FB68002B6B
:1027400002DBFB68042B01DD002318E00F4AFB6865
:1027500052F8233003F148047B684FF41C7202FBEB
:1027600003F30833084A134404331846FEF75EFAAD
:1027700003463A681946204601F06EF801231846D0
:102780001437BD4690BD00BF7879022400000024B4
:1027900090B587B000AFF860B9607A60FB68002B35
:1027A00011DBFB68272B0EDCFB684FF41C7202FB6D
:1027B00003F30833204A134404331846FEF704FA9F
:1027C0000346002B01D0012300E00023002B01D0A1
:1027D00000232DE0FB684FF41C7202FB03F3083367
:1027E000154A134404331846FEF714FA78617B69DE
:1027F000002B02DB7B69042B01DD002318E00F4A6C
:102800007B6952F8233003F14804FB684FF41C72D3
:1028100002FB03F30833084A134404331846FEF757
:1028200005FA01467B68BA68204600F0FCFF0123E8
:1028300018461C37BD4690BD78790224000000245C
:1028400090B587B000AFF860B9607A60FB68002B84
:1028500011DBFB68272B0EDCFB684FF41C7202FBBC
:1028600003F308332E4A134404331846FEF7ACF939
:102870000346002B01D0012300E00023002B01D0F0
:10288000002348E0FB684FF41C7202FB03F308339B
:10289000234A134404331846FEF7BCF978617B6978
:1028A000002B02DB7B69042B01DD002333E01D4A92
:1028B0007B6952F8233048333B61386900F0E1FF0F
:1028C0000346002B1BD03869FEF7E5F90246BB68CA
:1028D000934214D1FB684FF41C7202FB03F30833DC
:1028E0000F4A134404331846FEF7A0F9044638692A
:1028F000FEF7C5F903469C4201D1012300E0002305
:10290000002B07D03869FEF7D2F902467B681A60BF
:10291000012300E0002318461C37BD4690BD00BFD0
:10292000787902240000002480B485B000AFF860FC
:10293000B9607A60FA68BB689A4205DCBA687B685D
:102940009A4201DC012300E0002318461437BD46FB
:102950005DF8047B704780B584B000AF7860396063
:102960007A684AF2100313441A6879684AF2140329
:102970000B441B689A422ADA7A684AF2100313441D
:102980001B689B00BB600023FB60FB68032B13DC10
:102990003B687A68F96852F821201046984701464A
:1029A000BA68FB681A4409B27B68083223F812102F
:1029B000FB680133FB60E8E77A684AF210031344CE
:1029C0001B685A1C79684AF210030B441A6000BF56
:1029D0001037BD4680BD80B485B000AFF860B960E7
:1029E0007A60BA68FB689A4207DBBA687B689A42E9
:1029F00001DD7B6802E0BB6800E0FB681846143725
:102A0000BD465DF8047B704780B483B000AF78604A
:102A10007A684AF2100313441B6818460C37BD4607
:102A20005DF8047B704780B483B000AF7860042306
:102A300018460C37BD465DF8047B704780B485B0FE
:102A400000AFF860B9607A607B689A00BB681A448E
:102A5000FB68083233F9123018461437BD465DF86A
:102A6000047B704780B582B000AF786039607B68C6
:102A7000012B22D13B684FF6FF7293421DD11148C2
:102A800016F0D6FA10480FF003FD1049104810F068
:102A9000BFFA1049104810F0BBFA1049104810F066
:102AA000B7FA1049104810F0B3FA1049104810F066
:102AB000AFFA1049104810F03DFE00BF0837BD4680
:102AC00080BD00BFA4A3002424530224007C004046
:102AD000DC6B022400440040946E02240078004025
:102AE0004C710224004C0040047402240050004049
:102AF000BC760224001001407479022480B582B0B3
:102B000000AF7860054A7B681A607B681846FDF75D
:102B1000EDFF7B6818460837BD4680BD841D04085C
:102B200080B582B000AF78607868FFF7E7FF0C21CE
:102B300078681FF01FFA7B6818460837BD4680BDCD
:102B400080B500AF4FF6FF710120FFF78BFF80BD0E
:102B500080B582B000AF78603960786812F06FF8A5
:102B600002463B681A6000BF0837BD4680BD80B58D
:102B700082B000AF786039607B6819463868FFF72B
:102B8000E7FF7B68043319463868FFF7E1FF00BFB1
:102B90000837BD4680BDB0B582B000AF78607B68B5
:102BA0000C3327241D46002C07DB0021284600F0AB
:102BB00049F905F51C75013CF5E77B6818460837AF
:102BC000BD46B0BD80B586B000AF786039607B6827
:102BD00019463868FFF7BCFF7B681B68052B25D1B9
:102BE0007B68043319463868FFF7B2FF7B68083307
:102BF00019463868FFF7ACFF7B680C33282219466A
:102C0000386800F0B5F87A6846F28C131344402215
:102C10001946386800F0CBF87A6846F28C331344D2
:102C200040221946386800F0C2F89DE07B681B68B6
:102C3000042B3AD17B68043319463868FFF788FFC4
:102C40007B68083319463868FFF782FF7B680C33CE
:102C500028221946386800F08BF87A6846F28C13FF
:102C6000134440221946386800F0A1F800237B6124
:102C70007B693F2B78DC7A687B6903F67143DB0064
:102C8000134400229A607A687B6903F67143DB0083
:102C900013449A6879687B6903F67143DB000B443F
:102CA0005A607B6901337B61E2E77B6805221A6029
:102CB0007B6800225A607B6800229A6000233B6197
:102CC0003B69272B12DC3B694FF41C7202FB03F3B8
:102CD00008337A681344181D0023002247F6FF7159
:102CE000FDF746FF3B6901333B61E9E70023FB60E9
:102CF000FB683F2B19DC7A68FB6803F63143DB0085
:102D0000134400229A607A68FB6803F63143DB00C3
:102D100013449A687968FB6803F63143DB000B447F
:102D20005A60FB680133FB60E2E70023BB60BB68CD
:102D30003F2B19DC7A68BB6803F67143DB00134450
:102D400000229A607A68BB6803F67143DB00134483
:102D50009A687968BB6803F67143DB000B445A60DC
:102D6000BB680133BB60E2E700BF1837BD4680BDDA
:102D700080B586B000AFF860B9607A6000237B61EF
:102D80007A697B689A420EDA7B694FF41C7202FB07
:102D900003F3BA681344F968184600F087FD7B69AD
:102DA00001337B61ECE700BF1837BD4680BD80B5BD
:102DB00086B000AFF860B9607A6000237B617A6901
:102DC0007B689A420BDA7B69DB00BA681344F968C6
:102DD0001846FFF7CCFE7B6901337B61EFE700BF4C
:102DE0001837BD4680BD000080B582B000AF786066
:102DF00039607B68012B07D13B684FF6FF72934225
:102E000002D10348FFF7C7FE00BF0837BD4680BDAB
:102E10007879022480B500AF4FF6FF710120FFF7EB
:102E2000E3FF80BD80B582B000AF7860396078681C
:102E300011F022FF02463B681A6000BF0837BD460A
:102E400080BD000080B485B000AF786039607B68D9
:102E50003A681A607B6800225A607B6800229A6098
:102E60007B68002283F848207B680D4AC3F86C22F7
:102E70000023FB60FB68022B0ADC7B680022DA621D
:102E80007B68DA6A7B68DA60FB680133FB60F1E734
:102E90007B6818461437BD465DF8047B704700BF59
:102EA0006C65020880B483B000AF78607B685B6EAD
:102EB000002B18D07B689B6E591C7A6891667A68E3
:102EC00034335B001344B3F904301A467B68DA608C
:102ED0007B689B6EDAB27B689A667B685B6E5A1E73
:102EE0007B685A6638E07B681B6E002B09D07B68D4
:102EF0001B6E5A1E7B681A667B68DA6C7B68DA6028
:102F00002AE07B68DB6D002B1FD07B68DB6D5A1ECF
:102F10007B68DA657B685A6D7B689B6D1A447B68B9
:102F20005A657B68DA6C7B681B6D7968D1F86C0236
:102F30007968496D091289000144096801FB03F3AE
:102F40009B121A447B68DA6006E07B68DA6C7B6867
:102F50001B6D1A447B68DA607B68DB68B3F5FA4F57
:102F600006DA7B68DA687B689B6A1A447B68DA60F9
:102F700000BF0C37BD465DF8047B704780B483B05A
:102F800000AF786039607B68DB6C3A68D21A7B6886
:102F90001A6500BF0C37BD465DF8047B704780B4EE
:102FA00085B000AFF860B9607A603B60FB680022D2
:102FB0005A66FB68BA68C3F86C227B68B3F5FA4FAF
:102FC0003CDA3B68002B39DDFB68DB6CB3F5FA4F6C
:102FD00004DBFB681A69FB68DA641EE0FB68DB6DE2
:102FE000002B13D0FB68DA6CFB681B6DF968D1F815
:102FF0006C02F968496D091289000144096801FBF6
:1030000003F39B121A44FB68DA6406E0FB68DA6C8F
:10301000FB681B6D1A44FB68DA64FB68DB6C7A683A
:10302000D21AFB681A65FB6800225A654FF48022A9
:103030003B6892FBF3F2FB689A6509E000233B6072
:103040003B68BB61FB687A68DA64FB6800221A653A
:10305000FB68BA691A66FB683A68DA6500BF14371C
:10306000BD465DF8047B704780B48BB000AFF8605C
:10307000B9607A60FB680022DA65FB68DA6DFB688C
:103080001A66FB685A6E7B681344FF2B02DC7B6870
:10309000002B01DC002375E0BB68B3F5FA4F57DA6B
:1030A000FB685B6E002B08D0FB68DA6CFB681B6D5D
:1030B0001344BA68D31A7B6217E0FB68DA6CFB68CA
:1030C0001B6D1A44FB68DA64FB68DB6CB3F5FA4FDE
:1030D00003DBFB681A69FB68DA64FB6800221A6587
:1030E000FB68DB6CBA68D31A7B627A6A7B6892FBF6
:1030F000F3F3BB6100233B623A6A7B689A423ADA97
:10310000FB689A6EFB685B6E581CF968486613444E
:10311000DBB27B61FB68DB6C9AB2FB681B6D9BB218
:1031200013449AB23B6A013399B2BB699BB211FB5B
:1031300003F39BB213449BB219B2FA687B69343330
:103140005B0013440A469A803B6A01333B62D3E733
:10315000FB689A6EFB685B6E581CF96848661344FE
:10316000DBB2FB61BB6819B2FA68FB6934335B0000
:1031700013440A469A80FB68DB6CBA68D21AFB6873
:103180001A65012318462C37BD465DF8047B70474D
:1031900080B487B000AFF8600B467A607B81FB6833
:1031A0000022DA65FB68DA6DFB681A66FB685A6E06
:1031B0007B681344FF2B02DC7B68002B01DC0023BF
:1031C0002CE0FB689A6EFB685B6E13447B61FB68C6
:1031D0005A6E7B681A44FB685A667B685A1E7A608E
:1031E000002B14BF01230023DBB2002B0ED07B6920
:1031F000DBB27B61B7F90A107B695A1C7A61FA6805
:1032000034335B0013440A469A80E6E7B7F90A2094
:10321000FB68DA64FB6800221A65012318461C3734
:10322000BD465DF8047B704780B487B000AFF8609E
:103230007A603B600B467B81FB680022DA65FB68A5
:10324000DA6DFB681A66FB685A6E3B681344FF2B05
:1032500002DC3B68002B01DC002336E0FB689A6E41
:10326000FB685B6E13447B61FB685A6E3B681A44D3
:10327000FB685A663B685A1E3A60002B14BF012354
:103280000023DBB2002B18D07B685A1C7A6093F9BC
:1032900000309AB27B8913449BB27B817B69DBB29D
:1032A0007B61B7F90A107B695A1C7A61FA6834337A
:1032B0005B0013440A469A80DCE7B7F90A20FB68F2
:1032C000DA64FB6800221A65012318461C37BD46E4
:1032D0005DF8047B704780B487B000AFF8607A6017
:1032E0003B600B467B81FB680022DA65FB68DA6D88
:1032F000FB681A66FB685A6E3B681344FF2B02DCBE
:103300003B68002B01DC00233FE0FB689A6EFB6802
:103310005B6E13447B61FB685A6E3B681A44FB6822
:103320005A663B685A1E3A60002B14BF01230023E3
:10333000DBB2002B21D07B685A1C7A601B787B8221
:103340007B685A1C7A601B781B021AB27B8A134373
:103350007B827A897B8A13449BB27B817B69DBB257
:103360007B61B7F90A107B695A1C7A61FA683433B9
:103370005B0013440A469A80D3E7B7F90A20FB683A
:10338000DA64FB6800221A65012318461C37BD4623
:103390005DF8047B7047000080B489B000AFF8602E
:1033A0007B600B467B8113463B81FB680022DA651C
:1033B000FB68DA6DFB681A66FB685A6E7B6813441B
:1033C000FF2B02DC7B68012B01DC00235CE0B7F9FA
:1033D0000820B7F90A30D31A7B610023FB614FF450
:1033E00080627B6892FBF3F33B61FB689A6EFB683B
:1033F0005B6E1344BB61FB685A6E7B681A44FB68C2
:103400005A667B68013B7B607B685A1E7A60002BA2
:1034100014BF01230023DBB2002B1DD0FA693B69E6
:103420001344FB61BB69DBB2BB611A4AFB6952F80A
:1034300023307A6902FB03F39B129AB27B8913440F
:103440009BB219B2BB695A1CBA61FA6834335B008B
:1034500013440A469A80D7E7BB69DBB2BB61FA68BE
:10346000BB6934335B0013443A899A80FA68BB69BC
:1034700034335B001344B3F904301A46FB68DA6452
:10348000FB6800221A65012318462437BD465DF803
:10349000047B70476C65020880B483B000AF78602D
:1034A0007B6800229A617B685B6E002B03D07B688F
:1034B00000225A6616E07B68DB6D002B12D07B6819
:1034C0001B6D7A68D2F86C127A68526D12129200F3
:1034D0000A44126802FB03F39A127B681A657B6840
:1034E0000022DA6500BF0C37BD465DF8047B7047EB
:1034F00080B483B000AF78607B6893F84830002BCD
:1035000001D0012300E0002318460C37BD465DF8CA
:10351000047B704780B582B000AF78607B681B6821
:10352000012B15D17B68DA687B68DA627B681A6BDD
:103530007B681A617B685A6B7B685A617B680022E2
:103540009A617B680022DA617B6800221A626CE073
:103550007B681B68022B1CD17B68DA687B68DA62A7
:103560007B685A6A7B685A647B681A6B7B681A614D
:103570007B689A6B7B689A617B68DA6B7B68DA613F
:103580007B685A6B7B685A617B681A6C7B681A622D
:103590004BE07B681B68032B0CD17B68DA6A7B6885
:1035A000DA607B681A6B7B681A617B685A6B7B6890
:1035B0005A613AE07B681B68142B36D17B685B6BE1
:1035C000012B1BD17B6803F10C027B682C3319465D
:1035D000104600F090F97B6803F110027B683033ED
:1035E0001946104600F087F97B6803F114027B68E6
:1035F00034331946104600F07EF916E07B68DA682D
:103600007B68DA627B681A697B681A637B685A692F
:103610007B685A637B6800225A617B685A697B68C1
:103620001A617B681A697B68DA607B6893F84920C5
:103630007B6883F8482000BF0837BD4680BD80B551
:1036400084B000AFF860B9607A60FB681B68012B3A
:103650000BD1FB689968FB68DB6A1A46B8680BF007
:10366000E6FA7B6806221A6053E0FB681B68022BAF
:103670000CD1FB689968FB68DA6AFB685B6CB86818
:103680000BF0EBFA7B6809221A6042E0FB681B68CA
:10369000032B09D1FB689B681946B8680BF0F8FA50
:1036A0007B6808221A6034E0FB681B68142B20D169
:1036B000FB685B6B032B1CDDFB685B6B042B0BD186
:1036C000FB689968FB68DB6A1A46B8680BF00CFB6C
:1036D0007B6806221A601CE0FB689968FB68DA6A5E
:1036E000FB681B6BB8680BF0E4FA7B6806221A6073
:1036F0000FE0FB681B68152B0BD1FB689968FB6812
:10370000DA68FB681B69B8680BF004FB7B6806226B
:103710001A60FB68002283F8492000BF1037BD46BD
:1037200080BD90B585B002AF786039607B681B685A
:10373000012B0CD138680BF030FC02467B681A6311
:1037400038680BF02AFC02467B685A6363E07B68AA
:103750001B68022B18D17B682C33191D7B682C3316
:1037600003F108007B682C3303F10C047B682C33D5
:1037700010337A682C3214320192009323460246A9
:1037800038680BF08CFC46E07B681B68032B12D179
:1037900038680BF002FC02467B68DA6238680BF08E
:1037A000FCFB02467B681A6338680BF0F6FB0246A6
:1037B0007B685A632FE07B681B68142B1ED17B68E3
:1037C0005B6B042B09D138680BF0F6FB02467B6873
:1037D0001A637B6801225A631DE07B681C6B3868A2
:1037E0000BF0EAFB03469C420CBF01230023DBB233
:1037F000002B10D07B6802225A630CE07B681B68A8
:10380000152B08D138680BF0D7FB02467B685A614C
:103810007B680022DA607B68012283F8492000BFC0
:103820000C37BD4690BD80B485B000AFF860B9607C
:103830007A603B60FB6805225A61FB683A681A614E
:10384000FB687A68DA60FB68BA689A6000BF143770
:10385000BD465DF8047B704780B485B000AFF8606A
:10386000B9607A60FB6804225A61FB687A68DA60A2
:10387000FB68BA689A6000BF1437BD465DF8047BE8
:10388000704780B485B000AF78607B685B69FB608F
:103890007B685B69022B02DC7B6800225A61FB6853
:1038A00018461437BD465DF8047B704780B582B07A
:1038B00000AF786039607B6819463868FFF7B2FA64
:1038C0007B68043319463868FFF7ACFA7B68083325
:1038D00019463868FFF7A6FA00BF0837BD4680BD15
:1038E00080B483B000AF78607B6818460C37BD4663
:1038F0005DF8047B704780B584B000AF78603960B4
:103900007868FFF7EDFF03461B68FB603868FFF738
:10391000E7FF03461A687B681A6007F10C03184634
:10392000FFF7DEFF03461A683B681A6000BF1037D6
:10393000BD4680BD80B400AF044BDB681B0A03F0BA
:1039400007031846BD465DF8047B704700ED00E0B4
:1039500080B483B000AF0346FB80B7F90630002B7C
:103960000BDBFB8803F01F020749B7F906305B0940
:10397000012000FA02F241F8232000BF0C37BD46B7
:103980005DF8047B704700BF00E100E080B483B0C5
:1039900000AF0346FB80B7F90630002B12DBFB8833
:1039A00003F01F020A49B7F906305B09012000FA4B
:1039B00002F2203341F82320BFF34F8F00BFBFF343
:1039C0006F8F00BF00BF0C37BD465DF8047B7047AA
:1039D00000E100E080B483B000AF03463960FB80B3
:1039E000B7F90630002B0ADB3B68DAB20C49B7F9AD
:1039F00006301201D2B20B4483F800230AE03B6880
:103A0000DAB20849FB8803F00F03043B1201D2B27B
:103A10000B441A7600BF0C37BD465DF8047B704737
:103A200000E100E000ED00E080B489B000AFF86094
:103A3000B9607A60FB6803F00703FB61FB69C3F1BF
:103A40000703042B28BF0423BB61FB690433062B47
:103A500002D9FB69033B00E000237B614FF0FF329A
:103A6000BB6902FA03F3DA43BB681A407B699A40E8
:103A70004FF0FF317B6901FA03F3D9437B680B40B8
:103A8000134318462437BD465DF8047B704780B465
:103A900087B000AF786039603B68C3F31303002B35
:103AA00007D13B689B0E03F01F03012202FA03F3C8
:103AB00015E03B683B613B6993FAA3F3FB60FB684D
:103AC0007B617B69002B01D1202303E07B69B3FA82
:103AD00083F3DBB203F01F03012202FA03F37A68D7
:103AE000D2691A437B68DA6100BF1C37BD465DF8B6
:103AF000047B704780B487B000AFF860B9607A602B
:103B0000FB6830331A46BB681B0A9B0003F00C03AA
:103B100013447B617B691A68BB6803F01F031F2194
:103B200001FA03F3DB431A407B689B0E03F01F018D
:103B3000BB6803F01F0301FA03F31A437B691A60A1
:103B400000BF1C37BD465DF8047B704780B487B06A
:103B500000AFF860B9607A60FB6814331A46BB683E
:103B60005B0E9B0003F0040313447B617B691A68BE
:103B7000BB681B0D03F01F03072101FA03F3DB43AE
:103B80001A40BB681B0D03F01F03796801FA03F3A9
:103B90001A437B691A6000BF1C37BD465DF8047B81
:103BA0007047000080B485B000AFF860B9607A60FB
:103BB000FB68D3F8C020BB68C3F31303DB431A4090
:103BC0007B6803F018030849D940BB680B40C3F376
:103BD00013031A43FB68C3F8C02000BF1437BD4667
:103BE0005DF8047B704700BFFFFF0F0080B483B017
:103BF00000AF786039607B681A69064B13403A68F9
:103C00001A437B681A6100BF0C37BD465DF8047B20
:103C1000704700BFFCFBFFFF80B483B000AF78604B
:103C20007B689A68044B13407A68936000BF0C3736
:103C3000BD465DF8047B7047C0FFFF5F80B483B072
:103C400000AF78607B689A68054B134043F0805260
:103C50007B689A6000BF0C37BD465DF8047B7047F7
:103C6000C0FFFF6F80B483B000AF78607B689A6854
:103C7000054B134043F001027B689A6000BF0C378C
:103C8000BD465DF8047B7047C0FFFF7F80B483B002
:103C900000AF78607B689A68054B134043F00402DC
:103CA0007B689A6000BF0C37BD465DF8047B7047A7
:103CB000C0FFFF7F80B483B000AF786039607B685D
:103CC0001A683B6803F01003022101FA03F31A4358
:103CD0007B681A6000BF0C37BD465DF8047B7047F7
:103CE00080B487B000AFF860B9607A60FB687B6130
:103CF0000D4ABB6813441B781A467B6913441B6842
:103D000023F0C0020849BB680B441B7819467B6945
:103D10000B4419467B6813430B6000BF1C37BD463C
:103D20005DF8047B704700BF7075020880B487B0EF
:103D300000AFF860B9607A60FB687B610D4ABB68D0
:103D400013441B781A467B6913441B6823F4907252
:103D50000849BB680B441B7819467B690B4419461C
:103D60007B6813430B6000BF1C37BD465DF8047BC6
:103D7000704700BF7075020880B487B000AFF8606C
:103D8000B9607A60FB687B610D4ABB6813441B789D
:103D90001A467B6913441B6823F400720849BB6808
:103DA0000B441B7819467B690B4419467B68134307
:103DB0000B6000BF1C37BD465DF8047B704700BF39
:103DC0007075020880B487B000AFF860B9607A609F
:103DD000FB687B610D4ABB6813441B781A467B69FC
:103DE00013441B6823F480620849BB680B441B78AA
:103DF00019467B690B4419467B6813430B6000BF6F
:103E00001C37BD465DF8047B704700BF7075020823
:103E100080B487B000AFF860B9607A60FB687B61FE
:103E20000D4ABB6813441B781A467B6913441B6810
:103E300023F4C0520849BB680B441B7819467B69C0
:103E40000B4419467B6813430B6000BF1C37BD460B
:103E50005DF8047B704700BF7075020880B487B0BE
:103E600000AFF860B9607A60FB687B610D4ABB689F
:103E700013441B781A467B6913441B6823F4C04221
:103E80000849BB680B441B7819467B690B441946EB
:103E90007B6813430B6000BF1C37BD465DF8047B95
:103EA000704700BF7075020880B487B000AFF8603B
:103EB000B9607A60FB687B610D4ABB6813441B786C
:103EC0001A467B6913441B6823F440320849BB68D7
:103ED0000B441B7819467B690B4419467B681343D6
:103EE0000B6000BF1C37BD465DF8047B704700BF08
:103EF0007075020880B485B000AFF860B9607A6070
:103F0000BA68124B13449B00FA6811498A4201D1E6
:103F1000002200E0202213441B6823F0FF02B9684E
:103F20000A4B0B449B00F9680948814201D10021EA
:103F300000E020210B4419467B6813430B6000BF4F
:103F40001437BD465DF8047B704700BF0082001047
:103F50000000024080B485B000AF786039607B68B3
:103F6000FB600C4A3B6813441B781A46FB681344F9
:103F70005B6908493A680A4412781146FA680A44AB
:103F800023F00403536100BF1437BD465DF8047B82
:103F9000704700BF7075020880B487B000AFF8604A
:103FA000B9607A603B60FB687B610E4ABB68134472
:103FB0001B781A467B6913445B6923F00702796812
:103FC0003B680B430748B96801440978084679699A
:103FD000014413434B6100BF1C37BD465DF8047BB1
:103FE000704700BF7075020880B487B000AFF860FA
:103FF000B9607A60FB687B61074ABB6813441B7831
:104000001A467B6913441A467B68936000BF1C37CD
:10401000BD465DF8047B70477075020880B400AF40
:10402000054B1B68044A43F48033136000BFBD4650
:104030005DF8047B704700BF0044025880B400AFB5
:10404000074B1B6803F40033B3F5003F01D1012394
:1040500000E000231846BD465DF8047B704700BFB2
:104060000044025880B483B000AF7860064B1B69EF
:1040700023F0070204497B6813430B6100BF0C3730
:10408000BD465DF8047B70470044025880B483B09D
:1040900000AF7860064B9B6923F4706204497B682B
:1040A00013438B6100BF0C37BD465DF8047B70473E
:1040B0000044025880B483B000AF7860064B9B691F
:1040C00023F00F0204497B6813438B6100BF0C3758
:1040D000BD465DF8047B70470044025880B483B04D
:1040E00000AF7860064BDB6923F0700204497B68FF
:1040F0001343CB6100BF0C37BD465DF8047B7047AE
:104100000044025880B483B000AF7860064BDB698E
:1041100023F4E06204497B681343CB6100BF0C3792
:10412000BD465DF8047B70470044025880B483B0FC
:1041300000AF7860064B9B6923F0700204497B68EE
:1041400013438B6100BF0C37BD465DF8047B70479D
:104150000044025880B483B000AF7860064B1B6AFD
:1041600023F0700204497B6813430B6200BF0C37D5
:10417000BD465DF8047B70470044025880B485B0AA
:1041800000AF78607B68DAB2104B1344FB60FB68C9
:104190001A687B68190E7B681B0A03F01F0301FA7B
:1041A00003F3DB431A407B681B0CD9B27B681B0A04
:1041B00003F01F0301FA03F31A43FB681A6000BF00
:1041C0001437BD465DF8047B704700BF4C4402586D
:1041D00080B582B000AF78607868FFF7CFFF00BF8E
:1041E0000837BD4680BD80B582B000AF7860786882
:1041F000FFF7C4FF00BF0837BD4680BD80B483B061
:1042000000AF7860064B9B6D23F4403204497B6815
:1042100013438B6500BF0C37BD465DF8047B7047C8
:104220000044025880B483B000AF7860064B9B6AAC
:1042300023F0030204497B6813438B6200BF0C37F1
:10424000BD465DF8047B70470044025880B400AF5F
:10425000054B1B68044A43F08073136000BFBD46E2
:104260005DF8047B704700BF0044025880B400AF83
:10427000074B1B6803F00073B3F1007F01D10123EA
:1042800000E000231846BD465DF8047B704700BF80
:104290000044025880B400AF054BDB6A044A43F483
:1042A0008033D36200BFBD465DF8047B704700BF1A
:1042B0000044025880B400AF054BDB6A044A43F463
:1042C0000033D36200BFBD465DF8047B704700BF7A
:1042D0000044025880B400AF054BDB6A044A43F443
:1042E0008023D36200BFBD465DF8047B704700BFEA
:1042F0000044025880B483B000AF7860074BDB6A9B
:1043000023F002027B685B0004491343CB6200BFC9
:104310000C37BD465DF8047B704700BF004402586F
:1043200080B483B000AF7860074BDB6A23F00C02E7
:104330007B689B0004491343CB6200BF0C37BD462A
:104340005DF8047B704700BF0044025880B483B01E
:1043500000AF7860074B1A6B074B13407A68013A3D
:10436000044913430B6300BF0C37BD465DF8047B63
:10437000704700BF0044025800FEFFFF80B483B0C6
:1043800000AF7860074B9B6A23F47C727B681B014B
:10439000044913438B6200BF0C37BD465DF8047BB4
:1043A000704700BF0044025880B483B000AF78600B
:1043B000074B1B6B23F47E427B68013B5B02044985
:1043C00013430B6300BF0C37BD465DF8047B704799
:1043D0000044025880B483B000AF7860074B1B6B79
:1043E00023F4FE027B68013B1B04044913430B6367
:1043F00000BF0C37BD465DF8047B7047004402588F
:1044000080B483B000AF7860074B1B6B23F0FE4293
:104410007B68013B1B06044913430B6300BF0C3749
:10442000BD465DF8047B70470044025880B400AF7D
:10443000054B1B68044A43F08063136000BFBD4610
:104440005DF8047B704700BF0044025880B400AFA1
:10445000074B1B6803F00063B3F1006F01D1012328
:1044600000E000231846BD465DF8047B704700BF9E
:104470000044025880B400AF054BDB6A044A43F4A1
:104480000023D36200BFBD465DF8047B704700BFC8
:104490000044025880B483B000AF7860074BDB6AF9
:1044A00023F020027B685B0104491343CB6200BF09
:1044B0000C37BD465DF8047B704700BF00440258CE
:1044C00080B483B000AF7860074BDB6A23F0C00292
:1044D0007B689B0104491343CB6200BF0C37BD4688
:1044E0005DF8047B704700BF0044025880B483B07D
:1044F00000AF7860074B9A6B074B13407A68013A1C
:10450000044913438B6300BF0C37BD465DF8047B41
:10451000704700BF0044025800FEFFFF80B483B024
:1045200000AF7860074B9B6A23F47C327B681B03E7
:10453000044913438B6200BF0C37BD465DF8047B12
:10454000704700BF0044025880B483B000AF786069
:10455000074B9B6B23F47E427B68013B5B02044963
:1045600013438B6300BF0C37BD465DF8047B704777
:104570000044025880B483B000AF7860074B9B6B57
:1045800023F4FE027B68013B1B04044913438B6345
:1045900000BF0C37BD465DF8047B704700440258ED
:1045A00080B483B000AF7860074B9B6B23F0FE4272
:1045B0007B68013B1B06044913438B6300BF0C3728
:1045C000BD465DF8047B70470044025880B400AFDC
:1045D000054B1B68044A43F08053136000BFBD467F
:1045E0005DF8047B704700BF0044025880B400AF00
:1045F000074B1B6803F00053B3F1005F01D10123A7
:1046000000E000231846BD465DF8047B704700BFFC
:104610000044025880B400AF054BDB6A044A43F4FF
:104620000003D36200BFBD465DF8047B704700BF46
:104630000044025880B483B000AF7860074BDB6A57
:1046400023F400727B685B0204491343CB6200BF12
:104650000C37BD465DF8047B704700BF004402582C
:1046600080B483B000AF7860074BDB6A23F440620C
:104670007B689B0204491343CB6200BF0C37BD46E5
:104680005DF8047B704700BF0044025880B483B0DB
:1046900000AF7860074B1A6C074B13407A68013AF9
:1046A000044913430B6400BF0C37BD465DF8047B1F
:1046B000704700BF0044025800FEFFFF80B483B083
:1046C00000AF7860074B9B6A23F07C727B681B0508
:1046D000044913438B6200BF0C37BD465DF8047B71
:1046E000704700BF0044025880B483B000AF7860C8
:1046F000074B1B6C23F47E427B68013B5B02044941
:1047000013430B6400BF0C37BD465DF8047B704754
:104710000044025880B483B000AF7860074B1B6C34
:1047200023F4FE027B68013B1B04044913430B6422
:1047300000BF0C37BD465DF8047B7047004402584B
:1047400080B483B000AF7860074B1B6C23F0FE424F
:104750007B68013B1B06044913430B6400BF0C3705
:10476000BD465DF8047B70470044025880B485B0B4
:1047700000AF78600A4BD3F8D82009497B6813430F
:10478000C1F8D830064BD3F8D8207B681340FB60C3
:10479000FB6800BF1437BD465DF8047B704700BF5F
:1047A0000044025880B485B000AF78600A4BD3F85B
:1047B000E02009497B681343C1F8E030064BD3F889
:1047C000E0207B681340FB60FB6800BF1437BD46E8
:1047D0005DF8047B704700BF0044025880B485B088
:1047E00000AF78600A4BD3F8E82009497B6813438F
:1047F000C1F8E830064BD3F8E8207B681340FB6033
:10480000FB6800BF1437BD465DF8047B704700BFEE
:104810000044025880B485B000AF78600A4BD3F8EA
:10482000F02009497B681343C1F8F030064BD3F8F8
:10483000F0207B681340FB60FB6800BF1437BD4667
:104840005DF8047B704700BF0044025880B483B019
:1048500000AF7860064B1B6823F00F0204497B68A9
:1048600013430B6000BF0C37BD465DF8047B7047F7
:104870000020005280B400AF044B1B6803F00F030C
:104880001846BD465DF8047B704700BF002000520B
:1048900080B483B000AF7860064BDB6823F007027A
:1048A00004497B681343CB6000BF0C37BD465DF8FD
:1048B000047B70470048025880B483B000AF786032
:1048C000064B9B6923F4404204497B6813438B6188
:1048D00000BF0C37BD465DF8047B704700480258A6
:1048E00080B483B000AF78607B68DB6843F000423F
:1048F0007B68DA6000BF0C37BD465DF8047B70470B
:1049000080B483B000AF786039607B68DB6823F4E3
:1049100060123B681A437B68DA6000BF0C37BD4603
:104920005DF8047B704780B483B000AF78607B682B
:10493000DB6843F080427B68DA6000BF0C37BD461D
:104940005DF8047B704780B483B000AF78607B680B
:10495000DB6823F080427B68DA6000BF0C37BD461D
:104960005DF8047B704780B483B000AF78607B68EB
:104970001B6823F080027B681A6000BF0C37BD46BD
:104980005DF8047B7047000080B485B000AF7860AC
:1049900039603B68012B28D03B68042B23D03B684F
:1049A000102B1ED03B68402B19D03B68B3F5807F9D
:1049B00013D03B68B3F5806F0DD03B68B3F5805FD3
:1049C00007D03B68B3F5803F01D107230EE00823F1
:1049D0000CE006230AE0052308E0042306E0032395
:1049E00004E0022302E0012300E00023FB737B6864
:1049F00018331946FB7B0A4AD35C0B44BB60BB6887
:104A00001A68FB7B0749CB5C194604238B401A4389
:104A1000BB681A6000BF1437BD465DF8047B704761
:104A2000787502088475020880B485B000AF78609C
:104A300039603B68012B28D03B68042B23D03B68AE
:104A4000102B1ED03B68402B19D03B68B3F5807FFC
:104A500013D03B68B3F5806F0DD03B68B3F5805F32
:104A600007D03B68B3F5803F01D107230EE0082350
:104A70000CE006230AE0052308E0042306E00323F4
:104A800004E0022302E0012300E00023FB737B68C3
:104A900018331946FB7B0A4AD35C0B44BB60BB68E6
:104AA0001A68FB7B0749CB5C194608238B401A43E5
:104AB000BB681A6000BF1437BD465DF8047B7047C1
:104AC000787502088475020880B483B000AF7860FE
:104AD00039607B689A68064B13403A681A437B68D2
:104AE0009A6000BF0C37BD465DF8047B704700BF7D
:104AF000F8BFFEFF80B483B000AF786039607B6898
:104B00005B6823F070023B681A437B685A6000BF01
:104B10000C37BD465DF8047B704780B483B000AFAE
:104B2000786039607B685B6823F470023B681A43E5
:104B30007B685A6000BF0C37BD465DF8047B704748
:104B400080B483B000AF78607B689B6823F08002FC
:104B50007B689A6000BF0C37BD465DF8047B7047E8
:104B600080B483B000AF78607B681B6843F00102BB
:104B70007B681A6000BF0C37BD465DF8047B704748
:104B800080B483B000AF78607B681B6843F000524C
:104B90007B681A6000BF0C37BD465DF8047B704728
:104BA00080B489B000AF786039607B680833FB60FF
:104BB000FB6853E8003FBB60BB6823F060423B6882
:104BC0005B071343FB617B680833FA69BA617B6159
:104BD0007969BA6941E800233B613B69002BE4D164
:104BE00000BF00BF2437BD465DF8047B704780B42A
:104BF00089B000AF786039607B680833FB60FB6880
:104C000053E8003FBB60BB6823F060623B685B0613
:104C10001343FB617B680833FA69BA617B61796988
:104C2000BA6941E800233B613B69002BE4D100BF36
:104C300000BF2437BD465DF8047B704780B483B065
:104C400000AF786039607B681B6823F4F8123B681A
:104C50001B041A437B681A6000BF0C37BD465DF821
:104C6000047B704780B483B000AF786039607B68A4
:104C70001B6823F078723B685B051A437B681A60F7
:104C800000BF0C37BD465DF8047B704780B483B02D
:104C900000AF78607B689B6843F480427B689A60D1
:104CA00000BF0C37BD465DF8047B704780B483B00D
:104CB00000AF786039607B689B6823F400423B68F2
:104CC0001A437B689A6000BF0C37BD465DF8047BD1
:104CD000704780B483B000AF78607B685B6823F472
:104CE00090427B685A607B689B6823F02A027B684D
:104CF0009A6000BF0C37BD465DF8047B704780B4F6
:104D000083B000AF78607B68DB6903F40013B3F510
:104D1000001F01D1012300E0002318460C37BD46D7
:104D20005DF8047B704780B483B000AF78607B6827
:104D3000DB6903F48003B3F5800F01D1012300E0A8
:104D4000002318460C37BD465DF8047B704780B4DD
:104D500083B000AF786039607B683A689A6100BFC1
:104D60000C37BD465DF8047B704780B483B000AF5C
:104D7000786039603B681A047B689A6100BF0C3721
:104D8000BD465DF8047B704780B500AF01F0EEFED4
:104D900000F02EF800F096F801F016FC01F0FAFB96
:104DA00000F0D4F800F094F900F008FA00F0FEFAF0
:104DB00000F0E8FC01F0FAF900F0A2FE00F044FF78
:104DC00000F0C0FD00F064FE00F0E2FF01F06EF8BC
:104DD00001F010F901F078FA1CF084FB00F022FEDB
:104DE00001F05CFB00F0DAFB0CF02CFDFEE70000AC
:104DF00080B500AF0420FFF729FD00BFFFF73AFDA3
:104E00000346042BFAD10220FFF742FD4FF4404045
:104E1000FFF752FDFFF702F900BFFFF70FF9034656
:104E2000012BFAD10220FFF7FDF9FFF733FAFFF764
:104E300041FAFFF74FFA0120FFF772FA0020FFF75F
:104E400059FA0820FFF79AFA4FF4F070FFF77EFA4C
:104E50000220FFF7A9FA0820FFF7BCFA0420FFF7A9
:104E6000CFFAFFF7F3F900BFFFF700FA0346012B73
:104E7000FAD10820FFF71EF90320FFF7F3F800200E
:104E8000FFF704F90820FFF715F94020FFF726F98E
:104E90004FF48060FFF736F94020FFF747F94020D4
:104EA000FFF758F9064808F0ABF8002001F09AFE29
:104EB0000346002B01D001F06FFC00BF80BD00BF96
:104EC00000389C1C80B500AFFFF7D4FA0120FFF733
:104ED000F7FA0020FFF7DEFA0820FFF71FFB882013
:104EE000FFF704FB0820FFF72FFB0420FFF742FB2E
:104EF0000220FFF755FBFFF799FA00BFFFF7A6FA6C
:104F00000346012BFAD1FFF785FB0120FFF7A8FB31
:104F10000020FFF78FFB0820FFF7D0FBC020FFF732
:104F2000B5FB0220FFF7E0FB0820FFF7F3FB0620AC
:104F3000FFF706FCFFF74AFB00BFFFF757FB0346EE
:104F4000012BFAD100BF00BF80BD000080B594B036
:104F500000AF07F1400300221A605A609A6007F11F
:104F6000280300221A605A609A60DA601A615A6156
:104F700007F1180300221A605A609A60DA603B4613
:104F800000221A605A609A60DA601A615A61002041
:104F9000FFF734F92020FFF7E9FB0420FFF702FCBC
:104FA00020233B6003237B6000233B613B46194683
:104FB000404804F021FF08233B640023BB6407F151
:104FC000400319463C4804F043FD0023BB62002324
:104FD000FB6200233B634FF400537B634FF4805329
:104FE000FB6307F128031946334804F05DFD0021F7
:104FF0003148FEF7FBFD4FF48013BB610023FB61DA
:1050000007F1180319462D4804F0CAFC2A48FEF798
:1050100003FE2948FEF712FE294B1B689B09294A0B
:10502000A2FB03239A0913469B0013445B001A4614
:10503000254BA3FB0223DB08FB6402E0FB6C013B76
:10504000FB64FB6C002BF9D1204A06211A48FEF7BD
:1050500051FD04221D491848FEF778FD40F2FF7209
:105060001A491548FEF79EFD18491348FEF70FFD33
:105070001148FEF7F7FD124B1B689B09114AA2FB72
:1050800003239A0913469B0013445B001A460E4BF8
:10509000A3FB0223DB08FB6402E0FB6C013BFB6427
:1050A000FB6C002BF9D10448FEF7F0FD00BF503730
:1050B000BD4680BD00080258002002400023024087
:1050C00014000024632D3E05CDCCCCCC0001802102
:1050D00080B58CB000AF07F1180300221A605A6047
:1050E0009A60DA601A615A613B4600221A605A607F
:1050F0009A60DA601A615A614FF00050FFF76EFB58
:105100000120FFF74FFB20233B6003237B6000233C
:105110003B613B461946254804F06EFE44220221BD
:105120002348FEF7E7FE402202212148FEF7D8FD82
:10513000002202211E48FEF7B7FE4FF480720221C2
:105140001B48FEF7F3FD002202211948FEF714FE6A
:105150004FF4806202211648FEF734FE002202213D
:105160001348FEF755FE002202211148FEF776FE95
:1051700002210F48FEF7EEFE1C23BB610023FB61FA
:1051800000237B620023BB620023FB6207F118034C
:105190001A460849084804F0F0FC06490648FEF79C
:1051A00089FD00BF3037BD4680BD00BF00000258FA
:1051B00000040240720040350074004080B590B099
:1051C00000AF07F118032822002118461FF082F9CA
:1051D0003B4600221A605A609A60DA601A615A618E
:1051E0006B48FFF700F84FF48050FFF713FB0820DF
:1051F000FFF7D8FA0220FFF7D5FA80233B6002239D
:105200007B600023BB600023FB6000233B61052320
:105210007B613B4619465F4804F0EEFD18233B6076
:1052200002237B600023BB600023FB6000233B6103
:1052300005237B613B461946574804F0DDFD2522D6
:1052400002215648FEF756FE002202215348FEF77F
:1052500047FD002202215148FEF726FE00220221CE
:105260004E48FEF763FD002202214C48FEF784FD04
:105270004FF4806202214948FEF7A4FD002202217A
:105280004648FEF7C5FD002202214448FEF7E6FD30
:1052900002214248FEF75EFE262203213F48FEF728
:1052A00029FE402203213D48FEF71AFD002203217A
:1052B0003A48FEF7F9FD002203213848FEF736FD93
:1052C000002203213548FEF757FD4FF48062032189
:1052D0003248FEF777FD002203213048FEF798FDA3
:1052E000002203212D48FEF7B9FD03212B48FEF7CC
:1052F00031FEFEF71FFB0346002200211846FEF791
:1053000093FB034619462320FEF764FB2320FEF798
:105310001FFB0023BB614FF48003FB6107233B624B
:1053200000237B620023BB624FF08063FB624FF07F
:10533000A0433B6300237B630023BB630023FB6329
:1053400007F118031946164805F0A8FC0021144877
:10535000FFF7D6FA1248FFF7E6FA032300220321EB
:105360000E48FEF719FE0F4A02210C48FEF73CFEDC
:105370000D4A03210948FEF737FE2320FEF706FBFE
:105380000748FFF7ADFA00BF4037BD4680BD00BFFC
:10539000040C0007000C02580004025800000240F0
:1053A00000300140303001402030014080B590B0E5
:1053B00000AF07F118032822002118461FF08AF8D1
:1053C0003B4600221A605A609A60DA601A615A619C
:1053D0006B48FEF708FF4FF48040FFF7FFF9042009
:1053E000FFF7E0F90220FFF7DDF906233B60022317
:1053F0007B600023BB600023FB6000233B6105232F
:105400007B613B4619465F4804F0F6FC4FF40053BD
:105410003B6002237B600023BB600023FB60002312
:105420003B6105237B613B461946574804F0E4FC89
:10543000272200215548FEF75DFD00220021534838
:10544000FEF74EFC002200215048FEF72DFD002201
:1054500000214E48FEF76AFC002200214B48FEF76F
:105460008BFC4FF4806200214848FEF7ABFC002221
:1054700000214648FEF7CCFC002200214348FEF7FD
:10548000EDFC00214148FEF765FD282201213F483F
:10549000FEF730FD402201213C48FEF721FC0022AE
:1054A00001213A48FEF700FD002201213748FEF7AE
:1054B0003DFC002201213548FEF75EFC4FF480627E
:1054C00001213248FEF77EFC002201212F48FEF721
:1054D0009FFC002201212D48FEF7C0FC01212B4832
:1054E000FEF738FDFEF726FA034600220021184693
:1054F000FEF79AFA034619462420FEF76BFA242099
:10550000FEF726FA0023BB614FF48003FB610723FB
:105510003B6200237B620023BB624FF08063FB622F
:105520004FF0A0433B6300237B630023BB63002356
:10553000FB6307F118031946154805F0AFFB00217E
:105540001348FFF7DDF91248FFF7EDF903230022B6
:1055500001210E48FEF720FD0E4A00210B48FEF700
:1055600043FD0D4A01210948FEF73EFD2420FEF7C8
:105570000DFA0748FFF7B4F900BF4037BD4680BDBC
:10558000040C000700080258000402580000024002
:1055900000380040303800402038004080B590B0DE
:1055A00000AF07F118032822002118461EF092FFD1
:1055B0003B4600221A605A609A60DA601A615A61AA
:1055C0006948FEF710FE4FF40040FFF707F902208C
:1055D000FFF7E8F80420FFF7E5F804233B60022317
:1055E0007B600023BB600023FB6000233B6107233B
:1055F0007B613B4619465D4804F0FEFB4FF4406377
:105600003B6002237B600023BB600023FB60002320
:105610003B6106237B613B461946554804F0ECFB91
:105620003D2203215348FEF765FC00220321514827
:10563000FEF756FB002203214E48FEF735FC002200
:1056400003214C48FEF772FB002203214948FEF774
:1056500093FB4FF4806203214648FEF7B3FB002220
:1056600003214448FEF7D4FB002203214148FEF702
:10567000F5FB03213F48FEF76DFC3E2204213D4827
:10568000FEF738FC402204213A48FEF729FB0022AD
:1056900004213848FEF708FC002204213548FEF7B3
:1056A00045FB002204213348FEF766FB4FF480627D
:1056B00004213048FEF786FB002204212D48FEF726
:1056C000A7FB002204212B48FEF7C8FB0421294830
:1056D000FEF740FCFEF72EF9034600220021184693
:1056E000FEF7A2F9034619463320FEF773F933207B
:1056F000FEF72EF90023BB610023FB6107233B6209
:1057000000237B620023BB624FF08063FB620023B7
:105710007B630023BB630023FB6307F11803194677
:10572000154805F0BBFA00211348FFF7E9F81248C5
:10573000FFF709F90323002204210E48FEF72CFC91
:105740000E4A03210B48FEF74FFC0D4A042109487D
:10575000FEF74AFC3320FEF719F90748FFF7C0F8B7
:1057600000BF4037BD4680BD040C0007000402584E
:105770000008025800040240003C0040303C004059
:10578000203C004080B590B000AF07F118032822FC
:10579000002118461EF09EFE3B4600221A605A6009
:1057A0009A60DA601A615A616048FEF71CFD4FF496
:1057B0000050FFF72FF81020FEF7F4FF4FF483534B
:1057C0003B6002237B600323BB600023FB6000235C
:1057D0003B6105237B613B461946554804F00CFBB1
:1057E000532204215348FEF785FB0022042151482F
:1057F000FEF776FA002204214E48FEF755FB002200
:1058000004214C48FEF792FA002204214948FEF791
:10581000B3FA4FF4806204214648FEF7D3FA00221F
:1058200004214448FEF7F4FA002204214148FEF71F
:1058300015FB04213F48FEF78DFB542205213D480E
:10584000FEF758FB402205213A48FEF749FA0022AC
:1058500005213848FEF728FB002205213548FEF7D0
:1058600065FA002205213348FEF786FA4FF480627C
:1058700005213048FEF7A6FA002205212D48FEF743
:10588000C7FA002205212B48FEF7E8FA052129482E
:10589000FEF760FBFEF74EF8034600220021184693
:1058A000FEF7C2F8034619465420FEF793F8542039
:1058B000FEF74EF80023BB614FF48003FB61072322
:1058C0003B6200237B620023BB624FF08063FB627C
:1058D0004FF000533B6300237B630023BB63002333
:1058E000FB6307F118031946134805F0D7F90021A7
:1058F0001148FFF705F81048FFF715F803230022B9
:1059000005210C48FEF748FB0C4A04210948FEF724
:105910006BFB0B4A05210748FEF766FB5420FEF798
:1059200035F800BF4037BD4680BD00BF04100007FA
:1059300000100258000002400034014030340140A1
:105940002034014080B594B000AF07F13C03002241
:105950001A605A609A60DA601A6107F11C0320220B
:10596000002118461EF0B6FD3B1D00221A605A6049
:105970009A60DA601A615A610220FEF72FFF4FF435
:10598000F073BB8700233B644FF4FA737B640023FE
:10599000BB6407F13C031946204805F08FFA1F4805
:1059A000FEF7E1FF00211D48FFF78EF810211B488C
:1059B000FFF73AF86023FB6100233B6200237B6220
:1059C0000023BB620023FB6207F11C031A4610216F
:1059D000124805F007FB10211048FEF7D5FF002103
:1059E0000E48FFF787F80D48FFF7AAF80120FEF7E9
:1059F000D9FE80237B600223BB600023FB60002371
:105A00003B6100237B610223BB613B1D19460448B7
:105A100004F0F2F900BF5037BD4680BD00040040DD
:105A20000000025880B586B000AF3B1D00221A600E
:105A30005A609A60DA601A610220FEF7EBFE0023DA
:105A4000BB800023BB6043F69823FB6000233B61CF
:105A500000237B613B1D19460C4805F02FFA0B48CB
:105A6000FEF781FF00210948FFF72EF820210748A3
:105A7000FFF740F800210548FFF74FF80348FFF70C
:105A80005FF800BF1837BD4680BD00BF000401406D
:105A900080B586B000AF3B1D00221A605A609A6044
:105AA000DA601A614FF48020FEF7B4FEFDF742FF82
:105AB0000346002200211846FDF7B6FF03461946AB
:105AC0007620FDF787FF7620FDF742FF45F6C053AD
:105AD000BB800023BB6044F62063FB6000233B6176
:105AE00000237B613B1D1946044805F0E7F9034894
:105AF000FEF739FF00BF1837BD4680BD00480140A2
:105B000080B58EB000AF07F118032022002118469F
:105B10001EF0E0FC3B4600221A605A609A60DA6090
:105B20001A615A614348FEF753FB4FF40020FEF719
:105B300055FE0220FEF736FE0820FEF733FE4FF436
:105B400080433B6002237B600023BB600023FB603B
:105B500000233B6108237B613B461946364804F02D
:105B60004BF903233B6002237B600023BB600023CF
:105B7000FB6000233B6108237B613B4619462F48AD
:105B800004F03AF9FDF7D6FE03460022002118463C
:105B9000FDF74AFF034619463420FDF71BFF34206A
:105BA000FDF7D6FE0023BB61254BFB6100233B6262
:105BB00000237B620023BB620C23FB6200233B6358
:105BC00000237B6307F1180319461E4805F0C4FD46
:105BD0001C48FFF75BF800211A48FFF767F801211E
:105BE0001848FFF73FF801211648FFF727F8154836
:105BF000FEF7C6FF04211348FEF7D2FF012111482A
:105C0000FEF7F5FF0F48FFF764F80E48FEF7A8FF10
:105C100000BF0C48FFF773F80346002BF9D0094882
:105C2000FFF781F80346002BF3D000BF00BF3837E1
:105C3000BD4680BD0800000700040258000C025851
:105C4000C0C62D00004C004080B58EB000AF07F1FB
:105C500018032022002118461EF03CFC3B4600227F
:105C60001A605A609A60DA601A615A614348FEF716
:105C7000AFFA4FF48010FEF7B1FD0420FEF792FD5D
:105C80000220FEF78FFD4FF480733B6002237B60A0
:105C90000023BB600023FB6000233B6108237B6182
:105CA0003B461946364804F0A7F860233B600223C0
:105CB0007B600023BB600023FB6000233B610E235D
:105CC0007B613B4619462F4804F096F8FDF732FEFB
:105CD0000346002200211846FDF7A6FE034619469A
:105CE0003520FDF777FE3520FDF732FE0023BB613E
:105CF000254BFB6100233B6200237B620023BB62D8
:105D00000C23FB6200233B6300237B6307F1180332
:105D100019461E4805F020FD1C48FEF7B7FF00217C
:105D20001A48FEF7C3FF01211848FEF79BFF012127
:105D30001648FEF783FF1548FEF722FF042113489B
:105D4000FEF72EFF01211148FEF751FF0F48FEF725
:105D5000C0FF0E48FEF704FF00BF0C48FEF7CFFF60
:105D60000346002BF9D00948FEF7DDFF0346002B60
:105D7000F3D000BF00BF3837BD4680BD0800000724
:105D80000008025800040258C0C62D000050004010
:105D900080B58EB000AF07F118032022002118460D
:105DA0001EF098FB3B4600221A605A609A60DA6047
:105DB0001A615A613948FEF70BFA4FF08040FEF73E
:105DC0000DFD1020FEF7EEFC4FF460733B600223E4
:105DD0007B600023BB600023FB6000233B61072343
:105DE0007B613B4619462E4804F006F8FDF7A2FDFC
:105DF0000346002200211846FDF716FE0346194609
:105E00005220FDF7E7FD5220FDF7A2FD0023BB6104
:105E1000244BFB6100233B6200237B620023BB62B7
:105E20000C23FB6200233B6300237B6307F1180311
:105E300019461D4805F090FC1B48FEF727FF00217E
:105E40001948FEF733FF01211748FEF70BFF012128
:105E50001548FEF7F3FE1448FEF792FE042112489F
:105E6000FEF79EFE01211048FEF7C1FE0E48FEF728
:105E700030FF0D48FEF774FE00BF0B48FEF73FFFF2
:105E80000346002BF9D00848FEF74DFF0346002BD0
:105E9000F3D000BF00BF3837BD4680BD0800000703
:105EA00000100258C0C62D000078004080B58EB0AA
:105EB00000AF07F118032022002118461EF00AFB4C
:105EC0003B4600221A605A609A60DA601A615A6191
:105ED0004348FEF77DF94FF00040FEF77FFC0820B5
:105EE000FEF760FC1020FEF75DFC4FF400433B60C2
:105EF00002237B600023BB600023FB6000233B6127
:105F000008237B613B461946364803F075FF03239F
:105F10003B6002237B600023BB600023FB60002307
:105F20003B6108237B613B4619462F4803F064FF21
:105F3000FDF700FD0346002200211846FDF774FD21
:105F4000034619465320FDF745FD5320FDF700FD9C
:105F50000023BB61254BFB6100233B6200237B6276
:105F60000023BB620C23FB6200233B6300237B63A3
:105F700007F1180319461E4805F0EEFB1C48FEF712
:105F800085FE00211A48FEF791FE01211848FEF710
:105F900069FE01211648FEF751FE1548FEF7F0FD97
:105FA00004211348FEF7FCFD01211148FEF71FFEF6
:105FB0000F48FEF78EFE0E48FEF7D2FD00BF0C48DC
:105FC000FEF79DFE0346002BF9D00948FEF7ABFE15
:105FD0000346002BF3D000BF00BF3837BD4680BD5D
:105FE00008000007000C025800100258C0C62D001F
:105FF000007C004080B58EB000AF07F1180320226E
:10600000002118461EF066FA3B4600221A605A60CC
:106010009A60DA601A615A615F48FEF7D9F8102079
:10602000FEF7F8FB0120FEF7BDFB4FF4C0633B60B9
:1060300002237B600023BB600023FB6000233B61E5
:1060400007237B613B461946544803F0D5FE2922BD
:1060500000215348FDF74EFF002200215048FDF774
:106060003FFE002200214E48FDF71EFF00220021C6
:106070004B48FDF75BFE002200214948FDF77CFEFE
:106080004FF4806200214648FDF79CFE002200216B
:106090004348FDF7BDFE002200214148FDF7DEFE2A
:1060A00000213F48FDF756FF2A2201213C48FDF719
:1060B00021FF402201213A48FDF712FE0022012172
:1060C0003748FDF7F1FE002201213548FDF72EFE8D
:1060D000002201213248FDF74FFE4FF4806201217A
:1060E0002F48FDF76FFE002201212D48FDF790FE9D
:1060F000002201212A48FDF7B1FE01212848FDF7C1
:1061000029FFFDF717FC0346002200211846FDF782
:106110008BFC034619462520FDF75CFC2520FDF786
:1061200017FC0023BB611F4BFB614FF480533B62A4
:1061300000237B624FF48063BB620C23FB6200236D
:106140003B6300237B6307F118031946164805F0EB
:1061500003FB00211448FEF723FD01211248FEF73E
:1061600046FD1148FEF70CFD0F48FEF7B2FD0E4844
:10617000FEF7F6FC00BF0C48FEF7C1FD0346002BFE
:10618000F9D00948FEF7CFFD0346002BF3D000BF3E
:1061900000BF3837BD4680BD080300070000025825
:1061A00000040240D01213000010014080B58EB0F0
:1061B00000AF07F118032022002118461EF08AF9CB
:1061C0003B4600221A605A609A60DA601A615A618E
:1061D0003948FDF7FDFF4FF40030FEF7FFFA0120CC
:1061E000FEF7E0FA0E233B6002237B600023BB60D6
:1061F0000023FB6000233B6107237B613B4619467C
:106200002E4803F0F9FDFDF795FB0346002200211F
:106210001846FDF709FC034619462620FDF7DAFB70
:106220002620FDF795FB0023BB61254BFB61002376
:106230003B6200237B620023BB620C23FB620023D2
:106240003B6300237B6307F1180319461D4805F0E3
:1062500083FA04211B48FEF7A3FC01211948FEF72D
:10626000C6FC1848FEF712FD00211648FEF71EFD79
:1062700001211448FEF7F6FC01211248FEF7DEFC6E
:106280001048FEF77DFC0F48FEF723FD0D48FEF792
:1062900067FC00BF0B48FEF732FD0346002BF9D028
:1062A0000848FEF740FD0346002BF3D000BF00BFB7
:1062B0003837BD4680BD00BF080000070000025807
:1062C000C0C62D000044004080B58EB000AF07F17D
:1062D00018032022002118461EF0FCF83B4600223D
:1062E0001A605A609A60DA601A615A616648FDF76E
:1062F0006FFF4FF48020FEF771FA0820FEF752FA84
:106300004FF498533B6002237B600023BB60002363
:10631000FB6000233B6107237B613B4619465B48DA
:1063200003F06AFD2D2206215948FDF7E3FD002206
:1063300006215748FDF7D4FC002206215448FDF7FA
:10634000B3FD002206215248FDF7F0FC0022062191
:106350004F48FDF711FD4FF4806206214C48FDF7D0
:1063600031FD002206214A48FDF752FD0022062198
:106370004748FDF773FD06214548FDF7EBFD2E224A
:1063800007214348FDF7B6FD402207214048FDF7AD
:10639000A7FC002207213E48FDF786FD00220721C9
:1063A0003B48FDF7C3FC002207213948FDF7E4FC18
:1063B0004FF4806207213648FDF704FD00220721D3
:1063C0003348FDF725FD002207213148FDF746FD42
:1063D00007212F48FDF7BEFDFDF7ACFA034600226A
:1063E00000211846FDF720FB034619462720FDF73C
:1063F000F1FA2720FDF7ACFA0023BB61254BFB61C6
:1064000000233B6200237B620023BB620C23FB6200
:1064100000233B6300237B6307F1180319461E48E2
:1064200005F09AF904211C48FEF7BAFB01211A482D
:10643000FEF7DDFB1848FEF729FC00211648FEF7A1
:1064400035FC01211448FEF70DFC01211248FEF72E
:10645000F5FB1148FEF794FB0F48FEF73AFC0E4897
:10646000FEF77EFB00BF0C48FEF749FC0346002BFD
:10647000F9D00948FEF757FC0346002BF3D000BFC4
:1064800000BF3837BD4680BD08000007000C025829
:1064900000000240C0C62D000048004080B58EB00C
:1064A00000AF07F118032022002118461EF012F851
:1064B0003B4600221A605A609A60DA601A615A619B
:1064C0003148FDF785FE2020FEF7A4F90420FEF7F1
:1064D00069F9C0233B6002237B600023BB6000237B
:1064E000FB6000233B6107237B613B46194627483D
:1064F00003F082FCFDF71EFA034600220021184635
:10650000FDF792FA034619464720FDF763FA472044
:10651000FDF71EFA0023BB614FF41653FB61002305
:106520003B6200237B620023BB620C23FB620023DF
:106530003B6300237B6307F118031946144805F0F9
:106540000BF900211248FEF72BFB00211048FEF743
:106550004EFB0F48FEF714FB0D48FEF7BAFB0C4844
:10656000FEF7FEFA00BF0A48FEF7C9FB0346002B00
:10657000F9D00748FEF7D7FB0346002BF3D000BF46
:1065800000BF3837BD4680BD080300070008025829
:106590000014014080B500AF0120FEF7E7F80220AB
:1065A000FEF7E4F8FDF7C6F903460022002118467D
:1065B000FDF73AFA034619463B20FDF70BFA3B205C
:1065C000FDF7C6F900BF80BD80B586B000AF3B4681
:1065D00000221A605A609A60DA601A615A611020CB
:1065E000FEF7E0F88020FEF7DDF80420FEF7DAF889
:1065F0000120FEF7D7F80220FEF7D4F80820FEF7B6
:10660000D1F810215F48FEF7A2FB10215E48FEF78B
:106610009EFB4FF400615D48FEF799FB4FF400715B
:106620005B48FEF794FB4FF400715A48FEF78FFB6E
:106630004FF480615348FEF798FB4FF400415248F5
:10664000FEF793FB4FF480715248FEF78EFB102348
:106650003B6001237B600323BB600023FB600023BE
:106660003B613B461946474803F0C6FB10233B609D
:1066700001237B600323BB600023FB6000233B619D
:106680003B461946404803F0B7FB4FF480633B603C
:1066900001237B600023BB600023FB6000233B6180
:1066A0003B461946374803F0A7FB4FF484533B6041
:1066B00000237B6001233B613B461946354803F0CC
:1066C0009BFB4FF480633B6000237B6001233B61B5
:1066D0003B4619462D4803F08FFB4FF400633B60A7
:1066E00001237B600023BB600023FB6000233B6130
:1066F0003B461946254803F07FFB4FF400733B608F
:1067000001237B600223BB600023FB6000233B610D
:106710003B4619461E4803F06FFB4FF400433B60B5
:1067200001237B600023BB600023FB6000233B61EF
:106730003B461946144803F05FFB4FF480733B60FF
:1067400001237B600023BB600023FB6000233B61CF
:106750003B4619460F4803F04FFB4FF400733B6074
:1067600001237B600323BB600023FB6000233B61AC
:106770003B461946074803F03FFB00BF1837BD46AC
:1067800080BD00BF0010025800000258000C0258E3
:10679000000802580004025880B400AF72B600BF6F
:1067A000FEE7000080B582B000AF154BD3F8F4309F
:1067B000134A43F00203C2F8F430114BD3F8F4301B
:1067C00003F002037B607B680D4BD3F8F4300C4A76
:1067D00043F40043C2F8F430094BD3F8F43003F427
:1067E00000433B603B68002000F076FA00F09CFA22
:1067F000002000F085FA00BF0837BD4680BD00BF0D
:106800000044025880B400AFFEE780B400AFFEE75A
:1068100080B400AFFEE780B400AFFEE780B400AF05
:10682000FEE780B400AF00BFBD465DF8047B704753
:1068300080B400AF00BFBD465DF8047B704780B4F4
:1068400000AF00BFBD465DF8047B704780B500AF68
:10685000044B1B680133034A136000F0F9F900BFD1
:1068600080BD00BF4807032480B500AF024801F097
:106870003EFE00BF80BD00BFF410032480B400AF13
:1068800001231846BD465DF8047B704780B582B091
:1068900000AF786039601DF0D5FD034616221A60FE
:1068A0004FF0FF3318460837BD4680BD80B582B033
:1068B00000AF78604FF0FF317868FFF7E7FFFEE741
:1068C00080B586B000AFF860B9607A6000237B6164
:1068D0000AE0AFF300800146BB685A1CBA60CAB236
:1068E0001A707B6901337B617A697B689A42F0DBBD
:1068F0007B6818461837BD4680BD80B586B000AFAE
:10690000F860B9607A6000237B6109E0BB685A1CBB
:10691000BA601B781846AFF300807B6901337B6156
:106920007A697B689A42F1DB7B6818461837BD4666
:1069300080BD80B483B000AF78604FF0FF3318465D
:106940000C37BD465DF8047B704780B483B000AF60
:10695000786039603B684FF400525A600023184653
:106960000C37BD465DF8047B704780B483B000AF40
:106970007860012318460C37BD465DF8047B7047EC
:1069800080B485B000AFF860B9607A600023184623
:106990001437BD465DF8047B7047000080B586B0B3
:1069A00000AF7860144A154BD31A7B617B693B6159
:1069B000134B1B68002B02D1114B124A1A60104B6B
:1069C0001A687B6813443A699A4207D21DF03AFD6F
:1069D00003460C221A604FF0FF3309E0084B1B6896
:1069E000FB60074B1A687B681344054A1360FB6819
:1069F00018461837BD4680BD000002200008000080
:106A000004DF02240000002080B400AF374BD3F82D
:106A10008830364A43F47003C2F88830344B1B6820
:106A200003F00F03062B07D8314B1B6823F00F032D
:106A30002F4A43F0070313602E4B1B682D4A43F087
:106A4000010313602B4B00221A612A4B1A68294953
:106A5000294B13400B60264B1B6803F00803002BE7
:106A600007D0234B1B6823F00F03214A43F0070391
:106A70001360204B00229A611E4B0022DA611D4BED
:106A800000221A621B4B1D4A9A621A4B1C4ADA6298
:106A9000184B1C4A1A63174B00225A63154B194AAC
:106AA0009A63144B0022DA63124B164A1A64114B94
:106AB00000225A640F4B1B680E4A23F48023136094
:106AC0000C4B00221A66104B1A68104B1340B3F19E
:106AD000005F02D20E4B01221A600E4B43F2D2022B
:106AE0001A6000BFBD465DF8047B704700ED00E012
:106AF00000200052004402587FEDF6EA0002020234
:106B00000000FF01800201010010005C0000FFFF97
:106B10000881005100400052DFF834D0FFF774FFC5
:106B20000C480D490D4A002302E0D458C4500433E8
:106B3000C4188C42F9D30A4A0A4C002301E01360BE
:106B40000432A242FBD31DF083FCFEF71DF970470F
:106B500000000220000000241C020024303D040834
:106B6000200200240C150324FEE7000080B582B04B
:106B700000AF032000F0CCF902F042FD0246154BB5
:106B80009B691B0A03F00F031349CB5C03F01F033F
:106B900022FA03F37B600F4B9B6903F00F030E4A4D
:106BA000D35C03F01F037A6822FA03F30B4A1360E5
:106BB0000B4A7B681360002000F014F80346002B9A
:106BC00001D0012302E0FFF7EDFD0023184608374E
:106BD000BD4680BD0044025890750208180000248C
:106BE0001400002480B582B000AF7860154B1B788C
:106BF000002B01D1012321E0134B1A68114B1B78A4
:106C000019464FF47A73B3FBF1F3B2FBF3F3184672
:106C100000F0B1F90346002B01D001230EE07B68A0
:106C20000F2B0AD8002279684FF0FF3000F07BF973
:106C3000064A7B681360002300E0012318460837EA
:106C4000BD4680BD20000024140000241C00002448
:106C500080B400AF064B1B781A46064B1B681344E2
:106C6000044A136000BFBD465DF8047B704700BF57
:106C700020000024040B032480B400AF034B1B68E6
:106C80001846BD465DF8047B704700BF040B032423
:106C900080B584B000AF7860FFF7EEFFB8607B6826
:106CA000FB60FB68B3F1FF3F05D00A4B1B781A4627
:106CB000FB681344FB6000BFFFF7DEFF0246BB68C2
:106CC000D31AFA689A42F7D800BF00BF1037BD4602
:106CD00080BD00BF2000002480B483B000AF786086
:106CE000064B1B6823F0700204497B6813430B605A
:106CF00000BF0C37BD465DF8047B7047003C005870
:106D000080B483B000AF7860064B1B6823F00202AA
:106D100004497B6813430B6000BF0C37BD465DF828
:106D2000047B7047003C005880B582B000AF0F4B29
:106D30001B680E4A43F001031360FFF79DFF786064
:106D400008E0FFF799FF02467B68D31A0A2B01D9A6
:106D5000032306E0054B1B6803F00803002BF0D06B
:106D6000002318460837BD4680BD00BF003C0058D0
:106D700080B485B000AF78607B6803F00703FB60E8
:106D80000B4BDB68BB60BA684FF6FF031340BB6078
:106D9000FB681A02BB681A43064B1343BB60044AE4
:106DA000BB68D36000BF1437BD465DF8047B7047F5
:106DB00000ED00E00000FA0580B400AF044BDB6892
:106DC0001B0A03F007031846BD465DF8047B7047B5
:106DD00000ED00E080B483B000AF0346FB80B7F95C
:106DE0000630002B0BDBFB8803F01F020749B7F9C5
:106DF00006305B09012000FA02F241F8232000BFAF
:106E00000C37BD465DF8047B704700BF00E100E031
:106E100080B483B000AF03463960FB80B7F9063019
:106E2000002B0ADB3B68DAB20C49B7F906301201D5
:106E3000D2B20B4483F800230AE03B68DAB2084977
:106E4000FB8803F00F03043B1201D2B20B441A7605
:106E500000BF0C37BD465DF8047B704700E100E0E1
:106E600000ED00E080B489B000AFF860B9607A60EE
:106E7000FB6803F00703FB61FB69C3F10703042B05
:106E800028BF0423BB61FB690433062B02D9FB69CD
:106E9000033B00E000237B614FF0FF32BB6902FA45
:106EA00003F3DA43BB681A407B699A404FF0FF3125
:106EB0007B6901FA03F3D9437B680B4013431846FF
:106EC0002437BD465DF8047B7047000080B582B072
:106ED00000AF78607B68013BB3F1807F01D3012371
:106EE0000FE00A4A7B68013B53600F214FF0FF30EF
:106EF000FFF78EFF054B00229A60044B07221A60B1
:106F0000002318460837BD4680BD00BF10E000E0F2
:106F100080B582B000AF78607868FFF729FF00BFC6
:106F20000837BD4680BD80B586B000AF0346B96066
:106F30007A60FB81FFF740FF78617A68B968786909
:106F4000FFF790FF0246B7F90E3011461846FFF7DB
:106F50005FFF00BF1837BD4680BD80B582B000AF6F
:106F60000346FB80B7F906301846FFF733FF00BF32
:106F70000837BD4680BD80B582B000AF78607868C4
:106F8000FFF7A4FF034618460837BD4680BD000042
:106F900080B58AB000AFF860B9607A60BB683B62C8
:106FA0007B68FB610823FB75404B1B7D012B01D1E6
:106FB000022376E03D4B01221A75BB68B3F1006FE6
:106FC00006D3BB68B3F1016F02D20123BB610CE0B1
:106FD000BB68B3F1016F06D3BB68B3F1026F02D295
:106FE0000223BB6101E001235BE0304B00229A6188
:106FF000B9694CF2503000F0EBF8034687F82730BF
:1070000097F82730002B47D1BB69012B06D1284BBD
:10701000DB68274A43F00203D36007E0244BD3F830
:107020000C31234A43F00203C2F80C31BFF36F8FD7
:1070300000BFBFF34F8F00BFFB691A683B6A1A603D
:107040003B6A04333B62FB690433FB61FB7D013B1C
:10705000FB75FB7D002BEFD1BFF36F8F00BFBFF33C
:107060004F8F00BFB9694CF2503000F0B1F80346C1
:1070700087F82730BB69012B06D10D4BDB680C4A22
:1070800023F00203D36007E0094BD3F80C31084A20
:1070900023F00203C2F80C31044B00221A7597F852
:1070A000273018462837BD4680BD00BF080B032493
:1070B0000020005280B400AF184BDB6803F00103DE
:1070C000002B0DD0154B164A5A60144B154A5A60C6
:1070D000124BDB6803F00103002B01D0012318E001
:1070E0000E4BD3F80C3103F00103002B10D00B4BE7
:1070F0000B4AC3F80421094B0A4AC3F80421074B81
:10710000D3F80C3103F00103002B01D0012300E080
:1071100000231846BD465DF8047B704700200052EE
:1071200023016745AB89EFCD80B400AF0C4B9B6961
:1071300003F00103002B0DD0094B0A4A9A60084B5B
:10714000094A9A60064B9B6903F00103002B01D0AA
:10715000012300E000231846BD465DF8047B70471C
:10716000002000523B2A19087F6E5D4C80B582B02A
:1071700000AF01214CF2503000F002F90346002B21
:1071800002D00123FB710CE002214CF2503000F0E0
:10719000F7F80346002B02D00123FB7101E0002326
:1071A000FB71FB79002B0BD1084B9B69074A43F01D
:1071B000020393614CF2503000F0A6F80346FB71D5
:1071C000FB7918460837BD4680BD00BF002000523D
:1071D00080B586B000AF7860396004237B610023FE
:1071E0003B61FFF749FDF8603B68022B13D1414B2F
:1071F0007B6110E07B68B3F1FF3F0CD0FFF73CFDF3
:107200000246FB68D31A7A689A4202D37B68002B45
:1072100001D103236AE07A69374B13407A699A42B5
:107220000AD1364B1A697B6913407A699A420CBFBE
:1072300001230023DBB20CE0304BD3F81031DA43EA
:107240007B69134023F00043002B0CBF0123002374
:10725000DBB2002BCED13B68012B05D1274B1A693D
:10726000274B13403B6107E0244BD3F81021244BFC
:10727000134043F000433B613B6923F00043002B84
:1072800017D0204B9A693B6913431E4A93613A69B0
:10729000194B13403A699A4203D1184A3B6953612A
:1072A00005E0164A3B6923F00043C2F8143101237C
:1072B0001CE03B68012B0BD1104B1B6903F480339E
:1072C000B3F5803F11D10D4B4FF480325A610CE081
:1072D0000A4BD3F8103103F48033B3F5803F04D167
:1072E000064B4FF48032C3F8142100231846183798
:1072F000BD4680BD040000800F00EF1F002000523B
:107300000000EE17080B032480B584B000AF78604E
:10731000FFF7B2FCF86010E07B68B3F1FF3F0CD0E0
:10732000FFF7AAFC0246FB68D31A7A689A4202D396
:107330007B68002B01D103231AE00F4BDB6903F0BC
:107340000103002BE8D10C4BDB6903F08043002BD9
:107350000DD00A4B9B6943F08043084A9361064B6A
:107360005B6A054A43F080435362012300E0002337
:1073700018461037BD4680BD00200052080B03247C
:1073800080B584B000AF78603960FFF775FCB860F5
:107390003B68012B02D10823FB6013E0314BFB60FB
:1073A00010E07B68B3F1FF3F0CD0FFF765FC0246AD
:1073B000BB68D31A7A689A4202D37B68002B01D14A
:1073C00003234BE0FA68284B1340FA689A420AD12B
:1073D000264B1A69FB681340FA689A420CBF0123D6
:1073E0000023DBB20CE0214BD3F81031DA43FB6809
:1073F000134023F00043002B0CBF01230023DBB21A
:10740000002BCED13B68012B12D1184B1B6903F026
:107410008053B3F1805F20D1154B9B6943F08053BB
:10742000134A9361114B4FF080525A61012315E0CA
:107430000E4BD3F8103103F08053B3F1805F0CD1C1
:107440000B4B9B6943F01043094A9361074B4FF084
:107450008052C3F81421012300E00023184610379E
:10746000BD4680BD080000800F00EF1F00200052C5
:10747000080B032480B584B000AF78603960002326
:10748000FB735E4B1B7D012B01D10223B2E05B4BF2
:1074900001221A75594B00229A617B685B6803F0E0
:1074A0000103002B09D001214CF25030FFF790FE70
:1074B0000346002B01D00123FB737B685B6803F05C
:1074C0000203002B09D002214CF25030FFF780FE5E
:1074D0000346002B01D00123FB73FB7B002B40F004
:1074E00085807B681B68012B36D17B681A697B68B5
:1074F0005B681946104600F087F97B685B6803F00B
:107500000103002B0FD001214CF25030FFF760FE39
:107510000346002B01D00123FB73394BDB68384A4B
:1075200023F00803D3607B685B6803F00203002B41
:107530005CD002214CF25030FFF74AFE0346002B8C
:1075400001D00123FB732E4BD3F80C312C4A23F0CE
:107550000803C2F80C3149E03B684FF0FF321A6073
:107560007B689B68BB6039E07B6859687B681B69F6
:107570001A46B86800F0B2F97B685B6803F0010353
:10758000002B0CD001214CF25030FFF721FE0346B6
:10759000FB731B4BDA681A491A4B1340CB607B68AC
:1075A0005B6803F00203002B0ED002214CF2503036
:1075B000FFF70EFE0346FB73114BD3F80C21104965
:1075C000104B1340C1F80C31FB7B002B03D03B6800
:1075D000BA681A600AE0BB680133BB607B68DA688E
:1075E0007B689B681344BA689A42BDD3034B002260
:1075F0001A75FB7B18461037BD4680BD080B032467
:1076000000200052FBF8FFFF80B584B000AF786027
:107610004E4B1B7D012B01D1022392E04B4B0122EB
:107620001A754A4B00229A6101214CF25030FFF743
:10763000CFFD0346002B02D00123FB730CE0022197
:107640004CF25030FFF7C4FD0346002B02D001235B
:10765000FB7301E00023FB73FB7B002B6DD17B6888
:107660001B6803F00103002B14D07B685B68012BBF
:1076700008D17B689A687B68DB691946104600F080
:107680006BF907E07B689A687B68DB6919461046EE
:1076900000F08CF97B681B6803F00203002B04D018
:1076A0007B68DB68184600F0D7F97B681B6803F03D
:1076B0000403002B07D07B685A697B689B691946D5
:1076C000104600F0F9F97B681B6803F00803002BF3
:1076D00009D07B68186A7B68596A7B689A6A7B68FC
:1076E000DB6900F0A1FA7B681B6803F01003002B34
:1076F00004D07B681B69184600F00EFB7B681B6892
:1077000003F04003002B08D07B68D86A7B68196BB4
:107710007B685B6B1A4600F021FB7B681B6803F0FB
:107720002003002B09D07B68986B7B68D96B7B6842
:107730001A6C7B68DB6900F057FB044B00221A755A
:10774000FB7B18461037BD4680BD00BF080B0324E5
:1077500080B582B000AF78607B6816221A6000F0B6
:107760008FF902467B68DA6000F048FA02467B68CF
:107770009A6100F0E5FA02467B681A617B68DB6972
:10778000012B03D07B68DB69022B29D17B681B6846
:1077900043F029027B681A607B68181D7B6803F13F
:1077A00008017B68DB691A4600F028F97B6803F161
:1077B00020007B6803F124017B6803F128027B68C9
:1077C000DB6900F067FA7B6803F138007B6803F13E
:1077D0003C017B6803F140027B68DB6900F03EFB03
:1077E0007B6803F130027B6834331946104600F0A1
:1077F000DFFA7B681B6843F040027B681A6000BFB9
:107800000837BD4680BD000080B483B000AF78600B
:1078100039603B6803F00303032B22D12E4BDB6856
:107820002D4A23F03003D3602B4BD3F80C312A4A76
:1078300023F03003C2F80C31274BDA6826497B6805
:107840001343CB60244BD3F80C2123497B681343AB
:10785000C1F80C31204B9B691F4A43F01003936120
:1078600033E03B6803F00103002B11D01A4BDB68B7
:10787000194A23F03003D360174BDA6816497B6846
:107880001343CB60144BDB68134A43F08803D36087
:107890003B6803F00203002B17D00F4BD3F80C31D9
:1078A0000D4A23F03003C2F80C310B4BD3F80C21F6
:1078B00009497B681343C1F80C31074BD3F80C31ED
:1078C000054A43F08803C2F80C3100BF0C37BD46AF
:1078D0005DF8047B704700BF0020005280B485B083
:1078E00000AFF860B9607A60BB6803F00103002B59
:1078F00010D0184BDB68174A23F4E663D360154BAE
:10790000DA68FB6819027B680B431343114A43F0A2
:107910008403D360BB6803F00203002B14D00D4B2B
:10792000D3F80C310B4A23F4E663C2F80C31094B4F
:10793000D3F80C21FB6819027B680B431343054AFB
:1079400043F08403C2F80C3100BF1437BD465DF824
:10795000047B70470020005280B483B000AF786091
:1079600039603B6803F00103002B07D00E4BDA6B44
:107970007B68DBB2DB430C491340CB633B6803F00D
:107980000203002B09D0084BD3F83C217B68DBB203
:10799000DB4305491340C1F83C3100BF0C37BD46FD
:1079A0005DF8047B704700BF0020005280B483B0B4
:1079B00000AF786039603B6803F00103002B06D00C
:1079C0000D4BDA6B7B68DBB20B491343CB633B682F
:1079D00003F00203002B08D0074BD3F83C217B684F
:1079E000DBB205491343C1F83C3100BF0C37BD463B
:1079F0005DF8047B704700BF0020005280B487B060
:107A000000AFF860B9607A6000237B617B68012B6E
:107A100002D1104B9B6B7B617B68022B03D10D4B1A
:107A2000D3F838317B617B69DB43DAB2BB681A601B
:107A3000BB681B68002B03D1FB6800221A6002E0C0
:107A4000FB6801221A6000BF1C37BD465DF8047B4D
:107A5000704700BF0020005280B483B000AF786050
:107A6000064B1B6A23F47F4204497B6813430B6275
:107A700000BF0C37BD465DF8047B70470020005204
:107A800080B483B000AF0B4BDB6903F47F437B60B2
:107A90007B68B3F52A4F06D07B68B3F54C4F02D014
:107AA0004FF4AA4300E07B6818460C37BD465DF8EA
:107AB000047B70470020005280B485B000AF78602E
:107AC00039600023FB600023BB607B6803F0010387
:107AD000002B09D03B6803F01003FA681343FB60E6
:107AE000BB6843F01003BB607B6803F00203002B0C
:107AF00009D03B6803F04003FA681343FB60BB689E
:107B000043F04003BB607B6803F00403002B09D003
:107B10003B6803F08003FA681343FB60BB6843F0E3
:107B20008003BB607B6803F00803002B09D03B682F
:107B300003F40033FA681343FB60BB6843F400337B
:107B4000BB607B6803F01003002B09D03B6803F493
:107B50008023FA681343FB60BB6843F48023BB6057
:107B60007B6803F02003002B09D03B6803F4C013AB
:107B7000FA681343FB60BB6843F4C013BB607B68C7
:107B800003F04003002B09D03B6803F40013FA68AC
:107B90001343FB60BB6843F40013BB607B6803F4D2
:107BA0008073002B09D03B6803F00043FA6813434D
:107BB000FB60BB6843F00043BB607B6803F080035D
:107BC000002B09D03B6803F00053FA681343FB60B5
:107BD000BB6843F00053BB60074B1A6ABB68DB43CA
:107BE0001A400549FB6813430B6200BF1437BD46BA
:107BF0005DF8047B704700BF0020005280B483B062
:107C000000AF074BDB697B607A68064B13407B60F3
:107C10007B6818460C37BD465DF8047B704700BF93
:107C200000200052F300FFFF80B485B000AFF86081
:107C3000B9607A603B603B6803F00103002B0DD014
:107C4000BB6803F178431A0A7B6803F178431B0A87
:107C50001B041A430E49FB681343CB623B6803F0D5
:107C60000203002B0ED0BB68A3F101631A0A7B68E4
:107C7000A3F101631B0A1B041A430549FB68134364
:107C8000C1F82C3100BF1437BD465DF8047B704746
:107C90000020005280B487B000AFF860B9607A600D
:107CA0003B6000237B6100233B613B68012B05D1D6
:107CB000174B9B6A7B614FF000633B613B68022B73
:107CC00006D1134BD3F828317B614FF001633B6140
:107CD0007B6903F00042FB681A607B691A020D4B56
:107CE00013403A691A44BB681A607B691B0CC3F3E2
:107CF0000B027B681A607B681B681A023B691A4496
:107D00007B681A6000BF1C37BD465DF8047B704776
:107D10000020005200FF0F0080B483B000AF7860F5
:107D2000064B1B6A23F00C0204497B6813430B6269
:107D300000BF0C37BD465DF8047B70470020005241
:107D400080B400AF044BDB6903F00C031846BD465A
:107D50005DF8047B704700BF0020005280B485B0FE
:107D600000AFF860B9607A60FB6803F00103002B94
:107D700008D00D4B5A6C0D4B1340BA68120C0A49CF
:107D800013434B64FB6803F00203002B06D0064B41
:107D90005B6C9AB204497B6813434B6400BF143791
:107DA000BD465DF8047B7047002000520000FFFFD5
:107DB00080B485B000AF78603960094B1B6CFB6004
:107DC000FB681A047B681A60FA68064B13403A682D
:107DD000136000BF1437BD465DF8047B704700BFD9
:107DE000002000520000FFFF80B485B000AFF860B3
:107DF000B9607A603B603B6803F00103002B0FD051
:107E0000BB6803F178431A0A7B6803F178431B0AC5
:107E10001B041A43FB6803F000430F4913434B63F1
:107E20003B6803F00203002B10D0BB68A3F1016391
:107E30001A0A7B68A3F101631B0A1B041A43FB683F
:107E400003F0004304491343C1F8343100BF143731
:107E5000BD465DF8047B70470020005280B487B0B7
:107E600000AFF860B9607A603B6000237B6100235B
:107E70003B613B68012B05D1174B1B6B7B614FF0BE
:107E800000633B613B68022B06D1134BD3F83031C2
:107E90007B614FF001633B617B6903F00042FB684B
:107EA0001A607B691A020D4B13403A691A44BB6889
:107EB0001A607B691B0CC3F30B027B681A607B683A
:107EC0001B681A023B691A447B681A6000BF1C37A2
:107ED000BD465DF8047B70470020005200FF0F0094
:107EE00080B489B000AF786039600023FB61894BB2
:107EF0007B6194E13B681A680121FB6901FA03F395
:107F000013403B613B69002B00F086813B685B6856
:107F100003F00303012B05D03B685B6803F0030308
:107F2000022B30D17B689B68BB61FB695B0003223D
:107F300002FA03F3DB43BA691340BB613B68DA68BA
:107F4000FB695B0002FA03F3BA691343BB617B6808
:107F5000BA699A607B685B68BB610122FB6902FABF
:107F600003F3DB43BA691340BB613B685B681B09E1
:107F700003F00102FB6902FA03F3BA691343BB6120
:107F80007B68BA695A603B685B6803F00303032BA4
:107F900017D07B68DB68BB61FB695B00032202FAD8
:107FA00003F3DB43BA691340BB613B689A68FB6922
:107FB0005B0002FA03F3BA691343BB617B68BA69D9
:107FC000DA603B685B6803F00303022B23D1FB6993
:107FD000DA087B68083253F82230BB61FB6903F092
:107FE00007039B000F2202FA03F3DB43BA69134035
:107FF000BB613B681A69FB6903F007039B0002FA47
:1080000003F3BA691343BB61FB69DA087B68083282
:10801000B96943F822107B681B68BB61FB695B0090
:10802000032202FA03F3DB43BA691340BB613B68E6
:108030005B6803F00302FB695B0002FA03F3BA69B1
:108040001343BB617B68BA691A603B685B6803F4E1
:108050004033002B00F0E0802F4BD3F8F4302E4A51
:1080600043F00203C2F8F4302B4BD3F8F43003F0A2
:108070000203FB60FB68294AFB699B08023352F844
:108080002330BB61FB6903F003039B000F2202FA5C
:1080900003F3DB43BA691340BB617B68204A934218
:1080A00052D07B681F4A934231D07B681E4A93426C
:1080B0002BD07B681D4A934225D07B681C4A934293
:1080C0001FD07B681B4A934219D07B681A4A93429F
:1080D00013D07B68194A93420DD07B68184A9342AB
:1080E00007D07B68174A934201D109232DE00A2368
:1080F0002BE0082329E0072327E0062325E00523BA
:1081000023E0042321E003231FE002231DE00123D9
:108110001BE000BF800000580044025800040058D3
:10812000000002580004025800080258000C0258CF
:10813000001002580014025800180258001C02587F
:1081400000200258002402580023FA6902F00302BA
:1081500092009340BA691343BB613849FB699B089D
:108160000233BA6941F823204FF0B0431B68BB616A
:108170003B69DB43BA691340BB613B685B6803F44E
:108180008013002B03D0BA693B691343BB614FF0E6
:10819000B042BB6913604FF0B0435B68BB613B69A1
:1081A000DB43BA691340BB613B685B6803F40013AF
:1081B000002B03D0BA693B691343BB614FF0B04257
:1081C000BB6953607B695B68BB613B69DB43BA6930
:1081D0001340BB613B685B6803F40033002B03D0A2
:1081E000BA693B691343BB617B69BA695A607B69B1
:1081F0001B68BB613B69DB43BA691340BB613B68E9
:108200005B6803F48033002B03D0BA693B691343E6
:10821000BB617B69BA691A60FB690133FB613B682A
:108220001A68FB6922FA03F3002B7FF463AE00BFE8
:1082300000BF2437BD465DF8047B7047000400583A
:10824000F0B58FB00AAF78607B68002B01D10123B5
:1082500016E17B681B68BB607B6893F8BD33DBB2BB
:10826000002B06D17B68002283F8BC23786819F0C4
:1082700065FB7B68032283F8BD23BB68DB6B03F4DB
:108280008073002B02D17B6800221A617B681B6817
:10829000184603F02CFC7B681B683B607E686D46CB
:1082A00006F110040FCC0FC50FCC0FC594E80300E6
:1082B00085E80300331D0ECB386803F0F7FA034658
:1082C000002B05D07B68022283F8BD230123D7E071
:1082D0007B681B680021184603F01AFC0023FB731F
:1082E0004AE0FA7B79681346DB009B1A9B000B443B
:1082F0003D3301221A70FA7B79681346DB009B1A22
:108300009B000B443C33FA7B1A70FA7BFB7B98B2E0
:1083100079681346DB009B1A9B000B4442330246EC
:108320001A80FA7B79681346DB009B1A9B000B448A
:108330003F3300221A70FA7B79681346DB009B1AE0
:108340009B000B44443300221A60FA7B7968134681
:10835000DB009B1A9B000B44483300221A60FA7B17
:1083600079681346DB009B1A9B000B4450330022B4
:108370001A60FB7B0133FB73FA7B7B685B689A4274
:10838000AFD30023FB7344E0FA7B79681346DB002C
:108390009B1A9B000B4403F2FD1300221A70FA7B18
:1083A00079681346DB009B1A9B000B4403F5FE73B0
:1083B000FA7B1A70FA7B79681346DB009B1A9B00E4
:1083C0000B4403F2FF1300221A70FA7B79681346FC
:1083D000DB009B1A9B000B4403F5017300221A601B
:1083E000FA7B79681346DB009B1A9B000B4403F56C
:1083F000027300221A60FA7B79681346DB009B1A2D
:108400009B000B4403F5047300221A60FB7B0133CD
:10841000FB73FA7B7B685B689A42B5D37B681B6809
:108420003B607E686D4606F110040FCC0FC50FCC83
:108430000FC594E8030085E80300331D0ECB3868B0
:1084400003F0B2FB0346002B05D07B68022283F8C1
:10845000BD23012314E07B68002283F838207B6869
:10846000012283F8BD237B685B6A012B02D1786807
:1084700001F086F87B681B68184604F04AFC00236C
:1084800018461437BD46F0BD80B584B000AF7860A3
:108490007B681B68FB607B6893F8BC33012B01D1C0
:1084A000022320E07B68012283F8BC237B689B6A5F
:1084B000012B09D17B689B69012B05D0FB689B6B65
:1084C00043F48032FB689A637B681B68184603F0AC
:1084D000FDFA7B681B68184604F0FAFB7B680022F3
:1084E00083F8BC23002318461037BD4680BD90B5E5
:1084F0008DB000AF78607B681B683B623B6AFB61B4
:108500007B681B68184604F0B8FC0346002B40F05B
:10851000BE837B681B68184604F01CFC0346002BD6
:1085200000F0B4837B681B68184604F013FC034614
:1085300003F00203022B07D17B681B685A697B6832
:108540001B6802F002025A617B681B68184604F03F
:1085500001FC034603F01003102B61D17B681B68FC
:108560009A697B681B6822F010029A613B6A1B6A59
:10857000BB61BB6903F00F021346DB009B1A9B0033
:1085800003F5FC737A68134404337B61BB695B0CAD
:1085900003F00F03022B24D1BA6947F6F07313409E
:1085A000002B35D07B69D968BB691B099BB2C3F32B
:1085B0000A039BB21A46386A04F038FA7B69DA6813
:1085C000BB691B09C3F30A031A447B69DA607B6940
:1085D0009A69BB691B09C3F30A031A447B699A6150
:1085E00016E0BB695B0C03F00F03062B10D17B6810
:1085F00003F5717308221946386A04F017FA7B698B
:108600009A69BB691B09C3F30A031A447B699A611F
:108610007B681B689A697B681B6842F010029A614C
:108620007B681B68184604F095FB034603F400239F
:10863000B3F5002F6ED100237B627B681B68184660
:1086400004F09BFBB86262E0BB6A03F00103002BFD
:1086500057D07B681B687A6AD2B21146184604F07C
:10866000C0FB38613B6903F00103002B0CD07B6A2F
:108670005A01FB69134403F530631A4601239360E2
:10868000796A786800F0D2FD3B6903F00803002B9B
:108690000CD07B6A5A01FB69134403F530631A4618
:1086A00008239360796A786800F0CCFE3B6903F098
:1086B0001003002B08D07B6A5A01FB69134403F5B1
:1086C00030631A46102393603B6903F02003002BAC
:1086D00008D07B6A5A01FB69134403F530631A46DC
:1086E000202393603B6903F40053002B09D07B6A7D
:1086F0005A01FB69134403F530631A464FF40053E3
:1087000093607B6A01337B62BB6A5B08BB62BB6AB6
:10871000002B99D17B681B68184604F01BFB0346AD
:1087200003F48023B3F5802F40F0C4807B681B687E
:10873000184604F03CFBB86200237B62B6E0BB6ADB
:1087400003F00103002B00F0AB807B681B687A6AA2
:10875000D2B21146184604F062FB38613B6903F05F
:108760000103002B57D07B6A03F00F03012202FAAA
:1087700003F3FB60FB6903F500635A6BFB68DB43A3
:10878000F96901F5006113404B637B6A5A01FB698B
:10879000134403F510631A46012393607B681B6939
:1087A000012B32D179687A6A1346DB009B1A9B0051
:1087B0000B444833196878687A6A1346DB009B1AC1
:1087C0009B00034444331B68194478687A6A134653
:1087D000DB009B1A9B000344483319607B6A002B23
:1087E00013D179687A6A1346DB009B1A9B000B440D
:1087F00050331B68002B08D17B6818687B6803F531
:1088000071731A46012104F06BFB7B6ADBB21946D7
:10881000786819F018F93B6903F00803002B08D0B9
:108820007B6A5A01FB69134403F510631A46082357
:1088300093603B6903F01003002B08D07B6A5A0158
:10884000FB69134403F510631A46102393603B69D8
:1088500003F04003002B08D07B6A5A01FB691344E4
:1088600003F510631A46402393603B6903F002034B
:10887000002B0CD0796A386A03F0F4FA7B6A5A014B
:10888000FB69134403F510631A46022393603B69A6
:1088900003F08003002B03D0796A786800F038FC7D
:1088A0007B6A01337B62BB6A5B08BB62BB6A002BDD
:1088B0007FF445AF7B681B68184604F04BFA03460B
:1088C00003F00043B3F1004F22D1FB6903F50063CD
:1088D0005B68FA6902F5006223F0010353607B686C
:1088E00093F8F433012B08D17B68002283F8F4233A
:1088F0000021786800F068FE02E0786819F01AF943
:108900007B681B685A697B681B6802F000425A61E9
:108910007B681B68184604F01DFA034603F40063E5
:10892000B3F5006F12D1FB6903F500639B6803F098
:108930000103012B02D1786819F0D6F87B681B6817
:108940005A697B681B6802F400625A617B681B6885
:10895000184604F0FFF9034603F00063B3F1006F1B
:1089600021D17B681B685A697B681B6802F0006232
:108970005A617B6893F8F433002B11D17B68012294
:1089800083F8F4237B681B685B6D9B0803F00F0280
:108990007B68C3F8F8230121786800F015FE02E037
:1089A000786819F0A1F87B681B68184604F0D2F9C2
:1089B000034603F48053B3F5805F40F0B780FB6952
:1089C00003F500635B68FA6902F5006223F00103B6
:1089D00053607B681B681021184603F043FA00239C
:1089E000FB6246E0FB6A5A01FB69134403F510631E
:1089F0001A464FF67F339360FB6A5A01FB691344B2
:108A000003F510631B68FA6A5101FA690A4402F51A
:108A1000106223F400131360FB6A5A01FB691344CC
:108A200003F530631A464FF67F339360FB6A5A01B1
:108A3000FB69134403F530631B68FA6A5101FA6954
:108A40000A4402F5306223F400131360FB6A5A01F2
:108A5000FB69134403F530631B68FA6A5101FA6934
:108A60000A4402F5306243F000631360FB6A01338D
:108A7000FB627B685B68FA6A9A42B3D3FB6903F5D1
:108A80000063DB69FA6902F5006243F00113D36108
:108A90007B681B6B002B16D0FB6903F50063D3F8D2
:108AA0008430FA6902F5006243F00B03C2F88430A7
:108AB000FB6903F500635B6CFA6902F5006243F041
:108AC0000B03536415E0FB6903F500635A69FB6906
:108AD00003F50063194642F22B0313434B61FB6914
:108AE00003F500631B69FA6902F5006243F00B03AA
:108AF0001361FB6903F500631B68FA6902F5006204
:108B000023F4FE6313607B6818687B681B69D9B225
:108B10007B6803F571731A4604F0E2F97B681B6801
:108B20005A697B681B6802F480525A617B681B6833
:108B3000184604F00FF9034603F40053B3F5005F41
:108B400024D17B681B68184604F0A6F97B681B6873
:108B5000184603F000FA03461A467B68DA607B6821
:108B60001C6800F0C7FE01467B68DB68DBB21A4672
:108B7000204602F009FF786818F08DFF7B681B68BB
:108B80005A697B681B6802F400525A617B681B6853
:108B9000184604F0DFF8034603F00803082B0AD157
:108BA000786818F06AFF7B681B685A697B681B68E5
:108BB00002F008025A617B681B68184604F0CAF884
:108BC000034603F48013B3F5801F0FD100237B62AB
:108BD0007B6ADBB21946786818F0CCFF7B681B68AB
:108BE0005A697B681B6802F480125A617B681B68B3
:108BF000184604F0AFF8034603F40013B3F5001F62
:108C00000FD100237B627B6ADBB21946786818F0CB
:108C10009FFF7B681B685A697B681B6802F400121F
:108C20005A617B681B68184604F094F8034603F009
:108C30008043B3F1804F0AD1786818F0ADFF7B68AC
:108C40001B685A697B681B6802F080425A617B6826
:108C50001B68184604F07EF8034603F00403042B57
:108C600015D17B681B685B68BB61BB6903F00403BB
:108C7000002B02D0786818F09DFF7B681B6859684C
:108C80007B681B68BA690A435A6000E000BF34374A
:108C9000BD4690BD80B582B000AF78600B46FB70DA
:108CA0007B6893F8BC33012B01D1022313E07B686E
:108CB000012283F8BC237B68FA7883F838207B682C
:108CC0001B68FA781146184603F0DCFF7B68002227
:108CD00083F8BC23002318460837BD4680BD80B505
:108CE00084B000AF7860084611461A460346FB7010
:108CF0000B463B801346BB700023FB7297F9033091
:108D0000002B0FDAFB7803F00F021346DB009B1AEF
:108D10009B0038337A6813440433FB60FB680122FC
:108D20005A700FE0FB7803F00F021346DB009B1A2A
:108D30009B0003F5FC737A6813440433FB60FB6803
:108D400000225A70FB7803F00F03DAB2FB681A7046
:108D50003A88FB689A60FB68BA78DA70FB685B78DF
:108D6000002B04D0FB681B789AB2FB68DA80BB78D2
:108D7000022B02D1FB6800221A717B6893F8BC3386
:108D8000012B01D102230EE07B68012283F8BC2372
:108D90007B681B68F968184603F002F97B680022BB
:108DA00083F8BC23FB7A18461037BD4680BD80B5DA
:108DB00084B000AF78600B46FB7097F90330002B4E
:108DC0000FDAFB7803F00F021346DB009B1A9B00BF
:108DD00038337A6813440433FB60FB6801225A700D
:108DE0000FE0FB7803F00F021346DB009B1A9B0099
:108DF00003F5FC737A6813440433FB60FB680022BC
:108E00005A70FB7803F00F03DAB2FB681A707B68C4
:108E100093F8BC33012B01D102230EE07B680122C1
:108E200083F8BC237B681B68F968184603F040F997
:108E30007B68002283F8BC23002318461037BD4608
:108E400080BD80B586B000AFF8607A603B600B46AD
:108E5000FB72FB7A03F00F021346DB009B1A9B00A8
:108E600003F5FC73FA68134404337B617B697A6809
:108E7000DA607B693A685A617B6900229A617B6992
:108E800000225A70FB7A03F00F03DAB27B691A7082
:108E9000FB681B69012B02D17A687B691A61FB7A36
:108EA00003F00F03002B09D1FB681868FB681B69EE
:108EB000DBB21A46796903F023FC08E0FB68186806
:108EC000FB681B69DBB21A46796903F0CDF9002310
:108ED00018461837BD4680BD80B483B000AF7860B7
:108EE0000B46FB70FB7803F00F0279681346DB003A
:108EF0009B1A9B000B4403F505731B6818460C373F
:108F0000BD465DF8047B704780B586B000AFF86061
:108F10007A603B600B46FB72FB7A03F00F0213464C
:108F2000DB009B1A9B003833FA68134404337B61DF
:108F30007B697A68DA607B693A685A617B690022EA
:108F40009A617B6901225A70FB7A03F00F03DAB24F
:108F50007B691A70FB681B69012B02D17A687B69F7
:108F60001A61FB7A03F00F03002B09D1FB68186824
:108F7000FB681B69DBB21A46796903F0C1FB08E0A4
:108F8000FB681868FB681B69DBB21A46796903F055
:108F90006BF9002318461837BD4680BD80B584B0F4
:108FA00000AF78600B46FB70FB7803F00F027B6824
:108FB0005B689A4201D9012350E097F90330002BF6
:108FC0000FDAFB7803F00F021346DB009B1A9B00BD
:108FD00038337A6813440433FB60FB6801225A700B
:108FE0000DE0FA781346DB009B1A9B0003F5FC7337
:108FF0007A6813440433FB60FB6800225A70FB68F4
:1090000001229A70FB7803F00F03DAB2FB681A7042
:109010007B6893F8BC33012B01D102231EE07B68EF
:10902000012283F8BC237B681B68F968184603F0AB
:1090300055FDFB7803F00F03002B0AD17B681868FD
:109040007B681B69D9B27B6803F571731A4603F01C
:1090500047FF7B68002283F8BC23002318461037A3
:10906000BD4680BD80B584B000AF78600B46FB7014
:10907000FB7803F00F027B685B689A4201D90123F9
:1090800042E097F90330002B0FDAFB7803F00F0270
:109090001346DB009B1A9B0038337A681344043371
:1090A000FB60FB6801225A700FE0FB7803F00F02AF
:1090B0001346DB009B1A9B0003F5FC737A6813448C
:1090C0000433FB60FB6800225A70FB6800229A7030
:1090D000FB7803F00F03DAB2FB681A707B6893F831
:1090E000BC33012B01D102230EE07B68012283F8FF
:1090F000BC237B681B68F968184603F05DFD7B683C
:10910000002283F8BC23002318461037BD4680BDDB
:1091100080B58AB002AF786039607B681B687B617C
:109120007B693B613A681346DB009B1A9B0038332E
:109130007A6813440433FB60FB689A69FB685B69D7
:109140009A4201D901236CE0FB685A69FB689B696C
:10915000D31AFB61FB689B68FA699A4202D9FB68E3
:109160009B68FB61FB6903339B08BB612BE0FB68D9
:109170005A69FB689B69D31AFB61FB689B68FA69B3
:109180009A4202D9FB689B68FB61FB6903339B0829
:10919000BB61FB68D9683B68DAB2FB6998B27B684F
:1091A0001B69DBB200930346786903F001FCFB689E
:1091B000DA68FB691A44FB68DA60FB689A69FB6944
:1091C0001A44FB689A613B685A013B69134403F5F2
:1091D00010639B699BB2BA699A4209D8FB689A6985
:1091E000FB685B699A4203D2FB685B69002BBED1C6
:1091F000FB685A69FB689B699A4211D83B6803F087
:109200000F03012202FA03F3BB603B6903F500631D
:109210005A6BBB68DB43396901F5006113404B634E
:10922000002318462037BD4680BD000080B586B0BB
:1092300000AF786039607B681B687B617B693B614C
:109240007B693C3304331B68FB603B685A013B6914
:10925000134403F530639B68BB607B681B69012B7B
:1092600040F0A080BB6803F00803002B15D0FB681A
:10927000724A934240F2DD80BB6803F40043002B46
:1092800000F0D7803B685A013B69134403F5306313
:109290001A464FF400439360CBE0BB6803F0200311
:1092A000002B09D03B685A013B69134403F5306336
:1092B0001A4620239360BCE0BB6803F02803002B10
:1092C00040F0B780FB685D4A93420FD9BB6803F456
:1092D0000043002B0AD03B685A013B69134403F555
:1092E00030631A464FF400439360A2E079683A680D
:1092F0001346DB009B1A9B000B4403F501731A68AD
:109300003B6859013B690B4403F530631B69C3F3A8
:109310001203D11A78683A681346DB009B1A9B0047
:10932000034403F50573196079683A681346DB0056
:109330009B1A9B000B4403F50273196878683A681E
:109340001346DB009B1A9B00034403F501731B6863
:10935000194478683A681346DB009B1A9B00034463
:1093600003F5027319603B68002B14D179683A68E1
:109370001346DB009B1A9B000B4403F504731B6828
:10938000002B08D17B6818687B6803F571731A4657
:10939000012103F0A5FD3B68DBB21946786818F09F
:1093A00037FB46E0FB68264A934224D1BB6803F4AE
:1093B0000043002B0AD03B685A013B69134403F574
:1093C00030631A464FF40043936032E0BB6803F009
:1093D0002003002B08D03B685A013B69134403F576
:1093E00030631A46202393603B68DBB219467868E5
:1093F00018F00EFB1DE03B68002B14D179683A6829
:109400001346DB009B1A9B000B4403F504731B6897
:10941000002B08D17B6818687B6803F571731A46C6
:10942000002103F05DFD3B68DBB21946786818F057
:10943000EFFA002318461837BD4680BD0A30544F56
:109440000A31544F80B586B000AF786039607B68D0
:109450001B687B617B693B617B693C3304331B6820
:10946000FB603B685A013B69134403F530639B681A
:10947000BB60FB68154A93420ED9BB6803F40043F6
:10948000002B09D03B685A013B69134403F5306354
:109490001A464FF400439360786818F0A7FAFB6807
:1094A0000A4A93420CD97B681B69012B08D17B685F
:1094B00018687B6803F571731A46012103F010FDEB
:1094C000002318461837BD4680BD00BF0A30544FF0
:1094D00080B485B000AF78600B46FB7013463B80CC
:1094E0007B681B685B6ABB60FB78002B07D13B88FD
:1094F00019047B681B68BA680A439A6228E07B6893
:109500001B689B6A1B0CBA681344BB600023FB7387
:109510000DE07B681A68FB7B40339B0013445B685B
:109520001B0CBA681344BB60FB7B0133FB73FA7BF3
:10953000FB78013B9A42ECD33B8818047B6819689E
:10954000FB78013BBA68024340339B000B445A60EE
:10955000002318461437BD465DF8047B704780B47D
:1095600083B000AF78600B467B807B681B687A888D
:109570005A62002318460C37BD465DF8047B7047DD
:1095800080B485B000AF78607B681B68FB607B6847
:109590000122C3F8FC237B68002283F8F423FB68D4
:1095A0009B6943F00062FB689A61FB685A6D054B4A
:1095B0001343FA685365002318461437BD465DF817
:1095C000047B70470300001080B483B000AF786064
:1095D0000B46FB7000BF0C37BD465DF8047B70473F
:1095E00080B400AF054BDB68044A43F08073D3605E
:1095F00000BFBD465DF8047B704700BF00480258BD
:1096000080B489B000AFB34B1B6903F03803182B4B
:1096100000F2558101A252F823F000BF81960008A4
:10962000BF980008BF980008BF980008BF980008BE
:10963000BF980008BF980008BF980008A7960008C8
:10964000BF980008BF980008BF980008BF9800089E
:10965000BF980008BF980008BF980008AD960008A2
:10966000BF980008BF980008BF980008BF9800087E
:10967000BF980008BF980008BF980008B39600087C
:10968000944B1B6803F02003002B09D0914B1B68FF
:10969000DB0803F00303904A22FA03F3BB6111E1F4
:1096A0008D4BBB610EE18D4BBB610BE18C4BBB6104
:1096B00008E1884B9B6A03F003037B61854B9B6A3F
:1096C0001B0903F03F033B61824BDB6A03F001039C
:1096D000FB60804B5B6BDB08C3F30C03FA6802FB97
:1096E00003F307EE903AF8EE677AC7ED027A3B692A
:1096F000002B00F0E1807B69022B00F083807B6906
:10970000022B00F2A1807B69002B03D07B69012B27
:1097100056D099E06F4B1B6803F02003002B2DD02F
:109720006C4B1B68DB0803F003036B4A22FA03F35C
:109730007B607B6807EE903AF8EE676A3B6907EE5C
:10974000903AF8EE677A86EEA77A624B1B6BC3F30A
:10975000080307EE903AF8EE676A97ED026ADFEDCC
:10976000615AC6EE257A76EEA77AF7EE006A77EEB2
:10977000A67A67EE277AC7ED077A87E03B6907EE9E
:10978000903AF8EE677ADFED586A86EEA77A514B89
:109790001B6BC3F3080307EE903AF8EE676A97ED88
:1097A000026ADFED505AC6EE257A76EEA77AF7EE1A
:1097B000006A77EEA67A67EE277AC7ED077A65E04A
:1097C0003B6907EE903AF8EE677ADFED486A86EE7D
:1097D000A77A404B1B6BC3F3080307EE903AF8EEF1
:1097E000676A97ED026ADFED3F5AC6EE257A76EE9C
:1097F000A77AF7EE006A77EEA67A67EE277AC7EDCA
:10980000077A43E03B6907EE903AF8EE677ADFEDBE
:10981000386A86EEA77A2F4B1B6BC3F3080307EE5B
:10982000903AF8EE676A97ED026ADFED2E5AC6EEBF
:10983000257A76EEA77AF7EE006A77EEA67A67EEDB
:10984000277AC7ED077A21E03B6907EE903AF8EEF8
:10985000677ADFED266A86EEA77A1E4B1B6BC3F391
:10986000080307EE903AF8EE676A97ED026ADFEDBB
:109870001D5AC6EE257A76EEA77AF7EE006A77EEE5
:10988000A67A67EE277AC7ED077A00BF114B1B6BEC
:109890005B0A03F07F0301333B603B6807EE903ABD
:1098A000B8EE677AD7ED076AC6EE877AFCEEE77AFC
:1098B00017EE903ABB6105E00023BB6102E0074B65
:1098C000BB6100BFBB6918462437BD465DF8047B09
:1098D000704700BF004402580090D00300093D00CB
:1098E0000024F400000000460024744C0024744A54
:1098F0000024744B80B582B000AFFFF781FE0246B2
:10990000104B9B691B0A03F00F030F49CB5C03F05C
:109910001F0322FA03F37B600A4B9B6903F00F03DA
:10992000094AD35C03F01F037A6822FA03F3074A5B
:109930001360074A7B681360044B1B68184608379E
:10994000BD4680BD004402589075020818000024EE
:109950001400002480B483B000AF786039607B6865
:109960001B6B23F00F023B681A437B681A6300BF2E
:109970000C37BD465DF8047B704780B483B000AF00
:1099800078607B689B6803F00103012B01D1012300
:1099900000E0002318460C37BD465DF8047B704795
:1099A00090B585B000AF786039600023FB737B68A9
:1099B000224A93420ED12248FFF7DFFF0446214896
:1099C000FFF7DBFF03462343002B0CBF01230023DB
:1099D000DBB208E01C48FFF7D0FF0346002B0CBFAA
:1099E00001230023DBB2002B20D03B685B68002BF7
:1099F00012D07B689A68154B13403A6811683A6830
:109A0000526811433A68926811433A68D2680A432F
:109A10001A437B689A600BE07B689A680B4B134093
:109A20003A6812681A437B689A6001E00123FB736D
:109A3000FB7B18461437BD4690BD00BF0023024093
:109A4000002002400021024000600258E030C0FFC8
:109A500080B584B000AF786039600023FB7378680C
:109A6000FFF78BFF0346002B15D17B68DA680D4B9F
:109A700013403A6811683A6892680A431A437B684F
:109A8000DA607B681B6923F070423B685B681A43AD
:109A90007B681A6101E00123FB73FB7B18461037DA
:109AA000BD4680BDE3BFFFFF80B584B000AF7860E6
:109AB00039600023FB737868FFF75FFF0346002BD4
:109AC00032D13B685B68002B15D07B68DA681A4B93
:109AD00013403A6811683A68926811433A68D2684C
:109AE00011433A68126911433A6852690A431A43AA
:109AF0007B68DA6011E07B68DA680F4B13403A68E4
:109B000011683A68D26811433A68126911433A6899
:109B100052690A431A437B68DA603B685B681946FE
:109B20007868FFF717FF01E00123FB73FB7B184602
:109B30001037BD4680BD00BF1CC0F0FF80B483B0AD
:109B400000AF786039607B681A683B6803F01003E7
:109B5000012101FA03F31A403B6803F010030121CD
:109B600001FA03F39A4201D1012300E000231846D1
:109B70000C37BD465DF8047B704780B586B000AFFA
:109B8000F860B9607A600023FB75B968F868FFF780
:109B9000D5FF0346002B4ED17B685B68002B1BD0A2
:109BA000FB681A68BB6803F0100340F6FC7101FA09
:109BB00003F3DB431A407B6819687B685B681943D1
:109BC0007B689B681943BB6803F0100301FA03F339
:109BD0001A43FB681A6013E0FB681A68BB6803F05D
:109BE0001003FC2101FA03F3DB431A407B68196878
:109BF000BB6803F0100301FA03F31A43FB681A6011
:109C0000FB68DA6BBB6803F01003072101FA03F36A
:109C1000DB431A407B68D9687B681B6919437B6802
:109C20005B691943BB6803F0100301FA03F31A439D
:109C3000FB68DA6301E00123FB75FB7D18461837EA
:109C4000BD4680BD80B485B000AFF860B9607A6071
:109C5000FB681968BB6803FB03F213465B001344FF
:109C6000DB4301EA0302BB6803FB03F3796801FBF2
:109C700003F31A43FB681A6000BF1437BD465DF852
:109C8000047B704780B485B000AFF860B9607A603B
:109C9000FB685A68BB68DB431A40BB68796801FB04
:109CA00003F31A43FB685A6000BF1437BD465DF8E2
:109CB000047B704780B485B000AFF860B9607A600B
:109CC000FB689968BB6803FB03F213465B0013440F
:109CD000DB4301EA0302BB6803FB03F3796801FB82
:109CE00003F31A43FB689A6000BF1437BD465DF862
:109CF000047B704780B485B000AFF860B9607A60CB
:109D0000FB68D968BB6803FB03F213465B0013448E
:109D1000DB4301EA0302BB6803FB03F3796801FB41
:109D200003F31A43FB68DA6000BF1437BD465DF8E1
:109D3000047B704780B485B000AFF860B9607A608A
:109D4000FB68196ABB6803FB03F3BA6802FB03F301
:109D5000BA6802FB03F213461B019B1ADB4301EABC
:109D60000302BB6803FB03F3B96801FB03F3B968A3
:109D700001FB03F3796801FB03F31A43FB681A62E2
:109D800000BF1437BD465DF8047B704780B485B0D2
:109D900000AFF860B9607A60FB68596ABB681B0A5B
:109DA000BA68120A02FB03F3BA68120A02FB03F351
:109DB000BA68120A02FB03F213461B019B1ADB432B
:109DC00001EA0302BB681B0AB968090A01FB03F335
:109DD000B968090A01FB03F3B968090A01FB03F337
:109DE000796801FB03F31A43FB685A6200BF14371A
:109DF000BD465DF8047B704780B588B000AF7860E1
:109E000039603B681B683B613B6993FAA3F3FB60D5
:109E1000FB687B617B69002B01D1202303E07B6918
:109E2000B3FA83F3DBB2FB6148E03B681A680121B7
:109E3000FB6901FA03F31340BB61BB69002B3AD005
:109E40003B685B68012B03D03B685B68022B0ED13B
:109E50003B689B681A46B9697868FFF72BFF3B6837
:109E600019683B68DB681A467868FFF70BFF3B68A8
:109E70001B691A46B9697868FFF73CFF3B685B6865
:109E8000022B11D1BB69FF2B07D83B685B691A46CF
:109E9000B9697868FFF74EFF06E03B685B691A46D0
:109EA000B9697868FFF772FF3B685B681A46B96961
:109EB0007868FFF7C7FEFB690133FB613B681A68EE
:109EC000FB6922FA03F3002BAFD100231846203799
:109ED000BD4680BD80B400AF074B1B6803F4003360
:109EE000B3F5003F01D1012300E000231846BD4631
:109EF0005DF8047B704700BF0044025880B400AF97
:109F0000064B1B6803F00403042B01D1012300E07E
:109F100000231846BD465DF8047B70470044025894
:109F200080B400AF044B1B6803F018031846BD460D
:109F30005DF8047B704700BF0044025880B400AF56
:109F4000074B1B6803F48073B3F5807F01D10123B5
:109F500000E000231846BD465DF8047B704700BF53
:109F60000044025880B400AF064B1B6F03F002039D
:109F7000022B01D1012300E000231846BD465DF805
:109F8000047B70470044025880B400AF044B1B6947
:109F900003F038031846BD465DF8047B704700BFE8
:109FA0000044025880B400AF044B9B6903F4706313
:109FB0001846BD465DF8047B704700BF0044025858
:109FC00080B400AF044B9B6903F00F031846BD46F5
:109FD0005DF8047B704700BF0044025880B400AFB6
:109FE000044BDB6903F070031846BD465DF8047B43
:109FF000704700BF0044025880B400AF044BDB69D7
:10A0000003F4E0631846BD465DF8047B704700BF6B
:10A010000044025880B485B000AF78607B68DAB243
:10A020000E4B1344FB60FB681A687B68190E7B6853
:10A030001B0A03F01F0301FA03F31A407B681B0A93
:10A0400003F01F0322FA03F31A047B681343184634
:10A050001437BD465DF8047B704700BF4C4402587E
:10A0600080B582B000AF78607868FFF7D3FF034611
:10A0700018460837BD4680BD80B400AF044B9B6ACC
:10A0800003F003031846BD465DF8047B704700BF2C
:10A090000044025880B400AF074BDB6A03F48033FE
:10A0A000B3F5803F01D1012300E000231846BD46EF
:10A0B0005DF8047B704700BF0044025880B400AFD5
:10A0C000074BDB6A03F40033B3F5003F01D10123F2
:10A0D00000E000231846BD465DF8047B704700BFD2
:10A0E0000044025880B400AF074BDB6A03F48023BE
:10A0F000B3F5802F01D1012300E000231846BD46AF
:10A100005DF8047B704700BF0044025880B400AF84
:10A11000064BDB6A03F00103012B01D1012300E0B0
:10A1200000231846BD465DF8047B70470044025882
:10A1300080B400AF044B1B6BC3F308030133184614
:10A14000BD465DF8047B70470044025880B400AF00
:10A15000044B9B6A1B0903F03F031846BD465DF89C
:10A16000047B70470044025880B400AF054B1B6B62
:10A170005B0A03F07F0301331846BD465DF8047B9C
:10A18000704700BF0044025880B400AF054B1B6B02
:10A190001B0C03F07F0301331846BD465DF8047BBA
:10A1A000704700BF0044025880B400AF054B1B6BE2
:10A1B0001B0E03F07F0301331846BD465DF8047B98
:10A1C000704700BF0044025880B400AF044B5B6B83
:10A1D000DB08C3F30C031846BD465DF8047B7047EB
:10A1E0000044025880B400AF074B1B6803F00063C3
:10A1F000B3F1006F01D1012300E000231846BD46F2
:10A200005DF8047B704700BF0044025880B400AF83
:10A21000074BDB6A03F40023B3F5002F01D10123C0
:10A2200000E000231846BD465DF8047B704700BF80
:10A230000044025880B400AF074BDB6A03F480137C
:10A24000B3F5801F01D1012300E000231846BD466D
:10A250005DF8047B704700BF0044025880B400AF33
:10A26000074BDB6A03F40013B3F5001F01D1012390
:10A2700000E000231846BD465DF8047B704700BF30
:10A280000044025880B400AF064BDB6A03F01003B1
:10A29000102B01D1012300E000231846BD465DF8D4
:10A2A000047B70470044025880B400AF044B9B6BA2
:10A2B000C3F3080301331846BD465DF8047B7047BD
:10A2C0000044025880B400AF044B9B6A1B0B03F0A0
:10A2D0003F031846BD465DF8047B704700440258B2
:10A2E00080B400AF054B9B6B5B0A03F07F03013327
:10A2F0001846BD465DF8047B704700BF0044025815
:10A3000080B400AF054B9B6B1B0C03F07F03013344
:10A310001846BD465DF8047B704700BF00440258F4
:10A3200080B400AF054B9B6B1B0E03F07F03013322
:10A330001846BD465DF8047B704700BF00440258D4
:10A3400080B400AF044BDB6BDB08C3F30C0318468F
:10A35000BD465DF8047B70470044025880B400AFEE
:10A36000074B1B6803F00053B3F1005F01D10123D9
:10A3700000E000231846BD465DF8047B704700BF2F
:10A380000044025880B400AF074BDB6A03F480033B
:10A39000B3F5800F01D1012300E000231846BD462C
:10A3A0005DF8047B704700BF0044025880B400AFE2
:10A3B000074BDB6A03F40003B3F5000F01D101235F
:10A3C00000E000231846BD465DF8047B704700BFDF
:10A3D0000044025880B400AF074BDB6A03F080737F
:10A3E000B3F1807F01D1012300E000231846BD4670
:10A3F0005DF8047B704700BF0044025880B400AF92
:10A40000074BDB6A03F48073B3F5807F01D101232E
:10A4100000E000231846BD465DF8047B704700BF8E
:10A420000044025880B400AF044B1B6CC3F3080314
:10A4300001331846BD465DF8047B7047004402585E
:10A4400080B400AF044B9B6A1B0D03F03F0318461A
:10A45000BD465DF8047B70470044025880B400AFED
:10A46000054B1B6C5B0A03F07F0301331846BD46A6
:10A470005DF8047B704700BF0044025880B400AF11
:10A48000054B1B6C1B0C03F07F0301331846BD46C4
:10A490005DF8047B704700BF0044025880B400AFF1
:10A4A000054B1B6C1B0E03F07F0301331846BD46A2
:10A4B0005DF8047B704700BF0044025880B400AFD1
:10A4C000044B5B6CDB08C3F30C031846BD465DF818
:10A4D000047B70470044025880B58AB002AF7860B0
:10A4E0000023FB610023BB61FFF7C6FD78617B6938
:10A4F000022B1FD07B69022B24D87B69002B03D051
:10A500007B69012B0ED01DE0FFF7F8FC0346002B02
:10A510001AD0FFF705FD0346DB08384A22FA03F399
:10A52000FB6111E0FFF70AFD0346002B0ED0344B10
:10A53000FB610BE0FFF7CEFC0346002B08D0314B4C
:10A54000FB6105E000BF04E000BF02E000BF00E0E7
:10A5500000BF7B6800221A607B6800225A607B681B
:10A5600000229A60FFF7F2FD3861FFF7E1FDF86025
:10A57000FFF7CCFD0346002B02D0FFF725FEB861A4
:10A580003B69002B35D0FFF785FD0346002B0CD02F
:10A59000FFF7EAFD03460093BB69FA683969F86979
:10A5A00000F064F902467B681A60FFF787FD0346F6
:10A5B000002B0CD0FFF7E8FD03460093BB69FA6857
:10A5C0003969F86900F052F902467B685A60FFF772
:10A5D00089FD0346002B0CD0FFF7E6FD03460093F0
:10A5E000BB69FA683969F86900F040F902467B688E
:10A5F0009A6000BF2037BD4680BD00BF0090D003E9
:10A6000000093D000024F40080B58AB002AF7860F4
:10A610000023FB610023BB61FFF72EFD78617B699E
:10A62000022B1FD07B69022B24D87B69002B03D01F
:10A630007B69012B0ED01DE0FFF760FC0346002B69
:10A640001AD0FFF76DFC0346DB08384A22FA03F301
:10A65000FB6111E0FFF772FC0346002B0ED0344B78
:10A66000FB610BE0FFF736FC0346002B08D0314BB3
:10A67000FB6105E000BF04E000BF02E000BF00E0B6
:10A6800000BF7B6800221A607B6800225A607B68EA
:10A6900000229A60FFF716FE3861FFF705FEF860AA
:10A6A000FFF7F0FD0346002B02D0FFF749FEB8612B
:10A6B0003B69002B35D0FFF7A9FD0346002B0CD0DA
:10A6C000FFF70EFE03460093BB69FA683969F86923
:10A6D00000F0CCF802467B681A60FFF7ABFD03463A
:10A6E000002B0CD0FFF70CFE03460093BB69FA6801
:10A6F0003969F86900F0BAF802467B685A60FFF7DA
:10A70000ADFD0346002B0CD0FFF70AFE0346009375
:10A71000BB69FA683969F86900F0A8F802467B68F5
:10A720009A6000BF2037BD4680BD00BF0090D003B7
:10A7300000093D000024F40080B58AB002AF7860C3
:10A740000023FB610023BB61FFF796FC78617B6906
:10A75000022B1FD07B69022B24D87B69002B03D0EE
:10A760007B69012B0ED01DE0FFF7C8FB0346002BD1
:10A770001AD0FFF7D5FB0346DB08394A22FA03F368
:10A78000FB6111E0FFF7DAFB0346002B0ED0354BDF
:10A79000FB610BE0FFF79EFB0346002B08D0324B1A
:10A7A000FB6105E000BF04E000BF02E000BF00E085
:10A7B00000BF7B6800221A607B6800225A607B68B9
:10A7C00000229A60FFF73CFE3861FFF72BFEF8602D
:10A7D000FFF714FE0346002B02D0FFF76FFEB861AF
:10A7E0003B69002B38D0FB69002B35D0FFF7CAFD41
:10A7F0000346002B0CD0FFF731FE03460093BB69E4
:10A80000FA683969F86900F031F802467B681A6025
:10A81000FFF7CCFD0346002B0CD0FFF72FFE0346BD
:10A820000093BB69FA683969F86900F01FF80246BD
:10A830007B685A60FFF7CEFD0346002B0CD0FFF774
:10A840002DFE03460093BB69FA683969F86900F088
:10A850000DF802467B689A6000BF2037BD4680BD78
:10A860000090D00300093D000024F40080B487B0BC
:10A8700000AFF860B9607A603B60FB6807EE903A21
:10A88000F8EE676ABB6807EE903AF8EE677A86EEF4
:10A89000A77A7B6807EE903AF8EE676A3B6807EEA6
:10A8A000903AB8EE676ADFED105AC6EE257A76EE7A
:10A8B000A77A67EE277AC7ED057A3B6A07EE903AEA
:10A8C000B8EE677AD7ED056AC6EE877AC7ED057AE6
:10A8D000D7ED057AFCEEE77A17EE903A18461C376A
:10A8E000BD465DF8047B70470000004690B587B018
:10A8F00000AF786000237B617868FFF7B1FB034607
:10A90000624A934200F0A980604A934200F2AE800E
:10A910005F4A934200F0A1805D4A934200F2A68014
:10A920005C4A934200F091805A4A934200F29E8022
:10A93000594A934200F08980574A934200F2968028
:10A94000564A934273D0554A934200F28F80544A3C
:10A9500093426CD0524A934200F28880514A93420B
:10A9600058D0504A934200F281804F4A934251D0CE
:10A970004D4A93427AD84D4A93423ED04B4A934235
:10A9800074D84B4A934238D0494A93426ED8494AC8
:10A9900093421AD0484A934268D100F095F8044691
:10A9A000FFF700FB03461B0A03F00F03434AD35C87
:10A9B00003F01F0324FA03F3184600F0E7F80346F8
:10A9C000184600F011F978615BE000F07DF804466C
:10A9D000FFF7E8FA03461B0A03F00F03374AD35C7C
:10A9E00003F01F0324FA03F3184600F0CFF80346E0
:10A9F000184600F0E1F8786143E0FFF7F3FB034607
:10AA0000002B35D007F108031846FFF7FDFDFB6862
:10AA10007B612DE0FFF7A2FC0346002B2AD007F153
:10AA200008031846FFF788FEFB687B6122E0FFF70A
:10AA300065FA0346002B1FD0FFF772FA0346DB08C6
:10AA40001F4A22FA03F37B6116E0FFF777FA034609
:10AA5000002B13D01B4B7B6110E0FFF783FA0346FA
:10AA6000002B0DD04FF400437B6109E000BF08E0EC
:10AA700000BF06E000BF04E000BF02E000BF00E04E
:10AA800000BF7B6918461C37BD4690BD080305070B
:10AA90000800050708030407080004070803030764
:10AAA000080003070803020708000207080301075C
:10AAB000080001070800000708030007A075020846
:10AAC0000090D00300093D0080B584B000AF0023A2
:10AAD000FB60FFF759FA0346182B4BD801A252F836
:10AAE00023F000BF49AB000875AB000875AB000848
:10AAF00075AB000875AB000875AB000875AB0008B6
:10AB000075AB00085BAB000875AB000875AB0008BF
:10AB100075AB000875AB000875AB000875AB000895
:10AB200075AB000861AB000875AB000875AB000899
:10AB300075AB000875AB000875AB000875AB000875
:10AB400075AB000867AB0008FFF7EAF90346DB08BE
:10AB50000B4A22FA03F3FB600DE00A4BFB600AE0AC
:10AB6000094BFB6007E03B461846FFF7B5FC3B6826
:10AB7000FB6000E000BFFB6818461037BD4680BD93
:10AB80000090D00300093D000024F40080B582B09D
:10AB900000AF7860FFF714FA034603F00F03054A8D
:10ABA000D35C03F01F037A6822FA03F318460837D0
:10ABB000BD4680BDA075020880B582B000AF786048
:10ABC000FFF70CFA03461B0903F00703054AD35CA1
:10ABD00003F01F037A6822FA03F318460837BD46CC
:10ABE00080BD00BFA075020880B582B000AF78605C
:10ABF000FFF702FA03461B0A03F00703054AD35C7A
:10AC000003F01F037A6822FA03F318460837BD469B
:10AC100080BD00BFA075020880B483B000AF78602B
:10AC20007B681B6803F00103012B01D1012300E0C5
:10AC3000002318460C37BD465DF8047B704780B48E
:10AC400083B000AF786039607B681B6823F4805262
:10AC50003B681A437B681A6000BF0C37BD465DF83D
:10AC6000047B704780B483B000AF78607B68DB689A
:10AC700003F0805318460C37BD465DF8047B7047DF
:10AC800080B483B000AF786039607B683A681A643A
:10AC900000BF0C37BD465DF8047B704780B586B0B9
:10ACA00000AF786039600123FB757868FFF7B4FF67
:10ACB0000346002B69D17B689A68364B13403A688B
:10ACC00091693A68126A11433A6892680A431A43D2
:10ACD0007B689A603B685B693B613B685B68FB60D3
:10ACE0003B69B3F1806F18D17868FFF7BBFF03466B
:10ACF000002B03D1FB68B3F5800F09D07868FFF70C
:10AD0000B1FF0346B3F1805F07D1FB68002B04D18C
:10AD10004FF480517868FFF792FF7B68DA681E4B2A
:10AD200013403A6851693A68D26811433A68126927
:10AD300011433A68D26911433A68526811433A683C
:10AD4000126802F4C0220A431A437B68DA607B6807
:10AD50001B6823F400623B681B6803F400631A431A
:10AD60007B681A603B681B6AB3F5800F05D13B68AE
:10AD70005B6A19467868FFF783FF7B681B6D23F0D9
:10AD800001027B681A650023FB75FB7D18461837A6
:10AD9000BD4680BDE0FFBF8FFFFF39D880B483B0D0
:10ADA00000AF786039607B683A689A6200BF0C3700
:10ADB000BD465DF8047B704780B483B000AF786017
:10ADC00039607B683A68DA6200BF0C37BD465DF8CF
:10ADD000047B704780B483B000AF786039607B68D3
:10ADE0003A681A6300BF0C37BD465DF8047B7047B4
:10ADF00080B483B000AF786039607B683A685A638A
:10AE000000BF0C37BD465DF8047B704780B483B04B
:10AE100000AF786039607B683A689A6300BF0C378E
:10AE2000BD465DF8047B704780B483B000AF7860A6
:10AE300039607B683A68DA6300BF0C37BD465DF85D
:10AE4000047B704780B483B000AF786039607B6862
:10AE50003A681A6400BF0C37BD465DF8047B704742
:10AE600080B483B000AF786039607B689B6D7B688D
:10AE70003A689A6500BF0C37BD465DF8047B7047A1
:10AE800080B483B000AF786039607B683A68DA6577
:10AE900000BF0C37BD465DF8047B704780B483B0BB
:10AEA00000AF78607B685B6943F001027B685A61A0
:10AEB00000BF0C37BD465DF8047B704780B584B099
:10AEC00000AF786039607B681B68FB607B683D4A37
:10AED000934213D07B68B3F1804F0FD07B683A4A1E
:10AEE00093420BD07B68394A934207D07B68384A3B
:10AEF000934203D07B68374A934206D1FB6823F024
:10AF000070023B685B681343FB607B682D4A934289
:10AF10001FD07B68B3F1804F1BD07B682A4A9342D5
:10AF200017D07B68294A934213D07B68284A934202
:10AF30000FD07B68274A93420BD07B68264A934206
:10AF400007D07B68254A934203D07B68244A93420A
:10AF500006D1FB6823F440723B68DB681343FB6057
:10AF60007B68FA681A603B689B6819467868FFF747
:10AF700023FF3B681B8819467868FFF70FFF7B6843
:10AF8000104A93420FD07B68124A93420BD07B68E1
:10AF9000114A934207D07B68104A934203D07B68E2
:10AFA0000F4A934205D13B681B6919467868FFF741
:10AFB00011FF7868FFF772FF002318461037BD466F
:10AFC00080BD00BF000001400004004000080040B8
:10AFD000000C0040000401400040014000440140DA
:10AFE0000048014080B586B000AFF860B9607A6073
:10AFF0000123FB75BB68B3F5801F45D0BB68B3F573
:10B00000801F48D8BB68B3F5803F36D0BB68B3F526
:10B01000803F40D8BB68B3F5805F27D0BB68B3F5ED
:10B02000805F38D8BB68B3F5807F18D0BB68B3F5B4
:10B03000807F30D8BB68012B03D0BB68102B07D0B2
:10B0400029E07968F86800F02DF80346FB7523E0E5
:10B050007968F86800F0A6F80346FB751CE079688B
:10B06000F86800F023F90346FB7515E07968F86885
:10B0700000F0A0F90346FB750EE07968F86800F06F
:10B0800005FA0346FB7507E07968F86800F062FA94
:10B090000346FB7500E000BFFB7D18461837BD4630
:10B0A00080BD000080B586B000AF786039607B68F5
:10B0B0001B6A23F001027B681A627B681B6A7B6152
:10B0C0007B685B683B617B689B69FB60FB6823F086
:10B0D0000303FB60FA682D4B13403A681268134370
:10B0E000FB607B6923F002023B681B6913437B61B1
:10B0F0007B6923F001023B685B6813437B617B68DB
:10B10000234A93420FD07B68224A93420BD07B683C
:10B11000214A934207D07B68204A934203D07B6840
:10B120001F4A93421ED17B6923F008023B685B698A
:10B130009B0013437B617B6923F004023B689B689F
:10B140009B0013437B613B6923F480723B689B69DE
:10B1500013433B613B6923F400723B68DB695B008E
:10B1600013433B617B683A695A607B68FA689A616D
:10B170003B68DB6819467868FFF73AFE7B687A69B6
:10B180001A62002318461837BD4680BD8FFFFEFFA8
:10B190000000014000040140004001400044014023
:10B1A0000048014080B586B000AF786039607B68A8
:10B1B0001B6A23F010027B681A627B681B6A7B6142
:10B1C0007B685B683B617B689B69FB60FB6823F481
:10B1D0004073FB60FA682F4B13403A681268120202
:10B1E0001343FB607B6923F020023B681B691B0152
:10B1F00013437B617B6923F010023B685B681B0192
:10B2000013437B617B68244A93420FD07B68234AB7
:10B2100093420BD07B68224A934207D07B68214A35
:10B22000934203D07B68204A93421FD17B6923F06D
:10B2300080023B685B699B0113437B617B6923F060
:10B2400040023B689B689B0113437B613B6923F48D
:10B2500080623B689B699B0013433B613B6923F41D
:10B2600000623B68DB69DB0013433B617B683A6942
:10B270005A607B68FA689A613B68DB6819467868AF
:10B28000FFF7C4FD7B687A691A62002318461837F5
:10B29000BD4680BDFF8FFFFE00000140000401405D
:10B2A00000400140004401400048014080B586B0A4
:10B2B00000AF786039607B681B6A23F480727B681A
:10B2C0001A627B681B6A7B617B685B683B617B6899
:10B2D000DB69FB60FB6823F00303FB60FA682F4B1C
:10B2E00013403A6812681343FB607B6923F40072D1
:10B2F0003B681B691B0213437B617B6923F48072EB
:10B300003B685B681B0213437B617B68244A934262
:10B310000FD07B68234A93420BD07B68224A93422A
:10B3200007D07B68214A934203D07B68204A93422E
:10B330001FD17B6923F400623B685B699B02134366
:10B340007B617B6923F480623B689B689B021343AB
:10B350007B613B6923F480523B689B691B0113436B
:10B360003B613B6923F400523B68DB695B0113439B
:10B370003B617B683A695A607B68FA68DA613B68CE
:10B38000DB6819467868FFF74FFD7B687A691A62B7
:10B39000002318461837BD4680BD00BF8FFFFEFF53
:10B3A0000000014000040140004001400044014011
:10B3B0000048014080B586B000AF786039607B6896
:10B3C0001B6A23F480527B681A627B681B6A3B61AC
:10B3D0007B685B687B617B68DB69FB60FB6823F4EF
:10B3E0004073FB60FA68234B13403A6812681202FC
:10B3F0001343FB603B6923F400523B681B691B034A
:10B4000013433B613B6923F480523B685B681B0339
:10B4100013433B617B68184A93420FD07B68174AFD
:10B4200093420BD07B68164A934207D07B68154A3B
:10B43000934203D07B68144A934207D17B6923F47B
:10B4400080423B689B699B0113437B617B687A69FF
:10B450005A607B68FA68DA613B68DB68194678688D
:10B46000FFF7F0FC7B683A691A6200231846183728
:10B47000BD4680BDFF8FFFFE00000140000401407B
:10B4800000400140004401400048014080B584B0C4
:10B4900000AF786039607B681B6A23F480327B6878
:10B4A0001A627B681B6AFB607B685B6DBB60BA6875
:10B4B000224B13403A6812681343BB60FB6823F4C5
:10B4C00000323B681B691B041343FB60FB6823F4D9
:10B4D00080323B685B681B041343FB607B68184A3F
:10B4E00093420FD07B68174A93420BD07B68164A71
:10B4F000934207D07B68154A934203D07B68144A75
:10B50000934209D17B685B6823F480323B689B6976
:10B510001B021A437B685A607B68BA685A653B68AD
:10B52000DB6819467868FFF79BFC7B68FA681A624B
:10B53000002318461037BD4680BD00BF8FFFFEFFB9
:10B54000000001400004014000400140004401406F
:10B550000048014080B584B000AF786039607B68F6
:10B560001B6A23F480127B681A627B681B6AFB608B
:10B570007B685B6DBB60BA68224B13403A68126807
:10B5800012021343BB60FB6823F400123B681B6983
:10B590001B051343FB60FB6823F480123B685B6868
:10B5A0001B051343FB607B68174A93420FD07B68EF
:10B5B000164A93420BD07B68154A934207D07B68AA
:10B5C000144A934203D07B68134A934209D17B68A3
:10B5D0005B6823F480223B689B699B021A437B686B
:10B5E0005A607B68BA685A653B68DB6819467868B8
:10B5F000FFF746FC7B68FA681A620023184610378A
:10B60000BD4680BDFF8FFFFE0000014000040140E9
:10B6100000400140004401400048014080B483B034
:10B6200000AF78607B681B6803F00103012B01D138
:10B63000012300E0002318460C37BD465DF8047B6B
:10B64000704780B483B000AF786039607B68DB6A94
:10B6500023F00F033A6892B21A437B68DA6200BFA4
:10B660000C37BD465DF8047B704780B483B000AFF3
:10B67000786039607B685B6823F440523B681A430A
:10B680007B685A6000BF0C37BD465DF8047B70478D
:10B6900080B483B000AF786039607B689B6823F426
:10B6A00040723B681A437B689A6000BF0C37BD4606
:10B6B0005DF8047B7047000080B487B000AFF8608D
:10B6C000B9607A603B607B680B2B3CD83B6A002BEF
:10B6D00039D03B68B3F5004F22D17B68DBB21A4604
:10B6E0001C4B53F82230BA68B2FBF3F35A003B6AA2
:10B6F0005B081A443B6AB2FBF3F39BB27B617A6945
:10B700004FF6F07313403B617B695B089BB203F01B
:10B7100007033A6913433B61FB683A69DA6012E058
:10B720007B68DBB21A460B4B53F82230BA68B2FB87
:10B73000F3F23B6A5B081A443B6AB2FBF3F39BB239
:10B740001A46FB68DA6000BF1C37BD465DF8047B13
:10B75000704700BFB075020880B586B002AF786050
:10B7600039600123FB730023BB607868FFF756FF45
:10B770000346002B7FD17B681A68414B13403A681F
:10B7800091683A68126911433A68526911433A68FC
:10B79000D2690A431A437B681A603B68DB68194622
:10B7A0007868FFF762FF3B689B6919467868FFF786
:10B7B0006FFF7B68334A934204D13348FFF796F812
:10B7C000B8603DE07B68314A934204D13048FFF7CE
:10B7D0008DF8B86034E07B682E4A934204D12C483F
:10B7E000FFF784F8B8602BE07B682B4A934204D1C2
:10B7F0002748FFF77BF8B86022E07B68274A93422E
:10B8000004D12348FFF772F8B86019E07B68244A36
:10B81000934204D11C48FFF769F8B86010E07B68D8
:10B82000204A934204D11A48FFF760F8B86007E055
:10B830007B681D4A934203D11548FFF757F8B8605B
:10B84000BB68002B11D03B685B68002B0DD0002338
:10B85000FB733B681A683B68D9693B685B68009377
:10B860000B46B9687868FFF727FF3B681B681946E5
:10B870007868FFF7E6FEFB7B18461037BD4680BDB3
:10B88000F369FFEF00100140080300070044004087
:10B890000800000700480040004C004000500040F5
:10B8A0000014014000780040007C004084B080B566
:10B8B00084B000AF786007F11C0080E80E003B6B9D
:10B8C000012B20D17B689B6B23F480327B689A63C9
:10B8D0007B68DA682A4B13407A68D3607B68DB6840
:10B8E00023F440127B68DA60FB6C012B05D17B6886
:10B8F000DB6843F480127B68DA60786801F04EFB05
:10B900000346FB731AE07B68DB6843F040027B6808
:10B91000DA60786801F042FB0346FB733B6C002B56
:10B9200006D17B689B6B43F480327B689A6305E0A9
:10B930007B689B6B23F480327B689A63BB6A012B24
:10B9400016D17B68DB6D9AB27B68DA657B68DA6D4D
:10B950000C4B13437A68D3657B689B6843F00602FF
:10B960007B689A607B689B6843F020027B689A60E2
:10B97000FB7B18461037BD46BDE8804004B07047D9
:10B98000BFFFBDFF0000EE0380B487B000AFF860DA
:10B99000B9601346FB71FB79022B65D1BB68414A44
:10B9A000934206D9BB68404A934202D20F237B617F
:10B9B00062E0BB683C4A934206D3BB683B4A934271
:10B9C00002D20E237B6157E0BB68384A934206D30C
:10B9D000BB68374A934202D20D237B614CE0BB68BF
:10B9E000334A934206D3BB68324A934202D80C23AF
:10B9F0007B6141E0BB682F4A934206D9BB682E4A5F
:10BA0000934202D80B237B6136E0BB682A4A9342FB
:10BA100006D9BB68294A934202D80A237B612BE0EE
:10BA2000BB68264A934206D9BB68254A934202D294
:10BA300009237B6120E0BB68214A934206D3BB689F
:10BA4000204A934202D808237B6115E0BB681D4A57
:10BA5000934206D9BB681C4A934202D207237B61FA
:10BA60000AE006237B6107E0FB79002B02D1092362
:10BA70007B6101E009237B61FB68DB6823F4705282
:10BA8000FB68DA60FB68DA687B699B0203F4705339
:10BA90001A43FB68DA60002318461C37BD465DF880
:10BAA000047B7047BFACD800C0E1E4000024F40080
:10BAB000807306019F491A01FF2C31013FA44C01FC
:10BAC00000366E011FABA6010048E80180B483B0C8
:10BAD00000AF78607B689B6843F001027B689A60E6
:10BAE000002318460C37BD465DF8047B704780B4D0
:10BAF00083B000AF78607B689B6823F001027B68AD
:10BB00009A60002318460C37BD465DF8047B7047E9
:10BB100080B584B000AF78600B46FB700023FB60FB
:10BB20007B68DB6823F0C0427B68DA60FB78012B1E
:10BB300015D17B68DB6843F000527B68DA60012036
:10BB4000FBF7A6F8FB680133FB60786801F095F914
:10BB50000346012B1ED0FB68312BF0D91AE0FB788D
:10BB6000002B15D17B68DB6843F080427B68DA608C
:10BB70000120FBF78DF8FB680133FB60786801F06A
:10BB80007CF90346002B05D0FB68312BF0D901E08E
:10BB9000012305E0FB68322B01D1012300E00023E3
:10BBA00018461037BD4680BD84B080B586B000AF62
:10BBB000786007F1240080E80E000023FB757B68A5
:10BBC000FB6000233B6109E07A683B6940339B00DE
:10BBD000134400225A603B6901333B613B690E2BE1
:10BBE000F2D9FB6C002B1CD1FB6803F500635B688A
:10BBF000FA6802F5006243F0020353607B689B6BB6
:10BC000023F400127B689A637B681B6843F0400250
:10BC10007B681A607B681B6843F080027B681A604F
:10BC200005E07B689B6B43F400127B689A63FB68BA
:10BC300003F560631A4600231360FB6803F5006395
:10BC40001946FB6803F500631A460B681360BB6B6B
:10BC5000012B0CD1FB6A002B04D10021786800F085
:10BC600061F908E00121786800F05CF903E0032144
:10BC7000786800F057F91021786800F0F3F803466F
:10BC8000002B01D00123FB75786800F01DF90346F5
:10BC9000002B01D00123FB75FB6803F500631A46F6
:10BCA00000231361FB6803F500631A460023536108
:10BCB000FB6803F500631A460023D36100233B6150
:10BCC00043E03B695A01FB68134403F510631B68AA
:10BCD00003F00043B3F1004F18D13B69002B0AD1A8
:10BCE0003B695A01FB68134403F510631A464FF091
:10BCF0000063136013E03B695A01FB68134403F5CA
:10BD000010631A464FF09043136008E03B695A01F4
:10BD1000FB68134403F510631A46002313603B6964
:10BD20005A01FB68134403F510631A46002313619C
:10BD30003B695A01FB68134403F510631A464FF63A
:10BD40007F3393603B6901333B617B6A3A699A4276
:10BD5000B7D300233B6143E03B695A01FB681344BE
:10BD600003F530631B6803F00043B3F1004F18D1B3
:10BD70003B69002B0AD13B695A01FB68134403F568
:10BD800030631A464FF00063136013E03B695A01B9
:10BD9000FB68134403F530631A464FF09043136079
:10BDA00008E03B695A01FB68134403F530631A4607
:10BDB000002313603B695A01FB68134403F53063A9
:10BDC0001A46002313613B695A01FB68134403F5CB
:10BDD00030631A464FF67F3393603B6901333B6112
:10BDE0007B6A3A699A42B7D3FB6803F500631B6923
:10BDF000FA6802F5006223F4807313617B68002205
:10BE00009A617B686FF080425A613B6B002B05D1D1
:10BE10007B689B6943F010027B689A617B689A6932
:10BE20000E4B13437A689361FB6B002B05D07B6844
:10BE30009B6943F008027B689A61FB6C012B05D17A
:10BE40007B689A69064B13437A689361FB7D1846B9
:10BE50001837BD46BDE8804004B0704700383C80CC
:10BE60000400004080B485B000AF786039600023E2
:10BE7000FB60FB680133FB60124A934201D9032344
:10BE80001AE07B681B69002BF3DA0023FB603B6838
:10BE90009B0143F020027B681A61FB680133FB6061
:10BEA000084A934201D9032306E07B681B6903F02B
:10BEB0002003202BF1D0002318461437BD465DF82F
:10BEC000047B7047400D030080B485B000AF7860FC
:10BED0000023FB60FB680133FB60114A934201D9E8
:10BEE000032317E07B681B69002BF3DA0023FB6058
:10BEF0007B6810221A61FB680133FB60084A934299
:10BF000001D9032306E07B681B6903F01003102BA3
:10BF1000F1D0002318461437BD465DF8047B704706
:10BF2000400D030080B485B000AF78600B46FB7015
:10BF30007B68FB60FB6803F500631A68FB78F968AF
:10BF400001F5006113430B60002318461437BD460A
:10BF50005DF8047B704780B487B000AF78607B6881
:10BF60003B613B6903F500639B6803F00603FB60DC
:10BF7000FB68002B02D10023FB750AE0FB68022B53
:10BF800002D0FB68062B02D10223FB7501E00F23D0
:10BF9000FB75FB7D18461C37BD465DF8047B70477A
:10BFA00080B485B000AF786039607B68FB603B6827
:10BFB0001B78BB603B685B78012B39D1FB6803F5CC
:10BFC0000063DA693B681B7803F00F03012101FA73
:10BFD00003F39BB2F96801F500611343CB61BB68C1
:10BFE0005A01FB68134403F510631B6803F4004314
:10BFF000002B53D1BB685A01FB68134403F510634F
:10C000001A683B689B68C3F30A013B68DB789B04B2
:10C010001943BB689B050B431A43BB685901FB6876
:10C020000B4403F510631946204B13430B6035E0B6
:10C03000FB6803F50063DA693B681B7803F00F03C4
:10C04000012101FA03F31B04F96801F500611343B0
:10C05000CB61BB685A01FB68134403F530631B686E
:10C0600003F40043002B19D1BB685A01FB68134449
:10C0700003F530631A683B689B68C3F30A013B68A9
:10C08000DB789B040B431A43BB685901FB680B44E4
:10C0900003F530631946054B13430B600023184624
:10C0A0001437BD465DF8047B704700BF0080001068
:10C0B00080B485B000AF786039607B68FB603B6816
:10C0C0001B78BB603B685B78012B61D1BB685A0170
:10C0D000FB68134403F510631B6803F00043B3F1DE
:10C0E000004F1FD1BB685A01FB68134403F510636E
:10C0F0001B68BA685101FA680A4402F5106243F0FD
:10C1000000631360BB685A01FB68134403F51063B6
:10C110001B68BA685101FA680A4402F5106243F0DC
:10C1200080431360FB6803F50063DA6B3B681B78A0
:10C1300003F00F03012101FA03F39BB2DB43F9681B
:10C1400001F500611340CB63FB6803F50063DA6916
:10C150003B681B7803F00F03012101FA03F39BB244
:10C16000DB43F96801F500611340CB61BB685A01FC
:10C17000FB68134403F510631A68BB685901FB6838
:10C180000B4403F510631946354B13400B6060E018
:10C19000BB685A01FB68134403F530631B6803F066
:10C1A0000043B3F1004F1FD1BB685A01FB68134431
:10C1B00003F530631B68BA685101FA680A4402F556
:10C1C000306243F000631360BB685A01FB6813449C
:10C1D00003F530631B68BA685101FA680A4402F536
:10C1E000306243F080431360FB6803F50063DA6B51
:10C1F0003B681B7803F00F03012101FA03F31B04D2
:10C20000DB43F96801F500611340CB63FB6803F57C
:10C210000063DA693B681B7803F00F03012101FA20
:10C2200003F31B04DB43F96801F500611340CB61A4
:10C23000BB685A01FB68134403F530631A68BB6896
:10C240005901FB680B4403F530631946054B134055
:10C250000B60002318461437BD465DF8047B704719
:10C26000007833EC0078F3EF80B58AB002AFF86065
:10C27000B9601346FB71FB68FB61BB681B78BB614F
:10C28000BB685B78012B40F06381BB685B69002B66
:10C2900032D1BB695A01FB69134403F510631A6973
:10C2A000BB695901FB690B4403F510631946A54BA3
:10C2B00013400B61BB695A01FB69134403F510631A
:10C2C0001B69BA695101FA690A4402F5106243F424
:10C2D00000231361BB695A01FB69134403F5106322
:10C2E0001A69BB695901FB690B4403F510631946D0
:10C2F000954B13400B6174E0BB695A01FB69134411
:10C3000003F510631A69BB695901FB690B4403F516
:10C31000106319468C4B13400B61BB695A01FB69D2
:10C32000134403F510631A69BB695901FB690B4497
:10C3300003F510631946834B13400B61BB695A0127
:10C34000FB69134403F510631A69BB685969BB683C
:10C350009B680B44591EBB689B68B1FBF3F3D9047F
:10C360007A4B0B40B9694801F969014401F5106144
:10C3700013430B61BB695A01FB69134403F5106356
:10C380001A69BB685B69C3F31203B9694801F969AB
:10C39000014401F5106113430B61BB68DB78012B8D
:10C3A0001FD1BB695A01FB69134403F510631B6974
:10C3B000BA695101FA690A4402F5106223F0C043D8
:10C3C0001361BB695A01FB69134403F510631B69D0
:10C3D000BA695101FA690A4402F5106243F0005348
:10C3E0001361FB79012B4BD1BB681B69002B09D072
:10C3F000BB695A01FB69134403F510631A46BB6815
:10C400001B695361BB68DB78012B28D1FB6903F5FD
:10C4100000639B6803F48073002B10D1BB695A0141
:10C42000FB69134403F510631B68BA695101FA698B
:10C430000A4402F5106243F0005313600FE0BB6939
:10C440005A01FB69134403F510631B68BA69510173
:10C45000FA690A4402F5106243F080531360BB6925
:10C460005A01FB69134403F510631B68BA69510153
:10C47000FA690A4402F5106243F00443136033E1A1
:10C48000BB695A01FB69134403F510631B68BA6961
:10C490005101FA690A4402F5106243F00443136043
:10C4A000BB68DB78012B15D0BB685B69002B00F003
:10C4B0001B81FB6903F500635A6BBB681B7803F0B3
:10C4C0000F03012101FA03F3F96901F50061134338
:10C4D0004B6309E1FB6903F500639B6803F4807318
:10C4E000002B10D1BB695A01FB69134403F510639B
:10C4F0001B68BA695101FA690A4402F5106243F0F7
:10C50000005313600FE0BB695A01FB69134403F544
:10C5100010631B68BA695101FA690A4402F5106296
:10C5200043F080531360BB68D968BB681A78BB6856
:10C530005B6998B2FB7900930346F86800F038FA1B
:10C54000D2E000BFFFFF07E00000F8FF0000F81F87
:10C55000BB695A01FB69134403F530631A69BB696F
:10C560005901FB690B4403F530631946614B1340D5
:10C570000B61BB695A01FB69134403F530631A6907
:10C58000BB695901FB690B4403F5306319465A4BEB
:10C5900013400B61BB685B69002B23D1BB695A0157
:10C5A000FB69134403F530631A69BB689B68C3F3E6
:10C5B0001203B9694801F969014401F53061134377
:10C5C0000B61BB695A01FB69134403F530631B69B6
:10C5D000BA695101FA690A4402F5306243F4002352
:10C5E000136133E0BB685A69BB689B6813445A1EE9
:10C5F000BB689B68B2FBF3F3FB82BB695A01FB6922
:10C60000134403F530631A69FB8AD9043B4B0B4092
:10C61000B9694801F969014401F5306113430B61BF
:10C62000BB695A01FB69134403F530631A69BB689F
:10C630009B68F98A01FB03F3C3F31203B96948014C
:10C64000F969014401F5306113430B61FB79012B5A
:10C650000DD1BB68DB68002B09D0BB68D968BB690A
:10C660005A01FB69134403F530630A465A61BB68FB
:10C67000DB78012B28D1FB6903F500639B6803F489
:10C680008073002B10D1BB695A01FB69134403F579
:10C6900030631B68BA695101FA690A4402F53062D5
:10C6A00043F0005313600FE0BB695A01FB69134468
:10C6B00003F530631B68BA695101FA690A4402F54F
:10C6C000306243F080531360BB695A01FB69134425
:10C6D00003F530631B68BA695101FA690A4402F52F
:10C6E000306243F004431360002318462037BD46F0
:10C6F00080BD00BF0000F8FFFFFF07E00000F81F4B
:10C7000080B487B000AFF860B9601346FB71FB6876
:10C710007B61BB681B783B61BB685B78012B40F099
:10C72000CD80BB685B69002B32D13B695A017B69C4
:10C73000134403F510631A693B6959017B690B4483
:10C7400003F510631946984B13400B613B695A017E
:10C750007B69134403F510631B693A6951017A69D7
:10C760000A4402F5106243F4002313613B695A0145
:10C770007B69134403F510631A693B6959017B69AE
:10C780000B4403F510631946884B13400B614EE0D0
:10C790003B695A017B69134403F510631A693B69CD
:10C7A00059017B690B4403F5106319467F4B134015
:10C7B0000B613B695A017B69134403F510631A69E5
:10C7C0003B6959017B690B4403F510631946764BAD
:10C7D00013400B61BB685A69BB689B689A4203D9D6
:10C7E000BB689A68BB685A613B695A017B6913440C
:10C7F00003F510631B693A6951017A690A4402F52D
:10C80000106243F4002313613B695A017B691344AE
:10C8100003F510631A69BB685B69C3F312033969D6
:10C8200048017969014401F5106113430B61FB79FB
:10C83000012B1ED1BB681B69002B09D03B695A0133
:10C840007B69134403F510631A46BB681B69536187
:10C850003B695A017B69134403F510631B683A690D
:10C8600051017A690A4402F5106243F004431360EF
:10C8700092E03B695A017B69134403F510631B681E
:10C880003A6951017A690A4402F5106243F004439F
:10C890001360BB685B69002B7ED07B6903F5006386
:10C8A0005A6BBB681B7803F00F03012101FA03F3F5
:10C8B000796901F5006113434B636DE03B695A01EF
:10C8C0007B69134403F530631A693B6959017B693D
:10C8D0000B4403F530631946344B13400B613B693D
:10C8E0005A017B69134403F530631A693B695901A6
:10C8F0007B690B4403F5306319462B4B13400B61E6
:10C90000BB685B69002B03D0BB689A68BB685A613F
:10C910003B695A017B69134403F530631B693A692B
:10C9200051017A690A4402F5306243F4002313612D
:10C930003B695A017B69134403F530631A69BB688C
:10C940009B68C3F31203396948017969014401F511
:10C95000306113430B61FB79012B0DD1BB68DB68A0
:10C96000002B09D0BB68D9683B695A017B69134425
:10C9700003F530630A465A613B695A017B691344E7
:10C9800003F530631B683A6951017A690A4402F57C
:10C99000306243F004431360002318461C37BD4641
:10C9A0005DF8047B704700BFFFFF07E00000F8FF61
:10C9B00080B489B000AFF860B96011461A460B46E2
:10C9C000FB711346BB80FB687B61BB68FB6197F81A
:10C9D0002830002B23D1BB8803339B083B61002305
:10C9E000BB6118E0FB791A037B69134403F580539C
:10C9F0001A46FB691B681360FB690133FB61FB6925
:10CA00000133FB61FB690133FB61FB690133FB61AE
:10CA1000BB690133BB61BA693B699A42E2D3002327
:10CA200018462437BD465DF8047B704780B48BB050
:10CA300000AFF860B9601346FB80FB68BB61BB6860
:10CA40007B62FB889B089BB27B61FB8803F003033E
:10CA5000FB8300233B6214E0BB6903F580531A6833
:10CA60007B6A1A607B6A01337B627B6A01337B627B
:10CA70007B6A01337B627B6A01337B623B6A0133F1
:10CA80003B623A6A7B699A42E6D3FB8B002B1ED04D
:10CA900000233B62BB6903F580531A4607F110037C
:10CAA00012681A603A693B6ADBB2DB0022FA03F3D0
:10CAB000DAB27B6A1A703B6A01333B627B6A0133EC
:10CAC0007B62FB8B013BFB83FB8B002BEAD17B6AF8
:10CAD00018462C37BD465DF8047B704780B485B09E
:10CAE00000AF786039607B68FB603B681B78BB6097
:10CAF0003B685B78012B2CD1BB685A01FB6813445F
:10CB000003F510631B68002B12DBBB68002B0FD0F2
:10CB1000BB685A01FB68134403F510631B68BA68CD
:10CB20005101FA680A4402F5106223F08043136051
:10CB3000BB685A01FB68134403F510631B68BA68AD
:10CB40005101FA680A4402F5106243F400131360BD
:10CB50002BE0BB685A01FB68134403F530631B6884
:10CB6000002B12DBBB68002B0FD0BB685A01FB689F
:10CB7000134403F530631B68BA685101FA680A442C
:10CB800002F5306223F080431360BB685A01FB68F2
:10CB9000134403F530631B68BA685101FA680A440C
:10CBA00002F5306243F40013136000231846143773
:10CBB000BD465DF8047B704780B485B000AF7860F7
:10CBC00039607B68FB603B681B78BB603B685B78C7
:10CBD000012B28D1BB685A01FB68134403F510638D
:10CBE0001B68BA685101FA680A4402F5106223F41E
:10CBF000001313603B68DB78032B03D03B68DB78C2
:10CC0000022B38D1BB685A01FB68134403F510634B
:10CC10001B68BA685101FA680A4402F5106243F0D1
:10CC20008053136027E0BB685A01FB68134403F587
:10CC300030631B68BA685101FA680A4402F5306231
:10CC400023F4001313603B68DB78032B03D03B68AD
:10CC5000DB78022B0FD1BB685A01FB68134403F544
:10CC600030631B68BA685101FA680A4402F5306201
:10CC700043F080531360002318461437BD465DF817
:10CC8000047B704780B485B000AF78600B46FB70C2
:10CC90007B68FB60FB6803F500631B68FA6802F5BC
:10CCA000006223F4FE631360FB6803F500631A68F7
:10CCB000FB781B0103F4FE63F96801F5006113437F
:10CCC0000B60002318461437BD465DF8047B70479F
:10CCD00080B485B000AF78607B68FB60FB6803F5CB
:10CCE00060631B68FA6802F5606223F00303136057
:10CCF000FB6803F500635B68FA6802F5006223F0E5
:10CD000002035360002318461437BD465DF8047BC8
:10CD1000704780B485B000AF78607B68FB60FB68CB
:10CD200003F560631B68FA6802F5606223F0030391
:10CD30001360FB6803F500635B68FA6802F5006244
:10CD400043F002035360002318461437BD465DF8D4
:10CD5000047B704780B485B000AF78607B685B6906
:10CD6000FB607B689B69FA681340FB60FB681846B0
:10CD70001437BD465DF8047B704780B485B000AFC2
:10CD800078607B68FB60FB6803F500639B69BB60B0
:10CD9000FB6803F50063DB69BA681340BB60BB68DE
:10CDA0001B0C18461437BD465DF8047B704780B4F1
:10CDB00085B000AF78607B68FB60FB6803F50063BB
:10CDC0009B69BB60FB6803F50063DB69BA681340CD
:10CDD000BB60BB689BB218461437BD465DF8047B48
:10CDE000704780B485B000AF78600B46FB707B68FD
:10CDF000FB60FB785A01FB68134403F530639B68C2
:10CE0000BB60FB6803F500635B69BA681340BB60F5
:10CE1000BB6818461437BD465DF8047B704780B484
:10CE200087B000AF78600B46FB707B687B617B69E5
:10CE300003F500631B693B617B6903F500635B6B72
:10CE4000FB60FB7803F00F03FA6822FA03F3DB01BF
:10CE5000DBB23A6913433B61FB785A017B691344A7
:10CE600003F510639B683A691340BB60BB681846C2
:10CE70001C37BD465DF8047B704780B483B000AFBB
:10CE800078607B685B6903F0010318460C37BD4688
:10CE90005DF8047B7047000080B485B000AF786017
:10CEA0007B68FB60FB6803F510631A68FB6803F599
:10CEB00010631946094B13400B60FB6803F50063D0
:10CEC0005B68FA6802F5006243F4807353600023E4
:10CED00018461437BD465DF8047B704700F8FFFF25
:10CEE00080B487B000AFF8600B467A60FB72FB68D5
:10CEF0007B61FB683C3304331B683B613B69264A1A
:10CF000093420AD97B6903F530631B6803F0004341
:10CF1000B3F1004F01D1002337E07B6903F53063A3
:10CF20001A46002313617B6903F530631B697A6934
:10CF300002F5306243F4002313617B6903F530632B
:10CF40001B697A6902F5306243F0180313617B694B
:10CF500003F530631B697A6902F5306243F0C04320
:10CF60001361FB7A012B0FD17B6903F530631A46FD
:10CF70007B6853617B6903F530631B687A6902F54E
:10CF8000306243F080231360002318461C37BD46EF
:10CF90005DF8047B704700BF0A30544F80B485B001
:10CFA00000AF78600023FB60FB680133FB60134A2D
:10CFB000934201D903231AE07B681B69002BF3DA43
:10CFC0000023FB607B681B6943F001027B681A61E8
:10CFD000FB680133FB60094A934201D9032306E051
:10CFE0007B681B6903F00103012BF1D00023184675
:10CFF0001437BD465DF8047B704700BF400D030049
:10D0000080B483B000AF7860044A7B68136000BFCF
:10D010000C37BD465DF8047B704700BF1400002448
:10D0200080B584B000AF78600B46FB704FF407709A
:10D0300014F05CFFF860FB68002B05D17B680022D0
:10D04000C3F8BC22022366E07B68FA68C3F8BC22FE
:10D050007B681B7C002B19D14FF4007302228121C5
:10D06000786814F020FE7B6801221A874FF4007361
:10D0700002220121786814F016FE7B680122A3F8D1
:10D0800078217B681022A3F84E2016E0402302226C
:10D090008121786814F007FE7B6801221A874023FB
:10D0A00002220121786814F0FEFD7B680122A3F8BA
:10D0B00078217B681022A3F84E20082303228221C6
:10D0C000786814F0F0FD7B680122A3F84C207B689F
:10D0D000D3F8C0321B689847FB680022C3F81422BB
:10D0E000FB680022C3F818227B681B7C002B09D147
:10D0F000FB68D3F804224FF400730121786814F020
:10D10000C1FE07E0FB68D3F80422402301217868C0
:10D1100014F0B8FE002318461037BD4680BD80B518
:10D1200082B000AF78600B46FB708121786814F004
:10D13000E0FD7B6800221A870121786814F0D9FD90
:10D140007B680022A3F878218221786814F0D1FD51
:10D150007B680022A3F84C207B680022A3F84E20B5
:10D160007B68D3F8BC32002B0ED07B68D3F8C0327A
:10D170005B6898477B68D3F8BC32184614F0C4FE4D
:10D180007B680022C3F8BC22002318460837BD463E
:10D1900080BD000080B586B000AF786039607B68E4
:10D1A000D3F8BC323B6100237B7300237B810023D7
:10D1B000FB753B69002B01D10323AFE03B681B7873
:10D1C00003F06003002B3FD0202B40F09F803B6892
:10D1D000DB88002B2ED03B681B785BB2002B16DA65
:10D1E0007B68D3F8C0329B683A68507839693A68EE
:10D1F000D28898473B68DB88072B28BF0723FB8131
:10D200003B69FA891946786801F019FB85E03B68AB
:10D210005A783B6983F800223B68DB88DAB23B69C5
:10D2200083F8012239693B68DB881A46786801F087
:10D2300032FB72E07B68D3F8C0329B683A68507862
:10D2400000223968984768E03B685B780B2B52D81E
:10D2500001A252F823F000BF89D2000805D30008CC
:10D26000F7D20008F7D20008F7D20008F7D200087A
:10D27000F7D20008F7D20008F7D20008F7D200086A
:10D28000B3D20008DDD200087B6893F89C32DBB291
:10D29000032B07D107F10A0302221946786801F02F
:10D2A000CEFA32E03968786801F058FA0323FB754A
:10D2B0002BE07B6893F89C32DBB2032B07D107F19C
:10D2C0000D0301221946786801F0B9FA1DE03968AA
:10D2D000786801F043FA0323FB7516E07B6893F846
:10D2E0009C32DBB2032B0FD03968786801F036FA34
:10D2F0000323FB7508E03968786801F02FFA0323EF
:10D30000FB7502E000BF08E000BF06E039687868FE
:10D3100001F024FA0323FB7500BFFB7D1846183784
:10D32000BD4680BD80B584B000AF78600B46FB7011
:10D330007B68D3F8C432FB607B68D3F8BC32002B27
:10D3400001D103234FE07B68D3F8BC32BB60FA788D
:10D35000796813469B0013449B000B4418331B68E9
:10D36000002B29D0FA78796813469B0013449B0060
:10D370000B4418331A68F978F8680B46DB005B1A1F
:10D380009B00034444331B68B2FBF3F103FB01F33E
:10D39000D31A002B10D1FA78796813469B001344F6
:10D3A0009B000B44183300221A60F97800230022F6
:10D3B000786814F046FD15E0BB680022C3F814221B
:10D3C0007B68D3F8C0321B69002B0BD07B68D3F885
:10D3D000C0321B69BA68D2F80802BA6802F5047153
:10D3E000FA789847002318461037BD4680BD80B5AF
:10D3F00084B000AF78600B46FB707B68D3F8BC321A
:10D40000FB607B68D3F8BC32002B01D1032315E00D
:10D41000FB781946786814F056FD0246FB68C3F89D
:10D420000C227B68D3F8C032DB68FA68D2F80402B9
:10D43000FA6802F503721146984700231846103720
:10D44000BD4680BD80B584B000AF78607B68D3F8FE
:10D45000BC32FB60FB68002B01D103231BE07B681F
:10D46000D3F8C032002B15D0FB6893F80032FF2BA5
:10D4700010D07B68D3F8C0329B68FA6892F800023B
:10D48000F968FA6892F8012292B29847FB68FF2285
:10D4900083F80022002318461037BD4680BD0000E7
:10D4A00080B483B000AF78607B6843221A80034B5E
:10D4B00018460C37BD465DF8047B7047AC0000246D
:10D4C00080B483B000AF78607B6843221A80034B3E
:10D4D00018460C37BD465DF8047B70476800002491
:10D4E00080B483B000AF78607B6843221A80034B1E
:10D4F00018460C37BD465DF8047B7047F0000024E9
:10D5000080B483B000AF78607B680A221A80034B36
:10D5100018460C37BD465DF8047B70472400002494
:10D5200080B483B000AF786039603B68002B01D1D4
:10D53000032304E07B683A68C3F8C022002318463E
:10D540000C37BD465DF8047B704780B487B000AFF0
:10D55000F860B9607A60FB68D3F8BC327B617B69A4
:10D56000002B01D1032308E07B69BA68C3F80822C5
:10D570007B697A68C3F81022002318461C37BD4621
:10D580005DF8047B704780B485B000AF7860396087
:10D590007B68D3F8BC32FB60FB68002B01D103230E
:10D5A00004E0FB683A68C3F80422002318461437E5
:10D5B000BD465DF8047B704780B584B000AF7860ED
:10D5C0007B68D3F8BC32BB600123FB737B68D3F864
:10D5D000BC32002B01D103231AE0BB68D3F814320C
:10D5E000002B14D1BB680122C3F81422BB68D3F806
:10D5F00010227B68DA62BB68D3F80822BB68D3F8D4
:10D6000010328121786814F01CFC0023FB73FB7B33
:10D6100018461037BD4680BD80B584B000AF786035
:10D620007B68D3F8BC32FB607B68D3F8BC32002B3C
:10D6300001D1032316E07B681B7C002B09D1FB681A
:10D64000D3F804224FF400730121786814F01AFC17
:10D6500007E0FB68D3F8042240230121786814F026
:10D6600011FC002318461037BD4680BD80B586B03A
:10D6700000AFF860B9601346FB71FB68002B01D165
:10D6800003231FE0FB680022C3F8B822FB680022D6
:10D69000C3F8C022FB680022C3F8CC22BB68002B71
:10D6A00003D0FB68BA68C3F8B422FB68012283F890
:10D6B0009C22FB68FA791A70F86814F089FA03461C
:10D6C000FB75FB7D18461837BD4680BD80B584B01C
:10D6D00000AF786039600023FB813B68002B01D1EB
:10D6E000032316E07B683A68C3F8B8227B68D3F856
:10D6F000B832DB6A002B0BD07B68D3F8B832DB6A18
:10D7000007F10E021046984702467B68C3F8CC2208
:10D71000002318461037BD4680BD80B582B000AFEB
:10D720007860786814F0A4FA034618460837BD46B6
:10D7300080BD80B483B000AF7860002318460C37FA
:10D74000BD465DF8047B704780B584B000AF78605B
:10D750000B46FB700323FB737B68D3F8B832002BB6
:10D7600009D07B68D3F8B8321B68FA78114678681C
:10D7700098470346FB73FB7B18461037BD4680BDB8
:10D7800080B582B000AF78600B46FB707B68D3F841
:10D79000B832002B07D07B68D3F8B8325B68FA78D0
:10D7A000114678689847002318460837BD4680BD63
:10D7B00080B584B000AF786039607B6803F2AA233B
:10D7C0003968184600F090FF7B680122C3F8942264
:10D7D0007B68B3F8B0321A467B68C3F898227B683E
:10D7E00093F8AA3203F01F03022B1AD0022B22D87F
:10D7F000002B02D0012B0AD01DE07B6803F2AA2384
:10D800001946786800F062FA0346FB7320E07B68F3
:10D8100003F2AA231946786800F0C6FA0346FB73A0
:10D8200016E07B6803F2AA231946786800F005FB2E
:10D830000346FB730CE07B6893F8AA3223F07F0366
:10D84000DBB21946786814F073FA0346FB7300BF25
:10D85000FB7B18461037BD4680BD80B586B000AF53
:10D86000F8600B467A60FB72FB7A002B38D1FB68BC
:10D8700003F5AA733B61FB68D3F89432032B4AD1BA
:10D880003B699A683B69DB689A4213D93B699A689D
:10D890003B69DB68D21A3B699A603B69DA683B698D
:10D8A0009B68934228BF13461A467968F86801F0CE
:10D8B0000FF830E0FB6893F89C32DBB2032B0BD1FE
:10D8C000FB68D3F8B8321B69002B05D0FB68D3F88E
:10D8D000B8321B69F8689847F86801F00AF81AE04E
:10D8E000FB6893F89C32DBB2032B14D1FB68D3F8AE
:10D8F000B8329B69002B0ED0FB68D3F8B8329B6915
:10D90000FA7A1146F86898470346FB75FB7D002BB1
:10D9100001D0FB7D00E0002318461837BD4680BDCE
:10D9200080B586B000AFF8600B467A60FB72FB7A78
:10D93000002B6BD1FB6814333B61FB68D3F8943246
:10D94000022B56D13B699A683B69DB689A4214D92D
:10D950003B699A683B69DB68D21A3B699A603B690C
:10D960009B681A467968F86800F084FF002300225B
:10D970000021F86814F086FA3BE03B69DA683B69FD
:10D980009B689A421CD13B695A683B69DB689A42A2
:10D9900016D33B695A68FB68D3F898329A420FD283
:10D9A00000220021F86800F065FFFB680022C3F840
:10D9B0009822002300220021F86814F063FA18E08E
:10D9C000FB6893F89C32DBB2032B0BD1FB68D3F8D6
:10D9D000B832DB68002B05D0FB68D3F8B832DB68BF
:10D9E000F86898478021F86814F0A2F9F86800F008
:10D9F00093FFFB6893F8A032012B22D1F868FFF760
:10DA000098FEFB68002283F8A0221AE0FB6893F8D6
:10DA10009C32DBB2032B14D1FB68D3F8B8325B69BC
:10DA2000002B0ED0FB68D3F8B8325B69FA7A114646
:10DA3000F86898470346FB75FB7D002B01D0FB7D02
:10DA400000E0002318461837BD4680BD80B582B07F
:10DA500000AF78607B68012283F89C227B680022FB
:10DA6000C3F894227B6800225A607B680022C3F8C6
:10DA7000A4227B68D3F8B832002B01D103232FE016
:10DA80007B68D3F8BC32002B0FD07B68D3F8B83258
:10DA90005B68002B09D07B68D3F8B8325B687A6882
:10DAA0005268D2B21146786898474023002200217C
:10DAB000786814F0F8F87B680122A3F864217B6889
:10DAC0004022C3F86021402300228021786814F0AE
:10DAD000EAF87B6801229A847B6840221A6200235C
:10DAE00018460837BD4680BD80B483B000AF78606B
:10DAF0000B46FB707B68FA781A74002318460C37C3
:10DB0000BD465DF8047B704780B483B000AF786099
:10DB10007B6893F89C32DAB27B6883F89D227B683D
:10DB2000042283F89C22002318460C37BD465DF87A
:10DB3000047B704780B483B000AF78607B6893F853
:10DB40009C32DBB2042B06D17B6893F89D32DAB2AB
:10DB50007B6883F89C22002318460C37BD465DF88D
:10DB6000047B704780B582B000AF78607B68D3F8E3
:10DB7000B832002B01D1032312E07B6893F89C326A
:10DB8000DBB2032B0BD17B68D3F8B832DB69002BF7
:10DB900005D07B68D3F8B832DB69786898470023F2
:10DBA00018460837BD4680BD80B582B000AF7860AA
:10DBB0000B46FB707B68D3F8B832002B01D10323EE
:10DBC00014E07B6893F89C32DBB2032B0DD17B68A9
:10DBD000D3F8B8321B6A002B07D07B68D3F8B83271
:10DBE0001B6AFA7811467868984700231846083768
:10DBF000BD4680BD80B582B000AF78600B46FB703B
:10DC00007B68D3F8B832002B01D1032314E07B6882
:10DC100093F89C32DBB2032B0DD17B68D3F8B8327A
:10DC20005B6A002B07D07B68D3F8B8325B6AFA785E
:10DC3000114678689847002318460837BD4680BDCE
:10DC400080B483B000AF7860002318460C37BD461F
:10DC50005DF8047B704780B582B000AF78607B6868
:10DC6000012283F89C227B68D3F8B832002B09D0BC
:10DC70007B68D3F8B8325B687A685268D2B21146D2
:10DC800078689847002318460837BD4680BD80B4A1
:10DC900087B000AF78607B687B617B691B787B8293
:10DCA0007B6901337B617B691B783B823B8A1B026A
:10DCB0001AB2B7F9123013431BB2FB81FB89184625
:10DCC0001C37BD465DF8047B7047000080B584B00A
:10DCD00000AF786039600023FB733B681B7803F06A
:10DCE0006003402B05D0402B53D8002B0BD0202BAA
:10DCF0004FD17B68D3F8B8329B6839687868984709
:10DD00000346FB734AE03B685B78092B3BD801A2D2
:10DD100052F823F069DD00087DDD000887DD00088A
:10DD200073DD000887DD000847DD00083DDD0008E1
:10DD300087DD00085FDD000851DD0008396878687C
:10DD400000F0DEF924E03968786800F043FB1FE05A
:10DD50003968786800F082FB0346FB7318E0396885
:10DD6000786800F021FC13E03968786800F052FC14
:10DD70000EE03968786800F081FC09E0396878685D
:10DD800000F090FC04E03968786800F0E7FC00BF20
:10DD900004E03968786800F0E1FC00BFFB7B1846BE
:10DDA0001037BD4680BD00BF80B584B000AF78603D
:10DDB00039600023FB733B681B7803F06003402B42
:10DDC00005D0402B2FD8002B01D0202B2BD17B68E6
:10DDD00093F89C32DBB2013B022B1DD83B689B8839
:10DDE000DBB2012B13D87B68D3F8B8329B68396853
:10DDF000786898470346FB733B68DB88002B10D19B
:10DE0000FB7B002B0DD1786800F073FD09E03968C9
:10DE1000786800F0A3FC04E03968786800F09EFCA4
:10DE200000E000BF04E03968786800F097FC00BFAC
:10DE3000FB7B18461037BD4680BD80B584B000AF6F
:10DE4000786039600023FB733B689B88BB733B6839
:10DE50001B7803F06003402B07D0402B00F2458174
:10DE6000002B0CD0202B40F040817B68D3F8B832D7
:10DE70009B683968786898470346FB733AE13B68CA
:10DE80005B78032B07D0032B00F32981002B7FD075
:10DE9000012B3CD023E17B6893F89C32DBB2022B50
:10DEA00002D0032B16D02CE0BB7B002B0DD0BB7B0C
:10DEB000802B0AD0BB7B1946786813F039FF80218C
:10DEC000786813F035FF00BF20E03968786800F00B
:10DED00045FC1BE03B685B88002B0ED1BB7B002B15
:10DEE0000BD0BB7B802B08D03B68DB88002B04D198
:10DEF000BB7B1946786813F01BFF786800F0F9FCCB
:10DF000004E03968786800F029FC00BFECE07B6829
:10DF100093F89C32DBB2022B02D0032B16D030E0F8
:10DF2000BB7B002B0DD0BB7B802B0AD0BB7B194663
:10DF3000786813F0FDFE8021786813F0F9FE00BFC9
:10DF400025E03968786800F009FC20E03B685B88D0
:10DF5000002B1BD1BB7B03F07F03002B04D0BB7BCA
:10DF60001946786813F003FF786800F0C2FC7B68FC
:10DF7000D3F8B8329B683968786898470346FB73D2
:10DF800004E03968786800F0E9FB00E000BFABE02E
:10DF90007B6893F89C32DBB2022B02D0032B32D089
:10DFA00097E0BB7B002B07D0BB7B802B04D039686C
:10DFB000786800F0D3FB91E097F90E30002B0BDA74
:10DFC000BB7B03F07F0213469B0013449B0010337E
:10DFD0007A68134404330BE0BB7B03F07F021346E3
:10DFE0009B0013449B0003F5A8737A681344043321
:10DFF000BB60BB6800221A60BB68022219467868C1
:10E0000000F01DFC6AE097F90E30002B11DABB7BA3
:10E0100003F00F02796813469B0013449B000B44E6
:10E0200024331B88002B17D13968786800F096FBE1
:10E0300054E0BB7B03F00F02796813469B00134446
:10E040009B000B4403F5B2731B88002B04D1396885
:10E05000786800F083FB41E097F90E30002B0BDA73
:10E06000BB7B03F07F0213469B0013449B001033DD
:10E070007A68134404330BE0BB7B03F07F02134642
:10E080009B0013449B0003F5A8737A681344043380
:10E09000BB60BB7B002B02D0BB7B802B03D1BB685A
:10E0A00000221A600EE0BB7B1946786813F07EFEF2
:10E0B0000346002B03D0BB6801221A6002E0BB6854
:10E0C00000221A60BB6802221946786800F0B7FB8C
:10E0D00004E03968786800F041FB00BF04E039686B
:10E0E000786800F03BFB00BF04E03968786800F016
:10E0F00035FB00BFFB7B18461037BD4680BD0000D6
:10E1000080B584B000AF7860396000233B81002384
:10E11000FB600023FB723B685B881B0A9BB2013BE0
:10E12000062B00F2288101A252F823F049E10008F1
:10E1300061E10008A1E1000877E3000877E3000847
:10E1400017E3000843E300087B68D3F8B4321B6888
:10E150007A68127C07F1080110469847F86012E1CE
:10E160007B681B7C002B0DD17B68D3F8B8329B6A8F
:10E1700007F1080210469847F860FB680133022255
:10E180001A7000E17B68D3F8B832DB6A07F1080245
:10E1900010469847F860FB68013302221A70F2E0DB
:10E1A0003B685B88DBB2052B00F2AC8001A252F821
:10E1B00023F000BFCDE1000801E2000835E20008CD
:10E1C00069E200089DE20008D1E200087B68D3F80C
:10E1D000B4325B68002B0BD07B68D3F8B4325B6839
:10E1E0007A68127C07F1080110469847F86091E0C0
:10E1F0003968786800F0B2FAFB7A0133FB7289E083
:10E200007B68D3F8B4329B68002B0BD07B68D3F8C3
:10E21000B4329B687A68127C07F10801104698476F
:10E22000F86077E03968786800F098FAFB7A013393
:10E23000FB726FE07B68D3F8B432DB68002B0BD045
:10E240007B68D3F8B432DB687A68127C07F1080186
:10E2500010469847F8605DE03968786800F07EFA0B
:10E26000FB7A0133FB7255E07B68D3F8B4321B694B
:10E27000002B0BD07B68D3F8B4321B697A68127C10
:10E2800007F1080110469847F86043E0396878685C
:10E2900000F064FAFB7A0133FB723BE07B68D3F851
:10E2A000B4325B69002B0BD07B68D3F8B4325B6966
:10E2B0007A68127C07F1080110469847F86029E057
:10E2C0003968786800F04AFAFB7A0133FB7221E082
:10E2D0007B68D3F8B4329B69002B0BD07B68D3F8F2
:10E2E000B4329B697A68127C07F10801104698479E
:10E2F000F8600FE03968786800F030FAFB7A013393
:10E30000FB7207E03968786800F028FAFB7A01337D
:10E31000FB7200BF37E07B681B7C002B09D17B6858
:10E32000D3F8B8325B6B07F1080210469847F860E3
:10E3300029E03968786800F011FAFB7A0133FB7242
:10E3400021E07B681B7C002B0DD17B68D3F8B832B1
:10E350001B6B07F1080210469847F860FB68013311
:10E3600007221A700FE03968786800F0F7F9FB7A35
:10E370000133FB7207E03968786800F0EFF9FB7A47
:10E380000133FB7200BFFB7A002B1ED13B68DB8898
:10E39000002B16D03B89002B0ED03B68DA883B89D6
:10E3A000934228BF13469BB23B813B891A46F968CA
:10E3B000786800F044FA09E03968786800F0CEF92E
:10E3C00004E0786800F095FA00E000BF1037BD4621
:10E3D00080BD00BF80B584B000AF786039603B6815
:10E3E0009B88002B31D13B68DB88002B2DD13B680B
:10E3F0005B887F2B29D83B685B88DBB203F07F0307
:10E40000FB737B6893F89C32DBB2032B04D1396831
:10E41000786800F0A3F91DE07B68FA7B83F89E2200
:10E42000FB7B1946786813F0EDFC786800F061FA20
:10E43000FB7B002B04D07B68022283F89C2209E03E
:10E440007B68012283F89C2204E03968786800F038
:10E4500085F900BF00BF1037BD4680BD80B584B0D0
:10E4600000AF786039600023FB733B685B88DAB2E9
:10E470004C4B1A704B4B1B78012B05D939687868C7
:10E4800000F06CF9032388E07B6893F89C32DBB2E0
:10E49000022B02D0032B25D071E0424B1B78002BBE
:10E4A0001CD0404B1B781A467B685A603D4B1B784A
:10E4B00019467868FFF748F90346FB73FB7B002B8E
:10E4C00004D03968786800F049F965E0786800F0B0
:10E4D00010FA7B68032283F89C225DE0786800F0E4
:10E4E00008FA59E02F4B1B78002B12D17B680222CF
:10E4F00083F89C222B4B1B781A467B685A60294B69
:10E500001B7819467868FFF73BF9786800F0F1F955
:10E5100042E0244B1B781A467B685B689A422AD0FB
:10E520007B685B68DBB219467868FFF729F91D4BF9
:10E530001B781A467B685A601A4B1B781946786814
:10E54000FFF702F90346FB73FB7B002B0FD0396802
:10E55000786800F003F97B685B68DBB2194678687D
:10E56000FFF70EF97B68022283F89C2214E078689A
:10E5700000F0BFF910E0786800F0BBF90CE03968F2
:10E58000786800F0EBF8074B1B7819467868FFF7BE
:10E59000F7F80323FB7300BFFB7B18461037BD461B
:10E5A00080BD00BF08DF022480B582B000AF786074
:10E5B00039603B68DB88012B04D03968786800F04B
:10E5C000CDF823E07B6893F89C32DBB2022B02DCAF
:10E5D000002B03DC15E0032B0BD012E07B6800223C
:10E5E0009A607B68083301221946786800F027F9A1
:10E5F0000CE07B68043301221946786800F01FF9AB
:10E6000004E03968786800F0A9F800BF00BF083757
:10E61000BD4680BD80B582B000AF786039607B6850
:10E6200093F89C32DBB2013B022B1ED83B68DB889F
:10E63000022B04D03968786800F090F81AE07B6803
:10E640000122DA607B68D3F8A432002B05D07B6806
:10E65000DB6843F002027B68DA607B680C330222DD
:10E660001946786800F0EBF804E03968786800F043
:10E6700075F800BF00BF0837BD4680BD80B582B0C9
:10E6800000AF786039603B685B88012B06D17B68FE
:10E690000122C3F8A422786800F02BF900BF0837E4
:10E6A000BD4680BD80B582B000AF786039607B68C0
:10E6B00093F89C32DBB2013B022B0BD83B685B88A2
:10E6C000012B0CD17B680022C3F8A422786800F0EB
:10E6D00010F904E03968786800F040F800E000BF05
:10E6E00000BF0837BD4680BD80B584B000AF7860FC
:10E6F00039603B68FB60FB681A787B681A70FB68BE
:10E700000133FB60FB681A787B685A70FB68013341
:10E71000FB60F868FFF7BBFA03461A467B685A802D
:10E72000FB680133FB60FB680133FB60F868FFF7AF
:10E73000AEFA03461A467B689A80FB680133FB6099
:10E74000FB680133FB60F868FFF7A1FA03461A463D
:10E750007B68DA8000BF1037BD4680BD80B582B0CF
:10E7600000AF786039608021786813F0E1FA002109
:10E77000786813F0DDFA00BF0837BD4680BD80B56C
:10E7800086B000AFF860B9607A600023FB75FB6863
:10E79000002B36D0FB683B61386900F036F8034641
:10E7A00001339BB25B009AB27B681A80FB7DBA682A
:10E7B00013447A6812781A70FB7D0133FB75FB7D78
:10E7C000BA68134403221A70FB7D0133FB7513E012
:10E7D000FB7DBA6813443A6912781A703B690133B9
:10E7E0003B61FB7D0133FB75FB7DBA68134400225E
:10E7F0001A70FB7D0133FB753B691B78002BE7D159
:10E8000000E000BF1837BD4680BD80B485B000AFC2
:10E8100078600023FB737B68BB6005E0FB7B013302
:10E82000FB73BB680133BB60BB681B78002BF5D161
:10E83000FB7B18461437BD465DF8047B704780B5F6
:10E8400084B000AFF860B9607A60FB680222C3F858
:10E850009422FB687A689A61FB687A68DA617B685F
:10E86000BA680021F86813F0ECFA00231846103754
:10E87000BD4680BD80B584B000AFF860B9607A60F5
:10E880007B68BA680021F86813F0DBFA00231846A9
:10E890001037BD4680BD80B584B000AFF860B96068
:10E8A0007A60FB680322C3F89422FB687A68C3F895
:10E8B0005821FB687A68C3F85C217B68BA6800213C
:10E8C000F86813F0DFFA002318461037BD4680BD04
:10E8D00080B584B000AFF860B9607A607B68BA68D0
:10E8E0000021F86813F0CEFA002318461037BD4611
:10E8F00080BD80B582B000AF78607B680422C3F829
:10E900009422002300220021786813F09AFA002351
:10E9100018460837BD4680BD80B582B000AF78602C
:10E920007B680522C3F89422002300220021786826
:10E9300013F0A8FA002318460837BD4680BD80B4FE
:10E9400085B000AF786039607B681B6C591C7A68B1
:10E9500011647A68D15C7A68526C386800FA02F205
:10E96000D2B20A43D2B262F07F02D1B27A68D154F5
:10E970007B685B6CC3F10703FB60FB68C3F10802B3
:10E980007B685A643B68DAB2FB6842FA03F35BB215
:10E9900063F07F035AB27B681B6CD1B27A68D154A2
:10E9A0007B685B6C072B0CD17B681B6C5A1C7B68EB
:10E9B0001A647B681B6C7A680021D1547B68002242
:10E9C0005A6400BF1437BD465DF8047B704780B4BD
:10E9D00085B000AF786039607B681B6C591C7A6821
:10E9E00011647A68D15C7A68526C386800FA02F275
:10E9F000D2B20A43D2B262F07F02D1B27A68D15465
:10EA00007B685B6CC3F10703FB60FB68072B0ED0D0
:10EA10003B6803F07F02FB6842FA03F35BB263F0EA
:10EA20007F035AB27B681B6CD1B27A68D15400BFA5
:10EA30001437BD465DF8047B704780B582B000AFE7
:10EA40007860396039687868FFF7C1FF3B68DB118F
:10EA50001946786800F04CFB00BF0837BD4680BD02
:10EA600080B582B000AF7860396039687868FFF7A8
:10EA700066FF3B681B1219467868FFF760FF00BF0E
:10EA80000837BD4680BD80B582B000AF7860396080
:10EA900039687868FFF753FF3B681B12194678689E
:10EAA000FFF74DFF3B681B1419467868FFF747FFD7
:10EAB0003B681B1619467868FFF741FF00BF08370F
:10EAC000BD4680BD80B584B000AFF860B9607A60A3
:10EAD0007B685A1E7A60002B14BF01230023DBB22F
:10EAE000002B08D0BB685A1CBA601B781946F8681E
:10EAF000FFF725FFECE700BF1037BD4680BD80B4AF
:10EB000085B000AFF8600B467A60FB72FB680022AC
:10EB10005A64FB6801221A64FB7A1B015BB203F0A2
:10EB200070035AB27B685BB203F00F035BB213430E
:10EB30005BB2DAB2FB681A70FB6800225A7000BF41
:10EB40001437BD465DF8047B704780B483B000AFD6
:10EB500078607B6800225A647B6800221A647B68B4
:10EB600000221A7000BF0C37BD465DF8047B704769
:10EB700080B483B000AF78600B46FB707B680022E6
:10EB80005A647B6801221A64FB7803F07F03DAB2CF
:10EB90007B681A707B6800225A7000BF0C37BD4634
:10EBA0005DF8047B704780B582B000AF786078680C
:10EBB00000F011F87B681B6C591C7A6811647A6844
:10EBC0000A21D1547B681B6C7A680021D15400BFA4
:10EBD0000837BD4680BD80B582B000AF78607B68E5
:10EBE0005B6C002B04D07B681B6C5A1C7B681A641E
:10EBF00078687B68196C0023002200F0A7F80346B0
:10EC00005BB263F07F035AB27B681B6CD1B27A6847
:10EC1000D1547B681B6C5A1C7B681A647B681B6C24
:10EC20007A680021D15400BF0837BD4680BD80B549
:10EC300084B000AFF860B9607A60BA680021F86803
:10EC4000FFF75DFF7968F868FFF70AFFF868FFF7DC
:10EC5000C2FF00BF1037BD4680BD80B584B000AF95
:10EC6000F860B9607A603B60BA680021F868FFF725
:10EC700046FF7968F868FFF7F3FE3968F868FFF730
:10EC8000DCFEF868FFF7A7FF00BF1037BD4680BD68
:10EC900080B582B000AF786039603A680121786849
:10ECA000FFF72DFF7868FFF796FF00BF0837BD46D6
:10ECB00080BD80B584B000AFF860B9607A603B6019
:10ECC000BA680521F868FFF71AFF7968F868FFF756
:10ECD000C7FE3968F868FFF7D6FEF868FFF77BFFD4
:10ECE00000BF1037BD4680BD80B584B000AFF8606E
:10ECF000B9607A60BA680621F868FFF700FF7968A2
:10ED0000F868FFF7ADFEF868FFF765FF00BF103742
:10ED1000BD4680BD80B584B000AFF860B9607A6050
:10ED20003B60BA680721F868FFF7E9FE7968F86880
:10ED3000FFF7A9FE3968F868FFF7A5FEF868FFF746
:10ED40004AFF00BF1037BD4680BD000080B487B0C9
:10ED500000AFF860B9607A603B60FF23FB75BB6869
:10ED60005A1EBA60002B14BF01230023DBB2002B14
:10ED70000BD0FB685A1CFA601A78FB7D5340DBB25B
:10ED80001A46104B9B5CFB75E9E73B685A1E3A60DC
:10ED9000002B14BF01230023DBB2002B0BD07B68B8
:10EDA0005A1C7A601A78FB7D5340DBB21A46054B39
:10EDB0009B5CFB75E9E7FB7D18461C37BD465DF89B
:10EDC000047B7047E075020880B485B000AFF8603E
:10EDD000B96011461A460B46FB801346BB80FB68A0
:10EDE000BA681A60B7F90620FB685A60B7F90420C0
:10EDF000FB689A60FB68BA69DA60FB6800221A61F6
:10EE0000FB6818461437BD465DF8047B704780B434
:10EE100085B000AFF860B9607A60FB68BA685A6084
:10EE2000FB687A68DA60FB6800221A6100BF143759
:10EE3000BD465DF8047B704780B584B000AF786054
:10EE40007B68DB68591C7A68D16019467868F1F7ED
:10EE500021FE034603F07F027B681B6942FA03F33D
:10EE6000FB607B681B69C3F10703BB607B68DB68E1
:10EE700019467868F1F70EFE034603F07F02BB687F
:10EE800002FA03F3DBB2FA681343FB60BB68C3F119
:10EE900008027B681A617B681B69072B07D17B68B6
:10EEA000DB685A1C7B68DA607B6800221A61FB68A9
:10EEB00018461037BD4680BD80B584B000AF78607D
:10EEC0007868FFF7B9FF0346FB7397F90F301846D0
:10EED0001037BD4680BD80B584B000AF78607B68D8
:10EEE000DB68591C7A68D16019467868F1F7D2FD61
:10EEF000034603F07F027B681B6942FA03F3FB6061
:10EF00007B681B69C3F10703BB60BB68072B10D08C
:10EF10007B68DB6819467868F1F7BCFD034603F0AF
:10EF20007F02BB6802FA03F303F07F03FA6813431E
:10EF3000FB60FB6818461037BD4680BD80B584B0C5
:10EF400000AF78607868FFF7C6FF03461B01FB81BE
:10EF5000786800F014F90346DB021AB2FB89134308
:10EF6000FB81B7F90E301B1118461037BD4680BD26
:10EF700080B584B000AF78607868FFF75DFFF86017
:10EF80007868FFF759FF03461B02FA681343FB60DA
:10EF9000FB6818461037BD4680BD80B584B000AF11
:10EFA00078607868FFF7E4FF0346FB81B7F90E301D
:10EFB00018461037BD4680BD80B584B000AF78607C
:10EFC0007868FFF739FFF8607868FFF735FF034688
:10EFD0001B02FA681343FB607868FFF72DFF0346B6
:10EFE0001B04FA681343FB607868FFF725FF0346AC
:10EFF0001B06FA681343FB60FB6818461037BD46D2
:10F0000080BD90B587B000AF786039603B68013B48
:10F010003B607B689A687B685B68D31A7B617A691E
:10F020003B689A421BDB7B681B687A6852689818B9
:10F03000002300223968FFF789FE034643F080036E
:10F04000FB6039687868F1F725FD0346BB60FA6814
:10F05000BB689A420CBF01230023DBB21BE03A6875
:10F060007B69D31A3B617B681B687A685268981881
:10F070007B681A683B697969FFF768FE034643F0CD
:10F08000800439687868F1F705FD03469C420CBF9F
:10F0900001230023DBB218461C37BD4690BD80B566
:10F0A00084B000AFF860B9607A603B60F868FFF741
:10F0B00074FF0246BB681A60F868FFF73FFF02461C
:10F0C0007B681A60F868FFF739FF02463B681A60F0
:10F0D000F868FFF733FF0246BB691A60F86800F072
:10F0E0008EF80246FB691A6000BF1037BD4680BD2E
:10F0F00080B485B000AF786039603B6803F01F03CF
:10F100003B607B681B6C7A68D25C7B685B6C39689F
:10F1100001FA03F3DBB21343DAB27B681B6C62F0D3
:10F120007F02D1B27A68D1547B685B6CC3F107036C
:10F13000FB60FB68052B17DC7B681B6C5A1C7B682B
:10F140001A643A68FB6842FA03F35BB263F07F0328
:10F150005AB27B681B6CD1B27A68D154FB68C3F198
:10F1600005027B685A6404E07B685B6C5A1D7B680F
:10F170005A6400BF1437BD465DF8047B704780B504
:10F1800084B000AF78607B68DB6819467868F1F777
:10F1900081FC034603F07F027B681B6942FA03F39C
:10F1A000FB607B681B69C3F10703BB60BB68052B71
:10F1B0001BDC7B68DB685A1C7B68DA607B68DB6879
:10F1C00019467868F1F766FC034603F07F02BB68D6
:10F1D00002FA03F303F01F03FA681343FB60BB68F2
:10F1E000C3F105027B681A6104E07B681B695A1D44
:10F1F0007B681A61FB6818461037BD4680BD80B534
:10F2000084B000AF78607B68DB6819467868F1F7F6
:10F2100041FC034603F07F027B681B6942FA03F35B
:10F22000FB607B681B69C3F10703BB60BB68042BF1
:10F230001BDC7B68DB685A1C7B68DA607B68DB68F8
:10F2400019467868F1F726FC034603F07F02BB6895
:10F2500002FA03F303F00F03FA681343FB60BB6881
:10F26000C3F104027B681A6104E07B681B691A1D04
:10F270007B681A61FB6818461037BD4680BD80B4B4
:10F2800083B000AF78607B681B6843F001027B6845
:10F290001A6000BF0C37BD465DF8047B704780B430
:10F2A00083B000AF786039607B681A6A3B681A43A4
:10F2B0007B681A6200BF0C37BD465DF8047B70475F
:10F2C00080B483B000AF786039607B683A689A6335
:10F2D00000BF0C37BD465DF8047B704780B483B037
:10F2E00000AF786039603B681B68002B14BF0123B6
:10F2F0000023DBB218460C37BD465DF8047B70472F
:10F3000080B582B000AF786079680020FFF7E6FF33
:10F31000034618460837BD4680BD000080B483B060
:10F3200000AF7860034B18460C37BD465DF8047B90
:10F33000704700BF01F3000880B584B000AF78606B
:10F3400007F10C031846FFF7E9FF034619467868F2
:10F3500000F08AF800BF1037BD4680BD80B582B08E
:10F3600000AF786039601748FFF7E6FF154B1B6860
:10F37000002BF8D0134B1B68013B124A1360124B51
:10F380001B68124A1360114B1B68002B15D00F4BE2
:10F390001B68013B0D4A1360FA210D48FFF790FFEF
:10F3A0004FF4967005F0AAFB00210948FFF788FF8B
:10F3B0004FF4967005F0A2FBE5E74FF47A7005F084
:10F3C0009DFBD3E710DF02240CDF022414DF0224AC
:10F3D0000004004080B582B000AF786079680020FA
:10F3E000FFF7BCFF0837BD4680BD000080B483B086
:10F3F00000AF7860034B18460C37BD465DF8047BC0
:10F40000704700BFD5F3000880B582B000AF0A484E
:10F41000FFF735FF10210848FFF741FF3B1D184655
:10F42000FFF7E4FF024600230021C82005F05CFA44
:10F4300000BF0837BD4680BD0004004080B483B0E3
:10F4400000AF78603960064A7B681360054A3B6804
:10F45000136000BF0C37BD465DF8047B704700BFEA
:10F460000CDF022410DF022480B582B000AF786088
:10F4700039603968786805F08BFA00BF0837BD46F7
:10F4800080BD80B483B000AF78607B68DB6903F037
:10F490002003202B01D1012300E0002318460C3764
:10F4A000BD465DF8047B704780B483B000AF7860E0
:10F4B0007B68DB6903F04003402B01D1012300E0AE
:10F4C000002318460C37BD465DF8047B704780B4B6
:10F4D00083B000AF78607B68DB6903F08003802B2A
:10F4E00001D1012300E0002318460C37BD465DF82A
:10F4F000047B704780B483B000AF78607B680822DB
:10F500001A6200BF0C37BD465DF8047B704780B4BB
:10F5100089B000AF78607B68FB60FB6853E8003F10
:10F52000BB60BB6843F02003FB617B68FA69BA618A
:10F530007B617969BA6941E800233B613B69002B33
:10F5400014BF01230023DBB2002B00D0E3E700BF90
:10F550002437BD465DF8047B704780B489B000AFA6
:10F5600078607B68FB60FB6853E8003FBB60BB686A
:10F5700023F02003FB617B68FA69BA617B617969DA
:10F58000BA6941E800233B613B69002B14BF0123AA
:10F590000023DBB2002B00D0E3E700BF2437BD46D9
:10F5A0005DF8047B704780B483B000AF78607B68FF
:10F5B0005B6ADBB218460C37BD465DF8047B7047CA
:10F5C00080B483B000AF78600B46FB70FA787B683C
:10F5D0009A6200BF0C37BD465DF8047B704780B46B
:10F5E00083B000AF78607B689B6943F008027B685A
:10F5F0009A6100BF0C37BD465DF8047B704780B44C
:10F6000083B000AF786039607B683A689A6100BF68
:10F610000C37BD465DF8047B704780B483B000AF03
:10F62000786039603B681A047B689A6100BF0C37C8
:10F63000BD465DF8047B704780B483B000AF78604E
:10F640007B6800221A647B6800225A647B68184633
:10F650000C37BD465DF8047B704780B483B000AFC3
:10F6600078607B681B6C18460C37BD465DF8047BE0
:10F67000704780B483B000AF78607B6818460C3761
:10F68000BD465DF8047B704780B483B000AF7860FE
:10F690003960054A3B6813607B6818460C37BD46E5
:10F6A0005DF8047B704700BF28E0022480B582B07B
:10F6B00000AF78603960094B1B78002B07D13B689D
:10F6C0001B681846F1F730FC0346002B01D00123DC
:10F6D00000E0002318460837BD4680BD24DF022421
:10F6E00080B582B000AF786079680020FFF7DEFF58
:10F6F000034618460837BD4680BD000080B483B07D
:10F7000000AF7860034B18460C37BD465DF8047BAC
:10F71000704700BFE1F6000890B587B002AF78608F
:10F7200039604F4B1B78BFF35B8FDBB203F00103F3
:10F73000002B0CBF01230023DBB2002B16D048485E
:10F7400012F01AFC0346002B14BF01230023DBB286
:10F75000002B0BD0002300934FF48073002241490B
:10F760004148FFF731FB3E4812F012FC3F4B1B783B
:10F77000BFF35B8FDBB203F00103002B0CBF01234F
:10F780000023DBB2002B10D0384812F0F5FB034603
:10F79000002B14BF01230023DBB2002B05D034481B
:10F7A000FFF74AFF314812F0F3FB3248F1F7ACFBA8
:10F7B0000346314A136007F10C031846FFF79EFF1A
:10F7C000034619462C48FFF74FFE2B4B1B68184683
:10F7D000F1F7AAFB0346002B09D0284802F066FB8C
:10F7E0002448F1F791FB0346234A136036E0244B8B
:10F7F00000221A70234B1B6819461B48FFF701FCB7
:10F800000346002B23D01A48FFF79FF9012200215D
:10F810001548FFF7FCFA164A1349184802F0F6FAA1
:10F820001348FFF71AFF0346002B14BF01230023E0
:10F83000DBB2002B0BD00E48FFF71BFF04460C4831
:10F84000FFF70BFF03461946204600F031FA4FF44C
:10F85000FF70F1F759FB0346074A1360ABE700BF9F
:10F8600040E0022428DF02242CE002248CE0022461
:10F8700044E0022400F9150090E00224AC010324C6
:10F8800024DF022420DF022480B582B000AF78603C
:10F8900079680020FFF740FF0837BD4680BD0000B3
:10F8A00080B483B000AF7860034B18460C37BD4678
:10F8B0005DF8047B704700BF89F8000880B582B00E
:10F8C00000AF6C4B1B681846FFF747FE4FF4007102
:10F8D0006948FFF7A2FE694B41221A70674B542218
:10F8E0005A70664B2B229A70644B4E22DA70634B2F
:10F8F00041221A71614B4D225A71604B45229A7117
:10F900005E4B3F22DA715D4B0D221A725B4B0A226D
:10F910005A720A21594800F0CBF9564B1B68184619
:10F92000FFF7C2FD0346002B0CBF01230023DBB20F
:10F93000002B00D0F1E74F4B1B681846FFF74FFE36
:10F940006420F1F7E1FA78604D4B00221A60786884
:10F95000F1F7EAFA0346002B73D1464B1B681846B1
:10F96000FFF78FFD0346002B14BF01230023DBB2FA
:10F97000002BECD03F4B1B681846FFF714FE0346E4
:10F98000FB703F4B1B680A2B11DC3E4B1A683C4B4B
:10F990001B68591C3A48016013441B78FA789A4254
:10F9A00014BF01230023DBB2002BD0D04AE0344B3C
:10F9B0001B680B2B0DD1FB78303B4FF47A7202FBA6
:10F9C00003F3314A13602E4B1B6801332C4A13603A
:10F9D000BDE72B4B1B680C2B0FD1FB78303B64220F
:10F9E00002FB03F2284B1B681344274A1360244B85
:10F9F0001B680133224A1360A9E7214B1B680D2BBA
:10FA000012D1FB78A3F1300213469B0013445B0034
:10FA10001A461D4B1B6813441B4A1360184B1B6886
:10FA20000133174A136092E7154B1B680E2B8ED1DA
:10FA3000FB78A3F13002144B1B681344124A136085
:10FA400000E000BF4FF400710B48FFF7D8FD094BF1
:10FA50001B681846FFF75BFD3B461846FFF720FF83
:10FA6000024600230021C82004F03EFF00BF0837F3
:10FA7000BD4680BD28E002240008025828DF022489
:10FA800020DF0224340100241CDF022480B582B070
:10FA900000AF1A4B1B681846FFF785FD03467B60D5
:10FAA0007B680D2B25D07B680A2B03D1144B0122D8
:10FAB0001A701FE07B6803F08003002B05D1114B07
:10FAC00000221A600E4B00221A707B68D8B20D4BD0
:10FAD0001B685A1C0B490A600B4A0146D154094B5A
:10FAE0001B68FF2B06DD074B1B68013B054A1360B3
:10FAF00000E000BF0837BD4680BD00BF28E00224FB
:10FB000024DF022420DF022428DF022480B586B00F
:10FB100000AF78605F4B1B681846FFF71EFD4FF47F
:10FB200000715D48FFF779FD7A685C4B83FB021337
:10FB30009910D317C91A0B469B000B445B00D31ACC
:10FB40007B617B68554A82FB03129210DB17D21A45
:10FB5000524B83FB02139910D317C91A0B469B0013
:10FB60000B445B00D31A3B617B684D4A82FB031256
:10FB70005211DB17D21A494B83FB02139910D3178A
:10FB8000C91A0B469B000B445B00D31AFB607B68D1
:10FB9000444A82FB03129211DB17D21A3F4B83FBBC
:10FBA00002139910D317C91A0B469B000B445B0034
:10FBB000D31ABB603C4B41221A703B4B54225A7003
:10FBC000394B2B229A70384B4E22DA70364B412239
:10FBD0001A71354B4D225A71334B45229A71324B73
:10FBE0003D22DA71304B52221A722F4B4F225A7239
:10FBF0002D4B4B229A722C4B4922DA722A4B2D2222
:10FC00001A73BB68DBB23033DAB2274B5A73FB6826
:10FC1000DBB23033DAB2244B9A733B69DBB2303358
:10FC2000DAB2214BDA737B69DBB23033DAB21E4BC6
:10FC30001A741D4B0D225A741B4B0A229A741321FD
:10FC4000194800F035F8134B1B681846FFF72CFCD9
:10FC50000346002B0CBF01230023DBB2002B00D096
:10FC6000F1E7642004F04AFF0A4B1B681846FFF7CF
:10FC700041FC084B1B681846FFF749FC4FF4007124
:10FC80000548FFF7BCFC094A7B68136000BF1837C2
:10FC9000BD4680BD28E002240008025867666666FB
:10FCA0001F85EB51D34D621028DF02241CDF022494
:10FCB00080B582B000AF786039603B680F2B13DCF1
:10FCC0003B685A1E3A60002B14BF01230023DBB2AD
:10FCD000002B2BD0174B18687B685A1C7A601B7856
:10FCE0001946FFF76DFCEBE73B685A1E3A60002BA4
:10FCF00014BF01230023DBB2002B17D00D4B1B6870
:10FD00001846FFF7E4FB0346002B0CBF012300233A
:10FD1000DBB2002B00D0F1E7064B18687B685A1C59
:10FD20007A601B781946FFF74BFCDDE700BF083708
:10FD3000BD4680BD28E0022480B500AFFFF7A6FED7
:10FD400000BF80BD80B582B000AF786039607B684D
:10FD5000012B08D13B684FF6FF72934203D104494F
:10FD60000448FFF791FC00BF0837BD4680BD00BFC7
:10FD70000014014018DF022480B500AF4FF6FF7178
:10FD80000120FFF7DFFF80BD80B483B000AF786053
:10FD900039607B681A683B6803F010034FF48051A8
:10FDA00001FA03F31A437B681A6000BF0C37BD46A3
:10FDB0005DF8047B704780B485B000AFF860B9602F
:10FDC0007A60FB68083319467B6803F01F03BA6842
:10FDD00022FA03F39B0003F03C030B44184614374C
:10FDE000BD465DF8047B704780B483B000AF786097
:10FDF00039607B681A683B6803F01003012101FA3F
:10FE000003F31A437B681A6000BF0C37BD465DF8E8
:10FE1000047B704780B485B000AF786039607B6840
:10FE2000FB600C4A3B6813441B781A46FB6813447A
:10FE30001B6808493A680A4412781146FA680A446D
:10FE400043F00103136000BF1437BD465DF8047B27
:10FE5000704700BFE076020880B485B000AF7860DC
:10FE600039607B68FB600C4A3B6813441B781A4678
:10FE7000FB6813441B6808493A680A441278114623
:10FE8000FA680A4423F00103136000BF1437BD462B
:10FE90005DF8047B704700BFE076020880B487B04D
:10FEA00000AFF860B9607A60FB687B610D4ABB689F
:10FEB00013441B781A467B6913445A680A4B134053
:10FEC0000849BA680A44127811467A690A44114608
:10FED0007A6813434B6000BF1C37BD465DF8047B56
:10FEE000704700BFE07602080000FFFF80B487B0D3
:10FEF00000AFF860B9607A60FB687B61074ABB6855
:10FF000013441B781A467B6913441A467B68D360F6
:10FF100000BF1C37BD465DF8047B7047E0760208E1
:10FF200080B487B000AFF860B9607A60FB687B612D
:10FF3000074ABB6813441B781A467B6913441A4668
:10FF40007B68936000BF1C37BD465DF8047B70473B
:10FF5000E076020880B483B000AF78607B681B68ED
:10FF600043F001027B681A6000BF0C37BD465DF8A4
:10FF7000047B704780B582B000AF78603960204B59
:10FF80001B78BFF35B8FDBB203F00103002B0CBFC8
:10FF900001230023DBB2002B14D0194811F0ECFF31
:10FFA0000346002B14BF01230023DBB2002B09D032
:10FFB00040231A46134B13441A46134B1A60104839
:10FFC00011F0E6FF114B1B78002B0AD00E4B1B687B
:10FFD0005B689BB2B3F57A7F8CBF01230023DBB251
:10FFE0000AE0094B1B685B689BB240F2E732934220
:10FFF00094BF01230023DBB218460837BD4680BDFD
:020000040801F1
:1000000074E802240004024070E802246CE8022430
:1000100080B582B000AF786079680020FFF7AAFF52
:10002000034618460837BD4680BD000080B483B043
:1000300000AF7860034B18460C37BD465DF8047B73
:10004000704700BF1100010880B584B000AF786030
:1000500039602C48FFF770F90023FB602A4B1B68BE
:1000600003F2CF73FA689A4247DC07F10803184697
:10007000FFF7DCFF03461946002004F089FC234B00
:100080001B78002B17D0204B1B68FA689A420ADABB
:100090001C4B1A68FB68D1181D4A4FF47A731D482F
:1000A00005F0EBFF1DE01A4B4FF47A727F211846E2
:1000B00014F010FA15E0144B1B68FA689A420ADA39
:1000C000104B1A68FB68D1184FF47A73124A114822
:1000D00005F0D3FF05E04FF47A727F210E4814F04B
:1000E000F9F90A4B1B7883F00103DAB2074B1A7057
:1000F000FB6803F57A73FB60B0E7024B00221A60DD
:10010000A7E700BF64E8022468E802246CE8022440
:100110007CE4022478E8022494E0022480B582B0D2
:1001200000AF786079680020FFF78EFF0837BD4682
:1001300080BD000080B483B000AF7860034B1846E8
:100140000C37BD465DF8047B704700BF1D010108F8
:1001500080B582B000AF00237B607B68B3F5FA6F97
:1001600008DA204A7B68134480221A707B680133C6
:100170007B60F2E702211C48FFF76EFE194B1A461E
:1001800002211948FFF7B2FE182218491848FFF754
:1001900012FE03461A4602211348FFF7C1FE4FF430
:1001A000FA6202211048FFF779FE02210E48FFF79C
:1001B00031FE0E490E48FFF7E7FD0C490C48FFF7EA
:1001C00013FE0C48FFF7C6FE3B461846FFF7B2FF8A
:1001D000024600230021C82004F086FB00BF083738
:1001E000BD4680BD94E00224000402407200403508
:1001F000007400400004014080B483B000AF786018
:100200003960064A3B681360054A7B68136000BF8B
:100210000C37BD465DF8047B704700BF68E80224D8
:1002200064E8022480B400AF034B1B681846BD4647
:100230005DF8047B704700BF64E8022480B586B097
:1002400004AF786039607B68012B12D13B684FF6B0
:10025000FF7293420DD110230393084B02930423A2
:100260000193074B00930523054A0649064805F00C
:10027000EAFE00BF0837BD4680BD00BF001002582F
:10028000000002400034014078E8022480B500AF4D
:100290004FF6FF710120FFF7D1FF80BD80B483B01E
:1002A00000AF7860064B1A687B68134403F07F0345
:1002B000044AD35C18460C37BD465DF8047B704792
:1002C0005CE90224DCE8022480B483B000AF7860EB
:1002D000084B1A687B681344064A1360054B1B6879
:1002E00003F07F03034A136000BF0C37BD465DF87F
:1002F000047B70475CE9022480B500AF0020FFF763
:10030000CDFF03465BB2002B05DB0020FFF7C6FFE5
:1003100003460A2B01D1012300E00023184680BDCB
:1003200080B485B000AF786039607B68FB600C4AB0
:100330003B6813441B781A46FB6813441B68084942
:100340003A680A4412781146FA680A4443F00103F5
:10035000136000BF1437BD465DF8047B704700BFD3
:10036000E876020880B485B000AF786039607B68B9
:10037000FB600C4A3B6813441B781A46FB68134425
:100380001B6808493A680A4412781146FA680A4418
:1003900023F00103136000BF1437BD465DF8047BF2
:1003A000704700BFE876020880B487B000AFF860FD
:1003B000B9607A60FB687B610D4ABB6813441B78A7
:1003C0001A467B6913441B6823F490720849BB6882
:1003D0000B441B7819467B690B4419467B68134311
:1003E0000B6000BF1C37BD465DF8047B704700BF43
:1003F000E876020880B487B000AFF860B9607A6030
:10040000FB687B610D4ABB6813441B781A467B6905
:1004100013445A680A4B13400849BA680A441278D0
:1004200011467A690A4411467A6813434B6000BF4B
:100430001C37BD465DF8047B704700BFE8760208B4
:100440000000FFFF80B485B000AF786039607B6842
:10045000FB60074A3B6813441B781A46FB68134449
:100460005B689BB218461437BD465DF8047B704745
:10047000E876020880B487B000AFF860B9607A60AF
:10048000FB687B61074ABB6813441B781A467B698B
:1004900013441A467B68D36000BF1C37BD465DF825
:1004A000047B7047E876020880B487B000AFF8603C
:1004B000B9607A60FB687B61074ABB6813441B78AC
:1004C0001A467B6913441A467B68936000BF1C3749
:1004D000BD465DF8047B7047E876020880B483B0BF
:1004E00000AF78607B684FF08062DA6000BF0C3745
:1004F000BD465DF8047B704780B483B000AF786080
:100500007B684FF00062DA6000BF0C37BD465DF8D3
:10051000047B704780B483B000AF78607B684FF095
:100520000072DA6000BF0C37BD465DF8047B70478F
:1005300080B483B000AF78607B681B6843F0010231
:100540007B681A6000BF0C37BD465DF8047B7047BE
:1005500080B483B000AF78607B681B6823F0010231
:100560007B681A6000BF0C37BD465DF8047B70479E
:1005700080B489B000AF78607B68FB60FB6853E8AB
:10058000003FBB60BB6843F00403FB617B68FA6912
:10059000BA617B617969BA6941E800233B613B69D3
:1005A000002B14BF01230023DBB2002B00D0E3E7B4
:1005B00000BF2437BD465DF8047B704780B489B026
:1005C00000AF78607B68FB60FB6853E8003FBB606E
:1005D000BB6823F00403FB617B68FA69BA617B6145
:1005E0007969BA6941E800233B613B69002B14BF7C
:1005F00001230023DBB2002B00D0E3E700BF243748
:10060000BD465DF8047B704780B489B000AF786068
:100610007B68FB60FB6853E8003FBB60BB6843F04E
:100620000803FB617B68FA69BA617B617969BA6921
:1006300041E800233B613B69002B14BF01230023E9
:10064000DBB2002B00D0E3E700BF2437BD465DF8E6
:10065000047B704780B489B000AF78607B68FB6032
:10066000FB6853E8003FBB60BB6823F00803FB61F5
:100670007B68FA69BA617B617969BA6941E80023EC
:100680003B613B69002B14BF01230023DBB2002B2D
:1006900000D0E3E700BF2437BD465DF8047B704718
:1006A00080B483B000AF78607B6840221A6200BFDC
:1006B0000C37BD465DF8047B704780B489B000AF4D
:1006C00078607B68FB60FB6853E8003FBB60BB68F9
:1006D00043F04003FB617B68FA69BA617B61796929
:1006E000BA6941E800233B613B69002B14BF012339
:1006F0000023DBB2002B00D0E3E700BF2437BD4668
:100700005DF8047B704780B489B000AF78607B6887
:10071000FB60FB6853E8003FBB60BB6823F040030D
:10072000FB617B68FA69BA617B617969BA6941E802
:1007300000233B613B69002B14BF01230023DBB284
:10074000002B00D0E3E700BF2437BD465DF8047BF3
:10075000704780B489B000AF78607B680833FB6075
:10076000FB6853E8003FBB60BB6843F04003FB619C
:100770007B680833FA69BA617B617969BA6941E8D3
:1007800000233B613B69002B14BF01230023DBB234
:10079000002B00D0E1E700BF2437BD465DF8047BA5
:1007A000704780B489B000AF78607B680833FB6025
:1007B000FB6853E8003FBB60BB6843F08003FB610C
:1007C0007B680833FA69BA617B617969BA6941E883
:1007D00000233B613B69002B14BF01230023DBB2E4
:1007E000002B00D0E1E700BF2437BD465DF8047B55
:1007F000704780B489B000AF78607B680833FB60D5
:10080000FB6853E8003FBB60BB6823F08003FB61DB
:100810007B680833FA69BA617B617969BA6941E832
:1008200000233B613B69002B14BF01230023DBB293
:10083000002B00D0E1E700BF2437BD465DF8047B04
:100840007047000080B582B000AF78603960194809
:10085000FFF7B4FE1748FFF7FDFE07211648FFF724
:1008600081FD3B681A4607211348FFF7C3FD7B68EB
:100870001A4607211048FFF7FDFD0F48FFF73CFE21
:100880000D48FFF72BFE0C48FFF744FE0948FFF721
:1008900007FF0848FFF711FF07210748FFF740FD52
:1008A0000448FFF7B1FE0348FFF77BFF00BF08379E
:1008B000BD4680BD004800400000024080B500AF4A
:1008C00006210648FFF7BEFD0346054A1268134499
:1008D000C3F1800303F07F03184680BD000002408F
:1008E0005CE9022480B582B000AF78603960FFF720
:1008F000E5FF0346002B14BF01230023DBB218469B
:100900000837BD4680BD80B582B000AF7860796899
:100910000020FFF7E7FF034618460837BD4680BDB5
:1009200080B483B000AF7860034B18460C37BD46E7
:100930005DF8047B704700BF0709010890B58BB0D4
:1009400002AF78603960FFF7B9FF0346002B0CBF98
:1009500001230023DBB2002B09D007F11C0318464A
:10096000FFF7DEFF03461946002004F011F8FFF7F9
:10097000C3FC034683F00103DBB2002B11D000203F
:10098000FFF78CFC03461946414B00221A60404B8E
:100990001B68404AD1543E4B1B6801333C4A1360EC
:1009A00072E03B4B1B68002B6ED0394B1C6800205B
:1009B000FFF774FC03461A46364B1A55344B1B6836
:1009C000344AD35C0A2B53D107F10800012300936A
:1009D000402300222F49FEF7F7F92D4B1A6807F143
:1009E000080311461846FEF70CFB0346002B3BD0CC
:1009F000294B1B78BFF35B8FDBB203F00103002BA5
:100A00000CBF01230023DBB2002B10D0224811F0D1
:100A1000B3FA0346002B14BF01230023DBB2002BE3
:100A200005D01E48FEF708FE1B4811F0B1FA07F189
:100A300008031A491846F1F71FF91848FEF70DFE8A
:100A40000346002B14BF01230023DBB2002B0BD085
:100A50001248FEF70EFE04461048FEF7FEFD034660
:100A600019462046FFF7EEFE094B00221A600BE004
:100A7000074B1B680133064A1360054B1B683F2B6D
:100A800002DD034B00221A600120FFF71DFC5AE72C
:100A9000D8E8022498E80224A8E9022460E90224A4
:100AA00080B582B000AF786079680020FFF746FF1C
:100AB0000837BD4680BD000080B483B000AF7860C9
:100AC000034B18460C37BD465DF8047B704700BFEA
:100AD000A10A010880B582B000AF2048FFF738FDB9
:100AE000802206211E48FFF785FC1E4A06211C486D
:100AF000FFF7DAFC1C4B1A4606211948FFF7BAFC2F
:100B00004FF4807206211648FFF74EFC0621144868
:100B1000FFF706FC154A07211148FFF7C5FC0F48EF
:100B2000FFF717FE0D48FFF73CFE0C48FFF720FDCE
:100B30000A48FFF769FD0948FFF7FAFC3B1D184614
:100B4000FFF7BAFF0246002300214FF4967003F02E
:100B5000CBFE00BF0837BD4680BD00BF0048004047
:100B60000000024024480040DCE8022428480040FD
:100B700080B500AF0748FFF7C6FD07210648FFF71D
:100B8000F1FB0448FFF7F4FC0248FFF732FE00BF18
:100B900080BD00BF004800400000024080B483B028
:100BA00000AF78603960064B1B78002B14BF01231F
:100BB0000023DBB218460C37BD465DF8047B704756
:100BC000F40D032480B582B000AF7860796800200E
:100BD000FFF7E4FF034618460837BD4680BD000016
:100BE00080B483B000AF7860034B18460C37BD4625
:100BF0005DF8047B704700BFC50B010890B58DB050
:100C000002AF7860396007F120031846FFF7E8FF6C
:100C100003461946002003F0BBFE00237B627B6A7B
:100C20003F2B0ADC304A7B6A13441B780A2B03D023
:100C30007B6A01337B62F2E700BF7B6A3F2B4EDCAD
:100C400007F10C0001230093402300222649FEF700
:100C5000BBF807F10C03796A1846FEF7D2F9034690
:100C6000002B3CD0214B1B78BFF35B8FDBB203F032
:100C70000103002B0CBF01230023DBB2002B10D09B
:100C80001A4811F079F90346002B14BF0123002301
:100C9000DBB2002B05D01648FEF7CEFC134811F04E
:100CA00077F907F10C0312491846F0F7E5FF1048F1
:100CB000FEF7D3FC0346002B14BF01230023DBB255
:100CC000002B0CD00A48FEF7D4FC04460848FEF777
:100CD000C4FC03469BB21946204610F0C3FC024BED
:100CE00000221A708FE700BFF40D0324F4E90224F8
:100CF000ACE9022480B582B000AF7860796800204A
:100D0000FFF77CFF0837BD4680BD000080B483B08C
:100D100000AF7860034B18460C37BD465DF8047B86
:100D2000704700BFF50C010880B582B000AF3B1DD5
:100D30001846FFF7EBFF0246002300214FF49670A0
:100D400003F0D2FD00BF0837BD4680BD80B485B03A
:100D500000AFF860084611461A4603467B810B46F1
:100D60003B811346FB80FB68D3F8D420FB6893F8E3
:100D7000D230F96808335B000B44B3F90230D21A61
:100D8000FB68C3F8D420FB687A899A80FB6893F8E3
:100D9000D2301A46FB68B3F90400F96802F108037F
:100DA0005B000B4401465980F96802F108035B00BF
:100DB0000B44B3F90220FB68D3F8D4301A44FB6823
:100DC000C3F8D420FB68D3F8D820FB6893F8D2305E
:100DD000F96828335B000B44B3F90230D21AFB6880
:100DE000C3F8D820FB683A89DA80FB6893F8D230E0
:100DF0001A46FB68B3F90600F96802F128035B00A4
:100E00000B4401465980F96802F128035B000B444A
:100E1000B3F90220FB68D3F8D8301A44FB68C3F852
:100E2000D820FB68D3F8DC20FB6893F8D230F9684F
:100E300048335B000B44B3F90230D21AFB68C3F8A5
:100E4000DC20FB68FA881A81FB6893F8D2301A46D6
:100E5000FB68B3F90800F96802F148035B000B4432
:100E600001465980F96802F148035B000B44B3F96D
:100E70000220FB68D3F8DC301A44FB68C3F8DC209E
:100E8000FB6893F8D2300133DAB2FB6883F8D220E2
:100E9000FB6893F8D23003F01F03DAB2FB6883F8E3
:100EA000D220FB68D3F8E020B7F90A301A44FB6877
:100EB000C3F8E020FB68D3F8E420B7F908301A44FF
:100EC000FB68C3F8E420FB68D3F8E820B7F90630E4
:100ED0001A44FB68C3F8E820FB68D3F8EC305A1CCE
:100EE000FB68C3F8EC20FB68D3F8EC30B3F5007F67
:100EF0002ADBFB68D3F8E0305A12FB68C3F8F02015
:100F0000FB68D3F8E4305A12FB68C3F8F420FB689E
:100F1000D3F8E8305A12FB68C3F8F820FB680022C7
:100F2000C3F8EC20FB68D3F8EC20FB68C3F8E8209A
:100F3000FB68D3F8E820FB68C3F8E420FB68D3F82B
:100F4000E420FB68C3F8E02000BF1437BD465DF81D
:100F5000047B704780B500AF03F09CFD00BF80BDEF
:100F600080B584B000AFB9607A603B600346FB7324
:100F70000B4805F03BF807F10F030122194608481A
:100F800004F0C4FC7B681A46B968054804F0E4FD27
:100F9000034805F03BF8002318461037BD4680BDD6
:100FA000F8E9022480B584B000AFB9607A603B6094
:100FB0000346FB730B4805F019F807F10F030122F4
:100FC0001946084804F0A2FC7B681A46B96805482F
:100FD00004F09CFC034805F019F80023184610376C
:100FE000BD4680BDF8E9022480B582B000AF7860CC
:100FF00039607B68B3F57A7F08D37B680B4AA2FB24
:1010000003239B09184603F079FD0BE07B685A1E09
:101010007A60002B14BF01230023DBB2002B01D028
:1010200000BFF3E700BF0837BD4680BDD34D621057
:101030002DE9B04386B000AF786039603B687B61D2
:101040007B689B780B2B6ED17B685B6807F108028D
:101050001146184606F0DFFD7B681A787B6983F835
:101060002E207B689B68D3E900237969C1E90023BE
:101070007B69D3E90045204629464FF000024FF036
:1010800000034B0143EAD063420110461946001B9E
:1010900061EB05014FF000024FF000038B0143EAC2
:1010A00090638201121A63EB01034FF000004FF0CE
:1010B0000001D90041EA5271D00002460B4612EB02
:1010C000040843EB05097B69C3E900897B69D3E91F
:1010D000000118A3D3E90023EFF70EFB02460B46ED
:1010E0007B699A607B69D3E9002311467B699B6821
:1010F0000F4A02FB03F3CA1A7B69DA60B7F90820CA
:101100007B699A84B7F90A207B69DA84B7F90C20E5
:101110007B691A85B7F90E207B695A853B8A1AB21A
:101120007B699A8500E000BF1837BD46BDE8B083F3
:1011300000CA9A3B00CA9A3B0000000080B586B006
:1011400000AF786039603B687B617B685B6807F162
:101150000C021146184606F0AAFD7B681A787B69D6
:101160001A747B689B68D3E900014FF000024FF0CE
:101170000003820942EA81628B097B691A60B7F930
:101180000C10B7F90E20B7F910307869FFF7DEFDC3
:1011900000BF1837BD4680BD80B483B000AF786013
:1011A0007B6818460C37BD465DF8047B704700002D
:1011B00080B584B000AF7860396003F06BFC002329
:1011C000FB7307F10F030749184605F0B5FAFB7BDF
:1011D000002BF2D0034A4FF40061034805F081F878
:1011E000EBE700BF60F4022460EC022480B582B01B
:1011F00000AF786079680020FFF7DAFF0837BD4656
:1012000080BD000080B483B000AF7860034B184607
:101210000C37BD465DF8047B704700BFED11010837
:1012200080B58CB004AF7860B34B02930023019378
:1012300040230093B14BB24AB249012005F0CAFAEB
:1012400003461A467B689A617B689B69002B40F0D5
:101250003E81A94805F0A6FA03461A467B689A61C2
:101260007B689B69002B40F03481A349A64805F0B8
:1012700085F903461A467B689A617B689B69002B57
:1012800040F02981A04B1B78892B40F026810C234C
:10129000FB73FB7B9849184605F017FA03461A467C
:1012A0007B689A617B689B69002B40F0188107F18D
:1012B0000F039149184605F024FA03461A467B6845
:1012C0009A617B689B69002B40F00B810023FB77C0
:1012D000FB7F8949184605F049FA03461A467B68A0
:1012E0009A617B689B69002B40F0FD8007F10E033B
:1012F0008149184605F076F903461A467B689A61DB
:101300007B689B69002B40F0F080BB7B03F01003EF
:10131000002B00F0EC80784A7C497D4805F09EF96E
:1013200003461A467B689A617B689B69002B40F0F4
:10133000E08007F10D037049184605F033FB0346C2
:101340001A467B689A617B689B69002B40F0EC80B1
:101350007B7B002B40F0E880674805F09EF9034650
:101360001A467B689A617B689B69002B40F0DE809F
:1013700007F10D036049184605F014FB03461A46B1
:101380007B689A617B689B69002B40F0D1807B7BF6
:10139000002B40F0CD8058495E4805F009F903461E
:1013A0001A467B689A617B689B69002B40F0C2807B
:1013B000584B1B88002B00F0BD807B6803F1200296
:1013C0004D4B5549252005F02FFA03461A467B68F8
:1013D0009A617B689B69002B40F0AE807B6803F1CB
:1013E0005002454B4D49042005F01EFA03461A46AB
:1013F0007B689A617B689B69002B40F09F807B68CB
:1014000003F5A6723C4B45490D2005F00DFA034645
:101410001A467B689A617B689B69002B40F090803C
:10142000354A4FF400613E4804F05BFF03461A461C
:101430007B689A617B689B69002B40F083802E4813
:1014400005F022FA03461A467B689A617B689B691D
:10145000002B79D1334BBB6100237B61264A79692C
:1014600097ED060A252005F068F803461A467B68C2
:101470009A617B689B69002B68D11F4A796997ED57
:10148000060A042005F059F803461A467B689A615B
:101490007B689B69002B5BD1174A796997ED060A37
:1014A0000D2005F04AF803461A467B689A617B686E
:1014B0009B69002B4ED107F110031846FFF7A2FEDF
:1014C000024600230021FA2003F00EFA43E000BF99
:1014D00041E000BF3FE000BF3DE000BF3BE000BF98
:1014E00039E000BF37E000BF35E000BF33E000BFA8
:1014F00031E000BF2FE000BF60F40224E90F0108D3
:10150000A50F0108610F010898FD02246CA60100D7
:10151000F07602089AFD0224311001083D110108FD
:1015200060EC02240000FA4300BF14E000BF12E0A8
:1015300000BF10E000BF0EE000BF0CE000BF0AE0FB
:1015400000BF08E000BF06E000BF04E000BF02E00B
:1015500000BF00E000BF2037BD4680BD80B483B02F
:1015600000AF78607B68D3F82431002B00DA1F339A
:101570005B111A467B681A607B68D3F82831002B10
:1015800000DA1F335B111A467B685A607B68D3F818
:101590002C31002B00DA1F335B111A467B689A60EE
:1015A0007B68D3F82032002B00DA1F335B111A4618
:1015B0007B68DA607B68D3F82432002B00DA1F33B3
:1015C0005B111A467B681A617B68D3F82832002BBE
:1015D00000DA1F335B111A467B685A6100BF0C3773
:1015E000BD465DF8047B704780B586B004AF786077
:1015F00039607B68012B15D13B684FF6FF7293422F
:1016000010D110230393094B029302230193084B3B
:1016100000930323064A0749074803F0CAFF074817
:10162000FFF7BAFD00BF0837BD4680BD0000025875
:101630000000024000300140F8E9022418EA0224C8
:1016400080B500AF4FF6FF710120FFF7CDFF80BDE1
:1016500080B483B000AF786039607B683A689A6183
:1016600000BF0C37BD465DF8047B704780B483B083
:1016700000AF786039603B681A047B689A6100BFEC
:101680000C37BD465DF8047B7047000080B584B020
:1016900000AF786039601B4B1B68002B12D14FF4F0
:1016A00080611948FFF7D4FF4FF4967003F026FAD3
:1016B0004FF480611448FFF7D9FF4FF4967003F0A0
:1016C0001DFAE8E70023FB600E4B1B68FA689A429C
:1016D00013DC4FF480610C48FFF7BAFFC82003F019
:1016E0000DFA4FF480610848FFF7C0FFC82003F0EF
:1016F00005FAFB680133FB60E6E74FF42F7003F057
:10170000FDF9C8E79CFD02240010025880B582B0A4
:1017100000AF786079680020FFF7B8FF0837BD4652
:1017200080BD000080B483B000AF7860034B1846E2
:101730000C37BD465DF8047B704700BF0D170108EC
:1017400080B582B000AF3B1D1846FFF7EBFF0346A4
:101750001A460021C82000F004F800BF0837BD4633
:1017600080BD80B584B000AFF860B9607A600023B6
:101770007A68B968F86803F0B7F800BF1037BD465B
:1017800080BD80B582B000AF786039603B681B686F
:101790001846EFF7C9FB034618460837BD4680BD1B
:1017A00080B582B000AF786079680020FFF7E9FF6C
:1017B000034618460837BD4680BD000080B483B09C
:1017C00000AF7860034B18460C37BD465DF8047BCC
:1017D000704700BFA117010880B584B000AF7860E2
:1017E00007F10C031846FFF7E9FF02463B1D1146BF
:1017F0001846FDF739FE00BF1037BD4680BD80B4E6
:1018000083B000AF78607B681B6C9BB218460C37C6
:10181000BD465DF8047B704780B483B000AF78604C
:1018200039607B681A693B6813403A689A4201D173
:10183000012300E0002318460C37BD465DF8047B09
:101840007047000080B582B000AF4FF4C87002F05E
:1018500069FFFFF775FFFFF767FAFFF73BF9FDF741
:10186000D3FDFEF775FC7448FFF7DAFCFEF726F8A7
:10187000724800F023FA4FF480517148FFF7CCFF13
:101880000346002B08D180216D48FFF7C5FF0346B2
:10189000002B01D1012300E00023002B01D0EFF742
:1018A00015FCEFF7E1FB674B1B6840F2CF729342E8
:1018B000D4BF01230023DBB2002B00D0F3E70121CA
:1018C0000120FDF7BBFD0A20EFF71EFB786078686A
:1018D000FFF782FF0A20EFF717FB78605648FFF703
:1018E0003DFE594B1B6898474FF480515448FFF711
:1018F00093FF0346002B0CBF01230023DBB2002B18
:1019000019D0524B1B68002B07D140F61520F0F779
:10191000D7FE03461846EFF733FD4C4B1E221A60E4
:101920004B4A4C4B13441B6843F001024849494B56
:101930000B441A6012E0454B1B68002B04D0434B4C
:101940001B68013B414A1360414A424B13441B68E8
:1019500023F001023E493F4B0B441A608021384876
:10196000FFF75AFF0346002B0CBF01230023DBB215
:10197000002B19D0384B1B68002B07D140F61620DE
:10198000F0F79EFE03461846EFF7FAFC324B1E2294
:101990001A602F4A2F4B13441B6843F002022C4954
:1019A0002C4B0B441A6012E02B4B1B68002B04D00D
:1019B000294B1B68013B284A1360254A254B1344D9
:1019C0001B6823F002022249224B0B441A60234871
:1019D000FFF715FF034619461D4A214B13441960B2
:1019E0001B4A1F4B13441B6840F69B1293420EDCAC
:1019F0001C4B1B7883F00103DBB2002B07D0194B83
:101A000001221A7018490320FDF718FD13E0154B49
:101A10001B78002B3FF45BAF0D4A114B13441B683E
:101A2000B3F51D6FFFF653AF0E4B00221A70002165
:101A30000320FDF703FD4AE718EA0224ACFD022467
:101A40000004025848070324D46B0224A0FD02249A
:101A5000A4A3002434AF0100A4FD0224002002400E
:101A600038AF0100A8FD0224A086010080B485B033
:101A700000AF786039607B68FB600C4A3B681344B8
:101A80001B781A46FB6813441B6808493A680A44E5
:101A900012781146FA680A4443F00103136000BF4C
:101AA0001437BD465DF8047B704700BF5C1D040819
:101AB00080B485B000AF786039607B68FB600C4A09
:101AC0003B6813441B781A46FB6813441B6808499B
:101AD0003A680A4412781146FA680A4423F001036E
:101AE000136000BF1437BD465DF8047B704700BF2C
:101AF0005C1D040880B487B000AFF860B9607A60FC
:101B0000FB687B610D4ABB6813441B781A467B69EE
:101B100013445A680A4B13400849BA680A441278B9
:101B200011467A690A4411467A6813434B6000BF34
:101B30001C37BD465DF8047B704700BF5C1D040880
:101B40000000FFFF80B487B000AFF860B9607A6032
:101B5000FB687B61074ABB6813441B781A467B69A4
:101B600013441A467B68D36000BF1C37BD465DF83E
:101B7000047B70475C1D040880B483B000AF7860BC
:101B80007B681B6843F001027B681A6000BF0C375A
:101B9000BD465DF8047B704780B483B000AF7860C9
:101BA0007B681B6823F001027B681A6000BF0C375A
:101BB000BD465DF8047B704780B483B000AF7860A9
:101BC00039607B685A68064B13403A681A437B6851
:101BD0005A6000BF0C37BD465DF8047B704700BFFC
:101BE0000000FFFF80B483B000AF78607B689B6922
:101BF00043F008027B689A6100BF0C37BD465DF870
:101C0000047B704780B483B000AF78607B689B69C9
:101C100043F010027B689A6100BF0C37BD465DF847
:101C2000047B704780B483B000AF78607B689B68AA
:101C300043F480427B689A6000BF0C37BD465DF874
:101C4000047B704780B483B000AF78607B689B688A
:101C500023F480427B689A6000BF0C37BD465DF874
:101C6000047B704780B483B000AF78607B689B686A
:101C700043F400427B689A6000BF0C37BD465DF8B4
:101C8000047B704780B483B000AF78607B689B684A
:101C900023F400427B689A6000BF0C37BD465DF8B4
:101CA000047B704780B483B000AF78607B681846CF
:101CB0000C37BD465DF8047B7047000080B584B0EA
:101CC00000AF7860C823BB600023FB60FB68C72BB4
:101CD00010DCFB68DAB26FF002039B1AD9B27A68A3
:101CE000FB68134403F500730A461A70FB6801335E
:101CF000FB60EBE72E48FFF74FFF2D48FFF772FF21
:101D00002B48FFF77FFF2A48FFF7BCFF2848FFF763
:101D100099FF04212748FFF7CBFE03212548FFF751
:101D2000C7FEBB681A4604212248FFF7E3FE7B6822
:101D300003F500731A4604211E48FFF703FFBB6832
:101D40001A4603211B48FFF7D5FE7B681A4603217C
:101D50001848FFF7F7FE0321164803F0BFFC0321E4
:101D60001448FFF783FE0421124803F0B7FC042156
:101D70001048FFF77BFEBB6819460D48FFF71CFFB4
:101D80000B48FFF74FFF0A48FFF76CFF0848FFF7C3
:101D9000F3FE0421074803F02FFC034683F0010300
:101DA000DBB2002B00D0F4E70A2002F0A7FE89E79F
:101DB000003C00400004024080B582B000AF786073
:101DC00039607B68012B07D13B684FF6FF72934265
:101DD00002D10348FFF766FF00BF0837BD4680BD4C
:101DE000ACFD022480B500AF4FF6FF710120FFF774
:101DF000E3FF80BD80B483B000AF78607B68184695
:101E00000C37BD465DF8047B7047000080B584B098
:101E100000AFF860B9607A60B868EEF75AFE034622
:101E2000522B0CBF01230023DBB2002B2CD0184A0D
:101E3000184B134401221A60B868FDF7BDF802463A
:101E40001349154B0B441A60B868FDF735F8024684
:101E50000F49124B0B441A60B868FDF72DF8024683
:101E60000B490F4B0B441A60B868FDF725F8024682
:101E700007490C4B0B441A60B868FDF71DF8024681
:101E80000349094B0B441A6000BF1037BD4680BDA3
:101E9000A4A300243CAF010040AF010048AF010003
:101EA0004CAF010054AF010058AF010080B483B0C3
:101EB00000AF7860194A1A4B134400221A60174A7F
:101EC000174B13441A681549164B0B441A60134AF2
:101ED000144B13441A681149134B0B441A600F4AF0
:101EE000114B13441A680D49104B0B441A600B4AEE
:101EF0000E4B13441A6809490D4B0B441A60074AEC
:101F00000B4B13441A6805490A4B0B441A6000BF77
:101F10000C37BD465DF8047B704700BFA4A30024C6
:101F200058AF010054AF01004CAF010048AF0100B1
:101F300040AF01003CAF010080B582B000AF7860D7
:101F400039607B68012B07D13B684FF6FF729342E3
:101F500002D10348FFF74EFF00BF0837BD4680BDE2
:101F6000AC01032480B500AF4FF6FF710120FFF7ED
:101F7000E3FF80BD80B485B000AFF8607A603B605D
:101F80000B46FB72FB68FA7A1A707B689AB2FB68A0
:101F90005A803B689AB2FB689A80BB699AB2FB6828
:101FA000DA80FB699AB2FB681A813B6A9AB2FB68D5
:101FB0005A817B6A9AB2FB689A81BB6A9AB2FB68C3
:101FC000DA81FB6A9AB2FB681A8200BF1437BD46F9
:101FD0005DF8047B7047000080B584B000AFF86006
:101FE000B9607A60FB681B781946786800F04AFB94
:101FF000FB681B78013B162B00F2458201A252F8C8
:1020000023F000BF6120010887200108A1200108FA
:10201000C7200108ED200108ED2001083721010843
:1020200037210108992101085B220108BD2201081E
:10203000EF22010809230108CB2301082D24010800
:102040005F240108872401088724010887240108E8
:1020500087240108872401088724010879240108BE
:10206000FB685B881946786800F05DFBFB689B881D
:102070001946786800F057FBFB68DB8819467868DA
:1020800000F051FBFFE1FB685B881A460021B8684D
:102090000AF0F8FD03461946786800F051FBF2E1BA
:1020A000FB685B881A460021B8680AF0EBFD03461E
:1020B0001946786800F044FBFB689B8819467868ED
:1020C00000F031FBDFE1FB685B881A460021B8684D
:1020D0000AF0D8FD03461946786800F031FBFB682A
:1020E0009B881946786800F01EFBCCE1FB685B8892
:1020F0001A460021B8680AF0C5FD034619467868FB
:1021000000F02BFBFB689B881A460021B8680AF098
:10211000B9FD03461946786800F01FFBFB68DB88B1
:102120001A460021B8680AF0ADFD034619467868E2
:1021300000F013FBA7E1FB685B881A460021B86832
:102140000AF0A0FD03461946786800F006FBFB681C
:102150009B881A460021B8680AF094FD0346194688
:10216000786800F0FAFAFB68DB881A460021B86844
:102170000AF088FD03461946786800F0EEFAFB681D
:102180001B891A460021B8680AF07CFD03461946EF
:10219000786800F0E2FA76E1FB685B881A46002175
:1021A000B8680AF06FFD03461946786800F0D5FA62
:1021B000FB689B881A460021B8680AF063FD034655
:1021C0001946786800F0C9FAFB68DB881A460021D6
:1021D000B8680AF057FD03461946786800F0BDFA62
:1021E000FB681B891A460021B8680AF04BFD0346BC
:1021F0001946786800F0B1FAFB685B891A4600213D
:10220000B8680AF03FFD03461946786800F0A5FA61
:10221000FB689B891A460021B8680AF033FD034623
:102220001946786800F099FAFB68DB891A460021A4
:10223000B8680AF027FD03461946786800F08DFA61
:10224000FB681B8A1A460021B8680AF01BFD03468A
:102250001946786800F081FA15E1FB685B881A4638
:102260000021B8680AF00EFD03461946786800F0B0
:1022700074FAFB689B881A460021B8680AF002FDD0
:1022800003461946786800F068FAFB68DB881A464E
:102290000021B8680AF0F6FC03461946786800F099
:1022A0005CFAFB681B891A460021B8680AF0EAFC50
:1022B00003461946786800F050FAE4E0FB685B8852
:1022C0001A460021B8680AF0DDFC03461946786812
:1022D00000F043FAFB689B881A460021B8680AF0B0
:1022E000D1FC03461946786800F037FACBE0FB686A
:1022F0005B881A460021B8680AF0C4FC03461946F8
:10230000786800F02AFABEE0FB685B881A46002174
:10231000B8680AF0B7FC03461946786800F02AFA54
:10232000FB689B881A460021B8680AF0ABFC03469C
:102330001946786800F01EFAFB68DB881A4600210F
:10234000B8680AF09FFC03461946786800F012FA54
:10235000FB681B891A460021B8680AF093FC034603
:102360001946786800F006FAFB685B891A46002176
:10237000B8680AF087FC03461946786800F0FAF955
:10238000FB689B891A460021B8680AF07BFC03466B
:102390001946786800F0EEF9FB68DB891A460021DF
:1023A000B8680AF06FFC03461946786800F0E2F955
:1023B000FB681B8A1A460021B8680AF063FC0346D2
:1023C0001946786800F0D6F95DE0FB685B881A462C
:1023D0000021B8680AF056FC03461946786800F0F8
:1023E000C9F9FB689B881A460021B8680AF04AFCC4
:1023F00003461946786800F0BDF9FB68DB881A4689
:102400000021B8680AF03EFC03461946786800F0DF
:10241000B1F9FB681B891A460021B8680AF032FC42
:1024200003461946786800F0A5F92CE0FB685B8844
:102430001A460021B8680AF025FC03461946786858
:1024400000F098F9FB689B881A460021B8680AF0EA
:1024500019FC03461946786800F08CF913E0FB6814
:102460005B881A460021B8680AF00CFC034619463E
:10247000786800F07FF906E0FB685B8819467868A9
:1024800000F051F900BF00BF1037BD4680BD00BF4E
:1024900080B582B000AF78607B6803F59063184622
:1024A00000F075F97B6803F5D163184600F082F9F6
:1024B0007B6818460837BD4680BD80B588B006AF3A
:1024C00078607B680022C3F89028002305930023DE
:1024D0000493002303930023029300230193012319
:1024E0000093042301220121786800F099F8002369
:1024F00005930023049300230393002302930023F6
:10250000019300230093C82301220421786800F07E
:1025100087F80023059300230493002303930023EB
:1025200002930023019300230093002300220B2138
:10253000786800F075F800230593002304930023C6
:1025400003930023029300230193002300930023AD
:1025500005221B21786800F063F87B68012283F86C
:10256000942800BF0837BD4680BD80B584B000AF59
:10257000786039607B6893F89438002B41D07B6891
:1025800003F59063184600F028F90023FB607B6890
:10259000D3F89038FA689A4211DAFA681346DB00E9
:1025A00013445B007A68D0187B6803F590631A4681
:1025B0003968FFF711FDFB680133FB60E7E77B68D3
:1025C00003F590630021184600F05CF87B6803F582
:1025D00090638022FE21184600F014F97B6803F511
:1025E0009063184600F02DF97B6803F5D163184617
:1025F00000F05BF903464FF400720221184611F017
:1026000069FF00BF1037BD4680BD80B483B000AF06
:102610007860396000BF0C37BD465DF8047B7047B9
:1026200080B58AB006AFF8607A603B600B46FB72FB
:10263000FB68D3F890383F2B01DD00231EE0FB68D8
:10264000D3F89028511CFB68C3F890181346DB00A0
:1026500013445B00FA68D018F97AFB6A0593BB6AE9
:1026600004937B6A03933B6A0293FB690193BB6902
:1026700000933B687A68FFF77DFC0123184610370A
:10268000BD4680BD80B485B000AF786039603B68DE
:1026900003F01F033B607B68D3F80432C3F10703E8
:1026A000FB607B68D3F800327A68D25C7B68D3F831
:1026B0000432396801FA03F3DBB21343DAB27B6800
:1026C000D3F8003262F07F02D1B27A68D154FB684D
:1026D000052B1BDC7B68D3F800325A1C7B68C3F8DF
:1026E00000223A68FB6842FA03F35BB263F07F03AF
:1026F0005AB27B68D3F80032D1B27A68D154FB6801
:10270000C3F105027B68C3F8042206E07B68D3F8B6
:1027100004325A1D7B68C3F8042200BF1437BD463B
:102720005DF8047B704780B582B000AF7860396097
:102730003968786800F0CCF800BF0837BD4680BD26
:1027400080B582B000AF786039603968786800F091
:102750001CF900BF0837BD4680BD80B582B000AF10
:10276000786039603968786800F070F900BF083720
:10277000BD4680BD80B582B000AF786039603968F1
:10278000786800F0C0F900BF0837BD4680BD80B44E
:1027900083B000AF78607B680022C3F800227B68BA
:1027A0000022C3F804227B6818460C37BD465DF84A
:1027B000047B704780B483B000AF78607B680022F0
:1027C000C3F800227B680022C3F804227B68184605
:1027D0000C37BD465DF8047B704780B483B000AF12
:1027E00078607B680022C3F804227B680022C3F86B
:1027F00000227B6800221A7000BF0C37BD465DF8CE
:10280000047B704780B584B000AFF860B9601346B0
:10281000FB71FB68D3F80032BA68D31AFA68D2F8B1
:102820000422002A02D04FF0FF3200E000221344BD
:10283000FA791946F86800F0C4F900BF1037BD46B0
:1028400080BD80B582B000AF78607B68D3F8043279
:10285000002B06D07B68D3F800325A1C7B68C3F883
:10286000002278687B68D3F8001200230022FCF76E
:102870006DFA03465BB263F07F035AB27B68D3F80C
:102880000032D1B27A68D1547B68D3F800325A1C36
:102890007B68C3F800227B68D3F800327A68002195
:1028A000D15400BF0837BD4680BD80B483B000AFAF
:1028B00078607B680122C3F800227B680022C3F89D
:1028C00004227B6818460C37BD465DF8047B7047D0
:1028D00080B485B000AF786039603B68DBB23B60A4
:1028E0007B68D3F80432C3F10703FB607B68D3F83D
:1028F0000032591C7A68C2F800127A68D15C7A6892
:10290000D2F80422386800FA02F2D2B20A43D2B2F4
:1029100062F07F02D1B27A68D1543A68FB6842FA19
:1029200003F33B60FB68C3F10803FB60FB68062B05
:1029300016DD3B685BB263F07F035BB2D8B27B68A5
:10294000D3F80032591C7A68C2F800127A6801463E
:10295000D1543B68DB113B60FB68073BFB60E5E75C
:102960007B68FA68C3F804223B685BB263F07F03BC
:102970005AB27B68D3F80032D1B27A68D15400BF22
:102980001437BD465DF8047B704780B485B000AF56
:10299000786039607B68D3F80432C3F10703FB60C9
:1029A0007B68D3F80032591C7A68C2F800127A6842
:1029B000D15C7A68D2F80422386800FA02F2D2B206
:1029C0000A43D2B262F07F02D1B27A68D1543A6837
:1029D000FB6842FA03F33B604FF0FF32FB68DA40DA
:1029E0003B6813403B60FB68C3F12003FB60FB685E
:1029F000062B16DD3B685BB263F07F035BB2D8B297
:102A00007B68D3F80032591C7A68C2F800127A68E1
:102A10000146D1543B68DB113B60FB68073BFB6020
:102A2000E5E77B68FA68C3F804223B685BB263F0B1
:102A30007F035AB27B68D3F80032D1B27A68D1549E
:102A400000BF1437BD465DF8047B704780B485B085
:102A500000AF786039603B689BB23B607B68D3F81D
:102A60000432C3F10703FB607B68D3F80032591CC2
:102A70007A68C2F800127A68D15C7A68D2F80422C7
:102A8000386800FA02F2D2B20A43D2B262F07F0290
:102A9000D1B27A68D1543A68FB6842FA03F33B60DA
:102AA000FB68C3F11003FB60FB68062B16DD3B6877
:102AB0005BB263F07F035BB2D8B27B68D3F80032BD
:102AC000591C7A68C2F800127A680146D1543B68F2
:102AD000DB113B60FB68073BFB60E5E77B68FA685E
:102AE000C3F804223B685BB263F07F035AB27B6891
:102AF000D3F80032D1B27A68D15400BF1437BD4642
:102B00005DF8047B704780B485B000AF78603960B1
:102B10003B68C3F30B033B607B68D3F80432C3F11B
:102B20000703FB607B68D3F80032591C7A68C2F84F
:102B300000127A68D15C7A68D2F80422386800FA08
:102B400002F2D2B20A43D2B262F07F02D1B27A6804
:102B5000D1543A68FB6842FA03F33B60FB68C3F167
:102B60000C03FB60FB68062B16DD3B685BB263F071
:102B70007F035BB2D8B27B68D3F80032591C7A6805
:102B8000C2F800127A680146D1543B68DB113B6001
:102B9000FB68073BFB60E5E77B68FA68C3F8042243
:102BA0003B685BB263F07F035AB27B68D3F80032B4
:102BB000D1B27A68D15400BF1437BD465DF8047BAA
:102BC000704780B485B000AFF860B9601346FB7100
:102BD000BB68002B2BDBFB68D3F80432002B0AD038
:102BE000FB68D3F800325A1CFB68C3F80022FB686C
:102BF0000022C3F80422BB685A1EBA60002B14BF1F
:102C000001230023DBB2002B0BD0F879FB68D3F84B
:102C10000032591CFA68C2F80012FA680146D15411
:102C2000E9E7FB68D3F80032FA680021D15400BF0D
:102C30001437BD465DF8047B704780B483B000AFA5
:102C400078607B681B6818460C37BD465DF8047BCE
:102C5000704780B483B000AF78607B6800225A610F
:102C600000BF0C37BD465DF8047B704780B489B067
:102C700000AF78607B68FB60FB6853E8003FBB6097
:102C8000BB6843F00403FB617B68FA69BA617B614E
:102C90007969BA6941E800233B613B69002B14BFA5
:102CA00001230023DBB2002B00D0E3E700BF243771
:102CB000BD465DF8047B704780B489B000AF786092
:102CC0007B68FB60FB6853E8003FBB60BB6843F078
:102CD0000803FB617B68FA69BA617B617969BA694B
:102CE00041E800233B613B69002B14BF0123002313
:102CF000DBB2002B00D0E3E700BF2437BD465DF810
:102D0000047B704780B483B000AF78607B685B68F9
:102D100043F400027B685A6000BF0C37BD465DF883
:102D2000047B704780B483B000AF786039607B6803
:102D30005B6903F07F423B681A437B685A6100BFBE
:102D40000C37BD465DF8047B704780B483B000AF9C
:102D500078607B68DB6903F08063B3F1806F01D139
:102D6000012300E0002318460C37BD465DF8047BC4
:102D7000704780B483B000AF78607B6802221A622B
:102D800000BF0C37BD465DF8047B704780B483B04C
:102D900000AF78607B6804221A6200BF0C37BD4622
:102DA0005DF8047B704780B483B000AF78607B68C7
:102DB0004FF400621A6200BF0C37BD465DF8047B19
:102DC000704780B489B000AF78607B68FB60FB68B7
:102DD00053E8003FBB60BB6843F04003FB617B6886
:102DE000FA69BA617B617969BA6941E800233B619C
:102DF0003B69002B14BF01230023DBB2002B00D062
:102E0000E3E700BF2437BD465DF8047B704780B41C
:102E100089B000AF78607B68FB60FB6853E8003FD7
:102E2000BB60BB6843F08063FB617B68FA69BA6191
:102E30007B617969BA6941E800233B613B69002BFA
:102E400014BF01230023DBB2002B00D0E3E700BF57
:102E50002437BD465DF8047B704780B489B000AF6D
:102E600078607B680833FB60FB6853E8003FBB6019
:102E7000BB6843F08053FB617B680833FA69BA6131
:102E80007B617969BA6941E800233B613B69002BAA
:102E900014BF01230023DBB2002B00D0E1E700BF09
:102EA0002437BD465DF8047B704780B489B000AF1D
:102EB00078607B68FB60FB6853E8003FBB60BB68E1
:102EC00023F04003FB617B68FA69BA617B61796931
:102ED000BA6941E800233B613B69002B14BF012321
:102EE0000023DBB2002B00D0E3E700BF2437BD4650
:102EF0005DF8047B704780B489B000AF78607B6870
:102F0000FB60FB6853E8003FBB60BB6823F0806355
:102F1000FB617B68FA69BA617B617969BA6941E8EA
:102F200000233B613B69002B14BF01230023DBB26C
:102F3000002B00D0E3E700BF2437BD465DF8047BDB
:102F4000704780B489B000AF78607B680833FB605D
:102F5000FB6853E8003FBB60BB6823F08053FB6114
:102F60007B680833FA69BA617B617969BA6941E8BB
:102F700000233B613B69002B14BF01230023DBB21C
:102F8000002B00D0E1E700BF2437BD465DF8047B8D
:102F9000704780B483B000AF78607B681B6803F033
:102FA0004003402B01D1012300E0002318460C37D9
:102FB000BD465DF8047B704780B483B000AF786095
:102FC0007B685B6ADBB218460C37BD465DF8047B54
:102FD000704780B483B000AF78600B46FB70FA781E
:102FE0007B689A6200BF0C37BD465DF8047B704772
:102FF00080B483B000AF78607B689B6943F00802BF
:103000007B689A6100BF0C37BD465DF8047B704752
:1030100080B582B000AF786039607B683A685A64E6
:103020007B68483314211846EFF70CFF7B68483360
:103030001846FFF702FE7B6848331846FFF709FE83
:103040007B6818460837BD4680BD80B582B000AFAA
:1030500078607B6809229A627B6800225A627B68EA
:1030600048331946786800F039F87B685B6C18467D
:10307000FFF71BFF7B685B6C1846FFF73CFF7B6824
:103080005B6C1846FFF75DFF7B685B6C4FF4C871A3
:103090001846FFF747FE7B685B6C1846FFF732FE69
:1030A0007B685B6C1846FFF707FE7B685B6C184615
:1030B000FFF7DCFD00BF0837BD4680BD80B582B09C
:1030C00000AF786039607B685B6C3A6811461846DF
:1030D000FFF728FE00BF0837BD4680BD80B483B02F
:1030E00000AF786039607B685B6A082B08DC396860
:1030F0007B685B6A581C7A6850627A6842F82310D1
:1031000000BF0C37BD465DF8047B704780B584B0C6
:1031100000AF78607B685B6C1846FFF72AFE7B681F
:103120005B6C1846FFF732FE0023FB607B685B6A2E
:10313000FA689A420ADA7B68FA6853F8223018462D
:10314000F0F7E8F9FB680133FB60EFE77B680022EA
:103150009A627B689A6A7B685B6A9A4202DA78684C
:1031600000F004F800BF1037BD4680BD90B597B0A1
:1031700000AF786007F10C031846FCF75DFA7B6836
:103180009A6A7B685B6A9A424CDA7B689A6A7B68C7
:1031900053F822007B6803F12C0207F10C03194657
:1031A000F0F74DFA07F10C031846FCF756FA034600
:1031B000002B14BF01230023DBB2002B2CD00023F3
:1031C0007B6507F10C031846FCF747FA02467B6D56
:1031D0009342B4BF01230023DBB2002B12D07B68E3
:1031E0005C6C07F10C031846FCF743FA02467B6D52
:1031F00013441B7819462046FFF7EBFE7B6D013325
:103200007B65DEE77B6800221A647B685B6C18468E
:10321000FFF7D7FD00BF05E07B689B6A5A1C7B68FF
:103220009A62ACE700BF5C37BD4690BD80B582B006
:1032300000AF78607B689B6A5A1C7B689A627868EA
:10324000FFF794FF00BF0837BD4680BD80B58AB048
:1032500002AF78607B685B6C1846FFF79AFE034606
:10326000002B14BF01230023DBB2002B19D07B6895
:103270005B6C1846FFF719FE7B685B6C1846FFF71E
:10328000B7FE7B685B6C1846FFF78DFD7B685B6C57
:103290001846FFF7BCFD7B685B6C1846FFF7DDFD49
:1032A000C3E07B685B6C1846FFF74FFD0346002BBD
:1032B00014BF01230023DBB2002B00F0A9807B6840
:1032C000DB6A062B27D17B685B6C1846FFF774FE20
:1032D000034618467B681B6C591C7A6811647A682F
:1032E0001344024683F830207B685B6C1846FFF776
:1032F00063FE034618467B681B6C591C7A68116490
:103300007A681344024683F830207B68DB6A9A1E91
:103310007B68DA6248E07B685B6C1846FFF74CFE1E
:10332000034618467B681B6C591C7A6811647A68DE
:103330001344024683F830207B685B6C1846FFF725
:103340003BFE034618467B681B6C591C7A68116467
:103350007A681344024683F830207B685B6C184619
:10336000FFF72AFE034618467B681B6C591C7A68D7
:1033700011647A681344024683F830207B685B6CE2
:103380001846FFF719FE034618467B681B6C591C4C
:103390007A6811647A681344024683F830207B68A7
:1033A000DB6A1A1F7B68DA627B68DB6A002B3CD120
:1033B0007B685B6C1846FFF79EFD7B685B6C18466C
:1033C000FFF7BFFD7B6803F1300107F10C0000231C
:1033D000009347F6FF730022FBF7F6FC7B681A6C3C
:1033E00007F10C0311461846FBF70BFE0346002BB2
:1033F0000AD07B689A6A7B6853F8223007F10C0286
:1034000011461846F0F78DF97868FFF70FFF0CE0CA
:103410007B685B6C1846FFF76EFD7B685B6C18463B
:10342000FFF78FFD7868FFF701FF2037BD4680BDAD
:1034300080B483B000AF78607B681B6C9BB2184689
:103440000C37BD465DF8047B704780B483B000AF95
:1034500078607B685B6843F400027B685A6000BF59
:103460000C37BD465DF8047B704780B483B000AF75
:10347000786039607B685B6903F07F423B681A4380
:103480007B685A6100BF0C37BD465DF8047B70470E
:1034900080B483B000AF78607B68DB6903F08003A1
:1034A000802B01D1012300E0002318460C37BD46D4
:1034B0005DF8047B704780B483B000AF78607B68B0
:1034C000DB6903F08063B3F1806F01D1012300E079
:1034D000002318460C37BD465DF8047B704780B466
:1034E00083B000AF78607B684FF400621A6200BF5F
:1034F0000C37BD465DF8047B704780B489B000AFDF
:1035000078607B68FB60FB6853E8003FBB60BB688A
:1035100043F08063FB617B68FA69BA617B6179691A
:10352000BA6941E800233B613B69002B14BF0123CA
:103530000023DBB2002B00D0E3E700BF2437BD46F9
:103540005DF8047B704780B489B000AF78607B6819
:103550000833FB60FB6853E8003FBB60BB6843F087
:103560008053FB617B680833FA69BA617B617969D2
:10357000BA6941E800233B613B69002B14BF01237A
:103580000023DBB2002B00D0E1E700BF2437BD46AB
:103590005DF8047B704780B489B000AF78607B68C9
:1035A000FB60FB6853E8003FBB60BB6823F08063AF
:1035B000FB617B68FA69BA617B617969BA6941E844
:1035C00000233B613B69002B14BF01230023DBB2C6
:1035D000002B00D0E3E700BF2437BD465DF8047B35
:1035E000704780B483B000AF78607B685B6ADBB201
:1035F00018460C37BD465DF8047B704780B483B035
:1036000000AF78600B46FB70FA787B689A6200BF67
:103610000C37BD465DF8047B704780B483B000AFC3
:1036200078607B689B6943F008027B689A6100BF01
:103630000C37BD465DF8047B7047000080B58AB04A
:1036400000AFF8607A603B600B46FB72FA7A334950
:10365000334B0B441968FB6841FA03F31340FB61D9
:10366000FB7A002B01D1002354E000237B6200236E
:103670003B623B6A072B4CDCFA7A3B6A42FA03F363
:1036800003F00103002B40D07B6A01337B627B682F
:103690001B781AB27B6801331B781B021BB21343E1
:1036A0007B837B6802337B60FA693B6A42FA03F3EF
:1036B00003F00103002B28D0B7F91A20194B13444B
:1036C0007B617A6913465B0013445B02164A82FBF6
:1036D00003129211DB17D31A7B61FA683B6A134419
:1036E0004FF41C7202FB03F30833104A1344181DF5
:1036F000FA683B6A13440E4A52F823307A6902FB97
:1037000003F100233A68EDF749FA3B6A01333B6263
:10371000AFE77B6A18462837BD4680BDA4A30024C6
:103720005CAF0100B4E2FFFFD34D62107879022450
:10373000C003032480B485B000AF78603960174AB5
:103740003B6813600023FB60FB68272B08DC144AEE
:10375000FB68012142F82310FB680133FB60F3E7AB
:103760000023BB600F4ABB6813441B78272B0DD87E
:103770000C4ABB6813441B781946094B4FF0FF32C3
:1037800043F82120BB680133BB60EBE77B68184638
:103790001437BD465DF8047B704700BFBC030324AB
:1037A000C00303246C1D040880B483B000AF7860AC
:1037B0003960044B1B7818460C37BD465DF8047B16
:1037C000704700BFB801032480B582B000AF7860B5
:1037D00079680020FFF7E8FF034618460837BD4622
:1037E00080BD000080B483B000AF7860034B184602
:1037F0000C37BD465DF8047B704700BFC937010830
:1038000080B596B000AF7860396007F108031846BC
:10381000FFF7E8FF03461946002001F0B9F800233E
:1038200087F85730B94B1B68023B3B653B6D002B5B
:103830000CDBB74A3B6D13441A7897F857301344A2
:1038400087F857303B6D013B3B65EFE7AF4B1B689B
:10385000013BAF4AD35C97F857209A4240F0D2829E
:10386000AC4B1B68FF2B13DCA94B5878A94B1B688A
:103870005A1CA8490A60A84A0146D154A44B98781A
:10388000A44B1B685A1CA3490A60A34A0146D154A1
:103890009F4B5B78312B6DDC002BC0F2AF82312B5C
:1038A00000F2AC8201A252F823F000BF7D3901087A
:1038B000FD3D0108FD3D0108FD3D0108FD3D0108FC
:1038C000FD3D0108FD3D0108FD3D0108FD3D0108EC
:1038D000FD3D0108FD3D0108FD3D0108853B010856
:1038E000FD3D0108FD3D0108F33D0108E93B0108EC
:1038F000FD3D0108F33D0108FD3D0108FD3D0108C6
:10390000FD3D0108FD3D0108FD3D0108FD3D0108AB
:10391000FD3D0108FD3D0108FD3D0108FD3D01089B
:10392000FD3D0108FD3D0108FD3D0108FD3D01088B
:10393000AB3C0108FD3D0108FD3D0108FD3D0108CE
:10394000FD3D0108FD3D0108FD3D0108FD3D01086B
:10395000FD3D0108FD3D0108FD3D0108FD3D01085B
:10396000FD3D0108FD3D0108FD3D0108FD3D01084B
:10397000AD3D0108FE2B00F032813FE2644B9B78A5
:10398000023B1F2B00F2448201A252F823F000BF39
:103990001D3B0108113E0108113E0108113E0108BE
:1039A000113E0108113E0108113E0108113E0108B7
:1039B000113E0108113E0108113E0108113E0108A7
:1039C000113E0108113E0108113E0108113E010897
:1039D0007B3B0108113E0108113E0108113E010820
:1039E000113E0108113E0108113E0108113E010877
:1039F000113E0108113E0108113E0108113E010867
:103A0000113E0108113E0108113A01087B3B0108F3
:103A10003F4B9B791A463E4BDB791B021343FB61FC
:103A20003B4B1B7ABB61BB69DBB20333DAB2384B69
:103A30001A70374B1B7887F84F30354BFE225A707F
:103A4000334B5A7897F84F30134487F84F30BB699F
:103A500003F00103002B1DD0F86900F09FFBB86450
:103A600000237B647A6CBB699A4241DA7B6C023337
:103A7000BA6CD1B2264AD154254AD25C97F84F305D
:103A8000134487F84F30BB6C1B12BB647B6C013353
:103A90007B64E7E700233B643A6CBB699A4227DA10
:103AA000FA693B6C1344184600F078FB78613B6C74
:103AB00002337A69D1B2164AD154154AD25C97F8CA
:103AC0004F30134487F84F307B691B127B613B6C8E
:103AD00003337A69D1B20E4AD1540D4AD25C97F8B9
:103AE0004F30134487F84F303B6C02333B64D3E7CD
:103AF000BB690233064997F84F20CA54044B1B7820
:103B00001946034800F01CFD3BE000BFB40103244C
:103B1000BC0103246005032460040324994BDB7873
:103B20001A46984B1B791B0213433B61954B9B79BB
:103B30001A46944BDB791B021343FB603B69022B53
:103B40000BD1FB6840F24B42934206D1EDF7F0FBFC
:103B500004218D4800F0F4FC0EE03B69002B07D1F6
:103B6000FB68002B04D10421874800F0E9FC03E046
:103B7000864B00221A6004E003E0844B00221A60A6
:103B800000BF45E17F4B9B781A467E4BDB781B02DA
:103B90001A437C4B1B791B0413437B627B6AA3F59E
:103BA00038637B627B6A002B01DA03F2FF73DB125E
:103BB0003B623B6A002B0DDB3B6A7F2B0ADC3B6AD6
:103BC000182B04D101210120FBF738FC02E0386AF0
:103BD000EDF7D6FB04216C4800F0B2FC19E104219A
:103BE000694800F0ADFC14E1664BDB795B00FB62D9
:103BF000644B9978664AFB6A0020FFF71FFDB862A4
:103C0000604BD978BB6A5B0008335E4A1A44FB6A92
:103C10000820FFF713FD0246BB6A1344BB62594BF1
:103C20001979BB6A5B000833564A1A44FB6A1020B4
:103C3000FFF704FD0246BB6A1344BB62514B59793E
:103C4000BB6A5B0008334F4A1A44FB6A1820FFF72F
:103C5000F5FC0246BB6A1344BB624A4B9979BB6AC6
:103C60005B000833474A1A44FB6A2020FFF7E6FC52
:103C70000421454800F064FC464B1A68464B1B681B
:103C8000D21A464B1B68591C44480160444951F8FC
:103C900023301A60414B1B6803F003033F4A136053
:103CA0003C4B1B683C4A1360B3E0364B9B781A468A
:103CB000344BDB781B0213437B637A6B002139485A
:103CC00008F0E0FF3863384B09221A70364B1B7836
:103CD00087F85730344B31225A70334B5A7897F863
:103CE0005730134487F85730264B9A782E4B9A70EA
:103CF0002D4B9A7897F85730134487F85730214B5B
:103D0000DA78294BDA70284BDA7897F85730134471
:103D100087F857303B6BDAB2234B1A71224B1A7972
:103D200097F85730134487F857303B6B1B12DAB2C1
:103D30001D4B5A711C4B5A7997F85730134487F82A
:103D400057303B6B1B14DAB2174B9A71164B9A79AA
:103D500097F85730134487F857303B6B1B0EDAB295
:103D6000114BDA71104BDA7997F85730134487F812
:103D700057300D4A97F85730137209210A4800F05E
:103D8000DFFB46E0BC010324641D0408B4010324E6
:103D9000C401032448070324680503246C05032495
:103DA00038010024A4A30024BC0203241C4B9B78EC
:103DB0001A461B4BDB781B021343FB63184B1B7922
:103DC0001A46174B5B791B021A43154B9B791B0450
:103DD0001A43134BDB791B061343BB63BB6BFA6BB4
:103DE0000021104808F066FC04210F4800F0A8FBF1
:103DF0000FE004210C4800F0A3FB0AE00B4B00226B
:103E00001A6006E00A4B1B680133094A136000E0A0
:103E100000BF064B00221A60064B00221A70F4E421
:103E2000BC010324A4A30024641D0408B4010324DA
:103E300064050324B801032480B582B000AF786024
:103E400079680020FFF7DCFC0837BD4680BD000024
:103E500080B483B000AF7860034B18460C37BD4682
:103E60005DF8047B704700BF393E010880B584B01F
:103E700000AF78600F4B1B6828211846FFF7F5FA52
:103E80000C4B1B681846FFF7E0FA0A4B1B681846F4
:103E9000FFF759FB07F10C031846FFF7D9FF02465D
:103EA00000230021C82000F01FFD00BF1037BD46D1
:103EB00080BD00BFBC03032480B582B000AF786032
:103EC0009D4B1B681846FFF7F6FA0346002B14BFFC
:103ED00001230023DBB2002B00F03881964B1B68D6
:103EE0001846FFF7E8FA0346002B14BF012300230E
:103EF000DBB2002B00F04481904B1B68072B00F2D3
:103F0000C38001A252F823F0293F0108894001082B
:103F1000894001088940010889400108B13F010832
:103F2000DB3F010823400108834B1B681846FFF75D
:103F300058FB03461A46824B1A70814B1B78F82BAC
:103F400000F2E4807E4B1B78022B40F2DF807C4B3A
:103F50001B78013B794A13607A4B01221A60774B38
:103F60001B68032B19DC754B1B68002B00F0CE80FF
:103F7000714B1B681846FFF734FB03461846714B1C
:103F80001B685A1C6F490A606D4A0146D1546B4B3D
:103F90001B68013B694A1360E5E7674B1B681846DD
:103FA000FFF79DFA644B1B681846FFF7A6FAADE0D1
:103FB000614B1B681846FFF714FB03461846614B1C
:103FC0001B685A1C5F490A605D4A0146D1545B4B2D
:103FD0001B68013B594A136099E0574B1B68184610
:103FE000FFF7FFFA03461846564B1B685A1C554903
:103FF0000A60534A0146D1544F4B1B681846FFF7DD
:10400000F0FA034618464F4B1B685A1C4D490A608C
:104010004B4A0146D154494B1B68023B474A136047
:1040200075E0454B1B681846FFF7DBFA0346184658
:10403000444B1B685A1C43490A60414A0146D1540B
:104040003D4B1B681846FFF7CCFA034618463D4B1C
:104050001B685A1C3B490A60394A0146D154364B09
:104060001B681846FFF7BDFA03461846354B1B6818
:104070005A1C34490A60324A0146D1542F4B1B68FE
:10408000033B2E4A136042E02B4B1B681846FFF798
:10409000A8FA034618462B4B1B685A1C29490A608C
:1040A000274A0146D154244B1B681846FFF799FA5A
:1040B00003461846234B1B685A1C22490A60204AB3
:1040C0000146D1541C4B1B681846FFF78AFA034679
:1040D00018461C4B1B685A1C1A490A60184A0146AC
:1040E000D154154B1B681846FFF77BFA0346184658
:1040F000144B1B685A1C13490A60114A0146D154DB
:104100000E4B1B68043B0D4A136000E000BF0B4BD5
:104110001B68002B7FF4E2AE0A4B1B68002B3FF4B8
:10412000DDAE054B1B681846FFF735FA064B01223A
:104130001A7000BF24E000BFBC030324B0010324B5
:10414000BC010324B4010324B80103240E4B1B68F3
:104150001846FFF720FA0C4B1B681846FFF75DFA6C
:104160000A4B00221A60094B1B68094A1360094B6D
:104170001B680133074A13600421074800F0E0F987
:1041800000BF0837BD4680BDBC030324B001032433
:10419000B401032470050324681D040880B582B0AF
:1041A00000AF78607B68D62B00F384817B68602B3E
:1041B00010DA7B682A2B00F019817B682A2B00F328
:1041C00079817B68022B00F0FB807B68282B00F054
:1041D000FA806FE17B68603B762B00F26B8101A275
:1041E00052F823F013440108B54401081B440108A8
:1041F000B544010823440108B54401082B440108D3
:10420000B544010833440108B5440108B544010828
:10421000B5440108B5440108B54401083B44010810
:10422000B5440108B5440108B5440108B544010886
:10423000B5440108B5440108B5440108B544010876
:10424000B5440108B5440108B5440108B544010866
:10425000B5440108B5440108B5440108B544010856
:10426000B5440108B5440108B5440108B544010846
:10427000B5440108B5440108B5440108B544010836
:10428000B5440108B5440108B5440108B544010826
:10429000B5440108B5440108B5440108B544010816
:1042A000B5440108B5440108B5440108B544010806
:1042B000B5440108B5440108B5440108B5440108F6
:1042C000B5440108B5440108B5440108B5440108E6
:1042D000B5440108B5440108B5440108B5440108D6
:1042E000B5440108B5440108B5440108B5440108C6
:1042F000B5440108B5440108B5440108B5440108B6
:10430000B5440108B5440108B5440108B5440108A5
:10431000B5440108B5440108B5440108B544010895
:10432000B5440108B5440108B5440108B544010885
:10433000B5440108B5440108B5440108B544010875
:10434000B5440108B5440108B5440108B544010865
:10435000B5440108B5440108B5440108B544010855
:10436000B544010849440108B54401085144010815
:10437000B544010859440108B544010861440108E5
:10438000B544010869440108B544010871440108B5
:10439000B544010879440108B54401088344010883
:1043A000B54401088D440108B5440108974401084B
:1043B000B5440108A1440108B5440108AB44010813
:1043C0004FF43863A5E05548ECF7FAFD0346002B9F
:1043D00000DA0F331B114FF4807219466FF0FF00A3
:1043E000EEF7F9FA034603F5807392E04B48ECF7D9
:1043F000CFFD0346002B00DA0F331B114FF4807200
:1044000019466FF0FF00EEF7E6FA034603F58073F6
:104410007FE0424BB3F944307BE0404BB3F9463088
:1044200077E03E4BB3F9483073E03C4BB3F94A3088
:104430006FE03A4BB3F94C306BE001220021384871
:1044400008F020FC034664E0344BB3F9543060E0DC
:10445000324BB3F956305CE0304BB3F9583058E08A
:104460002E4BB3F9503154E02C4BB3F9523150E09C
:104470002A4BB3F954314CE02A48FEF7D9FF0346E2
:1044800047E0274A284B13441B6842E0244A274B45
:1044900013441B683DE0224A254B13441B6838E057
:1044A0001F4A244B13441B6833E01D4A224B13441C
:1044B0001B682EE07B686F2B12DD7B68AB2B0FDC5B
:1044C0007B68703B5B104FF41C7202FB03F30833F4
:1044D0001A4A134404331846ECF7C5FB034618E0A8
:1044E0007B68D72B14DD7B68B3F58A7F10DA7B6895
:1044F000D83B5B104FF41C7202FB03F308330F4AE6
:104500001344043302211846ECF79CFB034600E0F9
:10451000002318460837BD4680BD00BF18EA0224B4
:10452000A4A300240020024040AF010048AF0100D6
:104530004CAF010054AF010058AF0100787902245C
:1045400080B582B000AF786039603B680F2B13DC18
:104550003B685A1E3A60002B14BF01230023DBB2D4
:10456000002B2BD0174B18687B685A1C7A601B787D
:104570001946FFF743F8EBE73B685A1E3A60002BF9
:1045800014BF01230023DBB2002B17D00D4B1B6897
:104590001846FEF77DFF0346002B0CBF01230023C6
:1045A000DBB2002B00D0F1E7064B18687B685A1C81
:1045B0007A601B781946FFF721F8DDE700BF08375E
:1045C000BD4680BDBC03032480B400AFBFF34F8F52
:1045D00000BF064BDB6803F4E0620449044B13435D
:1045E000CB60BFF34F8F00BF00BFFDE700ED00E0E1
:1045F0000400FA0580B586B000AF01237B6002237A
:10460000BB6020237B61F2F755FD03461A46084B39
:104610001A603A463B1D11461846F2F72BFF034637
:104620001A46034B1A6000BF1837BD4680BD00BF55
:104630007405032480B594B000AF786039607B685E
:1046400003F5801319463B681A460120F2F7A0FCD7
:1046500003461A46244B1A607B68B3F1006F3ED1C3
:10466000F2F728FD03461A461F4B1A60F2F75CFD6D
:1046700003461A461C4B1A6007F10C031846F3F761
:1046800067F80423FB604FF480733B627B6A002B66
:1046900012DB4FF000437B6207F10C031846F2F780
:1046A000B3FF03461A46104B1A60F2F75FFD03464C
:1046B0001A460D4B1A6010E000237B6207F10C03D1
:1046C0001846F2F7A1FF03461A46074B1A60F2F7A5
:1046D0004DFD03461A46044B1A60FFF775FF00BFF5
:1046E0005037BD4680BD00BF7405032480B483B03D
:1046F00000AF786039607B681B68002B0AD17B684B
:104700005B68002B04D07B685B683A689A4201D8EA
:10471000012300E0002318460C37BD465DF8047BFA
:104720007047000080B582B000AF786000F01AFAE0
:104730000D4B0E4A1A600C4B1B680B4A12689A60AC
:10474000094B1B680A4A12681A60074B1B687A6893
:104750005A60074B1A687B689B00D31A044A13609F
:1047600000BF0837BD4680BD4007032478050324F9
:104770003C07032480B500AF1F4B1B685B691E4AD2
:104780001268D268104698471B4B1B681B4A13607F
:104790001A4B1B689A68184B1B689A4205D0174B36
:1047A0001B689B68154A1360F2E7134B1A68134B9A
:1047B0001B6892689A60104B1B689B680F4A1360D5
:1047C0000D4B1B689B680D4A13600C4B1B681B69E3
:1047D0000A4A1268D26810469847034683F00103DC
:1047E000DBB2002B05D0054B1B689B68034A1360A6
:1047F000EBE700F09DF9BFE74007032444070324DB
:1048000080B483B000AF7860012318460C37BD46F2
:104810005DF8047B7047000080B485B000AFF8609D
:10482000B9607A603B60FB687A68DA60FB68144ABA
:104830001A61FB683A685A61124B1A68FB681A6081
:10484000104B1A68BB689B00D31A0E4A1360FB68B2
:10485000BA685A60FB683A7E1A760B4B1B689A68F6
:10486000FB689A60094AFB681360074B1B68074A9C
:1048700012689A6000BF1437BD465DF8047B70472C
:10488000014801083C07032440070324440703248C
:1048900080B485B000AFF860B9607A60FB70FB68E7
:1048A000BA68DA60FB680D4A1A61FB687A685A6177
:1048B000FB68FA781A760A4B1B689A68FB689A605C
:1048C000084AFB681360064B1B68064A12689A6028
:1048D00000BF1437BD465DF8047B704701480108EE
:1048E000400703244407032480B588B002AFF86072
:1048F000B9607A60FB70FB78002B02D0224B01225A
:104900001A7000237B617B690F2B3ADC7A691346AE
:10491000DB009B1A9B001D4A1344F9681846FFF7F9
:10492000E5FE0346002B28D018497A691346DB00C0
:104930009B1A9B000B4404331B68002B0CD07A6934
:104940001346DB009B1A9B00104A9818FB787A6884
:10495000B968FFF79DFF14E07A691346DB009B1AE4
:104960009B000A4A9818FB7800937B68BA68F9683C
:10497000FFF752FF00F0FEF803E07B6901337B6133
:10498000C1E71837BD4680BD3807032478050324E6
:1049900080B582B000AF786039603B4B1B687A68A5
:1049A000DA60394B1B683A681A61384B1B78002B68
:1049B00045D0354B1B689B68354A1360344B1A68E9
:1049C000314B1B689A421BD0314B1B681B7E002B5E
:1049D0000CD02F4B1B681B692D4A1268D2681046F9
:1049E00098470346002B01D0012300E00023002B51
:1049F00005D1274B1B689B68254A1360DEE700BF83
:104A0000234B1A68204B1B689A4231D11E4B1B68FE
:104A10009B681F4A13601E4B1B681B691C4A126867
:104A2000D26810469847034683F00103DBB2002B9F
:104A30001ED0174B1B689B68154A1360EBE7124B9F
:104A40001B689B68124A1360114B1B681B69104A54
:104A50001268D26810469847034683F00103DBB220
:104A6000002B05D00A4B1B689B68094A1360EBE7D3
:104A7000074B1A68044B1B689A4201D000F058F8A3
:104A800000BF0837BD4680BD400703243807032414
:104A90004407032480B500AF02490020FFF778FFE8
:104AA00000BF80BD0148010880B582B000AF7860CA
:104AB00039603B681B681846ECF736FA034618461F
:104AC0000837BD4680BD80B582B000AF7860796898
:104AD0000020FFF7E9FF034618460837BD4680BDB2
:104AE00080B483B000AF7860034B18460C37BD46E6
:104AF0005DF8047B704700BFC74A010880B584B0E9
:104B000000AF78607B681846ECF7FEF903467B60DF
:104B100007F10C031846FFF7E3FF02463B1D114661
:104B20001846FAF7A1FC00BF1037BD4680BD000053
:104B30002DE9F01F00B509480468C4F800D0084DFD
:104B40002E680660D6F800D05DF804EBBDE8F01FD3
:104B50007047400703244407032400004007032450
:104B60004407032402496846086070473C07032451
:104B70003C07032408496846084A1268D2F800D066
:104B80002DE9F01F02B4C2F800D085467047754782
:104B90000108440703240000754701084407032463
:104BA00080B483B000AF7860044A7B681A607B6889
:104BB00018460C37BD465DF8047B70475C5502080B
:104BC00080B582B000AF786039607B681846FFF727
:104BD000E7FF074A7B681A607B683A685A607B681F
:104BE00000229A607B6818460837BD4680BD00BF2A
:104BF000841D040880B487B000AFF860B9607A60A3
:104C0000BB683B6100237B617A697B689A4210DA5A
:104C1000FB685A68FB689B68581CF96888601A44EE
:104C20007B6939690B4412781A707B6901337B61A7
:104C3000EAE700BF1C37BD465DF8047B704780B5CE
:104C400084B000AF78607B681B6808331B6807F18D
:104C50000801042278689847FB7A1A06BB7A1B047D
:104C60001A437B7A1B0213433A7A1343FB60FB68B7
:104C700018461037BD4680BD80B584B000AF78605F
:104C80007B681B6808331B6807F10F0101227868F5
:104C9000984797F90F3018461037BD4680BD000081
:104CA00080B485B000AF786039607B68FB600C4AE7
:104CB0003B6813441B781A46FB6813441B68084979
:104CC0003A680A4412781146FA680A4443F001032C
:104CD000136000BF1437BD465DF8047B704700BF0A
:104CE000901D040880B485B000AF786039607B689F
:104CF000FB600C4A3B6813441B781A46FB6813445C
:104D00001B6808493A680A4412781146FA680A444E
:104D100023F00103136000BF1437BD465DF8047B28
:104D2000704700BF901D040880B487B000AFF860E2
:104D3000B9607A60FB687B610D4ABB6813441B78DD
:104D40001A467B6913441B6823F480620849BB68D8
:104D50000B441B7819467B690B4419467B68134347
:104D60000B6000BF1C37BD465DF8047B704700BF79
:104D7000901D040880B487B000AFF860B9607A6015
:104D8000FB687B610D4ABB6813441B781A467B693C
:104D900013445A680A4B13400849BA680A44127807
:104DA00011467A690A4411467A6813434B6000BF82
:104DB0001C37BD465DF8047B704700BF901D04089A
:104DC0000000FFFF80B487B000AFF860B9607A6080
:104DD000FB687B61074ABB6813441B781A467B69F2
:104DE00013441A467B68D36000BF1C37BD465DF88C
:104DF000047B7047901D040880B483B000AF7860D6
:104E00007B681B6803F02003202B01D1012300E005
:104E1000002318460C37BD465DF8047B704780B40C
:104E200083B000AF78607B681B6803F40063B3F560
:104E3000006F01D1012300E0002318460C37BD4666
:104E40005DF8047B704780B483B000AF78607B6806
:104E50001B6803F40013B3F5001F01D1012300E028
:104E6000002318460C37BD465DF8047B704780B4BC
:104E700083B000AF78607B681B6803F00063B3F118
:104E8000006F01D1012300E0002318460C37BD4616
:104E90005DF8047B704780B483B000AF78607B68B6
:104EA0005B6803F02003202B01D1012300E00023E5
:104EB00018460C37BD465DF8047B704780B483B05C
:104EC00000AF78607B685B6803F40063B3F5006F44
:104ED00001D1012300E0002318460C37BD465DF8E0
:104EE000047B704780B483B000AF78607B685B68F8
:104EF00003F40013B3F5001F01D1012300E00023E8
:104F000018460C37BD465DF8047B704780B483B00B
:104F100000AF78607B685B6803F00063B3F1006FFB
:104F200001D1012300E0002318460C37BD465DF88F
:104F3000047B704780B483B000AF78607B68102238
:104F40009A6000BF0C37BD465DF8047B704780B4A3
:104F500083B000AF78607B684FF480629A6000BFD6
:104F60000C37BD465DF8047B704780B483B000AF5A
:104F700078607B684FF480129A6000BF0C37BD46A2
:104F80005DF8047B704780B483B000AF78607B68C5
:104F90004FF080629A6000BF0C37BD465DF8047B1D
:104FA000704780B483B000AF78607B681022DA600D
:104FB00000BF0C37BD465DF8047B704780B483B0FA
:104FC00000AF78607B684FF48062DA6000BF0C3716
:104FD000BD465DF8047B704780B483B000AF786055
:104FE0007B684FF48012DA6000BF0C37BD465DF875
:104FF000047B704780B483B000AF78607B684FF06B
:105000008062DA6000BF0C37BD465DF8047B7047F4
:1050100080B483B000AF78607B6820229A6000BFC4
:105020000C37BD465DF8047B704780B483B000AF99
:1050300078607B684FF400629A6000BF0C37BD4611
:105040005DF8047B704780B483B000AF78607B6804
:105050004FF400129A6000BF0C37BD465DF8047B28
:10506000704780B483B000AF78607B684FF0006217
:105070009A6000BF0C37BD465DF8047B704780B472
:1050800083B000AF78607B682022DA6000BF0C3705
:10509000BD465DF8047B704780B483B000AF786094
:1050A0007B684FF40062DA6000BF0C37BD465DF8E4
:1050B000047B704780B483B000AF78607B684FF4A6
:1050C0000012DA6000BF0C37BD465DF8047B704704
:1050D00080B483B000AF78607B684FF00062DA6024
:1050E00000BF0C37BD465DF8047B704780B483B0C9
:1050F00000AF78607B6808229A6000BF0C37BD461D
:105100005DF8047B704780B483B000AF78607B6843
:105110004FF400729A6000BF0C37BD465DF8047B07
:10512000704780B483B000AF78607B684FF4002292
:105130009A6000BF0C37BD465DF8047B704780B4B1
:1051400083B000AF78607B684FF000729A6000BF58
:105150000C37BD465DF8047B704780B483B000AF68
:1051600078607B680822DA6000BF0C37BD465DF8C6
:10517000047B704780B483B000AF78607B684FF4E5
:105180000072DA6000BF0C37BD465DF8047B7047E3
:1051900080B483B000AF78607B684FF40022DA609F
:1051A00000BF0C37BD465DF8047B704780B483B008
:1051B00000AF78607B684FF00072DA6000BF0C3798
:1051C000BD465DF8047B704780B483B000AF786063
:1051D0007B6804229A6000BF0C37BD465DF8047BF3
:1051E000704780B483B000AF78607B684FF4807202
:1051F0009A6000BF0C37BD465DF8047B704780B4F1
:1052000083B000AF78607B684FF480229A6000BF63
:105210000C37BD465DF8047B704780B483B000AFA7
:1052200078607B684FF080729A6000BF0C37BD4693
:105230005DF8047B704780B483B000AF78607B6812
:105240000422DA6000BF0C37BD465DF8047B70476E
:1052500080B483B000AF78607B684FF48072DA600E
:1052600000BF0C37BD465DF8047B704780B483B047
:1052700000AF78607B684FF48022DA6000BF0C37A3
:10528000BD465DF8047B704780B483B000AF7860A2
:105290007B684FF08072DA6000BF0C37BD465DF866
:1052A000047B704780B483B000AF78607B680122D4
:1052B0009A6000BF0C37BD465DF8047B704780B430
:1052C00083B000AF78607B6840229A6000BF0C37E3
:1052D000BD465DF8047B704780B483B000AF786052
:1052E0007B684FF480329A6000BF0C37BD465DF892
:1052F000047B704780B483B000AF78607B684FF464
:1053000080029A6000BF0C37BD465DF8047B704791
:1053100080B483B000AF78607B680122DA6000BFA0
:105320000C37BD465DF8047B704780B483B000AF96
:1053300078607B684022DA6000BF0C37BD465DF8BC
:10534000047B704780B483B000AF78607B684FF413
:105350008032DA6000BF0C37BD465DF8047B7047D1
:1053600080B483B000AF78607B684FF48002DA606D
:1053700000BF0C37BD465DF8047B704780B483B036
:1053800000AF78607B681B6843F001027B681A609D
:1053900000BF0C37BD465DF8047B704780B483B016
:1053A00000AF78607B681B6823F001027B681A609D
:1053B00000BF0C37BD465DF8047B704780B483B0F6
:1053C00000AF786039607B685A68064B13403A68D2
:1053D0001A437B685A6000BF0C37BD465DF8047BFA
:1053E000704700BF0000FFFF80B483B000AF78605B
:1053F0007B681B6843F400727B681A6000BF0C373F
:10540000BD465DF8047B704780B483B000AF786020
:105410007B685B6903F00103012B01D1012300E0EC
:10542000002318460C37BD465DF8047B704780B4F6
:1054300083B000AF78607B685B6903F00203022BE6
:1054400001D1012300E0002318460C37BD465DF86A
:10545000047B704780B483B000AF78607B685B6981
:1054600003F48053B3F5805F01D1012300E00023F2
:1054700018460C37BD465DF8047B704780B483B096
:1054800000AF78607B689B6943F008027B689A6193
:1054900000BF0C37BD465DF8047B704780B483B015
:1054A00000AF78607B689B6943F010027B689A616B
:1054B00000BF0C37BD465DF8047B704780B483B0F5
:1054C00000AF78607B689B6843F480427B689A6099
:1054D00000BF0C37BD465DF8047B704780B483B0D5
:1054E00000AF78607B689B6823F480427B689A6099
:1054F00000BF0C37BD465DF8047B704780B483B0B5
:1055000000AF78607B689B6843F400427B689A60D8
:1055100000BF0C37BD465DF8047B704780B483B094
:1055200000AF78607B689B6823F400427B689A60D8
:1055300000BF0C37BD465DF8047B704780B483B074
:1055400000AF78607B6830331B78DBB218460C37CD
:10555000BD465DF8047B704780B483B000AF7860CF
:105560000B46FB707B682033FA781A7000BF0C374B
:10557000BD465DF8047B704780B483B000AF7860AF
:1055800039607B683A689A6100BF0C37BD465DF8A8
:10559000047B704780B483B000AF786039603B68AB
:1055A0001A047B689A6100BF0C37BD465DF8047B26
:1055B000704780B485B000AFF860B9607A603B6036
:1055C000FB68BA681A60FB687A685A60FB68BA6957
:1055D0009A60FB683A6ADA60FB683A681A61FB68AD
:1055E000FA695A61FB68BA8C1A83FB68184614374B
:1055F000BD465DF8047B704780B582B000AF78602F
:1056000039603B68072B63D801A252F823F000BF32
:105610003156010845560108595601086D560108D2
:105620008156010895560108A9560108BD56010882
:105630007868FFF7E1FB0346002B14BF012300232A
:10564000DBB246E07868FFF7EAFB0346002B14BFA5
:1056500001230023DBB23CE07868FFF7F4FB03464C
:10566000002B14BF01230023DBB232E07868FFF780
:10567000FEFB0346002B14BF01230023DBB228E00E
:105680007868FFF708FC0346002B14BF01230023B2
:10569000DBB21EE07868FFF711FC0346002B14BF55
:1056A00001230023DBB214E07868FFF71BFC0346FC
:1056B000002B14BF01230023DBB20AE07868FFF758
:1056C00025FC0346002B14BF01230023DBB200E0BE
:1056D000002318460837BD4680BD00BF80B582B0A4
:1056E00000AF786039603B68072B00F2938001A21D
:1056F00052F823F01557010835570108555701088E
:105700007557010895570108B5570108D557010885
:10571000F55701087868FFF77BFC7868FFF70AFC0B
:105720007868FFF7E3FC7868FFF74EFD7868FFF7CD
:10573000B9FD6FE07868FFF778FC7868FFF707FC41
:105740007868FFF7E0FC7868FFF74BFD7868FFF7B3
:10575000B6FD5FE07868FFF776FC7868FFF705FC38
:105760007868FFF7DEFC7868FFF749FD7868FFF797
:10577000B3FD4FE07868FFF774FC7868FFF703FC2F
:105780007868FFF7DCFC7868FFF747FD7868FFF77B
:10579000B1FD3FE07868FFF772FC7868FFF701FC25
:1057A0007868FFF7DAFC7868FFF745FD7868FFF75F
:1057B000AFFD2FE07868FFF76FFC7868FFF7FEFB1E
:1057C0007868FFF7D7FC7868FFF742FD7868FFF745
:1057D000ACFD1FE07868FFF76DFC7868FFF7FCFB15
:1057E0007868FFF7D5FC7868FFF740FD7868FFF729
:1057F000A9FD0FE07868FFF76BFC7868FFF7FAFB0C
:105800007868FFF7D3FC7868FFF73EFD7868FFF70C
:10581000A7FD00BF00BF0837BD4680BD80B582B080
:1058200000AF78603960386800F0E8FA034618463F
:105830000837BD4680BD80B582B000AF786079681A
:105840000020FFF7EBFF034618460837BD4680BD32
:1058500080B483B000AF7860034B18460C37BD4668
:105860005DF8047B704700BF3758010880B582B0EF
:1058700000AF78603960386800F0C0FA0346184617
:105880000837BD4680BD80B582B000AF78607968CA
:105890000020FFF7EBFF034618460837BD4680BDE2
:1058A00080B483B000AF7860034B18460C37BD4618
:1058B0005DF8047B704700BF8758010880B582B04F
:1058C00000AF78603960386800F098FA03461846EF
:1058D0000837BD4680BD80B582B000AF786079687A
:1058E0000020FFF7EBFF034618460837BD4680BD92
:1058F00080B483B000AF7860034B18460C37BD46C8
:105900005DF8047B704700BFD758010880B588B0A8
:1059100000AFF860B9607A607B68102B4EDCFB68E2
:105920001B681846FFF73AFDFB681B681846FFF72F
:10593000A5FDFB681B681846FFF7B0FDFB685A68B9
:10594000FB681B6919461046FFF7CCF9FB689A689B
:10595000FB685B6919461046FFF7C4F9FB681B68D2
:105960007A6811461846FFF729FDFB681B68184640
:10597000FFF704FDFB681B681846FFF735FD7B68E1
:105980005A1E7A60002B14BF01230023DBB2002BC8
:1059900009D0FB681868BB685A1CBA601B781946A6
:1059A000FFF7DAFDEBE707F110031846FFF750FFAA
:1059B00003461946F86800F039FB78E0BB68FB61E4
:1059C000FB6903F01053B3F1105F14D17A68B96822
:1059D000F86800F09FF907F114031846FFF760FF1D
:1059E00003461946F86800F021FBFB681B6818465F
:1059F000FFF794FD5BE0FB681B681846FFF7CEFCE1
:105A0000FB681B681846FFF739FDFB681B681846E2
:105A1000FFF744FDFB685A68FB681B69194610468E
:105A2000FFF760F9FB689A68FB685B6919461046E6
:105A3000FFF758F9FB681B687A6811461846FFF7AC
:105A4000BDFCFB681B681846FFF798FCFB681B68E9
:105A50001846FFF7C9FC7B685A1E7A60002B14BFFA
:105A600001230023DBB2002B17D0FB681B6818460C
:105A7000FFF7DDFC0346002B0CBF01230023DBB244
:105A8000002B00D0F1E7FB681868BB685A1CBA60AD
:105A90001B781946FFF760FDDDE707F1180318468C
:105AA000FFF726FF03461946F86800F0BFFA00BF6B
:105AB0002037BD4680BD80B582B000AF78603960C8
:105AC000386800F09BF9034618460837BD4680BD8C
:105AD00080B582B000AF786079680020FFF7EBFFF7
:105AE000034618460837BD4680BD000080B483B029
:105AF00000AF7860034B18460C37BD465DF8047B59
:105B0000704700BFD15A010880B582B000AF7860FD
:105B10003960386800F036FA034618460837BD4643
:105B200080BD80B582B000AF786079680020FFF753
:105B3000EBFF034618460837BD4680BD80B483B0EE
:105B400000AF7860034B18460C37BD465DF8047B08
:105B5000704700BF235B010880B588B000AFF860D4
:105B6000B9607A607B68102B54DCFB681B681846B0
:105B7000FFF714FCFB681B681846FFF77FFCFB6807
:105B80001B681846FFF78AFCFB681B687A68114699
:105B90001846FFF713FCFB681B681846FFF7EEFB7F
:105BA000FB681B681846FFF71FFC7B68FB61FB69FD
:105BB0005A1EFA61002B14BF01230023DBB2002B15
:105BC00006D0FB681B68FF211846FFF7C5FCEEE70F
:105BD00007F110031846FFF789FF03461946F868D6
:105BE00000F024FA7B685A1E7A60002B14BF012350
:105BF0000023DBB2002B00F08880FB681B6818468E
:105C0000FFF79CFC03461946BB685A1CBA600A465B
:105C10001A70E7E7BB68BB61BB6903F01053B3F1CF
:105C2000105F19D17A68B968F86800F013F907F1C4
:105C300014031846FFF782FF03461946F86800F080
:105C4000F5F9FB681B681846FFF768FCFB681B68E2
:105C50001846FFF743FC58E0FB681B681846FFF73F
:105C60009DFBFB681B681846FFF708FCFB681B6878
:105C70001846FFF713FCFB681B687A681146184644
:105C8000FFF79CFBFB681B681846FFF777FBFB6878
:105C90001B681846FFF7A8FB7B685A1E7A60002B2A
:105CA00014BF01230023DBB2002B2ED0FB681B683E
:105CB0001846FFF7BCFB0346002B0CBF0123002353
:105CC000DBB2002B00D0F1E7FB681B68FF21184610
:105CD000FFF742FCFB681B681846FFF795FB03467D
:105CE000002B0CBF01230023DBB2002B00D0F1E717
:105CF000FB681B681846FFF721FC03461946BB6882
:105D00005A1CBA600A461A70C6E700BF2037BD4663
:105D100080BD000080B584B000AFF860B9607A60E3
:105D2000FB685B681946FB681B69324AD35C0B440D
:105D30001A46314B1A60FB681B681846FFF72EFBAA
:105D4000FB681B681846FFF799FBFB681B68184641
:105D5000FFF7A4FBFB681B681846FFF7DFFBFB6837
:105D60005A68FB681B6919461046FEF7BBFFFB68C3
:105D70005868FB681B69BA681946FFF723F8FB6887
:105D80005868FB681B694FF480621946FEF7CCFF28
:105D9000FB685868FB681B697A681946FEF7EAFFDA
:105DA000FB685A68FB681B6919461046FFF796FCAA
:105DB000FB685A68FB681B6919461046FEF770FFBE
:105DC000FB681B687A6811461846FFF7F7FAFB680C
:105DD0001B681846FFF792FBFB681B681846FFF725
:105DE000CDFAFB681B681846FFF7FEFA00BF1037B4
:105DF000BD4680BD901D04084C07032480B582B0C9
:105E000000AF78607B681B681846FFF723FB0346EA
:105E1000002B14BF01230023DBB218460837BD4610
:105E200080BD80B584B000AFF860B9607A607A68F0
:105E3000B968F868FFF76EFFF868FFF7DFFF034601
:105E400083F00103DBB2002B00D0F5E700BF103771
:105E5000BD4680BD80B584B000AFF860B9607A609F
:105E6000FB681B681846FFF799FAFB681B68184621
:105E7000FFF704FBFB681B681846FFF70FFBFB6886
:105E80001B681846FFF74AFBFB681B681846FFF7BC
:105E900025FBFB685A68FB681B6919461046FEF72C
:105EA00021FFFB689A68FB685B6919461046FEF79C
:105EB00019FFFB685868FB681B6900221946FEF74A
:105EC00033FFFB685868FB681B697A681946FEF760
:105ED00051FFFB685868FB681B69294A1946FEF7A1
:105EE00071FFFB689868FB685B697A681946FEF782
:105EF00041FFFB689868FB685B69BA681946FEF762
:105F000061FFFB689A68FB685B6919461046FFF7FA
:105F1000E5FBFB689A68FB685B6919461046FEF76B
:105F2000BFFEFB685A68FB681B6919461046FFF7FD
:105F3000D5FBFB685A68FB681B6919461046FEF7DB
:105F4000AFFEFB681B687A6811461846FFF736FA01
:105F5000FB681B681846FFF7B1FAFB681B68184618
:105F6000FFF7CCFAFB681B681846FFF707FAFB68D7
:105F70001B681846FFF738FA00BF1037BD4680BDD2
:105F80004801002480B582B000AF78607B689A68D1
:105F90007B685B6919461046FFF72EFB03461846DF
:105FA0000837BD4680BD80B584B000AFF860B960E9
:105FB0007A607A68B968F868FFF74CFFF868FFF70D
:105FC000E1FF034683F00103DBB2002B00D0F5E7CD
:105FD000FB681B681846FFF7A1FAFB681B681846A8
:105FE000FFF77CFA00BF1037BD4680BD80B582B098
:105FF00000AF78607B68DA687B681B8B19461046B7
:10600000FFF7C8FA00BF0837BD4680BD80B582B033
:1060100000AF78607B68DA687B681B8B1946104696
:10602000FFF7AAFA00BF0837BD4680BD80B582B031
:1060300000AF7860396039687868FEF7A9FC00BF66
:106040000837BD4680BD80B588B004AFF860B96040
:106050007A603B60F868BB8C03933B6A0293FB69F0
:106060000193BB6900933B687A68B968FFF7A1FAAE
:10607000FB6818461037BD4680BD80B584B000AFC0
:10608000F860B9607A603B60FB681846FFF7AEFFC6
:10609000BB681A460B21F86800F09DF8F868FB68A9
:1060A0001A3305221946FFF7BCFEFB683A68796887
:1060B0001846FFF778FFFB681846FFF7A7FF00BFF9
:1060C0001037BD4680BD80B588B000AFF860B960BC
:1060D0007A603B607B68BB61B968F86800F056F88D
:1060E0000023FB61FB690F2B3ADC3B68002B37DD9B
:1060F000F86800F0BDF8BB681A01FB6913441B0285
:106100001A460221F86800F066F8FB681846FFF7A7
:106110006DFFF868FB681A3304221946FFF781FE09
:106120003B68B3F5807FA8BF4FF480737B613A680A
:106130007B69D31A3B60F868FB691B021A46BB698E
:1061400013447A691946FFF76CFEFB681846FFF79F
:106150005DFFF86800F060F8FB690133FB61C1E79F
:10616000FB6804229A76FB681846FFF73FFFF86841
:10617000FB681A3301221946FFF753FEFB681846E5
:10618000FFF744FF00BF2037BD4680BD80B582B019
:1061900000AF78603960786800F06AF87B6818466C
:1061A000FFF724FF3B681B031A462021786800F0A4
:1061B00012F878687B681A3304221946FFF731FE1B
:1061C0007B681846FFF722FF786800F025F800BFCB
:1061D0000837BD4680BD80B485B000AFF8600B467F
:1061E0007A60FB72FB68FA7A9A767B681B0CDAB2EB
:1061F000FB68DA767B681B0ADAB2FB681A777B6881
:10620000DAB2FB685A77FB6800229A7700BF14372E
:10621000BD465DF8047B704780B582B000AF786002
:106220007B6805229A767B681846FFF7DFFE786860
:106230007B681A3301221946FFF7F3FD7B680122C0
:10624000DA767B68DB7E03F00103002B08D07868E8
:106250007B681A33013301221946FFF7A4FEF0E7E9
:106260007B681846FFF7D2FE00BF0837BD4680BDE9
:1062700080B582B000AF78607B6806229A767B6832
:106280001846FFF7B3FE78687B681A330122194677
:10629000FFF7C7FD7B681846FFF7B8FE00BF083759
:1062A000BD4680BD80B586B000AFB9607B60034657
:1062B000FB731346BB810023FB757B68002B08D062
:1062C000BA897B68F87BB96801F0D0F80346FB75A2
:1062D00001E0FF23FB7597F9173018461837BD46C4
:1062E00080BD90B58FB002AFF860B9607A600023CE
:1062F000BB627B68002B02D0FB68002B02D14FF001
:10630000FF3316E1BB68002B02D16FF0050310E1EB
:1063100007F114031422002118460EF0DBF8FB6885
:106320007B62BB683B627A6807F12D031146184611
:1063300001F00FFA034687F82E3097F92E30002B24
:1063400002D097F92E30F4E00023BB6197F82D308E
:1063500087F82F3042E097F82F3003F00603022B26
:106360000ED097F82F3003F00603042B08D097F8CF
:106370002F3003F00603062B02D0FB69002B20D040
:1063800000237B617A6ABB69D0183A6ABB69D11A6B
:106390007B6807F1140202F1080407F12802009358
:1063A000234601F08AFA034687F82E3097F92E30FB
:1063B000002B02D097F92E30BBE0BA69BB6A1344B8
:1063C000BB6107F114037A681946002000F0AEFBA8
:1063D000034687F82E30002387F82F3097F82F30A8
:1063E000002B02D1FB69002B03D097F92E30002B34
:1063F000B1D00023BB6197F82D3087F82F3042E0F1
:1064000097F82F3003F01803082B0ED097F82F3091
:1064100003F01803102B08D097F82F3003F018035F
:10642000182B02D0FB69002B20D000237B617A6AF5
:10643000BB69D0183A6ABB69D11A7B6807F11402AC
:1064400002F1080407F128020093234601F04BFAF9
:10645000034687F82E3097F92E30002B02D097F99B
:106460002E3066E0BA69BB6A1344BB6107F11403BE
:106470007A681946012000F059FB034687F82E3050
:10648000002387F82F3097F82F30002B02D1FB69BB
:10649000002B03D097F92E30002BB1D00023BB6125
:1064A00097F82D3087F82F3036E097F82F3003F02B
:1064B0004003002B02D1FB69002B20D000237B611D
:1064C0007A6ABB69D0183A6ABB69D11A7B6807F14E
:1064D000140202F1080407F128020093234601F098
:1064E00063FA034687F82E3097F92E30002B02D03E
:1064F00097F92E301DE0BA69BB6A1344BB6107F1FE
:1065000014037A681946022000F010FB034687F84E
:106510002E30002387F82F3097F82F30002B02D130
:10652000FB69002B03D097F92E30002BBDD097F9D3
:106530002E3018463437BD4690BD80B586B000AFCA
:10654000034687ED020A79603A60FB730023FB750E
:106550003B68002B0AD03A68FB7B796897ED020A0A
:10656000184601F037FA0346FB7501E0FF23FB757F
:1065700097F9173018461837BD4680BD80B584B0EE
:1065800000AF786039600023FB733B68002B07D0B5
:106590003B681946786801F098F80346FB7301E000
:1065A000FF23FB7397F90F3018461037BD4680BDA7
:1065B00080B584B000AF786039600023FB733B681E
:1065C000002B07D03B681946786801F08EF8034627
:1065D000FB7301E0FF23FB7397F90F301846103768
:1065E000BD4680BD80B584B000AF786039600023BF
:1065F000FB733B68002B07D03B681946786801F0B5
:1066000098F80346FB7301E0FF23FB7397F90F3003
:1066100018461037BD4680BD80B586B002AF7860A1
:1066200039600023BB600023FB733B68002B0DD057
:106630003B6807F10802009313462022796840F274
:106640001F1000F0BAFF0346FB7301E0FF23FB734A
:1066500097F90F3018461037BD4680BD80B586B01B
:1066600000AFF860B9607A600023FB757B68002B8F
:1066700002D0FB68002B02D1FF23FB7507E07B688B
:106680001A46B968F86801F0C0F80346FB7597F937
:10669000173018461837BD4680BD80B584B000AFAE
:1066A00078600023FB737B68002B02D1FF23FB7310
:1066B00005E07B68184601F0E5F80346FB7397F99F
:1066C0000F3018461037BD4680BD80B584B000AF8E
:1066D00003463960FB710023FB733B68002B02D13A
:1066E000FF23FB7307E03B68F91D0122072000F040
:1066F000F5FE0346FB7397F90F3018461037BD4679
:1067000080BD80B584B000AF786039600023FB7332
:106710003B68002B02D1FF23FB7307E03B6801229B
:106720007968072000F0A2FE0346FB7397F90F304B
:1067300018461037BD4680BD80B584B000AF786084
:1067400039600023FB733B68002B02D1FF23FB73EE
:1067500006E03B681946786800F0FBFF0346FB73D0
:1067600097F90F3018461037BD4680BD80B584B00C
:1067700000AF03463960FB710023FB733B68002BBD
:1067800002D1FF23FB7307E03B68F91D01220620BD
:1067900000F0A4FE0346FB7397F90F30184610373C
:1067A000BD4680BD80B584B000AF78600023FB7328
:1067B0007B68002B02D1FF23FB7305E07B68184642
:1067C00000F0D7FF0346FB7397F90F3018461037D8
:1067D000BD4680BD80B58AB004AFB9607A603B60C9
:1067E0000346FB730023FB75BB6A002B14D040F6F5
:1067F00038120021B86A0DF06DFEBB6AF87B029377
:106800007B6A01933B6A00933B687A68B96800F041
:10681000EEFD0346FB7501E0FF23FB7597F917308A
:1068200018461837BD4680BD80B487B000AFB96048
:106830007A603B600346FB730023FB753B68002BCB
:1068400002D0BB68002B02D1FF23FB7513E0FA7B5B
:1068500039681346DB0013440B441833BA68C3F895
:106860000520FA7B39681346DB0013440B441833C8
:106870007A68C3F8092097F9173018461C37BD46C7
:106880005DF8047B7047000080B592B000AF78607F
:106890007B68002B03D1FF2387F847307AE007F1AC
:1068A000080379681846FFF7B7FE034687F84730B4
:1068B00097F94730002B6DD17B6801221A770123AD
:1068C00087F8463042E097F84630DB0887F84530D5
:1068D00097F8463003F00703012202FA03F387F822
:1068E000443097F8453007F14802134413F8402C20
:1068F00097F844301340DBB2002B22D07A6807F1BE
:10690000280197F84630184601F097F8034687F8B3
:10691000473097F94730002B13D197F83C30002BC4
:1069200003D1F82387F8473018E097F8462097F806
:106930003C0079681346DB0013440B441C330246C9
:106940001A7097F84630013387F8463097F846308A
:10695000F42B03D897F94730002BB4D0FF2387F8E6
:10696000463013E097F84630F53B97F846200C493F
:10697000C85C79681346DB0013440B441C330246A1
:106980001A7097F84630013B87F8463097F8463042
:10699000F42BE7D897F9473018464837BD4680BDF5
:1069A000981D040880B584B000AF7860396000237A
:1069B000FB733B68002B02D07B68002B02D1FF23C6
:1069C000FB7307E03B68012279682E20FFF76AFC21
:1069D0000346FB7397F90F3018461037BD4680BD4C
:1069E00080B487B000AF0346B9607A60FB730023C0
:1069F000FB757B68002B4ED0BB68002B4BD0FA7B1D
:106A0000B86879681346DB0013440B441833024618
:106A1000043318685968106051601B7A1372FB7B4D
:106A2000F42B1BD9BB681B78002B17D1BB68002245
:106A30005A7000229A700022DA7000221A71BB6824
:106A400000225A7100229A710022DA7100221A7211
:106A5000FB7BF53B164AD25CBB681A70FB7B002BB4
:106A60001CD1BB681B78002B18D1BB6800225A7060
:106A700000229A700022DA7000221A71BB6800228C
:106A80005A7100229A710022DA7100221A72BB68D0
:106A900001221A7002E0FF23FB7500E000BF97F9A6
:106AA000173018461C37BD465DF8047B704700BFA1
:106AB000981D040880B485B000AFF8600B467A607A
:106AC000FB72FB681A68FB7A1A44FB685B689A429F
:106AD00003D87B6800221A7002E07B6801221A70DA
:106AE000002318461437BD465DF8047B704780B418
:106AF00087B000AF0346B9607A60FB730023FB7573
:106B0000FB7B022B08D8FB7B03F59273DB007A68D2
:106B10001A44BB681A6001E0F923FB7597F9173036
:106B200018461C37BD465DF8047B70472DE9F04FD1
:106B300093B000AF03463961FA60FB75002387F814
:106B40004330002387F847300023A7F84430002360
:106B5000FB775FE1FAF7FEF93B691B68FB633B6972
:106B60001A69FB6B13441B7887F8433007F12C013B
:106B7000FB7DFA681846FFF7BAFF034687F84730EF
:106B800097F94730002B02D097F9473084E197F806
:106B90004330002B26D0002BC0F2ED80FF2B00F3FA
:106BA000EA80F52BC0F2E780F53B0A2B00F2E38088
:106BB00001A252F823F000BFF16B01084B6C0108F1
:106BC000BF6C0108776D0108776D0108776D0108CA
:106BD000F16B01084B6C0108BF6C0108776D01086F
:106BE000E56B01083B691B685A1C3B691A6011E19F
:106BF00007F11F031A4602213869FFF75BFF0346BE
:106C000087F8473097F94730002B02D097F9473083
:106C100042E1FB7F002B00D0FCE0FB6AD3E90001DE
:106C20003B691A69FB6B013313441B78DAB24FF0EE
:106C30000003FE6A841841EB0305C6E900453B6981
:106C40001B689A1C3B691A60E4E007F11F031A46AF
:106C500003213869FFF72EFF034687F8473097F97D
:106C60004730002B02D097F9473015E1FB7F002B0E
:106C700000D0CFE0FB6AD3E900013B691A69FB6BE6
:106C8000013313441B781AB23B691E69FB6B023354
:106C900033441B781B021BB213431BB29BB29AB244
:106CA0004FF00003FE6A10EB020841EB0309C6E94E
:106CB00000893B691B68DA1C3B691A60AAE007F18E
:106CC0001F031A4606213869FFF7F4FE034687F8CA
:106CD000473097F94730002B02D097F94730DBE077
:106CE000FB7F002B00D095E03B691A69FB6B0133F9
:106CF00013441B7819463B691A69FB6B0233134432
:106D00001B781B0241EA03023B691969FB6B0333E1
:106D10000B441B781B041A433B691969FB6B043352
:106D20000B441B781B06134319464FF00002C7E9BA
:106D300000123B691A69FB6B053313441B78194633
:106D4000C9B24FF00002084611464FF000024FF062
:106D50000003064633000022FE6A396841EA020A4F
:106D6000796841EA030BC6E900AB3B691B689A1DD1
:106D70003B691A604EE007F1200197F84330FA684A
:106D80001846FFF72DFE034687F8473097F947303E
:106D9000002B02D097F947307EE097F8203007F1BA
:106DA0001F0219463869FFF785FE034687F847300A
:106DB00097F94730002B02D097F947306CE0FB7F02
:106DC000002B00D026E0D7F82130002B1AD03B69E9
:106DD0001A69FB6B013313447B63FB7D87F8313009
:106DE000FB6ABB6397F8433087F8303097F8203060
:106DF00087F83230D7F82130D7F8251007F1300264
:106E0000104698473B691B6897F820201A443B6955
:106E10001A6000BF3B691A683B695B689A4203D2FB
:106E2000FB7F002B3FF496AE3B695B68002B31D0B3
:106E30003B695A683B691B689A4202D26FF00103B2
:106E40002AE03B695A683B691B68D21A3B695A6061
:106E50003B695B68002B1DD00023A7F8443013E08A
:106E60003B691A693B691968B7F844300B441A4406
:106E70003B691969B7F844300B4412781A70B7F8B7
:106E800044300133A7F84430B7F844203B695B68CD
:106E90009A42E5D397F9473018464C37BD46BDE8CE
:106EA000F08F00BF90B5CFB000AF044607F10800E7
:106EB0000160391D0A603A46136007F10E0322464D
:106EC0001A80002387F83731D7F85031002B00F0B3
:106ED00076813B1D1B68002B05D007F108031B685A
:106EE000002B00F06C81D7F84831002B04D03B46D2
:106EF0001B68002B00F06381D7F850319B69002B91
:106F000000F057813B1DD7F848211B681344C7F890
:106F10001431D7F84C31002B07D0D7F84821D7F8D7
:106F20004C311344C7F8203103E0D7F81431C7F8C7
:106F30002031D7F8203103F00303002B06D0D7F817
:106F400020319B0801339B00C7F8203107F10E0365
:106F50001B88DAB207F114031A7007F10E031B88BD
:106F60001B0A9BB2DAB207F114035A7007F10E0341
:106F70001B88022B0FD1D7F820319B08DAB207F11A
:106F800014039A70D7F820319B081B0ADAB207F174
:106F90001403DA700CE0D7F82031DAB207F11403E9
:106FA0009A70D7F820311B0ADAB207F11403DA70AD
:106FB0000423C7F82431D7F81431C7F83031D7F893
:106FC0003021D7F824311344C7F81C314FF48073B3
:106FD000C7F81831D7F850319B69D7F818219A4271
:106FE00040F2DD80D7F850319B69C7F81831D6E000
:106FF000D7F83021D7F824311344D7F818219A4212
:107000000BD2D7F81831C7F82C31D7F81821D7F898
:107010002431D31AC7F8283120E0D7F83021D7F827
:1070200024311344C7F82C31D7F83031C7F8283150
:10703000D7F82C3103F00303002B06D0D7F82C31FE
:107040009B0801339B00C7F82C31D7F82C31B3F5DE
:10705000807F03D94FF48073C7F82C31D7F82831DB
:10706000002B62D03B1D1A68D7F828311344D7F89B
:1070700030219A4212D307F11402D7F82431D018E4
:10708000D7F81421D7F83031D31A3A46126813448E
:10709000D7F8282119460DF00FFA46E03B1DD7F826
:1070A00030211B689A422DD907F11402D7F82431F8
:1070B000D018D7F81421D7F83031D31A3A461268CD
:1070C000D1183B1DD7F830211B68D31A1A460DF092
:1070D000F3F9D7F82421D7F830311A443B1D1B6847
:1070E000D31A07F11402D0183B1D1A68D7F83031B3
:1070F000D21AD7F828311A4407F1080319680DF09D
:10710000DBF912E007F11402D7F82431D0183B1D47
:107110001A68D7F83031D31A07F1080212681344FD
:10712000D7F8282119460DF0C7F9D7F82421D7F848
:1071300028311344D7F82C219A4212D0D7F82421B1
:10714000D7F82831134407F11402D018D7F82421B6
:10715000D7F828311344C3F580731A4600210DF087
:10716000B9F907F11401D7F85031D7F82C210020D4
:1071700000F0B4F9034687F8373197F93731002B1F
:107180001BD10023C7F82431D7F83021D7F8283194
:10719000D31AC7F83031D7F83031C7F81C31D7F8D7
:1071A0001C31002B0FD097F93731002B3FF420AF63
:1071B00009E0FE2387F8373105E000BF03E0FF2335
:1071C00087F8373100E000BF97F93731184607F5E7
:1071D0009E77BD4690BD80B584B000AF7860002337
:1071E000FB8127E007F10C037968184600F0B1FA3B
:1071F00003467B7397F90D30002B15D13B7B03F0D1
:107200002003002B02D000237B7317E0796842F241
:10721000107000F09BF903467B7397F90D30002B3B
:1072200005D097F90D300BE097F90D3008E0FB8998
:107230000133FB81FB89B3F57A7FD3D397F90D3006
:1072400018461037BD4680BD80B584B000AF786069
:107250000023FB812FE079684CF2503000F076F982
:1072600003467B7397F90D30002B02DA97F90D3046
:107270002DE007F10C017B680122252000F0F6F8D3
:1072800003467B7397F90D30002B02DA97F90D3026
:107290001DE03B7B03F01003002B09D03B7B03F088
:1072A0002003002B04D03B7B03F04003002B06D0CF
:1072B000FB890133FB81FB89632BCCD900E000BF44
:1072C000FB89642B02D16FF0040300E00023184611
:1072D0001037BD4680BD80B58AB000AFB9607A6016
:1072E0003B600346FB73002387F827307B6B002B42
:1072F00072D0BB68002B6FD03B68002B6CD03B6B0F
:10730000002B69D07B6B9B69BB613B6B1B68002BBF
:1073100014D107F11401F87B7B6B022200F0A6F870
:10732000034687F827303B7D1AB27B7D1B021BB2D8
:1073300013431BB29BB21A463B6B1A603B6B1B6834
:10734000002B4DD097F92730002B49D13B6B1B68A0
:107350007A689A4203D23B687A681A6003E03B6B12
:107360001A683B681A603B681B683B620023FB613C
:1073700016E0BA68FB69D118F87B7B6BBA6900F03C
:1073800075F8034687F8273097F92730002B0CD182
:107390003A6ABB69D31A3B62FA69BB691344FB6161
:1073A0003A6ABB699A42E4D800E000BF3B6A002B0E
:1073B0000AD0BA68FB69D118F87B7B6B3A6A00F097
:1073C00055F8034687F827303B6B1A683B681B6803
:1073D000D21A3B6B1A6003E0FF2387F8273000E0E6
:1073E00000BF97F9273018462837BD4680BD80B4C6
:1073F00087B000AFB9607A603B600346FB7300233F
:10740000FB75BB6A002B27D0BB68002B24D07B68A0
:10741000002B21D03B68002B1ED0BB6ABA681A60D3
:10742000BB6A7A685A60BB6A3A689A60BB6A7A6AD1
:107430001A61BB6AFA7B1A733B6A03F00303002BE1
:1074400006D03B6A9B0801339A00BB6A9A6105E04B
:10745000BB6A3A6A9A6101E0FF23FB7597F917301E
:1074600018461C37BD465DF8047B704790B587B061
:1074700000AFB9607A603B600346FB730023FB7585
:107480003B68002B22D03B681B68002B1ED0BB68DA
:10749000002B1BD03B681B7B012B03D1FB7B63F0D4
:1074A0007F03FB733B681C683B681B69F87B7A6849
:1074B000B968A04703461A463B681A753B6893F9BA
:1074C0001430002B04D0FD23FB7501E0FF23FB7576
:1074D00097F9173018461C37BD4690BD90B587B058
:1074E00000AFB9607A603B600346FB730023FB7515
:1074F0003B68002B22D03B681B68002B1ED0BB686A
:10750000002B1BD03B681B7B012B03D1FB7B03F0C3
:107510007F03FB733B685C683B681B69F87B7A6898
:10752000B968A04703461A463B681A753B6893F949
:107530001430002B04D0FD23FB7501E0FF23FB7505
:1075400097F9173018461C37BD4690BD80B584B0FA
:1075500000AF786039600023FB733B68002B0BD0D1
:107560003B689B68002B07D03B689B683A681269B0
:1075700011467868984701E0FF23FB7397F90F30B5
:1075800018461037BD4680BD80B588B004AFB960DD
:107590007A603B600346FB81F8893B6802930023D5
:1075A00001930023009300237A68B968FFF77AFCFF
:1075B000034618461037BD4680BD80B588B002AF7F
:1075C000B9607A603B600346FB810023BB820023E5
:1075D000FB753B6A002B6ED0BB68002B6BD03B6801
:1075E000002B68D03B6800221A6007F113013B6A48
:1075F00001220620FFF73AFF0346FB7597F9173083
:10760000002B5BD1FB7CBB75FB7C03F07F03DBB203
:10761000FB74FB7CBA7D9A4208D007F113013B6AE8
:1076200001220620FFF75AFF0346FB7597F9173032
:10763000002B43D1FB8943F4805398B23B6A00226C
:107640000021FFF7A1FF0346FB7597F91730002BC8
:1076500034D1386AFFF7BFFD0346FB7597F9173041
:10766000002B2BD107F114003B6A00933B687A682A
:10767000B96800F04EF90346FB7597F91730002BF7
:107680001CD1FB7CBA7D9A420AD0BB7DFB7407F10A
:1076900013013B6A01220620FFF720FF0346FB751A
:1076A00097F91730002B09D1BB8AFA899A4205D085
:1076B000FB23FB7502E0FF23FB7500E000BF97F999
:1076C000173018461837BD4680BD80B582B000AF70
:1076D000786039603B68012279681C20FFF7C6FE9C
:1076E000034618460837BD4680BD80B584B000AF5C
:1076F000786039607B68002B13D007F10C013B6880
:1077000002222020FFF7B2FE0346FB733B7B1AB236
:107710007B7B1B021BB213431BB29AB27B681A809D
:1077200001E0FF23FB7397F90F3018461037BD4671
:1077300080BD80B582B000AF786039603B680122BF
:1077400079682520FFF792FE034618460837BD46A4
:1077500080BD80B582B000AF786039603B6801229F
:1077600079682D20FFF782FE034618460837BD468C
:1077700080BD80B584B000AF78600123FB72002328
:10778000BB720F23BB8107F10B017B680122142020
:10779000FFF7A4FE0346FB7397F90F30002B2ED1A1
:1077A0001FE0796842F21070FFF7D0FE0346FB73CA
:1077B00097F90F30002B14D107F10A017B680122E1
:1077C0002520FFF753FE0346FB7397F90F30002B7C
:1077D00007D1BB7AFF2B04D0BB7A03F01003002B38
:1077E00005D1BB895A1EBA81002BDAD100E000BF57
:1077F000BB7A03F01003002B01D1FB23FB7397F935
:107800000F3018461037BD4680BD80B586B000AF3A
:10781000F860B9607A600023FB757B68002B27D085
:10782000FB68002B24D0FB681B781AB2FB6801337D
:107830001B781B021BB213431BB2BB82BB8A46F2EE
:107840002B62934202D0FC23FB7514E07B68BA687C
:10785000F9680220FFF798FE0346FB7597F9173089
:10786000002B08D17868FFF7EFFC0346FB7502E0B8
:10787000FF23FB7500E000BF97F917301846183753
:10788000BD4680BD80B584B000AF78607B680022C3
:1078900000210320FFF778FE0346FB7397F90F30B2
:1078A000002B04D17868FFF7CFFC0346FB7397F9F0
:1078B0000F3018461037BD4680BD80B586B002AF88
:1078C000F860B9607A603B60BB6901933B680093E4
:1078D0007B68BA68F9680120FFF7FDFC034618468B
:1078E0001037BD4680BD80B586B002AFF860B96084
:1078F0007A603B60BB6901933B6800937B68BA6820
:10790000F9680220FFF7E7FC034618461037BD462A
:1079100080BD80B586B000AFF860B9607A603B602A
:1079200007F110013B6A04220320FFF79FFD034685
:10793000FB7597F91730002B30D13B7C1AB207F159
:10794000100301331B781B021BB213431BB29AB204
:10795000FB681A80BB7C1AB207F1100302330133B3
:107960001B781B021BB213431BB29BB21A463B6827
:107970001A603B681B68002B10D03B681B687A6854
:107980009A4202D2FA23FB7508E03B681A683B6A08
:10799000B9680320FFF76AFD0346FB7597F91730B6
:1079A00018461837BD4680BD80B586B002AFF86076
:1079B000B9607A603B60BB6901933B6800937B6868
:1079C000BA68F9680320FFF786FC034618461037AB
:1079D000BD4680BD80B588B000AF034687ED020A82
:1079E00079603A60FB73BB687B61FB7B3B767B69AC
:1079F000DBB27B767B691B0ADBB2BB767B691B0C37
:107A0000DBB2FB767B691B0EDBB23B777B68DBB2BC
:107A10007B777B681B0ADBB2BB777B681B0CDBB216
:107A2000FB7707F118013B6808220D20FFF7ACFD3A
:107A3000034618462037BD4680BD80B590B002AFE2
:107A40000346B9607A60FB73BB68002B00F0DA80F4
:107A5000FB7BF52B03D9FE2387F83730D5E0FB7B82
:107A60009BB203F5407398B207F1300207F114019D
:107A70007B68009313461C22FFF79FFD034687F89F
:107A8000373097F93730002B40F0BF803B6B1C2B11
:107A900003D0FE2387F83730B7E03A7DBB681A7011
:107AA0007A7DBB685A70BA7DBB689A70FA7DBB68F4
:107AB000DA703A7EBB681A717A7EBB685A71BA7EF8
:107AC000BB689A71FA7EBB68DA713A7FBB681A723A
:107AD0007A7FBB685A72BA7FBB689A72FA7FBB68BA
:107AE000DA7297F82020BB681A7397F82120BB68D8
:107AF0005A7397F82220BB689A7397F82320BB68C3
:107B0000DA7397F82420BB681A7497F82520BB68AD
:107B10005A7497F82620BB689A7497F82720BB6898
:107B2000DA7497F82820BB681A7597F82920BB6883
:107B30001A7697F82A20BB685A7697F82B20BB68EC
:107B40009A7697F82C20BB68DA76BB681B791AB254
:107B5000BB685B791B021BB213431BB29AB2BB68B2
:107B60009A80BB689B791AB2BB68DB791B021BB297
:107B700013431BB29AB2BB68DA80BB681B7A1A4601
:107B8000BB685B7A1B021A43BB689B7A1B041A43CF
:107B9000BB68DB7A1B061A43BB689A60BB681B7B19
:107BA0001A46BB685B7B1B021A43BB689B7B1B04AA
:107BB0001A43BB68DB7B1B061A43BB68DA60BB68F1
:107BC0001B7C1A46BB685B7C1B021A43BB689B7C10
:107BD0001B041A43BB68DB7C1B061A43BB681A6193
:107BE000BB681B7E1A46BB685B7E1B021A43BB68E0
:107BF0009B7E1B041A43BB68DB7E1B061A43BB68D3
:107C00009A6102E0FF2387F8373097F9373018463A
:107C10003837BD4680BD80B483B000AF786039602E
:107C20007B681B781AB27B6801331B781B021BB27E
:107C300013431AB23B681A807B6802331B781AB26E
:107C40007B6803331B781B021BB213431AB23B68D9
:107C50005A807B6804331B781AB27B6805331B7823
:107C60001B021BB213431AB23B689A807B6806332F
:107C70001B781AB27B6807331B781B021BB21343B5
:107C80001AB23B68DA807B6808331B781AB27B68CB
:107C900009331B781B021BB213431BB29AB23B6819
:107CA0001A8100BF0C37BD465DF8047B704780B475
:107CB00083B000AF786039607B681B781AB27B684C
:107CC00001331B781B021BB213431AB23B681A80A4
:107CD0007B6802331B781AB27B6803331B781B0264
:107CE0001BB213431AB23B685A807B6804331B787B
:107CF0001AB27B6805331B781B021BB213431AB2FE
:107D00003B689A8000BF0C37BD465DF8047B704726
:107D100080B483B000AF78607B6800221A607B6813
:107D200000225A607B6800229A607B680022DA6039
:107D30007B6800221A617B6818460C37BD465DF8E7
:107D4000047B704780B483B000AF786039607B6893
:107D50006FF001021A617B683A68DA6100BF0C3784
:107D6000BD465DF8047B704780B483B000AF786097
:107D700039607B684FF0FF321A617B683A68DA61DC
:107D800000BF0C37BD465DF8047B704780B485B0FA
:107D900000AFF860B9607A60FB68BA681A60FB6887
:107DA0007A68DA60FB68DA68FB685A60FB685A68D0
:107DB000FB689A60FB6800221A6100BF1437BD4659
:107DC0005DF8047B704780B483B000AF78607B6857
:107DD0001B69002B02DB7B6801221A6100BF0C3794
:107DE000BD465DF8047B704780B483B000AF786017
:107DF00039607A683B689A4201DA7B6800E03B6848
:107E000018460C37BD465DF8047B704780B483B0DC
:107E100000AF786039607A683B689A4201DD7B6820
:107E200000E03B6818460C37BD465DF8047B7047A0
:107E300080B485B000AFF860B9607A60FA68BB685A
:107E40009A4201DABB6806E0FA687B689A4201DD73
:107E50007B6800E0FB6818461437BD465DF8047B7C
:107E6000704780B483B000AF78607B681B781A06D7
:107E70007B6801331B781B0413431B1418460C3713
:107E8000BD465DF8047B704780B483B000AF786076
:107E90007B681B781A067B6801331B781B041A4326
:107EA0007B6802331B781B0213431B1218460C37E6
:107EB000BD465DF8047B704780B483B000AF786046
:107EC0007B681B781A067B6801331B781B041A43F6
:107ED0007B6802331B781B0213437A6803321278E3
:107EE000134318460C37BD465DF8047B704780B4D9
:107EF00083B000AF786039607A683B689A4201D2FB
:107F00007B6800E03B6818460C37BD465DF8047B93
:107F1000704780B483B000AF786039607A683B689E
:107F20009A4201D97B6800E03B6818460C37BD4691
:107F30005DF8047B704780B483B000AF786039602F
:107F40007B683A681A607B681B6807EE903AB0EE6F
:107F5000670A0C37BD465DF8047B704780B483B078
:107F600000AF786087ED000A7B683A681A607B682A
:107F70001B6818460C37BD465DF8047B704780B51A
:107F800084B000AF78600023FB6007F10C037968D0
:107F90001846FFF7D0FFF0EE407AB0EE670A1037D0
:107FA000BD4680BD80B584B000AF87ED010A0023D7
:107FB000FB6007F10C0397ED010A1846FFF7CEFFAF
:107FC000034618461037BD4680BD80B483B000AF6D
:107FD000786039607A6842F6040313443A681344BF
:107FE00018460C37BD465DF8047B704780B483B0FB
:107FF00000AF786039607A6842F6040313443A6847
:10800000134418460C37BD465DF8047B704780B5B5
:1080100082B000AF78607A6842F6040313441C33E0
:108020001846FFF749FF034618460837BD4680BD8E
:1080300080B582B000AF78607A6842F604031344DA
:1080400020331846FFF738FF034618460837BD4669
:1080500080BD80B582B000AF78607A6842F60403D4
:10806000134424331846FFF727FF03461846083702
:10807000BD4680BD80B582B000AF78607A6842F6B8
:108080000403134428331846FFF716FF0346184627
:108090000837BD4680BD80B483B000AF78603960DA
:1080A0007A683B689B00134418460C37BD465DF860
:1080B000047B704780B584B000AFF860B9607A6027
:1080C00087ED000A97ED000AFFF76CFF03467A6818
:1080D000B968F86804F0EEFA00BF1037BD4680BDFD
:1080E00080B584B000AFF860B9607A607A68B9682A
:1080F000F86804F0C7FD03461846FFF740FFF0EEAE
:10810000407AB0EE670A1037BD4680BD80B483B0B8
:1081100000AF786039607A683B689B00134418466A
:108120000C37BD465DF8047B7047000080B584B015
:1081300000AFF860B9607A607B68002B06DBFA68F4
:108140000B4B13441B687A689A4205DB0121B8681F
:10815000FFF70AFE002307E0FA687B681A4442F63C
:10816000040313441B785BB218461037BD4680BD2C
:1081700024AF010080B584B000AFF860B9607A60C8
:108180007B68002B07DB7B685A1CF9680C4B0B449F
:108190001B689A4205DB0221B868FFF7E5FD002362
:1081A0000AE0FA6842F6040313447A681344184656
:1081B000FFF757FE034600BF18461037BD4680BD87
:1081C00024AF010080B584B000AFF860B9607A6078
:1081D0007B68002B07DB7B689A1CF9680C4B0B440F
:1081E0001B689A4205DB0321B868FFF7BDFD002339
:1081F0000AE0FA6842F6040313447A681344184606
:10820000FFF742FE034600BF18461037BD4680BD4B
:1082100024AF010080B584B000AFF860B9607A6027
:108220007B68002B07DB7B68DA1CF9680C4B0B447E
:108230001B689A4205DB0421B868FFF795FD00230F
:108240000AE0FA6842F6040313447A6813441846B5
:10825000FFF732FE034600BF18461037BD4680BD0B
:1082600024AF010080B485B000AF78600023FB60CC
:10827000FB681E2B0DDC7A68FB6842FA03F303F0FF
:108280000103002B01D0FB6804E0FB680133FB60B5
:10829000EEE7002318461437BD465DF8047B7047AF
:1082A00080B483B000AF78607B681B6818460C37D9
:1082B000BD465DF8047B704780B483B000AF786042
:1082C0007B685B6818460C37BD465DF8047B7047D9
:1082D00080B483B000AF78607B689B6818460C3729
:1082E000BD465DF8047B704780B483B000AF786012
:1082F0007B68DB6818460C37BD465DF8047B704729
:1083000080B483B000AF78607B681B6918460C3777
:10831000BD465DF8047B704780B483B000AF7860E1
:108320007B685B6918460C37BD465DF8047B704777
:1083300080B483B000AF87ED010AD7ED017AB7EEC4
:10834000E77A9FED076B27EE067BFDEEC77B17EE06
:10835000903A18460C37BD465DF8047B704700BF65
:1083600050AAAC74BD61A44080B582B000AF786003
:108370007B68D3ED167AB0EE670AFFF7D9FF0346A4
:1083800018460837BD4680BD80B582B000AF786022
:108390007B68D3ED177AB0EE670AFFF7C9FF034693
:1083A00018460837BD4680BD80B582B000AF786002
:1083B0007B68D3ED187AB0EE670AFFF7B9FF034682
:1083C00018460837BD4680BD80B582B000AF7860E2
:1083D0007B68D3ED197AB0EE670AFFF7A9FF034671
:1083E00018460837BD4680BD80B582B000AF7860C2
:1083F0007B68D3ED1A7AB0EE670AFFF799FF034660
:1084000018460837BD4680BD80B582B000AF7860A1
:108410007B68D3ED1B7AB0EE670AFFF789FF03464E
:1084200018460837BD4680BD80B485B000AFF860FF
:1084300087ED020AC7ED010A87ED001AFB68BA68EA
:108440001A60FB6804337A681A60FB6808333A687C
:108450001A6000BF1437BD465DF8047B704780B4D6
:1084600085B000AFF860B9607A60BB6893ED007AC0
:108470007B68D3ED007A77EE277AFB68C3ED007A4C
:10848000BB68043393ED007A7B680433D3ED007A44
:10849000FB68043377EE277AC3ED007ABB680833B4
:1084A00093ED007A7B680833D3ED007AFB680833DC
:1084B00077EE277AC3ED007A00BF1437BD465DF82A
:1084C000047B704780B485B000AFF860B9607A6013
:1084D000BB6893ED007A7B68D3ED007A77EE677A1C
:1084E000FB68C3ED007ABB68043393ED007A7B68C8
:1084F0000433D3ED007AFB68043377EE677AC3ED7B
:10850000007ABB68083393ED007A7B680833D3EDBB
:10851000007AFB68083377EE677AC3ED007A00BF14
:108520001437BD465DF8047B704780B485B000AF5A
:10853000F86087ED020AC7ED010A87ED001AFB68B3
:1085400093ED007AD7ED027A27EE277AFB680433A1
:10855000D3ED006AD7ED017A66EEA77A37EE277A77
:10856000FB680833D3ED006AD7ED007A66EEA77A90
:1085700077EE277AB0EE670A1437BD465DF8047BC4
:10858000704780B582B000AF786039603B68D3ED4A
:10859000007A3B68043393ED007A3B680833D3EDEF
:1085A000006AB0EE661AF0EE470AB0EE670A786825
:1085B000FFF7BBFFF0EE407AB0EE670A0837BD4622
:1085C00080BD80B485B000AFF860B96087ED010A66
:1085D000BB6893ED007AD7ED017A77EE277AFB68D6
:1085E000C3ED007ABB68043393ED007AFB68043373
:1085F000D7ED017A77EE277AC3ED007ABB680833AE
:1086000093ED007AFB680833D7ED017A77EE277A8D
:10861000C3ED007A00BF1437BD465DF8047B704798
:1086200080B485B000AFF860B96087ED010ABB681F
:1086300093ED007AD7ED017A77EE677AFB68C3EDA8
:10864000007ABB68043393ED007AFB680433D7EDFE
:10865000017A77EE677AC3ED007ABB68083393ED51
:10866000007AFB680833D7ED017A77EE677AC3EDBD
:10867000007A00BF1437BD465DF8047B704780B4B4
:1086800085B000AFF860B96087ED010ABB6893ED73
:10869000007AD7ED017A67EE277AFB68C3ED007A9E
:1086A000BB68043393ED007AFB680433D7ED017A9D
:1086B00067EE277AC3ED007ABB68083393ED007A42
:1086C000FB680833D7ED017A67EE277AC3ED007AAD
:1086D00000BF1437BD465DF8047B704780B485B099
:1086E00000AFF860B96087ED010ABB68D3ED006A9E
:1086F00097ED017AC6EE877AFB68C3ED007ABB6816
:108700000433D3ED006AFB68043397ED017AC6EEBB
:10871000877AC3ED007ABB680833D3ED006AFB6843
:10872000083397ED017AC6EE877AC3ED007A00BF71
:108730001437BD465DF8047B704780B48BB000AF42
:10874000786287ED080AC7ED070A87ED061AC7EDBC
:10875000051A87ED042AC7ED032A87ED023AC7ED13
:10876000013A87ED004A7B6A3A6A1A607B6A0433F1
:10877000FA691A607B6A0833BA691A607B6A0C333B
:108780007A691A607B6A10333A691A607B6A14331B
:10879000FA681A607B6A1833BA681A607B6A1C33FD
:1087A0007A681A607B6A20333A681A6000BF2C37F7
:1087B000BD465DF8047B704780B582B000AF78603D
:1087C00087ED000A97ED004AD7ED003A97ED003AA1
:1087D000D7ED002A97ED002AD7ED001A97ED001A81
:1087E000D7ED000A97ED000A7868FFF7A6FF00BFF3
:1087F0000837BD4680BD000080B582B000AF78600C
:1088000087ED000A97ED004ADFED0B3A9FED0A3A3B
:10881000DFED092A97ED002ADFED071A9FED061A12
:10882000DFED050A97ED000A7868FFF786FF00BFC5
:108830000837BD4680BD00BF0000000080B582B093
:1088400000AF786039602422396878680BF034FE14
:1088500000BF0837BD4680BD80B487B000AF7860E8
:1088600039603B6804331B687B613B6808331B68D5
:108870003B613B6814331B68FB603B681A687B688C
:108880001A603B6803F10C027B68043312681A60BB
:108890003B6803F118027B68083312681A607B6832
:1088A0000C337A691A603B6803F110027B6810335D
:1088B00012681A603B6803F11C027B68143312686B
:1088C0001A607B6818333A691A607B681C33FA684F
:1088D0001A603B6803F120027B68203312681A603B
:1088E00000BF1C37BD465DF8047B704780B582B081
:1088F00000AF786039603B68D3ED007A3B680C3399
:1089000093ED007A3B681833D3ED006AB0EE661A37
:10891000F0EE470AB0EE670A7868FFF706FEF0EE61
:10892000407AB0EE670A0837BD4680BD80B58EB08C
:1089300000AFF860B9607A607968B868FFF7D6FF71
:10894000F0EE407AC7ED057A7B6804331946B868C3
:10895000FFF7CCFFF0EE407AC7ED067A7B6808336C
:108960001946B868FFF7C2FFF0EE407AC7ED077A04
:10897000BB680C3379681846FFF7B8FFF0EE407A11
:10898000C7ED087ABB6803F10C027B680433194613
:108990001046FFF7ABFFF0EE407AC7ED097ABB68EF
:1089A00003F10C027B68083319461046FFF79EFF5F
:1089B000F0EE407AC7ED0A7ABB681833796818463A
:1089C000FFF794FFF0EE407AC7ED0B7ABB6803F136
:1089D00018027B68043319461046FFF787FFF0EE54
:1089E000407AC7ED0C7ABB6803F118027B68083344
:1089F00019461046FFF77AFFF0EE407AC7ED0D7A80
:108A000007F114031946F868FFF718FF00BF38375D
:108A1000BD4680BD80B487B000AFF860B96087ED17
:108A2000010A00237B617B69082B13DC7B699B00B7
:108A3000BA68134493ED007A7B699B00FA6813448B
:108A4000D7ED017A67EE277AC3ED007A7B690133AF
:108A50007B61E8E700BF1C37BD465DF8047B7047CB
:108A600090B587B000AFF860B9607A607968B8688F
:108A7000FFF787FDF0EE407AC7ED047ABB680C3350
:108A800079681846FFF77DFDF0EE407AC7ED057A6C
:108A9000BB6803F11802FB6803F10804796810460B
:108AA000FFF76FFDF0EE407AC4ED007A3A69FB689B
:108AB0001A60FB6804337A691A6000BF1C37BD4630
:108AC00090BD90B587B000AFF860B9607A60796802
:108AD000B868FFF70BFFF0EE407AC7ED047A7B68C9
:108AE00004331946B868FFF701FFF0EE407AC7ED8E
:108AF000057A7B6803F10802FB6803F1080411465C
:108B0000B868FFF7F3FEF0EE407AC4ED007A3A69F8
:108B1000FB681A60FB6804337A691A6000BF1C376F
:108B2000BD4690BD80B483B000AF78607B68002202
:108B3000C3F890287B68002283F8942800BF0C3784
:108B4000BD465DF8047B704780B483B000AF7860A9
:108B50000B46FB707B68FA7883F8942800BF0C37CB
:108B6000BD465DF8047B704780B483B000AF786089
:108B70007B68DA6C7B681B6D134418460C37BD4666
:108B80005DF8047B704780B483B000AF78607B6889
:108B90005B6E18460C37BD465DF8047B704780B4A9
:108BA00085B000AFF860B9607A60FA68BB680233DC
:108BB0009B0013447A685A6000BF1437BD465DF8C5
:108BC000047B704780B483B000AF78607B68002B73
:108BD00001DA002305E07B68272B01DD272300E075
:108BE0007B6818460C37BD465DF8047B704780B43F
:108BF00083B000AF78607B68DB6818460C37BD46F1
:108C00005DF8047B704780B483B000AF78607B6808
:108C10001B6918460C37BD465DF8047B704780B46D
:108C200083B000AF78607B685B6918460C37BD463F
:108C30005DF8047B7047000080B590B000AF7861AC
:108C400087ED040AC7ED030A87ED021AC7ED011A82
:108C5000D7ED037A67EEA77AC7ED0E7A97ED017A22
:108C6000D7ED047A27EE277AD7ED036AD7ED027A9B
:108C700066EEA77A77EE277AB7EEE77A37EE077BCC
:108C8000F7EEC77BC7ED0D7AD7ED047A27EEA77A0A
:108C9000D7ED0E7A77EE277AB7EEE77A37EE077BD5
:108CA000B7EE006B36EE477BF7EEC77BC7ED0C7A6D
:108CB000D7ED0C0A97ED0D0A0AF0CAF887ED0B0AFA
:108CC00097ED017AD7ED037A27EE277AD7ED026A7E
:108CD000D7ED047A66EEA77A77EE677AB7EEE77A91
:108CE00037EE077BF7EEC77BC7ED0F7AD7ED0F7A2C
:108CF000B7EE007AF4EEC77AF1EE10FA02DD4FF02B
:108D00007E53FB63D7ED0F7ABFEE007AF4EEC77A9D
:108D1000F1EE10FA01D52C4BFB6397ED0F0A0AF028
:108D200065F887ED0A0A97ED017AD7ED027A27EE0A
:108D3000277AD7ED046AD7ED037A66EEA77A77EE45
:108D4000277AB7EEE77A37EE077BF7EEC77BC7EDFA
:108D5000097AD7ED027A27EEA77AD7ED0E7A77EE69
:108D6000277AB7EEE77A37EE077BB7EE006B36EE81
:108D7000477BF7EEC77BC7ED087AD7ED080A97ED7A
:108D8000090A0AF065F887ED070A97ED070AFFF769
:108D900009F901467A690D4B1344196097ED0A0AE7
:108DA000FFF700F901467A69094B1344196097ED02
:108DB0000B0AFFF7F7F801467A69064B134419606E
:108DC00000BF4037BD4680BD000080BF64AF0100DA
:108DD00068AF01006CAF010080B590B000AF786162
:108DE000396187ED030AC7ED020A87ED011AC7ED65
:108DF000001AD7ED027A37EEA77AD7ED027A67EE3E
:108E0000277AB7EE007A37EE677AD7ED017A77EEF8
:108E1000A76AD7ED017A66EEA77A37EE676AD7EDD3
:108E2000037A37EEA77AD7ED027A27EE277AD7EDC5
:108E3000017A77EEA76AD7ED007A66EEA77A77EE29
:108E4000675AD7ED037A37EEA77AD7ED017A27EE86
:108E5000277AD7ED027A77EEA76AD7ED007A66EE29
:108E6000A77A37EE275AD7ED037A37EEA77AD7EDF0
:108E7000027A27EE277AD7ED017A77EEA76AD7ED47
:108E8000007A66EEA77A77EE274AD7ED037A37EEB7
:108E9000A77AD7ED037A67EE277AB7EE007A37EE36
:108EA000677AD7ED017A77EEA76AD7ED017A66EE99
:108EB000A77A37EE672AD7ED027A37EEA77AD7ED91
:108EC000017A27EE277AD7ED037A77EEA76AD7EDF6
:108ED000007A66EEA77A77EE672AD7ED037A37EE47
:108EE000A77AD7ED017A27EE277AD7ED027A77EEC7
:108EF000A76AD7ED007A66EEA77A37EE673AD7ED24
:108F0000027A37EEA77AD7ED017A27EE277AD7EDE6
:108F1000037A77EEA76AD7ED007A66EEA77A77EE46
:108F2000273AD7ED037A37EEA77AD7ED037A67EEC3
:108F3000277AB7EE007A37EE677AD7ED027A77EEC6
:108F4000A76AD7ED027A66EEA77A77EE677AB0EE77
:108F5000674AF0EE641AB0EE451AF0EE650AB0EE1C
:108F6000460A3869FFF7E9FB07F11C039FED0F4A3A
:108F7000DFED0E3ABFEE003AF7EE002A9FED0B2A26
:108F8000DFED0A1A9FED091AFFEE000A9FED070AAE
:108F90001846FFF7D2FB07F11C031A4639693869F6
:108FA000FFF7C4FC00BF4037BD4680BD0000000095
:108FB00080B590B000AF7861396187ED030AC7EDE5
:108FC000020A87ED011AC7ED001A07F11C03D7ED5D
:108FD000001A97ED011AD7ED020A97ED030A194618
:108FE0007869FFF7F9FEB7EE001ADFED090A9FED89
:108FF000080A3869FFF718FA07F11C031A4639699D
:109000003869FFF75EFD00BF4037BD4680BD00BF39
:109010000000000080B582B000AF78607B68184621
:10902000FEF776FE7B6818460837BD4680BD000017
:10903000B0B582B000AF78607B6803F520530022A2
:109040001A607A68174B134403241D46002C05DB75
:109050002846FFF7DFFF2035013CF7E77A68124B1F
:1090600013444FF0FF321A607A68104B13444522C4
:109070001A607A680E4B134444221A607A680D4BCA
:1090800013444FF0FF321A607A680B4B13441422DA
:109090001A60786803F040FA7B6818460837BD46C6
:1090A000B0BD00BFA4AE010028AF01002CAF01008D
:1090B00030AF01005CAF010060AF010080B584B04B
:1090C00000AF786039607B685A683B681A447B68F7
:1090D0005A600023FB60FB68032B0DDC7A68084BA9
:1090E0001344FA68520113441946786804F024F9CD
:1090F000FB680133FB60EEE700BF1037BD4680BD63
:10910000A4AE01002DE9F0432DED088BC7B006AFEA
:1091100078613961FA60FB68013B40F26D2293424D
:1091200003F2C88101A151F823F000BF079C010898
:10913000E59A0108B5C40108B5C40108B5C4010821
:10914000B5C40108B5C40108B5C40108B5C4010817
:10915000AB9B0108C59B0108B5C40108B5C4010853
:10916000B5C40108B5C40108B5C40108199C0108BB
:10917000459C0108B5C40108DD9B0108819C0108DC
:10918000C19C0108019D0108439D0108859D0108BE
:10919000D99D0108B5C40108B5C40108B5C40108CA
:1091A000B5C40108B5C40108B5C40108B5C40108B7
:1091B000B5C40108B5C40108B5C40108B5C40108A7
:1091C000B5C40108B5C40108A19E0108BB9E0108F1
:1091D000C19E0108E59E0108139F01081B9F01081D
:1091E000539F0108B5C40108B5C40108B5C40108FE
:1091F0006B9F010863A0010801A10108A3A1010858
:109200001FA20108AFA2010809A30108D99F010804
:1092100099A301084DA401085BA601087DA60108D9
:10922000B1A60108F7A601084FA7010859A7010830
:1092300063A70108B1A7010805A80108FDA401085A
:109240008FA50108B5C40108B5C40108B5C401085B
:10925000B5C40108B5C40108B5C40108B5C4010806
:10926000B5C40108B5C4010863A80108A3A8010892
:10927000CFA8010823A9010877A90108B7A9010807
:10928000F7A90108B5C40108B5C40108B5C40108AF
:10929000B5C40108B5C40108B5C40108B5C40108C6
:1092A000B5C40108B5C40108B5C40108B5C40108B6
:1092B000B5C40108B5C4010837AA010879AA010894
:1092C00083AA0108B5C40108B5C40108B5C40108E2
:1092D000B5C40108B5C40108B5C40108B5C4010886
:1092E000B5C40108B5C40108B5C40108B5C4010876
:1092F000B5C40108B5C40108B5C40108B5C4010866
:10930000B5C40108B5C40108B5C40108B5C4010855
:10931000B5C40108B5C40108B5C40108B5C4010845
:10932000B5C40108B5C40108B5C40108B5C4010835
:10933000B5C40108B5C40108B5C40108B5C4010825
:10934000B5C40108B5C40108B5C40108B5C4010815
:10935000B5C40108B5C40108B5C40108B5C4010805
:10936000B5C40108B5C40108B5C40108B5C40108F5
:10937000B5C40108B5C40108B5C40108B5C40108E5
:10938000C5AA0108F1AA01085FAB0108EBAB01080F
:109390006FAC0108B5AC0108FBAC0108B5C401080D
:1093A000B5C40108B5C40108B5C40108B5C40108B5
:1093B000B5C40108B5C40108B5C40108B5C40108A5
:1093C000B5C40108B5C40108B5C40108B5C4010895
:1093D000B5C40108B5C40108B5C40108B5C4010885
:1093E000B5C40108B5C40108B5C40108B5C4010875
:1093F000B5C40108B5C40108B5C40108B5C4010865
:10940000B5C40108B5C40108B5C40108B5C4010854
:10941000B5C40108B5C40108B5C40108B5C4010844
:10942000B5C40108B5C40108B5C40108B5C4010834
:10943000B5C40108B5C40108B5C40108B5C4010824
:10944000B5C40108B5C401080FAD010825AD010878
:10945000B5C40108B5C40108B5C40108B5C4010804
:10946000B5C40108B5C40108B5C40108B5C40108F4
:10947000B5C40108B5C40108B5C40108B5C40108E4
:10948000B5C40108B5C40108B5C40108B5C40108D4
:10949000B5C40108B5C40108B5C40108B5C40108C4
:1094A000B5C40108B5C40108B5C40108B5C40108B4
:1094B000B5C40108B5C40108B5C40108B5C40108A4
:1094C000B5C40108B5C40108B5C40108B5C4010894
:1094D000B5C40108B5C40108B5C40108B5C4010884
:1094E000B5C40108B5C40108B5C40108B5C4010874
:1094F000B5C40108B5C40108B5C40108B5C4010864
:10950000B5C40108B5C40108B5C40108B5C4010853
:10951000B5C40108B5C40108B5C40108B5C4010843
:10952000B5C40108B5C40108B5C40108B5C4010833
:10953000B5C40108B5C40108B5C40108B5C4010823
:10954000B5C40108B5C40108B5C40108B5C4010813
:10955000B5C40108B5C40108B5C40108B5C4010803
:10956000B5C40108B5C40108B5C40108B5C40108F3
:10957000B5C40108B5C40108B5C40108B5C40108E3
:10958000B5C40108B5C40108B5C40108B5C40108D3
:10959000B5C40108B5C40108B5C40108B5C40108C3
:1095A000B5C40108B5C40108B5C40108B5C40108B3
:1095B000B5C40108B5C40108B5C40108B5C40108A3
:1095C000B5C40108B5C40108B5C40108B5C4010893
:1095D000B5C40108B5C40108D5AD01080BAE01083A
:1095E00041AE0108A9AE010825B40108ABB40108D9
:1095F00051B50108B5C40108B5C40108B5C40108D6
:10960000B5C40108B5C40108B5C40108B5C4010852
:10961000B5C40108B5C40108B5C40108B5C4010842
:10962000B5C40108B5C40108B5C40108B5C4010832
:10963000B5C40108B5C40108B5C40108B5C4010822
:10964000B5C40108B5C40108B5C40108B5C4010812
:10965000B5C40108B5C40108B5C40108B5C4010802
:10966000B5C40108B5C40108B5C40108B5C40108F2
:10967000B5C40108B5C40108B5C40108B5C40108E2
:10968000B5C40108B5C40108B5C40108B5C40108D2
:10969000B5C40108B5C40108B5C40108B5C40108C2
:1096A000B5C4010833AF010869AF01089FAF0108D5
:1096B000D5AF0108D5AD01080BAE010823B00108F4
:1096C00059B001088FB00108CDB0010803B10108FD
:1096D00039B1010897B10108E1B1010817B20108D9
:1096E0004DB20108B1B2010803B3010839B3010852
:1096F0006FB301089DB30108D3B30108B5C40108D5
:10970000B5C40108B5C40108B5C40108B5C4010851
:10971000B5C40108B5C40108B5C40108B5C4010841
:10972000B5C40108B5C40108B5C40108B5C4010831
:10973000B5C40108B5C40108B5C40108B5C4010821
:10974000B5C40108B5C40108B5C40108B5C4010811
:10975000B5C40108B5C40108B5C40108B5C4010801
:10976000B5C40108B5C40108B5C40108B5C40108F1
:10977000B5C40108B5C40108B5C40108B5C40108E1
:10978000B5C40108B5C40108B5C40108B5C40108D1
:10979000B5C40108B5C40108B5C40108B5C40108C1
:1097A000B5C40108B5C40108B5C40108B5C40108B1
:1097B000B5C40108B5C40108B5C40108B5C40108A1
:1097C000B5C40108B5C40108B5C40108B5C4010891
:1097D000B5C40108B5C40108B5C40108B5C4010881
:1097E000B5C40108B5C40108B5C40108B5C4010871
:1097F000B5C40108B5C40108B5C40108B5C4010861
:10980000B5C40108B5C40108B5C40108B5C4010850
:10981000B5C40108B5C40108B5C40108B5C4010840
:10982000B5C40108B5C40108B5C40108B5C4010830
:10983000B5C40108B5C40108B5C40108B5C4010820
:10984000B5C40108B5C40108B5C40108B5C4010810
:10985000B5C40108B5C40108B5C40108B5C4010800
:10986000B5C40108B5C40108B5C40108B5C40108F0
:10987000B5C40108B5C40108B5C40108B5C40108E0
:10988000B5C40108B5C40108B5C40108B5C40108D0
:10989000B5C40108B5C40108B5C40108B5C40108C0
:1098A000B5C40108B5C40108B5C40108B5C40108B0
:1098B000B5C40108B5C40108B5C40108B5C40108A0
:1098C000B5C40108B5C40108B5C40108B5C4010890
:1098D000B5C40108B5C40108B5C40108B5C4010880
:1098E000B5C40108B5C40108B5C40108B5C4010870
:1098F000B5C40108B5C40108F7B5010863B601088D
:10990000C3B6010823B70108A7B70108B5C4010809
:10991000B5C40108B5C40108B5C40108B5C401083F
:1099200005B801085FB80108B9B8010813B9010802
:10993000B5C40108B5C40108B5C40108B5C401081F
:10994000B5C40108B5C401086DB9010869BA0108B8
:10995000A5BA0108E1BA010823BB010865BB0108EB
:10996000C5BB01081FBC01087FBC0108B5C40108C4
:10997000B5C40108B5C40108B5C40108B5C40108DF
:10998000B5C40108B5C40108B5C40108B5C40108CF
:10999000B5C40108B5C40108B5C40108B5C40108BF
:1099A000B5C40108B5C40108B5C40108B5C40108AF
:1099B000B5C40108B5C40108B5C40108B5C401089F
:1099C000B5C40108B5C40108B5C40108B5C401088F
:1099D000B5C40108B5C40108B5C40108B5C401087F
:1099E000B5C40108B5C40108B5C40108B5C401086F
:1099F000B5C40108B5C40108B5C40108B5C401085F
:109A0000B5C40108B5C40108B5C40108B5C401084E
:109A1000B5C40108B5C40108B5C40108B5C401083E
:109A2000B5C40108B5C40108B5C40108B5C401082E
:109A3000B5C40108B5C40108B5C40108B5C401081E
:109A4000B5C40108B5C40108B5C40108B5C401080E
:109A5000B5C40108B5C40108B5C40108B5C40108FE
:109A6000B5C40108B5C40108B5C40108B5C40108EE
:109A7000B5C40108B5C40108B5C40108B5C40108DE
:109A8000B5C40108B5C40108DDBC0108E5BC010886
:109A90003DBD010871BD0108B7BD0108FDBD01084C
:109AA00055BE0108ADBE010815BF010881BF010800
:109AB0002DC0010895C00108DBC001080FC10108D5
:109AC000BBC1010823C2010869C201089DC2010887
:109AD000D5C2010881C30108E9C301082FC40108E8
:109AE00063C401080123C7F8FC30D7F8FC30032B0E
:109AF00051DC7A69D7F8FC3003F675535B011344E7
:109B000004331B68002B40D1D7F8FC3003F67553A3
:109B10005B017A6913441C1D3B695B6801331A467B
:109B20003969786903F0AEF801467B6903F5205383
:109B30001B681A462046FEF729F93B695B681A46FE
:109B40003969786903F09EF802467B6903F5205372
:109B50001B689A1A7B6903F520531A60D7F8FC300A
:109B600003F675535B017A69134404331846FEF714
:109B70002AF93B695B689A1CD7F8FC303969786927
:109B800002F098FD002302F096BCD7F8FC300133B8
:109B9000C7F8FC30A9E73B695B689A1C0023396968
:109BA000786902F087FD02F085BC3B695B681A4664
:109BB0003969786903F066F803461846F5F7A6FF99
:109BC00002F078BC3B695C68E7F706FA0346224678
:109BD0003969786902F06EFD02F06CBC3B695B6824
:109BE0005C1C3B695B681A463969786903F04AF87E
:109BF0000346002BB8BF5B4222463969786902F000
:109C000059FD02F057BC3B695A68082339697869E5
:109C100002F050FD02F04EBC3B695B681A463969A0
:109C2000786903F02FF8044601223969786903F056
:109C300029F80346E31A002BCCBF01230023DBB233
:109C400002F039BC3B695B685C1C3B695B681A4687
:109C50003969786903F016F805460122396978698F
:109C600003F010F80346EB1A002BD4BF01230023A6
:109C7000DBB222463969786902F01CFD02F01ABC99
:109C80003B695B689C1C3B695B6801331A46396918
:109C9000786902F0F7FF05463B695B681A46396947
:109CA000786902F0EFFF034619462846FEF79CF854
:109CB000034622463969786902F0FCFC02F0FABBDF
:109CC0003B695B689C1C3B695B6801331A463969D8
:109CD000786902F0D7FF05463B695B681A46396927
:109CE000786902F0CFFF034619462846FEF78EF842
:109CF000034622463969786902F0DCFC02F0DABBDF
:109D00003B695B689C1C3B695B6801331A46396997
:109D1000786902F0B7FF03461D463B695B681A4647
:109D20003969786902F0AEFF034619462846FEF706
:109D3000DEF8034622463969786902F0BBFC02F07E
:109D4000B9BB3B695B689C1C3B695B6801331A4685
:109D50003969786902F096FF03461D463B695B68E6
:109D60001A463969786902F08DFF0346194628467C
:109D7000FEF7CFF8034622463969786902F09AFC6B
:109D800002F098BB3B695B68DC1C3B695B68023393
:109D90001A463969786902F075FF05463B695B68C8
:109DA00001331A463969786902F06CFF06463B694F
:109DB0005B681A463969786902F064FF03461A46FF
:109DC00031462846FEF734F8034622463969786959
:109DD00002F070FC02F06EBB3B695B6802331A460E
:109DE0003969786902F04EFF78623B695B6801333C
:109DF0001A463969786902F045FFC7F8F8003B69EF
:109E00005B681A463969786902F03CFFC7F8F400CC
:109E1000D7F8F430002B42F33683D7F8F420D7F884
:109E2000F8301344B3F5206F82F22D83D7F8F43065
:109E30005A007B6A1344AF4A934202F32483796A3F
:109E40007869FEF7D3F8C7F8F000D7F8F4305A1E57
:109E5000C7F8F420002B14BF01230023DBB2002B32
:109E600002F01183D7F8F0305A1CC7F8F0201B78A5
:109E70007B84D7F8F0305A1CC7F8F0201B781B02FF
:109E80001AB27B8C13437B84D7F8F820531CC7F895
:109E9000F830B7F922303969786902F00BFCD4E761
:109EA0003B695B689C1C0AF0C7FB03462246396984
:109EB000786902F0FFFB02F0FDBA012302F0FBBA61
:109EC0003B695B681A463969786902F0DBFE014636
:109ED0007A69894B13441960786902F0F7FA012313
:109EE00002F0E9BA3B695B681A463969786902F0A1
:109EF000C9FEF8623B695B6801331A4639697869C3
:109F000002F0C0FEB862F96AB86AF5F797FA02F093
:109F1000D1BAE7F7B5F802F0CDBA3B695B681A46EB
:109F20003969786902F0AEFE3863744A3B6B03F618
:109F30007143DB0013445A6870493B6B03F671436D
:109F4000DB000B449B6819461046F6F755F902F002
:109F5000B1BAF6F767F978633B695A687B6B396980
:109F6000786902F0A7FB02F0A5BA3B695B681A4664
:109F70003969786902F086FEC7F8EC000023C7F85B
:109F8000E830D7F8E8301F2B02F37F82D7F8EC30A7
:109F9000002B02F07A82D7F8EC3003F00103002B9B
:109FA0000FD0D7F8E8304FF41C7202FB03F30833EC
:109FB000524A1344181D0023002247F6FF71E6F7AA
:109FC000D7FDD7F8EC305B10C7F8EC30D7F8E830A5
:109FD0000133C7F8E830D4E73B695B681A46396952
:109FE000786902F04FFEC7F8E4000023C7F8E030BC
:109FF000D7F8E0301F2B02F34A82D7F8E430002B69
:10A0000002F04582D7F8E43003F00103002B1DD0A5
:10A01000D7F8E0304FF41C7202FB03F30833374AE1
:10A0200013441C1DD7F8E0304FF41C7202FB03F3FD
:10A030000833324A1344043301211846E6F702FE7E
:10A040000146002300222046E6F792FDD7F8E430CF
:10A050005B10C7F8E430D7F8E0300133C7F8E030E0
:10A06000C6E73B695B6802331A463969786902F0D2
:10A0700009FEC7F8DC003B695B6801331A463969A1
:10A08000786902F0FFFDF8633B695B681A4639693D
:10A09000786902F0F7FDB8630023C7F8D830D7F825
:10A0A000D8301F2B02F3F581D7F8DC30002B02F0FB
:10A0B000F081D7F8DC3003F00103002B0ED0D7F885
:10A0C000D8304FF41C7202FB03F308330B4A1344DD
:10A0D000181D0023BA6BF96BE6F74AFDD7F8DC30A0
:10A0E0005B10C7F8DC30D7F8D8300133C7F8D83068
:10A0F000D5E700BF9F86010028AF010078790224D0
:10A100003B695B6803331A463969786902F0BAFD26
:10A11000C7F8D4003B695B6802331A46396978692D
:10A1200002F0B0FDB8643B695B6801331A463969D7
:10A13000786902F0A7FD78643B695B681A46396963
:10A14000786902F09FFD38640023C7F8D030D7F853
:10A15000D0301F2B02F39F81D7F8D430002B02F0B0
:10A160009A81D7F8D43003F00103002B0ED0D7F832
:10A17000D0304FF41C7202FB03F30833B24A13448D
:10A18000181D3B6C7A6CB96CE6F7F2FCD7F8D4304A
:10A190005B10C7F8D430D7F8D0300133C7F8D030CF
:10A1A000D5E73B695B6801331A463969786902F083
:10A1B00069FDC7F8CC003B695B681A463969786964
:10A1C00002F060FDF8640023C7F8C830D7F8C83043
:10A1D0001F2B02F36281D7F8CC30002B02F05D8197
:10A1E000D7F8CC3003F00103002B0DD0D7F8C830DE
:10A1F0004FF41C7202FB03F30833934A13440433F5
:10A20000F96C1846E8F7BAFED7F8CC305B10C7F8FF
:10A21000CC30D7F8C8300133C7F8C830D6E73B692F
:10A220005B6802331A463969786902F02BFDC7F87A
:10A23000C4003B695B6801331A463969786902F0EA
:10A2400021FD78653B695B681A463969786902F0D7
:10A2500019FD38650023C7F8C030D7F8C0301F2B70
:10A2600002F31D81D7F8C430002B02F01881D7F813
:10A27000C43003F00103002B0ED0D7F8C0304FF4E8
:10A280001C7202FB03F308336F4A134404333A6D24
:10A29000796D1846E8F7E8FED7F8C4305B10C7F8C8
:10A2A000C430D7F8C0300133C7F8C030D5E73B69B8
:10A2B0005B6802331A463969786902F0E3FC0346A9
:10A2C0001846FEF77FFC03464FF41C7202FB03F3B3
:10A2D00008335D4A13441C1D3B695B6801331A4611
:10A2E0003969786902F0CEFC05463B695B681A461D
:10A2F0003969786902F0C6FC0246002329462046E7
:10A30000E6F736FC02F0D6B83B695B6802331A46C2
:10A310003969786902F0B6FCC7F8BC003B695B6834
:10A3200001331A463969786902F0ACFCF8653B697B
:10A330005B681A463969786902F0A4FCB8650023A5
:10A34000C7F8B830D7F8B8301F2B02F3AA80D7F877
:10A35000BC30002B02F0A580D7F8BC3003F001031D
:10A36000002B0ED0D7F8B8304FF41C7202FB03F369
:10A370000833354A1344181D0023BA6DF96DE6F70A
:10A380000DFCD7F8BC305B10C7F8BC30D7F8B8303C
:10A390000133C7F8B830D5E73B695B6803331A4629
:10A3A0003969786902F06EFCC7F8B4003B695B68F4
:10A3B00002331A463969786902F064FCB8663B6971
:10A3C0005B6801331A463969786902F05BFC78668C
:10A3D0003B695B681A463969786902F053FC386654
:10A3E0000023C7F8B030D7F8B0301F2B02F35B80E2
:10A3F000D7F8B430002B02F05680D7F8B43003F011
:10A400000103002B15D0D7F8B0304FF41C7202FBBB
:10A4100003F308330C4A13441C1DBB6E1DB2396E86
:10A420007869FDF7D2FD02467B6E29462046E8F7A3
:10A43000FBFED7F8B4305B10C7F8B430D7F8B030B3
:10A440000133C7F8B030CEE7787902243B695B6806
:10A4500003331A463969786902F014FCC7F8AC0076
:10A460003B695B6802331A463969786902F00AFC75
:10A4700078673B695B6801331A463969786902F08D
:10A4800001FC38673B695B681A463969786902F0F4
:10A49000F9FBF8660023C7F8A830D7F8A8301F2BBF
:10A4A00002F30380D7F8AC30002B01F0FE87D7F819
:10A4B000AC3003F00103002B15D0D7F8A8304FF4CF
:10A4C0001C7202FB03F30833B64A13441C1D7B6F56
:10A4D0001DB2F96E7869FDF789FD02463B6F29468A
:10A4E0002046E8F7F8FED7F8AC305B10C7F8AC3080
:10A4F000D7F8A8300133C7F8A830CEE73B695B68CE
:10A5000002331A463969786902F0BCFBC7F8A40027
:10A510003B695B6801331A463969786902F0B2FB1E
:10A52000F8673B695B681A463969786902F0AAFBEB
:10A53000B8670023C7F8A030D7F8A0301F2B01F36D
:10A54000B687D7F8A430002B01F0B187D7F8A43034
:10A5500003F00103002B0FD0D7F8A0304FF41C728A
:10A5600002FB03F308338F4A13440433FA6F11B22A
:10A57000BA6F1846E8F70CFED7F8A4305B10C7F89E
:10A58000A430D7F8A0300133C7F8A030D4E73B6936
:10A590005B6802331A463969786902F073FBC7F8C1
:10A5A0009C003B695B6801331A463969786902F09F
:10A5B00069FBC7F888003B695B681A4639697869A6
:10A5C00002F060FBC7F884000023C7F89830D7F882
:10A5D00098301F2B01F36D87D7F89C30002B01F0CA
:10A5E0006887D7F89C3003F00103002B2AD0D7F8F6
:10A5F00098304FF41C7202FB03F36B4A1344C7F804
:10A6000080300023C7F89430D7F89420D7F88430EE
:10A610009A4217DAD7F88820D7F8943013441A46AC
:10A620003969786902F02EFB03461BB201221946F4
:10A63000D7F88000E8F7ACFDD7F894300133C7F8BD
:10A640009430E1E7D7F89C305B10C7F89C30D7F81E
:10A6500098300133C7F89830B9E73B695B681A4610
:10A660003969786902F00EFB01460023009300234C
:10A6700000224E4805F0BBF901F01CBF3B695B6846
:10A6800001331A463969786902F0FCFA04463B69DD
:10A690005B681A463969786902F0F4FA02460023C9
:10A6A000009300232146414805F0A1F901F002BFC3
:10A6B0003B695B6802331A463969786902F0E2FA4D
:10A6C00004463B695B6801331A463969786902F0D0
:10A6D000D9FA05463B695B681A463969786902F020
:10A6E000D1FA0346002200922A4621462F4805F05F
:10A6F0007EF901F0DFBE3B695B6803331A463969B6
:10A70000786902F0BFFA04463B695B6802331A4677
:10A710003969786902F0B6FA05463B695B6801332E
:10A720001A463969786902F0ADFA06463B695B68FA
:10A730001A463969786902F0A5FA03460093334650
:10A740002A462146194805F052F901F0B3BE1748D0
:10A7500005F076F901F0AEBE144805F082F901F07B
:10A76000A9BE3B695B689C1C3B695B6801331A4668
:10A770003969786902F086FA05463B695B681A46D2
:10A780003969786902F07EFA034619462846E7F7E8
:10A79000A7FF034622463969786901F08BFF01F073
:10A7A00089BE00BF78790224847902243C02002407
:10A7B0003B695B68DC1C3B695B6802331A4639699C
:10A7C000786902F05FFA05463B695B6801331A4617
:10A7D0003969786902F056FA06463B695B681A46A1
:10A7E0003969786902F04EFA03461A46314628461E
:10A7F000E7F7CEFF034622463969786901F05AFF30
:10A8000001F058BE3B695B68DC1C3B695B68023346
:10A810001A463969786902F035FA05463B695B6882
:10A8200001331A463969786902F02CFA06463B6909
:10A830005B681A463969786902F024FA03461946BA
:10A840007869FDF728FC03461A4631462846E7F7A3
:10A85000F7FF034622463969786901F02BFF01F0C2
:10A8600029BE3B695B689C1C3B695B6801331A46E7
:10A870003969786902F006FA05463B695B681A4651
:10A880003969786902F0FEF903461946284606F050
:10A890003DFD034622463969786901F00BFF01F05E
:10A8A00009BE3B695B685C1C3B695B681A46396999
:10A8B000786902F0E7F90346184606F051FD0346B1
:10A8C00022463969786901F0F5FE01F0F3BD3B6974
:10A8D0005B68DC1C3B695B6802331A46396978693E
:10A8E00002F0D0F905463B695B6801331A463969C5
:10A8F000786902F0C7F906463B695B681A46396910
:10A90000786902F0BFF903461A463146284606F038
:10A9100073FD034622463969786901F0CBFE01F0E8
:10A92000C9BD3B695B68DC1C3B695B6802331A4646
:10A930003969786902F0A6F905463B695B6801331D
:10A940001A463969786902F09DF906463B695B68E9
:10A950001A463969786902F095F903461A46314674
:10A96000284606F067FD034622463969786901F0FA
:10A97000A1FE01F09FBD3B695B689C1C3B695B6865
:10A9800001331A463969786902F07CF905463B695A
:10A990005B681A463969786902F074F9034619460A
:10A9A000284606F059FD034622463969786901F0C8
:10A9B00081FE01F07FBD3B695B689C1C3B695B6865
:10A9C00001331A463969786902F05CF905463B693A
:10A9D0005B681A463969786902F054F903461946EA
:10A9E000284606F04DFD034622463969786901F094
:10A9F00061FE01F05FBD3B695B689C1C3B695B6865
:10AA000001331A463969786902F03CF905463B6919
:10AA10005B681A463969786902F034F903461946C9
:10AA2000284606F041FD034622463969786901F05F
:10AA300041FE01F03FBD3B695B6802331A4639694C
:10AA4000786902F01FF904463B695B6801331A46D6
:10AA50003969786902F016F905463B695B681A4660
:10AA60003969786902F00EF903462A462146AA4858
:10AA700006F0EDFA01F01EBDA74806F019FC01F042
:10AA800019BD3B695B6802331A463969786902F07F
:10AA9000F9F804463B695B6801331A4639697869FD
:10AAA00002F0F0F805463B695B681A463969786937
:10AAB00002F0E8F803462A462146974806F05BFB79
:10AAC00001F0F8BC3B695B685C1C3B695B681A463B
:10AAD0003969786902F0D6F803461846FDF7C2FBDB
:10AAE000034622463969786901F0E4FD01F0E2BCD1
:10AAF0003B695B68DC1C3B695B6802331A46396959
:10AB0000786902F0BFF803461846FEF75BF8034683
:10AB10004FF41C7202FB03F30833804A13441D1DDB
:10AB20003B695B6801331A463969786902F0AAF813
:10AB300003461EB23B695B681A463969786902F0C0
:10AB4000A1F803461A4631462846E8F721FB03469A
:10AB500022463969786901F0ADFD01F0ABBC3B6973
:10AB60005B681D1D3B695B6803331A463969786968
:10AB700002F088F803461846FEF724F803464FF41F
:10AB80001C7202FB03F30833644A13441E1D3B6925
:10AB90005B6802331A463969786902F073F8034634
:10ABA0000FFA83F87B6942F604041C443B695B6836
:10ABB00001331A463969786902F064F803461C4487
:10ABC0003B695B681A463969786902F05BF80346AD
:10ABD000224641463046E8F727FB03462A463969B4
:10ABE000786901F067FD01F065BC3B695B681C1D7D
:10ABF0003B695B6803331A463969786902F042F8A9
:10AC000003461846FDF7DEFF03464FF41C7202FBB5
:10AC100003F30833414A13441D1D3B695B6802334B
:10AC20001A463969786902F02DF803461EB23B696D
:10AC30005B6801331A463969786902F023F80346E4
:10AC40000FFA83F83B695B681A463969786902F044
:10AC500019F80346424631462846E8F79DFB03466D
:10AC600022463969786901F025FD01F023BC3B6972
:10AC70005B685C1C3B695B6801331A46396978691B
:10AC800002F000F803461846FDF79CFF03464FF418
:10AC90001C7202FB03F30833204A134404331846A2
:10ACA000FDF762FF034622463969786901F002FD2B
:10ACB00001F000BC3B695B685C1C3B695B6801336D
:10ACC0001A463969786901F0DDFF03461846FDF739
:10ACD00079FF03464FF41C7202FB03F308330F4A5B
:10ACE000134404331846FDF74EFF034622463969E4
:10ACF000786901F0DFFC01F0DDBB3B695A684FF475
:10AD000080733969786901F0D5FC01F0D3BB044840
:10AD100004F03CFF01F0CEBB5007032478790224F5
:10AD2000A00703243B695B6806331A4639697869D2
:10AD3000FDF7D6F9B0EE408A3B695B6805331A46E9
:10AD400039697869FDF7CCF9F0EE408A3B695B68B8
:10AD500004331A4639697869FDF7C2F9B0EE409AB2
:10AD60003B695B6803331A4639697869FDF7B8F9BE
:10AD7000F0EE409A3B695B6802331A46396978699C
:10AD8000FDF7AEF9B0EE40AA3B695B6801331A46A5
:10AD900039697869FDF7A4F9F0EE40AA3B695B6870
:10ADA0001A4639697869FDF79BF9F0EE407AB0EE02
:10ADB000673AF0EE6A2AB0EE4A2AF0EE691AB0EE6F
:10ADC000491AF0EE680AB0EE480ABE4804F0E8FE00
:10ADD00001F070BB3B695B685C1C3B695B681A46B1
:10ADE00039697869FDF77CF9F0EE407AB0EE670AD0
:10ADF00007F012F9F0EE407AB0EE670A22463969A0
:10AE00007869FDF757F901F055BB3B695B685C1C3D
:10AE10003B695B681A4639697869FDF761F9F0EEBC
:10AE2000407AB0EE670A07F00FFFF0EE407AB0EE1E
:10AE3000670A224639697869FDF73CF901F03ABBA7
:10AE40003B695B6803331A4639697869FDF748F94D
:10AE5000B0EE408A3B695B6802331A46396978690B
:10AE6000FDF73EF9F0EE408A3B695B6801331A4614
:10AE700039697869FDF734F9B0EE409A3B695B684F
:10AE80001A4639697869FDF72BF9F0EE407AF0EE51
:10AE9000671AB0EE491AF0EE680AB0EE480A78690F
:10AEA000FDF7CAFE01F006BB40F60C22396978694D
:10AEB00001F0E8FE07EE900AF8EEE77A9FED827A5D
:10AEC00087EE878A40F60D223969786901F0DAFE4B
:10AED00007EE900AF8EEE77A9FED7B7AC7EE878A55
:10AEE00040F60E223969786901F0CCFE07EE900A2F
:10AEF000F8EEE77A9FED747A87EE879A40F60F2294
:10AF00003969786901F0BEFE07EE900AF8EEE77A3B
:10AF1000DFED6D6A87EEA67AF0EE471AB0EE491AB9
:10AF2000F0EE680AB0EE480A7869FDF785FE01F098
:10AF3000C1BA3B695B685C1C3B695B681A4639694E
:10AF40007869FDF7CDF8F0EE407AB0EE670A07F0C9
:10AF50001BFFF0EE407AB0EE670A22463969786945
:10AF6000FDF7A8F801F0A6BA3B695B685C1C3B6979
:10AF70005B681A4639697869FDF7B2F8F0EE407AF5
:10AF8000B0EE670A07F032FFF0EE407AB0EE670AE3
:10AF9000224639697869FDF78DF801F08BBA3B6973
:10AFA0005B685C1C3B695B681A4639697869FDF728
:10AFB00097F8F0EE407AB0EE670A07F009F9F0EE84
:10AFC000407AB0EE670A224639697869FDF772F86F
:10AFD00001F070BA3B695B689C1C3B695B6801339C
:10AFE0001A4639697869FDF77BF8B0EE408A3B690B
:10AFF0005B681A4639697869FDF772F8F0EE407AB5
:10B00000F0EE670AB0EE480A07F022FFF0EE407A51
:10B01000B0EE670A224639697869FDF74BF801F00E
:10B0200049BA3B695B685C1C3B695B681A463969D5
:10B030007869FDF755F8F0EE407AB0EE670A07F050
:10B040005FFDF0EE407AB0EE670A22463969786912
:10B05000FDF730F801F02EBA3B695B685C1C3B6978
:10B060005B681A4639697869FDF73AF8F0EE407A7C
:10B07000B0EE670A07F0EEFEF0EE407AB0EE670A37
:10B08000224639697869FDF715F801F013BA3B6972
:10B090005B685C1C3B695B681A4639697869FDF737
:10B0A0001FF8F0EE407AB0EE670A07F065FFF0EEA9
:10B0B000407AB0EE670A224639697869FCF7FAFFF0
:10B0C00001F0F8B9A0070324000080463B695B68E3
:10B0D0005C1C3B695B681A4639697869FDF700F8C2
:10B0E000F0EE407AB0EE670A07F032FDF0EE407AFB
:10B0F000B0EE670A224639697869FCF7DBFF01F098
:10B10000D9B93B695B685C1C3B695B681A46396965
:10B110007869FCF7E5FFF0EE407AB0EE670A07F0D9
:10B120006DF9F0EE407AB0EE670A22463969786927
:10B13000FCF7C0FF01F0BEB93B695B681A4639698C
:10B14000786901F09FFDC7F88C003B695B689C1C27
:10B150003B695B6801331A4639697869FCF7C0FFBF
:10B16000F0EE407A07F11C031846B0EE670A07F0CC
:10B1700005FAF0EE407AB0EE670A2246396978693E
:10B18000FCF798FFFB69D7F88C203969786901F0E2
:10B1900091FA01F08FB93B695B689C1C3B695B6865
:10B1A00001331A4639697869FCF79AFFB0EE408A94
:10B1B0003B695B681A463969786901F063FD0346AB
:10B1C0001846B0EE480A07F0FFF9F0EE407AB0EE0C
:10B1D000670A224639697869FCF76CFF01F06AB9A1
:10B1E0003B695B685C1C3B695B681A463969786936
:10B1F000FCF776FFF0EE407AB0EE670A07F00AFA45
:10B20000F0EE407AB0EE670A224639697869FCF7B9
:10B2100051FF01F04FB93B695B685C1C3B695B689F
:10B220001A4639697869FCF75BFFF0EE407AB0EEB8
:10B23000670A07F06BFEF0EE407AB0EE670A22462E
:10B2400039697869FCF736FF01F034B93B695B680E
:10B250001A463969786901F015FDC7F890003B6915
:10B260005B689C1C3B695B6801331A4639697869E5
:10B27000FCF736FFF0EE407A07F118031846B0EEFF
:10B28000670A07F02DFAF0EE407AB0EE670A224620
:10B2900039697869FCF70EFFD7ED067AB0EE670AD8
:10B2A000D7F8902039697869FCF704FF01F002B9FA
:10B2B0003B695B689C1C3B695B6801331A463969D2
:10B2C0007869FCF70DFFB0EE408A3B695B681A466F
:10B2D0003969786901F0D6FC07EE900AF8EEE77A52
:10B2E000F0EE670AB0EE480A07F036FAF0EE407A60
:10B2F000B0EE670A224639697869FCF7DBFE01F097
:10B30000D9B83B695B685C1C3B695B681A46396964
:10B310007869FCF7E5FEF0EE407AB0EE670A07F0D8
:10B320005BFEF0EE407AB0EE670A22463969786932
:10B33000FCF7C0FE01F0BEB83B695B685C1C3B6972
:10B340005B681A4639697869FCF7CAFEF0EE407A04
:10B35000B0EE670A07F010F8F0EE407AB0EE670A38
:10B36000224639697869FCF7A5FE01F0A3B83B696C
:10B370005B685C1C3B695B681A4639697869FCF755
:10B38000AFFEF0EE407AF0EEE77AB0EE670A2246C2
:10B3900039697869FCF78EFE01F08CB83B695B680F
:10B3A0005C1C3B695B681A4639697869FCF798FE52
:10B3B000F0EE407AB0EE670A07F09EF8F0EE407AC1
:10B3C000B0EE670A224639697869FCF773FE01F02E
:10B3D00071B83B695B689C1C3B695B6801331A462A
:10B3E00039697869FCF77CFEB0EE408A3B695B689E
:10B3F0001A463969786901F045FC07EE900AF8EEC3
:10B40000E77AF0EE670AB0EE480A07F053FDF0EE77
:10B41000407AB0EE670A224639697869FCF74AFE3D
:10B4200001F048B83B695B6804331A4639697869AA
:10B4300001F028FC034619467869FCF767FE0446CC
:10B440003B695B6803331A4639697869FCF748FE43
:10B45000B0EE408A3B695B6802331A463969786905
:10B46000FCF73EFEF0EE408A3B695B6801331A460A
:10B4700039697869FCF734FEB0EE409A3B695B6845
:10B480001A4639697869FCF72BFEF0EE407AF0EE47
:10B49000671AB0EE491AF0EE680AB0EE480A214683
:10B4A0007869FDF799FC01F005B83B695B681A46BD
:10B4B0003969786901F0E6FB034619467869FCF7BB
:10B4C00025FE044640F60C223969786901F0DAFB62
:10B4D00007EE900AF8EEE77A9FEDC97A87EE878A41
:10B4E00040F60D223969786901F0CCFB07EE900A2D
:10B4F000F8EEE77A9FEDC27AC7EE878A40F60E2211
:10B500003969786901F0BEFB07EE900AF8EEE77A38
:10B510009FEDBB7A87EE879A40F60F2239697869EA
:10B5200001F0B0FB07EE900AF8EEE77ADFEDB46ABF
:10B5300087EEA67AF0EE471AB0EE491AF0EE680AE6
:10B54000B0EE480A21467869FDF746FC00F0B2BF2C
:10B550003B695B681A463969786901F093FB0346D9
:10B5600019467869FCF7D2FD044640F60C22396989
:10B57000786901F087FB07EE900AF8EEE77A9FED15
:10B58000A07A87EE878A40F60D223969786901F042
:10B5900079FB07EE900AF8EEE77A9FED997AC7EE0D
:10B5A000878A40F60E223969786901F06BFB07EE55
:10B5B000900AF8EEE77A9FED927A87EE879A40F646
:10B5C0000F223969786901F05DFB07EE900AF8EE09
:10B5D000E77ADFED8B6A87EEA67AF0EE471AB0EED7
:10B5E000491AF0EE680AB0EE480A21467869FDF77C
:10B5F000DFFC00F05FBF3B695B6803331A463969C3
:10B60000786901F03FFB034619467869FCF77EFD37
:10B6100004463B695B6802331A4639697869FCF76E
:10B620005FFDB0EE408A3B695B6801331A463969B9
:10B630007869FCF755FDF0EE408A3B695B681A4675
:10B6400039697869FCF74CFDF0EE407AB0EE671A84
:10B65000F0EE680AB0EE480A2046FCF7E5FE00F07E
:10B6600029BF3B695B6802331A463969786901F082
:10B6700009FB034619467869FCF748FD04463B6917
:10B680005B6801331A463969786901F0FBFA0346B1
:10B6900019467869FCF73AFD05463B695B681A462E
:10B6A0003969786901F0EEFA034619467869FCF7C2
:10B6B0002DFD03461A4629462046FCF7D0FE00F031
:10B6C000F9BE3B695B6802331A463969786901F053
:10B6D000D9FA034619467869FCF718FD04463B6918
:10B6E0005B6801331A463969786901F0CBFA034681
:10B6F00019467869FCF70AFD05463B695B681A46FE
:10B700003969786901F0BEFA034619467869FCF791
:10B71000FDFC03461A4629462046FCF7D3FE00F0FE
:10B72000C9BE3B695B681C1D3B695B6803331A46F5
:10B730003969786901F0A6FA034619467869FCF779
:10B74000E5FC05463B695B6802331A46396978694E
:10B75000FCF7C6FCB0EE408A3B695B6801331A46D1
:10B7600039697869FCF7BCFCF0EE408A3B695B689C
:10B770001A4639697869FCF7B3FCF0EE407AB0EE0E
:10B78000671AF0EE680AB0EE480A2846FCF7CDFECC
:10B79000F0EE407AB0EE670A224639697869FCF724
:10B7A00089FC00F087BE3B695B681C1D3B695B68D8
:10B7B00001331A463969786901F064FA034619467B
:10B7C0007869FCF7A3FC05463B695B681A46396952
:10B7D000786901F057FA034619467869FCF796FC38
:10B7E000034619462846FCF7CCFEF0EE407AB0EE50
:10B7F000670A224639697869FCF75CFC00F05ABE9A
:10B80000000080463B695B6802331A4639697869F3
:10B8100001F038FA034619467869FCF777FC0446CC
:10B820003B695B6801331A463969786901F02AFA85
:10B83000034619467869FCF769FC05463B695B6875
:10B840001A4639697869FCF74BFCF0EE407AB0EEA5
:10B85000670A29462046FCF7B4FE00F02BBE3B6980
:10B860005B6802331A463969786901F00BFA0346BE
:10B8700019467869FCF74AFC04463B695B6801336A
:10B880001A463969786901F0FDF903461946786965
:10B89000FCF73CFC05463B695B681A4639697869E8
:10B8A000FCF71EFCF0EE407AB0EE670A294620460F
:10B8B000FCF7B6FE00F0FEBD3B695B6802331A463A
:10B8C0003969786901F0DEF9034619467869FCF7B1
:10B8D0001DFC04463B695B6801331A463969786987
:10B8E00001F0D0F9034619467869FCF70FFC0546CC
:10B8F0003B695B681A4639697869FCF7F1FBF0EE41
:10B90000407AB0EE670A29462046FCF7B8FE00F000
:10B91000D1BD3B695B6802331A463969786901F029
:10B92000B1F9034619467869FCF7F0FB04463B6918
:10B930005B6801331A463969786901F0A3F9034657
:10B9400019467869FCF7E2FB05463B695B681A46D5
:10B9500039697869FCF7C4FBF0EE407AB0EE670A0B
:10B9600029462046FCF7BAFE00F0A4BD3B695B689F
:10B9700009331A463969786901F084F90346194692
:10B980007869FCF7C3FB04463B695B6808331A46D9
:10B9900039697869FCF7A4FBB0EE408A3B695B68C3
:10B9A00007331A4639697869FCF79AFBF0EE408A4A
:10B9B0003B695B6806331A4639697869FCF790FB86
:10B9C000B0EE409A3B695B6805331A46396978697D
:10B9D000FCF786FBF0EE409A3B695B6804331A463D
:10B9E00039697869FCF77CFBB0EE40AA3B695B687B
:10B9F00003331A4639697869FCF772FBF0EE40AA06
:10BA00003B695B6802331A4639697869FCF768FB61
:10BA1000B0EE40BA3B695B6801331A463969786910
:10BA2000FCF75EFBF0EE40BA3B695B681A46396989
:10BA30007869FCF755FBF0EE407AB0EE674AF0EE1D
:10BA40006B3AB0EE4B3AF0EE6A2AB0EE4A2AF0EECC
:10BA5000691AB0EE491AF0EE680AB0EE480A2046BC
:10BA6000FCF76BFE00F026BD3B695B6801331A46AC
:10BA70003969786901F006F9034619467869FCF7D7
:10BA800045FB04463B695B681A4639697869FCF7EF
:10BA900027FBF0EE407AB0EE670A2046FCF78CFEFA
:10BAA00000F008BD3B695B6801331A463969786963
:10BAB00001F0E8F8034619467869FCF727FB0446CD
:10BAC0003B695B681A4639697869FCF709FBF0EE57
:10BAD000407AB0EE670A2046FCF78EFE00F0EABC22
:10BAE0003B695B6801331A463969786901F0CAF825
:10BAF000034619467869FCF709FB04463B695B6815
:10BB00001A463969786901F0BDF803461946786923
:10BB1000FCF7FCFA034619462046FCF78FFE00F0BE
:10BB2000C9BC3B695B6801331A463969786901F021
:10BB3000A9F8034619467869FCF7E8FA04463B6918
:10BB40005B681A463969786901F09CF80346194622
:10BB50007869FCF7DBFA034619462046FCF77CFEC1
:10BB600000F0A8BC3B695B6802331A463969786902
:10BB700001F088F8034619467869FCF7C7FA0446CD
:10BB80003B695B6801331A463969786901F07AF8D4
:10BB9000034619467869FCF7B9FA05463B695B68C4
:10BBA0001A463969786901F06DF8034619467869D3
:10BBB000FCF7ACFA03461A4629462046FCF7B6FEC7
:10BBC00000F078BC3B695B6802331A4639697869D2
:10BBD00001F058F8034619467869FCF797FA0446CD
:10BBE0003B695B6801331A463969786901F04AF8A4
:10BBF000034619467869FCF789FA05463B695B6894
:10BC00001A4639697869FCF76BFAF0EE407AB0EEC3
:10BC1000670A29462046FCF7FDFE00F04BBC3B6955
:10BC20005B6802331A463969786901F02BF80346DC
:10BC300019467869FCF76AFA04463B695B68013388
:10BC40001A463969786901F01DF803461946786982
:10BC5000FCF75CFA05463B695B681A463969786906
:10BC600001F010F8034619467869FCF74FFA0346CD
:10BC70001A4629462046FCF7F3FE00F01BBC3B6940
:10BC80005B6802331A463969786900F0FBFF0346A6
:10BC900019467869FCF73AFA04463B695B68013358
:10BCA0001A463969786900F0EDFF0346194678694C
:10BCB000FCF72CFA05463B695B681A4639697869D6
:10BCC00000F0E0FF034619467869FCF71FFA0346C7
:10BCD0001A4629462046FCF7F4FEEBE3A748FCF79A
:10BCE00021FFE7E33B695B6802331A4639697869EB
:10BCF00000F0C8FF04463B695B6801331A463969A6
:10BD0000786900F0BFFF05463B695B681A463969F0
:10BD1000786900F0B7FF03460022059200220492E2
:10BD200000220392002202920022019200932B46ED
:10BD3000224601219148F6F773FCBBE33B695B683F
:10BD40001A463969786900F09DFF02460023059381
:10BD50000023049300230393002302930023019301
:10BD600000230093002302218448F6F759FCA1E345
:10BD70003B695B6801331A463969786900F082FFD4
:10BD800004463B695B681A463969786900F07AFFB6
:10BD90000346002205920022049200220392002210
:10BDA000029200220192002200922246032173484F
:10BDB000F6F736FC7EE33B695B6801331A46396966
:10BDC000786900F05FFF04463B695B681A46396991
:10BDD000786900F057FF0346002205920022049282
:10BDE000002203920022029200220192002200927D
:10BDF000224604216148F6F713FC5BE33B695B686C
:10BE000002331A463969786900F03CFF04463B6901
:10BE10005B6801331A463969786900F033FF0546DB
:10BE20003B695B681A463969786900F02BFF034665
:10BE30000022059200220492002203920022029224
:10BE40000022019200932B46224605214B48F6F72B
:10BE5000E7FB2FE33B695B6802331A46396978696F
:10BE600000F010FF04463B695B6801331A463969EC
:10BE7000786900F007FF05463B695B681A46396937
:10BE8000786900F0FFFE034600220592002204922A
:10BE900000220392002202920022019200932B467C
:10BEA000224606213548F6F7BBFB03E33B695B6896
:10BEB00003331A463969786900F0E4FE05463B69A8
:10BEC0005B6802331A463969786900F0DBFE064682
:10BED0003B695B6801331A463969786900F0D2FE24
:10BEE00004463B695B681A463969786900F0CAFE06
:10BEF00003460022059200220492002203920022AF
:10BF000002920193009433462A4607211B48F6F714
:10BF100087FBCFE23B695B6803331A46396978696E
:10BF200000F0B0FE05463B695B6802331A4639698A
:10BF3000786900F0A7FE06463B695B6801331A4644
:10BF40003969786900F09EFE04463B695B681A46D1
:10BF50003969786900F096FE0346002205920022B6
:10BF6000049200220392002202920193009433462D
:10BF70002A4608210148F6F753FB9BE2245302248A
:10BF80003B695B6807331A463969786900F07AFEC5
:10BF900080463B695B6806331A463969786900F068
:10BFA00071FE81463B695B6805331A4639697869D9
:10BFB00000F068FE04463B695B6804331A46396941
:10BFC000786900F05FFE05463B695B6803331A46FB
:10BFD0003969786900F056FE06463B695B680233B2
:10BFE0001A463969786900F04DFEB8603B695B68B4
:10BFF00001331A463969786900F044FE78603B697C
:10C000005B681A463969786900F03CFE034605937F
:10C010007B680493BB6803930296019500944B469A
:10C0200042460921AA48F6F7FBFA43E23B695B68FE
:10C0300003331A463969786900F024FE05463B69E6
:10C040005B6802331A463969786900F01BFE0646C0
:10C050003B695B6801331A463969786900F012FE62
:10C0600004463B695B681A463969786900F00AFE44
:10C07000034600220592002204920022039200222D
:10C0800002920193009433462A460A219048F6F71B
:10C09000C7FA0FE23B695B6801331A463969786970
:10C0A00000F0F0FD04463B695B681A46396978691F
:10C0B00000F0E8FD034600220592002204920022CF
:10C0C0000392002202920022019200220092224654
:10C0D0000B217F48F6F7A4FAECE13B695B681A464E
:10C0E0003969786900F0CEFD0246002305930023EC
:10C0F000049300230393002302930023019300235E
:10C10000009300230C217248F6F78AFAD2E13B69CA
:10C110005B6807331A463969786900F0B3FD8046D9
:10C120003B695B6806331A463969786900F0AAFDF5
:10C1300081463B695B6805331A463969786900F0C6
:10C14000A1FD04463B695B6804331A463969786986
:10C1500000F098FD05463B695B6803331A46396970
:10C16000786900F08FFD06463B695B6802331A462A
:10C170003969786900F086FDB8603B695B68013316
:10C180001A463969786900F07DFD78603B695B6823
:10C190001A463969786900F075FD034605937B6896
:10C1A0000493BB6803930296019500944B46424664
:10C1B0000D214748F6F734FA7CE13B695B680333AD
:10C1C0001A463969786900F05DFD05463B695B6890
:10C1D00002331A463969786900F054FD06463B6916
:10C1E0005B6801331A463969786900F04BFD0446F3
:10C1F0003B695B681A463969786900F043FD03467C
:10C200000022059200220492002203920022029250
:10C210000193009433462A460E212D48F6F700FA82
:10C2200048E13B695B6801331A463969786900F077
:10C2300029FD04463B695B681A463969786900F054
:10C2400021FD03460022059200220492002203925F
:10C2500000220292002201920022009222460F2127
:10C260001B48F6F7DDF925E13B695B681A46396939
:10C27000786900F007FD024600230593002304932C
:10C2800000230393002302930023019300230093D0
:10C29000002310210E48F6F7C3F90BE13B695B68F8
:10C2A0001A463969786900F0EDFC024600230593CF
:10C2B000002304930023039300230293002301939C
:10C2C00000230093002317210148F6F7A9F9F1E0B4
:10C2D000245302243B695B6807331A46396978693D
:10C2E00000F0D0FC80463B695B6806331A4639692A
:10C2F000786900F0C7FC81463B695B6805331A46E4
:10C300003969786900F0BEFC04463B695B68043318
:10C310001A463969786900F0B5FC05463B695B68E7
:10C3200003331A463969786900F0ACFC06463B696C
:10C330005B6802331A463969786900F0A3FCB8607B
:10C340003B695B6801331A463969786900F09AFCE9
:10C3500078603B695B681A463969786900F092FC3D
:10C36000034605937B680493BB680393029601958B
:10C3700000944B46424618215348F6F751F999E08C
:10C380003B695B6803331A463969786900F07AFCC7
:10C3900005463B695B6802331A463969786900F0E3
:10C3A00071FC06463B695B6801331A463969786956
:10C3B00000F068FC04463B695B681A463969786995
:10C3C00000F060FC03460022059200220492002245
:10C3D0000392002202920193009433462A461921C7
:10C3E0003948F6F71DF965E03B695B6801331A4689
:10C3F0003969786900F046FC04463B695B681A4677
:10C400003969786900F03EFC03460022059200225B
:10C410000492002203920022029200220192002242
:10C42000009222461A212848F6F7FAF842E03B69C2
:10C430005B681A463969786900F024FC02460023DB
:10C440000593002304930023039300230293002306
:10C4500001930023009300231B211B48F6F7E0F80B
:10C4600028E03B695B681A463969786900F00AFC84
:10C470000346002B14BF01230023DBB219461248E8
:10C48000FCF762FB16E000BF14E000BF12E000BF43
:10C4900010E000BF0EE000BF0CE000BF0AE000BFEC
:10C4A00008E000BF06E000BF04E000BF02E000BFFC
:10C4B00000E000BF0023184607F58277BD46BDECBB
:10C4C000088BBDE8F08300BF2453022480B582B0FE
:10C4D00000AF78607A680E4B134480220021184622
:10C4E00007F0F8FF7B6803F5205340F2FF321A6033
:10C4F0007B684FF480520021184607F0EBFF7A6802
:10C50000044B134400221A6000BF0837BD4680BDAB
:10C51000A4AE010024AF010080B582B000AF786006
:10C520007B6803F580534FF400620021184607F042
:10C53000D1FF7A680E4B13444FF0FF321A607A68CD
:10C540000C4B134445221A607A680B4B1344442267
:10C550001A607A68094B13444FF0FF321A607A6808
:10C56000074B134414221A6000BF0837BD4680BD34
:10C5700028AF01002CAF010030AF01005CAF01001B
:10C5800060AF010090B585B000AF78600B46FB70DE
:10C590007868FFF79BFF7868FBF76CFD01467A68C7
:10C5A000424B134419607A68404B13441B68002BBC
:10C5B00077DD7868FBF72BFDB8600023FB60BA6875
:10C5C000FB6813441A4600217868FBF7FBFD03461D
:10C5D000002B14BF01230023DBB2002B1BD0BA6851
:10C5E000FB6813441A4600217868FBF7EBFD04460C
:10C5F000BA68FB68134403331A4600217868FBF7D6
:10C6000009FE034622460021786800F053F8FB68D3
:10C610000733FB60D3E77868FBF70AFD0346002B7E
:10C620000BDD7868FBF704FD01467A681F4B134465
:10C630001B68994201DA012300E00023002B30D06F
:10C640007B681B4C1C447868FBF7F2FC01467B6856
:10C6500003F520531B681A462046FBF797FBFB782F
:10C66000002B06D07A68124B13441846FBF7ABFB3D
:10C670000AE07B680E4818447A680C4B13441B6828
:10C680001A460021E4F79EFB7868FBF7E2FC0246BD
:10C690007B6803F520531B689A1A7B6803F52053C7
:10C6A0001A6000BF1437BD4690BD00BF24AF010023
:10C6B000A4AE010080B586B000AFF860B9607A60C2
:10C6C0003B607B68002B09DD7B68B3F5206F05DAE2
:10C6D000FB687A68396843F82210C8E27B6840F644
:10C6E0003122934258DD7B6840F6B142934253DCDD
:10C6F0007B68A3F632237B607B68002B00DA0F3364
:10C700001B117B617B691B017A68D31A3B613B6912
:10C71000002B09D13B6847F6F972934204D1FA68BD
:10C72000C04B134400221A607B694FF41C7202FB59
:10C7300003F30833BC4A134404331846E4F755FAAC
:10C740000346002B04D03B69002B01D1012300E0FC
:10C750000023002B11D07B694FF41C7202FB03F302
:10C760000833B14A1344181DFA68AE4B13441A68D3
:10C7700000233968E4F7FCF979E27B694FF41C7215
:10C7800002FB03F30833A84A134404333A683969B7
:10C790001846FCF704FA6AE27B6840F62E229342C0
:10C7A00000F3D4807B68B3F5206F67DA54E27B68CE
:10C7B000A3F6B2432E2B00F24F8201A252F823F0CF
:10C7C000A1C90108ADC90108B9C90108C5C9010855
:10C7D000D1C90108DDC90108E9C90108F5C9010885
:10C7E00059CC010859CC010859CC010859CC010891
:10C7F00059CC010859CC010875CA01087DCA010845
:10C8000085CA01088DCA010895CA01089DCA010898
:10C81000A5CA0108ADCA0108B5CA0108BDCA010808
:10C82000C5CA0108CDCA0108DFCA0108F1CA01085A
:10C8300003CB010815CB010827CB010839CB010830
:10C840004BCB01085DCB01086FCB010881CB010800
:10C8500093CB0108A5CB0108B7CB0108C9CB0108D0
:10C86000DBCB0108EDCB0108FFCB010811CC01089F
:10C8700023CC010835CC010847CC01087B68A3F51F
:10C8800020632E2B00F2E88101A252F823F000BFB2
:10C8900069CC010869CC010869CC010869CC0108A0
:10C8A00069CC010869CC010869CC010869CC010890
:10C8B00069CC010869CC010869CC010869CC010880
:10C8C00069CC010869CC010869CC010869CC010870
:10C8D00069CC010869CC010869CC010869CC010860
:10C8E00069CC010865C9010871C901087DC9010841
:10C8F00089C9010895C9010859CC010859CC01081A
:10C9000059CC010859CC010859CC010859CC01086F
:10C9100059CC010859CC010859CC010859CC01085F
:10C9200059CC010859CC010859CC010859CC01084F
:10C9300059CC010859CC010859CC010801CA010899
:10C940000DCA010819CA010869CA01087B68B3F554
:10C950004E6F00F381817B6840F6B2429342BFF68E
:10C9600026AF79E1FA68314B13443A681A607EE1E8
:10C97000FA682F4B13443A681A6078E1FA682D4B35
:10C9800013443A681A6072E1FA682B4B13443A6810
:10C990001A606CE1FA68234B13443A681A6066E146
:10C9A000FA68264B13443A681A6060E1FA68244B2F
:10C9B00013443A681A605AE1FA68224B13443A6801
:10C9C0001A6054E1FA68204B13443A681A604EE149
:10C9D000FA681E4B13443A681A6048E1FA681C4B27
:10C9E00013443A681A6042E1FA681A4B13443A68F1
:10C9F0001A603CE1FA68184B13443A681A6036E151
:10CA0000FA68164B13443A681A6030E1FA68144B1E
:10CA100013443A681A602AE1FA68124B13443A68E0
:10CA20001A6024E160AF0100787902242CAF010084
:10CA300030AF010034AF01005CAF01003CAF01003A
:10CA400040AF010044AF010048AF01004CAF01000E
:10CA500050AF010054AF010058AF010070AF0100AA
:10CA600074AF010078AF0100FA68834B13443A6851
:10CA70001A60FCE0814A3B685362F8E07F4A3B68F9
:10CA80009362F4E07D4A3B68D362F0E07B4A3B6806
:10CA90001363ECE0794A3B685363E8E0774A3B680C
:10CAA0009363E4E0754A3B68D363E0E0734A3B6814
:10CAB0001364DCE0714A3B685364D8E06F4A3B681A
:10CAC0009364D4E06D4A3B68D364D0E03868FBF7E8
:10CAD00056FAF0EE407A6A4BC3ED007AC7E0386848
:10CAE000FBF74DFAF0EE407A654BC3ED017ABEE0FC
:10CAF0003868FBF744FAF0EE407A614BC3ED027AF6
:10CB0000B5E03868FBF73BFAF0EE407A5C4BC3EDDA
:10CB1000037AACE03868FBF732FAF0EE407A584B13
:10CB2000C3ED047AA3E03868FBF729FAF0EE407A07
:10CB3000534BC3ED057A9AE03868FBF720FAF0EE24
:10CB4000407A4F4BC3ED067A91E03868FBF717FA4D
:10CB5000F0EE407A4A4BC3ED077A88E03868FBF77D
:10CB60000EFAF0EE407A464BC3ED087A7FE0386863
:10CB7000FBF705FAF0EE407A414BC3ED097A76E017
:10CB80003868FBF7FCF9F0EE407A3D4BC3ED0A7ACA
:10CB90006DE03868FBF7F3F9F0EE407A384BC3EDFF
:10CBA0000B7A64E03868FBF7EAF9F0EE407A344B30
:10CBB000C3ED0C7A5BE03868FBF7E1F9F0EE407A00
:10CBC0002F4BC3ED0D7A52E03868FBF7D8F9F0EE41
:10CBD000407A2B4BC3ED0E7A49E03868FBF7CFF96A
:10CBE000F0EE407A264BC3ED0F7A40E03868FBF751
:10CBF000C6F9F0EE407A224BC3ED107A37E0386880
:10CC0000FBF7BDF9F0EE407A1D4BC3ED117A2EE033
:10CC10003868FBF7B4F9F0EE407A194BC3ED127A9D
:10CC200025E03868FBF7ABF9F0EE407A144BC3ED22
:10CC3000137A1CE03868FBF7A2F9F0EE407A104B4B
:10CC4000C3ED147A13E03868FBF799F9F0EE407AF7
:10CC50000B4BC3ED157A0AE0BB68002B06D0796850
:10CC6000B868FBF76FF801E000BF00E000BF00BF4D
:10CC70001837BD4680BD00BF7CAF010050070324BC
:10CC8000A007032480B586B000AFF860B9607A6071
:10CC90007B68002B08DD7B68B3F5206F04DAFB6846
:10CCA0007A6853F822303FE37B6840F62E229342A5
:10CCB00000F3E2807B68B3F5206F75DA04E37B68EC
:10CCC000A3F6B243352B00F2FF8201A252F823F003
:10CCD0007BCF010885CF01088FCF010899CF0108CC
:10CCE000A3CF0108ADCF0108B7CF0108C1CF01081C
:10CCF00011D001081BD0010825D001082FD0010850
:10CD000039D0010843D001084DD0010853D00108A3
:10CD100059D001085FD0010865D001086BD0010827
:10CD200071D0010877D001087DD0010883D00108B7
:10CD300089D001088FD00108A1D00108B3D0010823
:10CD4000C5D00108D7D00108E9D00108FBD00108FF
:10CD50006DD101087FD1010891D10108A3D101084B
:10CD6000B5D10108C7D10108D9D10108EBD101081B
:10CD7000FDD101080FD2010821D2010833D20108E8
:10CD800045D2010857D2010869D201087BD20108B7
:10CD90008DD2010897D20108A1D20108ABD20108B7
:10CDA000B5D20108BFD201087B68A3F520632E2B02
:10CDB00000F28A8201A252F823F000BF93CE01084C
:10CDC0009DCE0108A7CE0108B1CE0108B9CE010859
:10CDD000C1CE0108C9CE0108D3CE0108DDCE0108BD
:10CDE000E7CE0108EFCE0108F7CE0108FFCE01081B
:10CDF00007CF01080FCF010817CF01081FCF010887
:10CE000027CF01082FCF010837CF01083FCF0108F6
:10CE100049CF010853CF01085DCF010867CF010852
:10CE200071CF0108C9D20108C9D20108C9D20108CD
:10CE3000C9D20108C9D20108C9D20108C9D2010862
:10CE4000C9D20108C9D20108C9D20108C9D2010852
:10CE5000C9D20108C9D20108C9D20108F3CF01081B
:10CE6000FDCF010807D00108CBCF0108D5CF0108BD
:10CE7000DFCF0108E9CF01087B6840F6E742934223
:10CE800000F322827B6840F6B2429342BFF617AFAE
:10CE90001AE29E48E4F77CF8034645E29B48E4F733
:10CEA00083F8034640E29948E4F78AF803463BE2F8
:10CEB000964BB3F9543037E2944BB3F9563033E222
:10CEC000924BB3F958302FE29048FBF790FE03469F
:10CED0002AE28E48FBF797FE034625E28B48FBF7D4
:10CEE0009EFE034620E2894BB3F950311CE2874B8A
:10CEF000B3F9523118E2854BB3F9543114E2834B44
:10CF0000B3F9443010E2814BB3F946300CE27F4B69
:10CF1000B3F9483008E27D4BB3F94A3004E27B4B69
:10CF2000B3F94C3000E2794BD3F84031FCE1774B58
:10CF3000D3F84431F8E1754BD3F84831F4E1FA689D
:10CF4000734B13441B68EFE1FA68724B13441B6880
:10CF5000EAE1FA68704B13441B68E5E1FA686F4B2D
:10CF600013441B68E0E1FA686D4B13441B68DBE176
:10CF7000FA686C4B13441B68D6E1FA686A4B134499
:10CF80001B68D1E1FA68694B13441B68CCE1FA686D
:10CF9000674B13441B68C7E1FA68664B13441B6870
:10CFA000C2E1FA68644B13441B68BDE1FA68634B45
:10CFB00013441B68B8E1FA68614B13441B68B3E182
:10CFC000FA68604B13441B68AEE1FA685E4B134489
:10CFD0001B68A9E1FA685D4B13441B68A4E1FA6879
:10CFE0005B4B13441B689FE1FA685A4B13441B6860
:10CFF0009AE1FA68584B13441B6895E1FA68574B5D
:10D0000013441B6890E1FA68554B13441B688BE18D
:10D010005448FBF745F9034686E15248FBF758F9B7
:10D02000034681E14F48FBF747F903467CE14D4851
:10D03000FBF75AF9034677E14A48FBF761F90346E3
:10D0400072E14848FBF768F903466DE1454B5B6ABE
:10D050006AE1444B9B6A67E1424BDB6A64E1414B06
:10D060001B6B61E13F4B5B6B5EE13E4B9B6B5BE19E
:10D070003C4BDB6B58E13B4B1B6C55E1394B5B6C1C
:10D0800052E1384B9B6C4FE1364BDB6C4CE1364B3D
:10D09000D3ED007AB0EE670AFAF784FF034643E166
:10D0A000314BD3ED017AB0EE670AFAF77BFF034606
:10D0B0003AE12D4BD3ED027AB0EE670AFAF772FF30
:10D0C000034631E1284BD3ED037AB0EE670AFAF755
:10D0D00069FF034628E1244BD3ED047AB0EE670ADA
:10D0E000FAF760FF03461FE11F4BD3ED057AB0EE60
:10D0F000670AFAF757FF034616E11B4BD3ED067A92
:10D10000B0EE670AFAF74EFF03460DE118EA022473
:10D1100038AF01002CAF010030AF010034AF010087
:10D120005CAF010060AF01003CAF010040AF010007
:10D1300044AF010048AF01004CAF010050AF010007
:10D1400054AF010058AF010070AF010074AF01008F
:10D1500078AF01007CAF010064AF010068AF01004F
:10D160006CAF010050070324A0070324704BD3EDDC
:10D17000077AB0EE670AFAF715FF0346D4E06C4B66
:10D18000D3ED087AB0EE670AFAF70CFF0346CBE05E
:10D19000674BD3ED097AB0EE670AFAF703FF03464F
:10D1A000C2E0634BD3ED0A7AB0EE670AFAF7FAFEF3
:10D1B0000346B9E05E4BD3ED0B7AB0EE670AFAF79F
:10D1C000F1FE0346B0E05A4BD3ED0C7AB0EE670A9D
:10D1D000FAF7E8FE0346A7E0554BD3ED0D7AB0EE23
:10D1E000670AFAF7DFFE03469EE0514BD3ED0E7A55
:10D1F000B0EE670AFAF7D6FE034695E04C4BD3ED46
:10D200000F7AB0EE670AFAF7CDFE03468CE0484B82
:10D21000D3ED107AB0EE670AFAF7C4FE034683E056
:10D22000434BD3ED117AB0EE670AFAF7BBFE034623
:10D230007AE03F4BD3ED127AB0EE670AFAF7B2FE0E
:10D24000034671E03A4BD3ED137AB0EE670AFAF772
:10D25000A9FE034668E0364BD3ED147AB0EE670AB8
:10D26000FAF7A0FE03465FE0314BD3ED157AB0EE3E
:10D27000670AFAF797FE034656E02D4B93F8703095
:10D28000002B01D001234FE000234DE02848FBF79D
:10D290006BF8034648E02648FBF776F8034643E080
:10D2A0002348FBF781F803463EE02148FBF78CF862
:10D2B000034639E01E48FBF797F8034634E01C4864
:10D2C000FBF7A2F803462FE07B6840F63122934239
:10D2D00022DD7B6840F6B14293421DDC7B68A3F6F9
:10D2E00032237B607B68002B00DA0F331B117B61DC
:10D2F0007B691B017A68D31A3B617B694FF41C720E
:10D3000002FB03F308330B4A13440433396918460C
:10D31000E3F798FC034607E0BB68002B03D079686D
:10D32000B868FAF70FFD002318461837BD4680BDD0
:10D33000A007032478790224B0B52DED028B92B0BA
:10D3400000AF7860396000233B643868E3F753FD31
:10D350000346002B08D03B6C5A1C3A6442F20F7211
:10D36000934201DC012300E00023002B02F0C7827E
:10D370003B681B68002B07DB3B681A687968C64B63
:10D380000B441B689A4205DB01213868FAF7ECFC74
:10D3900002F0B5BA3B681B687A681A4442F6040387
:10D3A00013441B787E2BD0D801A252F823F000BF83
:10D3B000ADD50108B7D50108EFD5010815D601088C
:10D3C0003BD6010845D7010873D70108A1D701084A
:10D3D000CFD70108FDD7010861D601089DD6010805
:10D3E000D5D601080DD701083DD80108EFD90108AD
:10D3F00027DA0108B7DA01081BDB0108A5DB010801
:10D40000E9DB01087BD80108BFD801082FD9010842
:10D4100079D901081BDD010833DD01084BDD010866
:10D4200063DD01087BDD010893DD0108ABDD010848
:10D43000C3DD0108DBDD0108F3DD01080DDE0108B5
:10D4400037DE010863DC0108A9DC010861DE0108A0
:10D45000ADDE0108F9DE010845DF010891DF0108B2
:10D46000DDDF01082BE0010879E00108CDE00108CB
:10D4700021E1010875E10108C9E101081DE2010887
:10D4800071E20108BFE2010819E301087BE301082A
:10D49000B1E30108DFE301080DE4010839E4010804
:10D4A00063E401087BE4010893E40108ABE40108AC
:10D4B000C3E40108DBE40108F3E401080BE501081B
:10D4C00023E5010871E50108D1E501081FE601081F
:10D4D0007FE60108D5E6010845E701089BE701085A
:10D4E0000BE8010869E80108D9E8010837E90108F3
:10D4F000A7E90108C1E901080DEA01085DEA010890
:10D50000A9EA0108F9EA010807EB010815EB01088F
:10D510007BEB0108DBEB010829EC010877EC010843
:10D52000C7EC010817ED01084DED010883ED010876
:10D53000D9ED010833EE01088DEE0108E3EE010894
:10D540003DEF010897EF0108EDEF010847F00108F2
:10D55000A1F001080BF101087BF101081DF201089F
:10D5600079F20108D9F201083DF3010899F30108A5
:10D57000F9F3010859F40108B5F4010815F501089B
:10D5800075F50108D1F5010831F6010891F6010899
:10D59000EDF601084DF70108ADF7010809F801089B
:10D5A00069F80108E9F101084BD301083B68002242
:10D5B0001A6102F0A2B93B685B685C1E3B685B685D
:10D5C0001A4639687868FFF75DFB034622463968DA
:10D5D0007868FFF76FF83B685B685A1E3B685A60D3
:10D5E0003B681B685A1C3B681A6002F086B93B68AE
:10D5F0005B685A1E3B685A603B685A68002339686A
:10D600007868FFF757F83B681B685A1C3B681A603C
:10D6100002F073B93B685B685A1E3B685A603B680E
:10D620005A68012339687868FFF744F83B681B683B
:10D630005A1C3B681A6002F060B93B685B685A1E6E
:10D640003B685A603B685A68022339687868FFF77C
:10D6500031F83B681B685A1C3B681A6002F04DB9F0
:10D660003B685B685A1E3B685A603B685C683B6875
:10D670001B6801331A4639687868FAF757FD034684
:10D68000224639687868FFF715F83B681B689A1CD2
:10D690003B681A6002F031B924AF01003B685B6857
:10D6A0005A1E3B685A603B685C683B681B680133E4
:10D6B0001A4639687868FAF75DFD034622463968EC
:10D6C0007868FEF7F7FF3B681B68DA1C3B681A6056
:10D6D00002F013B93B685B685A1E3B685A603B68AE
:10D6E0005C683B681B6801331A4639687868FAF74A
:10D6F00069FD0346224639687868FEF7DBFF3B6820
:10D700001B681A1D3B681A6002F0F7B83B685B683B
:10D710005A1E3B685A603B685C683B681B68013373
:10D720001A4639687868FAF775FD03462246396863
:10D730007868FEF7BFFF3B681B685A1D3B681A609C
:10D7400002F0DBB83B685C683B685B681A46396886
:10D750007868FFF797FA03460133224639687868FC
:10D76000FEF7A8FF3B681B685A1C3B681A6002F072
:10D77000C4B83B685C683B685B681A46396878687F
:10D78000FFF780FA03460233224639687868FEF7CD
:10D7900091FF3B681B685A1C3B681A6002F0ADB8E9
:10D7A0003B685C683B685B681A4639687868FFF7D5
:10D7B00069FA03460333224639687868FEF77AFF30
:10D7C0003B681B685A1C3B681A6002F096B83B68BD
:10D7D0005C683B685B681A4639687868FFF752FAFC
:10D7E00003460433224639687868FEF763FF3B68D6
:10D7F0001B685A1C3B681A6002F07FB83B685C6883
:10D800003B685B681A4639687868FFF73BFA05465B
:10D810003B681B6801331A4639687868FAF786FC5A
:10D8200003462B44224639687868FEF743FF3B687D
:10D830001B689A1C3B681A6002F05FB83B685B6823
:10D840005A1E3B685A603B685D683B689C683B6851
:10D850001B6801331A4639687868FAF767FC034693
:10D8600023442A4639687868FEF724FF3B681B6822
:10D870009A1C3B681A6002F040B83B685B685A1E0D
:10D880003B685A603B685C683B681B6801331A461A
:10D8900039687868FAF76EFC03461A463968786882
:10D8A000FFF7F0F90346224639687868FEF702FF71
:10D8B0003B681B68DA1C3B681A6002F01EB83B68C4
:10D8C0001B6801331A4639687868FAF753FC7864A4
:10D8D0003B681B6803331A4639687868FAF726FCF8
:10D8E000B861BB69013BBB63BB6B002B18DB3B68BA
:10D8F0005B685A1E3B685A603B685C687A6CBB6B1D
:10D9000013441A4639687868FFF7BCF90346224683
:10D9100039687868FEF7CEFEBB6B013BBB63E3E77B
:10D920003B681B681A1D3B681A6001F0E6BF3B6844
:10D930005B685A1E3B685A603B685D683B689C6840
:10D940003B681B6801331A4639687868FAF7EEFBC2
:10D95000034623441A4639687868FFF793F903466B
:10D960002A4639687868FEF7A5FE3B681B689A1C52
:10D970003B681A6001F0C1BF3B681B6801331A465F
:10D9800039687868FAF7D2FB78643B681B68023321
:10D990001A4639687868FAF7C9FBF861FB69013BF8
:10D9A0007B637B6B002B1BDB3B685B685A1E3B6811
:10D9B0005A603B685C683B689A687B6C1A447B6B76
:10D9C00013441A4639687868FFF75CF90346224623
:10D9D00039687868FEF76EFE7B6B013B7B63E0E79E
:10D9E0003B681B68DA1C3B681A6001F086BF3B6825
:10D9F0005C683B685B681A4639687868FFF742F9EB
:10DA000003461A4639687868FFF73CF90346224610
:10DA100039687868FEF74EFE3B681B685A1C3B6805
:10DA20001A6001F06ABF3B681B6801331A46396807
:10DA30007868FAF77BFBB8603B685B681A46396820
:10DA40007868FFF71FF978643B685C687A6CBB689C
:10DA50001344013B1A4639687868FFF713F9034607
:10DA6000224639687868FEF725FEBB68023B3B63B7
:10DA70003B6B002B18DB3B685B685A1E3B685A60A7
:10DA80003B685C687A6C3B6B13441A46396878686B
:10DA9000FFF7F8F80346224639687868FEF70AFE71
:10DAA0003B6B013B3B63E3E73B681B689A1C3B68AD
:10DAB0001A6001F022BF3B685B6801331A4639687F
:10DAC0007868FFF7DFF804463B685B681A463968F8
:10DAD0007868FFF7D7F80346224639687868FEF77A
:10DAE000E9FD3B685B685C1C3B685B681A4639680B
:10DAF0007868FFF7C7F80346224639687868FEF76A
:10DB0000D9FD3B685B685A1C3B685A603B681B68E0
:10DB10005A1C3B681A6001F0F0BE3B681B68013379
:10DB20001A4639687868FAF701FB38613B685A6829
:10DB30003B6913441A4639687868FFF7A3F878649C
:10DB40003B69013BFB62FB6A002B1FDB3B685A68A9
:10DB5000FB6A13441A4639687868FFF793F8F8604F
:10DB60007A6CFB6A1A44FB6839687868FEF7A2FD94
:10DB70003B685A68FB6A13445A1CFB68396878682A
:10DB8000FEF798FDFB6A013BFB62DCE73B685B68E4
:10DB90005A1C3B685A603B681B689A1C3B681A60B9
:10DBA00001F0ABBE3B685B6801331A4639687868A0
:10DBB000FFF768F804463B685B681A46396878687E
:10DBC000FFF760F80346224639687868FEF772FD71
:10DBD0003B685B689A1C3B685A603B681B685A1C30
:10DBE0003B681A6001F089BE3B681B6801331A4626
:10DBF00039687868FAF79AFA78613B685A687B69FD
:10DC000013441A4639687868FFF73CF878640023B3
:10DC1000BB62BA6A7B699A4215DA7A6CBB6AD4181D
:10DC20003B685A68BB6A13441A4639687868FFF73C
:10DC300029F80346224639687868FEF73BFDBB6A3F
:10DC40000133BB62E5E73B685A687B6901331A44DC
:10DC50003B685A603B681B689A1C3B681A6001F07D
:10DC60004CBE3B689C683B681B6801331A463968A8
:10DC70007868FAF75BFA03461C443B685B68591CFA
:10DC80003A6851601A4639687868FEF7FBFF034628
:10DC9000224639687868FEF70DFD3B681B689A1CC0
:10DCA0003B681A6001F029BE3B681B6801331A46C5
:10DCB00039687868FAF73AFA78643B681B68023387
:10DCC0001A4639687868FAF731FA386200237B62BD
:10DCD0007A6A3B6A9A4219DA3B689A687B6C1A4402
:10DCE0007B6AD4183B685B68591C3A6851601A46D5
:10DCF00039687868FEF7C6FF0346224639687868B7
:10DD0000FEF7D8FC7B6A01337B62E1E73B681B6866
:10DD1000DA1C3B681A6001F0F0BD3B685B685A1E74
:10DD20003B685A603B681B685A1C3B681A6001F0EC
:10DD3000E4BD3B685B689A1E3B685A603B681B68A1
:10DD40005A1C3B681A6001F0D8BD3B685B685A1CDE
:10DD50003B685A603B681B685A1C3B681A6001F0BC
:10DD6000CCBD3B685B689A1C3B685A603B681B688B
:10DD70005A1C3B681A6001F0C0BD3B685B68DA1C46
:10DD80003B685A603B681B685A1C3B681A6001F08C
:10DD9000B4BD3B685B681A1D3B685A603B681B68F2
:10DDA0005A1C3B681A6001F0A8BD3B685B685A1DAD
:10DDB0003B685A603B681B685A1C3B681A6001F05C
:10DDC0009CBD3B685B689A1D3B685A603B681B685A
:10DDD0005A1C3B681A6001F090BD3B685B68DA1D15
:10DDE0003B685A603B681B685A1C3B681A6001F02C
:10DDF00084BD3B685B6803F108023B685A603B687E
:10DE00001B685A1C3B681A6001F077BD3B681B68B1
:10DE100001331A4639687868FAF788F902463B6890
:10DE20005B681A443B685A603B681B689A1C3B68F5
:10DE30001A6001F062BD3B681B6801331A463968FD
:10DE40007868FAF797F902463B685B681A443B68C2
:10DE50005A603B681B68DA1C3B681A6001F04DBDD4
:10DE60003B685B685C1C3B685B6801331A46396839
:10DE70007868FEF707FF05463B685B681A46396815
:10DE80007868FEF7FFFE03462B442246396878681F
:10DE9000FEF710FC3B685B685A1C3B685A603B68A5
:10DEA0001B685A1C3B681A6001F027BD3B685B6821
:10DEB0005C1C3B685B6801331A4639687868FEF77A
:10DEC000E1FE05463B685B681A4639687868FEF7EC
:10DED000D9FE0346EB1A224639687868FEF7EAFB5A
:10DEE0003B685B685A1C3B685A603B681B685A1C5D
:10DEF0003B681A6001F001BD3B685B685C1C3B68D5
:10DF00005B6801331A4639687868FEF7BBFE054640
:10DF10003B685B681A4639687868FEF7B3FE0346CB
:10DF20002B40224639687868FEF7C4FB3B685B6883
:10DF30005A1C3B685A603B681B685A1C3B681A6055
:10DF400001F0DBBC3B685B685C1C3B685B680133D1
:10DF50001A4639687868FEF795FE05463B685B68A7
:10DF60001A4639687868FEF78DFE03462B43224631
:10DF700039687868FEF79EFB3B685B685A1C3B6813
:10DF80005A603B681B685A1C3B681A6001F0B5BCBC
:10DF90003B685B685C1C3B685B6801331A46396808
:10DFA0007868FEF76FFE05463B685B681A4639687D
:10DFB0007868FEF767FE03466B402246396878684A
:10DFC000FEF778FB3B685B685A1C3B685A603B680D
:10DFD0001B685A1C3B681A6001F08FBC3B685B6889
:10DFE0005C1C3B685B6801331A4639687868FEF749
:10DFF00049FE05463B685B681A4639687868FEF753
:10E0000041FE034605FA03F3224639687868FEF7B5
:10E0100051FB3B685B685A1C3B685A603B681B6855
:10E020005A1C3B681A6001F068BC3B685B685C1C6A
:10E030003B685B6801331A4639687868FEF722FE50
:10E0400005463B685B681A4639687868FEF71AFE31
:10E05000034645FA03F3224639687868FEF72AFB3F
:10E060003B685B685A1C3B685A603B681B685A1CDB
:10E070003B681A6001F041BC3B685B685C1C3B6814
:10E080005B6801331A4639687868FEF7FBFD054680
:10E090003B685B681A4639687868FEF7F3FD03460B
:10E0A0009D420CBF01230023DBB222463968786809
:10E0B000FEF700FB3B685B685A1C3B685A603B6894
:10E0C0001B685A1C3B681A6001F017BC3B685B6810
:10E0D0005C1C3B685B6801331A4639687868FEF758
:10E0E000D1FD05463B685B681A4639687868FEF7DB
:10E0F000C9FD03469D4214BF01230023DBB2224623
:10E1000039687868FEF7D6FA3B685B685A1C3B684A
:10E110005A603B681B685A1C3B681A6001F0EDBBF3
:10E120003B685B685C1C3B685B6801331A46396876
:10E130007868FEF7A7FD05463B685B681A463968B4
:10E140007868FEF79FFD03469D42B4BF012300237C
:10E15000DBB2224639687868FEF7ACFA3B685B6848
:10E160005A1C3B685A603B681B685A1C3B681A6023
:10E1700001F0C3BB3B685B685C1C3B685B680133B8
:10E180001A4639687868FEF77DFD05463B685B688E
:10E190001A4639687868FEF775FD03469D42D4BF7C
:10E1A00001230023DBB2224639687868FEF782FA41
:10E1B0003B685B685A1C3B685A603B681B685A1C8A
:10E1C0003B681A6001F099BB3B685B685C1C3B686C
:10E1D0005B6801331A4639687868FEF753FD0546D7
:10E1E0003B685B681A4639687868FEF74BFD034662
:10E1F0009D42CCBF01230023DBB2224639687868F8
:10E20000FEF758FA3B685B685A1C3B685A603B68EB
:10E210001B685A1C3B681A6001F06FBB3B685B6867
:10E220005C1C3B685B6801331A4639687868FEF706
:10E2300029FD05463B685B681A4639687868FEF731
:10E2400021FD03469D42ACBF01230023DBB22246E1
:10E2500039687868FEF72EFA3B685B685A1C3B68A1
:10E260005A603B681B685A1C3B681A6001F045BB4A
:10E270003B685B685C1C3B685B6801331A46396825
:10E280007868FEF7FFFC05463B685B681A4639680C
:10E290007868FEF7F7FC034603FB05F3224639686E
:10E2A0007868FEF707FA3B685B685A1C3B685A605F
:10E2B0003B681B685A1C3B681A6001F01EBB3B6838
:10E2C0005B681A4639687868FEF7DCFC78647B6C1A
:10E2D000002B01D101237B643B685B685C1C3B68BD
:10E2E0005B6801331A4639687868FEF7CBFC024652
:10E2F0007B6C92FBF3F3224639687868FEF7DAF913
:10E300003B685B685A1C3B685A603B681B685A1C38
:10E310003B681A6001F0F1BA3B685B681A463968DD
:10E320007868FEF7AFFC78647B6C002B01D1012389
:10E330007B643B685B685C1C3B685B6801331A4626
:10E3400039687868FEF79EFC03467A6C93FBF2F21C
:10E35000796C01FB02F29B1A224639687868FEF755
:10E36000A9F93B685B685A1C3B685A603B681B68AC
:10E370005A1C3B681A6001F0C0BA3B685C683B6895
:10E380005B681A4639687868FEF77CFC0346002B08
:10E390000CBF01230023DBB2224639687868FEF700
:10E3A00089F93B681B685A1C3B681A6001F0A5BAE2
:10E3B0003B685C683B685B681A4639687868FEF7BA
:10E3C00061FC0346DB43224639687868FEF772F940
:10E3D0003B681B685A1C3B681A6001F08EBA3B68A8
:10E3E0005C683B685B681A4639687868FEF74AFCE7
:10E3F00003465B42224639687868FEF75BF93B6862
:10E400001B685A1C3B681A6001F077BA3B689B682E
:10E410009A1C3B685A603B689A687B6853F82220D4
:10E420003B681A603B689B685A1C7B6853F8222043
:10E430003B689A6001F061BA3B681B6801331A4679
:10E4400039687868F9F772FE786402237A6C396863
:10E45000786801F081FA0346002B01F0358201F063
:10E460004EBA012300223968786801F075FA034634
:10E47000002B01F02C8201F042BA012301223968FD
:10E48000786801F069FA0346002B01F0238201F05D
:10E4900036BA012302223968786801F05DFA034632
:10E4A000002B01F01A8201F02ABA012303223968F5
:10E4B000786801F051FA0346002B01F0118201F057
:10E4C0001EBA012304223968786801F045FA034630
:10E4D000002B01F0088201F012BA012305223968ED
:10E4E000786801F039FA0346002B01F0FF8101F052
:10E4F00006BA012306223968786801F02DFA03462E
:10E50000002B01F0F68101F0FAB9012307223968E6
:10E51000786801F021FA0346002B01F0ED8101F04B
:10E52000EEB93B685B68591C3A6851601A46396815
:10E530007868FEF7A7FB78647B6C002B0DDD7B6CA5
:10E54000B3F5206F09DA7B687A6C53F82230591CD6
:10E550007B687A6C43F8221003E0796C3868F9F72D
:10E56000F1FB3B681B685A1C3B681A6001F0C5B997
:10E570003B685B68591C3A6851601A46396878688C
:10E58000FEF780FB78647B6C002B16DD7B6CB3F5AB
:10E59000206F12DA3B681B6801331A4639687868C5
:10E5A000F9F710FE01467B687A6C53F82230194463
:10E5B0007B687A6C43F8221003E0796C3868F9F7CD
:10E5C000C1FB3B681B681A1D3B681A6001F095B9D6
:10E5D0003B685B68591C3A6851601A46396878682C
:10E5E000FEF750FB78647B6C002B0DDD7B6CB3F584
:10E5F000206F09DA7B687A6C53F82230591E7B68E9
:10E600007A6C43F8221003E0796C3868F9F79AFBCA
:10E610003B681B685A1C3B681A6001F06EB93B6886
:10E620005B68591C3A6851601A4639687868FEF789
:10E6300029FB78647B6C002B16DD7B6CB3F5206FB7
:10E6400012DA3B681B6801331A4639687868F9F7B3
:10E65000B9FD01467B687A6C53F82230591A7B6801
:10E660007A6C43F8221003E0796C3868F9F76AFB9A
:10E670003B681B681A1D3B681A6001F03EB93B6895
:10E680005B681A4639687868FEF7FCFA78647B6C38
:10E69000002B14DD7B6CB3F5206F10DA3B685C68EF
:10E6A0007B687A6C53F82230581C7A68796C42F88F
:10E6B0002100224639687868FDF7FCFF03E0796C99
:10E6C0003868F9F73FFB3B681B685A1C3B681A60C7
:10E6D00001F013B93B685B681A4639687868FEF741
:10E6E000D1FA78647B6C002B21DD7B6CB3F5206F55
:10E6F0001DDA3B6859687B687A6C53F822300A4609
:10E7000039687868FDF7D6FF3B681B6801331A4605
:10E7100039687868F9F756FD01467B687A6C53F8DA
:10E72000223019447B687A6C43F8221003E0796C3C
:10E730003868F9F707FB3B681B681A1D3B681A60CD
:10E7400001F0DBB83B685B681A4639687868FEF709
:10E7500099FA78647B6C002B14DD7B6CB3F5206F29
:10E7600010DA3B685C687B687A6C53F82230581E7C
:10E770007A68796C42F82100224639687868FDF79A
:10E7800099FF03E0796C3868F9F7DCFA3B681B689D
:10E790005A1C3B681A6001F0B0B83B685B681A46C7
:10E7A00039687868FEF76EFA78647B6C002B21DD9F
:10E7B0007B6CB3F5206F1DDA3B6859687B687A6C17
:10E7C00053F822300A4639687868FDF773FF3B68D2
:10E7D0001B6801331A4639687868F9F7F3FC01467B
:10E7E0007B687A6C53F82230591A7B687A6C43F84C
:10E7F000221003E0796C3868F9F7A4FA3B681B68CB
:10E800001A1D3B681A6001F078B83B685B681A46CD
:10E8100039687868FEF736FA78647B6C002B18DD6F
:10E820007B6CB3F5206F14DA3B6858687B687A6CB0
:10E8300053F82230591C7B687A6C43F822107B68AD
:10E840007A6C53F82230024639687868FDF732FF57
:10E8500003E0796C3868F9F775FA3B681B685A1C55
:10E860003B681A6001F049B83B685B681A46396832
:10E870007868FEF707FA78647B6C002B21DD7B6CEF
:10E88000B3F5206F1DDA3B685C683B681B68013399
:10E890001A4639687868F9F795FC01467B687A6C06
:10E8A00053F8223019447B687A6C43F822107B6855
:10E8B0007A6C53F82230224639687868FDF7FAFE00
:10E8C00003E0796C3868F9F73DFA3B681B681A1D5C
:10E8D0003B681A6001F011B83B685B681A463968FA
:10E8E0007868FEF7CFF978647B6C002B18DD7B6CC1
:10E8F000B3F5206F14DA3B6858687B687A6C53F87C
:10E900002230591E7B687A6C43F822107B687A6C3F
:10E9100053F82230024639687868FDF7CBFE03E0F1
:10E92000796C3868F9F70EFA3B681B685A1C3B682B
:10E930001A6000F0E2BF3B685B681A463968786885
:10E94000FEF7A0F978647B6C002B21DD7B6CB3F5BE
:10E95000206F1DDA3B685C683B681B6801331A4610
:10E9600039687868F9F72EFC01467B687A6C53F8B1
:10E970002230591A7B687A6C43F822107B687A6CD3
:10E9800053F82230224639687868FDF793FE03E099
:10E99000796C3868F9F7D6F93B681B681A1D3B6833
:10E9A0001A6000F0AABF3B681B6801331A46396839
:10E9B0007868F9F707FC02463B681A6000F09DBFD3
:10E9C0003B685B68591C3A6851601A463968786838
:10E9D000FEF758F90346002B14BF01230023DBB2D6
:10E9E000002B0CD03B681B6801331A4639687868E5
:10E9F000F9F7E8FB02463B681A6000F07EBF3B680F
:10EA00001B681A1D3B681A6000F077BF3B685B68A3
:10EA10001A4639687868FEF735F90346002B14BFAB
:10EA200001230023DBB2002B0CD03B681B680133B1
:10EA30001A4639687868F9F7C5FB02463B681A60E0
:10EA400000F05BBF3B685B685A1C3B685A603B68E0
:10EA50001B681A1D3B681A6000F04FBF3B685B687B
:10EA6000591C3A6851601A4639687868FEF70AF905
:10EA70000346002B0CBF01230023DBB2002B0CD07C
:10EA80003B681B6801331A4639687868F9F79AFBC6
:10EA900002463B681A6000F030BF3B681B681A1DD5
:10EAA0003B681A6000F029BF3B685B681A4639680A
:10EAB0007868FEF7E7F80346002B0CBF012300231C
:10EAC000DBB2002B0CD03B681B6801331A46396857
:10EAD0007868F9F777FB02463B681A6000F00DBFD3
:10EAE0003B685B685A1C3B685A603B681B681A1D90
:10EAF0003B681A6000F001BF3B681B685A1C3B680A
:10EB00001A6000F0FABE3B681B685A1C3B681A602A
:10EB100000F0F5BE3B685B681A4639687868FEF716
:10EB2000B1F807EE900AF8EEE77AC7ED0F7A3B6886
:10EB30005B6801331A4639687868FEF7A3F8034624
:10EB400097ED0F0A1A4639687868F9F7B3FA3B6807
:10EB50005B68013397ED0F0A1A4639687868F9F750
:10EB6000A9FA3B685B685A1C3B685A603B681B68A3
:10EB70005A1C3B681A6000F0C0BE3B685B681A46CE
:10EB800039687868F9F7ACFAF0EE407AFDEEE77A8A
:10EB900017EE903A7B643B685B6801331A4639682C
:10EBA0007868FEF76FF802467B6C39687868FDF785
:10EBB00081FD3B685B685A1C7B6C39687868FDF79F
:10EBC00079FD3B685B685A1C3B685A603B681B6870
:10EBD0005A1C3B681A6000F090BE3B685B680133CA
:10EBE0001A4639687868FEF74DF804463B685B685A
:10EBF0001A4639687868FEF745F807EE900AF8EE8D
:10EC0000E77AB0EE670A224639687868F9F752FA6F
:10EC10003B685B689A1C3B685A603B681B685A1CDF
:10EC20003B681A6000F069BE3B685B6801331A46B6
:10EC300039687868FEF726F804463B685B681A4630
:10EC400039687868F9F74CFAF0EE407AFDEEE77A29
:10EC500017EE903A224639687868FDF72BFD3B683D
:10EC60005B689A1C3B685A603B681B685A1C3B688F
:10EC70001A6000F042BE3B689C683B681B68013329
:10EC80001A4639687868F9F751FA03461C443B681C
:10EC90005B68591C3A6851601A4639687868FDF714
:10ECA000F1FF07EE900AF8EEE77AB0EE670A224627
:10ECB00039687868F9F7FEF93B681B689A1C3B686D
:10ECC0001A6000F01ABE3B689C683B681B68013301
:10ECD0001A4639687868F9F729FA03461C443B68F4
:10ECE0005B68591C3A6851601A4639687868F9F7C8
:10ECF000F7F9F0EE407AFDEEE77A17EE903A224609
:10ED000039687868FDF7D6FC3B681B689A1C3B683D
:10ED10001A6000F0F2BD3B685C683B685B681A46AD
:10ED200039687868F9F7DCF9F0EE407AFDEEE77AB9
:10ED300017EE903A224639687868FDF7BBFC3B68CD
:10ED40001B685A1C3B681A6000F0D7BD3B685C68C2
:10ED50003B685B681A4639687868FDF793FF07EEF1
:10ED6000900AF8EEE77AB0EE670A224639687868CA
:10ED7000F9F7A0F93B681B685A1C3B681A6000F061
:10ED8000BCBD3B685B685C1C3B685B6801331A4632
:10ED900039687868F9F7A4F9B0EE408A3B685B6897
:10EDA0001A4639687868F9F79BF9F0EE407A78EE00
:10EDB000277AB0EE670A224639687868F9F77AF957
:10EDC0003B685B685A1C3B685A603B681B685A1C6E
:10EDD0003B681A6000F091BD3B685B685C1C3B6857
:10EDE0005B6801331A4639687868F9F779F9B0EE4B
:10EDF000408A3B685B681A4639687868FDF742FFCD
:10EE000007EE900AF8EEE77A78EE277AB0EE670A16
:10EE1000224639687868F9F74DF93B685B685A1CF7
:10EE20003B685A603B681B685A1C3B681A6000F0DC
:10EE300064BD3B685B685C1C3B685B6801331A46D9
:10EE400039687868FDF71EFF07EE900AB8EEE78A8A
:10EE50003B685B681A4639687868F9F741F9F0EE63
:10EE6000407A78EE277AB0EE670A224639687868E9
:10EE7000F9F720F93B685B685A1C3B685A603B68AD
:10EE80001B685A1C3B681A6000F037BD3B685B6822
:10EE90005C1C3B685B6801331A4639687868F9F78F
:10EEA0001FF9B0EE408A3B685B681A46396878689B
:10EEB000F9F716F9F0EE407A78EE677AB0EE670A65
:10EEC000224639687868F9F7F5F83B685B685A1CA0
:10EED0003B685A603B681B685A1C3B681A6000F02C
:10EEE0000CBD3B685B685C1C3B685B6801331A4681
:10EEF00039687868F9F7F4F8B0EE408A3B685B68E7
:10EF00001A4639687868FDF7BDFE07EE900AF8EEFC
:10EF1000E77A78EE677AB0EE670A22463968786851
:10EF2000F9F7C8F83B685B685A1C3B685A603B6855
:10EF30001B685A1C3B681A6000F0DFBC3B685B68CA
:10EF40005C1C3B685B6801331A4639687868FDF7DA
:10EF500099FE07EE900AB8EEE78A3B685B681A46AE
:10EF600039687868F9F7BCF8F0EE407A78EE677A9D
:10EF7000B0EE670A224639687868F9F79BF83B6873
:10EF80005B685A1C3B685A603B681B685A1C3B68AC
:10EF90001A6000F0B2BC3B685B685C1C3B685B6855
:10EFA00001331A4639687868F9F79AF8B0EE408A62
:10EFB0003B685B681A4639687868F9F791F8F0EEB3
:10EFC000407A68EE277AB0EE670A22463968786898
:10EFD000F9F770F83B685B685A1C3B685A603B68FD
:10EFE0001B685A1C3B681A6000F087BC3B685B6872
:10EFF0005C1C3B685B6801331A4639687868F9F72E
:10F000006FF8B0EE408A3B685B681A4639687868EA
:10F01000FDF738FE07EE900AF8EEE77A68EE277AF9
:10F02000B0EE670A224639687868F9F743F83B681A
:10F030005B685A1C3B685A603B681B685A1C3B68FB
:10F040001A6000F05ABC3B685B685C1C3B685B68FC
:10F0500001331A4639687868FDF714FE07EE900A06
:10F06000B8EEE78A3B685B681A4639687868F9F752
:10F0700037F8F0EE407A68EE277AB0EE670A22465B
:10F0800039687868F9F716F83B685B685A1C3B6882
:10F090005A603B681B685A1C3B681A6000F02DBC24
:10F0A0003B685B681A4639687868F9F719F887EDA4
:10F0B0000F0AD7ED0F7AF5EE407AF1EE10FA01D192
:10F0C0009D4BFB633B685B685C1C3B685B68013382
:10F0D0001A4639687868F9F703F8F0EE406AD7ED18
:10F0E0000F7A86EEA77AB0EE470A2246396878682A
:10F0F000F8F7E0FF3B685B685A1C3B685A603B6866
:10F100001B685A1C3B681A60F7E33B685B681A4649
:10F1100039687868FDF7B6FD78647B6C002B02D106
:10F12000854BFB6306E07B6C07EE903AF8EEE77ADE
:10F13000C7ED0F7A3B685B685C1C3B685B6801331A
:10F140001A4639687868F8F7CBFFF0EE406AD7EDD9
:10F150000F7A86EEA77AB0EE470A224639687868B9
:10F16000F8F7A8FF3B685B685A1C3B685A603B682D
:10F170001B685A1C3B681A60BFE33B685B681A4611
:10F1800039687868F8F7ACFF87ED0F0AD7ED0F7A8A
:10F19000F5EE407AF1EE10FA01D1674BFB633B6864
:10F1A0005B685C1C3B685B6801331A4639687868A9
:10F1B000FDF768FD07EE900AB8EEE77AD7ED0F7A13
:10F1C000C7EE276AB0EE660A224639687868F8F713
:10F1D00071FF3B685B685A1C3B685A603B681B6860
:10F1E0005A1C3B681A6088E33B685C683B685B6854
:10F1F0001A4639687868F8F773FFF0EE407AF1EE56
:10F20000677AB0EE670A224639687868F8F752FFE5
:10F210003B681B685A1C3B681A606EE33B685B687E
:10F220005C1C3B685B6801331A4639687868F8F7FC
:10F2300057FFB0EE408A3B685B681A4639687868C9
:10F24000F8F74EFFF0EE407AB4EE678AF1EE10FA6E
:10F250000CBF01230023DBB2224639687868FDF732
:10F2600029FA3B685B685A1C3B685A603B681B681C
:10F270005A1C3B681A6040E33B685B685C1C3B6857
:10F280005B6801331A4639687868F8F729FFB0EEF1
:10F29000408A3B685B681A4639687868FDF7F2FC7B
:10F2A00007EE900AF8EEE77AB4EE678AF1EE10FA0C
:10F2B0000CBF01230023DBB2224639687868FDF7D2
:10F2C000F9F93B685B685A1C3B685A603B681B68ED
:10F2D0005A1C3B681A6010E33B685B685C1C3B6827
:10F2E0005B6801331A4639687868FDF7CBFC07EE96
:10F2F000900AB8EEE78A3B685B681A463968786816
:10F30000F8F7EEFEF0EE407AB4EE678AF1EE10FA0E
:10F310000CBF01230023DBB2224639687868FDF771
:10F32000C9F93B685B685A1C3B685A603B681B68BC
:10F330005A1C3B681A60E0E2ACC527373B685B6843
:10F340005C1C3B685B6801331A4639687868F8F7DB
:10F35000C7FEB0EE408A3B685B681A463968786839
:10F36000F8F7BEFEF0EE407AB4EE678AF1EE10FADE
:10F3700014BF01230023DBB2224639687868FDF709
:10F3800099F93B685B685A1C3B685A603B681B688C
:10F390005A1C3B681A60B0E23B685B685C1C3B68C7
:10F3A0005B6801331A4639687868F8F799FEB0EE61
:10F3B000408A3B685B681A4639687868FDF762FCEA
:10F3C00007EE900AF8EEE77AB4EE678AF1EE10FAEB
:10F3D00014BF01230023DBB2224639687868FDF7A9
:10F3E00069F93B685B685A1C3B685A603B681B685C
:10F3F0005A1C3B681A6080E23B685B685C1C3B6897
:10F400005B6801331A4639687868FDF73BFC07EE04
:10F41000900AB8EEE78A3B685B681A4639687868F4
:10F42000F8F75EFEF0EE407AB4EE678AF1EE10FA7D
:10F4300014BF01230023DBB2224639687868FDF748
:10F4400039F93B685B685A1C3B685A603B681B682B
:10F450005A1C3B681A6050E23B685B685C1C3B6866
:10F460005B6801331A4639687868F8F739FEB0EE00
:10F47000408A3B685B681A4639687868F8F730FE5E
:10F48000F0EE407AB4EEE78AF1EE10FA4CBF0123B9
:10F490000023DBB2224639687868FDF70BF93B6838
:10F4A0005B685A1C3B685A603B681B685A1C3B6887
:10F4B0001A6022E23B685B685C1C3B685B68013356
:10F4C0001A4639687868F8F70BFEB0EE408A3B6858
:10F4D0005B681A4639687868FDF7D4FB07EE900A36
:10F4E000F8EEE77AB4EEE78AF1EE10FA4CBF0123AA
:10F4F0000023DBB2224639687868FDF7DBF83B6809
:10F500005B685A1C3B685A603B681B685A1C3B6826
:10F510001A60F2E13B685B685C1C3B685B68013326
:10F520001A4639687868FDF7ADFB07EE900AB8EE29
:10F53000E78A3B685B681A4639687868F8F7D0FD57
:10F54000F0EE407AB4EEE78AF1EE10FA4CBF0123F8
:10F550000023DBB2224639687868FDF7ABF83B68D8
:10F560005B685A1C3B685A603B681B685A1C3B68C6
:10F570001A60C2E13B685B685C1C3B685B680133F6
:10F580001A4639687868F8F7ABFDB0EE408A3B68F8
:10F590005B681A4639687868F8F7A2FDF0EE407AA1
:10F5A000B4EEE78AF1EE10FA94BF01230023DBB238
:10F5B000224639687868FDF77DF83B685B685A1C1D
:10F5C0003B685A603B681B685A1C3B681A6094E1B0
:10F5D0003B685B685C1C3B685B6801331A463968B2
:10F5E0007868F8F77DFDB0EE408A3B685B681A46A4
:10F5F00039687868FDF746FB07EE900AF8EEE77A7F
:10F60000B4EEE78AF1EE10FA94BF01230023DBB2D7
:10F61000224639687868FDF74DF83B685B685A1CEC
:10F620003B685A603B681B685A1C3B681A6064E17F
:10F630003B685B685C1C3B685B6801331A46396851
:10F640007868FDF71FFB07EE900AB8EEE78A3B6883
:10F650005B681A4639687868F8F742FDF0EE407A40
:10F66000B4EEE78AF1EE10FA94BF01230023DBB277
:10F67000224639687868FDF71DF83B685B685A1CBC
:10F680003B685A603B681B685A1C3B681A6034E14F
:10F690003B685B685C1C3B685B6801331A463968F1
:10F6A0007868F8F71DFDB0EE408A3B685B681A4643
:10F6B00039687868F8F714FDF0EE407AB4EEE78A1E
:10F6C000F1EE10FACCBF01230023DBB222463968E9
:10F6D0007868FCF7EFFF3B685B685A1C3B685A6030
:10F6E0003B681B685A1C3B681A6006E13B685B6814
:10F6F0005C1C3B685B6801331A4639687868F8F728
:10F70000EFFCB0EE408A3B685B681A46396878685F
:10F71000FDF7B8FA07EE900AF8EEE77AB4EEE78A5A
:10F72000F1EE10FACCBF01230023DBB22246396888
:10F730007868FCF7BFFF3B685B685A1C3B685A60FF
:10F740003B681B685A1C3B681A60D6E03B685B68E4
:10F750005C1C3B685B6801331A4639687868FDF7C2
:10F7600091FA07EE900AB8EEE78A3B685B681A46A2
:10F7700039687868F8F7B4FCF0EE407AB4EEE78ABE
:10F78000F1EE10FACCBF01230023DBB22246396828
:10F790007868FCF78FFF3B685B685A1C3B685A60CF
:10F7A0003B681B685A1C3B681A60A6E03B685B68B4
:10F7B0005C1C3B685B6801331A4639687868F8F767
:10F7C0008FFCB0EE408A3B685B681A4639687868FF
:10F7D000F8F786FCF0EE407AB4EEE78AF1EE10FA24
:10F7E000ACBF01230023DBB2224639687868FCF7FE
:10F7F00061FF3B685B685A1C3B685A603B681B684A
:10F800005A1C3B681A6078E03B685B685C1C3B688C
:10F810005B6801331A4639687868F8F761FCB0EE26
:10F82000408A3B685B681A4639687868FDF72AFAAF
:10F8300007EE900AF8EEE77AB4EEE78AF1EE10FAF6
:10F84000ACBF01230023DBB2224639687868FCF79D
:10F8500031FF3B685B685A1C3B685A603B681B6819
:10F860005A1C3B681A6048E03B685B685C1C3B685C
:10F870005B6801331A4639687868FDF703FA07EECA
:10F88000900AB8EEE78A3B685B681A463968786880
:10F89000F8F726FCF0EE407AB4EEE78AF1EE10FAC3
:10F8A000ACBF01230023DBB2224639687868FCF73D
:10F8B00001FF3B685B685A1C3B685A603B681B68E9
:10F8C0005A1C3B681A6018E000BFFDF73EBD00BF40
:10F8D000FDF73BBD00BFFDF738BD00BFFDF735BDEF
:10F8E00000BFFDF732BD00BFFDF72FBD00BFFDF724
:10F8F0002CBD00BFFDF729BD00BFFDF726BD483771
:10F90000BD46BDEC028BB0BD80B485B000AFF860E1
:10F91000B9607A603B60BB685B685A1EBB689968D7
:10F92000FB6843F82210BB685B689A1EFB68396865
:10F9300043F82210BB685B689A1EBB685A60BB68BC
:10F940005A68BB689A60BB687A681A6000BF14374F
:10F95000BD465DF8047B704780B586B000AFF860A7
:10F96000B9607A603B60BB685A687B6813441A468A
:10F97000B968F868FDF786F97861BB685B68032BA6
:10F9800004DDBB685B68B3F5206F07DDBB685B68AF
:10F990001946B868F8F7D6F9012324E07B69002BF3
:10F9A00013DA7B6923F000431A46B968F868F9F75F
:10F9B000A9FB0346002B01D0012314E0BB681A68A1
:10F9C0003B681A44BB681A600CE0BB681A683B6865
:10F9D0001A44BB681A60BB681B687A69B968F86822
:10F9E000FFF792FF002318461837BD4680BD80B44C
:10F9F00085B000AFF860B9607A603B60FA684AF29F
:10FA00001403134400221A60FA684AF214031344E0
:10FA10001A68F9684AF210030B441A60FB68BA6866
:10FA20001A60FB687A685A60FB683A689A60FB68FB
:10FA3000BA69DA6000BF1437BD465DF8047B7047D1
:10FA400080B483B000AF78607A684AF2140313443C
:10FA50004FF4A0521A6000BF0C37BD465DF8047B1E
:10FA6000704780B483B000AF78607A684AF21403BC
:10FA7000134400221A607A684AF2140313441A6885
:10FA800079684AF210030B441A6000BF0C37BD4678
:10FA90005DF8047B7047000080B582B000AF7860ED
:10FAA00039607B68012B07D13B684FF6FF729342A8
:10FAB00002D1034801F0C0FA00BF0837BD4680BD3F
:10FAC0005007032480B500AF4FF6FF710120FFF708
:10FAD000E3FF80BD80B489B000AFF86187ED060A0E
:10FAE000C7ED050A87ED041AC7ED031A87ED022A50
:10FAF000C7ED012AFB6993F87030002B09D0FB6930
:10FB0000D3ED197A97ED037AB4EEE77AF1EE10FAB5
:10FB100016DCFB69BA699A65FB697A69DA65FB6983
:10FB20003A691A66FB69FA685A66FB69BA689A66A6
:10FB3000FB697A68DA66FB69012283F8702000E0CD
:10FB400000BF2437BD465DF8047B704780B483B0A6
:10FB500000AF87ED010AD7ED017AF0EEE77AB0EE5B
:10FB6000670A0C37BD465DF8047B704780B483B0EC
:10FB700000AF87ED010AD7ED017A67EEA77AB0EE04
:10FB8000670A0C37BD465DF8047B704780B483B0CC
:10FB900000AF786000BF0C37BD465DF8047B70474E
:10FBA00080B52DED028BC0B000AFF86187ED060A7D
:10FBB000C7ED050A87ED041AC7ED031A87ED022A7F
:10FBC000C7ED012A3B4683ED003AFB69002283F82A
:10FBD00070203B461B68C7F8C43097ED310A02F02D
:10FBE0001BFA87ED300A97ED310A03F02DF887ED07
:10FBF0002F0AD7ED037A27EEA77AD7ED027A67EEC0
:10FC0000A77A37EE277AD7ED017A67EEA77A77EEF3
:10FC1000277AB0EE670A03F0DFF987ED2E0AD7EDF9
:10FC2000036A97ED2E7AC6EE877AC7ED037AD7ED91
:10FC3000026A97ED2E7AC6EE877AC7ED027AD7ED83
:10FC4000016A97ED2E7AC6EE877AC7ED017A97EDB5
:10FC5000067AD7ED307A27EE277AFB69D3ED006A72
:10FC6000D7ED057A76EEA76AD7ED2F7A66EEA77AFA
:10FC700077EE277AC7ED2D7AFB6993ED007AD7ED01
:10FC8000057A37EE277AD7ED307A27EE277AD7ED47
:10FC9000066AD7ED2F7A66EEA77A77EE677AC7ED18
:10FCA0002C7A3B69C7F8AC3097ED037AD7ED307A00
:10FCB00027EE277AD7ED026AD7ED2F7A66EEA77A7C
:10FCC00077EE277AC7ED2A7A97ED027AD7ED307A68
:10FCD00027EE277AD7ED036AD7ED2F7A66EEA77A5B
:10FCE00077EE677AC7ED297A7B68C7F8A030FB69A1
:10FCF00093ED0D7AFB69D3ED0C7A37EE677AF2EE6D
:10FD0000046AC7EE267AC7ED277AC84B1B78BFF383
:10FD10005B8FDBB203F00103002B0CBF0123002338
:10FD2000DBB2002B10D0C14802F026F90346002BAD
:10FD300014BF01230023DBB2002B05D0BC4801F027
:10FD400051F8BA4802F024F9B94801F059F80023F3
:10FD5000C7F8FC30D7F8FC300A2B00F3AE80FB6903
:10FD600093ED0C7AD7F8FC3007EE903AF8EEE76A9C
:10FD7000D7ED277A66EEA77A77EE277AC7ED267A4F
:10FD800097ED260A02F048F987ED250A97ED260A35
:10FD900002F05AFF87ED240AFB6993ED017AD7ED53
:10FDA0002C7A37EE277AD7ED257A27EE277AD7ED0A
:10FDB0002B6AD7ED247A66EEA77A37EE277AFB69AD
:10FDC000D3ED097A37EE678A97ED297AD7ED257A50
:10FDD00027EE277AD7ED286AD7ED247A66EEA77A40
:10FDE00077EE277AB0EE670AFFF7C0FEF0EE408AA2
:10FDF00097ED287AD7ED257A27EE277AD7ED296A6D
:10FE0000D7ED247A66EEA77A77EE677AB0EE670AC6
:10FE1000FFF7ACFEF0EE407A38EEE77AD7ED2A7ABB
:10FE200067EEA77A77EE677A28EE277AFB69D3ED3B
:10FE3000077A37EE678AFB6993ED087AD7ED296A6E
:10FE4000D7ED257A66EEA76A97ED286AD7ED247A72
:10FE500066EE277A76EEA77A67EE278A97ED287AFC
:10FE6000D7ED257A27EE277AD7ED296AD7ED247AC0
:10FE700066EEA77A77EE677AB0EE670AFFF776FE4E
:10FE8000B0EE407AD7ED2A7A67EEA77A77EE277A36
:10FE9000B0EE670A03F0A0F8B0EE407AC8EE877AB9
:10FEA00078EE677AB0EE670A614800F0B6FFD7F8DF
:10FEB000FC300133C7F8FC304CE75E4B1B78BFF3D6
:10FEC0005B8FDBB203F00103002B0CBF0123002387
:10FED000DBB2002B10D0574802F04EF80346002B3F
:10FEE00014BF01230023DBB2002B05D0524800F0E1
:10FEF000ABFF504802F04CF84F4800F0B3FF00232E
:10FF0000C7F8F830D7F8F830092B43DCD7F8F810E9
:10FF1000474800F0B4FFF0EE407AF5EEC07AF1EE1B
:10FF200010FA0DDDD7F8F83001331946404800F0DB
:10FF3000A6FFF0EE407AF5EEC07AF1EE10FA19D491
:10FF4000D7F8F8103A4800F09AFFF0EE407AF5EE54
:10FF5000C07AF1EE10FA0FD5D7F8F8300133194610
:10FF6000334800F08CFFF0EE407AF5EEC07AF1EE07
:10FF700010FA01DD012300E00023002B04D0D7F8A4
:10FF8000F8102D4800F08FFFD7F8F8300133C7F88C
:10FF9000F830B7E70023C7F8F430274800F098FF9F
:10FFA0000346002B0CBF01230023DBB2002B7AD0C9
:10FFB0000023C7F8F030D7F8F0300A2B2DDCD7F843
:10FFC000F0101B4800F05BFFF0EE407AB0EE670ADD
:10FFD000FFF7BCFDB0EE408AD7F8F410144800F0EB
:10FFE0004EFFF0EE407AB0EE670AFFF7AFFDF0EE9D
:10FFF000407AB4EEE78AF1EE10FA4CBF01230023F9
:020000040802F0
:10000000DBB2002B03D0D7F8F030C7F8F430D7F8C4
:10001000F0300133C7F8F030CDE7D7F8F4300A2BD1
:100020000CD10921044800F03EFF3CE044080324C1
:10003000140803247808032448080324D7F8F4306C
:10004000013B1946DC4800F01AFFF0EE407AB0EEB2
:10005000670AFFF77BFDB0EE408AD7F8F430013332
:100060001946D54800F00BFFF0EE407AB0EE670A73
:10007000FFF76CFDF0EE407AB4EEE78AF1EE10FA8D
:100080004CBF01230023DBB2002B07D0D7F8F4309C
:10009000013B1946C94800F006FF04E0D7F8F41008
:1000A000C64800F000FFC64B1B78BFF35B8FDBB286
:1000B00003F00103002B0CBF01230023DBB2002B54
:1000C00010D0BF4801F058FF0346002B14BF012396
:1000D0000023DBB2002B05D0BA4800F005FFB8487A
:1000E00001F056FFB74800F00DFF0023C7F8EC30D1
:1000F000B24800F0EDFE0246D7F8EC309342B4BFB0
:1001000001230023DBB2002B00F0C681FB6993EDD5
:100110000C8AD7F8EC10A94800F001FF07EE900A0E
:10012000B8EEE77AD7ED277A67EE277A78EE277A66
:10013000C7ED3A7A97ED3A7AD7ED277A77EE277AB4
:10014000C7ED397A97ED397AD7ED3A7A37EE677A93
:10015000F2EE046AC7EE267AC7ED0C7A964800F0F4
:100160004FFE0023C7F8E030D7F8E0300A2B00F349
:10017000AD80D7F8E03007EE903AB8EEE77AD7EDE9
:100180000C7A67EE277A97ED3A7A77EE277AC7ED01
:100190000B7A97ED0B0A01F03FFF87ED0A0A97ED06
:1001A0000B0A02F051FD87ED090AFB6993ED017A14
:1001B000D7ED2C7A37EE277AD7ED0A7A27EE277A11
:1001C000D7ED2B6AD7ED097A66EEA77A37EE277A54
:1001D000FB69D3ED097A37EE678A97ED297AD7ED77
:1001E0000A7A27EE277AD7ED286AD7ED097A66EEE4
:1001F000A77A77EE277AB0EE670AFFF7B7FCF0EE42
:10020000408A97ED287AD7ED0A7A27EE277AD7ED3C
:10021000296AD7ED097A66EEA77A77EE677AB0EEAB
:10022000670AFFF7A3FCF0EE407A38EEE77AD7EDE5
:100230002A7A67EEA77A77EE677A28EE277AFB6943
:10024000D3ED077A37EE678AFB6993ED087AD7ED2D
:10025000296AD7ED0A7A66EEA76A97ED286AD7ED84
:10026000097A66EE277A76EEA77A67EE278A97ED07
:10027000287AD7ED0A7A27EE277AD7ED296AD7EDC3
:10028000097A66EEA77A77EE677AB0EE670AFFF72B
:100290006DFCB0EE407AD7ED2A7A67EEA77A77EE5A
:1002A000277AB0EE670A02F097FEB0EE407AC8EE09
:1002B000877A78EE677AB0EE670A3F4800F0ADFDC6
:1002C000D7F8E0300133C7F8E0304DE70023C7F836
:1002D000F4300023C7F8DC30D7F8DC300A2B2DDCF3
:1002E000D7F8DC10344800F0CAFDF0EE407AB0EEEA
:1002F000670AFFF72BFCB0EE408AD7F8F4102E48BF
:1003000000F0BDFDF0EE407AB0EE670AFFF71EFC8C
:10031000F0EE407AB4EEE78AF1EE10FA4CBF01231A
:100320000023DBB2002B03D0D7F8DC30C7F8F43061
:10033000D7F8DC300133C7F8DC30CDE7D7F8F4303C
:10034000002B03D10123C7F8D83042E0D7F8F430AE
:100350000A2B03D10923C7F8D8303AE0D7F8F43094
:10036000013B1946144800F08AFDF0EE407AB0EEE9
:10037000670AFFF7EBFBB0EE408AD7F8F4300133A1
:1003800019460D4800F07BFDF0EE407AB0EE670AAA
:10039000FFF7DCFBF0EE407AB4EEE78AF1EE10FAFC
:1003A0004CBF01230023DBB2002B0DD0D7F8F43073
:1003B000013BC7F8D8300CE0140803244808032494
:1003C000A80803247C080324D7F8F4300133C7F8C5
:1003D000D830D7F8F43007EE903AB8EEE77AD7ED98
:1003E0000C7A67EE277A97ED3A7A77EE277AC7ED9F
:1003F0000B7AD7F8F420D7F8D8309A4218DDD7F81E
:10040000D83007EE903AB8EEE77AD7ED0C7A67EE7F
:10041000277A97ED3A7A77EE277AC7ED3A7A97ED11
:100420003A7AD7ED0C7A77EE277AC7ED397A17E06A
:10043000D7F8F43007EE903AB8EEE77AD7ED0C7AB9
:1004400067EE277A97ED3A7A77EE277AC7ED3A7A10
:1004500097ED3A7AD7ED0C7A77EE277AC7ED397AAD
:1004600097ED397AD7ED3A7A77EE677AB7EEE77A91
:100470009FED596BB4EEC67BF1EE10FA00D461E645
:1004800000BF97ED0B0A564800F059FDD7F8EC3045
:100490000133C7F8EC302BE6524B1B78BFF35B8F70
:1004A000DBB203F00103002B0CBF01230023DBB2FE
:1004B000002B10D04B4801F05FFD0346002B14BF0A
:1004C00001230023DBB2002B05D0474800F00CFDD0
:1004D000444801F05DFD444800F014FD0023C7F8D6
:1004E000D4303F4800F042FD0246D7F8D430934262
:1004F000B4BF01230023DBB2002B77D0D7F8D41090
:10050000374800F03FFDF0EE407AB0EE670A02F0A7
:10051000F7FA87ED0E0AD7ED297AB1EE677AD7EDB3
:10052000286AD7ED0E7A66EEA77A37EE678A97EDDE
:10053000297AD7ED0E7A67EE277A97ED287A77EE4B
:10054000677AB0EE670AFFF711FBF0EE406AD7ED6D
:100550002A7A27EEA77AD7ED0E7A67EEA77AB7EE5A
:10056000006A77EE867A67EE277A76EEA77AB0EEA3
:10057000670A02F031FDB0EE407AC8EE077AB0EEBD
:10058000670A01F025FE87ED0D0AFB69D3ED147AA9
:1005900097ED0D7AB4EEE77AF1EE10FA14DDFB690F
:1005A000D3ED157A97ED0D7AB4EEE77AF1EE10FA05
:1005B0000AD597ED0D0A0C4800F0C1FCD7F8D430ED
:1005C0000133C7F8D43004E0D7F8D410044800F061
:1005D000EDFC86E7AFF30080FCA9F1D24D62303F1D
:1005E0007C080324D8080324AC0803240023C7F89C
:1005F000D030C84800F0BAFC0246D7F8D030934259
:10060000B4BF01230023DBB2002B00F0DF83D7F857
:10061000D010C04800F0B6FCF0EE407AB0EE670AA9
:1006200001F0FAFC87ED230AD7F8D010B94800F0A2
:10063000A9FCF0EE407AB0EE670A02F005FB87ED08
:10064000220AD7ED2A7AB1EE677AD7ED286AD7ED7C
:10065000237A66EEA76A97ED296AD7ED227A66EECD
:10066000277A76EEE77AC7EE276AB0EE660A01F0DF
:10067000AFFD87ED210A97ED210A02F0E5FA87ED3B
:10068000200A97ED210A01F0C7FC87ED1F0AFB69DC
:1006900093ED037AD7ED207A27EE277AD7ED2D6AEE
:1006A000D7ED1F7A66EEA77A37EE277AD7ED2B6A59
:1006B000D7ED237A66EEA76AFB6993ED016AD7ED61
:1006C0002C7A36EE276AD7ED227A66EE277A76EE16
:1006D000E76AD7ED207A66EEA77A77EE277AC7ED3C
:1006E0001E7AFB6993ED067AFB69D3ED036AD7EDB9
:1006F0001F7A66EEA77A37EE277AD7ED2B6AD7ED09
:10070000237A66EEA76AFB6993ED016AD7ED2C7A2E
:1007100036EE276AD7ED227A66EE277A76EEE76A1A
:10072000D7ED1F7A66EEA77A37EE277AD7ED2D6AD6
:10073000D7ED207A66EEA77A37EE678AFB69D3EDAC
:10074000088AD7F8D010744800F01CFCF0EE407A0C
:10075000B0EE670A01F060FCB0EE407AC8EE877A2E
:1007600038EE278AFB6993ED017AD7ED2C7A37EEC4
:10077000277AD7ED237A27EE277AD7ED2B6AD7EDA4
:10078000227A66EEA77A37EE277AFB69D3ED097AEB
:1007900077EE678AD7F8D0105F4800F0F3FBF0EEF1
:1007A000407AB0EE670A02F0ABF9F0EE407A68EEFC
:1007B000A77A78EE277AC7ED1D7AD7ED1E7A27EE55
:1007C000A77AD7ED1D7A67EEA77A37EE277AFB690D
:1007D000D3ED056AFB69D3ED057A66EEA77A37EEAD
:1007E000277AFB69D3ED046AFB69D3ED047A66EEE0
:1007F000A77A77EE676AFB69D3ED057A37EEA77AB9
:10080000C6EE877AC7ED1C7AD7ED1E7A27EEA77A57
:10081000D7ED1C7A27EE277AD7ED1C7A27EE277AB8
:10082000D7ED1E7A67EEA76AD7ED1D7A67EEA77A35
:1008300076EEA76AD7ED1C7A27EEA76AD7ED1D7A68
:1008400067EEA77A76EE677A66EEA77A77EE677A32
:10085000C7ED1B7AD7ED1B7AF5EEC07AF1EE10FAF0
:1008600000DAADE2D7ED1E7AB1EE677AD7ED1C7AE9
:1008700027EE278A97ED1B0A02F0AEFBF0EE407AD6
:1008800078EE276AD7ED1E7A27EEA77AD7ED1D7A84
:1008900067EEA77A37EE277AC6EE877AC7ED1A7A1F
:1008A000D7ED1E7AB1EE677AD7ED1C7A27EE278A4C
:1008B00097ED1B0A02F090FBF0EE407A78EE676A43
:1008C000D7ED1E7A27EEA77AD7ED1D7A67EEA77AC5
:1008D00037EE277AC6EE877AC7ED197A97ED1A0AAE
:1008E000FFF734F9F0EE407AB7EE007AF4EEC77A0B
:1008F000F1EE10FA12D897ED190AFFF727F9F0EE8A
:10090000407AB7EE007AF4EEC77AF1EE10FA05D825
:10091000012304E07C080324AC0803240023002BFB
:1009200000F04B8297ED1A0A02F060FA87ED330A65
:1009300097ED190A02F05AFA87ED320A97ED1E7AFE
:10094000D7ED1A7A37EE277AD7ED1C7A77EE277A29
:10095000F1EE676A97ED1D7AC6EE877AC7ED187AD1
:1009600097ED1E7AD7ED197A37EE277AD7ED1C7AF4
:1009700077EE277AF1EE676A97ED1D7AC6EE877AF1
:10098000C7ED177A97ED180AFFF7E0F8F0EE407A16
:10099000B7EE007AF4EEC77AF1EE10FA94BF0123B5
:1009A0000023DBB2002B28D097ED180A02F0ECF9F7
:1009B00087ED160AD7ED337AF5EEC07AF1EE10FA2C
:1009C00008DD97ED167AD7ED337AB4EEE77AF1EEDB
:1009D00010FA0FDCD7ED337AF5EEC07AF1EE10FAAB
:1009E0000BD597ED167AD7ED337AB4EEE77AF1EEC0
:1009F00010FA02D5BB6DC7F8CC3097ED170AFFF798
:100A0000A5F8F0EE407AB7EE007AF4EEC77AF1EE90
:100A100010FA94BF01230023DBB2002B28D097EDFE
:100A2000170A02F0B1F987ED150AD7ED327AF5EE23
:100A3000C07AF1EE10FA08DD97ED157AD7ED327A2B
:100A4000B4EEE77AF1EE10FA0FDCD7ED327AF5EE7C
:100A5000C07AF1EE10FA0BD597ED157AD7ED327A10
:100A6000B4EEE77AF1EE10FA02D57B6DC7F8C83024
:100A7000FB6993ED058A97ED330A02F0E5F8F0EE95
:100A8000407A28EE277AD7ED1E7A77EE277AF1EEB4
:100A9000678AFB6993ED058A97ED330A01F0BCFA8A
:100AA000F0EE407A28EE277AD7ED1D7A77EE277A96
:100AB000F1EE677AF0EE670AB0EE680A02F0C8F964
:100AC000B0EE407AD7ED337A77EE677AC7ED147AD5
:100AD000FB6993ED058A97ED320A02F0B5F8F0EE66
:100AE000407A28EE277AD7ED1E7A77EE277AF1EE54
:100AF000678AFB6993ED058A97ED320A01F08CFA5B
:100B0000F0EE407A28EE277AD7ED1D7A77EE277A35
:100B1000F1EE677AF0EE670AB0EE680A02F098F933
:100B2000B0EE407AD7ED327A77EE677AC7ED137A76
:100B300097ED337AD7ED147A37EE277AD7ED217A0D
:100B400077EE677AC7ED127A97ED327AD7ED137A9E
:100B500037EE277AD7ED217A77EE677AC7ED117AEB
:100B6000FB69D3ED0E7A97ED127AB4EEE77AF1EEE7
:100B700010FA09D4FB69D3ED0F7A97ED127AB4EE2F
:100B8000E77AF1EE10FA01DD012300E0002387F897
:100B90004330FB69D3ED0E7A97ED117AB4EEE77A24
:100BA000F1EE10FA09D4FB69D3ED0F7A97ED117AC3
:100BB000B4EEE77AF1EE10FA01DD012300E0002344
:100BC00087F84230FB69D3ED107A97ED147AB4EED2
:100BD000E77AF1EE10FA09D4FB69D3ED117A97EDBB
:100BE000147AB4EEE77AF1EE10FA01DD012300E0A9
:100BF000002387F84130FB69D3ED107A97ED137A23
:100C0000B4EEE77AF1EE10FA09D4FB69D3ED117A6C
:100C100097ED137AB4EEE77AF1EE10FA01DD0123D5
:100C200000E0002387F84030FB69D3ED127A97ED9E
:100C3000337AB4EEE77AF1EE10FA09D4FB69D3ED1A
:100C4000137A97ED337AB4EEE77AF1EE10FA01DD1C
:100C5000012300E0002387F83F30FB69D3ED127ACF
:100C600097ED327AB4EEE77AF1EE10FA09D4FB6927
:100C7000D3ED137A97ED327AB4EEE77AF1EE10FA0B
:100C800001DD012300E0002387F83E3097F8433070
:100C9000002B04D097F84230002B40F0908097F85A
:100CA0004130002B04D097F84030002B40F0878073
:100CB00097F83F30002B03D097F83E30002B7ED1C1
:100CC00097F84330002B07D197F84130002B03D120
:100CD00097F83F30002B0BD097F84230002B6ED1A5
:100CE00097F84030002B6AD197F83E30002B66D140
:100CF00097F8433083F00103DBB2002B2AD097F83A
:100D0000413083F00103DBB2002B23D097F83F3052
:100D100083F00103DBB2002B1CD0D7F8D0102F4892
:100D200000F030F9B0EE408AD7F8D0102C4800F02F
:100D300029F9F0EE407AF0EE672A97ED332AD7EDE5
:100D4000141A97ED121AF0EE480A97ED310AF86975
:100D5000FEF7C0FE97F8423083F00103DBB2002BB0
:100D60002ED097F8403083F00103DBB2002B27D060
:100D700097F83E3083F00103DBB2002B20D0D7F888
:100D8000D010164800F0FEF8B0EE408AD7F8D01028
:100D9000134800F0F7F8F0EE407AF0EE672A97ED8E
:100DA000322AD7ED131A97ED111AF0EE480A97ED93
:100DB000310AF869FEF78EFE02E000BF00E000BFD6
:100DC000D7F8D0300133C7F8D03012E400BF07F5B0
:100DD0008077BD46BDEC028B80BD00BF7C0803243C
:100DE000AC08032480B483B000AF78607B68002235
:100DF0001A607B6818460C37BD465DF8047B704767
:100E000080B483B000AF78607B6800221A6000BFB6
:100E10000C37BD465DF8047B704780B483B000AFEB
:100E2000786087ED000A3A687B681B68581C79680F
:100E3000086079689B000B4404331A6000BF0C37CC
:100E4000BD465DF8047B704780B483B000AF786026
:100E50007B6800221A607B6818460C37BD465DF837
:100E6000047B704780B483B000AF78607B68002259
:100E70001A6000BF0C37BD465DF8047B704780B434
:100E800083B000AF786039607A683B689B00134498
:100E900004331B6807EE903AB0EE670A0C37BD4684
:100EA0005DF8047B704780B483B000AF7860396030
:100EB0003A687B681B68581C7968086079689B00F1
:100EC0000B445A6000BF0C37BD465DF8047B704789
:100ED00080B483B000AF78607B681B6818460C371D
:100EE000BD465DF8047B704780B483B000AF786086
:100EF0007B6800221A607B6818460C37BD465DF897
:100F0000047B704780B483B000AF78607B680022B8
:100F10001A6000BF0C37BD465DF8047B704780B493
:100F200083B000AF786039607A683B689B001344F7
:100F30005B6818460C37BD465DF8047B704780B48B
:100F400083B000AF786087ED000A3A687B681B6861
:100F5000581C7968086079689B000B4404331A6058
:100F600000BF0C37BD465DF8047B704780B483B08A
:100F700000AF78607B681B6818460C37BD465DF88B
:100F8000047B704780B483B000AF786039607A68C2
:100F90003B689B00134404331B6807EE903AB0EEA5
:100FA000670A0C37BD465DF8047B704780B483B098
:100FB00000AF786039603B6801333B607B681B6839
:100FC0003A689A4210DA3B68013B79683A689200C5
:100FD0000A440432126879689B000B4404331A6097
:100FE0003B6801333B60E9E77B681B685A1E7B68FE
:100FF0001A6000BF0C37BD465DF8047B704780B4B3
:1010000083B000AF786039607B689A693B68D31A17
:1010100018460C37BD465DF8047B704780B483B03A
:1010200000AF78607B68002BB8BF5B4218460C3776
:10103000BD465DF8047B704780B483B000AF786034
:101040007B6818460C37BD465DF8047B704780B559
:1010500088B000AFF860B9607A603B60FB68DB6B1A
:101060003A68D31AFB617B68002B05D07968F86970
:1010700000F006FA034600E0FB69BB617B68002BC9
:101080000AD07868FFF7CAFF03461A46B969F869BB
:1010900000F0B2F9034600E00023FA685361FB68F0
:1010A0005A69FB685A607B68002B08DAFB685B6949
:1010B0005A42FB685A61FB685A69FB685A60FB68D0
:1010C000DB6ABA69D21AFB689B6BD31A7B61BB6877
:1010D000002B05D0B968786900F0D2F9034600E02A
:1010E0007B693B61BB68002B0AD0B868FFF796FFAD
:1010F00003461A463969786900F07EF9034600E034
:101100000023FA689360BB68002B04DAFB689B68D5
:101110005A42FB689A60FB689B685A42FB681A61F6
:10112000FB68186BFB685B6B3A69194600F082F943
:101130000246FB68DA60FB68196BFB685B6B1A465A
:10114000386900F059F90246FB689B681A44FB684D
:101150009A60FB68596BFB681B6B1A46386900F094
:101160004BF90246FB681B691A44FB681A6100BF11
:101170002037BD4680BD80B58EB000AFF860B96045
:101180007A603B60FB68DB6B3A68D31A7B637B68F1
:10119000002B05D07968786B00F072F9034600E007
:1011A0007B6B3B637B68002B0AD07868FFF736FFC8
:1011B00003461A46396B786B00F01EF9034600E0CF
:1011C0000023FA685361FB685A69FB685A607B68C0
:1011D000002B08DAFB685B695A42FB685A61FB68BE
:1011E0005A69FB685A60FB681B6ABA68D31ABB600D
:1011F000FB68DB6A3A68D31AFB62B968F86A00F0E8
:101200003FF9B862BA68B96AF86A00F0F5F878622E
:10121000FB68DB6BFA6AD21AFB689B6BD31A3B62E2
:10122000FB68DB691A46396AB86A00F0E5F8F861CC
:10123000FB68DB69BA6A396A184600F0DDF8B86104
:10124000FB68186BFB685B6B3A6A194600F0F2F8B2
:101250000246FB68DA60FB68196BFB685B6B1A4639
:10126000386A00F0C9F80246FB689A60FB689A6821
:101270007B6AD21AFB69D21AFB689A60B969F8686E
:10128000FFF7BDFE7861FB68596BFB681B6B1A4664
:10129000386A00F0B1F80246FB681A61FB681A6907
:1012A0007B691A44FB681A6100BF3837BD4680BDB0
:1012B00080B582B000AF78607B681A6C7B689B6CED
:1012C000D21A7B681A627B68186A7B689A6B7B68A3
:1012D000DB6B1344194600F0D3F802467B68DA61F1
:1012E0007B68186A7B68D9697B689A6B7B68DB6B63
:1012F00013441A4600F080F80346C3F500527B6899
:101300009A6100BF0837BD4680BD000080B485B03B
:1013100000AF786039603B68002B02D14FF4005376
:1013200015E07B685A023B6892FBF3F3FB60FB68B5
:10133000002B04DB094AFB6852F8233006E0FB6807
:101340005B42064A52F82330C3F5005300BF1846EB
:101350001437BD465DF8047B704700BFA41D040828
:1013600080B582B000AF78607B68002B01DC002381
:101370003AE07B68012B01DC012335E07B68062B1A
:1013800001DC022330E07B680B2B01DC03232BE024
:101390007B68142B01DC042326E07B68202B01DC16
:1013A000052321E07B6840F6C412934208DC7B6889
:1013B0001B11023B7B600E4A7B6852F8233013E01E
:1013C0007B68B3F5B03F08DA7B68DB11133B7B60C9
:1013D000084A7B6852F8233006E07B681B121846E7
:1013E000FFF7BEFF03461B0118460837BD4680BD08
:1013F000A82504081828040880B584B000AFF86058
:10140000B9607A60BB6803FB03F2FB6803FB03F37C
:101410001A447B6803FB03F3D01AFB68BA6802FB2B
:1014200003F35B001946FFF771FF034618461037B8
:10143000BD4680BD80B584B000AFF860B9607A6009
:101440007A68B968F868FFF7D7FF0346C3F5005319
:1014500018461037BD4680BD80B582B000AF7860B9
:1014600039603B6803FB03F27B6803FB03F3D31A89
:101470001846FFF775FF034618460837BD4680BD7E
:1014800080B582B000AF786039607B6803FB03F2FF
:101490003B6803FB03F313441846FFF761FF034661
:1014A00018460837BD4680BD80B483B000AF786071
:1014B00039607B68B3F5806F01DB3B6809E07B68CE
:1014C000C3F30903064A52F823303A6802FB03F3D8
:1014D0009B1218460C37BD465DF8047B704700BF71
:1014E0006C65020880B500AF002213491348ECF781
:1014F000BDF80346002B01D0E5F74EF910490F481F
:10150000ECF7E4F80346002B01D0E5F745F90D4967
:101510000A48ECF705F80346002B01D0E5F73CF943
:101520000648ECF7FAF80346002B01D0E5F734F94A
:10153000E8F756F800BF80BD60010024240B0324A7
:10154000300000244C01002480B500AF0022054982
:101550000548EBF7FAFF05490348ECF714F80023B8
:10156000184680BD740E0324240B0324F40D0324B9
:1015700080B400AF00231846BD465DF8047B704779
:1015800080B483B000AF03463960FB711346BB8063
:10159000FB79232B4AD801A252F823F02D1602081A
:1015A0002D1602082D1602082D1602082D16020807
:1015B0002D1602082D1602082D1602082D160208F7
:1015C0002D1602082D1602082D1602082D160208E7
:1015D0002D1602082D1602082D1602082D160208D7
:1015E0002D1602082D1602082D1602082D160208C7
:1015F0002D1602082D1602082D1602082D160208B7
:101600002D1602082D1602082D1602082D160208A6
:101610002D1602082D1602082D1602082D16020896
:101620002D1602082D1602082D16020800BF0023F1
:1016300018460C37BD465DF8047B704780B582B014
:1016400000AF7860396079680548EBF79CFF044883
:10165000EBF7E2FF002318460837BD4680BD00BF08
:10166000240B032480B584B000AF78600B467B80E8
:101670000023FB730D4BD3F8BC32BB60BB68D3F8BF
:101680001432002B01D001230BE07B881A467968C5
:101690000648EBF75AFF0548EBF78EFF0346FB734E
:1016A000FB7B18461037BD4680BD00BF240B0324CA
:1016B00080B487B000AFF860B9601346FB710023B7
:1016C000FB7597F9173018461C37BD465DF8047B4B
:1016D0007047000080B483B000AF03463960FB71EF
:1016E0003B6812221A80034B18460C37BD465DF842
:1016F000047B70477C01002480B483B000AF0346B4
:101700003960FB713B6804221A80034B18460C3782
:10171000BD465DF8047B70479001002480B582B01F
:1017200000AF03463960FB71FB79002B05D13A68A5
:1017300007490848EDF723F804E03A6804490548EA
:10174000EDF71DF8024B18460837BD4680BD00BFB7
:10175000F40E0324EC54020880B582B000AF0346B7
:101760003960FB713A6804490448EDF708F8024B08
:1017700018460837BD4680BDF40E03240455020800
:1017800080B582B000AF03463960FB713B681A2216
:101790001A8000F043F8024B18460837BD4680BD5A
:1017A0009401002480B582B000AF03463960FB711C
:1017B000FB79002B05D13A6807490848ECF7DFFFB1
:1017C00004E03A6804490548ECF7D9FF024B184693
:1017D0000837BD4680BD00BFF40E0324185502082B
:1017E00080B582B000AF03463960FB71FB79002BF6
:1017F00005D13A6807490848ECF7C1FF04E03A68A8
:1018000004490548ECF7BBFF024B18460837BD46B4
:1018100080BD00BFF40E03242455020880B584B0B7
:1018200000AF0F4B1B68FB600E4B1B68BB600E4B81
:101830001B687B60FA687B681344FB60FB68002BC5
:1018400009D008220949F86800F014F80422084970
:10185000B86800F00FF800BF1037BD4680BD00BF6C
:1018600000E8F11F04E8F11F08E8F11F96010024C9
:10187000A601002480B487B000AFF860B9601346B9
:10188000FB710023FB750023FB7527E0FB681B0F32
:10189000092B0BD8FB681B0FDAB2FB7D5B001946E6
:1018A000BB680B443032D2B21A700AE0FB681B0FDF
:1018B000DAB2FB7D5B001946BB680B443732D2B20B
:1018C0001A70FB681B01FB60FB7D5B000133BA688B
:1018D000134400221A70FB7D0133FB75FA7DFB79FE
:1018E0009A42D3D300BF00BF1C37BD465DF8047BCE
:1018F0007047000080B483B000AF7860064B5B6D2A
:1019000023F4401204497B6813434B6500BF0C3736
:10191000BD465DF8047B70470044025880B400AFB8
:10192000054BDB68044A43F08073D36000BFBD46BB
:101930005DF8047B704700BF0048025880B58AB04C
:1019400000AF786007F1140300221A605A609A60B1
:10195000DA601A617B681B68214A93423CD14FF4DC
:101960000010FFF7C7FFFFF7D9FF1E4BD3F8E03099
:101970001C4A43F00103C2F8E0301A4BD3F8E030C0
:1019800003F001033B613B694FF4C0537B610223C9
:10199000BB610023FB6100233B620A237B6207F1EA
:1019A000140319461048E6F79BFA0E4BD3F8D830CB
:1019B0000C4A43F00063C2F8D8300A4BD3F8D83051
:1019C00003F00063FB60FB68002200216520E5F75F
:1019D000AAFA6520E5F7C1FA00BF2837BD4680BDE9
:1019E00000000840004402580000025880B582B050
:1019F00000AF78607B68D3F804247B6803F57173CB
:101A000019461046EBF7D4FE00BF0837BD4680BD2F
:101A100080B582B000AF78600B46FB707B68D3F86E
:101A20000404FA7879681346DB009B1A9B000B4488
:101A300003F502731A68FB781946EBF70EFF00BF37
:101A40000837BD4680BD80B582B000AF78600B46D8
:101A5000FB707B68D3F80404FA7879681346DB00DE
:101A60009B1A9B000B4448331A68FB781946EBF726
:101A700057FF00BF0837BD4680BD80B582B000AFBC
:101A800078607B68D3F804341846ECF76BF800BF35
:101A90000837BD4680BD80B584B000AF78600123B3
:101AA000FB737B68DB68002B02D10023FB7308E02B
:101AB0007B68DB68022B02D10123FB7301E0E4F7B2
:101AC0006BFE7B68D3F80434FA7B11461846ECF7BA
:101AD0000BF87B68D3F804341846EBF7B7FF00BF68
:101AE0001037BD4680BD000080B582B000AF786081
:101AF0007B68D3F804341846ECF706F87B681B685B
:101B000003F560631B687A68126802F5606243F04F
:101B1000010313607B681B6A002B05D0044B1B6913
:101B2000034A43F00603136100BF0837BD4680BD7A
:101B300000ED00E080B582B000AF78607B68D3F83C
:101B400004341846EBF7F6FF00BF0837BD4680BDEA
:101B500080B582B000AF78600B46FB707B68D3F82D
:101B60000434FA7811461846ECF744F800BF0837F9
:101B7000BD4680BD80B582B000AF78600B46FB707B
:101B80007B68D3F80434FA7811461846ECF70CF861
:101B900000BF0837BD4680BD80B582B000AF786019
:101BA0007B68D3F804341846ECF74AF800BF0837CE
:101BB000BD4680BD80B582B000AF78607B68D3F849
:101BC00004341846ECF747F800BF0837BD4680BD1F
:101BD00080B582B000AF78607B681B78002B3ED167
:101BE000214A7B68C2F804347B681F4AC3F8C422C8
:101BF0001D4B1E4A1A601C4B09225A601A4B0222C6
:101C0000DA60194B00221A61174B02229A61164BB7
:101C10000022DA61144B00221A62134B00225A622E
:101C2000114B00229A62104B0022DA620E4B002206
:101C30001A630D48E6F704FB0346002B01D0E4F7D6
:101C4000ABFD80210848E7F78AFC402200210648C6
:101C5000E7F73EFC802201210348E7F739FC002327
:101C600018460837BD4680BDF41003240000084024
:101C700080B584B000AF78600023FB730023BB7392
:101C80007B68D3F8C4321846E6F7FEFB0346FB73C5
:101C9000FB7B184600F042F90346BB73BB7B18463A
:101CA0001037BD4680BD80B584B000AF786008466F
:101CB00011461A460346FB700B46BB7013463B8029
:101CC0000023FB730023BB737B68D3F8C402BB788B
:101CD0003A88F978E7F703F80346FB73FB7B18466D
:101CE00000F01CF90346BB73BB7B18461037BD469A
:101CF00080BD80B584B000AF78600B46FB700023D8
:101D0000FB730023BB737B68D3F8C432FA781146A7
:101D10001846E7F74CF80346FB73FB7B184600F0C8
:101D2000FDF80346BB73BB7B18461037BD4680BD2C
:101D300080B584B000AF78600B46FB700023FB7366
:101D40000023BB737B68D3F8C432FA781146184677
:101D5000E7F724F90346FB73FB7B184600F0DEF837
:101D60000346BB73BB7B18461037BD4680BD80B5AC
:101D700084B000AF78600B46FB700023FB73002338
:101D8000BB737B68D3F8C432FA7811461846E7F77C
:101D900069F90346FB73FB7B184600F0BFF8034666
:101DA000BB73BB7B18461037BD4680BD80B485B081
:101DB00000AF78600B46FB707B68D3F8C432FB60E1
:101DC00097F90330002B0BDAFB7803F07F02F968F8
:101DD0001346DB009B1A9B000B443E331B780BE041
:101DE000FB7803F07F02F9681346DB009B1A9B0027
:101DF0000B4403F5FF731B7818461437BD465DF896
:101E0000047B704780B584B000AF78600B46FB70F0
:101E10000023FB730023BB737B68D3F8C432FA78CA
:101E200011461846E6F736FF0346FB73FB7B184660
:101E300000F074F80346BB73BB7B18461037BD46F1
:101E400080BD80B586B000AFF8607A603B600B461D
:101E5000FB720023FB750023BB75FB68D3F8C4023B
:101E6000F97A3B687A68E7F74FF80346FB75FB7D24
:101E7000184600F053F80346BB75BB7D184618376B
:101E8000BD4680BD80B586B000AFF8607A603B602B
:101E90000B46FB720023FB750023BB75FB68D3F870
:101EA000C402F97A3B687A68E6F7CBFF0346FB7514
:101EB000FB7D184600F032F80346BB75BB7D184623
:101EC0001837BD4680BD80B582B000AF78600B4644
:101ED000FB707B68D3F8C432FA7811461846E6F7EF
:101EE000FBFF034618460837BD4680BD80B483B06B
:101EF00000AF7860034B18460C37BD465DF8047B95
:101F0000704700BFDC08032480B483B000AF786062
:101F100000BF0C37BD465DF8047B704780B485B0C8
:101F200000AF0346FB710023FB73FB79032B17D82B
:101F300001A252F823F000BF491F02084F1F0208F8
:101F4000551F02085B1F02080023FB730BE00323ED
:101F5000FB7308E00123FB7305E00323FB7302E03E
:101F60000323FB7300BFFB7B18461437BD465DF8A7
:101F7000047B704700F012B80368DB0706D443788F
:101F800003B1FFDE012343701846704700207047FD
:101F900001230360704708B500F00EF802F084BA20
:101FA00008B5804702F046FA024B1868BFF35B8F12
:101FB000704700BFB001002408B5FFF7F5FFFFF739
:101FC000EFFFCB0712D421EE006B90ED1A5B90ED82
:101FD000187BA5EE017B90ED165B21EE061BA5EEAE
:101FE000060BA7EE010BB7EEC00B704790ED145B2C
:101FF00021EE016B90ED127B90ED0C0BA1EE057BB9
:1020000090ED0E5BA1EE050B90ED105B21EE061B33
:10201000A6EE050BE5E70000F8B510EE104AC4F394
:102020000A53B3F57D7FB7EEC06A0CD226EE061BCD
:10203000B3F5667F78D3B0EE460B3F480121BDE88B
:10204000F840FFF7BEBF40F22E42934226D83A4BEB
:1020500093ED087B26EE077BFDEEC77B03F1700056
:1020600017EE901A01F50001091607EE901A01F01B
:10207000030203EBC202B8EEE75B92ED000B93EDB7
:102080000A7B11F0020FA5EE476B81F0010108BF3A
:10209000184626EE061B20EE060BD0E7B3F5FF6FC1
:1020A0003ED2264BC4F3836203EB8200C4F31601D5
:1020B000C4F3C255066A006941F40001A94053F80F
:1020C0002250A1FB066705FB01F33A46E0FB012322
:1020D000111C43F100560020101A06F0404163EB3A
:1020E0000101DEF7DBFAB50F134B05EBD4749FED5E
:1020F000100B41EC170B04F0030203EBC20227EEB6
:10210000000B92ED007B20EE001B14F0020F03F198
:10211000700085F0010108BF184627EE000B8EE71E
:10212000BDE8F84000F044B8B7EE000AF8BD00BFC3
:10213000182D4454FB21193CE0360408803604086D
:1021400013B504468DED010A02F07CF99DED010AFC
:10215000046002B010BD30B1F1EE407A27EE800A83
:102160002220FFF7EDBFF0EE407AF7E79FED010A7E
:10217000FFF7F1BF000000109FED010AFFF7EBBF72
:102180000000201A9FED010AFFF7E5BF0000007074
:10219000B7EE000AFFEE007A002840FE277A9FED96
:1021A000030A222087EE800AFFF7CABF0000000062
:1021B000F0EE407A30EE407AF4EE677AF1EE10FA03
:1021C00087EE070A02D62120FFF7BABF704700004A
:1021D00038B510EE105A25F00044B4F1A14FF0EEDE
:1021E000407A0FDBB4F1FF4F04DD70EE007AB0EE01
:1021F000670A38BDDFED4D7A9FED4D0A002D77FE61
:10220000807AF4E74B4B9C4210DCB4F1445F0ADA6D
:102210009FED497A30EE077AF7EE006AB4EEE67A7F
:10222000F1EE10FAE3DC4FF0FF3313E000F05CF95D
:10223000424B9C424FDCA3F5D0039C4241DCF0EEC4
:10224000007ABFEE007AA0EE277A002330EE270A4C
:10225000C7EE007A5A1C67EEA76ADFED395A9FED88
:10226000396A9FED395A9FED390A26EEA67AA7EE14
:10227000256ADFED375AE6EE075A9FED366AA5EE7E
:10228000876ADFED355AE6EE075A9FED346AA5EE10
:10229000876ADFED335AE7EE055A9FED325AA5EE15
:1022A000875ADFED315AE5EE075AA5EE870A20EE90
:1022B000070AA6EE260A27EE800A21D177EEC07A19
:1022C00095E7F7EE007A30EE677A30EE270A0123C1
:1022D000C7EE007ABEE7254B9C420BDCF7EE087A8E
:1022E000B7EE007AA0EE277A022370EE676AC6EE98
:1022F000877AAFE7BFEE007AC7EE007A0323A9E73B
:102300001B4A1C4902EB830201EB830393ED007A25
:1023100030EE470A002D70EE677A92ED000A70EEFB
:10232000677AB8BFF1EE677A61E700BFDB0FC93F9C
:10233000DB0FC9BFFFFFDF3ECAF24971FFFF973FC6
:10234000D769853C59DA4B3D21A215BDCDCC4CBE99
:10235000356B883D6E2EBA3D2549123EABAAAA3E8A
:102360006BF16EBD95879DBD388EE3BDFFFF1B40B1
:10237000CC320408DC32040810EE103AC3F3C75222
:102380007F3A162A23F000412ADC002A11DADFED19
:10239000197A30EE270AB5EEC00AF1EE10FA05DD23
:1023A000002B23DB002918BF4FF07E5300EE103ABC
:1023B0007047114911410B42FAD0DFED0E7A30EE31
:1023C000270AB5EEC00AF1EE10FAEFDD002BC2BF0E
:1023D0004FF4000040FA02F29B1823EA0103E5E7FC
:1023E000B1F1FF4FE4D330EE000A70474FF00043E5
:1023F000DCE700BFCAF24971FFFF7F0010EE102A30
:1024000070B4C2F30A5340F22A44A342B7EEC06A42
:102410002AD912F5000F59D0B3F5FF6F03D330EE70
:10242000000A70BC7047DFED2B7AB4EEE70AF1EEDC
:1024300010FA03DD70BC0020FFF7A4BEDFED267AA2
:10244000B4EEE70AF1EE10FA03D570BC0020FFF7F6
:102450008DBEDFED227AB4EEE70AF1EE10FA03D575
:1024600070BC0020FFF788BE1D4BB7EE000B93ED4C
:102470004A5B93ED484BB0EE447BA5EE067B17EE2E
:10248000105A37EE447B05F01F0203EBC202D2E97B
:10249000004695EE067B93ED504B93ED4C5BA4EE1E
:1024A000070B93ED4E6B002318194FEAC53242EB30
:1024B0000601A5EE076B27EE075B41EC170BA6EEB6
:1024C000050B20EE070BB7EEC00BAAE79FED050A40
:1024D000A7E700BF1772B142B4F1CFC2CF8ECEC210
:1024E000F03204080000000010EE103A23F0004320
:1024F00000EE103A7047000010EE103AC3F3C752D6
:102500007F3A162A23F000412ADC002A11DADFED97
:10251000187A30EE270AB5EEC00AF1EE10FA05DDA2
:10252000002B23DA134A002918BF134600EE103A95
:102530007047114911410B42FAD0DFED0D7A30EEB0
:10254000270AB5EEC00AF1EE10FAEFDD002BBEBF90
:102550004FF4000040FA02F29B1823EA0103E5E77A
:10256000B1F1FF4FE4D330EE000A70470023DDE7FE
:10257000CAF24971000080BFFFFF7F0010EE103AE1
:1025800023F000420021B2F1FF4F016019DAC2B11D
:1025900013F0FF4F0AD1DFED0B7A60EE277A6FF070
:1025A000180117EE903A016023F000420168D2153D
:1025B00023F0FF437E3A43F07C530A4400EE103A86
:1025C000026070470000004C10B52DED028B0446F0
:1025D000B0EE408A01F01AFFB8B1B5EE408AF1EED4
:1025E00010FA12D0B0EE480A204600F019FAB0EE08
:1025F000408A01F00BFF20B1B5EE408AF1EE10FAEF
:1026000003D101F01FFF22230360B0EE480ABDECA6
:10261000028B10BD10EE103AB3F17E5F10B455D0AE
:10262000A3F50002B2F1FE4F1AD35A0004D15DF8AF
:10263000044B0120FFF7ACBDB3F1FF4F43D0002B9B
:1026400002DBB2F17F4F03D35DF8044BFFF7B0BD5F
:10265000DFED207A20EE270A10EE103AA3F138635E
:1026600003F140421C49BFEE000B02F54D02C2F3DC
:10267000C340D40D01EB0010E40590ED006B1B1B73
:1026800007EE903A91ED405BB7EEE77AD215A6EEF1
:10269000070B90ED026B07EE902A91ED444BB8EEDC
:1026A000E77BA7EE056B91ED467B20EE005BA4EE89
:1026B000007B91ED424B30EE060BA4EE057BA5EEC0
:1026C000070BB7EEC00B5DF8044B70479FED030A94
:1026D000F9E700BF0000004B383404080000000098
:1026E00010EE103AC3F3C7527F3A162A0ADC002ACA
:1026F00003DA03F00043036070470A4941FA02F22B
:10270000134206D103F0004380ED000A00EE103AB8
:10271000704723EA020307EE903A036030EE670A3F
:10272000704700BFFFFF7F00C0F3C7537E2B10DD53
:10273000962B0CDC0122C3F1960302FA03F35A1E16
:10274000024206D103420CBF022001207047022042
:102750007047002070470000F0B510EE101A10EE20
:10276000906AA1F500037200B3F1FE4F85B002F14B
:10277000FF306FF0807356D2984256D2002001F19C
:102780004042A34EBFEE006B02F54D02C2F3C347B9
:10279000D20D06EB0717D2058B1A97ED005B07EEFB
:1027A000903AD215B7EEE77AA5EE076B97ED025B8C
:1027B00026EE062B22EE021B07EE902A96ED404BEA
:1027C000B8EEE77B37EE057B96ED425B96ED443B3A
:1027D000A6EE045B96ED464BA6EE034B96ED483B0A
:1027E000B7EEE00AA6EE037BA2EE047BA5EE017B2A
:1027F00020EE070B10EE901A00230027C1F3CF3212
:1028000048F2BE069F4208BF964280F0B1809FED1D
:10281000787BB4EEC70BF1EE10FA79DD05B0BDE8B8
:10282000F040FFF7AFBC98422DD352B981F480033A
:102830005B0013F5000F40F2CD8030EE200A05B0AA
:10284000F0BDB1F17E5F05D186F48006760016F505
:10285000000FF0E74B00B3F17F4FEED8B2F17F4F9E
:10286000EBD1B3F1FE4F00F0B580B3F1FE4F6FEA4C
:10287000060634BF00230123F60FB34240F0AD80BB
:1028800020EEA00ADBE74F007A1E9A421CD30029F3
:1028900020EE000A0FDA10EE900AFFF745FF01283C
:1028A00009D1B1EE400A47B9002EC8DA05B0BDE83B
:1028B000F040FFF76DBC0020F5E7002EBFDAF7EE21
:1028C000007A87EE800ABAE700291FDA10EE900A34
:1028D000FFF72AFF20B905B0BDE8F040FFF768BC5C
:1028E000012814BF00204FF4803021F00041B1F5E1
:1028F000000FBFF444AFDFED477A20EE270A10EE59
:10290000103A23F00043A3F1386138E70020EEE7E6
:102910009FED397BB4EEC70BF1EE10FA10DD4FF0EE
:102920004C5300285CD10293DDED027AB7EE007AB9
:1029300077EE877AF4EE477AF1EE10FA7FF46EAF15
:102940009FED2F7BB4EEC70BF1EE10FA04D805B063
:10295000BDE8F040FFF70ABC9FED2B7BB4EEC70B40
:10296000F1EE10FA04D505B0BDE8F040FFF704BC65
:10297000294B93ED407B30EE076B8DED006B36EE0F
:10298000477B30EE477BDDE90067B7EE000B06F0D2
:102990001F0103EBC101D1E900CE93ED425B93ED42
:1029A000446B93ED464BA7EE056B27EE075B36189D
:1029B000002313EB0C044FEAC63141EB0E05A7EEE2
:1029C000040B45EC174BA6EE050B20EE070BB7EEFC
:1029D000C00B34E7B7EE000A31E79FED100A2EE78F
:1029E0000393DDED037ABFEE007A77EE677AA1E715
:1029F00071D5D1FFFFFF5F40E2AAA3FFFFFF5F4059
:102A00000000000000C062C00000000000A062C022
:102A1000583504080000004BF032040800000000A4
:102A200010EE103A33F0004224D0B2F1FF4F02D33F
:102A300030EE000A704713F0FF4F21D1294BDFED34
:102A40002A7A984220EE270A15DB10EE103AC3F3DB
:102A5000C752193A0244FE2A14DDDFED247ADFED75
:102A6000246A10EE103AB0EE677A002B67FEA67A61
:102A700027EE270A7047DFED1F7A20EE270A7047FE
:102A8000D20DE7E7002A06DD23F0FF4343EAC253F5
:102A900000EE103A704712F1160F19DA4CF250336B
:102AA000984210EE103A03F0004309DD9FED0F0A43
:102AB0009FED0F7AF0EE407A002B00FE070ADCE76C
:102AC0009FED0C0A9FED0C7AF0EE407A002BF4E7B4
:102AD000193223F0FF4343EAC253DFED087A07EED1
:102AE000103AC5E7B03CFFFF0000004CCAF2497144
:102AF000CAF249F16042A20D6042A28D000000338B
:102B000010EE103A07B5104A23F00043934205DC5B
:102B1000DFED0E0A012001F079FA04E0B3F1FF4F76
:102B200004DB30EE400A03B05DF804FB684600F0B9
:102B300035FE400000F00200DDED010A9DED000AC7
:102B4000C0F10100E7E700BFDA0F493F00000000D5
:102B500010B510EE104A24F00043B3F1FF4F2DEDF5
:102B6000028BB0EE407A0CDBB7EE000AC0EE077ABB
:102B7000002CACBF37EE800A37EEC00ABDEC028BEA
:102B800010BD1B4A934230DCB3F1105F06DAF7EE5A
:102B9000007A70EE277A27EE800AEFE7B3F17E5FC6
:102BA000B0EE008A12DBFFF79FFC30EE000A01F066
:102BB0000FFB30EE080AC8EE007AB7EE000A30EEDE
:102BC000670A002CB8BFB1EE400AD7E7FFF78CFCCC
:102BD000F8EE007A20EE270A01F0FAFA70EE087A91
:102BE000B1EE407A87EE270AEBE7B7EE000AE8E796
:102BF000FFFFAF41CB0712D421EE006B90ED1A5BC3
:102C000090ED187BA5EE017B90ED165B21EE061B87
:102C1000A5EE060BA7EE010BB7EEC00B704790EDCB
:102C2000145B21EE016B90ED127B90ED0C0BA1EE8D
:102C3000057B90ED0E5BA1EE050B90ED105B21EE98
:102C4000061BA6EE050BE5E7F7B510EE104AC4F338
:102C50000A53B3F57D7FB7EEC06AF0EE407A4FEAD3
:102C6000145218D226EE061BB3F5667F0AD212F470
:102C7000FF6F03D1B7EEC11B8DED011AB0EE670AED
:102C800003B0F0BD3E48B0EE460B002103B0BDE8F6
:102C9000F040FFF7AFBF40F22E42934224D8384BAA
:102CA00093ED087B26EE077BFDEEC77B03F17000FA
:102CB00017EE901A01F50001091607EE901A01F0BF
:102CC000030203EBC202B8EEE75B92ED000B93ED5B
:102CD0000A7B11F0020FA5EE476B08BF184626EEDF
:102CE000061B20EE060BD1E7B3F5FF6F3DD2254B57
:102CF000C4F3836203EB8200C4F31601066A006921
:102D0000C4F3C25541F40001A94053F82250A1FB7D
:102D1000066705FB01F33A46E0FB0123111C43F172
:102D200000560020101A06F0404163EB0101DDF768
:102D3000B5FCB50F124A05EBD4739FED0F0B41ECB8
:102D4000170B03F0030102EBC10127EE000B91ED1D
:102D5000007B20EE001B13F0020F02F170002946E9
:102D600008BF104627EE000B90E703B0BDE8F04027
:102D7000FFF71EBAAFF30080182D4454FB21193C15
:102D8000E03604088036040808B52DED028BB0EE5D
:102D9000408A00F047F9134B93F900300133F0EE0D
:102DA000408A1AD0B4EE488AF1EE10FA15D6B0EE89
:102DB000480AFFF799FBF7EE007AB4EEE70AF1EE66
:102DC00010FA0ADD01F03EFBBDEC028B212303600B
:102DD000BDE80840044801F027BBB0EE680ABDEC2E
:102DE000028B08BDB4010024653C040808B52DED34
:102DF000028BB0EE408A00F00FFA134B93F90030CB
:102E00000133F0EE408A1AD0B4EE488AF1EE10FA9F
:102E100015D6B0EE480AFFF767FBF7EE007AB4EE7E
:102E2000E70AF1EE10FA0ADD01F00CFBBDEC028BB3
:102E300021230360BDE80840044801F0F5BAB0EE74
:102E4000680ABDEC028B08BDB4010024653C04088F
:102E500000F0C8BA08B52DED028BB0EE408A00F044
:102E60005FFB114B93F900300133F0EE408A15D02F
:102E7000B4EE488AF1EE10FA10D6B0EE480AFFF729
:102E800033FBDFED0A7AB4EEE70AF1EE10FA05DD66
:102E900001F0D8FADFED068A22230360B0EE680A5B
:102EA000BDEC028B08BD00BFB4010024FCD4B242CB
:102EB0000000807F08B52DED028BF0EE408AB0EE69
:102EC000608A00F091FB0F4B93F90030013316D06C
:102ED000B4EE488AF1EE10FA11D6F4EE688AF1EEFB
:102EE00010FA0CD6DFED088AB4EE688AF1EE10FA1B
:102EF00005D101F0A7FA88EEA80A21230360BDECF2
:102F0000028B08BDB40100240000000008B52DEDBF
:102F1000028BB0EE408A00F0E9FB144B93F90030CD
:102F2000013314D0B4EE488AF1EE10FA0FD6B5EEA4
:102F3000C08AF1EE10FA0AD8B5EE408AF1EE10FA26
:102F400008D101F07FFA22239FED090A0360BDEC4E
:102F5000028B08BD01F076FABDEC028B21230360E1
:102F6000BDE80840034801F05FBA00BFB401002487
:102F7000000080FF653C040808B52DED028BF0EEE3
:102F8000408A00F047FD114B93F900300133B0EE59
:102F9000408A15D001F03AFA90B9B0EE680A01F013
:102FA00035FA68B101F04EFA9FED098A9FED090AE2
:102FB0002223F5EEC08AF1EE10FA036038FE008A93
:102FC000B0EE480ABDEC028B08BD00BFB40100247E
:102FD0000000807F000080FF08B52DED028BB0EE71
:102FE000408A00F085FD0D4B93F90030013311D07C
:102FF000B4EE488AF1EE10FA0CD6DFED098AB4EE91
:10300000E88AF1EE10FA05D501F01CFA88EEA80A5C
:1030100021230360BDEC028B08BD00BFB401002476
:103020000000000008B510EE103A23F00042B2F1A3
:103030007E5F2DED0C8B09D19FED660A9FED668AB0
:10304000002B30FE080ABDEC0C8B08BD04DD30EE11
:10305000408A88EE080AF6E7B2F17C5F3EDAB2F108
:103060000C5F40F3B38060EE007ADFED5C6A9FEDA9
:103070005C7A9FED5C6A9FED5C8AA7EEA67ADFED35
:103080005B6AE7EE276A9FED5A7AA6EEA77ADFED34
:10309000596AE7EE276A9FED587AA6EEA77ADFED28
:1030A000576AA7EEA66ADFED566AE6EE276A9FED3D
:1030B000556AA6EEA76AF7EE006AE6EE276A27EEE3
:1030C000277AF0EE667AC7EE276ADFED4F7AA0EE38
:1030D000668A30EE480A37EEC00AB4E7002BDFED0F
:1030E0003FDADFED3FCA9FED41CADFED41BA9FED08
:1030F00041BADFED418A9FED41DADFED3AAA9FED5B
:1031000040AADFED409AB7EE009AF6EE007A28DA90
:1031100030EE090A20EE270AE0EE2DCAE0EE0DAAF5
:10312000ACEE80CAAAEE80AAECEE00BAEAEE009AF3
:10313000ABEE80BAA9EE809AEBEE008A68EE808A48
:1031400000F0D6FC88EE897ADFED307AE0EE077A7F
:10315000B0EE007A77EE807A9FED2D0AA7EEC70ACF
:1031600071E739EE408A28EE278AB0EE480A00F06F
:10317000BFFCE8EE2DCAE8EE0DAAACEE88CAAAEEB6
:1031800088AAECEE08BA10EE103AABEE88BA23F437
:103190007F6323F00F03EAEE089A07EE903AEBEE16
:1031A000088AB0EE486AA7EEE76AA9EE889A70EE40
:1031B000276A68EE888A86EE267AC8EE896AA0EECB
:1031C000267A37EE870A30EE000A3CE79FED110AB7
:1031D00039E700BF00000000DB0F494008EF11385D
:1031E000047F4F3A613330BF6821A233461124BDBA
:1031F000A80A4E3E90B0A6BEABAA2A3E2EC69D3D62
:103200002D57014039D119C0DA0FC93F6821A2B347
:10321000DA0F4940DB0FC93F38B510EE105A25F0E0
:103220000044B4F17E5F2DED048B0CD1DFED5D7AAF
:103230009FED5D7A60EE277AE0EE077AB0EE670ADE
:10324000BDEC048B38BD04DD70EE407A87EEA70A32
:10325000F6E7B4F17C5FF7EE008A0BDAB4F1485F71
:1032600052DADFED527A70EE277AF4EEE87AF1EE78
:1032700010FAE5DCFFF738F938EEC00AB6EE008A3E
:1032800020EE088ADFED4A7A9FED4A7A9FED4A9A4E
:10329000A8EE277ADFED497AE7EE087A9FED487AC3
:1032A000A7EE887ADFED477AE7EE087A9FED467A57
:1032B000A7EE889ADFED457AE8EE077A9FED447A2B
:1032C000A7EE887ADFED437AE7EE087AB0EE480A97
:1032D000E7EE888A00F00CFC3F4B29EE089A9C42EE
:1032E00089EE286AF0EE006A3DDDA0EE060ADFED09
:1032F0003B7AE0EE267A9FED2C0A30EE670A002D2D
:10330000D8BFB1EE400A9BE760EE007ADFED286A95
:103310009FED287A9FED2C6AA7EEA67ADFED276A4B
:10332000E7EE276A9FED267AA6EEA77ADFED256AFB
:10333000E7EE276A9FED207AA6EEA77ADFED236AF3
:10334000E7EE866A9FED226AA6EEA76ADFED216AA4
:10335000E6EE276A27EE277AE6EEA78AC7EE287AF6
:10336000A0EE270A6CE710EE103A23F47F6323F0F7
:103370000F0307EE103AA7EE478A70EE077A30EE99
:10338000000AC8EE275ADFED077AE5EEE67AD0EEBE
:10339000067A9FED130AB0EE406AA7EE666A77EEF2
:1033A000C67AAAE72EBD3BB3DB0FC93FCAF249710B
:1033B00008EF1138047F4F3AABAA2A3E461124BDCC
:1033C000A80A4E3E90B0A6BE2EC69D3D613330BFCA
:1033D0002D57014039D119C09999793F2EBD3B3302
:1033E000DB0F493F10EE902A22F00041B1F1FF4F70
:1033F00010B5F0EE407A06DC10EE100A20F0004323
:10340000B3F1FF4F04DD77EEA07AB0EE670A10BD8E
:10341000B2F17E5F03D1BDE81040FEF7D9BE94172C
:1034200004F0020444EAD0743BB9022C5CD09FED56
:10343000337A032C47FE007AE7E739B9DFED307ABB
:103440009FED300A002867FE807ADEE7B1F1FF4F7A
:1034500010D1B3F1FF4F04F1FF3407D1022C46D84D
:10346000294B03EB8404D4ED007ACEE7022C41D83B
:10347000264BF6E7B3F1FF4FE0D05B1AB3F1F45FF0
:103480004FEAE3511ADA002A01DA3C3119DB87EE00
:10349000A00AFFF729F8FEF79BFEF0EE407A012C18
:1034A00012D0022C17D0002CAFD09FED190A77EE66
:1034B000807A9FED180A77EEC07AA6E7DFED107AE2
:1034C000EDE7DFED157AEAE717EE903A03F10043F6
:1034D00007EE903A99E79FED0E0A77EE807A9FED1E
:1034E0000D0A70EE677A90E7DFED0A7A8DE7DFED7F
:1034F0000B7A8AE7DFED087A87E700BFDB0F49C068
:10350000DB0FC93FDB0FC9BFC0370408CC37040845
:103510002EBDBB33DB0F494000000000DB0F493FED
:1035200010B510EE104A24F00044B4F1FF4F2DED19
:10353000028B04DB20EE000ABDEC028B10BD254B94
:103540009C4215DCFEF7D0FF00F042FEF7EE006A69
:10355000B4F1105FF0EE407A30EE260AECDB27EE95
:10356000A77A70EE007A87EE270A30EE260AE3E7A4
:10357000194B9C420CDCFEF7B7FFFEF73FFFB6EE9F
:10358000007AC7EE007AE0EE077AB0EE670AD3E77A
:10359000124B9C4208DCFEF7A7FFFEF72FFFF6EE6A
:1035A000007A20EE270AC7E70D4B9C420CDCFEF7A1
:1035B0009BFFB6EE008A20EE080AFEF71FFF20EE02
:1035C000088A28EE000AB7E79FED060A20EE000AF7
:1035D000B2E700BF1772B13EFFFFAF411772B142B1
:1035E000FCD4B242CAF24971F0B510EE906A36F0DE
:1035F000004509D010EE102A22F00043B3F1FF4F2E
:1036000002DAB5F1FF4F04DD60EE200A80EEA00A79
:10361000F0BDAB42FCDB02F0004406D1324AE30FBE
:1036200002EB830393ED000AF2E712F0FF4F3FD164
:1036300019026FF07D00002937DC16F0FF4F3DD1F5
:103640002F026FF07D01002F35DA10F17E0FBBBF26
:103650006FF07D02121AC2F316039340A8BF43F421
:10366000000311F17E0FB5BF6FF07D02C6F31605A2
:10367000521A45F40005B8BF9540401A5A1B00BBCA
:1036800013EA220338BF1346002BC7D0B3F5000F4F
:103690001FDB11F17E0F1FDBA3F500037F312343F6
:1036A00043EAC15300EE103AB2E701384900C2E7DD
:1036B000D8157F38C1E701397F00C4E7E9157F39A4
:1036C000C3E7002A02DA5B000138D7E7A6D053002F
:1036D000FAE75B000139D9E7C1F1FF2101F57F016C
:1036E00082310B412343DDE7D837040808B510EEDB
:1036F000102A32F000432DED028B08D19FED217A84
:10370000DFED217A87EE270ABDEC028B08BD002A87
:1037100002DA30EE407AF3E7B2F1FF4F02DB30EE2F
:10372000000AF1E7B2F5000FBFBFDFED187A60EED7
:10373000277A6FF0180117EE902A4FEAE253A8BFDC
:1037400000217F3B0B44D90F03EBD37307EE903A74
:10375000C2F31602C1F17F0342EAC35300EE103AEE
:10376000B8EEE78AFEF756FFDFED097A20EE270A6A
:10377000DFED087AA8EE270ADFED077AA8EE270A20
:10378000C2E700BF000000CC000000000000004CB9
:10379000D95BDE3EDB27543580209A3EF0B510EE33
:1037A000106A8E4B26F000459D4287B0F0EE407ABD
:1037B000044605DC002380ED000A436000201AE087
:1037C000874B9D4246DC002E9FED860A864B25F0F6
:1037D0000F051FDD9D4277EEC07A0ED09FED837AF4
:1037E00037EEC70A77EEC07A80ED000A77EEC77A27
:1037F0000120C4ED017A07B0F0BD9FED7D0A9FED79
:103800007D7A77EEC07A77EEC76A77EEE67AC0ED1A
:10381000006AEBE79D4277EE807A0ED09FED737AD7
:1038200037EE870A77EEC07A80ED000A77EE877A66
:103830004FF0FF30C4ED017ADDE79FED6D0A9FED9B
:103840006D7A77EE807A77EE876A77EEE67AC0ED6A
:10385000006AEBE7684B9D4272DCFEF745FE9FED88
:10386000677AF6EE007AE0EE077AFDEEE77AB8EED8
:10387000E77A17EE900ADFED5B7AA7EE670A1F285A
:10388000DFED5A7A67EE277AB1EE476A70EE676A23
:1038900016EE902A1CDC5A49471E25F0FF0351F80A
:1038A00027108B4214D0226094ED007A30EE470A44
:1038B000002E30EE670A84ED010A9CDAB1EE477AF9
:1038C000B1EE400A84ED007A84ED010A404292E7AD
:1038D000C2F3C751EB15C1EBD555082DE3DDDFED84
:1038E000447AF0EE406AE6EE276A30EE660AA6EE0B
:1038F000270ADFED407A97EE270A76EEC05AF0EEFF
:10390000407A15EE902AC2F3C7515B1A192B04DCDA
:10391000C4ED005AB0EE660AC6E7DFED3A5AB0EEE3
:10392000660AA6EE250A76EEC07ADFED376AE6EE85
:10393000257AD7EE267A30EE677A84ED007AB3E7FF
:10394000B5F1FF4F06DB70EE407AC0ED017AC0EDB5
:10395000007A33E7EA15863AA5EBC25307EE903AB0
:10396000BDEEE77ADFED296AB8EEC77A77EEC77A5F
:103970008DED037A67EEA67ABDEEE77AB8EEC77AE8
:1039800077EEC77A8DED047A67EEA67AF5EE407A87
:10399000F1EE10FACDED057A1ED1B5EE407AF1EEDA
:1039A00010FA14BF02230123194901910221009149
:1039B00003A8214600F0A0F8002EBFF61CAFD4EDFE
:1039C000007AF1EE677AC4ED007AD4ED017AF1EE77
:1039D000677AC4ED017A79E70323E5E7D80F493F19
:1039E000E3CB1640800FC93FD00FC93F4344353762
:1039F0000044353708A3852E800F494384F9223FC0
:103A0000E037040800A3852E32318D240000804366
:103A10006038040810B510EE103A23F00044B4F1F9
:103A2000FF4F2DED028BF0EE407A06DB70EE007A50
:103A3000BDEC028BB0EE670A10BD002B284BF6EEF2
:103A4000008ABEEE008A28FE888A9C422ADCB4F1F5
:103A5000465FF7EE008A08DA9FED227A30EE077AA9
:103A6000B4EEE87AF1EE10FAE2DCB0EE670AFEF7A7
:103A70003BFD00F0ADFBB4F17E5FBBBF20EE007AF2
:103A800070EE288A70EE288AC7EE287AADBF80EEE5
:103A9000287AB0EE007AD0EE077A77EE007A67EEF9
:103AA000887AC5E7104B9C4206DCFEF71DFDFEF749
:103AB000A5FC60EE087ABBE70C4B9C420ADCFEF7E3
:103AC00013FD20EE280AFEF799FC68EE007A67EEF7
:103AD000807AADE79FED037A60EE077AA8E700BF32
:103AE000FFFFAF41C2BDF07C1772B142FCD4B242BD
:103AF000B1EEC00A704700002DE9F04F2DED048BA8
:103B0000D7B016469846649ABB4B019053F8227082
:103B1000331D0D4608F1FF3929DBF11E48BF311D69
:103B2000C9104C1CE3000293659B9FEDB77AA1EB93
:103B3000090003EB800EA6EBC40407EB090C0DF1A2
:103B4000680A0023634514DD1AAB03EB8803CC46F7
:103B50000DF5847AC8F1010B0BEB0C02974227DBC1
:103B6000DDF804E0DFEDA87A1846002216E0002117
:103B7000D7E7D8425DBF5EF8232007EE902AF8EE23
:103B8000E77AF0EE477AEAEC017A0133DAE7FEEC05
:103B9000016A90ED007AE6EE877A01324A45A0F19B
:103BA0000400F4DDEAEC017A04330CF1010CD3E7F4
:103BB00006AB03EB87030493659BDFED928A9FEDD1
:103BC000909A03EB81030393BA4656AB03EB8A0347
:103BD00013ED140A06AB18465246002A51DC204663
:103BE0000593FEF71DFFB0EE408AB4EE000A28EE02
:103BF000000AFEF781FCF2EE007AA0EE678A002C44
:103C0000059BFDEEC87AB8EEE70ACDED007A38EEF6
:103C1000408A4BDD0AF1FF3C06AAC4F1080E52F8B7
:103C20002C2017EE901A42FA0EF00144009100FA8F
:103C30000EF006A9121A41F82C20C4F1070042FA2E
:103C400000FBBBF1000F43DD009A4FF0000E013284
:103C500000927046F2456CDC002C04DD012C79D01A
:103C6000022C00F08280BBF1020F31D1B7EE000AC6
:103C700030EE488A60B32046FEF7D2FE38EE408A26
:103C800026E060EE287A013AFDEEE77A42A9F8EEE6
:103C9000E77A01EB820CA7EEC90ABDEEC00AA0ECE0
:103CA000010A9CED000A37EE800A96E707D10AF177
:103CB000FF3206A951F822204FEA222BC1E7F6EE87
:103CC000007AB4EEE78AF1EE10FA2FDA4FF0000B2B
:103CD000B5EE408AF1EE10FA40F098800AF1FF3319
:103CE0009C460022BC4548DA002A5FD006AA083C60
:103CF00052F8231000297DD02046B7EE000A019328
:103D0000FEF78EFE019B9FED3F7A1946002980F257
:103D1000AF80184600240028C0F2D08042A901EBF1
:103D20008006364ADFED387A0021BBE04FF0020B07
:103D30008AE71A6848B91AB1C2F580721A6001227E
:103D40000EF1010E0433104684E7C2F1FF021A603F
:103D50000246F5E70AF1FF3C06AB53F82C3003F0BE
:103D60007F0306AA42F82C307DE70AF1FF3C06AB40
:103D700053F82C3003F03F03F3E706A951F82C0069
:103D80000CF1FF3C0243ADE7013053F8042D002A4B
:103D9000FAD01AA90AEB080201EB82020AF1010328
:103DA0000AEB0001994204DA8A460EE7049B0120DF
:103DB000EBE70398DDF804C050F82300009007EE0D
:103DC000900AF8EEE77A0020E2EC017ADFED0E7A55
:103DD0009646484506DD42A800EB8300C0ED007A18
:103DE0000133DFE7FCEC016A3EED017A0130E6EEDB
:103DF000877AEEE7013B79E7A43B0408783B0408A7
:103E0000000080430000803B00000000029BB0EEF9
:103E1000480A981BFEF704FE1FED077AB4EEC70AA6
:103E2000F1EE10FA1BDB5FED097A60EE277A06AA45
:103E3000FDEEE77A06A9F8EEE77A0834A7EEC70A9E
:103E4000FDEEE77ABDEEC00A10EE103A42F82A30D5
:103E500017EE902A0AF1010341F823204CE7BDEE4A
:103E6000C00A06AA10EE103A42F82A30534643E739
:103E700042AA02EB810006AA52F82120019207EE25
:103E8000902AF8EEE77A013967EE807A20EE070A89
:103E9000C0ED007A3AE7F2EC016AB6EC017AE6EEA0
:103EA000877A0131B94201DC8C42F4DA56AA02EB7E
:103EB000840141ED287A013801342CE7649A022A02
:103EC0000ADC002A61DC3CD0009B03F0070057B0FD
:103ED000BDEC048BBDE8F08F649A032AF4D12EAABE
:103EE00002EB830108461C46002CA0F1040059DCBB
:103EF00018460128A1F1040164DC5FED3D7A012B35
:103F000070DCDDED2E6A9DED2F7ABBF1000F72D1D2
:103F1000C5ED006A85ED017AC5ED027AD4E72EAAD7
:103F200002EB830191ED007A77EE877A013B002B5B
:103F3000F5DABBF1000F01D0F1EE677AC5ED007A3A
:103F4000C2E75FED4F7AF2E72EAA02EB8100D0EDD7
:103F5000007A37EE277A01390029F5DABBF1000F34
:103F600017D0F1EE477AC5ED007ADDED2E7A77EEC7
:103F7000C77A2FA801218B420EDABBF1000F01D0C6
:103F8000F1EE677AC5ED017A9EE71FED617A194679
:103F9000E2E7F0EE477AE6E7B0EC017A013177EE3E
:103FA000877AE8E7D0ED007AD0ED016A37EEA67A9D
:103FB000013C77EEC77A80ED007A77EEA67AC0ED05
:103FC000017A91E7D1ED007AD1ED016A37EEA67A58
:103FD000013877EEC77A81ED007A77EEA67AC1EDE7
:103FE000017A86E72EAA02EB830191ED007A013B6C
:103FF00077EE877A83E7F1EE666AB1EE477AC5ED30
:10400000006A85ED017AF1EE677A85E708B510EE72
:10401000103A23F00042B2F1465FF0EE407A17DA30
:10402000BDEEC07A17EE101A41BB431C134308D1F2
:10403000FEF75AFAB7EE007AC7EE007AB0EE670ADA
:1040400008BD0128FAD0BFEE007AC7EE007AF5E786
:104050004D498A4212DB002BB8BFF1EE407A9FED4A
:104060004B0A70EE677A9FED4A0AB8BFF1EE600A1C
:1040700070EE600A70EEA77ADFED460ADFED465A71
:104080009FED466A9FED465A3F4967EEA76A8A420E
:1040900026EEA67AA7EE256ADFED425AE6EE075A2B
:1040A0009FED416AA5EE876ADFED405AE6EE075ABA
:1040B0009FED3F6AA5EE876ADFED3E5AE7EE055AAF
:1040C0009FED3D5AA5EE875ADFED3C5AE5EE075AC3
:1040D0009FED3B5AA5EE875ADFED3A5AE5EE075AB7
:1040E000B0EE657AA7EE266A67EEA65AB0EE467A7B
:1040F000B0EE606AA7EE256A9FED337AE6EE260AF7
:10410000E5EE870A37EEA07A1DDB06EE900AB8EEE0
:10411000E60A27EE076A37EE007A9B17C6EE076AB3
:1041200003F00203C3F10103B0EE007A76EEE00A79
:1041300077EEE07AA7EEC70A07EE903AF8EEE77A54
:1041400067EE807A7AE701281BD0204B17EE102A01
:104150001A4006EE102A76EE677A70EEE70AFFEE56
:10416000007AC7EE876AB7EE007A16EE902A1340FF
:1041700007EE903AA6EE277AA0EEA77AE7EE267A27
:104180005CE7F0EE477A59E740A12C3FDA0F493F50
:1041900068212233000000005FAE9BB745F4A338CE
:1041A0008453D937C8261A3A16696B3BA427B33C07
:1041B0008988083E7AC09538B937813948DEBE3AD9
:1041C0001F37113CD10D5D3DABAAAA3E00F0FFFFA9
:1041D00010EE102A7E4922F000438B4220D9B3F121
:1041E000FF4F02D930EE000A704705D1FFEE007A8A
:1041F000002A20FE270A7047002A05DB75498B42FA
:1042000060D90020FDF7BEBFDFED737A70EE277A2C
:10421000F5EEC07AF1EE10FA54D5BFEE000A704701
:104220006E498B426AD96E498B424BD89FED6D7AAD
:10423000002AA7BF30EE477ADFED6B7ADFED6B7AAD
:1042400030EE077AACBF01234FF0FF3337EE670A39
:1042500037EE407A77EE677AF6EE005A20EE255A6E
:10426000DFED636A9FED636A20EE057AA7EE266AAA
:10427000DFED616AE6EE076A9FED606AA6EE876A87
:10428000DFED5F6AE6EE076AB7EE006AF0EE464AD7
:10429000E6EE874AF0EE646AF0EE084AE5EE664A1A
:1042A00036EEE45AF1EE086AE0EE646AF0EE664A31
:1042B000C5EE246A66EE876A73BBF0EE477AD0EEED
:1042C000267A24E0BEEE007AF6EE007A002A67FE37
:1042D000877A9FED4C7ADFED446A40EE077A9FEDD6
:1042E000417AFDEEE77A17EE903AF8EEE77AA7EE1C
:1042F000C70A67EEA67AB0EE407AA7E7B3F14C5F43
:1043000008D2DFED417A70EE277A77EEE77A30EE69
:10431000670A704700239FE776EEE76A5A1CD6EEDD
:10432000807A77EEC77A06D170EE677ABEEE000A21
:10433000A7EEA50A7047012B18D1BDEE007AB4EEA6
:10434000C70AF1EE10FA41BF30EE250A37EEC00A77
:10435000F8EE007A20EE270A5FBF30EE670AF0EE33
:10436000007AA0EE276AB0EE460A70475A1C392A36
:104370004FEAC3510BD937EEC00A36EE400A10EEB1
:10438000103A0B4400EE103A30EE460A7047162BF6
:1043900011DC4FF0807242FA03F3C3F17E5337EE23
:1043A000C00A07EE903A37EEC00A10EE103A0B44FE
:1043B00000EE103A7047C3F17F03DB0507EE103AB9
:1043C00077EE877A30EE670A30EE060AEDE700BF37
:1043D00043B895411772B1426042A20D1872B13EC6
:1043E0009115853F8071313FD1F71737D1F717B756
:1043F000BBED57B4547E8636CD70A6B8010DD03AC9
:10440000898808BD3BAAB83FCAF2497182B08DEDD8
:10441000010A019820F00040B0F1FF4FACBF00202E
:10442000012002B0704700009FED010A704700BFF5
:104430000000C07F08B5062000F076F90120E2F701
:1044400035FA0000014B1868704700BFB80100241E
:1044500070B50D4D0D4C641BA4100026A64209D169
:104460000B4D0C4C01F030F8641BA4100026A64242
:1044700005D170BD55F8043B98470136EEE755F875
:10448000043B98470136F2E7043D0408043D040864
:10449000043D04082C3D0408024B0146186800F056
:1044A00071B800BFB8010024024B0146186800F043
:1044B00019B800BFB80100240A44914200F1FF334B
:1044C00000D1704710B511F8014B03F8014F91422C
:1044D000F9D110BD02440346934200D1704703F85E
:1044E000011BF9E737B5002948D051F8043C019089
:1044F000002BA1F10404B8BFE41800F061F9204AD0
:1045000001981368154633B96360146003B0BDE8C1
:10451000304000F05BB9A3420BD921686218934286
:1045200004BF1A685B68636004BF521822602C6085
:10453000ECE71A465B680BB1A342FAD9116855182B
:10454000A5420BD1246821445418A3421160DDD147
:104550001C685B68536021441160D7E702D90C23C3
:104560000360D3E7256861198B4204BF19685B6853
:10457000636004BF491921605460C7E703B030BDD0
:10458000FC0A0324F8B5CD1C25F0030508350C2DD5
:1045900038BF0C25002D064601DBA94203D90C23A8
:1045A00033600020F8BD00F00BF921490A68144679
:1045B0009CB9204F3B6823B92146304600F07CF877
:1045C00038602946304600F077F8431C23D10C238D
:1045D0003360304600F0FAF8E3E723685B1B17D43A
:1045E0000B2B03D923601C44256004E06368A242BE
:1045F0000CBF0B605360304600F0E8F804F10B008C
:10460000231D20F00700C21ACCD01B1AA350C9E703
:1046100022466468CCE7C41C24F00304A042E3D023
:10462000211A304600F048F80130DDD1CFE700BF55
:10463000FC0A0324000B0324174B10B51C68A36B62
:10464000B3B91820FFF728FFA06328B90246134B1F
:1046500013484E2100F084F8124A134BC0E900239E
:10466000124B83600B23838101220023C0E90423C2
:10467000A16B0F480A694B690E4C504304FB0300C1
:10468000A2FB04345A1C044444F10000C1E9042094
:1046900020F0004010BD00BFB8010024B43B040866
:1046A000CB3B04080E33CDAB34126DE6ECDE0500D7
:1046B0002DF451582D7F954C38B5064D00230446F6
:1046C00008462B60E2F76AF9431C02D12B6803B15C
:1046D000236038BDFC1403241F2938B504460D4659
:1046E00004D9162303604FF0FF3038BD426C12B17D
:1046F00052F821304BB9204600F030F82A460146E6
:104700002046BDE8384000F017B8012B0AD0591CEC
:1047100003D1162303600120E7E7002442F8254077
:10472000284698470020E0E7024B01461868FFF74B
:10473000D3BF00BFB801002438B5074D002304469D
:10474000084611462B60E2F7A1F8431C02D12B6802
:1047500003B1236038BD00BFFC140324E2F78EB818
:104760001FB514461A46094B1B680546D8684CB15C
:10477000074B0091CDE9013406492B4600F00EF8B5
:10478000FFF758FE044B1C46F3E700BFB8010024B6
:104790002A3C0408373C0408653C04080EB403B501
:1047A000014603AB054853F8042B0068019300F061
:1047B0003DF802B05DF804EB03B07047B801002487
:1047C000014800F06FBD00BF04150324014800F04C
:1047D0006ABD00BF041503249368013B002B10B48D
:1047E000936008DA9469A34201DB0A2903D15DF8DA
:1047F000044B00F0DFBA1368581C106019700846AB
:104800005DF8044B7047F8B506460F461446D518B8
:10481000AC4201D1002007E014F8011B3A463046B3
:10482000FFF7DAFF431CF3D1F8BD00002DE9F04F8C
:104830000D469DB014469846064618B183690BB9DB
:1048400000F092FC894B9D421BD175686B6ED907B5
:1048500005D4AB899A0502D4A86D00F023FDAB897D
:104860001B0701D52B69EBB92946304600F0F4FA55
:10487000C0B16B6EDC070ED54FF0FF301DB0BDE848
:10488000F08F7B4B9D4201D1B568DFE7794B9D42AC
:1048900008BFF568DAE7AB899805EDD4A86D00F09C
:1048A00002FDE9E70023099320238DF82930CDF894
:1048B0000C803023DFF8C0818DF82A304FF00109D9
:1048C00023469A4613F8012B0AB1252AF9D1BAEBEF
:1048D000040B0BD05B46224629463046FFF793FF78
:1048E000013000F0AA80099A5A4409929AF80030DF
:1048F000002B00F0A28000234FF0FF32CDE905230A
:104900000AF1010A049307938DF853301A93544621
:10491000052214F8011B5848DBF7E2FC049AD8B9C9
:10492000D10644BF20238DF85330130744BF2B23F7
:104930008DF853309AF800302A2B15D0079A544638
:1049400000204FF00A0C214611F8013B303B092BA7
:104950004ED9B0B1079214E0A0EB080309FA03F3B3
:1049600013430493A246D2E7039B191D1B680391CE
:10497000002BBBBF5B4242F0020207930793B8BF14
:10498000049223782E2B0CD163782A2B35D1039BEC
:104990001A1D1B680392002BB8BF4FF0FF3302347F
:1049A0000593DFF8E4A0217803225046DBF798FC5A
:1049B00040B14023A0EB0A0003FA00F0049B03433C
:1049C0000134049314F8011B2C488DF8281006229A
:1049D000DBF786FC00283FD0294B1BBB039B07332A
:1049E00023F0070308330393099B3B44099367E7CC
:1049F0000CFB02320C460120A5E70023013405938D
:104A000019464FF00A0C204610F8012B303A092ABB
:104A100003D9002BC5D00591C3E70CFB0121044647
:104A20000123F0E703AB00932A46164B04A9304656
:104A3000AFF300800746781CD6D16B6ED90705D43A
:104A4000AB899A0502D4A86D00F02DFCAB895B06FA
:104A50003FF512AF099811E703AB00932A46094BC3
:104A600004A9304600F080F8E4E700BFBC3C04082D
:104A7000DC3C04089C3C0408663C0408703C0408C8
:104A800000000000074802086C3C04082DE9F047CC
:104A9000164699468A680B69DDF820809342B8BFB4
:104AA0001346336091F8432007460C460AB10133A0
:104AB00033602368990642BF336802333360256848
:104AC00015F0060506D104F1190AE36832689B1A4D
:104AD000AB4226DC94F84320131E226818BF012342
:104AE00092062BD404F1430249463846C0470130B0
:104AF0001ED02368E568326803F00603042B08BF64
:104B0000AD1AA36822690CBF25EAE575002593421A
:104B1000C4BF9B1AED1800261A34B5421AD10020E2
:104B200008E00123524649463846C047013003D1C8
:104B30004FF0FF30BDE8F0870135C6E7E1185A1C99
:104B4000302081F84300224494F8451082F8431045
:104B50000233C7E70123224649463846C0470130A1
:104B6000E6D00136D9E700002DE9FF470C46914613
:104B7000277E0C99782F80469A4604F1430207D885
:104B8000622F0AD8002F00F0D880582F00F0A380A1
:104B900004F1420684F842703AE0A7F16303152B52
:104BA000F6D801A050F823F0014C0208154C020879
:104BB000914B0208914B0208914B0208914B02085D
:104BC000154C0208914B0208914B0208914B0208C8
:104BD000914B0208214D0208454C0208034D020882
:104BE000914B0208914B0208434D0208914B020879
:104BF000454C0208914B0208914B02080B4D0208EC
:104C00000B681A1D1B680A6004F1420684F84230E2
:104C10000123A3E0256808682E0600F104030AD5E5
:104C200005680B60002D03DA2D236D4284F84330B4
:104C30005E480A2319E015F0400F05680B6018BFA5
:104C40002DB2EFE70B682568181D0860280601D50E
:104C50001D6802E06906FBD51D8854486F2F0CBF04
:104C600008230A23002184F843106668A660002EFA
:104C7000A2BF216821F0040121600DB9002E4DD0A2
:104C80001646B5FBF3F103FB1157C75D06F8017D2E
:104C90002F46BB420D46F4D9082B0BD12368DF0702
:104CA00008D5236961689942DEBF302306F8013CCC
:104CB00006F1FF36921B2261CDF800A04B4603AAF5
:104CC00021464046FFF7E2FE01304CD14FF0FF3065
:104CD00004B0BDE8F087354884F8457023680E6855
:104CE0001F0656F8045B0E6014D5D90744BF43F085
:104CF000200323601DB9236823F0200323601023C1
:104D0000B0E7236843F0200323607823284884F821
:104D10004530E3E75E0648BFADB2E6E71646BBE7BF
:104D20000B68266860691D1D0D6035061B6801D57E
:104D3000186002E07106FBD5188000232361164637
:104D4000BAE70B681A1D0A601E68626800213046C7
:104D5000DBF7C6FA08B1801B60606368236100233B
:104D600084F84330A8E72369324649464046D04795
:104D70000130ABD023689B0713D4E068039B9842B3
:104D8000B8BF1846A4E70123324649464046D047FB
:104D900001309BD00135E36803995B1AAB42F2DC2A
:104DA000EBE7002504F11906F5E700BF773C04089E
:104DB000883C0408F8B50E461446054618B18369C8
:104DC0000BB900F0D1F9214B9C422BD16C68A3693F
:104DD000A360A3891A072FD523696BB323692068C1
:104DE000C01A6369F6B28342374604DC214628467E
:104DF00000F026F930BBA368013BA36023685A1C6E
:104E000022601E7063690130834204D0A389DB07EE
:104E100006D50A2E04D12146284600F011F988B99A
:104E20003846F8BD0A4B9C4201D1AC68CFE7094B2C
:104E30009C4208BFEC68CAE72146284600F00CF8FF
:104E40000028CBD04FF0FF37EAE700BFBC3C040896
:104E5000DC3C04089C3C0408324B70B51D680646D7
:104E60000C4625B1AB6913B9284600F07DF92E4BED
:104E70009C420FD16C68A389B4F90C2019072CD47B
:104E8000DD0611D40923336042F04003A3814FF0C3
:104E9000FF303EE0254B9C4201D1AC68EBE7244B50
:104EA0009C4208BFEC68E6E7580712D5616B41B138
:104EB00004F14403994202D03046FFF713FB00236C
:104EC0006363A38923F02403A38100236360236920
:104ED0002360A38943F00803A38123694BB9A38905
:104EE00003F42073B3F5007F03D02146304600F071
:104EF000FFF9A089B4F90C2010F001030AD00023B7
:104F0000A36063695B42A361236943B910F0800029
:104F1000BAD170BD810758BF6369A360F4E7002070
:104F2000F7E700BFB8010024BC3C0408DC3C0408DF
:104F30009C3C04088A892DE9F041054610070C467F
:104F400058D44B68002B05DC0B6C002B02DC0020D6
:104F5000BDE8F081E66A002EF9D0002312F48052F9
:104F60002F682B6032D0606DA3895A0705D563681E
:104F7000C01A636B0BB1236CC01A00230246E66AA9
:104F8000216A2846B047431CA38906D129681D29F8
:104F90002CD82A4ACA40D60728D500226260D904F4
:104FA0002269226004D5421C01D12B6803B96065D7
:104FB000616B2F600029CAD004F14403994202D0EA
:104FC0002846FFF78FFA00206063C1E7216A0123BA
:104FD0002846B047411CC7D12B68002BC4D01D2BDD
:104FE00001D0162B01D12F60B1E7A38943F0400314
:104FF000A381ADE70F69002FA9D093070E6808BF02
:105000004B690F6018BF0023A6EB07088B60B8F14F
:10501000000F9CDD216AA66A43463A462846B047FF
:10502000002806DCA38943F04003A3814FF0FF3042
:105030008EE70744A8EB0008E9E700BF0100402025
:1050400038B50B6905460C4613B90025284638BD0E
:1050500018B183690BB900F087F8144B9C421BD13F
:105060006C68B4F90C30002BEFD0626ED00704D41A
:10507000990502D4A06D00F015F928462146FFF7E6
:1050800059FF636EDA070546E0D4A3899B05DDD49A
:10509000A06D00F008F9D9E7054B9C4201D1AC683E
:1050A000DFE7044B9C4208BFEC68DAE7BC3C04082D
:1050B000DC3C04089C3C0408002310B50446C0E90D
:1050C0000033C0E90433836081814366C281836118
:1050D000194608225C30FFF7FDF9054B6362054B6A
:1050E000A362054BE362054B2462236310BD00BF3E
:1050F0007153020893530208CB530208EF5302087E
:10510000014900F0AFB800BF4150020870B54A1E17
:10511000682555430E4605F17401FFF733FA04463E
:1051200040B10021C0E900160C30A06005F1680212
:10513000FFF7D0F9204670BD014800F0B3B800BFBA
:1051400008150324014800F0AEB800BF0815032479
:10515000014800F0A7B800BF03150324014800F080
:10516000A2B800BF0315032410B50446FFF7F0FFF3
:10517000A3691BB1BDE81040FFF7F0BFC4E91233CB
:105180002365134B134A1B68A262A34204BF012389
:10519000A361204600F020F86060204600F01CF873
:1051A000A060204600F018F80022E060042160684A
:1051B000FFF782FFA06801220921FFF77DFFE06869
:1051C00002221221FFF778FF0123A361D2E700BF7B
:1051D000B03B040801510208F8B50746FFF7ACFFE1
:1051E0001E4B1E68B36913B93046FFF7BDFF483642
:1051F000D6E90134013B03D533680BB33668F7E7D2
:10520000B4F90C50D5B9164BE36004F1580065664B
:1052100000F047F8FFF796FFC4E90155C4E90455CB
:105220002560A5610822294604F15C00FFF752F9C8
:10523000C4E90D55C4E912552046F8BD6834D9E7D4
:1052400004213846FFF762FF044630600028D5D1BC
:10525000FFF778FF0C233B60EEE700BFB03B04088C
:105260000100FFFF2DE9F8430646884600F1480497
:105270000027D4E90195B9F1010905D52468002C6E
:10528000F7D13846BDE8F883AB89012B07D9B5F9CA
:105290000E30013303D029463046C04707436835F6
:1052A000E9E770477047704770B50E46B1F90E10C8
:1052B000002996B014461D4607DA00232B60B389F7
:1052C0001A0610D44FF480630EE06A4600F0B6F878
:1052D0000028F2DB019A02F47042A2F500535A4210
:1052E0005A412A60EEE740230020236016B070BDCB
:1052F0008B8973B59D0706460C4607D504F1470315
:10530000236023610123636102B070BD01AB6A4673
:10531000FFF7CAFF009905463046FFF733F948B951
:10532000B4F90C309A05EFD423F0030343F00203E1
:10533000A381E3E70D4BB362A389206043F08003B0
:10534000A381009B6361019B20615BB1B4F90E10E6
:10535000304600F085F828B1A38923F0030343F019
:105360000103A381A0890543A581CDE7015102086E
:1053700010B50C46B1F90E1000F094F80028ABBF40
:10538000636DA3891B1823F48053ACBF6365A381AD
:1053900010BD2DE9F0411F468B89DB0505460C4603
:1053A000164605D5B1F90E100223002200F068F868
:1053B000A389B4F90E1023F48053A38132463B46EF
:1053C0002846BDE8F04100F017B810B50C46B1F919
:1053D0000E1000F055F8431CA38915BF606523F437
:1053E000805343F48053A38118BFA38110BDB1F94A
:1053F0000E1000F013B8000038B5074D04460846FB
:10540000114600222A601A46E1F777FA431C02D1BE
:105410002B6803B1236038BDFC14032438B5064D56
:105420000023044608462B60E1F783FA431C02D1AF
:105430002B6803B1236038BDFC14032438B5074D35
:1054400000230446084611462B60E1F77EFA431C10
:1054500002D12B6803B1236038BD00BFFC140324C4
:1054600038B5064D0023044608462B60E1F77DFA67
:10547000431C02D12B6803B1236038BDFC14032404
:1054800038B5074D04460846114600222A601A46E0
:10549000E1F776FA431C02D12B6803B1236038BDD3
:1054A000FC14032438B5074D044608461146002273
:1054B0002A601A46E1F704FA431C02D12B6803B1B3
:1054C000236038BDFC140324F8B500BFF8BC08BC49
:1054D0009E467047F8B500BFF8BC08BC9E467047B2
:1054E0002B4E414D453D524F4B492D0053544D33AA
:1054F00032205669727475616C20436F6D506F7203
:105500007400000053544D6963726F656C65637479
:10551000726F6E696373000043444320436F6E668D
:105520006967000043444320496E74657266616395
:1055300065000000726F626F5A756272547970650F
:105540004236204B6F6E646F20496E76000000007B
:10555000000000000000000000000000000000004B
:1055600000000000971F020800000000010000007A
:10557000020000000300000004000000050000001D
:1055800006000000070000000800000009000000FD
:105590000A0000000B0000000C0000000D000000DD
:1055A0000E0000000F0000001000000011000000BD
:1055B000120000001300000014000000150000009D
:1055C000160000001700000018000000190000007D
:1055D0001A0000001B0000001C0000001D0000005D
:1055E0001E0000001F00000020000000210000003D
:1055F000220000002300000024000000250000001D
:1056000026000000270000002800000029000000FC
:105610002A0000002B0000002C0000002D000000DC
:105620002E0000002F0000003000000031000000BC
:10563000320000003300000034000000350000009C
:10564000360000003700000038000000390000007C
:105650003A0000003B0000003C0000003D0000005C
:105660003E0000003F00000040000000410000003C
:10567000420000004300000044000000450000001C
:1056800046000000470000004800000049000000FC
:105690004A0000004B0000004C0000004D000000DC
:1056A0004E0000004F0000005000000051000000BC
:1056B000520000005300000054000000550000009C
:1056C000560000005700000058000000590000007C
:1056D0005A0000005B0000005C0000005D0000005C
:1056E0005E0000005F00000060000000610000003C
:1056F000620000006300000064000000650000001C
:1057000066000000670000006800000069000000FB
:105710006A0000006B0000006C0000006D000000DB
:105720006E0000006F0000007000000071000000BB
:10573000720000007300000074000000750000009B
:10574000760000007700000078000000790000007B
:105750007A0000007B0000007C0000007D0000005B
:105760007E0000007F00000080000000810000003B
:10577000820000008300000084000000850000001B
:1057800086000000870000008800000089000000FB
:105790008A0000008B0000008C0000008D000000DB
:1057A0008E0000008F0000009000000091000000BB
:1057B000920000009300000094000000950000009B
:1057C000960000009700000098000000990000007B
:1057D0009A0000009B0000009C0000009D0000005B
:1057E0009E0000009F000000A0000000A10000003B
:1057F000A2000000A3000000A4000000A50000001B
:10580000A6000000A7000000A8000000A9000000FA
:10581000AA000000AB000000AC000000AD000000DA
:10582000AE000000AF000000B0000000B1000000BA
:10583000B2000000B3000000B4000000B50000009A
:10584000B6000000B7000000B8000000B90000007A
:10585000BA000000BB000000BC000000BD0000005A
:10586000BE000000BF000000C0000000C10000003A
:10587000C2000000C3000000C4000000C50000001A
:10588000C6000000C7000000C8000000C9000000FA
:10589000CA000000CB000000CC000000CD000000DA
:1058A000CE000000CF000000D0000000D1000000BA
:1058B000D2000000D3000000D4000000D50000009A
:1058C000D6000000D7000000D8000000D90000007A
:1058D000DA000000DB000000DC000000DD0000005A
:1058E000DE000000DF000000E0000000E10000003A
:1058F000E2000000E3000000E4000000E50000001A
:10590000E6000000E7000000E8000000E9000000F9
:10591000EA000000EB000000EC000000ED000000D9
:10592000EE000000EF000000F0000000F1000000B9
:10593000F2000000F3000000F4000000F500000099
:10594000F6000000F7000000F8000000F900000079
:10595000FA000000FB000000FC000000FD00000059
:10596000FE000000FF000000000100000101000037
:105970000201000003010000040100000501000015
:1059800006010000070100000801000009010000F5
:105990000A0100000B0100000C0100000D010000D5
:1059A0000E0100000F0100001001000011010000B5
:1059B0001201000013010000140100001501000095
:1059C0001601000017010000180100001901000075
:1059D0001A0100001B0100001C0100001D01000055
:1059E0001E0100001F010000200100002101000035
:1059F0002201000023010000240100002501000015
:105A000026010000270100002801000029010000F4
:105A10002A0100002B0100002C0100002D010000D4
:105A20002E0100002F0100003001000031010000B4
:105A30003201000033010000340100003501000094
:105A40003601000037010000380100003901000074
:105A50003A0100003B0100003C0100003D01000054
:105A60003E0100003F010000400100004101000034
:105A70004201000043010000440100004501000014
:105A800046010000470100004801000049010000F4
:105A90004A0100004B0100004C0100004D010000D4
:105AA0004E0100004F0100005001000051010000B4
:105AB0005201000053010000540100005501000094
:105AC0005601000057010000580100005901000074
:105AD0005A0100005B0100005C0100005D01000054
:105AE0005E0100005F010000600100006101000034
:105AF0006201000063010000640100006501000014
:105B000066010000670100006801000069010000F3
:105B10006A0100006B0100006C0100006D010000D3
:105B20006E0100006F0100007001000071010000B3
:105B30007201000073010000740100007501000093
:105B40007601000077010000780100007901000073
:105B50007A0100007B0100007C0100007D01000053
:105B60007E0100007F010000800100008101000033
:105B70008201000083010000840100008501000013
:105B800086010000870100008801000089010000F3
:105B90008A0100008B0100008C0100008D010000D3
:105BA0008E0100008F0100009001000091010000B3
:105BB0009201000093010000940100009501000093
:105BC0009601000097010000980100009901000073
:105BD0009A0100009B0100009C0100009D01000053
:105BE0009E0100009F010000A0010000A101000033
:105BF000A2010000A3010000A4010000A501000013
:105C0000A6010000A7010000A8010000A9010000F2
:105C1000AA010000AB010000AC010000AD010000D2
:105C2000AE010000AF010000B0010000B1010000B2
:105C3000B2010000B3010000B4010000B501000092
:105C4000B6010000B7010000B8010000B901000072
:105C5000BA010000BB010000BC010000BD01000052
:105C6000BE010000BF010000C0010000C101000032
:105C7000C2010000C3010000C4010000C501000012
:105C8000C6010000C7010000C8010000C9010000F2
:105C9000CA010000CB010000CC010000CD010000D2
:105CA000CE010000CF010000D0010000D1010000B2
:105CB000D2010000D3010000D4010000D501000092
:105CC000D6010000D7010000D8010000D901000072
:105CD000DA010000DB010000DC010000DD01000052
:105CE000DE010000DF010000E0010000E101000032
:105CF000E2010000E3010000E4010000E501000012
:105D0000E6010000E7010000E8010000E9010000F1
:105D1000EA010000EB010000EC010000ED010000D1
:105D2000EE010000EF010000F0010000F1010000B1
:105D3000F2010000F3010000F4010000F501000091
:105D4000F6010000F7010000F8010000F901000071
:105D5000FA010000FB010000FC010000FD01000051
:105D6000FE010000FF01000000020000010200002F
:105D7000020200000302000004020000050200000D
:105D800006020000070200000802000009020000ED
:105D90000A0200000B0200000C0200000D020000CD
:105DA0000E0200000F0200001002000011020000AD
:105DB000120200001302000014020000150200008D
:105DC000160200001702000018020000190200006D
:105DD0001A0200001B0200001C0200001D0200004D
:105DE0001E0200001F02000020020000210200002D
:105DF000220200002302000024020000250200000D
:105E000026020000270200002802000029020000EC
:105E10002A0200002B0200002C0200002D020000CC
:105E20002E0200002F0200003002000031020000AC
:105E3000320200003302000034020000350200008C
:105E4000360200003702000038020000390200006C
:105E50003A0200003B0200003C0200003D0200004C
:105E60003E0200003F02000040020000410200002C
:105E7000420200004302000044020000450200000C
:105E800046020000470200004802000049020000EC
:105E90004A0200004B0200004C0200004D020000CC
:105EA0004E0200004F0200005002000051020000AC
:105EB000520200005302000054020000550200008C
:105EC000560200005702000058020000590200006C
:105ED0005A0200005B0200005C0200005D0200004C
:105EE0005E0200005F02000060020000610200002C
:105EF000620200006302000064020000650200000C
:105F000066020000670200006802000069020000EB
:105F10006A0200006B0200006C0200006D020000CB
:105F20006E0200006F0200007002000071020000AB
:105F3000720200007302000074020000750200008B
:105F4000760200007702000078020000790200006B
:105F50007A0200007B0200007C0200007D0200004B
:105F60007E0200007F02000080020000810200002B
:105F7000820200008302000084020000850200000B
:105F800086020000870200008802000089020000EB
:105F90008A0200008B0200008C0200008D020000CB
:105FA0008E0200008F0200009002000091020000AB
:105FB000920200009302000094020000950200008B
:105FC000960200009702000098020000990200006B
:105FD0009A0200009B0200009C0200009D0200004B
:105FE0009E0200009F020000A0020000A10200002B
:105FF000A2020000A3020000A4020000A50200000B
:10600000A6020000A7020000A8020000A9020000EA
:10601000AA020000AB020000AC020000AD020000CA
:10602000AE020000AF020000B0020000B1020000AA
:10603000B2020000B3020000B4020000B50200008A
:10604000B6020000B7020000B8020000B90200006A
:10605000BA020000BB020000BC020000BD0200004A
:10606000BE020000BF020000C0020000C10200002A
:10607000C2020000C3020000C4020000C50200000A
:10608000C6020000C7020000C8020000C9020000EA
:10609000CA020000CB020000CC020000CD020000CA
:1060A000CE020000CF020000D0020000D1020000AA
:1060B000D2020000D3020000D4020000D50200008A
:1060C000D6020000D7020000D8020000D90200006A
:1060D000DA020000DB020000DC020000DD0200004A
:1060E000DE020000DF020000E0020000E10200002A
:1060F000E2020000E3020000E4020000E50200000A
:10610000E6020000E7020000E8020000E9020000E9
:10611000EA020000EB020000EC020000ED020000C9
:10612000EE020000EF020000F0020000F1020000A9
:10613000F2020000F3020000F4020000F502000089
:10614000F6020000F7020000F8020000F902000069
:10615000FA020000FB020000FC020000FD02000049
:10616000FE020000FF020000000300000103000027
:106170000203000003030000040300000503000005
:1061800006030000070300000803000009030000E5
:106190000A0300000B0300000C0300000D030000C5
:1061A0000E0300000F0300001003000011030000A5
:1061B0001203000013030000140300001503000085
:1061C0001603000017030000180300001903000065
:1061D0001A0300001B0300001C0300001D03000045
:1061E0001E0300001F030000200300002103000025
:1061F0002203000023030000240300002503000005
:1062000026030000270300002803000029030000E4
:106210002A0300002B0300002C0300002D030000C4
:106220002E0300002F0300003003000031030000A4
:106230003203000033030000340300003503000084
:106240003603000037030000380300003903000064
:106250003A0300003B0300003C0300003D03000044
:106260003E0300003F030000400300004103000024
:106270004203000043030000440300004503000004
:1062800046030000470300004803000049030000E4
:106290004A0300004B0300004C0300004D030000C4
:1062A0004E0300004F0300005003000051030000A4
:1062B0005203000053030000540300005503000084
:1062C0005603000057030000580300005903000064
:1062D0005A0300005B0300005C0300005D03000044
:1062E0005E0300005F030000600300006103000024
:1062F0006203000063030000640300006503000004
:1063000066030000670300006803000069030000E3
:106310006A0300006B0300006C0300006D030000C3
:106320006E0300006F0300007003000071030000A3
:106330007203000073030000740300007503000083
:106340007603000077030000780300007903000063
:106350007A0300007B0300007C0300007D03000043
:106360007E0300007F030000800300008103000023
:106370008203000083030000840300008503000003
:1063800086030000870300008803000089030000E3
:106390008A0300008B0300008C0300008D030000C3
:1063A0008E0300008F0300009003000091030000A3
:1063B0009203000093030000940300009503000083
:1063C0009603000097030000980300009903000063
:1063D0009A0300009B0300009C0300009D03000043
:1063E0009E0300009F030000A0030000A103000023
:1063F000A2030000A3030000A4030000A503000003
:10640000A6030000A7030000A8030000A9030000E2
:10641000AA030000AB030000AC030000AD030000C2
:10642000AE030000AF030000B0030000B1030000A2
:10643000B2030000B3030000B4030000B503000082
:10644000B6030000B7030000B8030000B903000062
:10645000BA030000BB030000BC030000BD03000042
:10646000BE030000BF030000C0030000C103000022
:10647000C2030000C3030000C4030000C503000002
:10648000C6030000C7030000C8030000C9030000E2
:10649000CA030000CB030000CC030000CD030000C2
:1064A000CE030000CF030000D0030000D1030000A2
:1064B000D2030000D3030000D4030000D503000082
:1064C000D6030000D7030000D8030000D903000062
:1064D000DA030000DB030000DC030000DD03000042
:1064E000DE030000DF030000E0030000E103000022
:1064F000E2030000E3030000E4030000E503000002
:10650000E6030000E7030000E8030000E9030000E1
:10651000EA030000EB030000EC030000ED030000C1
:10652000EE030000EF030000F0030000F1030000A1
:10653000F2030000F3030000F4030000F503000081
:10654000F6030000F7030000F8030000F903000061
:10655000FA030000FB030000FC030000FD03000041
:10656000FE030000FF030000000400000000000024
:106570000100000001000000010000000100000017
:106580000100000001000000010000000100000007
:1065900001000000010000000100000001000000F7
:1065A00001000000010000000100000001000000E7
:1065B00001000000010000000100000001000000D7
:1065C00002000000020000000200000002000000C3
:1065D00002000000020000000200000002000000B3
:1065E000030000000300000003000000030000009F
:1065F000030000000300000003000000040000008E
:10660000040000000400000004000000040000007A
:106610000500000005000000050000000500000066
:106620000500000006000000060000000600000053
:10663000060000000700000007000000070000003F
:10664000070000000800000008000000080000002B
:106650000800000009000000090000000900000017
:10666000090000000A0000000A0000000A00000003
:106670000B0000000B0000000B0000000C000000ED
:106680000C0000000C0000000D0000000D000000D8
:106690000D0000000E0000000E0000000E000000C3
:1066A0000F0000000F0000000F00000010000000AD
:1066B0001000000011000000110000001100000097
:1066C0001200000012000000130000001300000080
:1066D000130000001400000014000000150000006A
:1066E0001500000016000000160000001700000052
:1066F000170000001700000018000000180000003C
:1067000019000000190000001A0000001A00000023
:106710001B0000001B0000001C0000001C0000000B
:106720001D0000001D0000001E0000001E000000F3
:106730001F0000001F0000002000000021000000DA
:1067400021000000220000002200000023000000C1
:1067500023000000240000002500000025000000A8
:10676000260000002600000027000000270000008F
:106770002800000029000000290000002A00000075
:106780002B0000002B0000002C0000002C0000005B
:106790002D0000002E0000002E0000002F00000041
:1067A0003000000030000000310000003200000026
:1067B000320000003300000034000000340000000C
:1067C00035000000360000003600000037000000F1
:1067D0003800000039000000390000003A000000D5
:1067E0003B0000003B0000003C0000003D000000BA
:1067F0003E0000003E0000003F000000400000009E
:106800004100000041000000420000004300000081
:106810004400000045000000450000004600000064
:106820004700000048000000490000004900000047
:106830004A0000004B0000004C0000004D0000002A
:106840004D0000004E0000004F000000500000000E
:1068500051000000520000005200000053000000F0
:1068600054000000550000005600000057000000D2
:106870005800000059000000590000005A000000B4
:106880005B0000005C0000005D0000005E00000096
:106890005F00000060000000610000006200000076
:1068A000620000006300000064000000650000005A
:1068B000660000006700000068000000690000003A
:1068C0006A0000006B0000006C0000006D0000001A
:1068D0006E0000006F0000007000000071000000FA
:1068E00072000000730000007400000075000000DA
:1068F00076000000770000007800000079000000BA
:106900007A0000007B0000007C0000007D00000099
:106910007E0000007F000000800000008100000079
:106920008200000083000000840000008500000059
:106930008600000087000000880000008900000039
:106940008A0000008C0000008D0000008E00000016
:106950008F000000900000009100000092000000F5
:1069600093000000940000009500000096000000D5
:1069700098000000990000009A0000009B000000B1
:106980009C0000009D0000009E0000009F00000091
:10699000A1000000A2000000A3000000A40000006D
:1069A000A5000000A6000000A7000000A90000004C
:1069B000AA000000AB000000AC000000AD00000029
:1069C000AF000000B0000000B1000000B200000005
:1069D000B3000000B4000000B6000000B7000000E3
:1069E000B8000000B9000000BA000000BC000000C0
:1069F000BD000000BE000000BF000000C10000009C
:106A0000C2000000C3000000C4000000C600000077
:106A1000C7000000C8000000C9000000CA00000054
:106A2000CC000000CD000000CE000000D00000002F
:106A3000D1000000D2000000D3000000D50000000B
:106A4000D6000000D7000000D8000000DA000000E7
:106A5000DB000000DC000000DE000000DF000000C2
:106A6000E0000000E1000000E3000000E40000009E
:106A7000E5000000E7000000E8000000E900000079
:106A8000EB000000EC000000ED000000EF00000053
:106A9000F0000000F1000000F3000000F40000002E
:106AA000F5000000F7000000F8000000F900000009
:106AB000FB000000FC000000FD000000FF000000E3
:106AC00000010000010100000301000004010000BA
:106AD0000601000007010000080100000A01000093
:106AE0000B0100000C0100000E0100000F0100006E
:106AF0001101000012010000130100001501000047
:106B00001601000017010000190100001A01000021
:106B10001C0100001D0100001F01000020010000F9
:106B200021010000230100002401000026010000D3
:106B300027010000280100002A0100002B010000AD
:106B40002D0100002E010000300100003101000085
:106B5000320100003401000035010000370100005F
:106B6000380100003A0100003B0100003D01000037
:106B70003E0100003F010000410100004201000011
:106B800044010000450100004701000048010000E9
:106B90004A0100004B0100004D0100004E010000C1
:106BA0005001000051010000530100005401000099
:106BB0005501000057010000580100005A01000073
:106BC0005B0100005D0100005E010000600100004B
:106BD0006101000063010000640100006601000023
:106BE00067010000690100006A0100006C010000FB
:106BF0006D0100006F0100007001000072010000D3
:106C000073010000750100007601000078010000AA
:106C1000790100007B0100007C0100007E01000082
:106C20008001000081010000830100008401000058
:106C30008601000087010000890100008A01000030
:106C40008C0100008D0100008F0100009001000008
:106C500092010000930100009501000096010000E0
:106C6000980100009A0100009B0100009D010000B6
:106C70009E010000A0010000A1010000A30100008E
:106C8000A4010000A6010000A7010000A901000066
:106C9000AB010000AC010000AE010000AF0100003C
:106CA000B1010000B2010000B4010000B501000014
:106CB000B7010000B8010000BA010000BC010000EB
:106CC000BD010000BF010000C0010000C2010000C2
:106CD000C3010000C5010000C7010000C801000099
:106CE000CA010000CB010000CD010000CE01000070
:106CF000D0010000D1010000D3010000D501000047
:106D0000D6010000D8010000D9010000DB0100001D
:106D1000DC010000DE010000E0010000E1010000F4
:106D2000E3010000E4010000E6010000E7010000CB
:106D3000E9010000EB010000EC010000EE010000A1
:106D4000EF010000F1010000F2010000F401000079
:106D5000F6010000F7010000F9010000FA0100004F
:106D6000FC010000FD010000FF0100000002000026
:106D700001020000030200000402000006020000FD
:106D800007020000090200000A0200000C020000D5
:106D90000E0200000F0200001102000012020000AB
:106DA0001402000015020000170200001902000082
:106DB0001A0200001C0200001D0200001F02000059
:106DC0002002000022020000240200002502000030
:106DD00027020000280200002A0200002B02000007
:106DE0002D0200002F0200003002000032020000DD
:106DF00033020000350200003602000038020000B5
:106E0000390200003B0200003D0200003E0200008B
:106E10004002000041020000430200004402000062
:106E20004602000048020000490200004B02000038
:106E30004C0200004E0200004F0200005102000010
:106E400052020000540200005502000057020000E8
:106E5000590200005A0200005C0200005D020000BE
:106E60005F02000060020000620200006302000096
:106E70006502000066020000680200006A0200006D
:106E80006B0200006D0200006E0200007002000044
:106E9000710200007302000074020000760200001C
:106EA00077020000790200007A0200007C020000F4
:106EB0007D0200007F0200008002000082020000CC
:106EC00084020000850200008702000088020000A2
:106ED0008A0200008B0200008D0200008E0200007A
:106EE0009002000091020000930200009402000052
:106EF0009602000097020000990200009A0200002A
:106F00009C0200009D0200009F020000A002000001
:106F1000A2020000A3020000A5020000A6020000D9
:106F2000A8020000A9020000AB020000AC020000B1
:106F3000AD020000AF020000B0020000B20200008B
:106F4000B3020000B5020000B6020000B802000063
:106F5000B9020000BB020000BC020000BE0200003B
:106F6000BF020000C1020000C2020000C302000014
:106F7000C5020000C6020000C8020000C9020000ED
:106F8000CB020000CC020000CE020000CF020000C5
:106F9000D0020000D2020000D3020000D50200009F
:106FA000D6020000D8020000D9020000DA02000078
:106FB000DC020000DD020000DF020000E002000051
:106FC000E1020000E3020000E4020000E60200002B
:106FD000E7020000E9020000EA020000EB02000004
:106FE000ED020000EE020000EF020000F1020000DE
:106FF000F2020000F4020000F5020000F6020000B8
:10700000F8020000F9020000FA020000FC02000091
:10701000FD020000FF020000000300000103000069
:107020000303000004030000050300000703000041
:1070300008030000090300000B0300000C0300001C
:107040000D0300000F0300001003000011030000F7
:1070500013030000140300001503000017030000D1
:1070600018030000190300001B0300001C030000AC
:107070001D0300001F030000200300002103000087
:107080002203000024030000250300002603000063
:1070900028030000290300002A0300002B0300003E
:1070A0002D0300002E0300002F030000300300001A
:1070B00032030000330300003403000036030000F5
:1070C0003703000038030000390300003A030000D2
:1070D0003C0300003D0300003E0300003F030000AE
:1070E000410300004203000043030000440300008A
:1070F0004603000047030000480300004903000066
:107100004A0300004C0300004D0300004E03000042
:107110004F03000050030000510300005303000020
:1071200054030000550300005603000057030000FD
:10713000590300005A0300005B0300005C030000D9
:107140005D0300005E0300005F03000061030000B8
:107150006203000063030000640300006503000095
:107160006603000067030000680300006A03000074
:107170006B0300006C0300006D0300006E03000051
:107180006F03000070030000710300007203000031
:10719000730300007403000076030000770300000F
:1071A00078030000790300007A0300007B030000ED
:1071B0007C0300007D0300007E0300007F030000CD
:1071C00080030000810300008203000083030000AD
:1071D000840300008503000086030000870300008D
:1071E00088030000890300008A0300008B0300006D
:1071F0008C0300008D0300008E0300008F0300004D
:10720000900300009103000092030000930300002C
:10721000940300009503000096030000970300000C
:1072200098030000990300009A0300009B030000EC
:107230009C0300009D0300009E0300009E030000CD
:107240009F030000A0030000A1030000A2030000B0
:10725000A3030000A4030000A5030000A603000090
:10726000A7030000A7030000A8030000A903000073
:10727000AA030000AB030000AC030000AD03000054
:10728000AE030000AE030000AF030000B003000037
:10729000B1030000B2030000B3030000B303000019
:1072A000B4030000B5030000B6030000B7030000FC
:1072B000B7030000B8030000B9030000BA030000E0
:1072C000BB030000BB030000BC030000BD030000C3
:1072D000BE030000BF030000BF030000C0030000A6
:1072E000C1030000C2030000C2030000C30300008A
:1072F000C4030000C5030000C5030000C60300006E
:10730000C7030000C7030000C8030000C903000052
:10731000CA030000CA030000CB030000CC03000036
:10732000CC030000CD030000CE030000CE0300001C
:10733000CF030000D0030000D0030000D103000001
:10734000D2030000D2030000D3030000D4030000E6
:10735000D4030000D5030000D5030000D6030000CD
:10736000D7030000D7030000D8030000D9030000B2
:10737000D9030000DA030000DA030000DB03000099
:10738000DB030000DC030000DD030000DD03000080
:10739000DE030000DE030000DF030000DF03000067
:1073A000E0030000E1030000E1030000E20300004D
:1073B000E2030000E3030000E3030000E403000035
:1073C000E4030000E5030000E5030000E60300001D
:1073D000E6030000E7030000E7030000E803000005
:1073E000E8030000E9030000E9030000E9030000EE
:1073F000EA030000EA030000EB030000EB030000D7
:10740000EC030000EC030000ED030000ED030000BE
:10741000ED030000EE030000EE030000EF030000A8
:10742000EF030000EF030000F0030000F003000092
:10743000F1030000F1030000F1030000F20300007B
:10744000F2030000F2030000F3030000F303000066
:10745000F3030000F4030000F4030000F403000051
:10746000F5030000F5030000F5030000F60300003B
:10747000F6030000F6030000F7030000F703000026
:10748000F7030000F7030000F8030000F803000012
:10749000F8030000F8030000F9030000F9030000FE
:1074A000F9030000F9030000FA030000FA030000EA
:1074B000FA030000FA030000FB030000FB030000D6
:1074C000FB030000FB030000FB030000FC030000C3
:1074D000FC030000FC030000FC030000FC030000B0
:1074E000FD030000FD030000FD030000FD0300009C
:1074F000FD030000FD030000FD030000FE0300008B
:10750000FE030000FE030000FE030000FE03000077
:10751000FE030000FE030000FE030000FF03000066
:10752000FF030000FF030000FF030000FF03000053
:10753000FF030000FF030000FF030000FF03000043
:10754000FF030000FF030000FF030000FF03000033
:10755000FF030000FF030000FF030000FF03000023
:10756000FF030000FF030000FF0300000004000011
:10757000102840587088A0B8000000000404043CA3
:107580003C000000000008000000080008000000A7
:1075900000000000010203040102030406070809B9
:1075A00000000000010203040102030406070809A9
:1075B00001000000020000000400000006000000BE
:1075C000080000000A0000000C000000100000008D
:1075D00020000000400000008000000000010000CA
:1075E00000316253C4F5A697B988DBEA7D4C1F2EA3
:1075F0004372211087B6E5D4FACB98A93E0F5C6D93
:1076000086B7E4D5427320113F0E5D6CFBCA99A882
:10761000C5F4A796013063527C4D1E2FB889DAEB72
:107620003D0C5F6EF9C89BAA84B5E6D74071221362
:107630007E4F1C2DBA8BD8E9C7F6A5940332615052
:10764000BB8AD9E87F4E1D2C02336051C6F7A49542
:10765000F8C99AAB3C0D5E6F4170231285B4E7D632
:107660007A4B1829BE8FDCEDC3F2A1900736655422
:1076700039085B6AFDCC9FAE80B1E2D34475261712
:10768000FCCD9EAF38095A6B4574271681B0E3D202
:10769000BF8EDDEC7B4A192806376455C2F3A091F2
:1076A0004776251483B2E1D0FECF9CAD3A0B5869E2
:1076B00004356657C0F1A293BD8CDFEE79481B2AD2
:1076C000C1F0A3920534675678491A2BBC8DDEEFC2
:1076D00082B3E0D1467724153B0A5968FFCE9DACB2
:1076E000102840587088A0B8102840587088A0B85A
:1076F0002B66000000006717129EBCA3BEED0A9225
:1077000049877A0D917D01DE7A9F2AC387E45B70F9
:1077100050028761F4563322000000007EE51DDA36
:107720000E4ABBA516EDF127BF9F62DC8F95B95DB0
:10773000000000000EEC6819943C3EC3E99989B43E
:107740004A641B6F85625828287301001CEDA851FC
:10775000B05B01002E14000000000000F0000000EB
:1077600000000000000000005F2FAAAD8C9C1300F9
:10777000D0291000D0291000D0291000D0291000E5
:10778000D0291000D0291000D0291000D0291000D5
:10779000DC9A1000D0291000D0291000D029100048
:1077A000D0291000C4670100D02910000C6012001D
:1077B0000CB11000D029100068B3100068B310009D
:1077C00068B31000844D1200446E1200446E120023
:1077D00064B61000ECB6100034B81000086B12004C
:1077E000D02910002C1A1000C8B510001015100078
:1077F000D0291000D0291000B81810006C19100002
:10780000EC6E1200EC6E1200EC6E120040D412000E
:10781000C102CFF25D074FF6BD050001210700014F
:107820004D06CFF76906CFF78506CFF7D907CFF713
:10783000E505CFF93506CFF91107CFF9A1010FFA08
:10784000A9010FFA95020FFA09060FFA610740081D
:1078500019014FFAB5044FFAF5044FFA5D054FFAD6
:10786000A104C00059064FFA71064FFA45074008B7
:10787000B5018FFAD9018FFAB100800841028FFA61
:1078800065038FFABD038FFA15048FFA61048FFA2E
:1078900079048FFACD008008F9048FFAA10640011F
:1078A0004D068FFA81078FFAA501CFFAA502CFFA0C
:1078B0006D03CFFA7906CFFA7D03400135000FFB47
:1078C00075000FFBA9000FFBD9000FFBE1000FFBB8
:1078D000ED000FFBF5000FFB05010FFB49020FFB4D
:1078E0004D020FFB55020FFB65020FFB75020FFBEC
:1078F00081020FFB75030FFBAD040FFBD5040FFBDB
:10790000ED040FFBF5040FFB19050FFB910440017B
:1079100021060FFB8D038008D9060FFB29014FFBC1
:10792000A505C00015024FFBF1024FFB19018000B5
:10793000D100800061008000A50080007D008000F3
:10794000E50080004501800021018000F5054FFB26
:10795000B9064FFBFD064FFB3104400151068FFB7A
:107960002902CFFBB5020FFC35040FFC81040FFC8C
:107970008D040FFC61050FFC0D018FFDA1018FFD32
:10798000B1018FFDC1018FFDF102400191038FFD17
:1079900009058FFDE504C0009900CFFD7904C00002
:1079A00051020FEFBD04CFFD2505CFFD6D06CFFDC4
:1079B000A506CFFD5D07CFFDF507CFFD29000FFE22
:1079C0008102400111020FFEA1020FFE39030FFEDA
:1079D000C9030FFEB1040FFE71070FFEB104400989
:1079E000FD070FFE0D004FFE61004FFEB5004FFE7C
:1079F000B9004FFECD004FFEF5004FFE05024FFED1
:107A0000D9058FFE65068FFE7D068FFE3D01400184
:107A100035078FFE49078FFE6D078FFEE5078FFE46
:107A20001500CFFE9D00CFFEB500CFFEE500CFFED6
:107A30005901CFFE0502CFFE1D02CFFE6D044009A5
:107A40007904400985044009510540094D02CFFEE3
:107A50009D02CFFEA502CFFE990540094D03CFFE42
:107A6000B503CFFE1904CFFE8104CFFEA904CFFEDB
:107A7000E50540090D06400979070001D906CFFE4A
:107A80009907CFFEB1064009E50640090D074009F8
:107A90007D000FFFBD000FFF510600016D00800942
:107AA00081020FFF85020FFF4903C000CD020FFFC7
:107AB00019030FFF19030FFFED0540006D064FFF7F
:107AC00035008FFF5902CFEF0D03CFEFAD03CFEF9E
:107AD0000104CFEF8D04CFEF9D04CFEF1105CFEF61
:107AE0005905CFEF6905CFEFDD0000026D010002FF
:107AF000850200029103000255040002A104000265
:107B0000B1050002310600027D030FF035070002C7
:107B10005D00400295004002710140026103400295
:107B200031004FF05D014FF0E503400251078FF047
:107B30002100CFF04500CFF0B101CFF0FD06CFF02E
:107B40000507CFF0DD000FF1E9000FF149018002D8
:107B500079050FF131060FF139060FF149060FF1E2
:107B60002D004FF181004FF1A102C0021504C002A7
:107B70009D04C0022505C0024905C0024905C00296
:107B8000DD024FF1E506C00285044FF16D074FF1AC
:107B900071074FF179074FF17D074FF181074FF1E1
:107BA0009D074FF1AD074FF1B1074FF1B1074FF10D
:107BB00049018FF1A1018FF1DD018FF17D028FF17C
:107BC00079038FF105048FF12D004003C9068FF171
:107BD00061078FF1F9078FF1D500CFF19902CFF14D
:107BE000A102CFF1BD03CFF12904CFF18904CFF178
:107BF0001D024003CD05CFF16D06CFF11507CFF182
:107C0000B107CFF101020FF205020FF24D020FF2A0
:107C1000D9020FF23D030FF289030FF2F9030FF2BD
:107C200019040FF23503400391044003010540039A
:107C30005D064003810740037500800365018003F2
:107C400051078003510780038D0780035900C0034B
:107C5000C900C0031901C00309068FF221068FF283
:107C6000FD07CFF28504C0034D010FF371010FF33F
:107C700081010FF3B5010FF3B9010FF3C5010FF344
:107C800011020FF37105C0039D05C0034D06C0032B
:107C90008907C0030500000471000004C10000044E
:107CA000E900000411010004290300045904000440
:107CB0001D070004E5070004590040046D0140045D
:107CC000710140040D044004DD048FF359058FF366
:107CD00009068FF36D068FF37D068FF3FD068FF394
:107CE00011078FF385078FF3A103800481048004BB
:107CF000DD068004B900C0045501C004B502C0040B
:107D00001903C0049906C0046503000511040005A9
:107D10004D05000531014FF469014FF415034FF48F
:107D2000E9044FF449054FF485064FF449074FF431
:107D300081008FF485008FF41D018FF439018FF4D9
:107D400031028FF4CD048FF465058FF419078FF499
:107D500001010FF5E1070005E5020FF509030FF535
:107D600019030FF5CD030FF5D1030FF5DD030FF563
:107D7000B1040FF5B90140053D024005E10240059F
:107D800041034005A9044005290540052D0540058E
:107D90003D054005B905400511074005CD00CFF56B
:107DA000E100CFF53101CFF5FD01CFF5ED02CFF5C3
:107DB0008103CFF5E903CFF54504CFF52505CFF5D0
:107DC000ED010FF609020FF685020FF6C1020FF65C
:107DD000F9020FF625074FF67D074FF6C1074FF65C
:107DE00055008FF6C5018FF639028FF649028FF6DE
:107DF000E9028FF6F1028FF6BD038FF615068005B6
:107E0000410780054D03C005A903C005CD03C0058A
:107E1000C105C0051507C005F5000006D902CFF65B
:107E2000A503CFF6CD05CFF66106CFF67106CFF6E6
:107E30002907CFF63107CFF621000FF7E1000FF742
:107E400065010FF721030FF74D030FF7B1030FF78C
:107E5000C1030FF791040FF7AD040FF7B1050FF74A
:107E600021060FF7B100000691070FF7E5070FF79E
:107E700005004FF7A1004FF7B1004FF761014FF731
:107E800075014FF7A1014FF7C5014FF719024FF7E1
:107E900089024FF7C1024FF7A101000671020006E7
:107EA0001105000699050006A9050006A9060006A9
:107EB000AD06000609004006090040062100400604
:107EC0001D078FF75D078FF7DD00CFF77D01CFF737
:107ED00095024006510340061D05CFF7DD05CFF79B
:107EE00015054006E507400651000FF8A1000FF800
:107EF00039010FF811020FF879020FF845030FF856
:107F00008D050FF8E5050FF86D060FF8DD060FF883
:107F1000AD0080063D004FF845004FF859004FF87E
:107F20000902800651014FF8DD038006D105800665
:107F300001054FF889008FF8B100C00601018FF8E4
:107F40000D01C006AD018FF821028FF871028FF884
:107F5000C1028FF8DD028FF8ED028FF835038FF83C
:107F6000E1038FF8F1038FF8F5038FF821048FF800
:107F70003D048FF8C102C00679048FF8A100800784
:107F800055018007FD000FF9B5010FF97501800754
:107F90002107800771050FF91D0780079D00C007A5
:107FA00019048FF9B9048FF9C9048FF9B5040008D1
:107FB00009058FF909058FF9AD058FF9D1058FF9FD
:107FC000ED068FF9090500085503CFF939050008BA
:107FD0008103CFF9ED03CFF92904CFF93904CFF9A3
:107FE000D50500086904CFF9ED0500081D06000855
:107FF000FD04CFF91905CFF9450600084105CFF971
:10800000550600086505CFF9850600088905CFF9F2
:108010009D05CFF9C105CFF98D060008B906CFF946
:108020000107CFF91907CFF94D07CFF99507CFF918
:10803000A907CFF9410700083D060FFA89070FFA93
:10804000E1070FFAF9070FFA2D004FFA2D004FFA4A
:108050007D00400895004008FD048FFA15058FFA51
:1080600041058FFA5D01400875014008D5058FFA7A
:1080700051078FFA69078FFA9D078FFA610340084D
:108080000D06CFFA2506CFFAC90340084D018FFB34
:1080900065018FFB8903CFFB9103CFFBC503CFFBAA
:1080A0005906CFFB7106CFFBA906CFFBC106CFFB5C
:1080B000FD06CFFB1507CFFB4907CFFB6507CFFBBD
:1080C00005000FFC6D000FFC9D000FFCED000FFC88
:1080D000F9000FFC4D010FFCB1010FFCBD01800840
:1080E00041030FFC45030FFC81030FFCCD030FFC84
:1080F000510380088903800855058008B9060FFCE4
:10810000C9060FFC55058008B105800849070FFC1A
:1081100059070FFC69014FFC71014FFC81014FFCB5
:108120009D014FFCC5058008D5014FFCD9014FFCCE
:10813000E9014FFC75024FFCF1024FFCC9044FFCF2
:10814000E1044FFC7D054FFC25064FFC19074FFC51
:10815000DD008FFCE5008FFCED008FFCF5008FFC4F
:1081600009068008F5018FFCB9068008F1038FFC31
:1081700091048FFC15058FFC5901C00801078FFC85
:1081800011078FFC21078FFCDD078FFCED02CFFC70
:108190006104CFFC6504CFFCB504CFFCBD04CFFC6B
:1081A000D904CFFC1505CFFC1D05CFFC8506CFFCFF
:1081B000090000096D000FFD81000FFD19020FFD80
:1081C00031020FFD75020FFD8D020FFDED030FFD56
:1081D00005040FFD31040FFDA9050FFD55004FFDEE
:1081E0006D004FFDE5004FFD95014FFD9D014FFDD9
:1081F000B1014FFDC9014FFDAD034FFD49028FFD98
:1082000061028FFDE100000901048FFD19048FFD5B
:10821000C9058FFDD504CFFDED04CFFDB5020FFEDE
:108220009D038FFEB5038FFEF50040090D01400947
:1082300059020FFF71020FFF59028FFFB5028FFF26
:108240001100C002A9024004ED060FF691020001E0
:10825000F9004FF6F5020001BD060006D905CFF87A
:10826000E906CFF83D024FF949024FF9B503C007BF
:108270005D00C000B1068FF9F9068FF94907CFFA02
:10828000F9040000D5020001210440083D0200016C
:1082900089020001550200013D0440080D05400817
:1082A0009D008FFB5D064008A9028FFBE5020FFDD4
:1082B000F5020FFDC502C00A01034FFD35010000A4
:1082C00071010000F9038FFD2902CFEE61048FFDDB
:1082D000F1048FFDF506CFFD95050FFE41074FFE1A
:1082E000F9030009190400090900000085000000D5
:1082F000E2C20845018068408420030C190831045B
:1083000048410E8D0015061021421D78460E6FFB68
:108310000143C2C6284D4C70C608E0000843001552
:108320000610004161402142F60A2FF60143C2C601
:10833000E2C20845018068408420030C190831041A
:1083400048410E8D0015061021421D78EA0D6FFB85
:108350000143C2C6284D4C708608E0000843001552
:108360000610004161402142CA0A2FF60143C2C6ED
:10837000E2C20845018068408420030C19083104DA
:1083800048410E8D0015071021421D781A0E6FFB13
:108390000143C2C6284D4C704608E0000843001552
:1083A00007100041614021424E0BE0000143C2C66C
:1083B000E2C20845018068408420030C190831049A
:1083C00048410E8D0015071021421D78A20D6FFB4C
:1083D0000143C2C6284D4C700608E0000843001552
:1083E0000710004161402142260BE0000143C2C654
:1083F000E2C20845018068408420030C190831045A
:1084000048410E8D0015061021421D78DE0A6FFBD3
:108410000143C2C6284D4C71C60FA0000843001589
:108420000610004161402142CA092FF60143C2C62D
:10843000E2C20845018068408420030C1908310419
:1084400048410E8D0015071021421D78BA0A6FFBB6
:108450000143C2C6284D4C71860FA0000843001589
:108460000710004161402142BE0AE0000143C2C63C
:10847000F1C081808424031C110C3114001005000C
:108480000E881D789F5A04F010E08F5AD1C0E07E0C
:10849000F1C081808424031C110C311400100600EB
:1084A0000E881D78A15A04F010E0905AD1C0E07EE9
:1084B000F1C081808424031C110C311400100600CB
:1084C0000E881D78A05A04F010E0915AD1C0E07EC9
:1084D000F1C081808424031C110C311400100600AB
:1084E0000E881D789D5A04F010E08E5AD1C0E07EAF
:1084F000FC1C88B7E1C0E1C1E1C2E1C3FC1C08B1CA
:10850000FC1C48B1FC1C88B1FC1CC8B1FC1C08B2A6
:10851000FC1C48B2FC1C88B2FC1CC8B2E1C4F1C00F
:10852000FC1C08BF6A208000E1C06A20C000E1C0D6
:10853000C340F0002D000088C1B8F0260170A000F3
:10854000388603E94079C1C06B20C000C1C06B20F0
:108550008000C1C00A240070D1C0C1C404140B340F
:1085600004140A34041409340414083404140734B9
:10857000041406340414053404140434C1C3C1C201
:10858000C1C1C1C004141E346F243F00E4C22F27B0
:10859000BF036F233F00CB45A000A242208D0621E0
:1085A00000007E0BAFEE00AD208D1470C340F000D4
:1085B000340005F27B00200033A8A0B933A820AD19
:1085C00000168070A000A142147033F20016C07033
:1085D000A000B042CB44A000A0421470C343F000FE
:1085E000400226002B00408C6D71E5B8002B8010F6
:1085F0002F27BF006F233F0012F42583067925A3A0
:108600002F26BF0011F02F277F006F233F00078325
:108610000F20800007A32F267F000BF025832578ED
:1086200005A32F26BF00008C002B001006A32F26C9
:10863000BF03C4C6E6C1A3C12F273F026F233F007B
:108640006F263F0437886D7034700CF2358883E9EB
:108650003688448005B9422101083A62688A7470FC
:108660008E00210080C4E782C682FFD95ADD181A25
:10867000800F12005CF987A240C641C74F0020005E
:1086800042C1AB25081E00168170F0003500C5B947
:10869000347210F46F273F006F233F00AA215A0065
:1086A0004B2180830BF22F21BF0F000077000BF0CE
:1086B0002F21BF0F0000B70005F02F21BF0F0000D2
:1086C000B7006F263F04688A02C108EB8C21C38F74
:1086D00004F477887470D7F58C21C38F6D7109F419
:1086E00027820F09010301C127A200C126A22F265C
:1086F0003F026140C6C5E07814707C002100004351
:108700002F273F036F233F006F263F0422F029F4F9
:1087100000168070F0003500C5B814720FF46F2792
:108720003F006F233F00AA205A004B2080830CF2A9
:108730002F21BF0F000077000AF02F21BF0F00008C
:10874000B70006F02F21BF0F0000B7006F263F04CF
:108750004C8B00815470BA07E2FF8C20C38F2F2608
:108760003F038C20C38F0041CA21E1085470E07F91
:10877000CA204100E07F23D8E8C3A3C12F273F04CC
:108780006F233F006F263F042D90AD7034700CF2C4
:108790002B9083E92C90247742805A2101053A627C
:1087A0002C8A34709400210080C3C482A282FFDC32
:1087B000081A800F1300305764A240C541C651000B
:1087C000200042C4AB21080E00168170F000350075
:1087D000C5B934720FF46F273F006F233F00AA2101
:1087E0005A004B2180830CF22F21BF0F000077002D
:1087F0000AF02F21BF0F0000B70006F02F21BF0F96
:108800000000B7006F263F042C8A02C409E98C24BB
:10881000C39F07F42D903470AC07E2FF5AD98C2423
:10882000C39FAD710AF404821108C10001C004A203
:1088300000C002A291D867582F263F04A140C8C7A4
:108840002F27FF006F233F006F263F044D90547089
:1088500024F200168170F0003500C5B9347210F4AE
:108860006F273F006F233F00AA215A004B218083CE
:108870000BF22F21BF0F000077000BF02F21BF0F4D
:108880000000B70005F02F21BF0F0000B7006F26D2
:108890003F042D903470DFF52F26FF00E07F792212
:1088A0000000E07800168070F0003500C5B8147242
:1088B0000FF46F273F006F233F00AA205A004B2080
:1088C00080830CF22F21BF0F00007700E07E2F2164
:1088D000BF0F0000B700E07E2F21BF0F0000B700E0
:1088E000E07EE078F1C002881308BF01F6D8028963
:1088F0001108FF010C70D1C0E07E2E09AFF42C717D
:10890000F0D82609AFF42C71E4C2C3420000000085
:10891000C343000000002845420D6FF908464C7023
:108920006C70C140E2082009A141C4C6E4C2C34240
:1089300000000000C3430000000028451E0D6FF931
:1089400008464C716C70C140BE082009A141C4C6E4
:10895000E4C2C34200000000C343000000002845F9
:10896000FA0C6FF908464C726C70C1409A082009E5
:10897000A141C4C6E2C2C34200000000C3430000DC
:108980000000D20C6FF908454C736C767A08200908
:10899000A140C2C6E4C2C34200000000C3430000BD
:1089A00000002845B60C6FF908464C746C70C14045
:1089B00056082009A141C4C6E4C2C3420000000019
:1089C000C343000000002845920C6FF908464C751F
:1089D0006C70C14032082009A141C4C6E4C2C34240
:1089E0001300A89BC3431300AC9B28456E0C6FF982
:1089F00008464C766C70C1400E082009A141C4C6DF
:108A0000E4C2C34200000000C34300000000284548
:108A10004A0C6FF9084607DA6C70C140EA0FE008AB
:108A2000A141C4C6F1C0C34200000000C34300001E
:108A300000001A0C4FF908DACE0FE0086C74D1C0B0
:108A4000E07EE078E4C2C34200000000C3430000BF
:108A500000002845060C6FF9084609DA6C70C14021
:108A6000A60FE008A141C4C6E2C2C3420000000054
:108A7000C34300000000DE0B6FF908450ADA6C768C
:108A8000860FE008A140C2C6E2C3A1C1CE0BEFFA37
:108A9000084540C0C34200000000C343000000007E
:108AA0008C7640240530060BEFFAA1400BDA6C7689
:108AB00040240430420FE008A14000C0C2C7E07863
:108AC000E4C2AD70CB4613000C9C0086218602796F
:108AD0000B0952012E0BEFFA22B9A571EF0D349458
:108AE00008E6C3421300AC9BC3431300B09B5E0B6C
:108AF0004FF90CDA120FE0086C74C4C6F1C0C3421F
:108B000000000000C34300000000420B4FF90DDAE3
:108B1000F60EE0086C74D1C0E07EE078F1C0C3428C
:108B200000000000C34300000000220B4FF90EDAE2
:108B3000D60EE0086C74D1C0E07EE078F1C0C3428C
:108B400000000000C34300000000020B4FF90FDAE1
:108B5000B60EE0086C74D1C0E07EE078E07F0C7067
:108B6000E8C2084594E142012500ED700E71CD7018
:108B7000E1ADE0AD4209AFF5CF78618D408D2F2199
:108B8000080408BB1470C571657ACF78C52242000D
:108B90002F20402040AD28BADD08748241AD09DEA7
:108BA0000E71E3AD021DC2130E09AFF5CF78638DD0
:108BB000428D2F21080408BB1470C571657ACF78E7
:108BC000C52242002F20402042AD28BADD08B484DF
:108BD00043ADCD700E71E5AD041DC2130208AFF5B3
:108BE000CF78658D448D2F21080408BB1470C571A2
:108BF000657ACF78C52242002F20402044AD28BAA4
:108C0000DD08748245ADE7ADE6AD09DF4A264010C8
:108C1000CE0F6FF5EF78878D468D1470402C0012C3
:108C2000D079E5714578EF7BC52042003B7E06ADEB
:108C300028B8E10BB48407AD1A0F4000120F600092
:108C400008ADEA0E600009ADC60E60000AADF2087C
:108C5000AFF50BAD6E09AFF50CAD1E09AFF50DAD5F
:108C60000EADC341F00000010D8914DFC2B80FAD95
:108C70000989C6B810AD0591C6B811AD0C89C1B847
:108C800012AD138D2C8900160270F00090016C203B
:108C9000430024B95B78442142004420810005232D
:108CA0008000257813ADE140C8C6E078E8C2F02620
:108CB0004D70A000F44D48470846B57066F22F2766
:108CC0003F046F233F00018500AE6085428528B8D0
:108CD00001AE204062AEFE0F2FF843AE828E04AE8E
:108CE0005527801F22B8C5B840250315984E4C70F3
:108CF00009240B101FF0608320EBD48B8089447112
:108D0000C3BE6C24C010C57800A9888B8420C20320
:108D100004BC8424011C857800A9158BC57C07B888
:108D2000857800A90C93968B02A928B881A903A97C
:108D300024744F78C308C4820CE520F0A08521ED8F
:108D4000948D60894471C3BC6C23C000857800A9F0
:108D5000688D8420C20304BB8423010C657800A9BC
:108D6000158D857B07B8657800A90C95768D02A9CD
:108D700028B861A903A924744F78C508C4822F2696
:108D80003F0408D9157903F02C703078C8C6E07814
:108D9000E4C2CB44A00054868084607C4845CD70FA
:108DA00009E8008DCD7107E83D582488058821AD7C
:108DB00002ADC140C4C6E078EAC208457CB8704143
:108DC00048461D08F50030405525401E0F79C1402A
:108DD0000242B7FF001904200C71CAC60F0D7418A7
:108DE0001E4E2C702E09EFFC4C75CB47A000488618
:108DF0008287A1400241C142607C224307E8710D95
:108E0000F0100C71310D1011E9F1250D32140C70B8
:108E1000870D30140241F9E544F2FEE5DFF5208FBD
:108E200003AE02AE01AE0C7420AE3FF0410DD01087
:108E3000AB0D1191160EC0070845026EC341130019
:108E4000999A8E0AEFEE4C76184EC341A0007C87AB
:108E50007E0AEFEE4C7609ED8025041F1E4E4C76FF
:108E60006E0AEFEEA14100110021B6F10D08352583
:108E70000C7000190520CAC6A20EEFF90C72412829
:108E80000306412802044128010210AE14D873AE33
:108E900052AE31AE09F010D8CA0AA000C14205F0A6
:108EA000C14002412FFF310911A098F1E8C2CB4621
:108EB000A0004886648648453040607B0847B6E895
:108EC000FEE70C7033F40D081020408D40AE03F027
:108ED000408ECB4513009F9A05EA8C22C38F23F264
:108EE00006F08A0C6FEEA140408E1AEA21860169D5
:108EF00001A6D20A6FEE5A4D008E250894003B5809
:108F0000004320441D4DE141BA0A6FEE0242008E3B
:108F10000D08F4005425401AAA0A4FEE048E0D08DD
:108F20001E001A0C6FEE0AD80C71C8C6E2C2390BCB
:108F3000B00028434D0B5000AF0B11008090630C24
:108F40001316B70CD011C30C10129F0C9112219064
:108F50000C7164690D09340260A253217E804CF2C9
:108F60000AD86DF08090C341A000ACE84F0CD0113E
:108F7000530C1012730C9112E20800000C71C2C65F
:108F80008090CB45A0005C86430C90164F0C501689
:108F9000570C1116828529EC407C0C71C2C6830CDB
:108FA00010168D0C5016430C911621900C716469AB
:108FB0004509300160A21AD841F0E60B00000C719F
:108FC000C2C6260C00000C71C2C620850DE925889A
:108FD0004385607A04880C71C2C6808505EC607C8C
:108FE00004880C71C2C6CB44A0006086A08429ED21
:108FF000607D6141C2C621900C716469F9093081BC
:1090000060A207D81BF021900C716C698469F8E3A9
:1090100080A205F753217E80EEF308D80FF021904F
:109020000C71646960A268E918D809F021900C718C
:109030006469C509308160A219D82C7170580C7010
:10904000C2C6E078F1C079200000047104A90C7157
:109050006458D1C0E07EE078F8C2084604880D0864
:109060001F000196A10811020B1694105A086FFAFE
:109070000A16931004E82D10920003F04E71CB47AE
:10908000A000D0E9CB45A000B0E90C70031FC214CA
:10909000041F02151CAD181D4511229608169010CC
:1090A0004B210086304113F24129CC20532441103A
:1090B0005D09D0006B0990007D095100670A5F20AF
:1090C000C341A000EC4021D84DF02E581045345833
:1090D00000410240A242335816E8BC4818DAF20FA9
:1090E000AFEEA1400185F0D904796309300491E025
:1090F000E5093108A2E0F7F2A1E0C6212126CF213F
:10910000E120F5F000962C767058D8C6081D811421
:10911000041D8114001D801FA00074400DF03F0A43
:109120005120081D4114041D4114001D801FA00082
:10913000544003F001A5498E2E8D00AF5B7AC0B973
:109140001FAD194E45792EAD44F00A02210056712B
:1091500092E00F022000C5212126C341A000084152
:1091600022D8558DC0DB2F2402040916881006165C
:109170000B114424071141290C235320862002A5FA
:1091800001A520A50421C120442400024424091281
:109190006C24CC0026B905208001412985230521B6
:1091A000C101857884220200442543000521410243
:1091B000457873AD34AD15AD0396101DC412121D64
:1091C00002121FAD28B800AFFA096000A140194E85
:1091D000008802AF41290022442117A1D342A000F8
:1091E00074861D1D4214011F02141EAD12F2C5B873
:1091F000D3464C3DCDCC1108740163B84830800093
:109200000030960527091F20D3401200544B08F068
:1092100023093F20CE70D3401200504B4023C0247E
:109220006C204000001A002410F0D3401200804B44
:1092300004F0D34012007C4B9C4E056F6242920EAC
:10924000AFEE001A002410D840275511F670D3470E
:109250001200D8580DB50FF240250516A1408241E5
:10926000A24262430A24C005232000040A26800586
:10927000D8C615097F2040250516A1408241A2428B
:1092800062432CF0422351202F2647F41FF2402541
:1092900018160A2640248A46CF796C718C70A1403A
:1092A000A242232000040A25000600121020C677DF
:1092B000A6712F2687F5C571F0F542238120066F30
:1092C0002F7A00245424002215002F210705402561
:1092D00005166C71A140A242232000040A24C00597
:1092E000D8C6462111264F2111210895528D958D02
:1092F000748D131589108A2301101FAD42AF4128C8
:1093000002029B78366B402BC8000421862F000098
:109310001F3FC2BC4421511040AF6C2009014420C2
:1093200002040421C00244200B18457C0526C20219
:109330000CBB8421020045780423830F0F000080BA
:1093400025784029912365780524501205211120A4
:1093500042F146211126CF212121CF21E2200E8D7D
:109360000E70001F02141F1D02141D7833F1E078E7
:10937000C341A00084864081004307EA4040438205
:10938000FEEA63A002F060A10C70E07F0C1B0100FC
:10939000C340A00078862180E07F0080E4C2CB45F6
:1093A000A0007886C488088D390E0010170E911021
:1093B000220A4FFA21A500A53BD8C3411200245C24
:1093C00007F01F08B1003BD8C341110064A69A0EF4
:1093D00000000C716B200004E078E078E078C8AD04
:1093E000C4C6E078EAC22190A468CB47A000788682
:1093F00038608A20832840201101008D8C20038C46
:1094000048002500C16D288FB509B10000418021B9
:10941000FC02A509750241DA770A6F0082DA7F0A39
:109420006F008A220401910A4E00248E21A7418EEA
:10943000638E208E828E08BA08BB257A052301032D
:1094400010B9457920A73CF07D083000A572A387AC
:1094500007000000A385770D101020852489F909E5
:109460000180088F0B0851003B5821A700A7488DA9
:1094700001855E0CAFEEC1414085A88DB912C000D8
:1094800045083300DD652187008772581CF0408E47
:10949000208761870022428009F0218E408E8087DC
:1094A00008B961874579002442904123018021A7B2
:1094B00040A706F0001E0274F0004800860C2FFA48
:1094C0002C701D65370D4494CAC6E2D8001E027088
:1094D000F0004800CAC6E078F1C0A3C1C342A000B2
:1094E0008086408A0AEA048841C12C7493B940C13D
:1094F00062C00C7180C16458A3C0D1C0E07EE07826
:10950000E6C242233C8015F2CD70AD70A820400425
:10951000976D5C642F27FF026F233F00F38C06EFEB
:10952000D3AC0E1C4310D0A42F26FF02A571EA086D
:109530008FF9C6C600161D70A000044709244C17F9
:10954000F0261D73A000206CAB251030AA259030AA
:10955000350DFE315025DD31AB2590306724403389
:10956000FC1CC8B7AA250938A7250939FC1C48B72F
:10957000AA254938A7254939FC1C48B70A27803F46
:1095800011003CC86F243F00AA2790304F27DF31DD
:10959000AB27903004141D34AB25493904141D3415
:1095A000AB25093904141F3467244033AB2710302E
:1095B0006F243F00C342A000908639A2E07F18A22A
:1095C000F1C086090FFDC340A00008474020020AF1
:1095D000CC4820E0001A800F12001C5E0019800F9A
:1095E0001200C85D0018800F12000262D1C0E07E38
:1095F00005EB1522CC00FC1CC09059070FFEE0784B
:10960000004206E8108AE7B80C77E07D6501EFFEBE
:109610004040E078EAC200101000084558204E0192
:1096200070B870410A0DEFFC2847C34100801E400E
:109630003671D5212208E4A6041D50101825021405
:1096400007F42C70041E0110A3A642A60AF0C34121
:10965000A0009086988179814041A1A683A662A648
:1096600020A6CAC60C705470AB205002E07CC340E8
:10967000A000E886E07F40A0EEC24E70CB46A0007E
:1096800090868A2190285240A46EAB2250220085F9
:10969000402153200CE82086E18580B92B2140042D
:1096A0008A0E0FFEE5782B20C00406F02B22402402
:1096B0002B22C02406710CE62672D70834A20CE5D2
:1096C000CEC6E078EEC2D98808453043C1BE020854
:1096D0006FFBA1404E700E710AE81F0EB510A1403D
:1096E0003558130B25200C712E7040F00C71104171
:1096F0003CF00D8D03E8E08505F00D1D4310A947F2
:1097000002F01CEFCA0F2FFBE14011E8E140355891
:109710001B08C104558705EA3987607AE140190FB3
:109720006013E140BE0A0FF906F0A60F2FFBE140DF
:1097300002E80E70E087E7F1167015F2A60A2FF91D
:10974000A1400B0E90100D1D0310108D14700BF224
:10975000101D03109E782C704C71A1409158BE785A
:109760004E71792010200C7083E85670B1F514709A
:10977000CA2042240240CEC6001E0070A000E0476E
:109780006A208002AEB8BFB829200080AA20C1009C
:109790005120C087BFB8AB20C100E7246233C74067
:1097A000A000E047641C08B0AA204909981C0030BA
:1097B000AA200909941C0030AA204908901C0030F6
:1097C000AA2009088C1C00300A20000F881C0030D9
:1097D0006A208000841C00306A20C000801C003099
:1097E0007C1CC037781C8037741C4037AA2050007E
:1097F0005CC06C1CC036681C8036641C4036601C23
:1098000000365C1CC035581C8035541C4035501C3B
:1098100000354C1CC034481C8034441C4034401C6F
:1098200000344FC74EC64DC54CC42C1CC032281C3A
:109830008032241C4032201C00321C1CC031181CF9
:109840008031141C4031101C003143C342C241C15D
:10985000AA204800422000841E0001006A218008DE
:109860004421C1006B2180082220800F1200D039D2
:1098700014702A000100AB20480000160A70A000F6
:10988000AC46001A00172220800F1200EC2A0016A6
:109890000A70A000AC4600121C1098141E30AB26B3
:1098A000493994141E30AB26093990141E30AB266A
:1098B00049388C141E30AB26093888141E300A240F
:1098C000807784141E306B26803080141E306B2607
:1098D000C0307C141F3078141E3074141D306C148A
:1098E0001B3068141A3064141930601418305C147A
:1098F00017305814163054141530501414304C14BA
:1099000013304814123044141130401410300FC773
:109910000EC60DC50CC42C140B3028140A302414A8
:109920000930201408301C140730181406301414A1
:1099300005301014043003C302C201C11CC0AB20A7
:1099400050009C1400346F233F006F243F00E078E8
:10995000FC1C08B0AA2048000B0810000C70AB20BB
:10996000480010D8AB20480004140034E07EE20820
:10997000000098141E306B26403398141E30AB261E
:10998000493994141E30AB26093990141E30AB2689
:1099900049388C141E30AB26093888141E300A242E
:1099A000807784141E306B26803080141E306B2626
:1099B000C0307C141F3078141E3074141D306C14A9
:1099C0001B3068141A3064141930601418305C1499
:1099D00017305814163054141530501414304C14D9
:1099E00013304814123044141130401410300FC793
:1099F0000EC60DC50CC42C140B3028140A302414C8
:109A00000930201408301C140730181406301414C0
:109A100005301014043003C302C201C11CC0AB20C6
:109A200050009C140030AB201000A0140030AB207C
:109A300090005120C087A41400346F233F000A0017
:109A40000100672440336F243F00E07800160A705D
:109A5000A000AC4600121C10C34000400000AB2028
:109A60005002E07EE2C0AA240A14157C92498A20A2
:109A70009F0F4478412A430135BA4F200D0004233B
:109A8000810F0000C0FF5322C0002578A0B401B4AC
:109A9000C2C4E078E8C2CB45A0001C8748462847EE
:109AA0001040C340A00094402ADA260E6FEEA14178
:109AB000DC4DC340A000C040160E6FEE2ADA024013
:109AC000E1417A0AAFFAC142C8C6E078CB44F0005F
:109AD0000001148C17089F01148C13085F010B946C
:109AE0000B081F00148CE4B8E07C148CC341F00018
:109AF000340045DA15A9768C70D890B876A954A9A7
:109B000005A445D82107EFF32C70E078C340F0009E
:109B100000012D880C88C2B924B8C0B84720C00104
:109B200009204000E07F0471C340F00000012D884F
:109B30000C88C2B924B8C0B84720C0010920410030
:109B400022780471E07F0F78CD010FF5B5010FF594
:109B5000D9010FF5F1C0EA080FF51108740242208F
:109B6000410209095402FFD8D1C0E07EF1C0B20E13
:109B7000CFF114700C7023F2C341A000E842248995
:109B80002B09D0002D0950002F09900097E9C34000
:109B9000A000C44500884420000210B85220C00430
:109BA0000020800F0800000009F00C7097B807F043
:109BB0000C7095B803F00C7096B8D1C0E07EE078D8
:109BC0005588748878D9447904BAC3BB8422010CBF
:109BD00087B9657A35A8E07F54A8E078E2C0648848
:109BE000058824BB0029CC006C714128CD00412898
:109BF000010106234003C2B947783878057C8F7885
:109C0000C2C4E078EEC3A1C1084614882486F56872
:109C10003F67288F0386001E0070F0002C011CE9AE
:109C20004087698F01864027111403128B00828AB6
:109C3000442312820A20402403F4001110200D71E5
:109C4000290B3F00AD711D0A302028451D09540124
:109C5000AD740CF02286001C013000C000A1CEC7FC
:109C600009093404284510DD2187428640C100C11E
:109C70001108312020A22C7023A022A021A020A016
:109C80004423138104F24A8F22864CA90028021330
:109C90002F273F036F233F00C341F0004002130B07
:109CA00051106581657A45A12F263F0306F0658135
:109CB000467B65A12F263F030D0830200241120C80
:109CC0006FEEA142110B31205325011142860C7019
:109CD00090B806F04286C3400100000140C060C158
:109CE00000C02B08302001A2088F230D0510210A87
:109CF00010201B0D35114E253C11B24FA820C0017C
:109D0000B8673088B862A57130A8CEC7027500194F
:109D10004023CEC7EEC3A3C1084614882486F56845
:109D20003F67288F0386001E0070F0002C0118E9A1
:109D3000498F0186402711144422138250420A2081
:109D4000402404F400111020290A3F20AD711D0B9E
:109D5000302028451D095401AD740CF02286081CE2
:109D6000013002C000A1CEC709093404284510DD26
:109D70000D08302002415A0B6FEEA142170ABF2096
:109D8000532501110C7090B8428641C061C101C0D9
:109D900008F0C34001000001428640C060C100C01D
:109DA0002B08302001A2088F230D0510210B102055
:109DB0001B0D35114E253C1102274213A820C0016E
:109DC000B8673088B862A57130A8CEC7027500198F
:109DD0004023CEC7F0C208451488248510DFD5681B
:109DE0003E66098E20850C1611100816901044202E
:109DF0005480CA2762100F08BE00104250228020F3
:109E000009AE13093020092713142240C20A6FEE4D
:109E10006242150F25140220C024C341120070674E
:109E200008AE27F0148D4086768D04710F7970711D
:109E3000228A8D71638ACA202600002C421014AD3C
:109E40002F273F036F233F00C340F0004002C34170
:109E500012007867110B51006580467B65A02F26A4
:109E60003F0307F06580657A45A02F263F030D0963
:109E700030200021C02403A6512240A02E701FF2E2
:109E80003D270214792400200520BE8017F20586A4
:109E90000430408426002C00A1426A0B8FFD147010
:109EA0001A002B004A21C0280385001E0070F00014
:109EB0002C011F0F25142E7010F00D0F2514A1403A
:109EC00095FFD0C6A14050FF178D047717AD468689
:109ED00004EA2786607A2240D0C6E0783906EFFF90
:109EE0002040E078E2C22040284547FF178D0477E4
:109EF00017ADC2C6F1C0C8444A26C001F81CC8B19B
:109F0000420B6FF58147A2C0D1C0E07EF1C0C844CA
:109F10004A26C003F81CC8B12A0B6FF58147A2C0BE
:109F2000D1C0E07EF1C0C8444A26C001F81CC8B1C7
:109F3000420A6FF58147A2C0D1C0E07EF2C3A1C141
:109F40000010150108470A21C0210A2280210A2396
:109F500040210A20002170442F273F006F233F003B
:109F60000DC6168E778E04771D0B0300758E048642
:109F7000B56B1D652AAD1909FF20E0A57822030005
:109F800044A50FF06F263F000C70D2C720EA49208D
:109F90001021284D40413A096FEE02426C700CC00E
:109FA000081D02140C1D0015181DC0141C1D801462
:109FB000091D421405A580C0E141820F2FF5A24280
:109FC00000C001A5C14004F80C71D2C76F263F0044
:109FD000DCF1E078E2C20845178884E8A1400AFF76
:109FE000DE086FF5A1406F263F00C2C6F6C23045BD
:109FF00008457758782013008CD81F230F20CB46B4
:10A00000A000CC49A1408E0DEFF9DF672F871047E4
:10A01000304105E9624020581042EB852A852F2700
:10A02000BF056F233F006F263F046240E1423E0CB4
:10A03000EFFC30408E710DE8388D6C70A2426240AA
:10A040000A240004E145A146265883E88E704C712D
:10A05000E241624099582F26BF05410930206240F5
:10A0600020583908640462409F200203C84E1E66CF
:10A070001D0A64243A602182088605207E800EF243
:10A0800007200004E77905207E8008F24023402263
:10A09000201E0014E1A28D588240D6C6EAC2F269A1
:10A0A000504130405CD9E14268466A0E2FFC0845B9
:10A0B0004A240072A2A6FD650C6D2C70C14203A655
:10A0C000A820C002011180241470CA2161003470DC
:10A0D000C078011A1200C340A00074872080101EAF
:10A0E0000014C0A025A6CAC6EAC200160370A000CC
:10A0F000FC8648473040CE6BC343A100CC084023C8
:10A100000D061041C34213007C9BC141A140E4FFF6
:10A110000019802FA0009487C0A700184023CAC64A
:10A12000EEC2C8470A2100217042484530401D0D4B
:10A13000300010430AEF40250E0666BD0242A043E0
:10A14000C140A141D6FF03F0A84662400241A142AE
:10A1500042430A244004C1454E0E6FFEE146CEC67E
:10A16000EEC2C340A0007487E080504230436A20B2
:10A170008002AEB8292000802E7032F040201104F9
:10A18000630B442462874387604170401309A50034
:10A1900028462086D3715C5C5C5C246EF8F3002258
:10A1A0000D2008DAA140E141260F2FEEC3A70226B9
:10A1B000001441280204412801020CAD4EAD2DAD22
:10A1C000248738B80FAD41298303412982011269E0
:10A1D0006AAD49AD08ADE58736B92BAD2F204804EF
:10A1E000CEEF6A2180028EB929204080CEC6E07869
:10A1F000EAC20847CD70AD7037F000160170A000BC
:10A200004C405A2500161A6100120B01590B7E10A2
:10A21000504016400220D1834326019007D83C20AD
:10A2200042047F2100003470CA2081009AE80E4069
:10A2300040204C8041260390002111A30121C180C0
:10A240007C2102227A2100003470CA208100F6E8C5
:10A250004F2380100D0BFE100018042002407E5882
:10A2600008184024A5710016C070A00050408F0D42
:10A270000290CAC6E4C2E1C4FC1CC8B2FC1C88B28D
:10A28000FC1C48B2FC1C08B2FC1CC8B1FC1C88B108
:10A29000FC1C48B1FC1C08B1E1C3E1C2E1C1E1C052
:10A2A000FC1C88B76A25C010E1C56A258010E1C58D
:10A2B000FC1C08BFCB45F000A0010085A0B800A59C
:10A2C0000415021022850285E078FD090180CB4645
:10A2D000A0007887008E596138609A58001EC3111B
:10A2E000008581B800A5A15840D9C340F0002C01D9
:10A2F00020A062084FFC05E8008580B800A5095839
:10A30000C1C50A244073C1C56B258010C1C56B252A
:10A31000C01004141E34C1C0C1C1C1C2C1C30414E1
:10A3200004340414053404140634041407340414E7
:10A3300008340414093404140A3404140B34C1C45A
:10A34000C4C26F243F00E078EEC281581470A000B0
:10A35000210008452F27FF046F233F006F263F048D
:10A36000008DE1B842F4CB46F000A0010086A0B811
:10A37000001E001022860286E078FD09218030410F
:10A38000D20F2FFC04161210D340A0007887CB47C1
:10A39000F000200114E802854220C081CA206E002E
:10A3A00002A524871F09BF014270402180219A58CD
:10A3B0000010802004710018022006F00018C3214C
:10A3C00004F002A5A1407C58009581B800B540D8A2
:10A3D00000A706A7008681B800A604870D089F0184
:10A3E000A158008680B800A62F26FF04CEC6E078CC
:10A3F00005E80018840F0000E50706E90019820F40
:10A400000000040005EA001A820F0000100006EBAD
:10A41000001B820F00000D000D0C1000001C820FAD
:10A4200000001A00B470E07C001D820F00001B00C9
:10A43000E07EE078A81000011470E07FCA2061007F
:10A44000E2C2E6E117F48D7666DD93BCC341A1005C
:10A45000CC26001E4273F000480080A1051983023B
:10A4600043B1188864B10A19040104A90C71645835
:10A47000C2C63E0E8FFCC2C6E4C3A7C1084634580C
:10A4800008452E580042C140A141335808450FE805
:10A490002F856079A1402508B50010D84E85607AD7
:10A4A000A141250830046FD909F04C7080C022D931
:10A4B0006C70404466C607F066D94C706C704044BE
:10A4C000A1406C58C4C7E078F1C008B80A27400121
:10A4D00098B84A2500025358D1C0E07E0A274001AF
:10A4E000ED052FF54A250002F1C000358C0F8042A2
:10A4F00000000A2780014834461208B82F2488112A
:10A500000F0C341198B80024861F0000FCFFAC72B9
:10A510005358D1C0E07EE078F1C000358C0F804206
:10A5200000000A2780014834461208B82F248811F9
:10A530000F0C341198B80024861F0000FCFF4A2538
:10A5400080025358D1C0E07E0A2780010A264001CC
:10A550007D052FF54A25C002F1C000358C0F8042E1
:10A5600000000A2780014834461208B82F248811B9
:10A570008FB8110C341198B80024861F0000FCFF1E
:10A58000AC725358D1C0E07EF1C0FC1C88B7E20F1A
:10A590000FFA04141E34D1C0E07EE078F1C0FC1C38
:10A5A00088B79A098FED04141E34D1C0E07EE0789C
:10A5B000FC1C88B7E1C0E1C1E1C2E1C3FC1C08B1E9
:10A5C000FC1C48B1FC1C88B1FC1CC8B1FC1C08B2C6
:10A5D000FC1C48B2FC1C88B2FC1CC8B2E1C4F1C02F
:10A5E000FC1C08BF6A208000E1C06A20C000E1C0F6
:10A5F000AA20900277B80F780F0850008AE8C3406D
:10A60000A000EC4004F0C340A0000841CA0F8FFF37
:10A61000C1C06B20C000C1C06B208000C1C00A2433
:10A620000070D1C0C1C404140B3404140A340414DF
:10A6300009340414083404140734041406340414CC
:10A64000053404140434C1C3C1C2C1C1C1C004145F
:10A650001E346F243F00E078E8C2E1C4FC1CC8B29D
:10A66000FC1C88B2FC1C48B2FC1C08B2FC1CC8B123
:10A67000FC1C88B1FC1C48B1FC1C08B1E1C3E1C260
:10A68000E1C1E1C0FC1C88B76A25C010E1C56A259C
:10A690008010E1C5FC1C08BFAA2090024220C1081E
:10A6A000422040092F7C4C739140110CB5110F7B57
:10A6B000482082208022830FB36ACD71C340A0005E
:10A6C000744984251F1ECB47F0002001787E1D654C
:10A6D0002F273F006F233F00C9A741852085041D18
:10A6E0000110001D01102F263F00024045580A8727
:10A6F000C478D170EEF3C1C50A244073C1C56B257F
:10A700008010C1C56B25C01004141E34C1C0C1C166
:10A71000C1C2C1C30414043404140534041406343F
:10A7200004140734041408340414093404140A34D7
:10A7300004140B34C1C4C8C26F243F00F0C20845E2
:10A74000C343A000D34DD340A000A04DC340A00000
:10A75000E04D8A21870D76DA8E70001B43001718B2
:10A7600003200F188300081840202418402040A020
:10A770005D581D08850F0000F813C340F000340039
:10A7800028D94C7034A8151803006DF089250119DB
:10A7900064D888253E17A278C8D90F7ED749D14101
:10A7A000D1770C728A210A0CEA0E2FF9CA21C5232F
:10A7B00010435D5808455B581042CE0F6FF71640A6
:10A7C0000C2200A0C22585141A2551143D278D1393
:10A7D0005F25001785290322027002800421912F32
:10A7E000FF01FCFFA20F6FF720E0147820E0327029
:10A7F000CA210D20A1409E0E2FF9224110413C2775
:10A800008F135B5808455C581708350808461FD851
:10A81000A0E53C205403CA262510CA2525105F2731
:10A8200000170421D124002010205E0F6FF716407E
:10A83000150C30204225011809290100092E0210AB
:10A84000484909F04226011809290200092D001083
:10A8500020E2DD65104D51483A0E2FF9E140042108
:10A8600002204040D0C6E0785020C10700423FB8E7
:10A870002109840FB1421872CB441300849B410913
:10A88000840F807F01002C716C7095052000814041
:10A890004109840FB13E19729909850F853F9215C0
:10A8A000C3411300949B1521030008130B000349B7
:10A8B00052200100A900200002210C004509810F4F
:10A8C000807F00001470E120C2070C70410000007E
:10A8D0000132800F4971CAF28D700330808F803F42
:10A8E000000018000C001509850F803100000132AE
:10A8F000800F803F0000E07E6D706D0020006C7066
:10A900000332808FB142807110000C002C716C708A
:10A91000590420000A2000030332808FCFC2B5F112
:10A92000100026002C716C709D0420000A2000038A
:10A93000F026007013008C9B0032810FB83F3BAAB9
:10A94000013100004830CC024834801000308B0FB9
:10A950001737D1F70030830F313F80710232C300C7
:10A960000233C202003280000030810F31334CBB11
:10A970000131810FDDB50EEA003041000131810F58
:10A980008A3855B3003041000131810F36BB610B6D
:10A99000003041000131810F2A3EABAA0030400057
:10A9A00002320000370C3010003201000236007015
:10A9B000004000008C24FE9007310000402CC1159F
:10A9C000023300100230C00002360070803F0000E9
:10A9D00024000B00E07F002040000130800F00C009
:10A9E0000000073100000230800002360070803F16
:10A9F0000000E07E3860C370003200000030800F3D
:10AA0000800D0000E07EE078E41C48B341C642C7F8
:10AA10000C1C0034101C403408451B78D37000FF18
:10AA2000000024012600141CC037433500904C0060
:10AA30002E0086C14A0C20000A2040030016027036
:10AA40001000640B0130810F00BF000003308080D4
:10AA500048002C00181411300030820F003F000015
:10AA60000131800F00BF00000132810F003F000064
:10AA70004500200007304F005025FE97C3401300CB
:10AA8000A49B2C716C7090002200A142DE0A000091
:10AA90009D0020005220CD070031800F003F0000B4
:10AAA000422151200130800F003F0000181C40342B
:10AAB00007310F000037CD13D340A00084874C71BD
:10AAC0000A204003FE0820000241084640200121E0
:10AAD0004A228000EE0820000A20400307360010BA
:10AAE00000350010003700104509302001370D10E7
:10AAF00048318120001600701000780B0031820F61
:10AB00005EB98380003100000135811021002000F2
:10AB100001310D000A0B0000960A2FF6084500804F
:10AB2000C34180FF0000A1E0CA254110A1401414D8
:10AB30001F30101411300C14103002C701C6E07F12
:10AB40001C140D34620B2000A140E50830802C71EC
:10AB5000C3401300A49B6C70120A2000A142D107CD
:10AB6000EFFF0845E81C48B341C642C70C1C00343F
:10AB7000101C4034141CC037304010412182008228
:10AB80006846290BB20048474A2540100A22400473
:10AB9000520B200002434287DE0F20006387A5711D
:10ABA000ED0DA29340270F1214141F301014113012
:10ABB0000C14103002C701C6E07F18140D34E07881
:10ABC00048432042350B7010081201042D09810FF3
:10ABD000803F0000FC1201803D0BF21001310100AA
:10ABE0004A23800004120C04003101006471F90B47
:10ABF000E2820131010310F01D0BB2108D716C6AFD
:10AC0000041302040031010040244C10F50CE292C0
:10AC100001318100E07F2040D01C48B341C642C7CB
:10AC20000C1CC037E846C84544C084C045C147C372
:10AC300046C2241C4031201C00314BC6920A200021
:10AC40004AC506E80BC6110020000AC562092FF6A6
:10AC50000DC7E0A0A140C1410C141F3002C701C6BE
:10AC6000E07F30140D34E078D41C48B341C6081C92
:10AC7000C037CB46F07F000044C083C00C1CC130FD
:10AC800046C345C2201C40311C1C0031281C8033A7
:10AC90003E0A2000241C013011083000AD700AC6A5
:10ACA0001100200024140D3006090FF622D920A02F
:10ACB000A140C14108141F3001C6E07F2C140D349F
:10ACC000D81C48B3041CC03743C082C0081C0131E3
:10ACD00045C344C21C1C4031181C0031241C0130E7
:10ACE000EE092000201C013011083000AD7009C1B0
:10ACF0001500200020140D30B6080FF622D920A030
:10AD00004A210000A14004141F30E07F28140D34B4
:10AD1000D41C48B341C6081CC037CB46F87F00009E
:10AD200044C083C00C1C413046C345C2201C403186
:10AD30001C1C0031281C803396092000241C013083
:10AD400011083000AD700AC61100200024140D3027
:10AD50005E080FF621D920A0A140C14108141F3080
:10AD600001C6E07F2C140D34D81C48B3041CC03736
:10AD700043C040400A25C010360D6000081CC13099
:10AD800044C0A1402A0D600045C146C082C047C1F1
:10AD9000241C803FF07F000036092000201C013079
:10ADA00006E808C07A0D600009C108F002080FF635
:10ADB00022D920A0FFD817B804141F30E07F281430
:10ADC0000D34E078D81C48B3041CC03743C0404061
:10ADD0000A25C010DA0C6000081C013144C0A140F3
:10ADE000CE0C600045C146C082C047C1241C013062
:10ADF000DE082000201C013006E808C0220D60009B
:10AE000009C108F0AA0FCFF522D920A04A200000DE
:10AE100004141F30E07F28140D34E078D81C48B3A8
:10AE2000041CC03743C040400A25C010820C60009B
:10AE3000081C413044C0A140760C600045C146C0AA
:10AE400082C047C1241C803FF87F00008208200098
:10AE5000201C013006E808C0C60C600009C10AF0D9
:10AE60004E0FCFF521D920A00A20800FC07F00000F
:10AE700004141F30E07F28140D34E0785020FE8742
:10AE800000190100E07C4128C2050420800F7F806A
:10AE9000FFFF4F7A0520800F003F00008022BE0098
:10AEA000E07F40A1FFD917B90420420030722C7016
:10AEB00004F4D6B878200100E07F2040C341A00010
:10AEC0009087408100A1E07F4040E078C341A0002E
:10AED0009087208102E90079E07F0C70E07F0C70A0
:10AEE000CB44E0FF0000142444101424C510B5BC6A
:10AEF0000C240083E00006000C250083D800060027
:10AF0000412C4405412D45050025050182258F0F63
:10AF10008C25DF8EC00026000721CC80402547000D
:10AF200094B9D4B994BBCF27E402402BC302412A81
:10AF30004505402AC282052343011D2084001C20B0
:10AF40008C009470CF27E2071D20C4001C20C50090
:10AF500000240C91412500001D2184001C21850046
:10AF600000240C91012040811D21C4001C21C5003A
:10AF700041260170000000000020008101214101F4
:10AF800019093F0500240C93422747000120008047
:10AF90000121410000240C93402F0405412FC707D5
:10AFA00008000500E07F8071C524C1914420450060
:10AFB000C5256200002040814121010015095E0580
:10AFC0000024840F100000002F2142802F20040055
:10AFD000E07F80712F25C0804126047000000000B2
:10AFE000CC222180600321002F214090C7246500DE
:10AFF000CC2021802C030100412946950621810F98
:10B00000F0FF0000C521820F100000005A0022004E
:10B01000004034700C0001001B0020002F2A41105A
:10B0200014704A22C0170E0004002F2A011040227B
:10B030000A1842228A1202268602C47102268BF264
:10B04000000020000128CB021200090042220B1848
:10B050000028C102130020000C7000288002002983
:10B060008A0205238112412D47850623880FF0FFB0
:10B070000000C520821F100000005C00220040423A
:10B0800015700E0001001D0020002F2A01125470BF
:10B090004A22C0170C0004002F2A811040220A18EF
:10B0A00042228A1202278702E47102268BF20000F4
:10B0B0002000012ACB021400090042220B18002AAA
:10B0C000C802150020004C70002A820200288A1253
:10B0D000052388128C26DF8FF20101008C27DF8F79
:10B0E0001C0221000026C6011D208A001C208B00A6
:10B0F0008226CF0F1D2187001C218C000023CB91BD
:10B10000412402101D2007021C200C020023CB91B9
:10B11000012202031D2107021C210C020022C28110
:10B120004124091040290113412A03056579402A69
:10B130000703402A0003412B03156578402B0C13AD
:10B140005570C524A210D4701E000C000421BE8FBF
:10B150002000000012000100C4712F2142802F2026
:10B1600004802F240413957036000A000424BE9F27
:10B17000FF7FFFFF0C00020044207E8022000100C0
:10B1800040204080412101000421BE8F20000000AA
:10B190000E000100C4712F2142802F2004008C2654
:10B1A000DF8F0E010A00D4701A000C000621810FF7
:10B1B00010000000402E020545792F220301457939
:10B1C000E07E8C26FF82FA000B0002268A710000C6
:10B1D000000042224A904A26007088000B008C0032
:10B1E00001004C2200984A2600702A000B004222DF
:10B1F0000A1805240C906D7710000200002B8B12AA
:10B200008723FF1F0421CC02012980025D0020005A
:10B210002C7095706D771E0002004C220098C2239E
:10B22000CA120A000A00002B8B128723FF1F04207A
:10B23000CC0202268BF2000020000029CB02140071
:10B24000090040220B180129C002150020002C70B3
:10B2500001288002012981020520C0020D000000A2
:10B260002F2000802F214B004420BE804A260070F2
:10B270001C00010044204A0105223E934A2600702A
:10B280000C00010040208080412101002F214280DC
:10B290002F2004002F2142802F2004000226860147
:10B2A0000421BE8F10000000C026620080F18A26B3
:10B2B000DF0FC34110000000F506EFFF0C700226FF
:10B2C00086012C70E906EFFF0C70D37110000000AE
:10B2D000CC2021802F210301C521820FF87F00009F
:10B2E000C07870F58C27DF8F140001002F21030137
:10B2F0000521810FF07F00000C7064F10C20809F0D
:10B3000010000000CC2221802F210301C521820FD3
:10B31000F87F0000C521810FF07F00000C7052F112
:10B320000C25808FE0FF00004A2600702A000600EE
:10B330004A2600700C702C709470C521820F00801A
:10B34000000040F1C72465000C21809FE0FF000051
:10B35000B2F74A260070C341F87F00000C7032F14A
:10B360000721810F008000000D0000000723830FDC
:10B3700000800000002144000023C5000C2440810F
:10B38000CC208180100006000844404081422844BF
:10B39000604181438A24DF1F402C4C151424441043
:10B3A0001424C510402C8C100C240083CC2505835C
:10B3B000C601060041290405412B0505022446016A
:10B3C000532686020721C7004029C10241284C05A7
:10B3D00085794028C002402BC302412A4C05857B59
:10B3E000402AC2029FBB4E260C881C002D00012A59
:10B3F00085018C260180012B8501CA2526001700B6
:10B4000020008D70D470002B0C03C5250203012B86
:10B410008C01412FC787620022009FB9002505805B
:10B4200001244C9010002600C22466002F240493AF
:10B430002F254401412DC082402C41152578412CF7
:10B44000C112402C0405E120C60780714C260088FB
:10B45000CA238500CA222500132383010523838084
:10B46000D3256182D1202180CA2762000020C081BB
:10B47000E07F412101000E25058003210C8352004D
:10B4800023000C70412DC082402C41152578412CA1
:10B49000C11242244400402C0405E120C6078071FB
:10B4A0004C260088CA238500CA2225001323830165
:10B4B00005238380CA27220004270780D3256182C1
:10B4C000CA2762000020C081E07F41210100CC2515
:10B4D0002180E120C1072C702F2801039FE0140078
:10B4E000250004712F284181CA202408C020630848
:10B4F0004E20018818002D00002C0C10C0E0002DFB
:10B500000C00CA24261017002000AC701470012D06
:10B510004100C5244210002D0500532481020E2055
:10B5200040800424840F0000000812002200C02084
:10B5300061002F2402932F2544014C07E6FFC52408
:10B5400006004E2040004E2001881A002D00012DDB
:10B550000500C0E0012C0510CA25260015002000BA
:10B560008D701470002C4110C5254200012C0C1068
:10B570001507EFFF84712F224090412604700000D0
:10B580000000900201002F23C090412605700000AA
:10B590000000AA0201000C238092CC220180CC2161
:10B5A000C180084214000E004040414228426041E0
:10B5B00041438842A04441452F264000412E468504
:10B5C0000621810FF0FF0000C521820F100000004E
:10B5D0005A002200004034700C0001001B002000C3
:10B5E0002F2A411014704A22C0170E0004002F2A7F
:10B5F000011040220A1842228A1202268602C471D1
:10B6000002268BF2000020000128CB021200090064
:10B6100042220B180028C102130020000C700028E1
:10B62000800200298A02052381122F27C000412FA2
:10B6300047850623880FF0FF0000C520821F1000F9
:10B6400000005C002200404215700E0001001D0049
:10B6500020002F2A011254704A22C0170C00040047
:10B660002F2A811040220A1842228A1202278702BA
:10B67000E47102268BF200002000012ACB021400A4
:10B68000090042220B18002AC802150020004C7045
:10B69000002A820200288A12052388128C26DF8F56
:10B6A0004A260070A60301008C27DF8F4A2600700F
:10B6B000F40321000226CB014C23809D0221491274
:10B6C0003A01090042238A904A2600708A0001004C
:10B6D000240009002F2280802F200B1240224A9044
:10B6E0004A260070720001002F2280806B0020002B
:10B6F0002F200B124C2200986D7028002B00422244
:10B700000A180A2180901200020002268B720000A3
:10B7100020000028C912012882123F0020000D706D
:10B7200002268B7200002000002AC90202268BF23A
:10B73000000020000028CB121200090040220B1844
:10B740000128C212130020000D70012A8202012874
:10B7500088120522C2022F2000802F214B002F20AB
:10B7600000802F214B000C2440814A260070E0010C
:10B77000020000208080012101020421BE8F800090
:10B7800000004A26007014000100C4712F2142807D
:10B790002F200480C52165104420BE804A260070F9
:10B7A000340021003570CB2061814A2600702800CA
:10B7B000010040208080C02165000421BE8F8000F0
:10B7C00000004A260070100001002F2142802F2027
:10B7D0000400C4712F2142802F2004002F214280B9
:10B7E0002F200400D4704A26007066000C008C26BE
:10B7F000DF8F4A2600703E010A000621810F1000EB
:10B800000000402E020545792F2203014579E07E94
:10B8100014704A2600707205C2FFD37300800000C6
:10B820004A2600707C711200020054704A26007093
:10B830007C71CA2141004040E07E54704A2600706D
:10B840005605C2FF4A260070E07E4A260070022696
:10B850008A710000000042224A904A260070880047
:10B860000B008C0001004C2200984A2600702A0030
:10B870000B0042220A18052109906D771000020082
:10B88000002B8B128723FF1F0421C902012980028C
:10B890005D0020002C7035706D771E0002004C2278
:10B8A0000098C223CA120A000A00002B8B128723B9
:10B8B000FF1F0420C90202268BF20000200000298D
:10B8C000CB021400090040220B180129C002150008
:10B8D00020002C7001288002012981020520C0026D
:10B8E0000D0000002F2000802F214B004420BE803F
:10B8F0004A2600701C00010044204A0105227E9265
:10B900004A2600700C000100402080804121010087
:10B910002F2142802F2004002F2142802F2004005D
:10B92000022686010421BE8F10000000C02662009E
:10B9300065F18A26DF0FC341100000000C705FF133
:10B94000022686012C70B706EFFF0C700220808063
:10B95000032101020421BE8F400000004A2600702E
:10B96000200002002F2000802F214B00422646009D
:10B970000421BE8F400000004A26007052000100E2
:10B980004420BE804A2600704600210044207E806C
:10B990004A2600701A00020035704A2600703200F4
:10B9A000020044203E814A2600702600010040200B
:10B9B0008080412101000421BE8F80000000C0264C
:10B9C00062000E0001002F2142802F2004002F2151
:10B9D00042802F2004002F2142802F200400D371A9
:10B9E000100000004A260070FC05CAFF34700E00EB
:10B9F00001002F2A41001B000000147008000C00F9
:10BA00002F2A0100C02229089CF3CA22EB076ABA38
:10BA100002268BF0000020000128CB021200090052
:10BA200042220B080028C102130020000C700029DC
:10BA300081000521C10200288000022686804A2656
:10BA400000700E06CCFFB705CFFFD37110000000C9
:10BA5000CC2021802F210301027810000100052154
:10BA6000810FF87F0000E07E8C27DF8F4A26007070
:10BA7000280002000C20809F10000000CC222180B2
:10BA80004A2600700A0001002F214301E9F10C242D
:10BA900040814A260070E5F50521810FF07F000006
:10BAA0000C70E07E60414040E07EE0782F23008013
:10BAB000CA210100E120C107C2200100412BC200C0
:10BAC000C372007000002F218400412B0C0661BC62
:10BAD0008C24839FE120C507402B0007C521810FDF
:10BAE000007F0000E120C107412A42052F2CC190B0
:10BAF000C2240413C02463108571002B030369BCA6
:10BB0000827A402A42052F2140802F218400412B38
:10BB10000C038579E07F402B0005E0782F244090CE
:10BB20000224831F00700000402BC2002F228400DB
:10BB30000223830F20000000D373C01F00004028A1
:10BB40000301200026004128408745784420410019
:10BB50000521C180E07FC1202200E07F6C218007A9
:10BB60002F23C4004578412C4C1582240D9AB7F63A
:10BB700042240C965320810522002C002F200080A7
:10BB80000521C1802F20840F80FF0000D020A10557
:10BB90008C24D19FE07FD020A2054E24021097B9BB
:10BBA000012980002F200480E120C6074E22CC0707
:10BBB000132101030521C180D1202180E07FC02015
:10BBC0006200E078E2C248310100084507364C7057
:10BBD0004847000009902C704830000000340010E5
:10BBE0000030800F833A6F1203304080C6F6013078
:10BBF000800F003F000006F00130800F00BF000002
:10BC00004830C002708D107A0AD98BE2CA21050033
:10BC100048330000307A003401104822C0000CB5CF
:10BC20000031800F833A6F12DA0ACFF72C7003309D
:10BC30004080C7F60130800F003F000005F0013062
:10BC4000800F00BF00004830C002483080004830FC
:10BC5000C00205A5C2C6E078EAC382240D34504173
:10BC6000084794C08A220C00660C6FED28450087B7
:10BC70004024833040240432542485394024063142
:10BC80004024C730A14122427208AFF4021C433263
:10BC900002C5DF0D31105627101D03148E302C7095
:10BCA0000C70CF083100284502148130CF78C309C9
:10BCB00024000477A70855022520000009F014F09D
:10BCC00019F01FF025F02FF037F03DF041F094C04F
:10BCD00081C1520B6FF883C283C140DAF20B6FED62
:10BCE00002403DF094C07208EFF881C1781F18102F
:10BCF00035F094C06E0DAFF081C101A72FF094C054
:10BD00005608EFF881C10030000004A727F094C066
:10BD10004608EFF881C100300100891F181025A7DF
:10BD20001DF094C03208EFF881C1003001008A1F75
:10BD3000181026A713F094C01E08EFF881C107A7BA
:10BD40000DF094C01A0FAFF781C110B707F094C07F
:10BD50000608EFF881C18B1F181001C08A213E062A
:10BD600032704207EDFF0C71C571A1419AF1A140FB
:10BD7000CAC7E078ECC3A7C10A2100217040504235
:10BD800028460845320B200055208F0922854E0A8F
:10BD9000EFFB03854A24C0704168142001000C7039
:10BDA0000C1D8010A8200002024E152543100471BE
:10BDB00024714BA38E0C2000A14000190020A1404B
:10BDC000AE0D2000C1410041A140E20D20003041F4
:10BDD0000041A140520C20002242CD700018822365
:10BDE00038E821870287408744C145C05625801A1C
:10BDF00083C146C6B20B2FEF43C200184320BC17C5
:10BE00000110B8170210C01700104A24C07041C1B9
:10BE100080C140C242C0A8208005008103308083D9
:10BE2000C6F60130800F003F000006F00130800FA1
:10BE300000BF00004830C0024830800004191000E4
:10BE400000C201C102C043A724A705A700108E208D
:10BE5000A140C1412242E20A20005525501A4A243D
:10BE6000C0700A208004A820C00104100124041816
:10BE70005000188F483000000C1A0020CCC7E07822
:10BE8000E07EE078E8C3B2C1084600806044402408
:10BE9000C330402405314024863048472845BA0E37
:10BEA0006FF4031C4332021480305626101D44F0F8
:10BEB0007B0855022520000009F015F016F01DF052
:10BEC0001FF022F023F025F02AF082C040DA020AA7
:10BED0006FED024182C081C3A14166096FF8E14262
:10BEE00025F0781600161EF0018681C3A141920B41
:10BEF000AFF0E1421BF004862F30000012F08916EB
:10BF0000001610F08A1600160CF007860AF010963C
:10BF100081C3A1415E0DAFF7E14209F08B16001617
:10BF200081C3A1414E0EAFF8E1420214803004718A
:10BF3000021C0230031481300F78790925800477C0
:10BF400001C04128010200AD21ADC8C7E8C3A1C1AD
:10BF5000504028462C7010DA60408847B60F2FFBFF
:10BF60006845D570CD7019F44A240071C3401300A0
:10BF7000487580C1A82000020410020438208220E5
:10BF800001199200C20AAFF680C007E8CD72001D09
:10BF90004310011D0311C0A7C8C7E078F2C3B2C1A6
:10BFA0001045008060444024C330402405314024C3
:10BFB000863048453044A20D6FF4031CC33202148E
:10BFC000803056250E2B55250F2D552591295525A9
:10BFD000D2285525532A4025102B54F09B08D50212
:10BFE000252000000BF00EF018F01AF020F023F0DE
:10BFF00028F02BF030F037F038F081C362401DF0AC
:10C0000082C040DACA086FEDC14182C081C382415B
:10C010002E086FF8A14231F0BE402AF0B015802002
:10C0200081C382413A0F2FF6A14227F081C34240DB
:10C0300003F081C322408241A60FAFF8A1421DF058
:10C040002815002014F081C3024082415E0EEFF8F3
:10C05000A14213F081C3E1408241BE0EEFF9A1423B
:10C060000BF0CC15002004F05315002681C382414B
:10C070000E0AAFF0A142021480300471021C02309B
:10C08000031481300F7859092580047701C04128B5
:10C090000102001C0220011C4220D2C7E2C2084556
:10C0A0000C70660C2006A1417E096004A140C2C646
:10C0B00075014004E8C3B4C11040B11080005520A0
:10C0C0004D2A38E82C8DC3401300DC751509F000AB
:10C0D000B11803200D09B00010E01B09500014F046
:10C0E000960D2FF884C15620002B84C1E20F2FED4E
:10C0F00040DA218540850285B01D4010AC1D8010BE
:10C10000B41D00105620012B84C040DAC20F2FED61
:10C1100084C54A24007180C0A82080011415011430
:10C12000041850005520402B80C1A60F2FED10DAC7
:10C13000C8C7E078E4C3A7C1E90930000845E50AAB
:10C1400031004A24C0702C70A820800315254010AF
:10C15000A4100C009810030084C2357A0233000347
:10C16000247100A266096FFB84C0B01581103709E5
:10C1700094003221820F1300D7750130810FFAC469
:10C1800000004A7A003041000131810F74490024D7
:10C190004832800003310080C5F6AA096004A1403E
:10C1A000C4C75625001B80C16208E00480C64A242B
:10C1B00000715525411B2040A820C0026080041654
:10C1C000021403338080CA22C5000418900080C086
:10C1D000FE0E2FED4A2200044A24C07000C081C127
:10C1E000A82000020411020403320080CA20890042
:10C1F0000330808FC9369C5344F7B01DC310C4C7A9
:10C200000330808F3837A48C44F7B01D8310C4C727
:10C210000330808FD338F6CF6F200B00B01D021093
:10C22000C4C7E078F1C000430C7009E987EA5523E0
:10C23000400C9A0EEFEE55238109D1C0E07EE078E4
:10C24000EEC3ACC1084742870C802B874832880078
:10C2500044C043C1096A2D8748308B005041330ADE
:10C26000B20045C14027021E2C724A24C07083C010
:10C270000A238000A8204002A08004130C0401348B
:10C280004C130418100332710CE22471AFF64A24E7
:10C29000C0700736D272803F00000C7007360872FB
:10C2A000803F000040240B33A820400415230310D6
:10C2B000A083152702104B820030411389C402323B
:10C2C0004200157C047120A340A489C080C1DA0A11
:10C2D0006FFB80C55B09B22040270E1E0E724A24F8
:10C2E000C07083C1C14289C0A820800204110C041F
:10C2F00004120304023303030418D00089C086C16A
:10C30000A60A6FFB402413364A24C07080C0A820C0
:10C31000C00200100200041301240131810004183E
:10C3200050000C2040A40CE6B607EBFF06714A242F
:10C33000C070A8200002008500320020041D1010EB
:10C3400001C400C502C100C081C34A220000901F81
:10C3500000138C1F4013941F4010041301044471F8
:10C36000FB0AB28001304000CEC7E078E2C3A3C12F
:10C370002042084580C1320A6FFB404000C381C1A2
:10C380004A200000041102040471FD08B280013348
:10C3900083000585033300800C7147F7268503333E
:10C3A0004080C3F60C70C2C7E6C3AAC1C4804A2449
:10C3B000C07008455520C20828470C70A8204003CB
:10C3C00004120C04402441391B610334809304712E
:10C3D0006F210B0020AB4E0AAFF540244039A30F6C
:10C3E00011109F0830000C702A85498561695071D1
:10C3F0004041CA21CB008F09A2002AA55C4D83C110
:10C40000AE0F6FF683C602854A24C07048308100A3
:10C41000A820C001008607304000041E10104A24E6
:10C42000C0704C70A82080031525801083C143493B
:10C4300098100C0086C1557902330003447100A1A5
:10C4400086C0F20D6FF680C100C001C102C34785EE
:10C45000013040000032810F404000000130C00038
:10C46000033100800C704FF703C304C205C10C7187
:10C470009C1D8010981DC010A01D4010C6C70C70D8
:10C480000AA5C6C7E07EE078FAC382241131504580
:10C4900008460024803F000044018A220C00320C30
:10C4A0002FED284500864024833740240439562444
:10C4B000053A402406384024C737A141A2423E082D
:10C4C0006FF41E1CC332241412305670D5F41F149E
:10C4D00091305626961A55264D1A5626171B552664
:10C4E000D018552693195526191D4026181B4E7035
:10C4F000D3447A4400000C7003F08A223E26147064
:10C50000BBF41E1481302F20470430706A012D00C7
:10C5100004778AE054010D00252000000BF027F07D
:10C5200033F03CF044F056F066F06FF07DF08BF0A5
:10C5300093F00024803F0000440188C1860AAFF8D0
:10C5400080C200C201C102C000C701C402C344C10D
:10C5500043C245C083C110DAC240181C003581A512
:10C56000E0A56E0B2FED62A580F00024803F000057
:10C57000440188C1AE0A2FF88AC28AC140DA520B40
:10C580002FEDE24072F00024803F00004401D60C01
:10C590006FF088C103A66AF00024803F00004401C8
:10C5A000B2092FF688C1B01E021060F00024803F4F
:10C5B0000000440188C10E0AAFF880C201C100C268
:10C5C00002C00418402000188020081800204EF0F7
:10C5D0000024803F0000440188C1EA09AFF880C20E
:10C5E00001C100C202C0041B4020001B8020081BA8
:10C5F00000203CF00024803F00004401660C6FF0F6
:10C6000088C10AA632F00024803F0000440188C19E
:10C610007E08EFF85524023E5524013E60DAB20A46
:10C620002FED034022F00024803F0000440188C128
:10C63000CA08EFF99AC29AC178DA960A2FED234018
:10C6400014F00024803F000044011A0C6FF088C1F0
:10C65000CC1E00100AF00024803F00004401060CAC
:10C660006FF088C1531E181008C0B2708E06EDFF1F
:10C670000C71267141F14240DAC7E078483101007F
:10C680008D7007364B70484700002180483181008B
:10C69000003341100031810F833A6F120331008360
:10C6A000C6F60131810F003F000006F00131810F15
:10C6B00000BF000050904831C10248318300483229
:10C6C0000100003341104833C2020031810F833A28
:10C6D0006F1249220202482202010331008342A064
:10C6E000C6F60131810F003F000006F00131810FD5
:10C6F00000BF00004831C102483181004831C10209
:10C700004921410648210101E07F29A0F4C3822488
:10C71000023A5046084655200D085524803910DA53
:10C720000A2480210A2540210A230021704228473B
:10C730009E092FED552490394A24C0700A21800F9C
:10C74000FA4400004F21C307A820000404170C146A
:10C750002040604203344090CA2005030330C0806B
:10C76000CA220900041890202C7047C094C018DA1F
:10C77000001C4220001B402028479A0FEFFA001DA2
:10C7800040204A24C070552480398BC151C7A8204D
:10C79000C002041002040032820F203C12AC0419C3
:10C7A000900010853C15811034141130047105215E
:10C7B000810410A5792100000CC72C1410303C1DF9
:10C7C0000210720CAFEE8BC04A24C0704024083BAC
:10C7D0008BC147C0A820C0014081003082000419ED
:10C7E00090000037C2138E85003000244A24C070A8
:10C7F000013080004686003141246D7001304000D8
:10C8000027862F320020088602360373803F0000FF
:10C8100081C743C00C7042C141C247C3A820C003B6
:10C82000014FF0200210003349000034811015261A
:10C83000021001314102047126A227864686201685
:10C8400000104A24C0701C1CC03242C141C243C007
:10C85000A8208002041701140410001400304000C6
:10C8600001330B102786E68687864686088668860B
:10C870004A24C07045C12C7042C441C744C246C05E
:10C880008BC484C784C28BC028401C1CC03243C3E5
:10C89000A820800204120904041003040033430298
:10C8A0000130C8106686478608864A24C0700E701C
:10C8B0004AC145C244C346C0A820C00481C0224822
:10C8C000234F204C0033821024710030C3100230FB
:10C8D000C300023080000030C000013010202E70F4
:10C8E000033040A4281C003483F72F3000245F86D7
:10C8F000208501859E86618649C250C04FC188C08F
:10C900008FC14024043E4024053A4242360D6FF860
:10C9100048C4648545852685078528140B30E28543
:10C92000838543C345C144C246C04026031281C02B
:10C9300084C154248439402405384242041EC01264
:10C9400042C452096FF641C76A854B852C850D8517
:10C950002014083024140B30E885898543C345C171
:10C9600044C246C04026031481C084C15424043903
:10C970004024053842420C1EC012081E001242C458
:10C9800012096FF641C708C209C10B864A24C0705C
:10C990008D716D7225A644A63C2401103C23021023
:10C9A0004026031C011C0233021C4230031C82304F
:10C9B000A820000440244830332040142671483019
:10C9C0008B0000830030CB220130C002181B100006
:10C9D00013C04A24C0702D7000300B00542600187C
:10C9E000011C0233021C4230031C8230A820400389
:10C9F0000110C31448338C00608000330C130133E2
:10CA000003031818D0004A24C07012C0011C433020
:10CA1000021C423000300B004026001F031C8230F5
:10CA2000A8200004402446303326430225714833B1
:10CA30008C00608000330C13013303031818D000FE
:10CA40000EC34A24C070784E0033C9004A2000103B
:10CA5000011C4330021C4230031C8230A8204003DA
:10CA60000116CC0448348B1080800031CB12013485
:10CA7000CC121818100390850A86031C82306D7141
:10CA8000023202204A24C0703C23001300328C0082
:10CA9000021C423054268118011C0230A8200004D8
:10CAA000402440303320000205714830820000816C
:10CAB0000034821001308000181910008AC0D2089A
:10CAC0006FF64AC3098647C0C6086FF687C007C31A
:10CAD0000AC22C16101040150B100C710232C20045
:10CAE0004A24C0703C2001040D723C20CF023C203F
:10CAF0000014021C423040260C1DBFBA4A2100001F
:10CB0000011CC233031C0230A82000044024403022
:10CB10003320400024714830830000840032C30079
:10CB20000130C000181C101048330010C3414842A7
:10CB30000000D20B6FF847C05020FE8755F440200C
:10CB40004020A30834010BA60E084FF61908F50083
:10CB50002C7003B80420800FFF00F8FF012E017035
:10CB60000C0012062F7815260F1018E755240038F0
:10CB700018DAE1415A0DEFEC552410384A2480713F
:10CB80009AC0A820C002041001240031810FDA3BB2
:10CB90000E74041850009AC094C1EA08EFED5424B2
:10CBA000103A3C15801014704A2000000FF24A24FD
:10CBB0008071A82000033320810F1300FC750471DD
:10CBC000483181000418502002F059C094C191C32B
:10CBD000C1401A096FEE62422C7018DA360BEFFA78
:10CBE000E140BC1E03100EC16640281E8014CE0812
:10CBF0006FF729A627E880D8001C022011C0F01585
:10CC000002102C704830800047C20030800F7449F9
:10CC100000240730800003304080C7F60130800FC9
:10CC2000003F000005F00130800F00BF00004830D9
:10CC3000C002483080004830C002C270001D002091
:10CC4000D4C70014C020B9081280D4C7E4C247D9A1
:10CC50000845C342A3420BD718B9351803020C701C
:10CC6000CB46DC44304ECB443B4AC1BFC343D33EEA
:10CC700098DD4BA52CA5201D0210341D02102C7030
:10CC800018DAA140C6A587A58A0AEFFA6AA5A140CD
:10CC9000C4C6E078EAC3A7C14A24C0700846684108
:10CCA000484528400C7084C4A820C002024EF020E1
:10CCB00001101524031004710231810020A32416F1
:10CCC00002104A24C0704024063181C0A82000020E
:10CCD0000414011400324100041850004A24C070AA
:10CCE00081C2C140A82040026080041201040131C9
:10CCF000C1000418500024160B104A24C0704A20AA
:10CD0000000084C7A820C00315260200034F8082BC
:10CD10001526011023810034C31004710131C100B4
:10CD200020A24A24C0701C4E0236C372803F00000D
:10CD300081C11041A82000020411020400338200C6
:10CD4000041890004A24C0700A204004A8208001E2
:10CD5000041001040419501084C10140D60C2FF6B0
:10CD600084C78C864A24C0704A200000A820800313
:10CD700004170314402442302C70033300831A62DA
:10CD80000471CA21690020AA1E0A6FF540244030B0
:10CD9000E7864A24C07010400C702242A82080030D
:10CDA00004120C04402443302C700334C0931B63E2
:10CDB0000471CA216A0020ABEE096FF540244030AF
:10CDC00086864A24C07008474A200000A8208003B5
:10CDD00004110324402442302C70033300831A6270
:10CDE0000471CA21690020AABE096FF540244030B1
:10CDF00004E8341E03100FF034168010351681102D
:10CE000004710F7A0B098500341E421003F0341EA2
:10CE1000021084C1C14079270F101A0C2FF640244C
:10CE200011348B864A24C0704A200000A820800359
:10CE300004110324402442302C70033300831A620F
:10CE40000471CA21690020AA5E096FF540244030B0
:10CE50008AE87920002088E8351681103416801081
:10CE60000708450082BF8427431F1670CF27621032
:10CE7000E0AD201680101108C003201EC213008DE3
:10CE800087B800ADCAC7E0782C7018DA20184200C5
:10CE90008100EFFA34184200C340A00010860080E1
:10CEA0002C704C702106EFFC6C70E078E2C2CB4530
:10CEB000A000EC852185C340A000AC6D00802477E4
:10CEC000360B2FFD21A5001D0310C2C6F1C0A1C164
:10CED00040C0C340A000F485008080C14C778E0C18
:10CEE000EFFC6C708774D1C0E07EE078E4C2CB4583
:10CEF000A00024C708460CD81CD98C705825C3192B
:10CF0000460CEFFCA142C341A000F48500A15625C8
:10CF1000851A5725861AC34012005C98C341130036
:10CF2000609A8A2218008A244200FA09AFFEC1439F
:10CF3000C341A000AC6D00A1C4C6E078E4C3A1C1A8
:10CF40002C770C7080C2D60A2FFD2043CD701CE8D0
:10CF50000A25801FA000108600852C704C770E0CCF
:10CF6000EFFC6C707AE8C341A000EC850089CD70BD
:10CF700004E8C0A900C608F000852C704C704A0D6A
:10CF8000EFFC6C70C140C4C7F1C0A1C12C770C701C
:10CF900080C28A0A2FFD204300C11470CA212100DB
:10CFA0008774D1C0E07F20405021CC070221038349
:10CFB000150C2310432201800023838F0080000082
:10CFC0008121FF8FE07F6578E2C3A1C1720FCFFF9F
:10CFD0007EE8B4D9C340F0004B00C342A000ECC0CF
:10CFE00020A8008A05E80182047101A2F0F1C34083
:10CFF000A000BC852C724C706C70DB599E0EEFFF4C
:10D00000084500168070A000E885C5089E80011CB8
:10D010000332021C4233031C03303B5800422043BE
:10D02000FED840244130C2096FFB8C70D0F1E0780B
:10D03000F1C0A1C109E82281208160C11A086FFBFB
:10D0400080C10C7002F023D88774D1C0E07EE078F4
:10D05000F1C0A1C108E83A8060C1FE0F2FFB80C17A
:10D060000C7003F023D88774D1C0E07EF1C0720841
:10D070000000D1C0E07F0C70E6C04A240077C342B4
:10D08000A000D0C3CB45A00038C16C702C704022EA
:10D090000F06FFDCA820C0035A2100062471FE60A1
:10D0A000B860C0A00418C10284B00A1883010B182C
:10D0B00043004A248071C340A000B88572B068A0C4
:10D0C0000A208000A820000104181100141A410051
:10D0D000041A81000C700C1AC100C6C4C343A0001E
:10D0E000ECC0008B08E8028324834168016942A3F5
:10D0F000E07F04A3248308E903830908450023A3F0
:10D10000101B010005000000FAC382240239CB463F
:10D11000A000B8852A8602866B864386ED700021C2
:10D1200001800122C080F144F140F145DB41A000C3
:10D1300098C04CC74BC74AC722A603A65A24032748
:10D140000021CD3005851470104262F203852286DD
:10D15000848543860415081008150B1002210680EB
:10D16000032200833C2608023C20CC027170CA24B2
:10D1700001124021093395700023400248F4988D34
:10D180003223530623A541A087ECFA0BA0064240A8
:10D19000147018AD3CF2108E08E807860D08C10423
:10D1A000BE0A0000101E0310501201204240607998
:10D1B0001C1CC234801211207812012048C0EF7864
:10D1C0008AC2157A181C4034001A40042F273F03E6
:10D1D0006F233F004281618120812F263F0342C19E
:10D1E00044C25F2001065F20020343C397C38EC081
:10D1F0001A627961FE0B6FEE82C00D0D1020008661
:10D200000B0B01205021D027AE71E571867196730A
:10D210002C07C5FF05861508220402200004D370E0
:10D220000000001920010B002F22C7A3141E0014B8
:10D230008AF2ED70AD70D341A000E8850011802026
:10D240005A25021697C159612B083E0004190004A3
:10D25000108922818AC2F02247031116861062814A
:10D26000418120814228C5270A2400044A0AAFFAD6
:10D2700040C7A571C90D8494118EE46E2C710471A0
:10D2800011AE97C24243E140341C0137F940DB59EB
:10D290001470B6002B00084556F455218F398DC205
:10D2A0000340E141DD59C341A00034C12081104455
:10D2B0006E70422155003B58104730467242724012
:10D2C00028F0A187290D6015C897FEE608F47EDED8
:10D2D000B1450A22C0250A2080250AF0A140E2417A
:10D2E000CA0CEFFFC24210423040B1450426801FF5
:10D2F0000000FEFF060B6FF81D780AE8558008EA6B
:10D30000E14128188004607A2C18000418E766713F
:10D310000DC0B30B04A02D0C502000118120250955
:10D320001E00251CC331261C0235271C02303B5829
:10D3300000422043FED840244139AE0E2FFB8C70B2
:10D340005B0CD0A0DAC7D60C2FFB51D8B379C34001
:10D35000F0004C0020B0DAC7F8C3D60F2FF8A2C1F6
:10D36000420E2FF810432E70CD701044CB47A00012
:10D3700018C1324232403A40D147D145041C4434AE
:10D38000001C4034A20A600401870330408472000C
:10D390002E001046A08735EDA14062418A0F2FF87C
:10D3A00082422CE87A0E8FF780C04E71033600A6B9
:10D3B000B860001882040BF60CF4C340A000D0C380
:10D3C000F0200104A0480D0903000A208035B14077
:10D3D0003225801FA000D88513E8033640A50AF641
:10D3E0000FF4C340A000D0C3C148A04813090300F4
:10D3F0000A258025A94605F0220C2FFB54D8E6719A
:10D40000850FF4A008E7CB45A000B885330A1020AB
:10D410003208C00520E80A0E8FF700855025FEA7C8
:10D42000CA2601140D08A003C14036080000C085BB
:10D43000130E0014101D43101C1D001403F0141DC6
:10D44000C11F00C204140131C340A000DC8548A5FF
:10D4500020B0D8C7C60B2FFB56D8D8C7E4C2D20E0F
:10D460002FF808453E0D2FF808460042A140BA0E9D
:10D470002FF8C141084610E8CA0F800510E8278040
:10D4800003E90019010000A6C7A0C340A000B885A9
:10D49000A0A0C4C6860B2FFB54D8C4C67E0B2FFB9E
:10D4A00056D8C4C6EAC2A0800846304108184300D6
:10D4B00026ED160A6FF9A14020E8EE086FF8A140AA
:10D4C0000E0A4FF91AE81D953C95E1682B0F4410A0
:10D4D0001585ED70081D43101040001E4170A0001E
:10D4E00034410BE80B862A860BA52AA5A1402320F0
:10D4F00000042241E8ADFDB5A085DDED0C70081EED
:10D500000310CAC6FAC2FC1CC8B63045220E2FF85A
:10D510001843920C2FF818411840AD70C90D3020F7
:10D520006E772E70D340A00098C04E7732443246BA
:10D5300040200F23162341345A2100274181002027
:10D540000E20F86003324083A4A668002C00A0A03F
:10D550000332808F7F4700FF58000600001117003C
:10D56000073680706E4E286BC60AAFEC001EC015E1
:10D570003C240B203C264320D271CA23C102747084
:10D580003C20CC043C218204CA264220CA2402202A
:10D590005271CA220103547022A6CA22422001A657
:10D5A000CA230220E24023417E0D2FF8034204F0FB
:10D5B0000C70B8AE2671810964A505A60A244075D1
:10D5C00040200021A820800322870AE92080618072
:10D5D000022442A00326C1A040A721A71CE01CE70B
:10D5E0008A4504F04E77CE700225C294C340A00055
:10D5F000B885032681A442A02C1880042818C004F2
:10D6000023A004141B34DAC6F4C382240C3F8A27F7
:10D610008E1070405043284508461F6706EA2C705C
:10D62000A140F208AFFA62424A24C073FED90C74DA
:10D6300022AD6C7081C24A21000040C0A820400188
:10D640002471011A52001F0830204A21C0234C20A7
:10D65000C0A32C012D00041C0234031D02142E71E2
:10D6600002F063AD8A22072D542615195426941B07
:10D670000E71402416310022922301168024047773
:10D68000ED08D503252000000FF01DF02DF03AF035
:10D690004CF04EF04EF050F051F059F05AF05CF072
:10D6A0005CF05EF05EF05624403D14DA220AAFECE6
:10D6B000A2415624403D80C3A141160E600562423E
:10D6C00056F00024803F0000940114DA020AAFEC07
:10D6D00082410024803F0000940180C3A1419A0848
:10D6E000A005624244F085C08A220600E209AFEC40
:10D6F000424185C080C3A141F209A005624238F0D1
:10D70000701682100024813F0000BC01AA0FE004C3
:10D71000DF1600160024803F0000BC0180C3A14139
:10D72000BE0AA005624224F00A860BF00B8609F0BF
:10D730000C8607F0DD16001603F0DE16001680C317
:10D74000A141BE0CA005624212F0FF1780900BF0C1
:10D75000008F09F0018F07F0028F05F0038F03F0AF
:10D76000048F80C3A1419A0DA005624206710F0982
:10D7700005A400C04128010200AD21ADD4C7E07866
:10D78000F0C3A2C1504268452846104406EA2C70F6
:10D79000C140820F6FFA4242FED90C742E71ED72B5
:10D7A00022AE41C0021C4234031CC23307ED5D0DA2
:10D7B000F510021C4233A3AE05F0AD712E72031EAC
:10D7C00003108A200E204024D3300020102504F0BE
:10D7D00001138D24190DB01081C3210D711081C367
:10D7E0008240C1418E0FA005424208F00010802007
:10D7F000C1410E0DA0054242D909E5A3E57101C062
:10D800004128010200AE21AED0C7E078E8C2484608
:10D8100028472C7010DA60400A200021F60E6FFABB
:10D8200068450C7036EF296E2109F5004226411E2D
:10D83000001D4310011D8310021DC310031D0311A1
:10D84000041D83120C7526F04909D50225204000DD
:10D850000BF00EF00FF012F01CF01CF01AF017F0A5
:10D860000FF018F010F0001DC31113F0001D83120B
:10D870000FF0001DC3120DF0001D031309F0001D71
:10D88000831307F0001DC31303F0001D43130C7135
:10D8900000180020C8C6E078E2C25E0BA00308456D
:10D8A0004A2440710A204003A82080010418010086
:10D8B0000818110080250E10001D0310C2C6E07864
:10D8C000ED014005EAC382240E3410418CC08A2247
:10D8D0000D08FE0F6FEC2845028D8C20838F8A2067
:10D8E0003E0736F4238DCD71ED72021C8233031C8A
:10D8F000C23309E98A20FE060F09F400021C4230F7
:10D9000026F02C71CD728A250E104024D03022755D
:10D91000041C013103F0011081242509B0008CC0E2
:10D920002D78250871008CC081C14209E00582C2B2
:10D9300082C128DA9A0F6FEC224006F0AA0860062E
:10D9400081C100ADD30EE593E5710C70CAC7E078D4
:10D95000C340A000704CC343A000188629A02AA091
:10D960003018010047A0E07F20A3E078E2C3A1C106
:10D97000CB45A000704C0C851B0000002C8500C01E
:10D9800046853070CA204D0040C01A62104946A535
:10D990000CA51708140100160270A000C04105EA8A
:10D9A000607A80C1ECE8C2C7E2C2AA201A0021084E
:10D9B0001F00220A0000460CEFF80845C340110082
:10D9C000F0AD0D0D2010A140F20900002A0A6FF7FA
:10D9D0000C700C708C5A001E4370A0008D41C2C6A2
:10D9E000E6C2CB45A000704C284600410C85CB47D1
:10D9F000A000188640270213001A800F120000A210
:10DA000003E8008704F009850AA500A7C20E6FECA1
:10DA1000C1420C852087D8603E660CA50C70C0A75B
:10DA20008B580C71C6C6E078E4C228458EEBC34122
:10DA3000A0001C86C08108EE4040607EA1411470A9
:10DA4000CA252110A140C4C61BD8DE0FEFF12C70EF
:10DA5000C342A000D441C341A0001C86001A800F1D
:10DA60001200BCA2E07F00A1E8C200208D0F0000E0
:10DA70002402E20C2FEF10404A240071CB47130020
:10DA800004765520802AE141A82000020111C20439
:10DA900048328200041890004A2400715520802BDF
:10DAA0000A21C003A82000020111C20448328200EA
:10DAB000041890004A2400714020002B0A21C00362
:10DAC00028180120A82000020111C2044832820057
:10DAD000041890004A240071C340A33B0AD74C703D
:10DAE000781800206D7100258A1FFFFF7CFE5520ED
:10DAF0000329E140001AC2122C1AC212AB1D9890E1
:10DB0000AC1D9890AD1D9890A01D9890A820000283
:10DB10000110C10448318100041B50008187C28775
:10DB2000E387C3404940DB0F8A21090D0271C343DB
:10DB3000AC3B005F00258A1FFFFF68FE15A518A5F6
:10DB400016A517A502405EA55AA5001AC2127FA508
:10DB50000019C20254A9DCA59BA53E08E000FDA562
:10DB6000C8C6E078090020000C70E078E6C21526EF
:10DB70000D70F0001000C0850F7AED71162603704D
:10DB8000A0008CE8587F4F2681175A2000050020FE
:10DB9000800FA000105120A5AB279A10D20BEFF7F1
:10DBA000001B01008A209A0008E02B270010532652
:10DBB00040179FB800A5C6C64C70C341F0002001B5
:10DBC00095BA45A141A1C341A000FC41E07F00A15D
:10DBD000C340A000FC41E07F0080E078ECC3A2C11C
:10DBE00010410C705040DA0AEFF4284708469108BB
:10DBF00030204E70890E30100C704E71AB229A207E
:10DC0000760E2FFB2086CB45F0000000138DC3411C
:10DC1000A00038866C7186B813AD138D2F24C8030D
:10DC20004C7087B813AD128D60470A2640048420DB
:10DC3000C20712AD0019800F12003CD3128DC341F0
:10DC4000A0008CE8A1456C20000180B812AD0086D0
:10DC500000190004041940042C702209EFF8001C7C
:10DC600001308A209A002A68E3A62B2240200477FC
:10DC70002B220020138D8420C20F13AD4240CCC74D
:10DC8000F0C3A2C10F7D1041A14068475040320A45
:10DC9000EFF430420846C70F30100C70BF0E301042
:10DCA0008E71002C5323AB239A202086CA0D2FFBA4
:10DCB000A140CB43F000000015234D13138D152612
:10DCC0004274A000388686B813AD338DC340A000DF
:10DCD0008CE81620400487B933AD001A800F12007B
:10DCE000C4D3E0A004188004128D8420C2071D084C
:10DCF0007528121D021042203CA02CF2A8204001E1
:10DD00000112802400AD26F0AB239A20138D2C70D5
:10DD10001523461486B813AD138D2F2408044C70B8
:10DD200087B813AD128D6C7120474520C00712AD26
:10DD300000860A2580044608EFF8001C01308A207E
:10DD40001A0004710C1E0014AB241A202B2300208F
:10DD5000338D0C718421C20F33ADD0C7E8C3822448
:10DD60000C345040084784C08A220C00620B6FECD0
:10DD70002845008740248330402404324024053362
:10DD8000402406314024C730A14102426E0F6FF398
:10DD9000021C433102C57D0D111003148E30AD708D
:10DDA0000C7004F08A253E16B4E802148130CF7856
:10DDB0006109240004774F0855012520000006F072
:10DDC0000AF010F014F01AF084C08A096FF581C1CE
:10DDD00015AF19F084C07E096FF581C117AF13F03C
:10DDE00084C0560CE00381C10CB70DF084C06609F5
:10DDF0006FF581C11AAF07F084C0660EAFF681C11E
:10DE00000EB701C01270A007EDFF0C71C571CAF109
:10DE1000A140C8C7E8C3A3C14A24C070084580C256
:10DE20006C70A8204006041100040030800F0340ED
:10DE30006F120330C080C7F60130800F003F000032
:10DE400005F00130800F00BF00004830C002021A08
:10DE5000140080C06A08600582C14C950814013125
:10DE6000158D42792E79160C20004C77EA0A600352
:10DE70002C71084708144131158D020C20004C7795
:10DE8000D60A60032C710A144E31EE79150E631018
:10DE900000420014403139081200081D45101DF0E1
:10DEA0002C9DD20B20004E781308830302144031BE
:10DEB00023081200081D05100FF0048D0DE8460818
:10DEC000A00580C009E8081DC51F07F0081DC51082
:10DED00003F0081D8510178D18E8041441310B0953
:10DEE00033002040337810788C20C68687F70421D1
:10DEF000800F000000802FB809F0039D0D0832004C
:10DF00002C72560A400303F00C70249D05B534773B
:10DF100006F20E78C2B9D268257E05F0CB46000025
:10DF2000FFFF0395D079ED70307030400C7023F214
:10DF30007A8D0C701FEB1B0BF1000C71368D49951F
:10DF40002471310A210436AD2F792B099402402522
:10DF5000021380C1860A200060408DE8748D2E95E2
:10DF600080C08A0820004C7014AD7820400003F077
:10DF7000F6AD248D0F7811087100C9B585E9239598
:10DF800028461CF014E9239D834060904190029044
:10DF900047B566B52109320008B5C3400000FFFF50
:10DFA00011080020284785273E1006F0239506F02B
:10DFB000004103B5041D03108340809061900290DE
:10DFC000D07A67B586B508B5170A800F0000FFFF45
:10DFD00030780F088000C3B585263E10C947EF781A
:10DFE000C8C7E078E07EE078E6C08098CD708CBE4F
:10DFF000170E2213C94589450F0C831FFFFFFFEF42
:10E00000CB450000FFEF8198170E2213C9478947BF
:10E010000F0C831FFFFFFFEFCB470000FFEF0298BD
:10E02000150E021008461108830FFFFFFFEFCB46C5
:10E030000000FFEFCE7CEE78AE7D1A244E101E2538
:10E04000411309788C7E402A0D0538603668B86126
:10E050001076C1420C710EF7B862307060404AF71A
:10E060009570CA200A0344F693780E78BF201F04E7
:10E07000C6C4E078E6C3A2C10846008060444024DC
:10E08000C330402405314024863048472845CA0C17
:10E090006FF3031C43310214803028F0430855010C
:10E0A0002520000005F007F007F00EF013F0158EA4
:10E0B0000BF0178E09F00C9E81C3A141220E2003A4
:10E0C000E1420FF01A8E81C3A141960E2FF5E14275
:10E0D00007F00E9681C3A1419A0BAFF6E1420214FC
:10E0E00080300471021C0230031481300F78B109B2
:10E0F0002580047701C04128010200AD21ADC6C7CB
:10E10000E8C2504028462C7010DA60408847060E5E
:10E110002FFA68450C7007EE0B08912F0C71001D4B
:10E12000831000A7C8C6E078E8C3A2C108460080F3
:10E1300060444024C33040240531402486304847A1
:10E140002845160C6FF3031CC3310214803040269F
:10E1500010132EF04F08D5012520000007F00FF016
:10E1600007F009F009F012F017F0168E0FF0049E78
:10E1700006F0059E04F0099E02F0039E81C3A141B2
:10E180005E0D2003E1420FF0148E81C3A141D20D38
:10E190002FF5E14207F081C30240A141220B200686
:10E1A000E142021480300471021C023003148130F9
:10E1B0000F78A5092580047701C04128010200AD30
:10E1C00021ADC8C7E2C208450C70D60B2005A1419D
:10E1D000B60D6003A140C2C6E2C3A5C128402A68AB
:10E1E0003472540026002C704A24C07040240B3036
:10E1F000A820C002F4224300F420401014234C1045
:10E200002471627800B480C083C15A0A200583C596
:10E210004A24C0704A2100008A228606A820C00233
:10E2200002150315402440323C6024713C22C0009A
:10E2300000AC17F035087100014083C1260A2005A3
:10E2400083C54A24C07040244132A820C002021570
:10E2500000153C2600700000000C011912004A0D48
:10E26000AFF44024403200412040C2C719054003AA
:10E270003860E07F0E78E078E8C210404845547777
:10E280002978CA252110150D32102847210D331881
:10E29000CD7000284E030CF08C257F9886F6BA0EC0
:10E2A0002003B379084604F04228CE07096D4C716B
:10E2B000187A10782C70A0E0CA2185002B7EC02629
:10E2C000621010D9920E2003C1400845CE788A0E04
:10E2D00020030FD9170D2010072700147A0E2003F2
:10E2E0000FD900208E0F0000FF7FCE78C8C6E078DF
:10E2F000E07EE078E8C382240C355040084785C0B2
:10E300008A220C00CA0D2FEC284500874024833157
:10E310004024043340240534402406324024C731CD
:10E32000A1410242D6096FF3061CC33103C5A90DF2
:10E33000111007148E30AD700C7004F08A253E1653
:10E3400095083100CF78061481308D0924000477B8
:10E350007708D5012520000007F01FF00BF011F021
:10E3600015F021F025F085C0EA0B2FF582C116AF1C
:10E370002BF085C0C20EA00382C104B725F085C072
:10E38000B60EA00382C105B71FF085C0AA0EA00378
:10E3900082C109B719F085C09E0EA00382C103B7E0
:10E3A00013F085C0AE0B2FF582C114AF0DF085C000
:10E3B00082C1F208200680C28340219040900290E2
:10E3C00027B746B708B702C012707407EDFF0C718B
:10E3D000C571B4F1A140C8C7483101000736427089
:10E3E00048470000288003318080E07C48A0E07F1F
:10E3F00004184300FAC2FC1CC8B682240338041572
:10E400000C006D700A2240210334C0920A21C02101
:10E410000A2580210A210031704458430845C8F676
:10E4200001348E1F003F00000D00000001348E1FDC
:10E4300000BF000047140F364A24C0705524403DE9
:10E44000A8208002041102040032820F833A6F1266
:10E45000041890005524413D5524823CA1403A09BE
:10E460006FEE5524903C4836C0125524443D1D782B
:10E47000442043005524C53BA140824123425524FA
:10E48000CE3B2E08AFEE70434A24C0704A200000F5
:10E4900055240C3BA8204003014EF02003201524F6
:10E4A00002100031410504710133410020A2618551
:10E4B0004985284D5524013B5524043A260EAFF2D8
:10E4C00010455524013A10DA060C2FECA2405524D1
:10E4D000013ACE0CAFF2A2405524013A10DAF20B09
:10E4E0002FECA2403C85A140520A6FEE62428A2680
:10E4F000441BBE66208E104332E9552550180F701C
:10E50000402417304024163010DAC240C20B2FECE2
:10E510000241077140261624F10872B240201024EF
:10E520005527002910DAAA0B2FECA2415425901E82
:10E530004A26002010DA0240960B2FECE241C67109
:10E5400040201024F10EB2A240271724A1408020C1
:10E55000040520880909B502247120A84309113057
:10E56000008E1FE856402F31C0065524433D2F3200
:10E570000000A140C6086FEE5524503D4A24C070EB
:10E580005625C018A8208002041001240031810FF4
:10E590006A44FBAE041850009E40491D18104A24DE
:10E5A00000712240A82080010415012404185000A5
:10E5B0008A20040BB86000881019C0240FE83E417F
:10E5C0000C70033100804BF74A240071A820C00171
:10E5D00026405220C00704191020001680100DE8B4
:10E5E0004A2400715625C018A82080010410010497
:10E5F000041F501006F00C7003A702A701A700A784
:10E600008024033804141B34DAC6E078EAC3B0C1AE
:10E610004A24C070C84608450A214021704048403D
:10E620004A2000004024063D4024093AA820400525
:10E630000349F0200C101526020000338B0F833A9B
:10E640006F1215210F100034831F7A3D00000471F2
:10E65000001AC00260A78DC18AC240240537A140BC
:10E660000243520DAFEE87C74A24C0704A20000013
:10E67000A8204003024F8AC104490032410480C3EC
:10E6800001344110157B047120A380C183C28A0923
:10E69000EFEEA14040250F1B83C110DA320A2FECA8
:10E6A000E1401D0831208DC080C26A09AFEEE14112
:10E6B00001C100C202C034A553A515A54A240071AA
:10E6C0000A208003A82080010417011404185000B8
:10E6D0002C8D3C1580104830000004A60FE92386DD
:10E6E0000C70033100804BF74A240071A820C00150
:10E6F00000865220C007041E1010CAC7E2C0402086
:10E7000008028D704C716C7019F0624803324080C1
:10E710004C7015F6402583103D0B33014E25BC107F
:10E7200015204213A820000204120C040334409068
:10E7300003F6647110F08D714C70684589430CEAE2
:10E74000A2488D71033240804C703AF6616DBF0B68
:10E7500032818D716140C2C4E6C076108B008A257B
:10E76000091D00208C0F0000240248330B10BE60EE
:10E770000333C0900DF732248B1FFFFFD4FE130B21
:10E7800031108A2504151D65A08DB5707CF2608E50
:10E7900008EB80200A01C3434940DB0F60A05CF016
:10E7A0003224831FFFFFA8FE10EB4832C302502221
:10E7B000FE87496BCA22210015208200BE84A41264
:10E7C0000206013242035EA4548E10EA3224821FF4
:10E7D000FFFFD4FE86EA004280220405408A06EA52
:10E7E000C342B23DC2B85AA44831C20275844477CC
:10E7F000483282005021FE870032820F32BEC2B8FA
:10E8000068140B100132810FB23EC2B8C342B23E4F
:10E81000C2B8CA2181000131C100DF840131C102C7
:10E82000C3424940DB0FF78402368373803F000008
:10E8300003318080CA2245000033C303BE84003602
:10E84000811080200A010133410056A401314303A5
:10E8500037A478A4CB44B23DC2B8C3424940DB0FD1
:10E86000033300834041CA21050303338080CA2259
:10E8700045004041CA21C50003330083CA218500F9
:10E8800020A0C6C44833C202A08EF02682701300B6
:10E890001C766C70141E43107AA47EA4110D7110A6
:10E8A00055A40042AD708022090D60AAB57058844D
:10E8B00057A471F59AF1E078E8C382240C345040F3
:10E8C000084784C08A220C0006082FEC28450087E0
:10E8D0004024833040240432402405334024063150
:10E8E0004024C730A1410242120C2FF3021C4335D1
:10E8F00002C59BED03148E30AD700C700900000052
:10E900008A253E1691E802148030CF791B086400F6
:10E9100084C281C3C20A6000E14001C012700C7160
:10E9200030F7C571EBF1A140C8C7E078F2C3B3C1BD
:10E930000A2180210A2140110A22002170455044F9
:10E940003043110FFE01084744274000CC1F02103E
:10E9500080140D301EC64A24C0700C705424083830
:10E9600040240B3DA8204005F0230C20F02401207A
:10E970001520031000348C1F833A6F1215230210E8
:10E980000031810F7A3D0000047180A320A290C164
:10E990008DC24024053AE14042430A244002A608C1
:10E9A000EFF44024103A4A24C070A8200002064028
:10E9B00000308003041810208DC140240437E1404A
:10E9C000A24222434024103DDA0B200087C61E8756
:10E9D00036874A24C0700030800F744900244024D8
:10E9E0000B3A073048004A200000A8208004F0239A
:10E9F0000210F0200120034E80C401318200157CFA
:10EA00000030C11004710132410020A480C183C2D2
:10EA1000DA0BEFF4E14040270E1B83C110DAB20E8F
:10EA2000EFEBC1401B0A312090C080C2E60D6FEEB3
:10EA3000C14101C100C202C034A753A715A7BE43FC
:10EA40009E427E41160DEFFFE1404A2400710A20EC
:10EA50004003A820C00104160114041850002C8F94
:10EA6000A117001604A510E923850C70033100805E
:10EA70004AF74A240071A820000200855220C007EE
:10EA8000041D1010D2C7E078E07EE078E8C3A2C190
:10EA90000845008060444024C330402405314024B0
:10EAA00086305040284655250F18AE0A2FF3031C18
:10EAB00043350214803074F065089502252000006B
:10EAC0000AF00CF00CF00EF00EF010F016F01EF044
:10EAD0001EF020F00C8D0CF005851DF006851BF056
:10EAE000078519F0088517F02415801081C3C141EE
:10EAF0009A082FFA024214F02515801081C3C141F3
:10EB00005E0CEFF402420CF0188505F0198503F055
:10EB1000048581C3C1415E0A6FF70242021480304E
:10EB20006BB87308D502252000000CF00DF010F032
:10EB300011F019F01FF021F021F023F023F025F05F
:10EB40006815801011F06915801007F07415801099
:10EB500003F07515801081C3C14132082FFA0242BB
:10EB600019F07615801081C3C141F60BEFF4024213
:10EB700011F01B850AF0018708F0028706F01C855A
:10EB800004F0008702F0128781C3C141E6096FF7E4
:10EB90000242021480300471021C023003148130DE
:10EBA0000F7819092580047701C04128010200AEC1
:10EBB00021AEC8C7E8C3A3C1484728452C7010DA66
:10EBC00060400A2000214E0BEFF968462C700A22A3
:10EBD000800F1300387633ED4A240071A82080029C
:10EBE0000412030480C03C6024713827C01000ACBC
:10EBF000560E2FF580C038E80FDD001E4310011EB1
:10EC00008310021EC310031E0311041E4311051EB0
:10EC10008311061EC311071E0312081E4312091E8C
:10EC2000C3120A1E43130B1E83130C1EC3140D1EA6
:10EC300003150E1E4315330000004A24407110E2F4
:10EC4000A82080020412030481C03C60247138278C
:10EC5000C01000AC4E096FF781C026E8AD71001EF0
:10EC6000C31123F0AD701B0FB019B866190F711CDA
:10EC7000B866A572001843030118830304F0A57158
:10EC80000018C302F20BEFF67827001C05E8B866FF
:10EC9000A57100188301130F711EBE66A571001EB9
:10ECA000831203F0AD7000184023C8C7F0C3A2C19F
:10ECB0000846008060444024C3304024053140248D
:10ECC00086305044284592082FF3031C0332021467
:10ECD000803054269319542612185526101955269B
:10ECE0008F1B4026111B48F05108550125200000BC
:10ECF00005F00CF011F019F01AF081C32240A14187
:10ED0000620F2FFA82421AF00A8681C3A141720D66
:10ED10002FEF824212F03C16801081C3A1416E0E8B
:10ED2000EFF982420AF081C3424004F081C362409D
:10ED3000A141AE0A6FF782420214803025083002EA
:10ED400081C31308F00181C32308B10181C3E140ED
:10ED500009F08C168010A141320EEFF9824207F0C3
:10ED60000240A141FE0E2FFA82420214803004714B
:10ED7000021C0230031481300F787109258004775A
:10ED800001C04128010200AD21ADD0C7E2C2084553
:10ED90000C702608E004A141260A2003A140C2C647
:10EDA000EEC3B4C1484588464C70304110405520F0
:10EDB0004F08747042A641A640A623F44A24C070AE
:10EDC00091C40C70A820C002014D152403100471D9
:10EDD0000031810FCC3DCDCC20A3691080202C7058
:10EDE0000DE84817821091C1F60B200002408A20DE
:10EDF000040502707417811040880521BE80A403A9
:10EE000022004C70038503308080C7F60130800FEC
:10EE1000003F000005F00130800F00BF00004830C7
:10EE2000C002761081200F783070780325004020D2
:10EE3000132B088F0DE86810802080C62D08B100C4
:10EE400048AF91C180C2BA0B6FF262401EF07510DC
:10EE50008020ED083000402412345520002984C25F
:10EE60003A0A6FF2624171F055208D2B91C180C238
:10EE70008E0B6FF20A2040034A240071A820800103
:10EE800004130024041D1010AD70C1408E0AEFF36E
:10EE900042C501C27FDB17BB0C700332C0804F2319
:10EEA000CC07CA206C00033200836F260B100B7E48
:10EEB00060419D7140403C700332C080560E2FF47B
:10EEC000CA20490008460330808F4940DB0F86F690
:10EED00002368E734940DB0F00C043C0B20C2FF5E1
:10EEE00083C045C544C500368D1F003F0000060D98
:10EEF000AFFAA14003C10031000046C0A60F6FF673
:10EF0000A1407510812047C008E95520002984C11F
:10EF1000BE09EFEB10DA12F040200D2B84C089C23D
:10EF20007A096FF2A14189C0760A6FF28DC18DC155
:10EF300010DA9E09EFEBA1405F02000084C010DAF6
:10EF40008E09EFEB624168108D2091C180C2B20A38
:10EF50006FF242401D0DB0104A2400715520812BE4
:10EF60004020002BA8208001041002040419900006
:10EF7000AD7080C0A609EFF342C500C001C148C012
:10EF80000331408344F70A0C2FF588C04020002B42
:10EF9000DA0E2FF242414240EA0E2FF2C14108C27E
:10EFA0004A24C0700A208003A820C00120800032BB
:10EFB0004100041850007410802030E84A24C070CA
:10EFC0004C7022430C7043C2A820000204130104B9
:10EFD00000314100013040000330808F6144000067
:10EFE00043C0C6F60030820FBC3862BE7FD817B867
:10EFF00003320080CA2085006C1003204A24C070B0
:10F0000000300100A82040020086003300000031DB
:10F010000000041E1010C1F04A24C07055200D2DB0
:10F02000A140C142A82040026080041201040131C5
:10F03000C10004185000960AEFF9A1400330808FF8
:10F04000C8420000DCF602852185408542C0A1400F
:10F0500041C17A0AEFF940C24A24C07080C10A2235
:10F06000400343C0A8200003041103040733030036
:10F070000033830FC8420000041AD0007C10002027
:10F0800008C1488702360B70803F00007C8F00303B
:10F0900041008D700033801089430130420048A741
:10F0A0000CEB00875022C1076D700331008069406E
:10F0B000CA23691043C21DF64A24C0700A21C01237
:10F0C0000A2340140C7043C4A82000020413011446
:10F0D000003141000130400031870A2340120D7099
:10F0E00003304080CA236910CA206C1043C06000FE
:10F0F000290079230000ACE8018743C2BFBA03327C
:10F10000008048002C000D7102857010032040859E
:10F1100021856C100B204A24C0701C1F021242C0B3
:10F1200040240830C14043C341C140C2A82040032D
:10F13000041002142080003382000033411001319A
:10F140008100041850000D700A2340123F0B30104C
:10F150004A24C070208570100020418562856C10A3
:10F160000B2040C140240930C14143C041C242C3C9
:10F17000A82040030411031440810030C300003371
:10F1800082100132C200041990000F0810109CAFC9
:10F1900082A681A680A6F910802084E8F918432071
:10F1A000681080203708B00055208D2A164358106B
:10F1B00002204024043D22412A096FF2A1408DC162
:10F1C00010DA0E0FAFEBA1408DC1D60F2FF2A14088
:10F1D0008DC110DAFA0EAFEBA140CEC7F0C3A4C1C7
:10F1E0005520CE0D10412845328665160016504236
:10F1F000EA0D2FFAF81943200471651E181080C11A
:10F20000A60BEFF9A14000C381C10C7004110204E8
:10F210000471FD08B2800133830065160F164A247D
:10F22000C070146F2270926F5620C008A820800111
:10F2300004150114041850002F33C0008A22090B52
:10F240002272208A152100234918D8008DE93286C0
:10F25000631600160B0923002C7120AA05F0047117
:10F260002C70631E1810347093F2B28610868E7163
:10F2700009205003170F231442205320270FE114B5
:10F280002C71F143B144A14317F0BF67016F022015
:10F2900000044A0D2FFAA14165160F1600416C7249
:10F2A0000BF0F865047102200004320D2FFAA14121
:10F2B00000432C71B14448309020562140294833F6
:10F2C00082204024073007368670803F0000E142EC
:10F2D00007360574803F00001E0C20000A2400053C
:10F2E000090A1020208603F02186160CAFFF80C08B
:10F2F0006516011662868D7004B9227149110206E5
:10F3000089410332C08088F723862D700332408004
:10F3100002F62D718AE8150910100686A168E4E549
:10F32000C2F664DDA6A604F086A6AD70F9118020B1
:10F3300005E8150A1020288607F0224080200405E1
:10F3400080A822F02986BA0BAFFF80C006E82240D1
:10F3500080200405001843002B093010ED702A8628
:10F360009E0BAFFF80C014700C7004F40D86047106
:10F370002C86150862000DA6224080200405E0A816
:10F3800002F0EDA605860B0D0210F8190320D0C778
:10F390002D04C0028A2401748A2104054C70562071
:10F3A00043091961F4188000F81882004418980085
:10F3B000F918820000198200A8200001041B110026
:10F3C0008A21090B9A1898009C1898003860E07FF1
:10F3D00040A8E078EAC268454846304108470E092F
:10F3E000AFF4552010084221C022B508D5022520CF
:10F3F00000000CF011F018F01DF024F029F02FF0AF
:10F4000034F03BF03FF046F0C1404A0BAFF4A1416D
:10F41000681F0210CAC6C140660FAFF9A141691F3B
:10F420000210CAC6C1405A0FAFF9A141741F0210A1
:10F43000CAC6C1404A0FAFF9A141751F0210CAC622
:10F44000C140120BAFF4A141761F0210CAC6C140E1
:10F4500006092FF7A1411BA7CAC6C140FA082FF71A
:10F46000A14104180020CAC6C140EE082FF7A141EF
:10F4700008180020CAC6C140DE082FF7A1411CA70A
:10F48000CAC6C140D2082FF7A14100180020CAC641
:10F49000C140C6082FF7A14148180020CAC6E0782D
:10F4A000E07EE078E8C382240C345040084784C0F2
:10F4B0008A220C001A0CAFEB2845008740248330C9
:10F4C0004024043240240533402406314024C73010
:10F4D000A14102422608EFF2021C033202C59BED55
:10F4E00003148E30AD700C70090000008A253E16A2
:10F4F00091E802148030CF791B08640084C281C374
:10F500001A082000E14001C012700C7130F7C5717B
:10F51000EBF1A140C8C7E078E8C3A4C168454846FC
:10F5200028475608AFF41040210F301280C2330F25
:10F53000F011C140290FB11180C2C1400A0FEFF98B
:10F54000A1415520802B08F0C140FE0EEFF9A141EA
:10F550005520002980C17A0BAFEB10DAC8C7220E04
:10F56000AFF9A1418C180220C8C7E078E6C2483143
:10F57000030022920736C2704847000055208D0ACA
:10F5800048310100084607364C7048470000D8153E
:10F5900000900D702C710030800FC8420000E41DF7
:10F5A00042903C1E421007368B70F449002407300D
:10F5B0000303118507360F73803F00004830800039
:10F5C000003400100030800F833A6F120330008245
:10F5D000041EC0127FA6FEA6C6F60130800F003FB3
:10F5E000000006F00130800F00BF00003885483071
:10F5F000C30248318100003440104833810000309C
:10F60000800F833A6F124831C1020330008232A565
:10F61000C6F60130800F003F000006F00130800F79
:10F6200000BF00003E854830C3026D704831810044
:10F6300000344010483381000030800F833A6F124D
:10F640004831C1020330C08239A5C7F60130800FAE
:10F65000003F000005F00130800F00BF00003C8536
:10F660004830C302483181000034401048338100E3
:10F670000030800F833A6F124831C1020330C082DC
:10F680003DA5C7F60130800F003F000005F00130B6
:10F69000800F00BF00004830C0024A24C0704830CC
:10F6A00080008A210A044830C0023B6649200005D8
:10F6B000482080001FA5C34013002C76A82000021C
:10F6C0000410010407318100041B500007368070CC
:10F6D000803F00000730800F72BF22B08E098FFD7F
:10F6E00002360070803F00007E1D1810AA0CEFFF4C
:10F6F000C140C6C6F2C3A4C1D4691E6670BE5042E2
:10F700002845104080C010DAC1410A21C0210A25D5
:10F7100080210A2440210A230021B609AFEB684763
:10F720002F0DA314926D15200223A1414A240071CC
:10F7300080C04843A82040026080041308140130B0
:10F74000C3100418D0002471E509A28410E2330B21
:10F75000E223346F0271E14270B94A24007180C023
:10F760000A234010A82040026080041308140130CE
:10F77000C3100418D000727210E14471AFF64A242D
:10F78000007180C00A234004A820C0032080041612
:10F790000B1400310205023381100418900000316F
:10F7A0004100041B50003F0DA314152002234A24DE
:10F7B000007140240B3022410A248010A820C0038D
:10F7C00004130314041400140230C00060810030DC
:10F7D00000000133000004191000A571D30DA2949C
:10F7E00010E2450BE223146F002010204220102469
:10F7F0004A24007180C30A440A214004A820C0039F
:10F80000041302040414001402308000408100300C
:10F81000000001320000041910007277402010240B
:10F82000E571A8F64A240071A820C00126400030E6
:10F83000400504191020D2C7E4C249684F7D9F25B6
:10F840000213CB44A000CC492043BA64D182542493
:10F85000821A5965426E40B10F78C3441300605656
:10F86000360EEFF74C74C4C60F78C100AFF72C709A
:10F87000F1C004770F781D58D1C0E07EC5000FF7A6
:10F8800005E83F108000216802F02C70E07F30789E
:10F89000E2C208453D5806E83F1080000471C2C628
:10F8A0008C2503980C7088F7A1403D5800419608BC
:10F8B0002FF7A140C2C6E078F1C0A1C10477204271
:10F8C0000F7880C1001C0130215800C11470CA217A
:10F8D00021008774D1C0E07F2040E078C341A000C0
:10F8E0002086E07F00A1E078E6C2084502814485D9
:10F8F00082850030830F4C3DD0CC0032800F733FA7
:10F9000033330130C00063850130820F7AC40000B8
:10F9100004A5BFBA00810332808F3742868C4181B3
:10F9200002A502300F0301810232CE00BFBFBFBE6D
:10F9300003A585F7FE0C2FEFA140048D013782133C
:10F940003308B000CD704B085000A7081100148D8B
:10F950000332808FF4415DBB04710F784920810C24
:10F960008E002C0034AD8508940C041D4310D4ADDA
:10F970003FF0178D04710F793109F40217AD198D1D
:10F9800069089501C4ADD7ADD9AD81DE31F0158DD3
:10F990000332808FF4415DBB416855ADD0F6188DC0
:10F9A000D6AD047118AD1FF00332808FF4415DBBFA
:10F9B0003E000C00198D047119AD1BF0168D0471F9
:10F9C0000F792309B40116AD188D1508F402A14072
:10F9D000041D8310D5ADD8ADD6AD0BF0560C0FEF8E
:10F9E000558D4F78E5E085F74A0C2FEFA140C140D7
:10F9F000C6C6E07800420280033040800C70E020F0
:10FA0000CE07038203304080CAF74482C34040409F
:10FA1000000003324080E07FD020AE057FD8E07F39
:10FA200017B8E078E8C382240C375040084787C0F5
:10FA30008A220C009A0E6FEB2845008740248333FE
:10FA40004024043540240536402406344024C7337E
:10FA5000A1410242A60AAFF20E1C033105C5790D81
:10FA600011100F148E30AD700C7004F08A253E1604
:10FA7000B2E80E148130CF785D090400230830010C
:10FA800084C12908B00084C13708F00084C13B0854
:10FA9000710087C0BE0C6FF484C104AF15F0B60CC2
:10FAA0006FF487C015AF11F087C0AA0C2FF880C281
:10FAB00001C100C202C023A742A704A705F0960C0B
:10FAC0006FF487C014AF04C01270A407EDFF0C716F
:10FAD000C571CCF1A140C8C7F2C3ACC117C750452E
:10FAE000304208462C7024DAE140E8450A208021A3
:10FAF0000A2140210A2300211A0C6FF97044048E58
:10FB000013083F0014DA15087F0080C014DA624140
:10FB100007F080C0A24105F080C014DA8241B20D26
:10FB20004FEB04C1D20EEFFFC14044C080C03E0B7A
:10FB3000EFF188C188C04E0BEFF185C1048E230818
:10FB40003F014A2440712B087F014A244071330849
:10FB5000BF0180C114DA7A0D6FEBA14021F0A14002
:10FB6000A8208001041501240418500014F0A140BD
:10FB7000A820800104140124041850000CF04A2429
:10FB80004071A1410A20C004A82080010410020491
:10FB9000041990002485620EEFFFC14004A518C12E
:10FBA0004A2440710A204003A82080010410020466
:10FBB000041F9010158E4A2440710AE8A820800185
:10FBC000041300240419100011000000A820800173
:10FBD000041500140419100004C24A24C0704A20FD
:10FBE000000085C30C198020A8208004014B15213A
:10FBF0000C2020A400318B0F7AC40000F0220C20CE
:10FC00001520012004710134CC1280A10C18802031
:10FC1000D2C7E078E07EE078E8C3A2C10846008061
:10FC200060444024C3304024053140248630484796
:10FC300028452609AFF2031C033102148030402608
:10FC4000101220F0170810011708B00081C31F0818
:10FC5000D00027085100048E0AF0158E08F00240EB
:10FC6000A1410E0B2FF8E14207F0148E81C3A14190
:10FC7000EE0A6FF4E142021480300471021C02307B
:10FC8000031481300F78C109058001C041280102A9
:10FC900000AD21ADC8C7E078E8C3A1C148472845F9
:10FCA0002C7010DA60400A2000216A0A6FF9684659
:10FCB000B570AD7027F24A24C070C3401300687657
:10FCC00040244130A820000204100204382782108A
:10FCD00001199200A20A2FF64024403004E8AD71C9
:10FCE000A0AE11F0130F101F150FD01E170F911B90
:10FCF000001E831006F0001E031104F0001EC31046
:10FD0000AD7100184023C8C7F1C0A3C10080604492
:10FD10004024C330402405314024C6323A08AFF2B3
:10FD2000031C033001C0A3C0D1C0E07EF1C000417C
:10FD3000A60860040C704A24C07040210202C3402F
:10FD400013005C7604194300A8208001041003040A
:10FD5000041AD000D1C0E07F141905004A24C070F5
:10FD6000402002020A21800F13005C760418430031
:10FD7000A820800104110304041AD000E07F1418A5
:10FD80000500E078E07EE078F1C0A4C10080402466
:10FD9000833140240430402405334024063240247B
:10FDA000C7315A0F6FF2061C033000C0A4C0D1C087
:10FDB000E07EE078E07EE078E6C034108C005520EC
:10FDC0008D0E0AEA0D0CD110408D210AB500C96ACA
:10FDD000CD700CF0408DEA108E0044714F7F0D0FF6
:10FDE0008513484640AD03F0C0ADE910820006E936
:10FDF0001D0AB500AD700DF0EA108D00216A2F7A52
:10FE00000F0A45032845E918420005F0A96AE918D8
:10FE10004203EA108B00CF792909C5020D0CD110DD
:10FE2000EB1082001D098500AF7A230AC5022D0C54
:10FE3000B4102C71EB108100130A6500296C0EF0D0
:10FE4000216C2F7A0D0B840008F0110BF5002C7239
:10FE50003418C200604104F0341842002F791909A7
:10FE60000503110C9010110CD110E8180300C6C442
:10FE7000E8180500C6C4E078ECC3A1C155204E09BE
:10FE80000845FC8003864A24C070504020427042DE
:10FE90002C705041A820400304120B04402443302E
:10FEA0003C630333009024716F230B0060AC760F2A
:10FEB000AFF34024403033E86486FD854A24C070A7
:10FEC0000C702241A820400304110B04402442304E
:10FED0001C620333C09004716F220B0040AC460FCC
:10FEE000AFF3402440301BE84586FE854A24C070AD
:10FEF0004A200000A820400304110C244024413073
:10FF00001B610334809004716F210B0020AB160F2E
:10FF1000AFF34024403003E8FF85418616867D8597
:10FF200002378110003041001786013241005C85A4
:10FF30000030CC000337409021A6CA21C50303310D
:10FF400000834843D0F69E8500300B030331C08206
:10FF50006843CAF67F8589430030C00003310080C2
:10FF6000C2F66843028607368170803F0000073082
:10FF700080000130800F803F000003304080CA21A4
:10FF8000050007364270803F0000614020A67FD9FF
:10FF900017B90332C082CA208900001800200286E7
:10FFA0000133001003304080CA20490003304080F4
:10FFB00002A605F4001AC320CCC70330808F003F8F
:10FFC000000045F6001A4320CCC7001A8320CCC796
:10FFD000EAC382240C385040084588C08A220C00AD
:10FFE000EE086FEB2846008540248330402404321D
:10FFF00040240537402406314024C730C141024225
:020000040803EF
:10000000FA0C6FF2021C033302C6D57079F40314A4
:100010008F3055251118CD700C7004F08A263E16CD
:10002000DF083100EF7802148130D709240004770B
:10003000C1081503252000000CF013F017F01DF087
:1000400021F027F02BF031F03AF041F046F04DF07E
:1000500088C00E0CAFF581C1901D04104AF088C015
:10006000F60CAFF681C10CA544F088C0EA0CAFF6DF
:1000700081C114A53EF088C0DE0CAFF681C115A584
:1000800038F088C0D20CAFF681C118A532F088C014
:10009000C60CAFF681C119A52CF088C0BA0CAFF61A
:1000A00081C11AA526F088C081C1760A600583C285
:1000B00083C110DA1A086FEB22401CF088C09A0C3A
:1000C000AFF681C1AC1D001014F088C0860E2FF46D
:1000D00081C16D1D02100EF088C07E0CAFF681C18B
:1000E000CC1D001006F088C06E0CAFF681C10BA5C8
:1000F00001C012702807EDFF0C71E5718EF1C1404F
:10010000CAC7E078EEC3ADC1A8470A21002130403C
:100110000845130AFE01001D03000C714678361DC8
:1001200002100F0BFE010C716678351D0210784D20
:100130004024C2328AC3620B6FFE02413615801022
:1001400008E83515801006E80B1480306E7103E85E
:100150006E7040250E1787C1C140DA08AFF4402405
:1001600012374A24C07040244136A820800304126C
:1001700002240C700332808F00470000CA206900FF
:1001800001191200220EAFF34024403607E80C702C
:1001900002A601A600A6341D02107670F3F28AC1F1
:1001A00081C240248332A140D20CEFFF4024123A96
:1001B0004A24C0700C70A820800315250110F0207F
:1001C000032021811522022004710233410020A264
:1001D00001C44A24C070046D8AC2A820000304121E
:1001E00001046080003441100133410004185000C4
:1001F00054952A15801004710F79507186012500DD
:100200002A1D02104A24C0702C702A1D4210A820FA
:10021000400315254010448001808AC3357B02309D
:100220008000247100A38AC087C10A08AFF440246B
:1002300010373F8501C04A24C0704C700730410020
:100240000C85031C8230021C823000310C00A82077
:10025000C00304100324402441360C700333008390
:1002600059614471CA206A0000A93E0DAFF34024D1
:100270004036F10830004C70B01500108B854A24D0
:10028000C0700130810F803F00000A20800F2041A4
:10029000000003310080CA20450040240B37B01D08
:1002A0000010A820C00304130814402443362C7007
:1002B000033000935B634471CA21690020AB0736A9
:1002C0001270803F0000C340CC3ECDCC033200A072
:1002D000CA220520D20CAFF340244036C9083000B2
:1002E0008AC2860AAFF58AC06B854A24C07087C16E
:1002F00040240B3383C2A820C0020411000403333E
:100300000080CA20C500041A10004A24C070284D7D
:100310008AC20A200020A820000404120104041349
:100320000C14608000324120003101030133410090
:1003300004185000402481304024C230C60C2000F4
:10034000A1404A24C070A820C0010410002408184D
:100350000020031482300214813080D800AF03F0F3
:100360002C700A14833034159010520AEFFFA1400C
:10037000341580100B080020008F87B800AF2A1DAD
:1003800003104A24C0700A204004A820C0010416AB
:1003900001140418500034158010483000000C1966
:1003A0000020CEC74A24C070284D0A200020A82073
:1003B0000003041201046080003241200133410037
:1003C00004185000B8F1E078E07EE078E8C3A2C1FC
:1003D0000846008060444024C33040240531402456
:1003E00086304847284572096FF2031C0333021414
:1003F00080305526101846F07F0815032520000090
:100400000CF014F014F016F016F018F018F01AF0C2
:100410001FF022F028F02BF09016001181C3A141AB
:100420005208AFF5E14229F00C8622F0148620F044
:1004300015861EF018861CF019861AF01A8618F018
:1004400081C30240A141F60E2005E14215F0AC1631
:1004500000100EF06D16801081C3A141020B2FF425
:10046000E1420BF0CC16001002F00B8681C3A141D3
:100470000209AFF6E142021480300471021C02301E
:10048000031481300F7875092580047701C0412855
:10049000010200AD21ADC8C7E8C3A1C15040284545
:1004A0002C7010DA604088476A0A2FF96846B570E8
:1004B000AD702EF44A240071C342130074760C70A0
:1004C000A82080020412030480C11C61047138203A
:1004D000C12020AC720D6FF480C01AE80CDD001E44
:1004E0004310011E8310021E0311031EC311041EBC
:1004F0000312051E4312061E8312071EC312091E95
:1005000043130A1E83130B1EC313A8AEA0A7C8C7AC
:10051000F2C3A2C110451015002460444024C3302A
:100520004024053140248630484530442A086FF283
:10053000031CC333021480305525CE2C55250F2CB7
:100540005525102B5525512A4225122340251323CA
:1005500053F09D08D5032520000010F011F014F091
:1005600015F018F019F01CF01DF020F021F024F027
:1005700025F02CF02DF035F081C3624021F02415D8
:10058000802029F01A15802025F081C3424019F0FF
:10059000251580201FF0261580201DF08C150020C9
:1005A00021F081C3A2400DF081C3224009F081C334
:1005B000024007F081C3E14003F081C3C1408241A2
:1005C0001E0AAFF6A14214F0D815802003F0D91509
:1005D000802081C382418A092FF4A14208F0A0152E
:1005E000002081C382418E0F6FF6A1420214803039
:1005F0000471021C0230031481300F7857092580E2
:10060000047701C041280102001C0220011C422085
:10061000D2C7E078E2C208450C70F20FE003A141B6
:100620000A0B6002A140C2C601034002E07EE078EE
:10063000F0C382240C375044084587C08A220C003E
:100640008E0A2FEB2846008540248333402404354E
:1006500040240536402406344024C733C141824239
:100660009A0E2FF20E1CC333141411303670C7F4D7
:100670000F14903055254E1B55250F1C5525121D66
:100680005525D31D2E700C7003F08A213E26147060
:10069000B5F40E1481302F20070430705E012D0058
:1006A00004778EE048010D00252000000FF052F085
:1006B00019F057F01EF061F066F06DF077F021F060
:1006C00081F02BF038F08EF03DF087C084C1F60841
:1006D000AFF680C201C100C202C028A547A509A586
:1006E00086F087C06E082FF484C12A1D021080F0A6
:1006F00087C062082FF484C1351D021078F087C0CE
:1007000084C1C208AFF680C201C100C202C021A7E5
:1007100040A702A76CF087C084C1AA08AFF680C2C8
:1007200001C100C202C0041B4020001B8020081B26
:1007300000205EF087C01E082FF484C1E81D02105F
:1007400056F087C0120E6FF684C1B01D001050F035
:1007500087C002082FF484C1341D021048F087C0FE
:1007600084C16208AFF680C201C100C202C022A5E6
:1007700041A503A53CF087C0DA0FEFF384C1361D15
:10078000021036F087C0D20D6FF684C19C1D001098
:100790002EF087C084C12E08AFF680C201C100C20E
:1007A00002C025A544A506A522F087C084C116086D
:1007B000AFF680C201C100C202C021A640A602A6B7
:1007C00016F087C084C1FE0F6FF680C201C100C25F
:1007D00002C0041A4020001A8020081A002008F0E5
:1007E00087C0720FEFF384C1E91D021004C092703C
:1007F0009A06EDFF0C71067147F12240D0C7E078F0
:10080000E6C06D7000465520CF0C0C716147001A90
:10081000C2022FF055254C1B6485C38455250D1C41
:1008200003338083C941CDF660A5A0870035881FBA
:1008300000C000000133030260A400AA18F0C084C5
:1008400003338083C9404BF760A4808701340C13C5
:100850000133030360A500AA0AF060870133C300D7
:100860000131CD100230C310AAA467A4E471A90F0E
:10087000F4801526CD010019C20227F06482DC1233
:100880000C005522CE0D55220D0D03330083CEF6FC
:1008900060A6808700348C1F80C0000001330303F2
:1008A000D01AC00000A964824085033380804CF7D1
:1008B00060A540870032820F804000000133820033
:1008C00040A600A96571B90BF4901526C202C6C4F2
:1008D000E8C3084558804831000007360F70484784
:1008E000000002368070803F00000736CE73C8419A
:1008F00000001A092FFDA7C1720FEFFC003600108F
:100900000737821FC841000090150111023603709D
:10091000803F00004831010077A5003240002C7074
:1009200003304080C6F60130800F003F000006F023
:100930000130800F00BF00004830C00214B50036FF
:10094000801F24BDCAA5260FCFFC02360070803F51
:1009500000004A240071EC1D0010552502184024A7
:10096000103383C0A82080020412010402364170B3
:10097000803F000004185000020BE00383C0ED70BC
:100980000640EA0EEFFC0036001040274F10F50F2E
:100990003291041810204A2400715425021E83C18C
:1009A000A82080020411000402360070803F00007D
:1009B000041A10001F855D8578150110AC150C1008
:1009C0004A24C07042C05525031A80C041C140C2AC
:1009D000A82000020410010407344110041B500039
:1009E0002A1D0310361D4310351D4310C8C7E0787B
:1009F000E4C208455F20020FC340A000704CC34111
:100A0000F0002C015E600019410067861CEB00229B
:100A1000820FA000A94CC340F0000000001A0300A0
:100A2000B578CB44A0001442289013884084C5B800
:100A3000027926A606EA607AA14086E867862686BD
:100A40000709C500C4C600160270A000E841201EB8
:100A5000011005EA607AA140C4C60F0DF110A14053
:100A6000BA088FEAC4C6DE0A4FEAC4C6E6C208471F
:100A70005F270E1FC340F0002C01CB45A000A04C07
:100A800000184100D865560EEFFA09180300C3405C
:100A9000A0001442408006EAA166607AE14084E842
:100AA0000C708B58C6C6E078ECC2CB47A0008CE82F
:100AB000167F08450087F0265273F000E802CB4607
:100AC000F00000001040B57E1CE80C71001F011002
:100AD0000A0EEFFA002851035F2500150020800F51
:100AE000A00010518A0C6FF6AB219A2013169110BA
:100AF0002187489623200004A1405321512105F06D
:100B0000138E532051010422802F01000000052183
:100B10003EA009F2C340A000FC41208003E96079B7
:100B2000A140C340F0002C0100184100CCC6E07881
:100B3000EAC2104015260070F000E8024A100F8645
:100B4000CB46A0008CE816260E1400101100A086DB
:100B5000412F01165321408106F21AED2186104FD4
:100B6000107A14F014ED5F2000252C710029010487
:100B70000020800FA0001051F60B6FF6AB219A00F9
:100B80002186001E0110F07A607D024013091E24A8
:100B9000C340A000FC41208003E960790240C340CB
:100BA000F0002C0100184100CAC6E078E4C2E1C49C
:100BB000FC1CC8B2FC1C88B2FC1C48B2FC1C08B26D
:100BC000FC1CC8B1FC1C88B1FC1C48B1FC1C08B161
:100BD000E1C3E1C2E1C1E1C0FC1C88B76A25C010D5
:100BE000E1C56A258010E1C5FC1C08BFA1C1C34056
:100BF000F000440100180102160D0FFB147143F2BE
:100C0000CB45A000A86DCD70A140001C01302F265F
:100C10000C102F2188830CF2C340A0003086008086
:100C20004C716C70360C2FFB402404300426819FDD
:100C3000FF0000000BF2C340A000148600804C713E
:100C40006C701A0C2FFB402404300426819F000F87
:100C500000000AF2028508E84C716C70FE0B2FFB55
:100C6000402404306C26C19609F2018507E84C71D6
:100C70006C70EA0B2FFB4024043000C003E8D60C54
:100C80004FFC8774C1C50A244073C1C56B25801011
:100C9000C1C56B25C01004141E34C1C0C1C1C1C27E
:100CA000C1C30414043404140534041406340414B5
:100CB0000734041408340414093404140A340414E2
:100CC0000B34C1C4C4C26F243F00E078C100CFFB25
:100CD000E2C20F7DBA0A6FEAA1401A0F6FF0A1407D
:100CE000C2C6E07839044FEA75044FEA15034FEAAB
:100CF000001E0070A0002886E07EE078E8C3822411
:100D00000C345040084784C08A220C00C20BEFEA22
:100D10002845008740248330402404324024053392
:100D2000402406314024C730A1410242CE0FEFF1EA
:100D3000021C433102C57D0D111003148E30AD70BD
:100D40000C7004F08A253E16B4E802148130CF7886
:100D50006109240004774F0855012520000006F0A2
:100D60000AF010F014F01AF084C05208EFF881C1B4
:100D700002A719F084C0E20F2FF681C104A713F077
:100D800084C0D60F2FF681C105A70DF084C0CA0F0D
:100D90002FF681C10AA707F084C02208EFF881C1AD
:100DA00003A701C01270A007EDFF0C71C571CAF155
:100DB000A140C8C7E4C3A7C108450488284614E871
:100DC0004A24C070B84DC140A8208001041002041C
:100DD00004199000C3408C420000241D0110041D22
:100DE00003100AA54A24C0700C7084C4A820000314
:100DF00015250110034E26811524021004710233BB
:100E0000410020A284C02E0C2FF481C14A24C0705E
:100E100040250016A8208001041601140418500073
:100E20008A854A24C07081C140244230A820C00273
:100E3000041103040C7003330083CA206900011AF3
:100E4000120066096FF340244030402503190DE875
:100E500029854585C340010080512471150864002F
:100E60004AA520A308F004852C7029A50AA504F042
:100E700000A30041038510710C70C4F700A381D852
:100E8000C4C7E078E07EE078E6C3A2C108460080EF
:100E900060444024C3304024053140248630484714
:100EA0002845B60EEFF1031C43310214803023F0C5
:100EB000390855012520000005F007F007F009F07A
:100EC0000EF002860DF0048604F0058602F00A8614
:100ED00081C3A1419E0E2FF6E14208F0038681C333
:100EE000A141F60EAFF8E142021480300471021CF9
:100EF0000230031481300F78B9092580047701C0CE
:100F00004128010200AD21ADC6C7E078E2C22C70D5
:100F100010DA6040FE0FAFF88845001D0110C2C610
:100F2000E6C3A2C108461816001460444024C3302A
:100F30004024053140248630484728451A0EEFF1F9
:100F4000031C83300214803017F01B08B00081C3EB
:100F50001D08710081C3C140A14186086FF6E142BE
:100F600006F00386A141720EAFF8E1420214803010
:100F70000471021C0230031481300F78CF09058000
:100F800001C04128010200AD21ADC6C7E2C208453B
:100F90000C70960EA003A141420B2002A140C2C6D4
:100FA00039030002E07EE078EAC382240C39504124
:100FB000084589C08A220C001609EFEA28460085F8
:100FC0004024C334402404374024053840240633E9
:100FD0004024C736C1412242220DEFF1131C833059
:100FE0001C141030630811201B148F300E700C700D
:100FF00003F08A203E26A9E813148130EF784B09CC
:1010000004002508700083C13108B10089C103C6FE
:1010100085C0D961BA08EFEA4C7405C1046E43C0BB
:1010200029A50CF089C09E0F2FF680C201C100C215
:1010300002C027A546A508A503C03270B607EDFF7C
:101040000C71E571D5F10240CAC7E0784831010062
:1010500007364270484700002C7003324080C7F6C4
:101060000132810F003F000005F00132810F00BF07
:1010700000004831C1020418430048318100483162
:10108000C1023579E07F23A0E2C3A3C12042084515
:1010900080C1A2092FF4404000C381C14A20000052
:1010A0000411020404710332C080F908B280CA231B
:1010B000890026858A204C071A6503334080D1F7C2
:1010C00004850333008042002E00A14105850333CF
:1010D00000805A002E006D741412C00034F0A1413B
:1010E00080210C07008961896D718968096B8D7B8E
:1010F0000D7C88233E028C243E924C002A0060A97D
:1011000088D90C712EF080210C07008961896D72DD
:101110008968096B8D7B0D7C88233E028C243E926E
:1011200060A952F688D90C721CF0A14180210C07ED
:1011300001891411C3006D7304770D7C8C243E92D9
:1011400060A98EF600AA2F2605F0200023000C745B
:1011500080250C170015C310614005F088D90C7369
:1011600020AA090B12000C73C2C7E078F2C38224D4
:101170000C3D5042104155208D0E8DC08A220C002E
:101180004E0FAFEA284626404024833340240435DE
:101190004024053C402406344024C733C141424228
:1011A0005A0BEFF10E1C433505C014701C022200CF
:1011B0008A2404270F148E308A23042D8A200523C5
:1011C0008A27051F56211528002454240023532460
:1011D0000020502422770E148130CF783070DE0149
:1011E0002D008A210800047794E0C2010D0025201B
:1011F000000016F01AF020F024F02AF02EF034F05F
:101200003DF043F04CF057F060F06FF07CF087F069
:101210008CF09BF0A0F0A7F0B4F0C3F08DC04608AE
:101220002FEE84C100A5C3F08DC03A082FEE84C113
:1012300001A5BDF08DC0220B2FF684C102A5B7F029
:101240008DC0160B2FF684C103A5B1F08DC00A0B1B
:101250002FF684C104A5ABF08DC00A082FEE84C11F
:1012600005A5A5F08DC084C1820C6FF986C286C128
:1012700018DA5E0EAFEAA24099F08DC0DA0A2FF6B6
:1012800084C10CA593F08DC084C1620C6FF986C235
:1012900086C118DA3A0EAFEA824089F08DC084C167
:1012A0004A0C6FF986C286C118DA260EAFEA624090
:1012B0007DF08DC084C1360C6FF986C286C118DA04
:1012C0000E0EAFEA024073F08DC084C1860C6FF73A
:1012D00080C201C100C202C05A1958205919982071
:1012E0005B19182063F08DC084C16A0C6FF780C24F
:1012F00001C100C202C05D1958205C1998205E1916
:10130000182055F08DC084C1E20B6FF986C286C1EA
:1013100018DABE0DAFEAE14049F08DC03A0A2FF667
:1013200084C1AC1D001043F08DC084C1260C6FF742
:1013300080C201C100C202C06719582066199820F6
:101340006819182033F08DC01A0FEFED84C1BC1D51
:1013500000102DF08DC00E0FEFED84C1C01D0010E8
:1013600025F08DC084C15E0C2FF680C201C100C281
:1013700002C06C1958206B1998206D19182017F0AD
:101380008DC084C13E0C2FF680C201C100C202C0D4
:101390006F1958206E1998207019182007F08DC009
:1013A000C20EEFED84C1DC1D001004C052702A068D
:1013B000EEFFC5718A203E06D2C7C3421300F47601
:1013C0003E09200222400C70D2C7E078F0C3ADC1C4
:1013D000084604888A250C190A2180210A22402106
:1013E00070445040304300268F1F0000D401DD655B
:1013F00007E8008D05E8C1407A0C600062414A248C
:10140000C0706D704024093B402408304A20000021
:10141000001D4310041EC212A8204007F020012026
:101420000031810F7A3D00000331C082C6F60131E0
:10143000830F003F000006F00131830F00BF000062
:101440004833C30214210C1015200210047120A28D
:1014500060B48A25091FDD652C718BC2720B6FF198
:10146000A1403D0C31200E7080C1220CEFFFC14025
:101470004A24C070004388C0A820800204130124BD
:101480000031810FCC3DCDCC041850008A220C01D4
:10149000DA6288C10A0F2000C140104059170116B6
:1014A00017E9C14080200B04008893E88BC2A1405B
:1014B0009E0B6FF14024133B4A24C07080C0A820CB
:1014C000400202134125483181000418500058178A
:1014D00000168A250C11DD650030820F7449002446
:1014E00080C1C3432B3277CC40240434A140F60D95
:1014F0002FF14024133084C110DAD60BAFEAA1409B
:1015000084C19E0C2FF1A14084C110DAC20BAFEA56
:10151000A1404024C1334024823396082000C140BA
:10152000001903200E148030052010202F2607F408
:1015300004F280D8001902202187408702874A24BC
:10154000C07041C1424140C242C0A820C002041341
:1015500000240030800F20410000041910000F14F7
:101560008030483000000C1A0020D0C70041802194
:101570004C05E07F0089E078A3C14A24C07080C296
:10158000A820C00104100104BFB9041A500000C013
:1015900081C22C7004120304247103330080F90902
:1015A000B280CA20C900E07FA3C0E078E8C38224EB
:1015B000023A4847284608455620010F86C090DA6F
:1015C0000E0BAFEA402410364A24807180C0A82058
:1015D000C0011C1001240418500003C184C24A2019
:1015E000000004120304047103334080F708B28042
:1015F000CA21C900C01500100331008044F7001E45
:10160000C31011F0BC1500100331008044F7001E18
:10161000831009F0B8150010033100806F200B0013
:1016200000AE8A204C05B86000880B089101001EAE
:101630000310001F031080250C15208D008E0F084D
:101640004000001F4310008E00ADC8C7FAC2FC1C4A
:10165000C8B6A2C11041008060444024C330402479
:101660000531402486305042304055218D2EEA0EFF
:10167000AFF1031C4335021481308A2604178A27F0
:10168000061B8A20050F8A2205098A2305038A245E
:10169000041D5621D72D5621D82C5621992B562181
:1016A0001B2800211620002194200021D520002194
:1016B0001323227622776DF0CD08550525200000F2
:1016C00015F017F017F019F019F01BF01BF01EF0D1
:1016D0001EF021F022F025F026F029F02EF036F051
:1016E0003BF03EF03FF042F047F0008547F00185C7
:1016F00045F0028524F0038522F0048520F005855D
:101700003DF081C3634015F00C851AF081C3C140E0
:101710000FF081C362400DF081C3A24009F081C384
:10172000824016F081C3234012F081C3C2400241BF
:10173000D60F2FF9424228F0AC15001081C30241A8
:10174000320EEFF5424220F081C3034002412208ED
:101750006FF7424218F0BC15001011F0C0150010D0
:101760000DF081C3E14004F081C3E2400241720800
:101770002FF6424208F0DC15001081C30241020B33
:10178000EFED4242021480302168021C4230031403
:1017900080302F7925086580096901C04128010240
:1017A0000018022001184220A2C004141B34DAC61B
:1017B000E8C3A1C14845284660402C7010DA88472C
:1017C000520F6FF87040D570CD7008F2470D911927
:1017D00000188321CD711FF04A240071C342130009
:1017E000E4760C70A82080020412030480C11C61FE
:1017F00004713825C11020AC4E0AEFF380C00BE80D
:10180000CD740018432001188320021843210318C7
:10181000C321C0A7C8C7E078F2C3A2C108450080B1
:1018200060444024C3304024053140248630504574
:101830002846260DAFF1031CC331021480308A21E3
:101840000C298A208C258A274C158A220C218A2172
:10185000090C5625141F5625531E00215123002024
:101860005023BF67002252233D653FF07108D50128
:101870002520000007F01EF00CF013F018F021F006
:1018800027F081C36240C141AE0F6FF9A24228F038
:1018900081C3A140C1414A0FEFF5A24220F081C3AC
:1018A0004240C141BE0BEFF8A2421AF0008F0BF08C
:1018B00081C38240C141260DEFF9A24210F0001011
:1018C000802081C3C1419A0E6FF3A24208F000113B
:1018D000802081C3C141B60AAFF8A2420214803011
:1018E0000471021C0230031481300F7881092580B5
:1018F000047701C04128010200AE21AED2C7E078D2
:10190000E2C208450C703A0D6003A141FA09E001FA
:10191000A140C2C6EEC3822407355041284610407C
:101920005624803D2C7024DAA8450A2300217042F9
:10193000E20D6FF856248F3D4A24C070A820800124
:1019400004150014101F10108D700A2140146C70C3
:101950000A2080144C705A2280014A248071562437
:101960004D3B7860157D0A23001221410C7080A543
:10197000A82080020C130714181106040036C601B3
:101980000130800144710574CF0AF28000A56471B2
:10199000C10BB28125745524C83F5524C93F0A267E
:1019A000800415201E134C7022430C704A24807151
:1019B0001420010015264D300A27800168432C7041
:1019C000001D8010A8208002041305140C170404C5
:1019D0000034440101310101047118E3D108B281DE
:1019E00020A50A2480044A2480716D702141804022
:1019F000A82080020C1007040C1103040033C3015B
:101A00000133CB10142280005624813D9860014997
:101A10000024833F00004401447101334110157BD1
:101A20008474C70AF28020A385712574770CF29024
:101A3000C4745624403B0024813F000044015524D7
:101A4000423B420D6FF855244D3B2C704A24C07028
:101A5000A14262404A230000A820800204100B0427
:101A600018120C040034CC1201330303204E15204D
:101A70004220247101330000A574D509B281721A85
:101A80001800552400392C7024DA8A0C6FF855247C
:101A90000D394A248071A8204001071D5310AD70F4
:101AA0005524483B4A468D704A24C0700141C140CC
:101AB0006D70A820C0020410030418110204003243
:101AC000C20001338B105A248011552401398571CD
:101AD000BA6033218000402407300CE64830800093
:101AE0000230C10215278000C10CB29120A0A5715F
:101AF000B50DB2910574AC704C7015208420224352
:101B00002C705A2180014A2480710A23C0111524A7
:101B1000080068440C7078185811A8204003041479
:101B20000614181309140031891101304002781885
:101B300018102471CF09B28118E34471BF0AB28131
:101B4000E474CEC7E6C3822402344A248071084577
:101B50000A2780105620400EA8208001041102049C
:101B60000418900080C02C7090DAAA0B6FF880C621
:101B70004A248071A8208001041700141C1E101034
:101B80005625001F80C14A0D6FEA90DA0C709C1D2B
:101B900018109D1D18109E1D1810C6C7F0C3BCC19B
:101BA0008A214C253042ED70104000208D0F00003E
:101BB000BC020021112099C1424068465043331CA9
:101BC000C233720EAFF35424943C4A24C0700C709C
:101BD000A820C00415200320F0240120D8130300FE
:101BE0000024823F000061001A620331C08004714A
:101BF0006F210B0020AA0024803F00006100260A0C
:101C0000CFF20011812029E86109D501252040008B
:101C100007F02CF02DF02AF046F059F065F017850A
:101C20003F8541684508620057A5841502968515D1
:101C300001968615009649C24AC14BC04020022831
:101C400086C1024000198320F7A548C747C7FA0E8E
:101C5000EFFF46C70AF00F09700180208C2500189D
:101C60004220F7A50019432133148030D0C71785CF
:101C70005424043C4024C53C047117A50240424151
:101C800062425A092000C1435424C13B98C2220930
:101C9000EFFF02405E148030AD08D100001903212F
:101CA000F7A5E4F10024843F00005F004024C53C18
:101CB00002404241624226092000C1435F14803045
:101CC00054E800198321F1A5D0F1178539850471F5
:101CD0009908628017A580208C2500108020F7A528
:101CE000FF1802A0C2F117854A24C070047117A51D
:101CF0004A200000A820800315200120F0220320A4
:101D00009C11010699C2157A02334100047120A288
:101D10006A08EFFF99C03185E71193A008460130AA
:101D20004000350BB52211A540234020E71902A041
:101D30000F7815200020B4189803E71193A04415DC
:101D400012101EF03C851785210903800019C2235B
:101D5000F7A58CF146858A210B06027102309200AC
:101D60008DC024DA6A0B6FEA441D80140240802083
:101D70000B058DC128DA5A0B6FEA56C67E150196FF
:101D80004833002000304000033200A048F7F1A59E
:101D9000E719C2A3F7A50019032168F13B85178550
:101DA0003070C806CCFF84150296851501968615FD
:101DB000009643C244C145C04020022880C1024071
:101DC000F1A5E719C2A3F7A542C741C77A0DEFFFF6
:101DD00040C7001983204AF1F2C38224053A8A25BC
:101DE0004C15CD700A2440210A210021704348433C
:101DF0003040104255204F081D65001D8203570BCF
:101E00007100001C82034A24C0700C70A82040049A
:101E1000152202209C120306F02001200024823F9C
:101E200000005C01157A0231C100047120A2002477
:101E3000803F00005C01460F8FFF2C8703304080FD
:101E400068000C0000194320098D1470180202006C
:101E5000E7F0424080208C07208803E9C0A8562480
:101E6000C13961404209EFF05624D5390C70002485
:101E7000813F000014014A24C070A2430A2240009E
:101E8000A82080010C130C04041A10030471A6741A
:101E9000E708F2800CE1430B30215422812A370BF2
:101EA000F1205422812D19F027158110498D3072AF
:101EB000700106000330808F20410000A8012C0033
:101EC00044719F17011649AD013040009F1F181043
:101ED000D2C74022012F5524C03FF6096FEA18DA15
:101EE00095C02C7090DA2E086FF85424953A4A2445
:101EF00080715524C03FA820C001041001041C1D9E
:101F000050204A2400795622012F95C0A820400273
:101F10006080041102040132C200041890005622AD
:101F2000412E5524403EAA096FEA18DACC70C84306
:101F30004A24C0701423C01240204802A820C005C3
:101F40003320870F130090760024813F0000140196
:101F50000349402409334837810015210C1015210D
:101F600002120471057160A420A26571C50BD290A4
:101F70002C704A24807115228C215524423E214325
:101F80004A2000009C1C9813A82080020412080418
:101F90000C130B0400330B120130C002C471257402
:101FA000D30EF2809C1C18104A24C070A820400454
:101FB00015224020F02043209C1000060024823F80
:101FC00000005C01357A02330000247100A2230B6B
:101FD00010210024803F00005C01A20D8FFF2C87A0
:101FE00003304080C5F6008D6508B1006C714087F4
:101FF000218702876C7041C140C242C00019C220D3
:102000005524413E95C283C30024843F00005C01F7
:10201000402405300209EFFF4240001C4320D2C794
:102020001AF44832010000304300013140009F178C
:10203000011602330C0003310083D6F60133000091
:102040000331008050F7016A09AD0BF14387248703
:102050000587D3F1CB0985800330808F803F000056
:10206000FE05C6FFC9AD9F1F9813D2C79902800114
:10207000E6C3A6C108458A2007051F65E1404E0A50
:102080006FF828460330808F7A44000082002600D3
:102090004A24C07083C383C0A820800204160114A0
:1020A0000031810FCC3DCDCC041850004A24C070C3
:1020B00080C1A820C00204170214041300040230D7
:1020C00080000419100000C601C402C303C204C189
:1020D00005C04A240071731D18139E1D1810721D2F
:1020E0009813741DD8109D1D58109C1D98108025A4
:1020F0000C114A200000A82000033320810F130098
:102100008476047148318100041D501004F05E0B88
:10211000A001A140C6C7E078E07EE078F4C3822445
:102120000F35504310425524403D8A220C00A20F27
:102130002FEA284546404024833340240435552463
:10214000053D402406344024C733A1416242AE0B12
:102150006FF10E1CC3311414113036707EF40F145D
:1021600090308A240C218A270C198A268C158A25FE
:102170004C155622562E5622152F2E700C70002408
:10218000942442774276427564F00E148130CD0972
:1021900024000477AB08D5012520000007F038F0B3
:1021A00013F023F02DF040F045F05524403D84C15C
:1021B0006A0E2FF95524823B5524813B18DA120F01
:1021C0002FEAC2403DF05524403D84C1F60DAFF5E5
:1021D00080C201C100C202C09D1A58209C1A9820DA
:1021E0009E1A18202DF05524403D84C15A0AAFF89C
:1021F00086C286C110DADA0E2FEA824021F0552419
:10220000403D520D2FF384C100AD1BF05524403DDD
:1022100084C1AE0BAFF98AC28AC190DAB20E2FEA3E
:10222000A2400FF05524403D2A0D2FF384C100AE8B
:1022300007F05524403D4A096FF884C100AF04C03F
:1022400072700C7104F706710C7004F08A213E263E
:102250003B0830802F2007042240D4C7EAC3A6C120
:10226000409200208D0F0000BC0210404832020056
:10227000BB1500960736827048470000CB46C84120
:102280000000483080008D704831030003328083A5
:10229000CA268510003080038A228C070030800F08
:1022A000833A6F12027203300083C7F60130800F49
:1022B000003F000005F00130800F00BF0000BA159C
:1022C00001960736D17048470000483181004830F8
:1022D000C30200364010483381000030800F833A3B
:1022E0006F124831C102033000833CA5C6F60130AD
:1022F000800F003F000006F00130800F00BF00009B
:1023000007364C74803F00008B1501964830C3029D
:102310004831800000360010483381006C7048312D
:10232000C1023BA5003400109EA50030800F833A07
:102330006F120330C080C7F60130810F003F0000EC
:1023400005F00130810F00BF00008C150096483168
:10235000C1024830800032AA00360010003400105C
:102360000030800F833A6F120330C080C6F6013010
:10237000810F003F000006F00130810F00BF000018
:10238000901500964831C1026C704830800033AA25
:10239000003100200030800F833A6F120330C0807C
:1023A000C6F60130800F003F000006F00130800FBC
:1023B00000BF0000081501904830CC0260AA4831E7
:1023C0008000FE1AC4800036001077A548348110C2
:1023D0000030800F833A6F124831C1020330C08051
:1023E0003FA5C7F60130800F003F000005F0013027
:1023F000800F00BF00004830C0026C704830800081
:1024000055208F2E0036811FCC3ECDCC4830C002E7
:102410000331C08019A5C7F60131800F003F0000CD
:1024200005F00131800F00BF00004830C1028A2052
:10243000090F02705A0CEFF03EAA8A200B050270B9
:102440002C7029DACE0A2FF8C0181920402000225B
:10245000E0DA7E0C2FEAE1418A210407027180C094
:1024600018DA6E0C2FEA80C74A2480714020012FB1
:10247000A8208004041700140030800FC841000019
:10248000073080030030800FC8420000073040044E
:10249000041910008A21040D027180C018DA320C70
:1024A0002FEA80C74A2480715420812AA820800402
:1024B000041700140030800FC8410000073080036B
:1024C0000030800FC842000007304004041910009B
:1024D0008A210503027180C018DAF60B2FEA80C743
:1024E0004A2480715420812DA820800404170014F0
:1024F0000030800FC8410000073080030030800F9B
:10250000C84200000730400404191000B6150096B8
:10251000C34148410000033640900030800FC8415D
:102520000000CA26451007308003041843207E1D92
:102530001890CAC7E6C208450281458584850030E7
:10254000830FCC3DD0CCCB470E42A1C20032800FCE
:10255000663F666643850130CB000D70141DC012C6
:1025600001816281014602308E0000814285023382
:10257000030302A5023080004181BFBEBFB8013015
:102580008003BFBB43A50130C20002810332C08378
:10259000094104A54F270016E48D80816181CA2678
:1025A000690003320080CA216910F570CA218111C7
:1025B0005023C6075024C71702378001CB464B4330
:1025C00078F1BFB8033080830C7494F742810332F2
:1025D000008290F703378081C7F6033400920C72B3
:1025E000CA20EB0006F0033300820C70CA206B0097
:1025F0000733821F7A4400007FDB17BB0332C080A1
:1026000006F603320082404342F76C70C2B84A6853
:102610002B0AB5008D710333808FA33C0AD70C7051
:10262000CA2069000333808F7A3F48E16F220B0094
:102630000D7044780336808314F08D7096E8033370
:10264000808FA33C0AD70C70CA2069000333808FA7
:102650007A3F48E16F220B000D7144780337808385
:102660006F220B00047A04F04C708D70310F7010E3
:10267000CD70F570ED7047F44509101003EA1C8D1C
:102680001EE8198DED7004710D797B09720219AD88
:10269000191D03121B1D4310ED7035F0188D0471C8
:1026A0000F7B430BF40218AD1A8D4B08F402A140C6
:1026B0008A0ACFEF1C1D4310ED7025F0198DED70C7
:1026C00004772F2605F03E00230019AD1B8DED7019
:1026D000D9AD19E8ED70DBAD15EA041D4310ED70BE
:1026E00011F023093010ED701A8DED7004711AADE0
:1026F00009F0ED7004EA1F083010ED713E0AEFEFAB
:10270000A140F5708A207E001C7684264210C140CC
:10271000C6C6ED7074EC0281ED70BFB80330808FD7
:102720000C4402366CF7ED71EAF1E078E8C38224DC
:102730000C345040084584C08A220C002847920976
:102740002FEA84C60085402483314024043240248B
:102750000533402406304024C731E14102429E0D3A
:102760002FF1061C833002C0A4E807148F300E71CD
:1027700015F01F08B00080C12108510000C0096693
:10278000047140C0360B2000A140104006F0C60F77
:10279000EFF284C0391D0210E57106148130EF7824
:1027A000D30925802F2607F40C7004F48A207E06B6
:1027B000C8C7E078E4C2848806EC001F0300041850
:1027C000030004F0001F43004A24C07040200902A7
:1027D0000A2340120A248011A8208001041308143F
:1027E000041C10126D703A108C0048340C100C1E32
:1027F000000383830334C092C6F601348C1F003F6C
:10280000000006F001348C1F00BF00004834CE12D7
:10281000CF7C8C24C39F1CF239108D001D0C6413D7
:102820004A24C0700A24C010A820800104140B148C
:102830000419D0123A1882034A240071001F0300C1
:10284000A820800104130C04041E10038043020B13
:1028500020000A244001C4C6E07EE078E6C3A2C19D
:102860000846008060444024C330402405314024A1
:10287000863048472845E20C2FF1031C83300214B0
:10288000803015F00F08900019085100381680109C
:1028900003F03916801081C3A141C60EEFF2E14268
:1028A000021480300471021C0230031481300F784E
:1028B000D509058001C04128010200AD21ADC6C780
:1028C000F0C3A2C15041284510402C7010DA60407E
:1028D0000A2400213E0EEFF768464A2740104A249A
:1028E000C070011C8330021C033560C717ED402403
:1028F000403180C1A8200002011182043822420424
:1029000001189200720EAFF440244031E908300003
:10291000AD70AD72E0AEA1AE87F00C70A820C00221
:1029200080C10961402442311A6204713821410496
:1029300020AA460EAFF4402440316E70AD7005E819
:10294000AD72E0AEA1AE0640D34213000077390865
:10295000B10142434A220000041300044024C13064
:102960005961447138210020F10AB28000A9AA0EF1
:102970006FF54024C03007E8B866A572E0A80118DA
:10298000830006403708F101402203224A2200005A
:10299000041300044024C1305961447138210020DF
:1029A000F10AB28000A9720E6FF54024C03007E82A
:1029B000B866A572E0A80118830006405020000008
:1029C0006708310240221224041200244024C1303E
:1029D0006271667138210020F10BB2A000A93A0E95
:1029E0006FF54024C03021E8BE66A572E0AE011E3E
:1029F00083101BF0064013089101210971250C7604
:102A0000E0AE0640AD71150851021109F12509D853
:102A1000B866E0A8A57106400F0991250B08F101E1
:102A2000BE66A571E0AE001C4023D0C7E6C3A2C1BC
:102A300008460816001460444024C3304024053181
:102A400040248630484728450E0B2FF1031C833065
:102A50000214803018F01B08B00081C31F087100F9
:102A600081C3C140A1417A0D6FF5E14207F03216F2
:102A70008010A141EA0CEFF2E142021480300471AF
:102A8000021C0230031481300F78CF09058001C089
:102A90004128010200AD21ADC6C7E078E2C2084579
:102AA0000C70B60BE002A141420D6001A140C2C60C
:102AB00039054001E07EE07800429FE10C70E020A3
:102AC000CD070C71E07F381A4200E078E6C382241B
:102AD0000C374847084587C08A220C00F20DEFE901
:102AE000284600854024833440240433402405369E
:102AF000402406354024C734C141E142FE092FF18C
:102B0000121C833003C0A2E813148E3018F025087D
:102B1000B00085C12708710087C085C1A60C6FF57C
:102B200080C201C100C202C023A542A504A507F0CE
:102B3000220CEFF287C03A1D0210C57112148130C9
:102B4000CF78CF09058003C0C6C7E078EEC3AAC11D
:102B500038108C000845884768465041410C3F10AA
:102B600030404A24C070E1410A200004A8208001BE
:102B700004100204041990003A1580104A24C07011
:102B8000C1414830020022400C1F8010A820800163
:102B9000041003040419D00043A668F0428523857D
:102BA00004853A15921044C143C21B0CFF1045C066
:102BB00004C103C205C00A23802441C140C242C0EF
:102BC00013F04F85308511854815931041C140C2DF
:102BD000170C3E1142C001C100C202C00A22C0242B
:102BE00044C143C245C04A24007122410A208003E7
:102BF000A820800104110204041890002C7380C2E4
:102C00002240F60BEFF1C143608641864833002035
:102C100022864A24007149C046C34A20000086C368
:102C200047C248C1A8200003014B1526021020A26C
:102C3000F020012015270210047120A22C7383C2FA
:102C40000240B60BEFF1E1434187228760874832AB
:102C5000002047C249C048C186C110DAE140720C69
:102C6000EFE946C338158C10270C7F102C74210C0B
:102C7000BE1014E52C740240E143460D2FF3A1422F
:102C80002C742240A1423A0D2FF3C143CEC714E564
:102C90000240E143920BEFF1A1422C742240A14289
:102CA000860BEFF1C143CEC74A24C0704020020F0B
:102CB00040200102A820800104110304041AD0005E
:102CC0003A10810004184300E07F48184200E07881
:102CD000EAC3A9C1304086C14847CE082FF808454D
:102CE000F20FAFF886C0D341DB2EFFE603304084FD
:102CF000CD70D7F6360F4FF6350813225308502003
:102D000065089020A5081121208542856185522102
:102D1000C10741C640C20030CE0042C146F0218505
:102D20004085028541C140C242C040F04F08102298
:102D3000610810287508112421854085628552217B
:102D4000C10742C641C20030CE0040C12EF02285EC
:102D5000418560855221C10740C642C20030CE0085
:102D600041C124F02185608542855221C10740C6BA
:102D700041C20030C00042C116F061852285408505
:102D80000030C0005221C10741C642C240C10CF010
:102D90002085628541855221C10742C640C200306C
:102DA000C00041C15220CE0780C083C1FA0FEFF7A7
:102DB00080C5220FAFF883C00136811F803F00001D
:102DC000033040840031810F003F000044002C009C
:102DD0002F3340007FD917B903364090CA264910D7
:102DE000013002004A24C07002368073803F000028
:102DF000073080002F3200000A20C003A820000204
:102E000004150114003241000418500063A7CAC71A
:102E10000C7063A702A701A700A7CAC7F6C3B5C174
:102E20002846104492C1C1400A2740210A250021AA
:102E30007040760FEFF748454814123050141330A5
:102E400013C7018622860137D6144026111200329C
:102E5000822F6B3CFAED5220C007033680A04EF75C
:102E6000013382246C702F3280000331C080CA216C
:102E7000890004F65222C1075E0A4FF200A50086BF
:102E8000560A6FF22F3180050018002000858D70E2
:102E90005220C00700A526400330008387F7064074
:102EA0005220C0070018002026403FD90137831464
:102EB000033000834C7018B9CA2266000333408087
:102EC00044F784EA418627F00133832441860333A3
:102ED0004080C33205833E002500033200830E018B
:102EE0000600C34335BFF3040332C080FE002C004C
:102EF0000330C0802086CDF60330008345F70331D0
:102F0000808F353FF304E80026000331C080E000E5
:102F10000C00208645C246C044C184C020D98BC263
:102F2000B20DEFFF8BC580C08BC1A609EFE910DAA7
:102F300002C001C103C300C25220C0075221C10711
:102F40004CC34DC24BC04EC187C28240B608200060
:102F5000A1410AC182096FF209C00030800F00C090
:102F600000006C700330C08045F70130800FC9400D
:102F7000DB0F001D00202640408621860330C080E4
:102F800051C08FC04FC250C157F720D9460DEFFF37
:102F9000A14280C08BC13A09EFE910DA02C101C039
:102FA00000C303C221A55220C1075223C00740A578
:102FB00022A503A505F010D91A0DEFFFA14287C283
:102FC000824042082000A1410AC10E096FF209C0E7
:102FD000013001000C700331008046F70131810F90
:102FE000C940DB0F001F4020D6C7208644C145C220
:102FF00046C084C010D98BC2DA0CEFFF8BC5A6F196
:10300000E6C080816380C381A08004110B00E28050
:1030100000330803818000358313A2810037CB126F
:10302000013303020233C302484300344C1301331B
:10303000030360A280816280C381A180E18143801B
:103040000033060382810035891360800032C80393
:103050000131821100330303013202020232C20045
:10306000041B801080816180C381A280E181408047
:103070000033060382810035891363800032C80360
:103080000231821100330303013202020132C20015
:10309000081B801080816080C381A3804181E18012
:1030A0000033080300358C130037831042812280DF
:1030B00002340012003181000230C00002304000B2
:1030C0000C1B0010C6C4E078408102A15470E07C63
:1030D0002181007AEEC3A5C10847008040248332D5
:1030E0004024043340240534402406304024C732B1
:1030F00050432846060CEFF00A1C83300C141130A4
:103100005B0911200A1492300B1490302E700C7051
:1031100003F08A213E26A3E82F2007043F0A04205B
:103120001F08700000C52D08B100B96681C0A20F4C
:10313000AFE94C7401C0A57440C507A70AF0B96691
:1031400081C08E0FAFE94C7401C0A57440C502A7C1
:10315000C30B64A30C710671DBF12240CEC7E0788B
:10316000E4C3A7C14A24C070084528460C7084C433
:10317000A820000315250110034E248115240210F8
:1031800004710233410020A284C0AA082FF381C138
:10319000048D4025031412E84A24C0706041C140E8
:1031A000A8208001041002040419900046D80C1DC8
:1031B0000110041D031007A54A24C070A820800137
:1031C00004160014041B100007854A24C070402414
:1031D00041304830030081C0A8208002041002045E
:1031E0000332C0806F220B0001199200360C2FF2BF
:1031F0004024403014700C702C7004F2238524712C
:1032000042850D0A650023A503A581D8C4C7E078CF
:10321000E07EE078E6C3A2C1084600806044402416
:10322000C3304024053140248630484728452A0BC6
:10323000EFF0031C83300214803013F00D0890006F
:1032400015085100028603F0078681C3A1418A0B4D
:10325000AFF7E142021480300471021C0230031403
:1032600081300F78D909058001C04128010200ADE5
:1032700021ADC6C7E2C22C7010DA6040960CAFF7E1
:103280008845001D0110C2C6E8C3A2C108460080DF
:1032900060444024C33040240531402486304847F0
:1032A0002845B60AEFF0031C833002148030402614
:1032B000101418F01908B00081C31F08710081C3F1
:1032C0000386A141120BAFF7E14207F00240A14192
:1032D0000E0D2FF5E142021480300471021C023001
:1032E000031481300F78D109058001C04128010203
:1032F00000AD21ADC8C7E0782C7046DBFADA0418BF
:10330000430020A067A042A026A025A024A0E07F23
:1033100023A0E0782C7046DBFADA0418430067A09B
:1033200042A026A025A024A0E07F23A0E07EE07894
:10333000EAC382240C395041084589C08A220C0016
:103340008E0DAFE9284600854024C334402404375D
:1033500040240538402406334024C736C141224268
:103360009A09EFF0131C83301C14103063081120ED
:103370001B148F300E700C7003F08A203E26A9E8D3
:1033800013148130EF784B0904002508B00083C185
:103390003108710089C103C685C0D961320DAFE91A
:1033A0004C7405C1046E43C023A50CF089C0160CF3
:1033B0002FF580C201C100C202C025A544A506A503
:1033C00003C03270B607EDFF0C71E571D5F1024014
:1033D000CAC7E0784831010007364270484700000C
:1033E0002C7003324080C7F60132810F003F00008D
:1033F00005F00132810F00BF00004831C1020418FE
:103400004300483181004831C1023579E07F22A074
:10341000E8C382240C345040084555204F0884C02E
:103420008A220C00AA0CAFE928460085402483308C
:103430004024043240240533402406314024C73060
:10344000C1410242B608EFF0021C433002C6EF0E43
:10345000111003148E30021480302B088403CF78AF
:103460001108710084C02E082FFA81C1201F02109C
:1034700001C0C7082420C57102148030CF79E30849
:10348000458020178010B7083000CD707DD8CD70F2
:103490008A26D5378A25840CCB440000E67884DB65
:1034A000C34200009C6CC34100006475C34400002B
:1034B000AA7EC3470000BE0AC346000096E8CB417F
:1034C0000000EF418A2081128A2302188A270430E3
:1034D0001FA500A70C703E1DC511581D4510181DD5
:1034E00005131A1D0513221D441190B574B553B56B
:1034F00035B5421D04114E1D8417501DC411521DB7
:103500008417541D8411561D44124C1D0412401D75
:10351000C412441D8413CAB5CBB5481DC417D7B512
:10352000D9B5DBB5DDB5C7A7AA0C6003C6A79E2039
:1035300006041AB503F08A263E16C140C8C7E078D3
:10354000F8C3A8C14A24007150450A2680210A24E4
:1035500040210A2700217840084755200D0880C2E5
:103560004A260010A8200007041100040030800F34
:1035700003406F1203308083C6F60130800F003F96
:10358000000006F00130800F00BF00004830C0028C
:10359000483080004830C002041A1000820C20011C
:1035A00000C010407A0C200101C000201020720CD5
:1035B000200102C03209600002700E79E140420D24
:1035C000200030422897104010492F2006800A0022
:1035D000030013780E78483080000030800F003DE3
:1035E00000000A090FF54830C0022A1753111217BC
:1035F0005111A60E60020E78483080000030800F16
:10360000003F0000E6080FF500422240D20E2000E5
:1036100062412A9F5B978B97689F1E211300182495
:10362000D11009B705EAE140520D200042412F2395
:1036300046042F22C60440278C16B84F7072CA2148
:1036400009030E9F001151018E0D20002C710EB741
:10365000489F309F0E0B20010F9F4897319759616B
:103660002E7B0B08E3000FB72FB7339F129FF60A8C
:1036700020014E7A34974897314A2E7B090B23005C
:1036800012B732B7359F4E78DA0A200102422F9FD7
:103690004E702109230408B72C1780101E1F041434
:1036A00088E80E9F0D0903204E71CEB72C1F82149F
:1036B000129F0F080320241F04142C1F8213189F2D
:1036C000160D20002C716C7118B7530A3020001CA5
:1036D0008224179714700C710AF239971A97589729
:1036E0002A78346A2E790E783E2100003B9706E94D
:1036F0005C973D973D21830015E815EB1F973C171C
:10370000811041092500402150002F21070410712C
:103710003C1F0214CA20252030F0189F2E70324022
:1037200064F0441700113C1F8213AA0A6003C0B85A
:103730009E200604542788180E702E711AB74EF07A
:10374000589F1A9F746A1B7962792F2146800A005C
:10375000030033792E79401703111309E3000E712A
:103760000E72001C022458971A9F4217411104BA86
:10377000F20920014E7A1AB744170011560A600365
:10378000C0B81E200004542788182E702F260780EA
:1037900023F246170111481709116D714A200020C4
:1037A00000214202412A00020F784028030250798A
:1037B000627A65710B22808F000080FFC02062005A
:1037C0002F24C71279210100D90E25830020102053
:1037D000461F441002F00E70001081100C70D8B714
:1037E000C0B9DCB74A1F42104C1741111B09030036
:1037F000441700113C1F8213DA096003C0B89E20F1
:1038000006041AB702F01A972F2206801000230030
:1038100010790C708FB80909000033781D79CEB982
:10382000172040002F2608F00D0A3300C021620047
:103830003078137918972E7904B80E78130842005F
:103840004A17801005E8001C43204A1F8213D8AD98
:1038500000148C2008170B106485438725858A2067
:103860003E009570CA2021003670CF20A2013D2372
:10387000C8023D2183003072CA23010218AD87EBD4
:1038800085B8101DC01245A518AD7E873F87290B4E
:103890004400878528853D24C8123D218C00307264
:1038A000CA24011288EC83B81C1DC01248A52C70D4
:1038B00018AD03F0216B608581852B0B24033EA797
:1038C000828523853D24C8123D218C003072CA2494
:1038D000011289EC84B8081DC01243A52C7018ADE4
:1038E00002F0216B448F20A505EA4520000EC4AFED
:1038F00018AD001E022002872387838500200084E4
:1039000002A7001D002002854121018023A700207D
:103910000084248546C0058541240C900021018443
:10392000412000804C7086C3041D802347C444C1DD
:1039300045C084C0444B404815208D301527812058
:10394000447180A5EF0AB28000A1D8C7E07EE0787C
:10395000E6C3A2C10846008060444024C33140242D
:1039600005304024863148472845EE0BAFF0071C50
:10397000433007148330061481302B0B44002F781A
:103980001708510000C041680F0FA410B860A416BA
:103990008C1040C280A824712F78E70B0580061C8C
:1039A000423000C04128010200AD21ADC6C7E07819
:1039B000E8C2484530402C7010DA60408847560D08
:1039C0006FF768460F0830200C700B0DD11F0C717B
:1039D00000AE00A7C8C6E078E6C3A2C108460080D2
:1039E00060444024C3304024053140248630484799
:1039F0002845660BAFF0031C83350214803073F04A
:103A0000D90895052520000016F018F018F01AF0D6
:103A10001AF01CF021F023F023F025F026F028F016
:103A200028F02AF02BF02EF034F03BF03CF045F07B
:103A300045F04DF017860BF0188609F0198607F04F
:103A40001A8605F01B8603F01C8681C3A14132084B
:103A5000EFECE14242F00F9E16F0129E14F0089E29
:103A600012F02C16801035F0189E0EF00E9E0CF001
:103A7000099E0AF0461600110DF04A16801029F032
:103A80007416401181C3A141560C6000E14226F03A
:103A90001C9681C3A141DE09EFF3E1421EF03C1602
:103AA000801017F02386028640240431A142460A82
:103AB000EFF9E14312F01E8603F08016001081C377
:103AC000A141160B6FF7E14208F09816801081C3F0
:103AD000A1418E0C6FF2E142021480300471021C8D
:103AE0000230031481300F7819092580047701C052
:103AF0004128010200AD21ADC6C7E078E2C3A2C1F2
:103B000008459780188054154611561545114E15D5
:103B10004411501543115215421141C080C026096D
:103B2000200040C400415815001101C200C358A52F
:103B300077A518E81A85998554154611561545112B
:103B40004E154411501543115215421141C080C009
:103B5000F208200040C401C200C300415AA579A563
:103B60002040C2C7E2C208450C70260B6002A1418A
:103B7000DE0CE000A140C2C6E2C3A2C108451C8021
:103B80005B858C7041C040C280C0C3420000C83B0E
:103B9000C343FFFF39C4C34500009137A608200086
:103BA000804601C100C214703CA55BA5C6F6741521
:103BB00040111F08130007F04BF67415401113084D
:103BC00052003C951378741D041001691CB5C2C7DE
:103BD0007D04C0001961C3400000FF7F1071CA213D
:103BE000090007F60B09830FFFFF00802168E07FC3
:103BF0002E78E078E6C2284710D95E0D60000845AF
:103C0000084610D9520D6000E140C7780E784A0D81
:103C100060000FD9FD6594E810D93E0D6000A14009
:103C2000C7780E78320D60000FD90AE8D570C3400E
:103C3000FF07FFFF6F254310CA250910A140C6C624
:103C4000F0C230434979CD708DBE0847D8610ED996
:103C50000A2280210A2140210A240021FA0C600056
:103C60006845960FEFFF21871E25C114001710101D
:103C70000845D861E20C60000ED900417A0FEFFFD1
:103C800002401A2541141040D861CE0C60000ED9B4
:103C90000041660FEFFF02401E24C12401A7D86136
:103CA000B60C60000ED91A2581141040D861AA0CF8
:103CB00060000ED90041420FEFFF0240C3410000F7
:103CC000FF7F1709620300A7D375FFFFFF7FCA219B
:103CD000490303F6326E2E78D0C6E078F1C01E217B
:103CE0000C000C7003320080C6F60132800F003FDA
:103CF000000006F00132800F00BF00004830C00213
:103D00006C70483080008FBB4830C202304B4C781A
:103D10007D7998603860420C60000FD9D1C0E07F97
:103D20000E78E078E07EE078E8C382240C345040DE
:103D3000084784C08A220C00960B6FE9284500874B
:103D4000402483304024043240240533402406318B
:103D50004024C730A1410242A20F6FF0021C8335FC
:103D600002C5B570BEF403148E30AD700C7004F053
:103D70008A253E161470B6F402148130CF78307064
:103D800060012D00047795E04A010D002520000018
:103D900016F01CF020F026F02AF030F034F03AF063
:103DA0003EF044F049F04FF053F059F05EF065F00A
:103DB0006AF070F075F07CF080F087F084C0A60C9B
:103DC000AFEC81C117A787F084C09A0CAFEC81C11A
:103DD00018A781F084C08E0CAFEC81C119A77BF0CD
:103DE00084C0820CAFEC81C11AA775F084C0760C38
:103DF000AFEC81C11BA76FF084C06A0CAFEC81C12E
:103E00001CA769F084C0320CE00081C10FB763F0D9
:103E100084C0260CE00081C112B75DF084C01A0C8A
:103E2000E00081C108B757F084C02A096FF281C150
:103E30002C1F02104FF084C0FE0BE00081C118B7A8
:103E400049F084C0F20BE00081C10EB743F084C09A
:103E5000E60BE00081C109B73DF084C0020EAFF36C
:103E600081C1461F041037F084C0EA086FF281C197
:103E70004A1F02102FF084C0BE0BE00081C1741FE6
:103E8000041029F084C0DA0DAFF381C11CB723F010
:103E900084C0C2086FF281C13C1F02101BF084C0B5
:103EA0002208600081C123A702A715F084C00E0F6D
:103EB0002FF781C11EA70FF084C0020F2FF781C119
:103EC000801F001007F084C08A086FF281C1981F1C
:103ED000021001C012709C06EDFF0C71C57148F113
:103EE000A140C8C72C709EB92042107122B93EF77C
:103EF0002C700BEA5B610B08C40062785479412A8C
:103F000082803D79F8F5E07F3078E078E07F041832
:103F10004300E078E2C0001E0300201089000B0976
:103F20005110878086A084EB838187A021108C00AC
:103F30004A2400710A2340110AEC4844A820800159
:103F400004140814041B101288440BF00A244010B7
:103F5000A820800104140814041B101268440FECFC
:103F60004A24007140200B020A244011A82080013D
:103F700004130814041C10123CF0610930104A2488
:103F80000071A5800C150C000334409355F6878012
:103F90005024FE9711F2A680033440938DF74A24F3
:103FA000007140200B02A844A820800104130814CB
:103FB000041C10121EF04A24007140200B02A84479
:103FC000A820800104140814041B101280DC20189F
:103FD0000300001E02030EF080DC001E02034020DE
:103FE0000B02A844A820800104140814041B10121A
:103FF00004881F089000430851008FEB4A24007189
:10400000A820800104110004041D100010F0150CFC
:1040100030004A24007100168000C6B81700000066
:10402000A820800104120004041D10000016800066
:1040300087B8001E0200C2C4E8C382240C39504075
:10404000084789C08A220C0086086FE92845008746
:104050004024833540240437402405384024063664
:104060004024C735A1410242920C6FF0161C033167
:1040700007C5970D111017148E30AD700C7004F039
:104080008A253E1683083100CF78161481307B09CB
:1040900004003108300186C13B08B00086C14D08DC
:1040A000F00086C15508710089C086C1A60EEFF5E3
:1040B00080C201C100C202C022A741A703A71EF00F
:1040C00089C0620EEFF383C204C003C110A72FA7FB
:1040D00014F089C07E0EEFF580C201C100C202C09B
:1040E00025A744A706A70AF089C03A0EEFF383C2BA
:1040F00004C003C10EA72DA706C012708407EDFFF0
:104100000C71C571BCF1A140C8C7E078ECC3AFC168
:104110004A24C07054200D0A084755200E08A140BB
:10412000A82040026080041102040132C200041879
:10413000900037870C70416987E162022B0057A716
:104140006185228580854A24C0704832860047C335
:1041500048C14024083340240B36C343FA440000CE
:104160002C7046C4A8200004F023421015204C10E7
:1041700024710732890160420331C090CA2245028E
:10418000001C80104A24C070A820C003F020021038
:10419000C341FAC4000015230310033240800471A8
:1041A000CA21890020A36C4FFC4F5427831886C274
:1041B00040240433402405301E0D200240241030DA
:1041C00001C100C202C032A751A713A7402703179D
:1041D000046FA84F83C24024043040240539120ED6
:1041E0002002704189C118DAE60E2FE922400186CB
:1041F00002C100C301C24A24C0705427121C3AA74E
:104200000477424159A778A7041E0010A820000295
:1042100004110004003000000418102080C0B60A09
:104220002FF8402410304A24C07083C2A820000216
:104230000412010400314100041850202F310020E5
:1042400080C0920A2FF8402410304A24C07083C1E5
:10425000A820800204110304041202240032C200C8
:10426000041890202F30002080C06A0A2FF80031F7
:1042700012240730800474178B100030880F7A44A2
:104280000000210B11100330809F6D4466C6CAF6F2
:1042900004C305C06D71741FC2127EA71FA703F06F
:1042A00004C303C45023C1075024C0170230410087
:1042B000C340AB43000003310080B0002D00033445
:1042C000009050F70334809FFAC30000CFF6033309
:1042D000808FAEC26766CBF60333808F6A44CDEC25
:1042E0008800060005C10331008080002C004C705E
:1042F000950B301040A601868D085300033180AF26
:1043000048440000C5F6033080AF54440080780074
:104310000C00033080AF9644000058F71B87033031
:10432000009054F70033C00000340C1302360070C4
:1043300074490024023000032F3000000130800F48
:1043400096420000033100803C0006001C8728E8EC
:104350001E8703330080D8F61F870331008054F78F
:10436000741F03104C7110F01C871D0871004C70F5
:10437000008621681108720120A6C34058440080BD
:104380005CA71BA7288E0C7003A502A501A50F0A28
:10439000600000A548AE03EA81D8CCC74C71C34089
:1043A00062443393741F0310ECF1E078E07EE07810
:1043B000ECC3A2C108463C16001460444024C3303C
:1043C0004024053140248630484728458A096FF04B
:1043D000031C033102148030422610124226111BA6
:1043E0004226121E21F01F08300181C31B08B000B5
:1043F00081C32308F00081C32508710081C34240B6
:1044000004F0C14008F02240A141660BEFF5E14203
:1044100006F00240A1412A0BEFF3E1420214803082
:104420000471021C0230031481300F78BB0905802F
:1044300001C04128010200AD21ADCCC7E2C22C7001
:1044400010DA6040CE0A2FF78845001D0110C2C661
:10445000ECC3A2C108464416001460444024C33093
:10446000402405314024863048472845EA086FF04B
:10447000031C4333021480304026101740261113CA
:104480004226121A51F099085503252000000EF01B
:1044900013F016F01BF01DF01DF01FF024F026F0B5
:1044A00026F029F02EF036F081C34240A141A20F40
:1044B0002003E14234F081C3224004F081C3024072
:1044C000A1411E0BAFF4E1422AF0068614F00A86E1
:1044D00004F00D8602F00E8681C3A1419608AFF468
:1044E000E1421EF00B8608F0108606F030168010B0
:1044F0000AF00F8681C3A141860D6FECE14210F0F6
:104500004416801081C3A141560A2FF2E14208F0FF
:1045100081C3C140A1415A0AEFF5E1420214803043
:104520000471021C0230031481300F785B0925806E
:10453000047701C04128010200AD21ADCCC7E0786D
:10454000E2C208450C7062092002A141360CA000AD
:10455000A140C2C62D048000E07EE078E8C382243A
:104560000C3D504008458DC08A220C00620B2FE99B
:1045700028461C150014402483334024043540246D
:10458000053C402406344024C733C14102426E0F2B
:104590002FF00E1C433305C6D57090F40F148F30E6
:1045A000CD700C7003F08A263E16147086F40E143B
:1045B0008130EF78307004012D000477EF08550347
:1045C000252000000DF018F022F02EF032F038F027
:1045D0003CF042F046F04CF051F057F05CF08DC0EA
:1045E00084C1520E200386C286C118DAE20A2FE97E
:1045F000A1405DF08DC084C1CA09AFF480C201C181
:1046000000C202C02EA54DA50FA551F08DC084C1DA
:10461000B209AFF480C201C100C202C032A551A5E7
:1046200013A545F08DC03E0C6FEC84C110A53FF082
:104630008DC0260F6FF484C114A539F08DC01A0FF8
:104640006FF484C117A533F08DC00E0F6FF484C1D1
:1046500018A52DF08DC00E0C6FEC84C115A527F0A8
:104660008DC0020C6FEC84C11AA521F08DC0E60844
:104670002FF284C1581D021019F08DC0E60B6FECAB
:1046800084C119A513F08DC0CA082FF284C16C1D16
:1046900002100DF08DC084C1BA08EFF580C201C1CF
:1046A00000C202C02BA54AA50CA504C01270FA06D0
:1046B000EDFF0C71E57177F1C140C8C7E07EE0788D
:1046C000E4C3A2C1A081284608DAB960020A2FE932
:1046D00080C001C100C008E5A0A6C4C7E2C18083B4
:1046E00085722D0A2403A1C1021C04304A20000057
:1046F00040248230808301128D0404713C64247153
:10470000F508B280A0AC0083047200A3C2C5E078B3
:10471000EEC2704348471040C4E1D8002500CD7078
:10472000CB45A0000086008D0B087100FFD8088DD6
:1047300004F0001D431008ADD342A00094E00F0820
:1047400021044C2040A9C38520F0C3401200F04A48
:10475000CB441200F44ACA24011040250611C3407C
:10476000A000BC858A231000C344A00094E48A25DD
:1047700008000241232000034242CD7003E8C0AD8F
:1047800038F0081D0214C3A57FD8C47800AF018596
:10479000766E54230108107140DA704140D88AF7D0
:1047A0004F26C01100AF0185001D031002204004F8
:1047B00001AF2F2007200185022202044C20C0AF48
:1047C00002AF218500270014CA222D0028B923AF8B
:1047D0000474420FEFF62C7000218124046FF2085C
:1047E0002FE90242216E44D8CD7123A5001B04207D
:1047F000C140CEC6EAC2C4E1484710409C00250033
:104800002C70CB45A0000086008D0D08B100FFD8AC
:10481000098D05F0001D831009AD0B080104C18549
:1048200008F0C38F028F091D021408BE057EC1A5C2
:104830008C26109060000D00008F418FC6B836683E
:104840005861550E0410D341A00094E000214004AB
:104850007E082FE9246F0017C010390833004C2060
:1048600040A9C3401200F84ACB471200FC4ACA27AD
:104870000110C340A000BC85C343A00094E48A2477
:10488000080022412320C003C1422C7020AD86E8DD
:104890002C7104F02C7020AD2040CAC6E2C208443E
:1048A000FDE0684509F2FEE40CF44040DF59001DCC
:1048B00005110C71C2C625D85A0EEFFFA143C2C61E
:1048C000BFE40C7009F7150C5010150C50110B0CAF
:1048D000D11021D8F2F1C2C620D8F0F122D8EEF1E1
:1048E000F1C00043FDE006F425D80E0FCFFF0DF018
:1048F000BFE30C7009F7170B5000170B50010B0B9F
:10490000D10021D8F3F1D1C0E07E20D8EFF122D838
:10491000EDF1E078E4C3A1C180C0C3411300909AD7
:10492000AE0FEFE84C743B5808462845FED880C1CE
:104930008C70C142A1436B58F8D880C18C70C142C1
:10494000A1436B58C340F0003F00208884B920A8E1
:10495000C4C7E07809081200E07F39781278397806
:10496000E07F1278E6C2084528DAC34107490024EF
:104970000C18010512188507C340C0490092402554
:104980000E1750AD21A502A52C703CDAC140681D60
:104990008112581DC3107E0DEFF6641D8112F20EB8
:1049A000AFEFC1401A8519087202ED701985110820
:1049B0007002C140DA0EAFEF641D41120995483014
:1049C00000000030800FC84200000030800F833AA2
:1049D0006F120330C083C7F60130810F003F000023
:1049E00005F00130810F00BF00004831C1020AD834
:1049F000307A8BE2CA20450010784820C0000CB500
:104A0000108D483000000030800FC8420000003098
:104A1000800F833A6F12EE0C4FF34830C00205A5A9
:104A2000C6C6E078E6C208458A200A00C341FD44B4
:104A30000020CB461643000001A510B55525401CAB
:104A400024A5520FAFEAC7A54609EFEA5625801AFA
:104A50004A2400745625011D0A20800F1300587542
:104A6000A820800104100204041990000785218504
:104A70000D7007360B70803F0000CB4410420000E1
:104A800048318000C343964400000030800F484105
:104A90000000CB47484400000030800F833A6F127B
:104AA0008B1D9813C342AF4900C8CB461C49004038
:104AB00003300082781D1813891DD8108A1DD81361
:104AC00045A5C6A5C41DC012C6F60130800F003F23
:104AD000000006F00130800F00BF00003095483024
:104AE000C00248308200483100000030800F484149
:104AF00000004832C1020030800F833A6F12492112
:104B00000102482101010330008222A5C6F60130CE
:104B1000800F003F000006F00130800F00BF000052
:104B20004830C002483080004830C002492040066A
:104B30004820000109A50E082000A140C6C6E07863
:104B4000EAC3A4C14A24007610405520CD082CE0C9
:104B50004A260010A8200001041811004A2480777A
:104B60005520002D0C188023401D80135318592008
:104B7000A8200001041811005620802A241D821349
:104B8000C8A5C7A5C6A56208EFEA104146852785D6
:104B90000885CB477A44000041C140C242C080C171
:104BA00010DA22402A0DEFE843C74A240074562049
:104BB000002BC341130098750A220000A820800131
:104BC00004110304041AD0009FBF80C1C0A5C1A571
:104BD000C2A528188023B1184320E3A5E4A52E0E12
:104BE0006000E5A55520402B80C1E60CEFE810DA07
:104BF000CAC7E078ECC38224063E08465420000968
:104C00002C70120BEFF614DA4A2440715426801BE4
:104C1000A8200001041811008D708A208E01894798
:104C2000AD70D86040DA8FBFA0A8FE184483FC188E
:104C3000448320F02D831D097001142600132309DD
:104C4000510248184403521844037FD817B810F093
:104C5000481884005218C4034FD818B808F04818F0
:104C600084005218C403C3407F7FFFFF17A38571E0
:104C7000C50C7491152603138A20070DD8602C707B
:104C8000920AEFF68A22060045F015265113741198
:104C900002204A24807BD34213001877402203234A
:104CA000A82080020413000482C10271067138201A
:104CB000800000A99E0FE00182C02C700AE8142633
:104CC0004013FA185C0080200A0D20B04500000057
:104CD000741103204A24C070A820C00204120224C8
:104CE000402440313C6024713822C00000AC402494
:104CF0004031860AAFF314265013024180210A0D79
:104D000004E88A20040003F040D8E0B1FA181C201F
:104D1000A571DFE57607EEFF0E708EC02C708A223B
:104D20000600F209EFF68EC75426911E40244D303E
:104D300021F08020BE0A3308750115D92B090E0019
:104D40002C710C706C714C7160C102AD01AD20AD65
:104D500075F00C702C716C7070F00C706C714C7084
:104D60006DF00C7169F00C702C716C714C7140C05D
:104D700065F0041100242C71D5E0980009008E68BC
:104D8000E70C759F0C702C716C714C702520000322
:104D900055F0EBF153F0E9F151F0E7F14FF0E5F1A7
:104DA0004DF0E3F14BF0E1F149F0DFF1DDF1DDF140
:104DB000DBF1DBF12BF0D9F129F0D7F127F0D5F1B8
:104DC00025F0D3F123F0D1F121F0CFF11FF0CDF197
:104DD000CBF1CBF1C9F1C9F12DF0C7F12BF0C5F141
:104DE00029F0C3F127F0C1F125F0BFF123F0BDF1A7
:104DF00021F0BBF1AFF1B9F1ADF1B7F1ABF1B5F124
:104E00001DF0B3F11BF0B1F119F00C702C7015F01E
:104E10008C20428D1E07CCFF8C20828D9FF38C202E
:104E2000028EF5F38C20828E9DF38C2003808AF312
:104E30009BF10C712C716C714C718BE852213E808E
:104E400007F452233E8005F452223E8014F234705F
:104E5000CB43CC3DCDCCCB448B3A58A07D74C341E1
:104E60001C410AE874709D71C340203C12AC547020
:104E70003C7040C080C14C74560AEFE8E1400671B6
:104E80008C2001A8EE06EBFFE57470168210DF1689
:104E90000016760EAFF28EC17FD9C3437A4400006C
:104EA000C3427449002417B9C340C8420000DE1E43
:104EB00019106AA64BA62CA6DD1E181080264E10CF
:104EC000001E4310CCC7E078ECC21040420F6FEBDD
:104ED00055204D0A83DAC340233C0AD74E712E7009
:104EE000CB4148430000DB47D63C62A10A26803F05
:104EF0000E3D4DF3C346FA440000CB40C03F0000D6
:104F0000CB4320410000CB47A042000064DE8A254D
:104F10008700CB447A450000C343C841000017BA5C
:104F20008A24040B8A27070DC341704100007018C2
:104F30000020C340033B6F12761883206818822438
:104F40006918822474184224751842246C1840226F
:104F5000DC1D0090E01DC097E41D8097381D801176
:104F60003C1D0012401DC012F1A5D2A57C1D4011B0
:104F700096A577A558A5641D0011741DC01129A51B
:104F8000CCC6E078E2C02C70C3420000FFFF80DD99
:104F90002DDCC3437F4700FF151883001A18C30098
:104FA00037A8ACB08EB068A036A843B044B025B0E6
:104FB00049B034A828B027B026B0C2C4E4C208451E
:104FC0000A0FEFFF55208E0AA20A6FFCA14011863E
:104FD000D8160390C341744500244830800021A5B1
:104FE0000030810F004400003BDC0033800FC842DA
:104FF00000006D700031810F833A6F124C710030E8
:10500000800F003B000018BC0331C082E41E829078
:105010003C1D82109EA51FA5C6F60131810F003FE1
:10502000000006F00131810F00BF000018864831F2
:10503000C102483080000030800F00440000483139
:1050400081000030800F833A6F124831C102033073
:10505000C08232A6C6F60130810F003F000006F084
:105060000130810F00BF00001E864831C1024C7024
:10507000483080000030800F00440000483181003B
:105080000030800F833A6F124831C10203308080B4
:1050900039A6C7F60130810F003F000005F001304E
:1050A000810F00BF00001C864831C10248308000DB
:1050B0000030800F00440000483181000030800F34
:1050C000833A6F124831C102033080803DA6C7F693
:1050D0000130800F003F000005F00130800F00BF5D
:1050E00000004830C0024A24C070483080008A2145
:1050F0000A044830C0023A65492000054820800073
:105100001FA6C34013001476A820800104100104D8
:10511000041A5000C340063B00E27E1E18107A0AB3
:105120002FFDA140C4C6E078EAC3A7C108455520B9
:105130004E089018850147D84A240071C341A34204
:105140000BD718B855251018CB477B3ED75ECB44FC
:10515000DC44304EC3433B4AC1BFC342D33E98DD1B
:1051600039A51AA5C3411300E07702406D1D031253
:10517000ECA594A575A558A5A820800104110204EA
:10518000041890001885CB44983DC2B5C343513FE5
:1051900018B702360070803F0000C34283413B6C69
:1051A000CB47213DE561C3414C3FCDCCEA1D031205
:1051B000EB1D03118AA672A64BA5FAA64E08EFFABC
:1051C0003BA6AA0E8FFA4A24007102360170803F76
:1051D00000000D6F1AA64024113383C0281D8511CD
:1051E0005C1D4010A820800204100124023641708A
:1051F000803F000004185000820AA00183C0ED70B7
:105200006A0EAFFA264040274F10F90F3291041969
:1052100010204A2400715425001E83C1A82080025A
:105220000411020402368270803F000004189000CE
:105230003E851F855D856A864A24C07055250F1AF4
:1052400041C142C080C10A20C00340C2A820000260
:105250000411020407338200041890002C702E7190
:10526000046D24DA3040361D4214351D42142A1DC7
:105270004210A20CAFF6341D4210120CEFFB784D19
:105280006086418622868A864A24C070C34051398E
:1052900017B705A683C0351D4214361D4214101ED3
:1052A0000014181E001444C243C345C1A8200002C4
:1052B0000410010407344110041F50105525001B31
:1052C0002C70520CAFF61CDA5525001D2C70460CC4
:1052D000AFF61ADACAC7E0782C70C3428C420000DD
:1052E000CB44A0400000FADB081841010418430039
:1052F00044A085A04AA063A029A028A027A0E07F01
:1053000026A0E078E8C24A2480711040C340000023
:10531000409CC343FA430000C3427A440000C341A7
:10532000A03F00008D7056200B28CB4513008476DB
:10533000E8180020EC180020F018C020F418802095
:10534000F8184020FC180023A8208002986504105B
:10535000C000857148308000041B10108A200407AB
:10536000C3412042000040250E1C46185820027000
:1053700018DA5E0DAFE8C1418A20040D0270542591
:1053800001194E0DAFE818DA8A200503027018DA09
:105390003E0DAFE8C1417DD917B94A248071C340A1
:1053A000744900248A22050F591858205A18582089
:1053B0005B18582081D95C1818205D1818205E18D9
:1053C00018200020802017B9A820000104185000E0
:1053D0002415081028150B10EB85CB46C84100009A
:1053E0008A21090F7DDCC340A24400806518982300
:1053F00000204E202D7005BCC3431200804FC342D5
:105400001C4500408A260F0A6E1818206F181820B5
:10541000C140691818236A18D8206B1858226C18D4
:1054200058226D1858227018982071189821671802
:10543000D822661818227A0B6FEF6818D82308D97B
:105440008A0C6FEFC14018E58A2108000240B208BB
:105450002000A1428A2108000240A6082000A142A3
:105460000A0820000240C8C6E6C3A6C10846552067
:10547000CF0C8A20090FD860160C6FEF8A250C1507
:105480004A2400718A200C01B966D860AD70C3420D
:1054900013008476A82000020112C304483383005D
:1054A0000418D0004A2480728A200B05D860A0A975
:1054B000A8A9A9A928198302A1A9A2A9931F5813D1
:1054C0000A194203E8194283A820000104181100B8
:1054D00040872187028743C244C145C04026021845
:1054E00080C1C1408D1F581342C541C55A0E2FFEC1
:1054F00040C580260C19A0AEC6C7E078ECC3A6C193
:10550000409200208D0F0000BC0210404832020083
:10551000BB1500960736827048470000CB46C8414D
:105520000000483080008A228C276C7000221224F0
:1055300003328083CA268510003080030030800F3C
:10554000833A6F12483102000330C080C6F6013042
:10555000800F003F000006F00130800F00BF000008
:10556000BA1501960736917048470000483181000E
:105570004830C20200364010483281000030800FAF
:10558000833A6F124831C1020330C0803CA5C7F690
:105590000130800F003F000005F00130800F00BF98
:1055A000000007364374803F00008B150196483099
:1055B000C2024831800000360010483281004C7031
:1055C0004831C1023BA5003300007EA50030800FAA
:1055D000833A6F1203308080C6F60130810F003F9E
:1055E000000006F00130810F00BF00008C1500960E
:1055F0004831C10248308000121A422000360010A3
:10560000003300000030800F833A6F120330808037
:10561000C6F60130810F003F000006F00130810F17
:1056200000BF0000901500964831C1024C70483010
:105630008000131A4220003100200030800F833A8E
:105640006F1203308080C7F60130800F003F0000EA
:1056500005F00130800F00BF0000081501904830B0
:10566000C302001A822048318000FE1A84A000364E
:10567000001057A5483381000030800F833A6F1225
:105680004831C102033080803FA5C7F60130800F4A
:10569000003F000005F00130800F00BF00004830DF
:1056A000C0024C70483080000036811FCC3ECDCC0B
:1056B0004830C0020331808019A5C7F60131800F40
:1056C000003F000005F00131800F00BF00004830AE
:1056D000C1028A20090F027055208F2EB2096FEF88
:1056E0001E1A42204A2480728A200B052C700270F8
:1056F000DE1A42A0A82000010418110031A54020A4
:105700000022E0DACA09AFE8E1418A210407027108
:1057100080C018DABA09AFE880C74A2480714020F7
:10572000012FA820C004041700140030800FC841C6
:105730000000073080030030800FC84200000730AF
:105740004004041910008A21040D027180C018DA87
:105750007E09AFE880C74A2480715420812AA8209E
:10576000C004041700140030800FC8410000073047
:1057700080030030800FC842000007304004041945
:1057800010008A210503027180C018DA4209AFE8CF
:1057900080C74A2480715420812DA820C00404179A
:1057A00000140030800FC841000007308003003033
:1057B000800FC84200000730400404191000B615DD
:1057C0000096C34148410000033640900030800FEE
:1057D000C8410000CA264510073080030418432042
:1057E0007E1D1890CCC7E078E4C3A3C108462C7096
:1057F000AD714024403007DA381E4213391E421082
:1058000022A623A624A60E0F6FF63A1E42104A24A3
:1058100040722C4E4026031280C160C561C562C52E
:10582000A82000020111C20448328200041890002E
:105830004A24C0704026001FA820800104130104E0
:1058400004185000481E0310C4C7E078E8C2084599
:105850003E18C501181805031A1805037DD8CD7028
:105860008A25D5078A24840CCB470000E67884DC9F
:10587000C34300009C6CC34200006475C347000032
:10588000AA7EC3460000BE0ACB41000096E8CB408A
:105890000000EF410E718A238112A0D98A260430BC
:1058A0001FA5841D00100C70221D0411F0B594B5C5
:1058B00073B555B5421DC4114E1D4411501D8411C0
:1058C000521D4411541D4412561D0412581D041437
:1058D0004C1DC412401D4410441D8413CAB5CBB5E1
:1058E000481D8417D7B5D9B5DBB5DDB5A01D80132C
:1058F000E20860029C1D80139E2006048A22B50DDA
:105900008A21DD096C70CB47000033098A24DC1C36
:105910008BBB1AB557A559A538A53AA555258018AA
:105920002C7011DAA41D8213DBA5DCA52C1D8310BD
:10593000D8B5CEB5C9B5461D84134A1D8213741D52
:105940000414DCB53C1D8213C3A5C2A5DEA5801DD1
:105950008013EFB592B5BE0D6FF668B5C8C6E07896
:10596000F1C06C708FBB1E210C00304B4C787D79E0
:1059700098603860E20F6FFF0FD9D1C0E07F0E78DA
:10598000E4C27FDA0845C340D73E1E7417BAC3414C
:1059900022BE882FC34313000C784FA530A5218366
:1059A00040830DA50EA5028322A541A503A524834E
:1059B000438305834A24807140250C17CD7025A5AB
:1059C00044A506A5A8200001041C11105425001AA6
:1059D0002C70420D6FF61CDAC341304466C6C340DA
:1059E0007A440000DEA5701D4110841D8013741DD3
:1059F0004310801D8013881D8213D1A5D2A5D3A585
:105A00003BA51FA5C4C6E0784A240071A8208001E8
:105A10001410020404199000E07EE0782C724C719E
:105A200002F00C782F21428042F70C7AFBF5E07FE0
:105A30004040E078408158600110CC000088626AE4
:105A4000402C02124578E07F60A1E078E07F00A161
:105A500031880EE9188815085100C340A000D08590
:105A60000088147080D8E07DE07FFFD8E07F0C7064
:105A7000F1C058884A24C0702043C341A00018C117
:105A8000A820800100810B08800008E105F09A0B36
:105A90002000018100A3D1C0E07EE078E6C24A2464
:105AA000C070C343A000ACC028476041A8200002DA
:105AB00040810B0A0100041903001CE11810820048
:105AC0004A24C0705423800DA820800120800B0937
:105AD000800008E012F0C1800336C0930EF2CB457F
:105AE000F000340055D8360DEFF655AD4837C112E9
:105AF0004836C0122CB50DB5C6C6E078FAC2FC1CFB
:105B0000C8B6220B2FF4ABC1A60EEFF3184148C064
:105B10003B580E70CB47A000ECC012471242402702
:105B2000181B46C047C1281F0014241F0014201F43
:105B30000014650220001C1F0014237607861470D1
:105B400026020200698E318E8E8E181693107823ED
:105B5000000079210200047A04EC0787047107A78A
:105B600004EA0887047108A704E90987047109A7F2
:105B700004EB0A8704710AA7792400100520BE806F
:105B8000F3F22F26C524D670DE012C00AE71C14081
:105B9000241CC130260A6FF3281C40352C8634168D
:105BA00014101041AD702F20C004033140A344C035
:105BB000D4F74226002D0F782708D400198EE5B8B7
:105BC000ABF45021FE87C34048440000CFF20331BC
:105BD0000080CA210900CCF0D3417F4700FF6F70DD
:105BE000C340A000BC8584C18AC240240439034359
:105BF000141C4034001F4310975AB60AAFFB1043E1
:105C0000001F031000168070A000E88531085E00B8
:105C1000C342A00020C10412070000128600888A37
:105C20004382301705100010843029C305C124C0F9
:105C300041C22F22C704DE086FF640C48C233FAD5B
:105C40000BF40587A5710031912F003F00000B0870
:105C500065036F71A5A78A203F0D033100A5392385
:105C60000020C5206B000520400579085180CB45F8
:105C7000F0003400870B322052D8190B303052D844
:105C80009A0BCFF64831C1224E2300200CB52DB51A
:105C900009C17608EFFB03404226012D2F7919092F
:105CA000F50005C00330808F7F4700FF44F77FD8A1
:105CB00017B845C07209000044161110084510A617
:105CC000160A2FF5C14024E8033140A34BF20C70B3
:105CD0000335009046002C003C96A1E94E16821038
:105CE0008A21BF0F0C778C22C38FCA2041004E1E21
:105CF0000210381E4510FFD817F0220BCFF648319E
:105D0000C1224E2300200CB52DB52EF02C715E0C57
:105D10002FF3C14027F02E7063F10335009010F788
:105D20000EE91CB60C700A0ACFF306C31C1404302B
:105D300000422C73AC70D20FEFF6C140C3407F43DA
:105D4000000003350090CA2045034830C00206C356
:105D50001C1404300F7A782205002C72AA0FEFF67B
:105D6000C140B1A64671E67116F00041C340C83F7C
:105D70000000033400A0CA200905033140A0AE7022
:105D8000C4F6304110442DF1033100A01044CA2163
:105D9000052027F108C00C2700A0A205EBFF402F2B
:105DA000CE21470A30202E7108C01AE854210D3840
:105DB00040210E368016C01415085200208550214F
:105DC000FE8706F2860FE0000F7809E808C006712A
:105DD000E50822A055250D1802F02E70C340A00042
:105DE000D08500184204068709088504181F80140E
:105DF0006A0D8FFBABC004141B34DAC6F1C0520C21
:105E00002FE80C71C341130030112609EFF60C7214
:105E1000C34113007411AE09EFF60C724E0FC000AF
:105E2000D1C0E07E00410330808F7F4700FF0C70BF
:105E3000E020CA07033100807FD817B8E07FCA206E
:105E40004D00E078E8C3A3C1084703808A0AA00098
:105E5000A08007851D08D00089085101288544814C
:105E600061910C111000008282BB61B140C00CF046
:105E70000885028867087F0080C14485607AA14058
:105E8000104030E82E08C00004874024C33240246C
:105E900004310241A0801187C485DE0EEFFA4286EC
:105EA000360A80000B1480300F08510000C0238593
:105EB00001A66079A140018707800B20808F000830
:105EC000180010F2048701C300C201802480A3805F
:105ED00041A18281607D60A404F04A0B2FF6A140AD
:105EE000D20F8000C8C7E078E2C211809A0FEFFAA3
:105EF000884500A5C2C6E078118055002FFB2F7998
:105F0000E2C211809A082FFB884500A5C2C6E0783E
:105F1000A1012FFB1180E0784105EFFA1180E078B4
:105F200069052FFB1180E07855072FFB1180E07881
:105F3000FAC2FC1CC8B6A3C1CB45A000B46D0A854B
:105F40000A801470DE0562008A20FC000B85802028
:105F50004E002088560BE001A1402A850B85C20D1A
:105F60002001301941000B854BD9CD7070184200CB
:105F7000DF18580380200E00C0A8BA082FF6542559
:105F80008019B2082FF654250018D3441300247842
:105F9000D34300000080CB477F7FFFFFC342000058
:105FA000EFFF40DBCC75402407325624C12BA140C3
:105FB0000A24C004E14542C6001E8073A000B898C0
:105FC000620B6FF55045DB431300B07940DBCC75B5
:105FD000402407325423813CA140A2420A24C00439
:105FE000420B6FF5E14540DBCC7540240732A14000
:105FF0006341A2420A24C0042A0B6FF5E145C34065
:106000001300549176082FF542C6C341A000EC99C5
:10601000B20BEFF20C71CB471300B07C2C713A0835
:106020006FF55827401B402400252E086FF52C7172
:10603000D3461300E08010D96A09200240260029C7
:106040005926012940DA8A24010840240532A1405A
:10605000C60EA00162435526412B40DA8A2401086E
:1060600040240532A140B20EA00162435826C12F40
:1060700040DA8A24010840240532A1409A0EA0018A
:106080006243DB401300388F40DA8A240108402441
:1060900005325820C13FA1407E0EA0016243552623
:1060A000812D40DA8A24010840240532A1406A0E7D
:1060B000A0016243C3401300E491C20FCFF4C34177
:1060C000A000949AFE0AEFF20C734024002F8A0F6E
:1060D0002FF52C715424002A7E0F2FF52C71542695
:1060E000802DC208200210D9D3411300708A40DAF3
:1060F0008A240108402405325821412BA1401A0E60
:10610000A0016243D3471300448340DA8A24010884
:106110004024053254270129A140FE0DA00162430D
:106120005821012940DA8A24010840240532A1407F
:10613000E60DA00162435520013940DA8A240108A6
:1061400040240532A140D20DA00162435427812D85
:1061500040DA8A24010840240532A140BA0DA0018A
:106160006243C34013009C91120FCFF4C341A000BF
:10617000409A520AEFF20C725827001ADA0E2FF5E5
:106180002C714024002AD20E2FF52C7154260029A0
:106190001208200210D94226012940DA8A24010877
:1061A00040240532A140720DA00162435927012904
:1061B00040DA8A24010840240532A1405A0DA0018A
:1061C000624340DA8A24010840240532A140C241DA
:1061D000460DA00162435820013940DA8A240108A3
:1061E00040240532A140320DA00162435827C12F3F
:1061F00040DA8A24010840240532A1401A0DA0018A
:1062000062437A0EEFF45623C039C341A0000899C7
:10621000460C20010C762C713E0E2FF58240542343
:10622000003F360E2FF52C715727001A2A0E2FF536
:106230002C705521802D6E0FE00110D95521402B77
:10624000620FE0012C70552100295A0FE0012C70DB
:10625000DB4113007C7E40DA8A24010840240532A9
:106260005521813DA140B20CA0016243D3401300EF
:10627000D48C40DA8A2401084024053256200129B2
:10628000A140960CA00162435526012940DA8A24D8
:10629000010840240532A1407E0CA0016243DE0DBE
:1062A000EFF45623403EC341A000A099AA0B200161
:1062B00009D84227001AA20D2FF52C715523403B17
:1062C000960D2FF52C71422700158E0D2FF52C7091
:1062D0005820402BCE0EE00110D95820802DC60E3C
:1062E000E0012C705820C02FBA0EE0012C708E0DEA
:1062F000EFF45623003CC341A00054995A0B2001EF
:1063000007D85523C038520D2FF52C715523003A6C
:10631000460D2FF52C714227001F3E0D2FF52C70D6
:10632000592000297E0EE00110D956210029760E51
:10633000E0012C705521C02F6A0EE0012C70572609
:10634000812D40DA8A24010840240532A140CA0B7D
:10635000A00162435820813D40DA8A24010840248C
:106360000532A140B20BA00162435626012940DA52
:106370008A24010840240532A1409E0BA0016243FB
:10638000C3401300C490F60CCFF4C341A000749C2A
:106390008E0FAFF210D85827C01DBE0C2FF52C70F1
:1063A0005521C03FFE0DE00110D9C34013000C91F0
:1063B000CA0CCFF4C341A000B8A14E0920010BD8EC
:1063C0005627C01D920C2FF52C705827001F8A0CE1
:1063D0002FF52C705521403BCA0DE00110D95621F4
:1063E00001394C706C708A240108402405322A0B54
:1063F000A001A140592001394C706C708A24010819
:1064000040240532120BA001A140720CEFF4552775
:10641000001EC341A0008CA6F608EFF20DD854214F
:10642000803C360C2FF52C704021003A2A0C2FF5B9
:106430002C70D34213000C8810D96A0DE00155224C
:10644000C02F5522402B5E0DE00140D92E0CEFF4F9
:1064500056274019C341A0004CA9E60920010ED8D7
:106460004021003FF20B2FF52C7056220029360DEB
:10647000E0012C705522802D2A0DE00110D9FE0B71
:10648000EFF45627801BC341A00040984A09EFF261
:1064900029D85521C038C20B2FF52C705520802DDE
:1064A000020DE00110D9CB46A0005E6E2096572564
:1064B000002E40C0247800B65520C02FE60CE00125
:1064C00050D92A9600C040DA8A24010824780AB6F6
:1064D0005821C12F40240532A1403E0AA001624349
:1064E0005420813D40DA8A24010840240532A1402D
:1064F000260AA00162434027012940DA8A240108C4
:1065000040240532A140120AA00162435921012909
:106510004C706C708A24010840240532FA09A001ED
:10652000A140542001394C706C708A240108402429
:106530000532E609A001A140C340130004933E0BBD
:10654000CFF4C341A000049CA60FAFF212D854218F
:10655000003A060B2FF52C705821802D460CE001D7
:1065600010D91A0BEFF45523003FC341A000209E21
:106570009A0820010CD840210035DE0A2FF52C7036
:10658000542200291E0CE00110D940D9160CE0015C
:106590004240402200290E0CE00140D95726012933
:1065A0004C706C708A240108402405326A09A001ED
:1065B000A1405820413B4C706C708A240108402453
:1065C00005325609A001A140B20AEFF45524002A71
:1065D000C341A000149F2E0EAFF215D85424802C76
:1065E000760A2FF5A241CB461300A88510D9B60B29
:1065F000E0014226001954260019AA0BE0012C7074
:106600002C70A20BE001C14000160171A0000E6EBB
:106610004025002341C02478001E0470A0000E6EA7
:106620004C4E820BE0012C7000160171A000226E0E
:1066300001C040DA8A2401082478001E0470A000FA
:10664000226E5822C12F40240532A140CA08A00161
:1066500062434220013940DA8A240108402405328D
:10666000A140B608A00162435827012940DA8A24D4
:10667000010840240532A1409E08A0016243FE09A2
:10668000EFF455278019C341A0009C9B8A0DAFF2FF
:1066900017D85424002FC2092FF5A24155260019FE
:1066A000020BE00110D95426801DFA0AE0012C707B
:1066B0005922012940DA8A24010840240532A140E8
:1066C0005608A00162435720013940DA8A240108A4
:1066D00040240532A1404208A00162435827412BC3
:1066E00040DA8A24010840240532A1402A08A0018A
:1066F00062438A09EFF45524802EC341A000E8A329
:10670000B60EE00018D85524C0284E092FF5A24136
:106710005526C01F8E0AE00110D95526401B860A57
:10672000E0012C705526801D7A0AE0012C700016BD
:106730000171A000366E01C02478001E0470A00014
:10674000366E562600195E0AE0012C7040DA8A2463
:10675000010840240532A1402241BE0F600162437E
:106760005520813D40DA8A24010840240532A140A9
:10677000A60F600162435527812D40DA8A24010863
:1067800040240532A140920F60016243EE08EFF40D
:1067900056248029C341A000A8973E0EE0002AD8C5
:1067A0004023003AB2082FF5A2414023003FAA0837
:1067B0002FF5A2415423003A9E082FF5A2415822FA
:1067C0000029E209E0012C7000160171A0004A6E58
:1067D00000C02478001E0470A0004A6E5722802D4D
:1067E000C209E00110D957220029BA09E00110D9E5
:1067F00042220029AE09E00110D94A24C070C343E7
:1068000013004895A82040020413000400C108802A
:106810004190447921B0C343000000805721812D6D
:1068200040DA8A24010840240532A140EA0E6001C2
:10683000704340DA8A24010840240532A140034114
:10684000D60E600162435727012940DA8A240108E5
:1068500040240532A140C20E600162435721012944
:1068600040DA8A24010840240532A140AA0E6001C2
:1068700062434020013940DA8A240108402405326D
:10688000A140960E6001624340DA8A240108402448
:106890000532A140E241820E60016243422101299A
:1068A00040DA8A24010840240532A1406A0E6001C2
:1068B00062435520413B40DA8A24010840240532D6
:1068C000A140560E600162435527012940DA8A240F
:1068D000010840240532A1403E0E60016243C340DE
:1068E00013002494960F8FF4C341A000789DA20D4D
:1068F000E0001FD85523803C5E0FEFF42C7054212C
:10690000003F560FEFF42C705521003A4A0FEFF478
:106910002C702C70420FEFF4234010D98608E00150
:106920000240402001294C706C708A2401084024E8
:106930000532E60D6001A140562001394C706C70A3
:106940008A24010840240532CE0D6001A14058265A
:10695000C11F4C706C708A24010840240532BA0DA6
:106960006001A140402101294C706C708A2401080B
:1069700040240532A20D6001A1405520C13F4C705A
:106980006C708A240108402405328E0D6001A140FC
:10699000592601194C706C708A2401084024053274
:1069A000760D6001A140C34013009493CE0E8FF486
:1069B000C341A000CC98B60BAFF220D82C709A0E31
:1069C000EFF4E14058200029DA0FA00110D9572038
:1069D000812D4C706C708A240108402405323A0DD8
:1069E0006001A1405527C12F4C706C708A240108AA
:1069F00040240532220D6001A140C3401300B4942D
:106A00007A0E8FF4C341A000E89AA60BAFF221D80A
:106A10005523C03D420EEFF42C7055200029860FFF
:106A2000A00110D95520412B4C706C708A240108AC
:106A300040240532E20C6001A1405826411B4C70F5
:106A40006C708A24010840240532CE0C6001A140FC
:106A5000C3401300FC94260E8FF4C341A000EC9CAD
:106A6000460CE0003CD87C4FEE0DEFF42C70C34098
:106A700013007C902E0FA00110D9C3411300A090E9
:106A80004C706C708A240108402405328A0C600125
:106A9000A140582601194C706C708A2401084024CA
:106AA0000532760C6001A140D20DAFF45427001AD4
:106AB000C341A00044A09E08AFF222D85827801CF2
:106AC000960DEFF42C705826802DDA0EA00110D907
:106AD00058260029CE0EA0012C705826412B4C7050
:106AE0006C708A240108402405322E0C6001A140FC
:106AF0005526C12F4C706C708A2401084024053241
:106B0000160C6001A140C34013006C946E0D8FF40D
:106B1000C341A000409B820AAFF22BD8584F3A0DD8
:106B2000EFF42C70542000297A0EA00110D95420C3
:106B3000812D4C706C708A24010840240532DA0BD8
:106B40006001A1405826811D4C706C708A24010898
:106B500040240532C20B6001A140C340130074926F
:106B60001A0D8FF4C341A000C097E608AFF22CD8ED
:106B70005827C018E20CEFF42C705822802D260EF6
:106B8000A00110D95822412B4C706C708A24010846
:106B900040240532820B6001A1405727812D4C70A3
:106BA0006C708A240108402405326E0B6001A140FC
:106BB000C34013004C93C60C8FF4C341A000DC9774
:106BC0007E09AFF22DD85727801C8E0CEFF42C7065
:106BD00054210029CE0DA00110D95421812D4C70D3
:106BE0006C708A240108402405322E0B6001A140FC
:106BF0005527412B4C706C708A24010840240532C3
:106C0000160B6001A140C3401300DC936E0C8FF49F
:106C1000C341A000FC975E0AE0003DD82C4F3A0C1F
:106C2000EFF42C70572000297A0DA00110D94220D2
:106C300001294C706C708A24010840240532DA0A5C
:106C40006001A140562701294C706C708A2401080C
:106C500040240532C20A6001A140C3401300BC9227
:106C60001A0C8FF4C341A0006498BE09E00040D81C
:106C70005727001FE20BEFF42C705422802D260DB5
:106C8000A00110D9552201294C706C708A2401088A
:106C900040240532820A6001A140422701294C703C
:106CA0006C708A240108402405326E0A6001A140FC
:106CB000C34013002C92C60B8FF4C341A0001C9854
:106CC000DE08E00041D8402300358E0BEFF42C7035
:106CD0005726801DCE0CA00110D9572601194C70E3
:106CE0006C708A240108402405322E0A6001A140FC
:106CF0005720813D4C706C708A2401084024053275
:106D0000160A6001A1405827812D4C706C708A24AE
:106D1000010840240532020A6001A140E6086FF52F
:106D2000A140A3C004141B34DAC6E078E4C20846CC
:106D30000380008048801186648281922382A08330
:106D400082BCD608AFFB81B21908FE01004224863E
:106D5000C6BA008124808380A1A16281607C40AB9F
:106D6000C4C6E078E2C211800E0BAFFB884500A5D7
:106D7000C2C6E07811808D03AFFB2F79E2C211808B
:106D8000AA0BAFFB884500A5C2C6E078E104AFFBC3
:106D90001180E078C9076FFB1180E0785905AFFBDF
:106DA0001180E0783506AFFB1180E078ECC3A8C114
:106DB00043800847008222828880C8812182021491
:106DC00009110C160B10A8814F21801001B4048406
:106DD0000215081123846385001011004F208010D4
:106DE0000F0B301001B5019682B801B605F04024B2
:106DF0000B330C1C0130038241288810088043802B
:106E0000404506EA419082BA41B006F0402405327E
:106E1000081C013050878094A09501921D083E0007
:106E2000442044104421081105243E822DF40420FE
:106E3000800F0000FEFF01B24834021048350010F8
:106E4000073086000487498F80809140110AB40082
:106E500010141210A180C485828603F084C4081225
:106E6000072065421187920DAFFB40C41E410240CE
:106E70006079041A4024098F0F08B400A1402385CB
:106E80006079041E4014CCC7E6C243802082618230
:106E90005080288168830212080102110B01A4812D
:106EA0000C1107004F238C1081B181930C13090042
:106EB0002091E093A0854F248E1022BCC1B31F08FF
:106EC0003E104424431044230C1105233E831CF43C
:106ED00004208C1F0000FEFF81B2448048310C006A
:106EE000118048370110C082073105032141E0427B
:106EF000E486A1441A0FAFFB081706102386C14091
:106F00006079A1A7C6C6E078E6C3A6C100410380A8
:106F1000EC704080A280E882418003800217051156
:106F20004882C4874F25830061B7819268850C171A
:106F300008104F248D10A1B2A193412C84100C1283
:106F400009004F258C1081B388800C130B00C0867C
:106F500001941908BF00412D8610A38482B801B4A2
:106F60000015871085273E0090810093A0974092DE
:106F7000619444244400230B3E00442646004425EB
:106F80000501052505010525BE8125F40423830F90
:106F90000000FEFF61B448300300048148350C1046
:106FA0002F27C70148320200E08007330303118115
:106FB00007320203A487C145228542C1214141C352
:106FC000614340C26A09EFFB01422387E1406079D7
:106FD000C1A5C6C7E2C21180B60AEFFB884500A56D
:106FE000C2C6E0781180D103EFFB2F79E2C2118095
:106FF000BE0CEFFB884500A5C2C6E07895032FFCC8
:107000001180E078B500EFFB1180E07899042FFC47
:107010001180E07859052FFC1180E078ECC2A08047
:10702000684650418A85EB850C8417087100304012
:10703000E14080200E00301C0110001803004420A5
:1070400052A00BF280270E10008F0F08A503A1405D
:10705000CA094001C0AF7822012084EE0C773AE9DA
:107060007826001005207E802EF40A248073ED70AF
:107070002C704C706C702240A82040048890957150
:10708000CA2301000AF29575CA21010006F20B0C11
:10709000D110004202F0E18018E004EAE18207F03A
:1070A00003EBE18303F003E9E181D5714A2040005D
:1070B000CA208D030A24007040210121A82000016C
:1070C0001819D003A14002412242620BEFF4C143E0
:1070D000CCC6E0783E78E07E48886C7060B1422291
:1070E0003C80E07C8380A8204003041400140880C6
:1070F00042880D0A9F010590057B60B1E078E07E33
:1071000052D9001803010118030003184300E07F5F
:1071100022A8E07860820C708A213C0197E300A2EB
:10712000E07FCA204D00E078FAC2FC1CC8B6B9C1A5
:10713000A380084744171B10B14000854024173630
:10714000288044810381619145C0008282BB14DAAA
:1071500044C061B186C0BE0DAFF52C70088F6108C8
:10716000B4008D7004770A24007086C3402404366E
:10717000A82040090E42088220904109850F000096
:10718000F0FF219035099F004C928C2205850FF26B
:107190008C22858608F28C2205860FF444800C1020
:1071A000170008F04480638004F044800C10040051
:1071B000C08282B921B08571067405F0402404367E
:1071C00086C3308741912D0A3E006D7104138030D3
:1071D0001108340441280801C3B8090800026D727F
:1071E0008F789F08C4020422800F0000FEFF01B1C7
:1071F0000487298F418008101300001014005041AB
:1072000010121800101319201D0934011014152034
:107210004480A38050401012160010151210D64062
:10722000564104F08BC090C1081107300810063099
:107230000815052040C105C141C063409E086FFC90
:10724000E24204C09E41041D00206079824004C0D7
:107250003E4104180030607922407E4162406079EE
:1072600004198033098F1B083401A14023856079FC
:10727000041A80231E4102406079041E8023B9C095
:1072800004141B34DAC6E078E2C211808E096FFC68
:10729000884500A5C2C6E078118001026FFC2F79F5
:1072A000E2C21180660A6FFC884500A5C2C6E0787C
:1072B000E4C06380918008884083848C4882A592D2
:1072C0004B08B400A0B104770A240070412C0E11C1
:1072D000A820400741830C928C2005850BF28C205E
:1072E000058607F28C20858607F40C7206F00C7177
:1072F00004F00C7402F00C708B7804F4CB7806F276
:1073000008820590057DA0B16474C4C451026FFC6D
:107310001180E07811072FFC1180E0786D026FFC7E
:107320001180E078F2C20847038091873040D3444F
:107330000000EFFF0080748C04149210914148808B
:1073400021920421010521B233EB698F2C70684131
:1073500037EB8487CC70C047234CA28BA94325ED23
:10736000081308000A24C072A820C00704100314E0
:107370000A23C0110A248001CC706883EC716093E9
:10738000D3730000FFFFCA260101CA27C1020CF215
:10739000150950000A27C0020D0B31100A26000102
:1073A000EC70CC71E0782471B10944820AF0308726
:1073B0002608AFF52091108754270E1815F0CC70D1
:1073C000190E300054270E18A492A1410A08AFF5F7
:1073D000A3B2001844230CF0308740DB63B2FA0FED
:1073E0006FF520911087009000180420412A152184
:1073F0006E713AF0038740486880AC9081938C2589
:107400000595A9430424011521B30BF28C2305969D
:107410002C710AF28C23859605F42C7204F02C74DE
:1074200002F02C700B21808414208D2005F2208620
:1074300084BC81B308F00B21408505F4151181202F
:107440000AE92086920F6FF520910086009000B522
:1074500066710AF0C3410000FFFF7E0F4FF5001D6B
:10746000C51FF8F1088F2F22C7048D0A0480D2C6E9
:1074700045016FFC1180E078EEC3A8C10847018088
:1074800023870E70CD700780A0810B20808F200095
:10749000010003F2C18119089E000420800F220020
:1074A000000052207E8404F2081110002A0CCFFF45
:1074B00007851F08D000A9085101288544816191E2
:1074C0000C111300008282BB61B140C00CF0088532
:1074D00002883D087F0080C14485607AA140810810
:1074E000300010434E70524127EE288641914B0ADE
:1074F000BF002E7007863308D0006508710182BA7C
:107500006481038141B1608343C313F0160D6FF5AD
:10751000A14005EE0E0D6FF5C14045083020024038
:10752000020D4FF51CF0448683C1607AC140001003
:10753000910085213E203F0810202010012041911C
:10754000330A9F001E441F08D0001508710182BA3B
:107550006481038141B1608342C309F05609000090
:10756000CEC7064682C1607A024000109200852292
:107570003E204209000001871E8817087F00402432
:1075800004340487A080C4850816041001F0118714
:107590002F2247042F2387044024C5316A0B6FFC38
:1075A00062410187078019085F040714C030110881
:1075B000130000C0238501A66079A140CEC7E07802
:1075C000E2C211800A0E6FFC884500A5C2C6E078B1
:1075D0001180C9066FFC2F79E2C21180360F6FFC53
:1075E000884500A5C2C6E0784100AFFC1180E07874
:1075F000E1016FFC1180E0783900AFFC1180E07888
:10760000D102AFFC1180E078E4C20846038000801C
:1076100048801186648281922382A08382BC9A0F63
:10762000AFFC81B21908FE0100422486C6BA00816F
:1076300024808380A1A16281607C40ABC4C6E078D5
:10764000E2C211804608EFFC884500A5C2C6E0787A
:107650001180BD00EFFC2F79E2C21180C608EFFC5B
:10766000884500A5C2C6E0783901EFFC1180E078BA
:107670008D06AFFC1180E0783101EFFC1180E078DD
:10768000CD01EFFC1180E078C341A000B46D4981C9
:1076900020A0007A08E917095100C341A000B46D89
:1076A00020A006F0E07F8A20BC00208009810078BD
:1076B0005E78E07EE8C22847504008452C708A2258
:1076C00006005208AFF5E1401F0830202C70CD7045
:1076D00006ED048520487A0F2FF5E141C571CF7979
:1076E000F1092484E574C8C6EEC3A4C10847038029
:1076F000A180C0802885088602111101DA09EFFFF8
:107700000210100107852308D000E1085101DD09AE
:107710009F200885648041900C101200208382BA5B
:1077200041B040C10CF0088502883F087F0080C14D
:107730004485607AA140B5083000104207863908B8
:10774000F00081C1A508710141289020442053A078
:107750001EF40886448061900C101000208282BBC9
:1077600061B041C119F0BE0A6FF5A140B60A6FF5CC
:10777000C1403CF0658600C2607BC140104014707F
:1077800083C078201320CA20012007F06F20430017
:107790004024103341C01E0FCFFF308701911908DC
:1077A0001E004D099F20490B11200420800F00006E
:1077B000FEFF01B10487001404304024C6320241A8
:1077C000A080118742426243C485060CEFFC081674
:1077D00005100609CFFF0B14C0301108130000C0BC
:1077E000238501A66079A140CA0ECFFFCEC7E078FD
:1077F000E2C211805A0EEFFC884500A5C2C6E078AF
:107800001180B107EFFC2F79E2C211800E082FFD25
:10781000884500A5C2C6E07855006FFD1180E0786C
:107820004D01EFFC1180E078F5006FFD1180E078EC
:107830002D026FFD1180E078E2C22908B1004C737F
:10784000CB45A000EC852185C340A000AC6D008035
:10785000247121A52C71820FAFF76C70001D4310AD
:10786000C2C6E078F0C3A9C163802083A8812183C8
:1078700081954881C48582BC81B5E19281800016E2
:1078800011104F27811021B22385A4829E8C438240
:10789000F1431D0C3F100015141062838883A194DE
:1078A0000D0DBF1082BD6384A1B40BF08D70CB456C
:1078B0007F43000080C342C441C440C443C58480A8
:1078C0001180402404354024C734E284C084A1845C
:1078D000101712101016101008120620DA0E6FFD85
:1078E000081005202386C140041840246079041A3A
:1078F0004024170BBF2085C1A1404A0BE000824203
:1079000023856079A1401314803085E8238760794E
:10791000E140D0C7E2C21180460F6FFD884500A547
:10792000C2C6E07811809D076FFD2F79E2C21180F9
:10793000FE08AFFD884500A5C2C6E0789D078FFF11
:107940007101AFFD1180E078E5056FFD1180E078F1
:107950007D01AFFD1180E078110200004D03AFFD05
:107960001180E078F0C3A9C1A380418020856185A2
:1079700088812782688341940421810F22000000BE
:1079800052217E8482BA41B4C48423848483E193E7
:10799000438300161110001414104F278C10F1436C
:1079A00081B30BF262858883A1940F0DBF1082BD55
:1079B0006384A1B40AF08D70CB457F43000080C37F
:1079C00042C441C440C443C584801180402404356E
:1079D0004024C734E284C084A1841017121010160A
:1079E000101008120620D20D6FFD08100520238606
:1079F000C140041840246079041A4024150BBF20AC
:107A000085C1A1403E0AE000824223856079A14001
:107A10001314803084E823876079E140D0C7E07890
:107A2000E2C211803A0E6FFD884500A5C2C6E0781B
:107A3000118091066FFD2F79E2C21180F20F6FFD68
:107A4000884500A5C2C6E07891068FFF6500AFFDAE
:107A50001180E078D9046FFD1180E0787100AFFDEE
:107A60001180E078050100004102AFFD1180E0784F
:107A7000F0C3A9C18380208468812184A1934881B7
:107A8000228482BDA1B3E192A881C483238364824E
:107A90004F278C1081B2819543820016111000137C
:107AA0001400110CBF10F143638582BC81B50BF04B
:107AB0008D70CB457F43000080C342C441C440C4A5
:107AC00043C584801180402404354024C734E284B7
:107AD000C084A1841017121010161010081206206E
:107AE000D60C6FFD081005202386C14004184024E1
:107AF0006079041A4024170BBF2085C1A1404609B4
:107B0000E000824223856079A1401314803085E82B
:107B100023876079E140D0C7E2C21180420D6FFD3A
:107B2000884500A5C2C6E078118099056FFD2F79C0
:107B3000E2C21180FA0E6FFD884500A5C2C6E0784A
:107B400099058FFF6D076FFD1180E078E1036FFDF0
:107B50001180E07879076FFD1180E0780D0000005A
:107B60004901AFFD1180E078E6C2084750870380E5
:107B70002845C092008062086FF5C1410387C1416A
:107B8000C0B556086FF50180C1B5C6C6E2C3A4C131
:107B900048452F7A28B980C34E0F20012F7900C0A5
:107BA00000A5C2C7E2C3A9C180C1F608600148456B
:107BB00080C124DA1A0D6FE7A140C2C7E4C20846AB
:107BC0000380008048801186648281922382A08392
:107BD00082BC920DAFFD81B21908FE0100422486DD
:107BE000C6BA008124808380A1A16281607C40AB01
:107BF000C4C6E078E2C211801E0EAFFD884500A524
:107C0000C2C6E07811807106AFFD2F79E2C2118003
:107C10007A0EAFFD884500A5C2C6E078F906AFFD33
:107C20001180E078B104AFFD1180E0780507AFFD69
:107C30001180E078A107AFFD1180E078F4C3A5C101
:107C400008450380848521850080E184C0841C115F
:107C50000B0008801017101010161210648041904D
:107C600023800013110082BA0D0B7F1641B00C72F5
:107C700083C308F042840C735043101214009643DF
:107C80000B0B7F174024043107F0F024151010155A
:107C90001620081604200812052016421185A60891
:107CA000EFFD4024C6300314C030150813002386AE
:107CB000C1406079041A4024031480300F08FE008C
:107CC000E1402387607904184024018507801D085E
:107CD0005E060314813015091E017E416240607901
:107CE000041C40240185078017085E0703148030B8
:107CF0000F087E01A240BE416079041E4024D4C713
:107D0000E2C211804E0CEFFD884500A5C2C6E078A6
:107D10001180A104EFFD2F79E2C21180BE0CEFFDAE
:107D2000884500A5C2C6E078A906EFFD1180E0787D
:107D3000E106AFFD1180E078F107EFFD1180E078FA
:107D4000CD012FFE1180E0784128C10044210107B8
:107D50003021820FA00074E02C7100290000047A09
:107D6000E07F79220000E078C341A00074E0428106
:107D7000018160810522820F0070F97805208C0F47
:107D8000FFF900000523800FFF0F00FC81A142A135
:107D9000E07F00A18C200288E020C5074128C100B7
:107DA00044210207C372A00074E02082C4B80F21EE
:107DB0000000E07F00A2E07821038FFFE6C2D180BF
:107DC000084510802847448E2F0A7100009095E8DE
:107DD00003852C70020E2FF500800385C34100003F
:107DE000FFFF001F0510F20D2FF501801085021F07
:107DF000C51F448E009094E8250A91000385C34175
:107E00000000FFFFD20D2FF5008003852C70001FAE
:107E1000C51FC60D2FF50180021F0510C6C6E078EC
:107E2000FAC2FC1CC8B6A5C1081C003143C341C23C
:107E300040C1A08001C0EE70D3407F4700FF20808A
:107E400002C03043008044C0F90930002C151810DE
:107E50002F70D342103AE02DD341484200003B43FB
:107E60000A2400240A250024ED7000C6F67E008650
:107E7000C9083000EAE01AF2E8E031F41D8DBD08CF
:107E80001E0001868A21013A033000841044CA246E
:107E9000012454F2033480A48A263F2D96F703343C
:107EA00040A4DAF67D0300001D8D91081E000186B6
:107EB0008A23813A033000841045CA2501243EF20A
:107EC000033580A48A263F2D58032500033540A49E
:107ED00050030900041EC01530F001860330C08530
:107EE00058000C000330808F7F4700EF4C000D00DE
:107EF0000730800FC83F00000A08EFF110464830F5
:107F0000C00229680B7910F24A2400714A208000CF
:107F1000A8208001052902000C78457901694830C4
:107F2000000007F048300000033600A006F20030E1
:107F3000800FC83F000001A6E571330FC49408F01C
:107F40006F700A2500240A2400247B418A240E1124
:107F50000374008C33E80285208828402DE9C18015
:107F6000ED70C3420000FFFFE14E00914508D102D1
:107F70000889708142203C8040B310F20C110B0044
:107F8000A8200003041300140880639005EB64909C
:107F900003EB43B044B0E078098942203C800AF208
:107FA00010110100A820800104110004048040B0D9
:107FB000E571B90F0492001CC2158A234E110023EB
:107FC0000B1600138010BF08100002852088B3092B
:107FD000300028406180ED70CB440000FFFFE14B92
:107FE0000091450891030889508142203C8080B26D
:107FF0000EF24381A8200003041200040880C390FD
:1080000005EEC49003EE83B084B0E0780989422085
:108010003C800AF210110100A82080010411000424
:10802000048080B0E571BB0F0492ED70CB4400007A
:10803000FFFFE14B00914508510308895081422020
:108040003C8080B20EF24381A82000030412000499
:108050000880C39005EEC49003EE83B084B0E0784E
:10806000098942203C800AF210110100A8208001F9
:1080700004110004048080B0E571BB0F0492001B62
:10808000C21580208E310010803033E802852088B0
:1080900028432DE98180CD70CB470000FFFFC14C04
:1080A0000091450811030889508142203C80E0B2CC
:1080B0000EF24381A820000304120004088063909C
:1080C00005EB649003EBE3B0E4B0E078098942206B
:1080D0003C800AF210110100A82080010411000464
:1080E0000480E0B0C571BB0EC4920018C23500C157
:1080F00001C203C3081404306E08EFF4A140F10874
:10810000310010460785E9081E02390930301FD9B1
:10811000B60FEFF30285033480AF7F4700EF0042D4
:1081200010F710EA1082009048300000003401205F
:10813000073640704847000031824830C0021FA116
:10814000390B30301FD9820FEFF30285033580AF32
:108150007F4700EF004212F710EA1082009048308B
:10816000000000350120073640704847000031828A
:108170004830C0028419000000C0ED70C46834F0BB
:1081800000C00810010440C0EAE112F2E8E12AF45C
:1081900000860330808F7F4700FF24F202852A0F7C
:1081A000EFF31FD9318010803F8110F0008603303B
:1081B000808F7F4700FF16F202850E0FEFF31FD965
:1081C0003180108084110100009048310100483056
:1081D000000000304000073600704847000000A64D
:1081E00008E6E57101C00080990F04904A856C7023
:1081F0008D70301A41002C1AC00510F003C11621F1
:108200000000208009E901800330808F7F4700EF64
:1082100003F764716BA2857104C18F78E108448013
:10822000C240A5C004141B34DAC6E078E4C2084694
:108230000380008048801186648281922382A0831B
:1082400082BCCE0EEFFD81B21908FE0100422486E9
:10825000C6BA008124808380A1A16281607C40AB8A
:10826000C4C6E078E2C211804A092FFE884500A505
:10827000C2C6E0781180C9012FFE2F79E2C21180B9
:10828000D2092FFE884500A5C2C6E078C9022FFE9C
:108290001180E078A505EFFD1180E078C1022FFE86
:1082A0001180E07819042FFE1180E078F4C3822455
:1082B0000C3F084602898A278E1028458A253E27CA
:1082C0008C20838FDF67CBF44A24C0734A200000E0
:1082D000A820800181C11961047100A9038D09E8FA
:1082E0002E718A25FE260F08340461C0B7F04A219A
:1082F000C0238A23072D542616195426941B0E7169
:1083000000239323001C013181C1AE700C70422107
:1083100052000C2040A446012D0014709FF432221C
:10832000002404778EE02C010D002520000010F0C1
:108330001BF02CF036F04AF04EF054F058F05FF09D
:1083400064F06BF06FF075F079F07FF080C1562427
:10835000423D7E0D2000A1405624413D14DA720DAD
:108360002FE7C24076F080C10024823F00009401D4
:10837000520E2000A1400024813F0000940114DA35
:108380004E0D2FE7824066F080C185C25208600022
:10839000A14085C18A220600360D2FE762405AF0BF
:1083A00080C10024823F0000BC0136096000A1406A
:1083B000701682100024813F0000BC014A092FF191
:1083C000DF160016104546F080C18E0B6000A140FC
:1083D0000AA640F080C1820B6000A1400BA63AF0D3
:1083E00080C1760B6000A1400CA634F080C16A0BFE
:1083F0006000A140DD1E18102CF080C15A0B6000F7
:10840000A140DE1E181026F080C1DE0DE000A14064
:10841000FF1F02901EF080C1CE0DE000A14000AF12
:1084200018F080C1C20DE000A14001AF12F080C180
:10843000B60DE000A14002AF0CF080C1AA0DE00033
:10844000A14003AF06F080C19E0DE000A14004AF43
:10845000B6700C715FF5067158F1A240D4C7E07890
:108460004A24C070A820400202104205070A1300E7
:10847000537A02199400E07EE4C208454A260010AF
:108480008A0D2FF90085C571F90E3291041D101067
:10849000C4C6E0782C724C7103F00E7809782F2155
:1084A000428043F7097A53218183F9F5E07F4E78C2
:1084B000F1C0004114730C7707F7F02641701300E8
:1084C00054B403E94079D1C0E07EE078E6C3A5C1A9
:1084D00068456083284614E32B0AE400004180C00D
:1084E00014DAEE0B2FE780C74A240075A82000029B
:1084F000008501178114D860C57120A8008514E09B
:1085000000A5C6C7E4C20846204028451A0D2FFE24
:1085100000190100C0A5A140C4C6E078E4C2AD7056
:10852000084670184203542000092C70E6092FF504
:108530004A2200054A2440715426801BA8200001CD
:10854000041811008A20070DD8602C70C6092FF579
:108550008A2206004A2440714026001DA8200001FE
:10856000041811008A2401785426801EA8200001D6
:1085700004181100C140820E2FFEDF1E58134A243A
:108580004071C140A8204001A1A0081850038A20D2
:108590000E00D860A0A8C140C4C6E078E4C2084676
:1085A0000C7000A104A92040DE096FFE2845C0A57B
:1085B000A140C4C6E6C20847CD7020402845020A43
:1085C0006FFEC0A1A140FA096FFED6A5E0A5A140AB
:1085D000C6C6E0784A24C070402103020A22800FF8
:1085E00013005C760019010004194300A8208001E3
:1085F00004120C04041B100300A114190300151924
:108600000300E07F2040E078E4C20846784928452E
:108610003E0E2FFA00190100120B6FFEA140C0A5FB
:10862000A140C4C6E4C208460C7000A104A92040C1
:10863000AA0C6FFE2845C0A5A140C4C6E4C20846E6
:108640000C7000A104A92040BE0C6FFE2845C0A5F7
:10865000A140C4C6E4C208460C7000A104A93819A0
:10866000020020408609AFFE2845C0A5A140C4C62F
:108670004C7046DCFADB00A10419430087A162A11B
:1086800046A145A144A143A1E07F2040E4C20846A1
:108690000C7000A104A92040B609AFFE2845C0A572
:1086A000A140C4C6E4C2084620402845D60AAFFE11
:1086B00000190100C0A5A140C4C6E0786C7002108A
:1086C0004205090A1300537A6471F70BB28002194C
:1086D0009400E07EE6C1A6C181800080C08145C4CF
:1086E000808144C0018168436C7084C55024FE972A
:1086F00043C042C615F20334809F803F000011F250
:108700004A200000C085047107360813F908B280BA
:10871000041D1012018107300F0343C702F003C785
:108720004A24C0704A240010A8204009F0230D13E9
:10873000864A80C0402409342C7041C340C50411CE
:108740000814A08024710036081201350812F309BC
:10875000B2800418100200C101C015250D030037B6
:10876000481015240E0302300002857100A541C097
:1087700020A6C6C5E6C3A5C168456083284614E3A4
:108780002B0AE400004180C014DA46092FE780C7B5
:108790004A240075A8200002008501178114D860C2
:1087A000C57120A8008514E000A5C6C7E105CFF774
:1087B000F1C0004101808420030C1308300890E0D0
:1087C0000C7008F400819C5A04F06E0EEFF70081E3
:1087D000D1C0E07E4A220000041003044471BFBBF4
:1087E000F90AB2800419D000E07EE078E6C1A9C1A0
:1087F0008180A08047C48280018146C5A08148C491
:1088000041C0808102815025FE9740C442C01DF2C4
:108810007FDE17BE0335809317F24A24C07086C0EE
:10882000A820C0012080073141030418500081C0F6
:108830004A2100008080247107344C13F909B2806A
:108840000418100340C62D704024083040241E3305
:10885000214683C168440C7004140D140471A1A155
:10886000F908B28004195003F0228B014A24C07029
:1088700086C483C0141C4032A820C0020414011412
:10888000A08000334110013541100418500003C787
:108890004A20000014208701047103C4F0200B104B
:1088A00015260130A0810034CC121525CE010235E9
:1088B0000C13E47180A1E508B28080A61524800124
:1088C000C47108E38F0EF280E0A0C6C5E2C228455D
:1088D0002081404314DA1961AE0DEFF46040008549
:1088E00014E000A5C2C6E078E6C3822406306845DD
:1088F000608328465623030C2F0AE400004180C001
:108900008A220600CA0FEFE680C78A240670A820D4
:108910004002008501178114D860C57120A8008528
:108920005620000C00A5C6C7E2C208450471CA0A59
:10893000EFF10F7810D9A1400C58C340A000208659
:108940002080C3401200CCC009092000B571C2C606
:1089500060D8CA202106B570CA20A1010F58C2C62E
:10896000E6C248452846D60B2FF2084714700C7013
:1089700026F28CD85F270117EA783021820FA000F9
:10898000A84D3020800FA000104A50700C71D8F70D
:1089900080852D0C85105F27011F3021830FA000DB
:1089A000CC4C99620AE11909E5006C24411040861B
:1089B0005961001901002085247420A5C6C6E078FD
:1089C000E2C228452081404314DA1961BA0CEFF461
:1089D0006040008514E000A5C2C6E078E6C38224AA
:1089E00006306845608328465623030C2F0AE400AE
:1089F000004180C08A220600D60EEFE680C78A2496
:108A00000670A8204002008501178114D860C57146
:108A100020A800855620000C00A5C6C7E2C0084467
:108A200014701CD82AF22AE96091E1D84D0B810F0D
:108A300000002B667681B684410B4103A1940D0D95
:108A4000DE11390B340470BB80233E012D0B8400F2
:108A50004191290A410362944291210AC100639421
:108A60004391190AC10078845881110AC1005984C0
:108A70003981090981000C70C2C4E078E2C208455E
:108A800014701CD81AF220953109810F00002B6652
:108A90005E8578D9B20C6FEAA14014701DD80EF231
:108AA0001B8556850AB81072E1D808F738858022F0
:108AB0003E09090A44000C70C2C6E078E8C2CB4502
:108AC000120000402D0D811F120000402C70ED712E
:108AD000176900208E0FA000E05E00963508800F19
:108AE00000002B660169ED08B4802C71CD7012F086
:108AF0003825811F200000703825801F20000020AD
:108B000025780F087100CD70CB461200843FED70C0
:108B10006E0FEFFFC140C3081100C3411300C4A78B
:108B2000B249FE0EEFFFC140AF0811001E09000060
:108B30004E0FEFFF0845A308110001962D085E00B7
:108B40009708BE0016D816852C774128BC800AF2FB
:108B50005425801FA82080010410020406398100DA
:108B600017857708610013D87C150B10002340137C
:108B70005420810FA140AA0EEFFF6142ADE85425B9
:108B8000821F5423831FC1405E0DEFF7A1411040A7
:108B900000160070A000D85E2C707A0BEFF480DA1B
:108BA000D20FE000A14099E816EF368516861670C0
:108BB000C2212204386000208E0F12007C40022661
:108BC0000D70EDFF85BF06088FED1A652C70460B02
:108BD000EFF4C140C8C6520E6FEC2C71E2C22845BA
:108BE000208140438A22060019619E0AEFF460400A
:108BF00000855620000C00A5C2C6E078E2C1808343
:108C00008574290A2403A1C14A24007140C00C7054
:108C1000A820400280C2A0830C620471BA61247152
:108C200080AA0083047400A3C2C5E078C343130084
:108C30001875808380A0018300A10283E07F00A2D9
:108C4000B901AFF2C0D8E078C340130028B3E07E8A
:108C5000E2C04C702C718D7015F0218D34702C7029
:108C600011F4826B390CB31B4E233C0B0024011012
:108C7000A82080010111820483EA857110F04C71F3
:108C80002C7081439D6048430AE9208D4C713470FB
:108C90002C70FBF5816BC70CB29B4C716140C2C458
:108CA000E2C2A20AAFF208458C25839F0CF28C2504
:108CB000839E12F28C25C39E0CF28C25439E0FF4EA
:108CC0000C730BF0A60AEFE80C73A20AEFE80C7223
:108CD0000C7103F00C72960ACFE8C2C6E2C22845B6
:108CE000208140438A22060019619E09EFF460400A
:108CF00000855620000C00A5C2C6E078E2C0A08323
:108D0000816D110A2403B96100A90083047100A3D5
:108D1000C2C4E07842223C80E07C40214306A82087
:108D20000003071301000D090100208B87B920AB58
:108D300055230308E07EE0781470E07C398887B919
:108D400039A80080FCE8E07EE8C3A1C1C341A000CF
:108D50002C86008904E800190300925A8A20422CCC
:108D6000CB47F0004B00CB460000FC7F0C70C341AA
:108D70000000FFFF80C2A60C2FF76C7700C078E8D8
:108D8000AD705AD9001F0214AB21080E0EF00B096A
:108D9000500005E916F0605806E8C340A00024869C
:108DA0000080407800C00EF019086E03AF794A6960
:108DB000DF0A5583C4789B5A00C1D278247840C01A
:108DC000A571AD0D1594F2E8D2F1E078F1C0047709
:108DD0000F7804E9215803F01D58D1C0E07EE078F7
:108DE000F1C02F7B8CD86A780020800FA000254A24
:108DF0002F27BF006F233F006F263F0420880018F5
:108E0000C30F2F26BF008C21C38F07F2F026C0703E
:108E10001300849A8C58D1C0E07EE078E2C24D08FD
:108E2000D101C340F0005B00A0882088E078FD0DF0
:108E30004190C340A000B2412088350D4010A0A849
:108E40004E096FE6A140AE0D6FECA140CB45F0009E
:108E50004700CE0A6FE6008D0BE8008D001601700A
:108E6000A0002886407907F0BE0BCFF2C2C60C7076
:108E70000F58C340A000A04220882F27FF006F2377
:108E80003F00C342F000500200821020400000A2C8
:108E90002F26FF00C2C6E078E07F00A1408102A13A
:108EA0005470E07C2181007AE2C3A3C108B88FB876
:108EB00097B88845FFDCC34413002C574024053283
:108EC000CC7098B842C4BE082FF340C52E08EFF707
:108ED00082C1C2C7E2C3A3C108B897B88845FFDC06
:108EE000C34413002C5740240532CC7098B842C4B8
:108EF00092082FF340C50608EFF782C1C2C7E07899
:108F0000402008014C702C716C7017F0F420C100E7
:108F100034702C7011F4626C390BF3004E247C1009
:108F200014200113A82080010211020583EA647154
:108F300010F04C712C70684448430CE9F420010394
:108F40004C7134702C70FAF5616CC50BF2804C7169
:108F5000E07F6140E4C3A1C1A08128464C74B960A0
:108F60006E09EFE680C000C0246D20A6C4C7E0787B
:108F7000E6C3AAC168456083284628E32B0AE400BB
:108F8000004180C028DA4A09EFE680C74A24007A07
:108F9000A8200002008501178114D860C57120A89F
:108FA000008528E000A5C6C7E2C2C342A000AE4AC1
:108FB000FFD8CB44A000224AC341A0003A4BF5DDC4
:108FC000FBDB03AA03AC03A9A0AC60AA620A2FF3DF
:108FD00060A9C341A00004420019800F1300B056DD
:108FE000C2C6E078F1C000160270A000F886C34047
:108FF0001300DC55C3411300949A6C70C345A10063
:10900000CC1AC346A00038E81A09AFF88A248200B7
:10901000001E0070A0003086D1C0E07EE4C2C340D4
:10902000F0003E00208881B920A800168070F00072
:109030000C011B083E01AD70360B4FF8084529683E
:109040000C7097B81071CA250610820B4FED6A0B91
:109050006FED08460041A1420E0E2FF8C1400E09E7
:109060008FF60C70C4C6E078E4C3A2C1CB45A00063
:1090700094E60C71A20AEFF69C4D00160270A00057
:109080000087CB46A000108600A65425861AC34050
:109090001300346EC34113006F9A6C70C345A10076
:1090A000CC108208AFF88A24C20001A64A2600101C
:1090B000C34069724E5640C074D8041C04306A4ED6
:1090C00060C054D8CC78F0268273A0000487F026C4
:1090D0008573A00010875525811A00204600626E16
:1090E0004E26C411C340130044743A08AFF880C13F
:1090F00015258113C571BD0EF49000A1C4C7E07899
:10910000F2C27042504530430846CB47F00034006D
:1091100097D834700601210017AF2E708A240320DF
:1091200032401A200D25DD653215C11029093200A3
:10913000532100012108750625B9532142009E0ADA
:109140006FF3A141321581100C71C342F00060022F
:10915000387800A208858420030CA0E05600220085
:109160008D712E1580102F158210002C01102F27C5
:10917000FF006F233F00C340F0004002110A1000BF
:109180004580267A45A02F26FF0007F045804579C7
:1091900025A02F26FF002E158210587C86A02F2791
:1091A000FF006F233F0024801021810024A02F2680
:1091B000FF0006710C20C0A46A07C5FF6F26FF05DB
:1091C00098D8AD7017AF5AD90C70AB21080EAA1EF3
:1091D0000210AD1E0210AF1E02101A0A2FF3C1407A
:1091E0002508B40008430086520BEFFF071E43100A
:1091F000C140A241220BEFFF4242188E0A21C02239
:1092000016AF07F032168010F60FAFF1C4B8A57193
:10921000B70DE49455260E1C06F06F26FF0598D86E
:109220002E7017AF99D8350A302017AFCD70B76EB2
:10923000A275A1403E0B2FF33A1D05101708B4008C
:109240000042A140F60AEFFF071D4310188D504160
:1092500016AFC571DB0E84949AD85AD917AF2F2058
:109260004704AB21080ED2C6E2C228452081404304
:1092700028DA1961120CAFF46040008528E000A5DF
:10928000C2C6E078488123920B0844002492092149
:109290000100E07F2040E078F8C3A3C1584030458A
:1092A000920E6FF30845D3420000FFFF9308A0041D
:1092B00010416E70D3440000EFFF402417304A473E
:1092C00022F00385F0200E0407860D08F100C1404E
:1092D000520F4FF4150C64240A2680242240C14109
:1092E0002320400503421046C140EE08AFF4C241BE
:1092F0001427002400188405F0780A0D6FF3C2418A
:1093000008476671088D2F20C724BB0824A0F07E73
:109310001085870CA423E0B0478505EA80C1607AF8
:10932000A140698505EB80C2A140607BC141F60C7C
:109330006FF3A1401085219080B921B0D8C7088D66
:1093400011E8CD704A2700100385C048238040797A
:10935000288D80C0E571D478EF7EF10E64900018FE
:10936000C50F698510850018840406EB80C2A140F2
:10937000607B4241098D11E84A2600102485CF7890
:109380000049C3410000FFFF760F8FF3098DC571BF
:10939000CF79ED090480D8C7F1C08881628C0F0BAA
:1093A0009E016594647A170AC100C3420000FFFF62
:1093B0001908800087E8439408F0C3420000FFFFCB
:1093C00004F0C60ECFFF0042D1C0E07F5078E078B5
:1093D000E2C28881A1940F0D9E116594647A1B0AE4
:1093E000C100C3420000FFFF1D08800003E8130D09
:1093F0001F11449408F0C3420000FFFF04F08A0EDE
:10940000CFFF00425078C2C6F1C08881628C0F0B3A
:109410009E016594647A170AC100C3420000FFFFF1
:109420001908800087E8449408F0C3420000FFFF59
:1094300004F0560ECFFF0042D1C0E07F5078E078B4
:10944000E6C08480CD7041A4A88C16F0038C422025
:109450003C8011F246841A260310757A0A234000D4
:10946000A8204002E082041300040130C003041A63
:109470001000C571D90E4493C6C4E078E8C2A48038
:1094800010400095BF08850F0000F0FF99083000DC
:109490000240CA0900000C1508101C150910ED70D7
:1094A000E9433AF01640664808868090670C801FB2
:1094B0000000FFFF06440090052C0C100C70907902
:1094C0000700000004710F7A2F26C703250A8501C3
:1094D000F4218610F1098181017300AB2485638D2D
:1094E000858508864A7B557924A0757C83A013F076
:1094F0000173E0AB038D14218111448580B11F20DD
:10950000810165850886E57115228201357B44A0BD
:1095100063A06571021080202F23C702890B04808D
:10952000E8AD13F00210802042203C800DF244850B
:1095300065851641A820C00104110004088063A0BD
:1095400044A0081D03100C70C8C6E078EAC244802D
:1095500008460092D5083000AD70081288000C1241
:109560001100201210001C120900ED7044F0F420CC
:10957000C0230471001E0400F421C11310783D08BB
:109580004100238A284315E966821A27C112858281
:109590000A24C07248300700357B357CA820400281
:1095A00000830730C001041C1010041B5003048208
:1095B0002182001E44031DF03B0994002412800008
:1095C00033085100838A42243C900FF225821A27E7
:1095D000001366821579157BA820C0010083041949
:1095E0001000041B110004822182001E0500F57882
:1095F00020A0E5717B0F24921420C623241A420375
:109600000FF032214020F42000208AE80286204812
:109610002880228909091E00B2098FF3A571028EE4
:10962000AF79E309048013F0428E11EAAD7022860F
:10963000AF780049288022890B091E008E098FF31C
:10964000428EA571AF78EB088480CAC6048065801D
:1096500060A10480E07F00A2E4C2C4800845428883
:109660002C70038621A628AEAA08AFF4241E43104E
:10967000228D048652699E08AFF42C70228D038ED1
:109680000A79058652698E08AFF42C70228D038EFC
:109690000A79068652697E08AFF42C70228D0786FF
:1096A0003B7A7208AFF42C70228D08863B7A6608EC
:1096B000AFF42C70C4C6E078E4C2A48022880846C7
:1096C000048552694E08AFF42C70228E08853B7ACF
:1096D0004208AFF42C70228E038D0A7906855269F8
:1096E0003208AFF42C70C4C644802288041A0100EA
:1096F00005823B7A1D00AFF42C70E078F1C0218028
:109700000D09500086E9E60FCFFF04F0AE0FCFFF42
:10971000D1C0E07EEAC2A846E0868B8028452C9125
:109720000024C403704050411524C2131424C313F1
:1097300014240C113DA2FA1B5C04FA1C1C144C9559
:1097400025800422800F0000FEFF3860E0B02C70FE
:109750000A0F2FF4A1402885016F00A606194404C2
:1097600008190404CAC6E078E6C0998860822840D7
:10977000AD0B24038A217F1C2D70CB430000EFFF2B
:10978000ED704BF024805A270E15E3490176A8832B
:109790006C9320951B0B641060A67921030009EBE4
:1097A00048310100073643704847000007F0347025
:1097B000C3437F4700FFCA23410223951B0B64105C
:1097C00061A67921030009EB483101000736437097
:1097D0004847000008F034702C70C3437F4700FFF7
:1097E000CA23410024951D0B641062A67921030051
:1097F00008EB48310100073641704847000009F086
:1098000034706C70C3417F4700FFCA21C100659569
:1098100023A6E57168B6710F049380A22140C6C4E7
:10982000FAC2FC1CC8B6ADC1AD700A23C0310A2310
:1098300080210A2140310A250021704250473046DC
:1098400008478A20BC20041C013442C5F30A3000BA
:1098500040C5EF0D1020EB0914320A870A804C2016
:109860000080AE0121008A21FC204C2200A8A20128
:1098700025008A21FF26D10E30208E708E709240F6
:109880002FF001802C7083C3F02011044024043C8D
:10989000C24238110C202320000322400B0000009C
:1098A0008671AD70C5710CC0350E25104024043092
:1098B0000110833434110C202240A24123200003E4
:1098C000234200C370EB81C2E24042410A244005BA
:1098D000DA0AAFF30A254006084564E806710287F4
:1098E000CD7020889F0864A0402418332C7083C357
:1098F0004024043BE1404609EFF3C2421AF0011054
:109900008334E140A2414209EFF3234202C011E84F
:1099100000C381C2E24042410A2440058E0AAFF3EF
:109920000A2540069508310010418671AD70C57159
:109930000BC0CF0E249040240432B1413EF08A2166
:10994000BC2067F0CD7063C51AF0018023C3A0600E
:1099500023428D8023200003A24100C30EEB81C26D
:10996000E24042410A244005420AAFF30A2540067C
:1099700010408CE886710E70A574C571028720882E
:10998000CB0E6490402404306C7040240432E140DB
:10999000A241B608EFF3234202C37470CA21012426
:1099A0000CF281C2E24042410A244005FE09AFF3B5
:1099B0000A25400610418671330931202F2507857D
:1099C00015F201C081C2E24170B841C0E140A2433A
:1099D0000A2440060A268005960DAFF30A27C00622
:1099E00001C02E70001B00200EF02C70E24042429D
:1099F000220D6FF4001B01202F2607F58A20FF0699
:109A0000CA2101202C70A2400A0D6FF4234222408B
:109A1000ADC004141B34DAC6ECC2BE0EAFFE08475C
:109A2000018704E8960F0FF34E70CD7029F0018086
:109A30003240C54813F00385302040042880478019
:109A4000619154730423820F0000F9FF82BA41B17F
:109A500003F4D20F0FF426740671088DDB0804A0FE
:109A6000098D0EE82E7032400485960CEFFF3020F1
:109A70004004098D0671F50824A02674C57102877B
:109A80002088AF0E64902E70AD700AF003873020EE
:109A9000800404E86A0CCFFF4674A571188FF10D9D
:109AA0000490120CCFFECCC61509F0000A801B09E9
:109AB00091002418800F1300645CE07E2418800F4E
:109AC00013002C5CE07E2418800F13009C5CE07E69
:109AD000F0C3A6C10E700A210021704450433042E9
:109AE00008455470041C003406F256708A20BC20CD
:109AF00002F29670920221004C2100A28A02050017
:109B00000A858A20FC200A80047714717A022D00CD
:109B10002C70CB858240FE0B6FF42242402405322C
:109B20004024063440248733A140424162428243AC
:109B30004A092FF40A24400414704E0222001040F7
:109B400002C70E7030F04024C5334024C63540248F
:109B50000731424062418243060AEFF30A2440047F
:109B60001040AAE80F1481308C21838F07F401C2C2
:109B7000A1400E0DEFF3824109F04E0D2FF3028547
:109B80000FE86A8001C2607B82410E7002C02C70B7
:109B90002242E96882407E0B6FF442C704F08A20BB
:109BA000BC20F6F108EF1108112004C09B08E484E2
:109BB00084C20E702C860A866B864A8500304C0063
:109BC0000031C0004834C1124830C0022DA215082F
:109BD00031200EA20E14803009081501281A8100C8
:109BE0007016801042203C8013F26485C1428A21A5
:109BF000070D80220A0D3C66A820C0020413000451
:109C000002140115088023B00212010524B0188D3A
:109C10004E70ED70B1083000084343852C700D7113
:109C2000204A609082880028C31042243C90001C87
:109C3000C4300AF208100000A820800104100C04AF
:109C4000888465B42471DD09C482ED703CF0018024
:109C5000F02051002011022005EA80C1607A2240E4
:109C600017F008118020001C843442203C8011F23F
:109C70003E432C70A820400304130004088042884F
:109C80000D0A9F0105900579001C4430E078091108
:109C90008820330830102C7010110C200014033170
:109CA000204C0210820042223C800AF208100B0075
:109CB000A820800104130014088065B02471E50910
:109CC0000482E5710285EF794088870984808A27BC
:109CD0004E10A140A60B2000DF67208F1042CE0D52
:109CE000EFFFA140018F05E8A6082000A1408026D3
:109CF000CE10008E8D0830002E703FF0248506496E
:109D00008A20BE0A2C9638601B08740115DA2040A0
:109D100080203D00230875028A2245000B0A0F00AF
:109D20000BF0EF0A0E808A20840040C080C18E09AB
:109D30002FF4C1402C962309D504C340050040519F
:109D400017084E00C34020BC12AC40C080C16E0951
:109D50002FF4C1402C964221000E1D08750115D923
:109D600015092E0080C1C3401CC10AE840C04E093D
:109D70002FF4C1402671398D2F204704810844807B
:109D80001670CA2081240240D0C7E078EAC2588801
:109D90002B80AD70CD7023F06380C44B628C422366
:109DA0003C801CF208140B1014218C03521408116F
:109DB00048140F11A82080040413031468838393AC
:109DC00004ECE3B3081B0402CB440000FFFF0B0FBD
:109DD000011383B384B3E078C571C10EA4905421FC
:109DE0004C0A62804021080D0A26C0308302200000
:109DF0000013910004160030A748088F004511E8B1
:109E00000C170B100A2440714A230000A8204002BE
:109E1000041300140880019024B8C0B81B6309170C
:109E20009F106D700C70714000471CF0C487F026C5
:109E300009100211861042263C8013F2081104100A
:109E40000A21C011A820400304140E04C8860A1673
:109E500007110C21C091C520C2210A21C011047133
:109E6000CD08C487CE8134110900EF713C11040084
:109E7000002F87330F274E022F2008040F260611CC
:109E80000C208081002F46323DF442253C80F0F2C8
:109E90000C170410A820800DF024C0026F7E570E0E
:109EA000B51008800A101F01AC700A2000228947F3
:109EB0001DF004100E24002989130421CE9715F2F9
:109EC00006100901D076CC26C29109F41B091010A6
:109ED000C4900BEEC097C3B006F00F091010C490E9
:109EE00003EEC097C4B0E572A471CB0DA4802D71B0
:109EF00007F0C39005EEC49003EEC094C4B0657142
:109F0000B6F0002F0431052489016F086102422553
:109F10003C80AEF20C170910A820400B6F78550852
:109F2000B500AC70F021C0120A20002289470880D9
:109F30000A101F011BF004100424002F070104273E
:109F4000C48713F2170CA101061007011B0F1000A4
:109F5000C4900BEEC097C3B006F00F0F1000C49072
:109F600003EEC097C4B0E572A471CF0DA480EC716C
:109F70006571FD0000005F08A10342253C8078F276
:109F80000C170910A82080096F784708B5008C705D
:109F9000F021C0120947814508800A101F0116F000
:109FA00004170E14002E86030426C6870CF2190E21
:109FB000C101C39008EEC49006EE00150E0122BE4A
:109FC000C3B0C4B0A4728471D90CA480CC71657183
:109FD0004EF0052707016B08E10142253C8048F25D
:109FE0000C1707104A250000A820800A6F784F0838
:109FF000B5000A200022F027400189472D70088013
:10A000000A10060118F004101F24002BCB1704239C
:10A010008B9110F2110B2111C3900CEEC4900AEE3B
:10A02000C09707F006EEC49004EEC097C3B0C4B06A
:10A03000E5722571D309A4906D71A47118F03108EF
:10A04000210142253C8014F20C170E10A8200004B8
:10A05000041603146883E593130F0110E39307EFCD
:10A06000E49305EF56110F01E4B3E078A571327562
:10A070008405E5FF6C70CAC6ECC2181089002C106C
:10A0800006000E7008460A43AD701FF02386024991
:10A0900014260000481003010212880011F02282E9
:10A0A0000049088023900B09C5000FDD63B0C34150
:10A0B0000000FFFF090B410023B024B085719078A8
:10A0C000DF08048265712F20C802C50864828D7084
:10A0D000D3420000FFFF5CF00180424227480BF0B2
:10A0E00023870049088023901A0FEFF2507800422E
:10A0F0002671288F2F204804E9084480096A1078C7
:10A100004F08850F0000EFFF098F42203C803FF28F
:10A11000101708102D70507BA8208006F0204B12DD
:10A120008D700213861010F075410049088023904D
:10A1300009E91309C50024900FDD0B09E50043B0C0
:10A1400044B085719078E508848125711FF05078BE
:10A150003B088104098F42203C8019F2E4876C702F
:10A16000A8204005604F2288284310E982800C70A7
:10A170004A210000004C247148803078061AC50F2F
:10A18000F508E482081AC50F6471067102862F2152
:10A19000070440884509A4802E70A140CCC6E07811
:10A1A0000880852102018421430F0018C50F0A1879
:10A1B0000500E07F21B0E0786880C3400000F8FF30
:10A1C000276820B34193047A82BAE07F41B3E078F4
:10A1D0000F0834042C71C3410000FFFF02F018790E
:10A1E000E07F3078408148604471E07F40A1E078B2
:10A1F000ECC2CB45F000340093DA2C7094D857AD04
:10A20000001E4270A000B44117ADA35A34E8A45A0E
:10A2100095D80E096FF717AD96D817AD3458104280
:10A220003E5810412E5810402F58084702412242F4
:10A2300000434240A55A084603E8C14067589BD9ED
:10A240009CD837ADBA086FF717AD9DD89A0D6FFF40
:10A2500017AD9ED8160E6FFF17AD9FD8C20D6FFFBA
:10A2600017ADA0D8D4AD17AD424002412242E14320
:10A27000B25A06F0148D84E820D814ADA2D8C208D2
:10A280006FF717ADA3D817AD4058E078001681706E
:10A29000F0000601C340A000348601184300E07FAF
:10A2A00020A8E078C342A0003486218A00430C70C5
:10A2B0003470E07C408A7FD944790021C18010004D
:10A2C00024008C210280204082F67FD88422020064
:10A2D000057A001E8270F0000601E07F0C71E078C4
:10A2E000E07EE078EAC3AAC108450180E285C08526
:10A2F0008385003705103041003408100036CB1339
:10A300000037C613684700360413003007000233D5
:10A31000081200368913013440010236CB010130A6
:10A3200003000034011341C30233401201300E1206
:10A330000131000040C6AB0A700042C0210A300162
:10A3400083C15472ABF4446F4027031280C140278D
:10A350000513A140CA0A6FFCE144CAC7E60F6FEFBC
:10A36000A14043852285C185008505C403C3003112
:10A370008200003080030233010302308000224259
:10A380000131410002364170803F0000BE0CAFEE4B
:10A390000130000001C1084500A75221C00700316B
:10A3A000410002364170803F00002F3140000131F2
:10A3B000810F803F0000960CAFEE224204C203C121
:10A3C0000130030000C40231800061A701300100A8
:10A3D0005224C01702364170803F00005AF080C0FE
:10A3E000C6096FF487C107C0402410390330808F3D
:10A3F0007C3FAE5DD3F609C13208EFF20130400078
:10A4000001C102C26C70003040000332C080522093
:10A41000C007CAF67FD917B909F001C002C152209E
:10A42000C00705F0C34180BF0000220CAFEE2242FE
:10A430000846064108C0F60FAFF20130400002C1E5
:10A4400010400331808F80BF0000CCF60331808F35
:10A4500035BFF30446F7218500855221C10704F07A
:10A4600023850285E60BAFEE224200308D0F00C03F
:10A4700000000C700335009045F701358D1FC94071
:10A48000DB0F00C07FD9A0A7C1A70030002017B9FB
:10A49000BA0BAFEE224202A7A3A7CAC709038FECEB
:10A4A000E2C22845208140434C761961DA092FF435
:10A4B00060400085047600A5C2C6E078E6C3A2C16C
:10A4C00068456083284664762B0AE400004180C01A
:10A4D0004C76FE0B2FE680C74A248071A82000022C
:10A4E000008501178114D860C57120A80085047605
:10A4F00000A5C6C7E2C3084501808420030C1508E7
:10A500003104A1C10E8D001504101D789E5AC2C7DA
:10A51000FFD840C0C3441300E02240240530A140CE
:10A52000AB5AA140175800C0C2C7E078EAC208463B
:10A530004830000048473040C34113007456604221
:10A540000A21002168458358147712F29F250213CF
:10A55000C341A000CC49B96100258D1FA000254A48
:10A56000E5A110190004CAA100ADCAC6F0264073C7
:10A570001300789A090910208D58CAC68B58CAC68C
:10A58000004114700C70E07CAB11800014700C71F1
:10A59000E07DAC1181003470E07DE07F0C70E078EC
:10A5A000ECC3A1C1345810403E5808472E58084605
:10A5B0002F58084510D88D588A21822CFFD90C704D
:10A5C00010B980C2560C6FF66C7700C078E84A224A
:10A5D0000024001E4274F0004B0003F000C0112064
:10A5E00080843CF22F2087041D0810044B08B0041F
:10A5F00091E034F40240C141E142A1439A5A4C2017
:10A60000C0882CF400160070A00010862C704C77C7
:10A610005A0D2FF66C7078E80240C141E142A14327
:10A62000995A00160070A00010862C704C709A0E7B
:10A630002FF66C7012F02F27FF006F233F00C340EE
:10A64000A000744926804780181801001C180100DA
:10A650002F26FF00FFD8455846714C22C0A4800722
:10A66000CEFFAEF17FD9CB44733F3186C343853FE4
:10A67000C203C342803F50B517B942A023A080A0B7
:10A6800061A010E02C708D002FF41ADA001E027009
:10A69000A000E885E07EE078C3431300187500A3AE
:10A6A00021A3E07F42A3E078F1C02C7100290000D3
:10A6B000B45AD1C0E07EE078F1C02C7100290000CE
:10A6C000B55AD1C0E07EE078F1C02C7100290000BD
:10A6D0008E58D1C0E07EE0782F27FF006F233F0027
:10A6E000C342A000A86D2082257800A22F26FF007B
:10A6F000C340F000400100180102E07EE4C3A1C1A4
:10A7000008452F277F006F233F00AA209002AB202F
:10A71000D002CB46A000A86DAA2088010F78147340
:10A720000CF70086A57800A62F267F00C340F00016
:10A73000400100180102C4C72F267F00D2094FF63E
:10A740003D0870002F214883001C013005F2C340F2
:10A75000A000308609F00425819FFF00000011F25F
:10A76000C340A000148600804C716C70EE086FF638
:10A770004024043000C004E8DA098FF7C4C7042578
:10A78000819F000F000004F20286F0E86C25C1965C
:10A79000F2F30186EAE8F0F1E2C276096FF60845C5
:10A7A0002D0870002F21488305F2C340A000308699
:10A7B00009F00425819FFF0000000BF2C340A000B8
:10A7C000148600804C7112086FF66C70C2C60425A6
:10A7D000819F000F0000C342A000A86D03F2028217
:10A7E000F2E86C25C196F4F30182EEE8F0F1E0782E
:10A7F000F1C062B83908F500A1C10F78F0260070E9
:10A80000A00094E607E92C714C73CE0F2FF66C7004
:10A810000EF02C714C736C70402404303E086FF6BF
:10A82000001C013000C004E82A098FF78774D1C0EA
:10A83000E07EE078F1C09F2002030020810FA0009D
:10A84000254A008905E80D780019C30F8558D1C045
:10A85000E07EE078E4C2084612580845A4160011CC
:10A86000B570CA256110B1700C700AF2568605EAFF
:10A87000B078607AC1410C71A41E4413C4C6E0785C
:10A88000EAC28CDB0A7B0845C340A000244A1F6350
:10A89000008F2846504035E9B2E8C340A00064412B
:10A8A000218FB6784180E0808C21C38FCB44A000FB
:10A8B000CC4906F278640A80450E0510166E412ECA
:10A8C0008B16002711900122CF828C21C38F10F2AA
:10A8D0007864258044803B2740103D2182203077DA
:10A8E000CA2081008CE8520FEFFFA140C1402241F5
:10A8F000E142A1433A0CEFFF0A240004CAC692E8E1
:10A90000360FEFFFA140A1409F200203C342A000E9
:10A91000CC492C705860001F431025A024A02AA009
:10A92000F02640731300789A090810208D58CAC683
:10A930008B58CAC6E2C25988C1BA547217F22F277F
:10A940007F036F233F005080043240800DF24C7033
:10A9500004318080C5F730A00E18430003F01318AF
:10A96000430010D88D582F267F03C2C6E2C25988F3
:10A97000C1BA547211F22F277F036F233F004C108E
:10A980000201130A40004C1844000F18430010D86D
:10A990008D582F267F03C2C6E6C3A4C10845198877
:10A9A0002846C1B8147227F24024C13383C2402420
:10A9B00083324024043040240531A140395800C17D
:10A9C000C1404C7004318083CA204500043180802E
:10A9D000CA2609102F27FF036F233F00108504307C
:10A9E000808307F210D8D0A50E1D43108D582F2656
:10A9F000FF03C6C7CB44130060B480849570E02089
:10AA00000203E07ECB4413005CB480849570E07C4C
:10AA1000007CE078E8C236098FF7CB45130028B4F4
:10AA20002A8510403209AFF709694D0874020846BB
:10AA300008852609AFF704778A0BAFEC0847390F72
:10AA40007512216F5526831F2F794020C2206F7EFB
:10AA5000082040004F7AD960250A64002C710F78D5
:10AA6000860BAFECC1413A0CAFECC1404E0C60011B
:10AA70000085C8C62FD8B20F6FEB2C71AA0F6FEBF1
:10AA80002DD8E078C340130024B4FD036FF4008098
:10AA9000EAC2CB4513002CB400852185E485C58529
:10AAA000027926B91E21810FAAAAABAA0815111096
:10AAB0000C1510104A0C6FF42F790285F24E02200B
:10AAC000412427B927BA2F79960C6FF44F7ACAC65A
:10AAD000E4C2CB45130044B4F208AFECC0856385F3
:10AAE000428500416477C140A65AC4C6001603706F
:10AAF000A000FC860018800FA00094870019800F2A
:10AB0000A100CC08E07F60A2F1C05AD8AB20080EAB
:10AB1000985AD1C0E07EE078E07EE078E2C2284535
:10AB20002081404310DA19615E0BEFF3604000852D
:10AB300010E000A5C2C6E078E6C3A4C16845608302
:10AB4000284610E32B0AE400004180C010DA820D91
:10AB5000EFE580C74A240074A82000020085011791
:10AB60008114D860C57120A8008510E000A5C6C773
:10AB7000E2C208450090D37000002B661CD817F481
:10AB80005E8578D9C20B6FE9A14014701DD80FF211
:10AB90004A2400710C704C70A82040024F79152592
:10ABA00041104B11010604E94471C2C61ED8C2C649
:10ABB000E4C3A1C10F7D110DB5110C7348258010A0
:10ABC0008020830FD368C340A000744984261F1ED1
:10ABD0001E662C770C7080C2420E2FF6204300C0F8
:10ABE00079E89E7841862086041E0110001E01101F
:10ABF000BE78A1404558EFF1E2C3084501808420AA
:10AC0000030C15083104A1C10E8D001504101D7828
:10AC1000A25AC2C7FFD840C0C3441300E022402458
:10AC20000530A140B65AA140175800C0C2C7E0780D
:10AC3000E2C228452081404318DA19614A0AEFF33D
:10AC40006040008518E000A5C2C6E078E6C3A6C152
:10AC500068456083284618E32B0AE400004180C061
:10AC600018DA6E0CEFE580C74A240076A8200002AF
:10AC7000008501178114D860C57120A8008518E0EF
:10AC800000A5C6C700000000000000000000000092
:10AC900000000000000000000000000000000000B4
:10ACA00000000000000000000000000000000000A4
:10ACB0000000000020000000010000000200000071
:10ACC0001F000000BD3786350000000000000000B6
:10ACD0000000000000000000BD37863500000000C5
:10ACE000000000000000000000000000BD378635B5
:10ACF0000000000000000000000000000000000054
:10AD00000000000017B7D13800000000000000006C
:10AD1000000000000000000017B7D138000000005C
:10AD200000000000000000000000000017B7D1384C
:10AD30000000000000000000000000000000000013
:10AD400000000000AA413200ACC5A736ACC5A7364A
:10AD5000ACC5A73600000000ACC52737ACC5273707
:10AD6000ACC5273700000000000000000001000013
:10AD700000000001D3023738A9681237A96892365B
:10AD800035FA8E3788C3643688C3E435DB0F494013
:10AD9000F366DF3EC2B8B23D35FA0E3C88C3E43AF2
:10ADA00088C3643A02000000290000002C00000063
:10ADB0002D0000000100000002000000290000003A
:10ADC0002C0000002D000000F3665F3FF366DF3EBD
:10ADD0005077563E01000000020000000300000012
:10ADE0002100000001000000020000001F00000020
:10ADF0000000000106060604040400000100000033
:10AE00000100000001000000000800000000000038
:10AE1000000000000000803F9A99193E9A99993DE0
:10AE20000AD7A33C0AD7A33C0AD7A33CBD37863533
:10AE3000BD378635BD3786350024F4490024F449F2
:10AE40000024F449000000000000000000000000A1
:10AE50002200000001000000020000001F000000AE
:10AE600000080000000000000000000020000000BA
:10AE70001F000000210000001F0000002200000051
:10AE80001F000000500000005200000054000000AD
:10AE90000A000000B60000001C000000B80000001E
:10AEA0002E000000BA0000005C0000005E00000000
:10AEB00060000000620000008600000088000000C2
:10AEC00064000000BC000000660000006800000094
:10AED0006A0000006C0000006E00000070000000BE
:10AEE0007E00000080000000760000007800000076
:10AEF0007A0000007C000000720000007400000076
:10AF00009600000098000000E4000000E600000049
:10AF1000F6000000F80000009A0000009C0000000D
:10AF20008A0000008C0000008E0000009E000000DF
:10AF30008200000084000000A0000000A2000000C9
:10AF4000A4000000A60000000100000017B751395E
:10AF50006F12033B5305A33CB6F33D3E3FFF7FFF1B
:10AF6000000000000000BACA00000000020100005A
:10AF700012AC20BC0AE81CC18CE05A3C8CE0DA3CE4
:10AF80008CE05A3C0000803FF8DFD2BFF96D333FC0
:10AF90006B00100000000000849813007CD21100A8
:10AFA0000478A0007700040001000000E49713007B
:10AFB000E05D13000883A000790004000100000098
:10AFC000F4971300E05D13003083A00069000400D3
:10AFD00000000000049813007CD211000C76A00041
:10AFE000750004000100000014981300E05D1300D8
:10AFF0005883A000BD020400000000002498130044
:10B000007CD211006076A000C102040000000000A4
:10B01000449813007CD211007C76A000C302040087
:10B0200000000000549813007CD211009876A00014
:10B0300015000000B46DA000040100003498130056
:10B0400080951300E46DA00040361300000000005E
:10B05000000000004C661100346611000466110007
:10B06000406611001C661100106611002866110070
:10B07000786FA000149FA00018000000B46DA0001D
:10B08000040100006498130088951300E46DA0008B
:10B090009C3713000000000000000000A8381300D7
:10B0A0009838130068381300A03813008038130054
:10B0B0007838130090381300886FA000E8A3A00030
:10B0C0002A000000B46DA0000403000044951300A2
:10B0D00000971300E46DA000BC391300B83B1300C7
:10B0E000443B1300043D1300A83B13001C3B13001A
:10B0F000B03B1300343B13002C3B1300A03B130068
:10B10000A06FA000A897A0000100030000000000AD
:10B11000DC9613007CD211004875A00003000300E8
:10B1200000000000E89613007CD21100B875A00062
:10B130006501030000000000F49613007CD21100AA
:10B140004476A00023030300000000000C971300C6
:10B150007CD21100D076A00025030300000000007F
:10B16000189713007CD21100EC76A000290303008D
:10B1700000000000249713007CD211000877A00083
:10B180000500030000000000489713007CD2110066
:10B190009477A0007B00030001000000609713007B
:10B1A000E05D13008083A0006D000300000000003C
:10B1B000789713007CD211003C78A0007D0003003A
:10B1C0000100000090971300E05D1300A883A00029
:10B1D0008100030001000000B4971300E05D13003C
:10B1E000D083A0004101030000000000CC971300B1
:10B1F0007CD211000079A00039010300000000009A
:10B20000D89713007CD211003879A0000C00000000
:10B21000B46DA0000301000030971300989513004F
:10B22000EC6DA0000C3D13000000000000000000C9
:10B23000943E1300843E1300543E13008C3E1300D2
:10B240006C3E1300643E13007C3E1300A86FA00008
:10B25000209EA00006000000B46DA00003030000C3
:10B260006C97130054971300E46DA000F84013008E
:10B27000EC411300D0411300F0411300DC411300F6
:10B28000A8411300E4411300C0411300B84113006A
:10B29000D4411300F86FA0000899A0000700000037
:10B2A000B46DA000030300009C9713008497130063
:10B2B000E46DA000F8411300F8421300DC421300D3
:10B2C000FC421300E8421300B4421300F0421300A2
:10B2D000CC421300C4421300E04213000470A000EB
:10B2E0005499A00009000000B46DA0000303000001
:10B2F000C0971300A8971300E46DA0000443130047
:10B30000F0431300D4431300F4431300E04313004D
:10B31000AC431300E8431300C4431300BC431300C1
:10B32000D84313001070A000A099A000CB00020029
:10B3300000000000049613007CD211002C75A000C0
:10B340002D010200000000000C9613007CD21100B9
:10B350006475A00055010200000000001C96130057
:10B360007CD211009C75A000650002000000000066
:10B37000349613007CD21100D475A000670002003F
:10B3800000000000449613007CD21100F075A0006C
:10B390004F01020000000000649613007CD21100EF
:10B3A000B476A00063010200000000006C96130058
:10B3B0007CD211004077A000510102000000000083
:10B3C0008C9613007CD21100E877A000890002005F
:10B3D00000000000949613007CD211002078A00099
:10B3E00087000200000000009C9613007CD2110030
:10B3F0005878A0007100020000000000A49613001D
:10B400007CD211007478A0008500020000000000CA
:10B41000AC9613007CD211009078A0004B01020082
:10B4200000000000B49613007CD21100AC78A0009C
:10B430005D01020000000000BC9613007CD21100E8
:10B44000C878A0004D01020000000000C49613005F
:10B450007CD211001C79A0005B01020000000000FA
:10B46000D49613007CD211008C79A0002200000039
:10B47000B46DA0000201000024961300649513002F
:10B48000E46DA000F4621100000000000000000064
:10B490009863110080631100506311008C631100E8
:10B4A000686311005C63110074631100306FA000C9
:10B4B00044A0A00017000000B46DA000020100002D
:10B4C0005C96130084951300E46DA0001C371300F4
:10B4D0000000000000000000E0661100C8661100D6
:10B4E00098661100D4661100B0661100A4661100C0
:10B4F000BC661100806FA0009C9BA0000D000000A6
:10B50000B46DA000020200007C9613007496130034
:10B51000EC6DA000F06D11000000000000000000C4
:10B52000386F1100206F1100F06E11002C6F1100A8
:10B53000086F1100FC6E1100146F1100CC6FA00099
:10B540008CA6A0000E000000B46DA0000201000057
:10B5500084961300AC951300EC6DA0007C3F1300A3
:10B560000000000000000000C4401300B4401300BD
:10B5700084401300BC4013009C401300944013000F
:10B58000AC401300D06FA0004CA9A000290000001F
:10B59000B46DA00002010000CC961300F4951300D6
:10B5A000E46DA000FC771100504613004C461300D8
:10B5B00078791100EC78110094781100F878110076
:10B5C000AC781100A0781100E07811006870A0003C
:10B5D0004098A000C9000100000000005C95130025
:10B5E0007CD211008075A00047010100000000001E
:10B5F000749513007CD211002876A000D3000100BE
:10B6000000000000949513007CD211002477A00064
:10B61000DF00010000000000A49513007CD211009F
:10B620005C77A000E700010000000000A89513006F
:10B630007CD211007877A0003101010000000000E9
:10B64000B09513007CD21100B077A000DD0001009E
:10B6500000000000BC9513007CD21100CC77A00044
:10B660004301010000000000D89513007CD21100B6
:10B67000E478A0002703010000000000F09513000B
:10B680007CD211005479A0004501010000000000A7
:10B69000F89513007CD211007079A0000C91130072
:10B6A000FC7B13003CEC110054EC110050EB11003A
:10B6B000BCEB1100CC00000003000000F883A000E8
:10B6C00000000000287A1300B8EC1100C4EC11004F
:10B6D000000000000000000008000000060000005C
:10B6E000A879A000C490130024781300B8EC1100CE
:10B6F000C4EC1100A0EC1100B4EC1100E800000053
:10B70000050000005C72A00000000000607C1300D7
:10B71000B8EC1100C4EC11000000000000000000B3
:10B720000A00000006000000C879A0000000000028
:10B730009C791300B8EC1100C4EC1100000000006B
:10B74000000000000200000006000000E879A000F0
:10B750000000000038781300B8EC1100C4EC1100B0
:10B7600000000000000000000600000006000000CD
:10B77000087AA000007D130024781300B8EC1100B3
:10B78000C4EC1100A0EC1100B4EC110002010000A7
:10B79000050000007072A00000000000E87B1300AC
:10B7A000B8EC1100C4EC1100000000000000000023
:10B7B0007E00000006000000287AA000007D130033
:10B7C0008C7A1300B8EC1100C4EC1100A0EC11004D
:10B7D000B4EC1100CE010000050000008472A0004E
:10B7E00000000000507A1300B8EC1100C4EC110006
:10B7F00000000000000000001A0000000600000029
:10B80000487AA00000000000747C1300B8EC11001E
:10B81000C4EC110000000000000000001C0000004B
:10B8200006000000687AA00000000000B079130054
:10B83000B8EC1100C4EC1100000000000000000092
:10B840001400000006000000887AA000000000003C
:10B850004C781300B8EC1100C4EC1100000000009B
:10B86000000000001800000006000000A87AA000F8
:10B87000549113009C791300B8EC1100C4EC110032
:10B88000A0EC1100B4EC1100AC00000005000000B9
:10B890009872A0009C911300B0791300B8EC1100CD
:10B8A000C4EC1100A0EC1100B4EC1100AE000000DB
:10B8B00005000000AC72A000E4911300147A13009C
:10B8C000B8EC1100C4EC1100A0EC1100B4EC1100B4
:10B8D000B000000005000000C072A00000000000E1
:10B8E000287A1300B8EC1100C4EC1100000000002D
:10B8F000000000001000000006000000C87AA00050
:10B90000000000009C791300B8EC1100C4EC110099
:10B91000000000000000000004000000060000001D
:10B92000E87AA0000000000038781300B8EC11009D
:10B93000C4EC110000000000000000001200000034
:10B9400006000000087BA00000000000E87B130058
:10B95000B8EC1100C4EC1100000000000000000071
:10B960008000000006000000287BA000000000000E
:10B97000507A1300B8EC1100C4EC11000000000074
:10B98000000000002200000006000000487BA0002C
:10B9900000000000B0791300B8EC1100C4EC1100F5
:10B9A000000000000000000016000000060000007B
:10B9B000687BA000000000004C781300B8EC110078
:10B9C000C4EC110000000000000000002400000092
:10B9D00006000000887BA00000000000C47913006E
:10B9E000B8EC1100C4EC11000000000000000000E1
:10B9F0008E00000006000000A87BA00000000000F0
:10BA00009C781300B8EC1100C4EC11000000000099
:10BA1000000000004E00000006000000C87BA000EF
:10BA20000000000088781300B8EC1100C4EC11008D
:10BA300000000000000000005400000006000000AC
:10BA4000E87BA00000000000247C1300B8EC11008B
:10BA5000C4EC1100000000000000000078000000AD
:10BA600006000000087CA00000000000D879130048
:10BA7000B8EC1100C4EC1100000000000000000050
:10BA80003C00000006000000287CA0000000000030
:10BA9000387C1300B8EC1100C4EC11000000000069
:10BAA000000000009C00000006000000487CA00090
:10BAB00000000000EC791300B8EC1100C4EC110098
:10BAC000000000000000000042000000060000002E
:10BAD000687CA00000000000647A1300B8EC11003C
:10BAE000C4EC110000000000000000003400000061
:10BAF00006000000887CA00000000000147A1300FB
:10BB0000B8EC1100C4EC11000000000000000000BF
:10BB10002800000006000000A87CA0000000000033
:10BB200074781300B8EC1100C4EC110000000000A0
:10BB3000000000003600000006000000C87CA000E5
:10BB400000000000007A1300B8EC1100C4EC1100F2
:10BB500000000000000000005A0000000600000085
:10BB6000E87CA000000000004C7C1300B8EC110041
:10BB7000C4EC110000000000000000007C00000088
:10BB800006000000087DA00000000000B07813004F
:10BB9000B8EC1100C4EC110000000000000000002F
:10BBA0004800000006000000287DA0000000000002
:10BBB000B07C1300B8EC1100C4EC110000000000D0
:10BBC000000000007000000006000000487DA0009A
:10BBD00000000000C47C1300B8EC1100C4EC11009C
:10BBE00000000000000000009800000006000000B7
:10BBF000687DA000000000007C7E1300B8EC1100FE
:10BC0000C4EC110000000000000000006C00000007
:10BC100006000000887DA00000000000787A130074
:10BC2000B8EC1100C4EC110000000000000000009E
:10BC30006600000006000000A87DA00000000000D3
:10BC4000D87C1300B8EC1100C4EC11000000000017
:10BC5000000000007400000006000000C87DA00085
:10BC6000000000008C7A1300B8EC1100C4EC110045
:10BC7000000000000000000062000000060000005C
:10BC8000E87DA00000000000EC7C1300B8EC11007F
:10BC9000C4EC11000000000000000000880000005B
:10BCA00006000000087EA0002C92130024781300E8
:10BCB000B8EC1100C4EC1100A0EC1100B4EC1100C0
:10BCC0001601000005000000D472A0000000000072
:10BCD000C4791300B8EC1100C4EC1100000000009E
:10BCE000000000008A00000006000000287EA0007E
:10BCF000C478130024781300B8EC1100C4EC1100D0
:10BD0000A0EC1100B4EC1100EE00000005000000F2
:10BD1000E872A000C4781300C07B1300B8EC1100D7
:10BD2000C4EC1100A0EC1100B4EC1100BC01000047
:10BD3000050000000C6EA000C4781300A47E130060
:10BD4000B8EC1100C4EC1100A0EC1100B4EC11002F
:10BD5000C201000005000000206EA000C47813009E
:10BD6000887C1300B8EC1100C4EC1100A0EC1100A9
:10BD7000B4EC11003401000005000000FC72A000CA
:10BD8000487D130024781300B8EC1100C4EC1100B6
:10BD9000A0EC1100B4EC1100F00000000500000060
:10BDA0001073A000487D13003C7A1300B8EC11001A
:10BDB000C4EC1100A0EC1100B4EC11001A01000059
:10BDC000050000002473A0000C79130024781300F0
:10BDD000B8EC1100C4EC1100A0EC1100B4EC11009F
:10BDE000F2000000050000003873A0000C79130079
:10BDF000D47B1300B8EC1100C4EC1100A0EC1100CE
:10BE0000B4EC11009A01000005000000346EA0009F
:10BE10000C7913003C7A1300B8EC1100C4EC11004B
:10BE2000A0EC1100B4EC11001C01000005000000A2
:10BE30004C73A0000C791300887C1300B8EC11003F
:10BE4000C4EC1100A0EC1100B4EC110032010000B0
:10BE5000050000006073A000000000009C78130043
:10BE6000B8EC1100C4EC110000000000000000005C
:10BE70004A00000006000000487EA000000000000C
:10BE800088781300B8EC1100C4EC11000000000029
:10BE9000000000005000000006000000687EA000C6
:10BEA0007492130024781300B8EC1100C4EC110054
:10BEB000A0EC1100B4EC1100060100000500000028
:10BEC0007473A00000000000247C1300B8EC110083
:10BED000C4EC11000000000000000000760000002B
:10BEE00006000000887EA000547913002478130017
:10BEF000B8EC1100C4EC1100A0EC1100B4EC11007E
:10BF0000F400000005000000486EA0005479130002
:10BF100088781300B8EC1100C4EC1100A0EC1100FB
:10BF2000B4EC110054010000050000008873A0006B
:10BF3000547913009C781300B8EC1100C4EC110084
:10BF4000A0EC1100B4EC11005A0100000500000043
:10BF50009C73A00054791300B0781300B8EC110062
:10BF6000C4EC1100A0EC1100B4EC11005801000069
:10BF700005000000B073A000A07A1300D47B13006A
:10BF80003CEC110054EC110050EB1100BCEB110023
:10BF900096010000030000003084A000A07A130086
:10BFA000CC7E13003CEC110054EC110050EB11005E
:10BFB000BCEB1100B0010000030000006884A00089
:10BFC000A07A1300107C13003CEC110054EC11001B
:10BFD00050EB1100BCEB1100D0000000030000008A
:10BFE000A084A000BC92130024781300B8EC1100C8
:10BFF000C4EC1100A0EC1100B4EC1100140100001D
:10C0000005000000C473A00000000000387C13008D
:10C01000B8EC1100C4EC11000000000000000000AA
:10C020009A00000006000000A87EA000907D13008A
:10C03000C07B13003CEC110054EC110050EB1100DC
:10C04000BCEB1100BA01000003000000D884A0007E
:10C05000D87D13003C7A13003CEC110054EC110025
:10C0600050EB1100BCEB11001E01000003000000AA
:10C070001085A000907D1300607813003CEC110047
:10C0800054EC110050EB1100BCEB1100D600000085
:10C09000030000004885A000D87D130060781300DD
:10C0A0003CEC110054EC110050EB1100BCEB110002
:10C0B000D8000000030000008085A0000000000000
:10C0C0009C7C1300B8EC1100C4EC110000000000CF
:10C0D000000000002E00000006000000C87EA00046
:10C0E00000000000647A1300B8EC1100C4EC1100E9
:10C0F00000000000000000002C000000060000000E
:10C10000E87EA0000493130060781300B8EC1100DF
:10C11000C4EC1100A0EC1100B4EC1100DA00000036
:10C1200005000000D873A00000000000147A13007E
:10C13000B8EC1100C4EC1100000000000000000089
:10C140002600000006000000087FA000000000009C
:10C1500074781300B8EC1100C4EC1100000000006A
:10C16000000000002A00000006000000287FA00058
:10C1700000000000D8791300B8EC1100C4EC1100E5
:10C180000000000000000000380000000600000071
:10C19000487FA00000000000EC791300B8EC11000B
:10C1A000C4EC110000000000000000003E00000090
:10C1B00006000000687FA00000000000007A130065
:10C1C000B8EC1100C4EC11000000000000000000F9
:10C1D0005600000006000000887FA000000000005C
:10C1E000B0781300B8EC1100C4EC1100000000009E
:10C1F000000000004400000006000000A87FA0002E
:10C2000000000000F47E1300B8EC1100C4EC110033
:10C2100000000000000000006800000006000000B0
:10C22000C87FA0004C93130024781300B8EC1100D1
:10C23000C4EC1100A0EC1100B4EC110008010000E6
:10C2400005000000EC73A000000000004C7C13000F
:10C25000B8EC1100C4EC1100000000000000000068
:10C260007A00000006000000E87FA000E87A1300D2
:10C27000687E1300B8EC1100C4EC1100A0EC1100B2
:10C28000B4EC110038010000050000000074A000AB
:10C29000E87A130038781300B8EC1100C4EC1100F0
:10C2A000A0EC1100B4EC1100DC000000050000005F
:10C2B0001474A000E87A1300FC7B1300B8EC1100A2
:10C2C000C4EC1100A0EC1100B4EC1100CA00000095
:10C2D000050000002874A000307B1300907E13003E
:10C2E000B8EC1100C4EC1100A0EC1100B4EC11008A
:10C2F0003A010000050000003C74A000307B1300F0
:10C300004C781300B8EC1100C4EC1100A0EC110043
:10C31000B4EC1100DE000000050000005074A00025
:10C32000307B1300107C1300B8EC1100C4EC11003A
:10C33000A0EC1100B4EC1100CE00000005000000DC
:10C340006474A000787B1300087F1300B8EC110020
:10C35000C4EC1100A0EC1100B4EC11003E0100008F
:10C36000050000007874A000787B13007478130037
:10C37000B8EC1100C4EC1100A0EC1100B4EC1100F9
:10C38000E2000000050000008C74A000787B130020
:10C3900060781300B8EC1100C4EC1100A0EC11009F
:10C3A000B4EC1100D400000005000000A074A0004F
:10C3B0009493130024781300B8EC1100C4EC11001E
:10C3C000A0EC1100B4EC1100FC000000050000001E
:10C3D000B474A00000000000B07C1300B8EC1100A1
:10C3E000C4EC110000000000000000006E0000001E
:10C3F000060000000880A000DC93130024781300DE
:10C40000B8EC1100C4EC1100A0EC1100B4EC110068
:10C410000E01000005000000C874A000000000002C
:10C42000C47C1300B8EC1100C4EC11000000000043
:10C430000000000096000000060000002880A00018
:10C440002494130024781300B8EC1100C4EC1100FC
:10C45000A0EC1100B4EC1100FE000000050000008B
:10C46000DC74A00000000000787A1300B8EC110022
:10C47000C4EC110000000000000000006400000097
:10C48000060000004880A0006C941300247813007C
:10C49000B8EC1100C4EC1100A0EC1100B4EC1100D8
:10C4A0000401000005000000F074A000000000007E
:10C4B000D87C1300B8EC1100C4EC1100000000009F
:10C4C0000000000072000000060000006880A0006C
:10C4D000B494130024781300B8EC1100C4EC1100DC
:10C4E000A0EC1100B4EC11000001000005000000F8
:10C4F0000475A000000000008C7A1300B8EC110055
:10C50000C4EC11000000000000000000600000000A
:10C51000060000008880A000207E1300E07E13004B
:10C52000B8EC1100C4EC1100A0EC1100B4EC110047
:10C5300040010000050000005C6EA000207E13009A
:10C54000B87E1300B8EC1100C4EC1100A0EC11008F
:10C55000B4EC11004201000005000000706EA00064
:10C5600000000000287A1300B8EC1100C4EC1100A0
:10C5700000000000000000000C00000006000000A9
:10C58000A880A00000000000607C1300B8EC11003F
:10C59000C4EC11000000000000000000B600000024
:10C5A00006000000C880A0000000000038781300DA
:10C5B000B8EC1100C4EC1100000000000000000005
:10C5C0000E00000006000000E880A000000000004F
:10C5D000507A1300B8EC1100C4EC11000000000008
:10C5E000000000001E000000060000000881A000FE
:10C5F00000000000747C1300B8EC1100C4EC1100C2
:10C600000000000000000000B8000000060000006C
:10C610002881A000000000004C781300B8EC110045
:10C62000C4EC110000000000000000002000000029
:10C63000060000004881A00000000000C47913003B
:10C64000B8EC1100C4EC1100000000000000000074
:10C650008C000000060000006881A00000000000BF
:10C660009C781300B8EC1100C4EC1100000000002D
:10C67000000000004C000000060000008881A000BF
:10C680000000000088781300B8EC1100C4EC110021
:10C690000000000000000000520000000600000042
:10C6A000A881A00000000000D8791300B8EC1100A8
:10C6B000C4EC110000000000000000003A0000007F
:10C6C00006000000C881A00000000000EC79130003
:10C6D000B8EC1100C4EC11000000000000000000E4
:10C6E0004000000006000000E881A00000000000FB
:10C6F0009C7C1300B8EC1100C4EC11000000000099
:10C7000000000000BA000000060000000882A0003F
:10C7100000000000647A1300B8EC1100C4EC1100B2
:10C7200000000000000000003000000006000000D3
:10C730002882A0000000000074781300B8EC1100FB
:10C74000C4EC1100000000000000000032000000F6
:10C75000060000004882A00000000000007A1300DC
:10C76000B8EC1100C4EC1100000000000000000053
:10C7700058000000060000006882A00000000000D1
:10C78000B0781300B8EC1100C4EC110000000000F8
:10C790000000000046000000060000008882A000A3
:10C7A000000000001C7F1300B8EC1100C4EC110065
:10C7B00000000000000000006A0000000600000009
:10C7C000A882A00000000000787A1300B8EC1100E5
:10C7D000C4EC11000000000000000000BC000000DC
:10C7E00006000000C882A000FC9413002478130007
:10C7F000B8EC1100C4EC1100A0EC1100B4EC110075
:10C800000C010000050000001875A00000000000E9
:10C81000EC7C1300B8EC1100C4EC11000000000027
:10C82000000000008600000006000000E882A00072
:10C8300010000000B46DA000010100005895130025
:10C8400054951300E46DA000806111000000000009
:10C8500000000000FC611100E4611100B4611100EE
:10C86000F0611100CC611100C0611100D8611100AC
:10C87000186FA000749CA0000B000000B46DA00015
:10C88000010200006095130014961300EC6DA000E7
:10C89000D82613000000000000000000BC27130091
:10C8A000AC2713007C271300B42713009427130030
:10C8B0008C271300A4271300286FA000B8A1A000A4
:10C8C00001000000B46DA000010200006895130093
:10C8D0003C961300E46DA000BC6311000000000052
:10C8E00000000000446411002C641100FC6311007E
:10C8F00038641100146411000864110020641100F0
:10C90000406FA000EC99A00002000000B46DA000F0
:10C91000010200006C9513004C961300E46DA0001A
:10C92000506411000000000000000000D8641100F5
:10C93000C064110090641100CC641100A86411005F
:10C940009C641100B4641100506FA000409AA000D4
:10C9500003000000B46DA0000102000070951300F8
:10C9600054961300E46DA000E46411000000000080
:10C97000000000006C651100546511002465110071
:10C98000606511003C6511003065110048651100BB
:10C99000606FA000949AA00041000000B46DA00058
:10C9A000010100007C95130078951300E46DA00050
:10C9B000C0351300000000000000000038361300EE
:10C9C00028361300F83513003036130010361300E4
:10C9D0000836130020361300706FA0001C98A000CA
:10C9E0002C000000B46DA000010100009095130020
:10C9F0008C951300E46DA000206A11000000000077
:10CA0000000000009C6A1100846A1100546A110041
:10CA1000906A11006C6A1100606A1100786A110056
:10CA2000906FA000C097A00040000000B46DA0006F
:10CA300001010000A09513009C951300E46DA00077
:10CA40009C3E13000000000000000000143F130093
:10CA5000043F1300D43E13000C3F1300EC3E1300C0
:10CA6000E43E1300FC3E1300B46FA0006498A000E5
:10CA700012000000B46DA00001010000B895130081
:10CA8000B4951300E46DA000647011000000000074
:10CA900000000000E0701100C870110098701100D3
:10CAA000D4701100B0701100A4701100BC7011009E
:10CAB000D86FA000049CA0002D000000B46DA00061
:10CAC00001010000C4951300C0951300E46DA0009F
:10CAD000F070110000000000000000006C711100F7
:10CAE0005471110024711100607111003C7111002A
:10CAF0003071110048711100E86FA000DC97A000B0
:10CB000020000000B46DA00001010000CC951300CE
:10CB1000C8951300E46DA0005075110000000000DE
:10CB200000000000CC751100B4751100847511006F
:10CB3000C07511009C75110090751100A875110049
:10CB40002470A000CC98A0003D000000B46DA000AF
:10CB500001010000D4951300D0951300E46DA000EE
:10CB6000504413000000000000000000C8441300FF
:10CB7000B844130088441300C0441300A0441300B9
:10CB800098441300B04413003470A000FC97A00038
:10CB90001F000000B46DA00001040000DC9513002C
:10CBA00074981300E46DA000D0441300000000004E
:10CBB00000000000D4451300C44513009445130041
:10CBC000CC451300AC451300A4451300BC4513002D
:10CBD0004870A000789DA0002B000000B46DA0005C
:10CBE00001010000E4951300E0951300E46DA0003E
:10CBF000EC761100000000000000000068771100D2
:10CC000050771100207711005C7711003877110000
:10CC10002C771100447711005070A000409BA000B9
:10CC200021000000B46DA00001010000EC9513008C
:10CC3000E8951300E46DA000747711000000000077
:10CC400000000000F0771100D8771100A8771100DC
:10CC5000E4771100C0771100B4771100CC77110090
:10CC60006070A000E89AA0003C000000B46DA00035
:10CC70000101000000961300FC951300E46DA00074
:10CC8000C04A13000000000000000000384B1300F1
:10CC9000284B1300F84A1300304B1300104B1300BD
:10CCA000084B1300204B13007470A000EC9CA000F4
:10CCB0007C871300E8871300C4871300A087130044
:10CCC000D47B1300787F1300008B1300307F130098
:10CCD000E87B130004811300288113004C811300AA
:10CCE00088841300C47913003C85130088781300EE
:10CCF0009C781300B0781300247C13003487130051
:10CD00006C8B1300907E1300387C1300788813001E
:10CD1000CC851300D08D1300B87E1300308813002B
:10CD2000CC7E130098891300AC8D13004C7C13004B
:10CD3000B88A1300B07C1300448C1300C47C130029
:10CD40008C8C1300948A1300D48C1300D87C1300AD
:10CD50001C8D13008C7A1300648D1300D88B130084
:10CD6000087F130034901300EC7C13007C901300B8
:10CD7000C0881300A88513000C8813008086130058
:10CD8000687E1300C07B13002C801300DC8113002D
:10CD900008801300508013001C000000C49813008A
:10CDA000307F1300488B1300FC7B1300387813008E
:10CDB00054881300B48B1300107C13004C781300BC
:10CDC00060781300747813003886130014861300FB
:10CDD00058871300D88213009C8813002083130007
:10CDE000E07E1300A47E130008891300C08813009E
:10CDF0002C891300E4881300DC8A1300F8831300E5
:10CE00009C7F1300188E130098801300848E1300EB
:10CE1000F0851300C886130050891300808F13001B
:10CE2000688C130040841300B08C130064841300DA
:10CE3000408D1300D0841300AC8D1300D08D1300EF
:10CE4000A09013001885130004811300C07F130005
:10CE50009481130028811300BC80130024821300E6
:10CE600060851300CC8E13006C821300D8791300F8
:10CE7000EC791300007A1300048A1300388F130032
:10CE8000FC821300288A13005C8F13004483130074
:10CE90004C8A1300EC8F1300D483130054881300C2
:10CEA0000C881300308813009C791300147A130047
:10CEB000B07913004C811300BC8913008C831300DC
:10CEC00024781300287A1300607C1300547F130029
:10CED000F48D130070811300488B1300248B130012
:10CEE000008B1300E488130038861300A486130017
:10CEF0003C7A1300507A1300747C13007480130082
:10CF0000608E130000821300B48B1300908B13000B
:10CF10006C8B1300887C1300647A13009C7C1300D4
:10CF200074891300A48F130068831300208C1300EE
:10CF3000FC8B1300D88B1300F88C1300589013004F
:10CF4000AC84130050801300888D1300F484130008
:10CF5000248B1300E47F13003C8E1300B881130070
:10CF6000908B1300E0801300A88E130048821300FA
:10CF700098891300088913002C891300208C130052
:10CF8000FC8B1300E0891300C88F1300B0831300DB
:10CF9000A087130010871300148F1300B4821300AE
:10CFA00084851300F0851300A8851300CC85130039
:10CFB000C4871300EC861300F08E130090821300D8
:10CFC000E8871300708A1300109013001C8413006C
:10CFD000A48613005C861300C886130080861300A5
:10CFE000787A1300F47E13001C7F13007C7E1300FC
:10CFF000D48C1300448C1300648D13007C901300B8
:10D00000088013001C8D130034871300B88A1300A6
:10D010008C8C1300788813003C851300787F1300F4
:10D0200084851300148613005C8613007C8713002C
:10D0300054911300E49113009C9113000493130086
:10D040000C911300907D1300E87A130024941300D0
:10D0500094931300B4941300FC941300007D130008
:10D060006C941300749213004C931300DC93130020
:10D07000BC9213002C921300C4901300A07A1300EA
:10D08000307B1300D87D1300207E1300787B1300C3
:10D09000C4781300487D13000C79130054791300F1
:10D0A000C07F130094811300E47F13003C8E1300B3
:10D0B000B8811300BC8913008C831300E08913002E
:10D0C000C88F1300B0831300BC80130024821300A8
:10D0D000E0801300A88E130048821300547F1300D1
:10D0E000F48D13007081130074801300608E1300A0
:10D0F000008213009C7F1300188E130074891300A4
:10D10000A48F13006883130050891300808F1300CD
:10D1100098801300848E130010871300148F13005F
:10D12000B4821300EC861300F08E1300908213007B
:10D13000708A1300109013001C841300048A1300DB
:10D14000388F1300FC821300288A13005C8F1300B1
:10D15000448313004C8A1300EC8F1300D483130014
:10D16000F88C130058901300AC841300948A1300B9
:10D170003490130088841300688C130040841300DB
:10D18000888D1300F4841300A090130018851300F9
:10D190002C801300DC811300408D1300D084130019
:10D1A00058871300D8821300DC8A1300F883130019
:10D1B000B08C1300648413009C8813002083130038
:10D1C00060851300CC8E13006C82130043616C6980
:10D1D00062425358004E566972740053656E736F05
:10D1E00072000000030000000400000005000000C1
:10D1F000060000000700000008000000106717008C
:10D20000486F737400A91AA1AB551748656C6C6F11
:10D2100020776F726C642100506172616D202575FA
:10D22000206C656E2025752074696D6520256C6CF9
:10D23000752E20200025642E2054657374696E6756
:10D24000207072696E746620627566666572696EBA
:10D250006720746573742025752E2020005468653E
:10D2600020717569636B2062726F776E20666F78CC
:10D27000206A756D706564206F76657220746865CC
:10D28000206C617A7920646F672E2020546869735E
:10D29000206973206120746573742C20746869732D
:10D2A000206973206F6E6C79206120746573742E11
:10D2B00020204520706C75726962757320756E75DB
:10D2C0006D2E2020436F6769746F206572676F2031
:10D2D00073756D2E202056696E692C2076696469FD
:10D2E0002C20766963692E0049646C65000000009B
:10D2F00065787066000000000000003F000000BF7D
:10D300008071313F807131BFD1F71737D1F717B72F
:10D310006C6F6700000000000000000042CE0200B9
:10D32000EB3CEBAE1FA4E4A1AF7B987F6BC88E6D86
:10D330007B9DC1980232968948A410CD17CEB83C87
:10D340004D124F2B3211C03A421529EA000000005D
:10D3500000000000000000000000000000000000CD
:10D3600000000000000000000000000000000000BD
:10D3700000000000000000000000000000000000AD
:10D38000000000000000000000000000000000009D
:10D39000000000000000000000000000000000008D
:10D3A0000000000000000000A89B1300AC9B1300CD
:10D3B000000000000000000000000000000000006D
:10D3C000000000000000000000000000000000005D
:10D3D0000000000000000000AC9B1300B09B130095
:10D3E000000000000000000000000000000000003D
:10D3F0000000000000000000C340120000406B204D
:10D4000040090A22808F1000842BE22082000A2229
:10D41000808F1300EC9CE22082009A080000DB441D
:10D42000A000205CAB240939DB44A000206CAB24B5
:10D4300049398E0E8FFD6A2080028EB82920008027
:10D44000DB42A0001C5C6F702220800F1300EC9E5A
:10D4500009008FE4CCA51300C3401200844BD370A5
:10D460001200844BE07CAB208A04E07EE4C0C188DB
:10D470000210C30008440488402E0D17546B24BECC
:10D48000C57A1CB841B1408C638C5CBD5CB808B8EF
:10D4900008BDA57A657840B102B1C4C40010C300CC
:10D4A0000110C2000210C00060B141B1E07F02B1C2
:10D4B000E6C3ABC100160D70A000D85ECB46F000ED
:10D4C00034000C7040258F1214AE16AE15AE0AD87B
:10D4D0004C74660A2FEAE141088D278D08B825783B
:10D4E00010B835B88C208F83CC20828F0000EA05DD
:10D4F000CC20828F0000D507CC20828F0000DD0772
:10D5000007F2018E842003004520C00001AE66159D
:10D51000801006E8001E0270F000060180C04A0973
:10D52000AFFE5425CE1C0017C0107B0832001AD95C
:10D5300019D9CE092FEAC1407F1581103820420049
:10D540006AC1B7086100291C823067D8B86084C1FD
:10D55000C7FF5425801D40248135C5FF71D8B860B0
:10D5600040248138C2FF7515C1106B1580107015ED
:10D57000821004B924B884213C008422030C25784D
:10D580004578483080000030800F75378FC20130F9
:10D59000800F803F000007360070803F000043C0CE
:10D5A0002BF05E092FEAC1402D8D382042006AC160
:10D5B00047086100291C82306715CB106815C1101F
:10D5C0006915C2106A15C3106B15CC106C15CE10FE
:10D5D0006D15CF106E15C0106F15CD10101CC43214
:10D5E000121C4430141C843083416BB18CB1CDB11A
:10D5F000F1B112B1B3B1C340A100FF7F5A0D0FF6D4
:10D60000490874020845460D0FF6084742250012E6
:10D61000B20F2FEB0F7E236FD8602F7935092400CE
:10D620002DD8A20F2FEB55258D1FAF7DBA0F2FEBF5
:10D63000A1416E086FEBA140C3401300187580C173
:10D640008E0AAFE42CDAC6C72FD8DE0B2FEA2C7176
:10D65000D60B2FEA2C71E078F1C0CB44F0003400F7
:10D660002294C34000002E1410784B0921001AD8D0
:10D67000C340A0009487C341A100D8261249C343E8
:10D68000000067170D0A720063B48A08AFF22C70AD
:10D69000C340130040A826080000C340000000005B
:10D6A00005E82220800F00000000920E0000D1C08B
:10D6B000E07E760B2FEA2C70EAC3A1C108451470F6
:10D6C0000C7041F2520B6FE4A1407B081100038DF6
:10D6D0000D08F40040250F12C18511F0E46DCB4612
:10D6E0001000CC2A0BF0046FE46809F04E200220F1
:10D6F0002C702208AFF281402A470187808714707E
:10D70000104011F240271112F2F680C3224002416C
:10D71000607E81424020C0206C2040001F6708E7E7
:10D72000EDF1E3ECC343AD0BD0BAC342D0BAAD0BBD
:10D730000C70C34100000B0A61A740A720B5021D71
:10D740004313CAC7E6C20C71A75ACB45A00048864E
:10D7500002A50C71A85A04A50C71C34112004C56C5
:10D76000AF5A08460C71C34112004057B05A0847DF
:10D770000C73A75A03A50C73C34112002456AF5A69
:10D7800000410C7004EE04EF79210000C6C6E07879
:10D79000F1C0C3401200C057AD5AC341A00060861B
:10D7A000D1C0E07F00A1E078E2C242213C80C343C7
:10D7B0000000FFFFAD7015F240200C07A8204004C8
:10D7C00000841B0881002E8C0694C0B98420CF8F62
:10D7D000257D05F27070CA23050055240C1C838238
:10D7E000BB782C8CA1B905792CAC23829E08EFF074
:10D7F0006040C2C6084442223C804A200000E07CCF
:10D8000040210307A820C001C013010438210103EF
:10D810002578E07EEEC2CB47F0000001138FCB45A8
:10D82000F000400280B813AF128F80B812AF118F92
:10D83000A0B811AF0185218544204200502100008D
:10D84000457801A500160170A000A46DC340A0009A
:10D85000206C720DCFF5AA2049095E0DEFF5AA21C3
:10D860000909B6098FFE4E0C6FFD0C701A0A8FFE67
:10D87000220A8FFE5E0A8FFE4E080FF010401470D1
:10D88000D8F2CA0B8FFD0390CB46F000340004B6EB
:10D890000E108020228522B8A0B9C0B8257802A534
:10D8A00002108120088F0F097F006C20400080B893
:10D8B00002F081B808AF12082FF0171E83142F1042
:10D8C00081002E1082004029000245781108800F47
:10D8D0000000FFFF8C20538FC6F708F0001E437036
:10D8E000A0009C428A20930FAA5A147092F2C3405F
:10D8F000A000205CC341A000206C120B2FEA171E71
:10D90000C314CB45A000E88728D9C342A0005440E7
:10D910005625001C171E43157E092FF6171E83156A
:10D92000C340A000888CC342A00074406A092FF64F
:10D9300028D9C340A000A88FC342A000EC40B20F7A
:10D940006FEB20D9C340A000A893C342A0000841B8
:10D950009E0F6FEB20D9108F10D980B810AFA14067
:10D960003A08EFF3171EC315D20820000240AB0897
:10D970003000AD70345810432E5810423E581041BC
:10D980002F580044024062414242DA0A20002243FA
:10D9900087081000F20F8FEA0EE80B8E19085F005F
:10D9A000345810402E58004230D80241335804E811
:10D9B000660F8FEA4E0D00002FE891D80609AFF5EB
:10D9C00017AE148EA9E8820DCFFF8A20080EAADABE
:10D9D0002C70C168AB22080E2B218003088FC34333
:10D9E000FA0280F0C3413101002DC1B8147255DC38
:10D9F000CA21C100016EC943AB24081E2B210000BF
:10DA0000C340A000E0420088AD7109E80C750DF03C
:10DA10002AD8AD7014AEA140CEC6C340A000E142EA
:10DA200000887BE80C73AB22080E2B20C002F5F1B6
:10DA30002ED8F60FEFE92C70E6C2CB45F00034008B
:10DA4000171D03162F884D88CE888C8808B908BA10
:10DA5000257E857A10BEC343F00040025322C102E6
:10DA6000457E3AB32CBE958853264B11D78834880F
:10DA7000568808BC08BE257C052681104A244076BD
:10DA800010B985792D700D71CD7024A3A8204102A5
:10DA9000717645F20F0E14145C883D88FF889E88CD
:10DAA00005F058883988FB889A8808B908BF4579F5
:10DAB0000527021310BA457901294102C1B9347111
:10DAC0003E00210034720FF234731FF42F27BF0081
:10DAD0006F233F0025830F21810325A32F26BF003D
:10DAE0000BF02F27BF006F233F00258310218103F8
:10DAF00025A32F26BF002C71D87926A30FF000286C
:10DB0000811328A30BF02F27BF006F233F0027832B
:10DB10000F21810327A32F26BF002572C571614005
:10DB2000AE5AA70830004A24407111D84A2100009B
:10DB3000A820C001AB20D0020471AB2188014A2487
:10DB4000807116DC6C7123DA0C7224D9AB24D012EC
:10DB5000AB238801AB22D002AB208801AB21D002DD
:10DB6000AB20880117D82C74A820C001AB20D002AC
:10DB70000471AB2188014A24C0701DDC1EDB4C738C
:10DB80001FD8AB24D012AB218801AB23D002AB222B
:10DB90008801AB20D00215D8AB218801A820C00293
:10DBA00040200204422001040471AB22D002AB21C8
:10DBB000880128DA07D90C71AB22D002AB21880189
:10DBC000171D4316C6C6B0D90C7034ADC6C6E07872
:10DBD000EAC230410E7136E940200F07AD7045DED4
:10DBE00001871D089204290890042F0850083B085B
:10DBF0009108001F801FA00008411CF012E82B08AC
:10DC00005104001F801FA000544014F0001F801F0B
:10DC1000A00074400EF0001F801FA000EC400AF02E
:10DC2000001F011006F00E70001E8273F000490004
:10DC3000920FEFF5E140A571A90D649455270F1CD3
:10DC40000240CAC6F1C0A95A14700C7107F429DA4F
:10DC5000C341F00048000C7040A9D1C0E07EE078DC
:10DC6000ECC2504230411040CB45F0004B00204008
:10DC7000404160428043D20FEFFF001D83161470B5
:10DC80000C704FF2C342A0005440224042411E0B90
:10DC9000EFFF001DC316C342A000744022400E0BCC
:10DCA000EFFF4241CB46F0004002C341F000770253
:10DCB000E0862D10832000896C2042005323400011
:10DCC000457800A9024022414242120A2000001D6C
:10DCD000031728BFCABF0DE802402241BE09200039
:10DCE000424205E88527071003F0852703102241EB
:10DCF0004242060A2000001D431760868A21180050
:10DD00001470C52742104627021008BA0423810F59
:10DD1000F8FFFF000C71457920A6001D8317CCC6C3
:10DD2000F1C0C340130028B34A0E4FFE83E8D1C0B0
:10DD3000E07EF60CEFE92C71E2C2C341A000E042A4
:10DD4000CB45F0003400C340A000E14200190300BD
:10DD5000171D4314CE0FEFFF00184300BA0ACFFF80
:10DD600005E892D88E0C2FFE17AD148D83E820D8CD
:10DD700014ADAFD817AD4058EEC270435041304299
:10DD8000830B30001040AD70D76D2276C1403558FE
:10DD90000B0895003E1E831005F00B0854013E1E33
:10DDA000C31F198E40260F17C1B823087100E14028
:10DDB000019717E848300000C3411200684BC14288
:10DDC000B35A2308330001AF1AF002419E08200025
:10DDD000424209E800410080FEE8C0A103F0011FB3
:10DDE000C31F28860CE921168010C1B814720C706C
:10DDF00005F42F7802414242335808A6A5718D0DD3
:10DE0000C4940240CE0DEFFF42415B0B3020104224
:10DE1000ED70CD7011F035581040A1403A5835588A
:10DE20000C2000A0E14056F7A1403A5835583E1D5D
:10DE300002100C710EF0176E00210DA009F2A14026
:10DE40003A5807E8198DC1B8CF087180A140E14068
:10DE5000C57172763C26CF14CA262610047FADF712
:10DE6000EBE84240CEC6E078E2C261880845402B2C
:10DE700080074228BE870E002400808D81403D58D7
:10DE800007F0C1BB0B0BB1000C708140335800A5EB
:10DE9000C2C6E078E07F0C718D7017EA2D10830008
:10DEA000270B70000A2480703C49C342A00008413F
:10DEB000A820C00220800F098100348807099F0034
:10DEC0008D715520000CE07F8140E0782D1080009E
:10DED000E07F78204000E0782D1080000F0851008E
:10DEE000C340A00054401101CFFFC340A00008412F
:10DEF0000501CFFFC340A0007440FD00CFFFE078D4
:10DF0000C342F0004B001BD90C70001AC307AB21B1
:10DF1000D002AB208801C340F000200120D926A008
:10DF200020A06F26FF0590D90C71E07F20AA000089
:10DF30002B660000000067170000000000000000D2
:10DF400000000000000000000000000000000000D1
:10DF500000000000000000000000000000000000C1
:10DF600000000000000000000000000000000000B1
:10DF700000000000000000000000000000000000A1
:10DF800000000000000000002873010000000000F5
:10DF9000B05B01002E14000000000000F000000043
:10DFA000000000000000000000000000494E49038E
:10DFB000543B1100A89B130005000000018886A0B7
:10DFC00000000000AC9B130005000000016C86A05F
:10DFD00000000000206CA000B00A0000002000FC3F
:10DFE000231000CC020454221000B4FF1100B8E248
:10DFF00000001000AC0012004036110018A0110003
:10E00000503900001100043A110084A11100F4A35A
:10E010001100C8710000130004A4110000A2110037
:10E02000801D1200281E00081200581F12002C0A22
:10E030001200040204F40912000200DC0204D46C91
:10E040001200A4011200E800120080680000120013
:10E0500068041200B49F1100108011008C7480209D
:10E060001300844B1200C40204044C120044020446
:10E07000342780B21000044D12002402044402042C
:10E08000886D02240218C4020420809C24100064BD
:10E090000214445013008C131100A002048200B833
:10E0A000020494AE11003C0204F47E11002C1A12FA
:10E0B00000CA02B00204BC0204541B027C02041811
:10E0C000020CDC6B1200FC1880321200D81912000E
:10E0D00094021014020CF01702E002ECA811138253
:10E0E0000264025C902602D4231300900204E4220E
:10E0F000130030020820480C9912000002041C3F53
:10E100001300B802203475026469012002F49712EA
:10E110000054671000C0661000E00208FC6828A8E0
:10E1200010000C02084C020820691000680208D890
:10E1300002042C02048200140204C4981200E402B7
:10E1400004389D1200206B13005200380204AC3AD0
:10E15000028C5E1214381200A0F31100610041001D
:10E160000D01E46DA000EC02042C9613003C971303
:10E170000034000099130010B5A000034B00006F9D
:10E180007F40FF010960022FC42702B098A0001051
:10E19000BDA000006E02040214F4831202340207D0
:10E1A0000010B6A000022450030C50B7090CFFFF6A
:10E1B00000DC1F000403150A040314030A10030BF8
:10E1C00003140240030B08040314040040E8FF009A
:10E1D000008008130005140910030A0F1403140F1C
:10E1E000040F100F100F100F100F10FFFF0F100F64
:10E1F000100F10031003A803080704071007080FE7
:10E20000180F100F100F1007480F080710FFFF0F0F
:10E21000300B180B0C0728030803180304070C0322
:10E2200008070407180F1003100B1C0B0C031CFF2E
:10E23000FF03040F140F100B240F1C071007080B0B
:10E240002C030C0F040F100F100F100F100F100FD6
:10E2500010FFFF0F100F100F100F100F100F100FE7
:10E26000100F100F100F100F100F100F100F100FB6
:10E27000100F10FF700F100F100F100F100F100F56
:10E28000100B1013F4040000100202081706140407
:10E29000FBFF4B690314010822050903144F500FBB
:10E2A00014032A0F1409140262027D0310030405EB
:10E2B00028F0FB00010010030E05040F14031605DF
:10E2C0001442C802030E05040F1403160F14DF6373
:10E2D0000F14031003040528027820030E0504061A
:10E2E000141F0400050002285E40057EEC00028C2D
:10E2F0000F140F1455B80F5012010008000F785377
:10E30000E30405880306068CFFFF030B08040514CD
:10E310000F7803390F140314083704090F3C031551
:10E320000F140914030A09040F28FFFD031A0F1420
:10E33000091412CA1FCC038F0FDC0F14152C011205
:10E340006A034B04040564122A1F2C0B400E3C0286
:10E350002D010204000C6FA0005471A000140208EB
:10E36000100D0002048E7560047A68ADA00098ACB0
:10E37000A0008C70A0005AD5840204D8051C043873
:10E380001C022C5C023824020820020490051C04A4
:10E3900038AAAE7802382C02149402149202048433
:10E3A0000204026C04383402186402386A553C02D4
:10E3B0000838020496051C0438880238A402709CB0
:10E3C000026C940204DC55550A1C98021C6C02383D
:10E3D000480234440204980A1CB8021C84021C58E7
:10E3E00055D502185402049A0A1CD8021CE80204EB
:10E3F000A402209C0204640220028C5275020204D2
:10E4000000BC02106C02109E02309C0204850204C3
:10E41000021804A87455030218B0028CAC0288A438
:10E420000204E0051C22D7000058AFA000A0AE08EF
:10E43000AEA000CC0240C402047C022C0238041CB2
:10E440006C021C18021CAAAADC0218D40204840A5A
:10E450001C80021C28021CEC0218E402048C051C1F
:10E4600055AD047094020CF402149C020898020446
:10E47000A005701418380234BC028CAAAABC028809
:10E48000B40204E40A1C48021CC8021CCC0218C4D2
:10E490000204E8051C55AD048C940270D4021CDC07
:10E4A0000218D40204EC051C0454580238AC02686B
:10E4B000EAAAA40214A2020486020402C4048CB8CC
:10E4C0000218FC028CC00208BC02045675A6051C8A
:10E4D000943BF80250C80214AA0214A8020487024E
:10E4E00004023804549855AB0254D4021CAE0214F2
:10E4F000AC0204880204071CB8021C041288EC0257
:10E50000885AD5E40204F0051C0470DC0234E002F1
:10E5100004B20214B002048902040738AA2EC80209
:10E5200038E4021CB60214B402048A0204021C0479
:10E5300038EC02180472A805A000F40208F00204E6
:10E54000B8051C048CD8023850B3A00060D055B078
:10E55000A000400204E802100238041CF8020C0C6F
:10E560000238000288FC55550238BA0A38081234BD
:10E570001C02A80C1200040204F80A1C18021C1445
:10E58000555502380C0238080204BC0A1C28021C2B
:10E590001C021C180218140204BE55AD0A1C3802D5
:10E5A0001C24021C2002181C0204C0051C04C428E0
:10E5B00002102C021C56D53003080204C20A1C3873
:10E5C000021034021C4002083C0204C4051C24BC96
:10E5D000AAAE3C0218440214C80214C602048B02FC
:10E5E0000402E004544C02184002C46A553C02C0C4
:10E5F0003402040402E4071C54021C44023C5C0282
:10E6000008580204CA55AD0A386402104C02384C4E
:10E61000023444020408053814344802C46C022051
:10E62000EAAACE0230CC02048C02040254048C4CC0
:10E63000025070021CD20214D00204AE6A8D020491
:10E64000021C048C7802185402208002087C020408
:10E65000D4021C45A4017CFC00EF42C00228040344
:10E660000465020A3CE711B66C0F20021D02030F7D
:10E67000200213FF7D04030740030D0F60031407FE
:10E6800020074053350B8006032506040F4003176F
:10E690000F4004FFFF52750B400F200F200720038F
:10E6A0004C0F600314072007A00F400F200F200716
:10E6B00020034C0F60FFFF0314072007601F001F9B
:10E6C000000F600F400F200720036C0F800314071A
:10E6D000200F80031C0304EEFF0A03050604034019
:10E6E000051F60061C03070F2003140760030C03BB
:10E6F000200FE00F600FC0FFFF07400FA003500383
:10E70000040F400F400F400F200F200F2007200361
:10E710006C03C00F20072007A0FBBF1F200720109D
:10E72000F2BC03401F000FC00F40074007800F409E
:10E730000F400F200F20021EC0FFFF2F600F400F61
:10E74000400F200F200F200F200F200F200F200F31
:10E75000201F201F200F200F200F60FFFF0F600FD2
:10E76000200F202F00076027000F200F200F200709
:10E770002017E00F2007200F6003300304FFFF0F76
:10E78000200F400F201F20072027A00F2007200365
:10E790006C23C02F402F401F401F400F200F20FF31
:10E7A000FF0F200F200F200F200F200F200F200F12
:10E7B000201F4017001F80131003040F200F400F6D
:10E7C00020FFFF0F200F200F200F200F200F200F02
:10E7D000E00FE01FE0074003CC13E00F200F200FF5
:10E7E000800720FFFF1F20035003040F200F400F5E
:10E7F000200F200F200F200F200FC007202FE00335
:10E800009C03040720FF2B030C13002FE02FE01FB5
:10E81000601F600F200B200264086F4C92C4A89206
:10E82000D410B2805EA000D0B1A0007C92D8740257
:10E83000040224030308285C0228C855AF0228906C
:10E8400002285002049402248C02040325020408C6
:10E8500028680228F80228AA5710B25CD00228B40F
:10E860000224AC0204022403030828F492E81002F4
:10E8700028E0D5ABB27CB00204FC92FCF4020403A5
:10E880002502040828FC022828022840029CEA5598
:10E890001002041C024C1402040224030308280082
:10E8A0000278340228A0022470F5D402042C022439
:10E8B0002402040325135002291000FA4480027434
:10E8C0008CC2AC0320AED65802380308070404C437
:10E8D000CA00A4680107150608C0A2E8E002040304
:10E8E0000FCEB5A40274030807040108050A0370DB
:10E8F0000F380002702002040322B00F3833D80A08
:10E900003802A802000610032C90B8A00090124C08
:10E91000030C68C2980308B9F607040418050A0F27
:10E92000700316E002DCEC0204030CC40F700AE072
:10E930000470B4A6015D032A000010BAA000F0061E
:10E9400070780F700A700238080BA850D01BB4A062
:10E9500000A81618880F3826BD03A8043820056CB7
:10E96000030690BBA0ECFD00B0023C030CA80F38DE
:10E970000670031C0F04FF02010F140F100F100785
:10E980001003880340070C0B08CCC012009C8211B6
:10E9900000D84A12001CC0D3F0E3120084D209044C
:10E9A00003340C2003110E04F36124A0130E16058A
:10E9B0000F13DF000D6C5D12000002F0000369B060
:10E9C000044D090CA001F000AD251323A007180287
:10E9D0003180030C0822C11241E8030C00A0024D53
:10E9E00004001F0F053C0218128D0518033A800021
:10E9F0004804240223030313F00200008081000E68
:10EA000004CCEAA000CCF40204FEA0000B0B070B20
:10EA100002000006030D0D090D0208051F1F131D3E
:10EA20000610070000252515250614097965695D7E
:10EA300014620B79770000777714760D00000E0EC4
:10EA4000090E030804111100000B11030A07272700
:10EA500019240908092F2F1A2F000008190C987F74
:10EA600084741A7B0E989595951A94060011037D6F
:10EA70000504A91AA1AB551700003D7E0DBF00008B
:10EA80000000803F3A3FD4C07077120000000000C1
:10EA9000000000002B66020002006717E27659B9F9
:10EAA00086BBC21FF42374ECC40A0B8698AE75CFE4
:10EAB000819C1E5BC065C5334EB34FF30000000060
:10EAC00052502D9DD469BDAD9B7E1A8A0AF1ABB41C
:10EAD000952683C700000000FB0BE7178B79A883FE
:10EAE000A9CDA47065416764224937B54C32000056
:10EAF00031DCE1E9000000006717000000000000C1
:10EB0000F00000000000000000000000901EB40DA6
:10EB1000040000002B6602000200671700000000DE
:10EB200000000000000000000000000000000000E5
:10EB300000000000000000000000000000000000D5
:10EB400000000000000000000000000000000000C5
:10EB500000000000000000000000000000000000B5
:10EB60000000000000000000000000004C32000027
:10EB70000000000000000000671700000000000017
:10EB8000F000000000000000000000000000000095
:10EB9000A8DA1300C8DE1300902AA100102CA100EF
:10EBA000102CA100103DA100103DA100903DA1003E
:10EBB000D8DA130000001400B03DA1000080A100CD
:10EBC0008CDE13006CB41300B0B413008CB41300CB
:10EBD000A91AA1AB55170000C341F000340034441A
:10EBE000047106A10C70E07EF1C02C7127D82220A0
:10EBF000800F1300B4BBE078E2C0CB44A100F4283E
:10EC00004F7AB36A1624821080452F24C7004C43E4
:10EC1000A264C2C02020800F130044B9E2C0CB44DC
:10EC2000A100F4284F7AB36A162482102F24C7005B
:10EC30004C43A264C2C02020800F130064BAE07865
:10EC40006A24801251248093E020820F1200AC3A93
:10EC50005DDC3E796A24801251248093E020820F8B
:10EC6000120068385FDC3E796A2480125124809358
:10EC7000E020820F1200945E5EDC3E796A248012EE
:10EC800051248093E020820F1200044C20DC3E7956
:10EC90006A24801251248093E020820F1200444C99
:10ECA00021DC3E796A24801251248093E020820F77
:10ECB0001200844B1EDC3E796A248012512480931A
:10ECC000E020820F1200C44B1FDC3E796A248012C0
:10ECD00051248093E020820F13008C741DDC3E7958
:10ECE0006A24801251248093E020820F1200244D68
:10ECF00024DC3E796A24801251248093E020820F24
:10ED00001200444D25DC3E796A2480125124809300
:10ED1000E020820F1000342722DC3E796A24801222
:10ED200051248093E020820F1200044D23DC3E79B1
:10ED30006A24801251248093E020820F1300C8714E
:10ED40000CDC3E796A24801251248093E020820FEB
:10ED50001200581F11DC3E796A24801251248093DE
:10ED6000E020820F1200281E10DC3E796A248012F7
:10ED700051248093E020820F1200801D0FDC3E7929
:10ED80006A24801251248093E020820F1200A41B79
:10ED900036DC3E796A24801251248093E020820F71
:10EDA0001200541B35DC3E796A2480125124809372
:10EDB000E020820F1200BC1A34DC3E796A248012F3
:10EDC00051248093E020820F1200B01A33DC3E7988
:10EDD0006A24801251248093E020820F1200941A3A
:10EDE0003BDC3E796A24801251248093E020820F1C
:10EDF00012002C1A32DC3E796A248012512480934E
:10EE0000E020820F1200181A37DC3E796A24801243
:10EE100051248093E020820F1200D8193ADC3E7909
:10EE20006A24801251248093E020820F1200DC6B50
:10EE300038DC3E796A24801251248093E020820FCE
:10EE40001200FC1839DC3E796A2480125124809328
:10EE5000E020820F120014183CDC3E796A248012F4
:10EE600051248093E020820F1200F0173DDC3E79A0
:10EE70006A24801251248093E020820F12002C0A11
:10EE8000CB44000012003E796A2480125124809302
:10EE9000E020820F1200040ACB44000013003E79E8
:10EEA0006A24801251248093E020820F1200F4091A
:10EEB000CB44000014003E796A24801251248093D0
:10EEC000E020820F1200DC09CB44000015003E79DF
:10EED0006A24801251248093E020820F120068047B
:10EEE000CB4400001A003E796A248012512480939A
:10EEF000E020820F1200D46CCB44000016003E7953
:10EF00006A24801251248093E020820F1200A40111
:10EF1000CB44000017003E796A248012512480936C
:10EF2000E020820F12008068CB44000019003E7977
:10EF30006A24801251248093E020820F1200E8009E
:10EF4000CB44000018003E796A248012512480933B
:10EF5000E020820F1200AC00CB44000005003E7997
:10EF60006A24801251248093E020820F1100B4FFA4
:10EF7000CB44000003003E796A2480125124809320
:10EF8000E020820F110040FFCB4400003E003E799C
:10EF90006A24801251248093E020820F1200C44C16
:10EFA000CB44000028003E796A24801251248093CB
:10EFB000E020820F1200844CCB44000027003E79F1
:10EFC0006A24801251248093E020820F1300886D00
:10EFD000CB44000026003E796A248012512480939D
:10EFE000E020820F1200644DCB4400002A003E79DD
:10EFF0006A24801251248093E020820F10009C2408
:10F00000CB44000029003E796A2480125124809369
:10F01000E020820F10008424CB44000040003E79A1
:10F020006A24801251248093E020820F1000FC2378
:10F03000CB44000000003E796A2480125124809362
:10F04000E020820F1000CC23CB44000001003E7969
:10F050006A24801251248093E020820F10005422F1
:10F06000CB44000002003E796A2480125124809330
:10F07000E020820F1300386BCB4400005C003E7927
:10F080006A24801251248093E020820F1300206BA9
:10F09000CB4400005B003E796A24801251248093A7
:10F0A000E020820F110094AECB4400002F003E7987
:10F0B0006A24801251248093E020820F11003CAE1C
:10F0C000CB44000030003E796A24801251248093A2
:10F0D000E020820F110004A4CB4400000D003E7913
:10F0E0006A24801251248093E020820F1100F4A33F
:10F0F000CB4400000B003E796A2480125124809397
:10F10000E020820F110000A2CB4400000E003E79E7
:10F110006A24801251248093E020820F110084A180
:10F12000CB4400000A003E796A2480125124809367
:10F13000E020820F110018A0CB44000007003E79A8
:10F140006A24801251248093E020820F1100043A37
:10F15000CB44000009003E796A2480125124809338
:10F16000E020820F11005039CB44000008003E79A6
:10F170006A24801251248093E020820F1100B49FF2
:10F18000CB4400001B003E796A24801251248093F6
:10F19000E020820F11004036CB44000006003E798B
:10F1A0006A24801251248093E020820F130044507F
:10F1B000CB4400002B003E796A24801251248093B6
:10F1C000E020820F11001080CB4400001C003E792B
:10F1D0006A24801251248093E020820F1100F47E73
:10F1E000CB44000031003E796A2480125124809380
:10F1F000E020820F11003475CB4400004A003E79B4
:10F200006A24801251248093E020820F13001C3F57
:10F21000CB44000048003E796A2480125124809338
:10F22000E020820F11002C69CB4400004B003E7996
:10F230006A24801251248093E020820F1300B826A4
:10F24000CB44000049003E796A2480125124809307
:10F25000E020820F13009026CB44000041003E794D
:10F260006A24801251248093E020820F130090239F
:10F27000CB44000043003E796A24801251248093DD
:10F28000E020820F13003023CB44000045003E797C
:10F290006A24801251248093E020820F13000423FB
:10F2A000CB44000042003E796A24801251248093AE
:10F2B000E020820F1300E422CB44000044003E799A
:10F2C0006A24801251248093E020820F1300A81139
:10F2D000CB4400003F003E796A2480125124809381
:10F2E000E020820F1100B813CB4400002E003E79BD
:10F2F0006A24801251248093E020820F1100A01311
:10F30000CB4400002D003E796A2480125124809362
:10F31000E020820F11008C13CB4400002C003E79BA
:10F320006A24801251248093E020820F1000B8E2FA
:10F33000CB44000004003E796A248012512480935B
:10F34000E020820F1200389DCB4400005A003E7925
:10F350006A24801251248093E020820F10002069DB
:10F36000CB44000053003E796A24801251248093DC
:10F37000E020820F1000FC68CB44000050003E7972
:10F380006A24801251248093E020820F12000C998D
:10F39000CB44000046003E796A24801251248093B9
:10F3A000E020820F1000D868CB44000055003E7961
:10F3B0006A24801251248093E020820F1200009969
:10F3C000CB44000047003E796A2480125124809388
:10F3D000E020820F10006868CB44000054003E79A2
:10F3E0006A24801251248093E020820F10004C6820
:10F3F000CB44000052003E796A248012512480934D
:10F40000E020820F10002C68CB44000056003E79AB
:10F410006A24801251248093E020820F1200E49825
:10F42000CB44000059003E796A2480125124809315
:10F43000E020820F10001468CB44000057003E7992
:10F440006A24801251248093E020820F1200C49815
:10F45000CB44000058003E796A24801251248093E6
:10F46000E020820F1000E067CB4400004F003E799F
:10F470006A24801251248093E020820F1000546788
:10F48000CB4400004D003E796A24801251248093C1
:10F49000E020820F10000C67CB44000051003E7941
:10F4A0006A24801251248093E020820F1000C066ED
:10F4B000CB4400004E003E796A2480125124809390
:10F4C000E020820F12008097CB4400004C003E7970
:10F4D000E8C26846730871002845710AB40123D850
:10F4E000FF86FC1710108C20C3AF06F2FFD87A08F5
:10F4F0002000C141408D2C70EA0F6000C140428D58
:10F500002C71E20F6000C140448D2C72D60F600058
:10F51000C140008D562701188027441000A9018D95
:10F5200000AF028D01AF038D02AF048D03AF058DD7
:10F5300004AF360F6000C1408C20C3AF05F202401B
:10F5400026082000C1410C70C8C60000E4C2DA0DD4
:10F550002000284508460C701A09EFFFA141C14060
:10F56000C4C60000F6C3A4C17C111000ED70304287
:10F57000084555200E2F0C1CC4334F08730442C796
:10F58000830DB51090E5164414100F200C101120B7
:10F59000CE0860001010132028E8C6086000624002
:10F5A00024E8BE086000224020E8B6086000E14080
:10F5B0001CE82C70660F200042402C704C70B6087E
:10F5C000A000424016F0D50D70148C2502907CF2FC
:10F5D0008C25C39F9AF40C161110FFD93E0F200002
:10F5E0004240B821022078F080D9320F20004240FA
:10F5F000B91280205520CF2F2E70C6B8B91A02201C
:10F600006CF084F4038660DD0F1CC2338C20028012
:10F61000041CC43340C7CC20828F0000FF000AF2D4
:10F6200007868C200280CC20828F0000FF008AF4A5
:10F63000CD70D1412F224604CE7B2F24C6034240F9
:10F64000AA08EFFFA1413412012023D8201800207E
:10F6500060794240A412002158120220607A42418F
:10F660000E4106E9A41100015681407A7A08A000F3
:10F670004240CD08B10010DD08100E20C10E301040
:10F68000C1402F8640792D8608476079C1404E865B
:10F69000C141607AE14054F0A3868C25C39F38F4C1
:10F6A00082C14024823283C3260D200042400C14C4
:10F6B00044310A1443310814423100414608EFFF37
:10F6C00042403DF00C16111080D9520E20004240ED
:10F6D000B821C32F5520CF2F0C704241C60FAFFF6A
:10F6E000A0A7250910207C1201200086EC110D0036
:10F6F000360C200042410335009006F20C70760F64
:10F70000AFFF4241A0871CF0A3861AF0FFD8424108
:10F7100095FF82C14024823283C3B60C2000424050
:10F720000C1444310A144331081442310041D60FFD
:10F73000AFFF4240A14042418BFF11DDA140D6C73F
:10F74000A60F600042402D089100E60B0FEF560A0D
:10F750002FEF084600420C75CE0B2FEFC1412F80D2
:10F7600040798C200280CC20828F0000FF0062F361
:10F770007ED9B6DA6C71BE0E60004240AA0C600001
:10F7800042407ED911DA0ADBAA0E6000424008D955
:10F790001E0D20004240AE0D6FEE0AD840D92CDA83
:10F7A0006C7042408E0E600040221727960D6FEE5F
:10F7B0000AD85AD88C70D34648420000AB20080EB5
:10F7C0006DD94024C2336C718045E2400A26800521
:10F7D000C20CAFFF0F1C433212D980C26C76E60F09
:10F7E000AFFFE2408C7020C70414913005149430B0
:10F7F000021493300314953001148E306DD94024D7
:10F80000C2336C718045E2400A268005860CAFFF4A
:10F810000F1C433312D980C26C76AA0FAFFFE240AF
:10F820000114803003148930402C012208BE0014DA
:10F83000853002148430C57F05214104402D022209
:10F84000EE7C2E7F402801024029001205148630EC
:10F850000522C2040521410105200001041487305E
:10F860004E7B2E790E78402E02020221110376483B
:10F870000522C2019A210F2A9A260F1A4E78F748BC
:10F88000CB4000000010042E0E129A270F1A82C0DF
:10F890008A220F0A6E7104291122CE7931798C21C6
:10F8A000CF898343C5B3042F0F12001844042F20BF
:10F8B000460411783A209400E6B3CA23092508F6D5
:10F8C0008C200F8A4F245420CA23AB20EE78117865
:10F8D0008C20C78C04F666714F2494207ED9B6DA4A
:10F8E0006C73520D600042403E0B600042402F207E
:10F8F000C70414710DF71B0C3F2061DD110C7F2034
:10F90000512480A064DDCA25A11003F062DD290521
:10F91000CFFF0000E4C27F814A24C0700844C34086
:10F92000A100742928452C700A220000A820C001DB
:10F9300008128E040B0E0513247110DE2C7336781A
:10F9400041802188A140F41B8203660B2000E81B44
:10F9500080000C70360DAFFFA141C140C4C600004D
:10F96000ECC2284155218D0802E8CCC67C1110104C
:10F97000B911C01008101220041011201470560084
:10F980002A005520802BCE10C1204B0913000010F7
:10F99000CE00BA10C1207480B7108220B9108C201C
:10F9A0000410CF0008BE08B9BB108B20457E409BD9
:10F9B0008579819B629B08BF0527CF124010080004
:10F9C000524E8279734F49A02AA06BA023200002D7
:10F9D000214021091020B911C02019081300CE10B0
:10F9E00080201108BE0122422185D20CAFFF008584
:10F9F0007B0A10A0B912C02073081380CE1080209B
:10FA00006B087E8142422185B20CAFFF0085CCC6D7
:10FA100014702045E07D7C150200402500072C7401
:10FA20008022420AC3441300F4C18105AFFF14DBF6
:10FA30005F8120456C75F81A00003C4980228303E1
:10FA4000C3441300A4C26505AFFF1BD9E8C21471FB
:10FA50006847504028460C7021F4001000211476AD
:10FA600023D89DF7BF872C70420A6000E14000AEAA
:10FA700080254410008D2C7101AE320A6000E140F7
:10FA800002AE028D2C7203AE220A6000E14004AE89
:10FA9000248D0C7025AE00188521C8C6E4C2084527
:10FAA0001F80B91581104180C280C6B9B91D4210AE
:10FAB00005EAB912C000250812002E0C6000A14012
:10FAC00007EE0F089100B916C010110812002C742F
:10FAD0004C70A20B6000A1400C70C4C6E4C2084583
:10FAE000B910C000330812001F852180C28006E9CA
:10FAF000B911C00023081200EE0B6000A14008EE0F
:10FB00000D089100B916C0100F0812002C744C712A
:10FB1000620B6000A140B91581100C7087B9B91D46
:10FB20004210C4C6E6C3A1C1BF810330808F4841E3
:10FB300000008D70ED70F01D0010D7F70330808F3E
:10FB4000C8410000ED71D1F74A240071ED72C34243
:10FB5000A100A429A8200002081203040333008096
:10FB600043F6E571ED76FC150010CB46A100942913
:10FB70008C20C38F08F28C20028025F4090FF4102A
:10FB80008D71ED733C491626C113681582102489C6
:10FB900095708422010C776CC3B96579CA2221085B
:10FBA0002415061045798C70031C423040D940243E
:10FBB000C2306C71DE08AFFF804503148030681DD1
:10FBC0000210F67E0086EC1D0010C6C7EEC3A1C170
:10FBD000504130422C704C73704008455E09600003
:10FBE000031C03302C714C7352096000A140B815FE
:10FBF000C010147707F2147165D859F42C724C7147
:10FC000003F02C724C7236096000A1401F8508D9A0
:10FC1000F41093009A082000A1402A096FEE0AD838
:10FC2000A1402A08600040250E171A096FEE64D81B
:10FC30001BD94024C2306C718A0BAFFFC140031442
:10FC4000803023B844204080031C0230EFF3DF856E
:10FC50002C705A086000A14056260F1800AF2C7176
:10FC60004A086000A1408026841000AE2C723E0835
:10FC70006000A14002AE120A2000008F001A04208A
:10FC8000060A2000008E00190420FE092000028EC2
:10FC900000180420D20F2000A140A140120820002B
:10FCA0006241A2086FEE0AD80C70CEC7E4C3A1C1AE
:10FCB000670975032845C341000028115B096E03DD
:10FCC0005325C210DF808C701CE06C7169168110A6
:10FCD0002416061080458421030C4579031C42300C
:10FCE00041D9B20F6FFF4024C23003148130C340AA
:10FCF00013002875190D3013691E4210150D50118F
:10FD0000090D10120F0DD0100CE005F012E003F0F9
:10FD10000476421E1810C4C7EAC3A1C1BF80031CE9
:10FD20000330D4150210D10A600030418C2102A0AA
:10FD300040200E0709F28C21C3AF0AF4031C4334A0
:10FD4000241D011009F0031C833404F0031C033448
:10FD50007FD817B809A58C70CB47A04000007ED98A
:10FD60004024C2306C718045C1402A0F6FFFE146CC
:10FD7000031480305425101D8C2102A0A61D0210F2
:10FD80000DF4B7D88C70031C023040D94024C23027
:10FD90006C718045C140E14611F0681580108C708F
:10FDA00040D9C3B885B8031C02304024C2306C71FE
:10FDB0008045C346803F0000C140DA0E4FFF031468
:10FDC00080308C708C2102A06CD94024C2306C71C0
:10FDD0008045031C03300018022006F4C346803F10
:10FDE000000003F08046AE0E6FFFC1400314803068
:10FDF000941D0210D41D4014CAC70000E4C2084577
:10FE0000DF80A9D82C70D8600A096FF114DA0C7061
:10FE10007FDA23DB17BAC341130034751CAED81E3A
:10FE20000210FC1E0010A140A0A6D41E011468A65A
:10FE300049A66A082000421E5810C4C61F80E07FF1
:10FE4000EC1000001F80E07FFC1000001F80E07FAE
:10FE5000F41080001F80E07FE8100000F1C0004235
:10FE600014700C710EF22F826079404000418C209A
:10FE700002800C70CC21828F0000FF0002F20C7116
:10FE8000D1C0E07E00412F2605F0C521840F00007F
:10FE900000FFE07F2E780000ECC3A8C13F80084738
:10FEA0001F1C03303040D81180008BE8C341F000A4
:10FEB000FC0200898420430F00A9D81843201C109D
:10FEC00080204027121787083100031C0330088761
:10FED0007B0871041C184320CB45F0007702008D8D
:10FEE000C1B86B08B10018DA008D42418420030FBD
:10FEF00000ADDE096FE381C021D88C7042C081C0A3
:10FF00007FD9C342A100B1286C718045C346803FB0
:10FF10000000041C803FA000EC407A08AFFF161CD4
:10FF20004336B6DE81C07ED94024C2306C71A20D4A
:10FF30006FFF031C82330E0E2FEE32D8A6188223D9
:10FF4000008D8420030F81B800ADDE0C2000E1405D
:10FF50002C704024C2376C716A08AFFF42401470A5
:10FF60004A2080288AF41F1480304A2040288420A8
:10FF7000030C8C20038482F4DF870E70031C023490
:10FF80000886F1083000E1409E0C0000B6D8031C42
:10FF900002307ED94024C2306C71360D6FFF424072
:10FFA000A20D2FEE0C71820C2000E1401F878A24E5
:10FFB00002700A21800FA100CC2928E0A82080012E
:10FFC0000111820401189200AD707FD94024C23023
:10FFD0006C714240FA0C6FFF031C4233660D2FEE2A
:10FFE0000C710314803054D94024C230A71E021073
:10FFF0006C714240DA0C6FFF031C4233460D2FEE4A
:020000040804EE
:100000000C7103148130BBD8D341803F000061C024
:100010007C1E421053D981C26C71A144A14542405B
:10002000720C6FFF0A26400455D981C26C71A1443D
:10003000A14542400A2640045A0C6FFF61C590D882
:1000400061C056D981C26C71A144A1454240460CA1
:100050006FFF0A26400457D981C26C71A144A145A3
:1000600042400A2640042E0C6FFF041CC33FA8A682
:100070004E870C70607AE1410240CCC7F1C0A1C14B
:100080007F808C70031C42301CE069837ED98045E0
:10009000013386004024C230FA0B6FFF6C71877405
:1000A000D1C0E07EECC3A1C10A200021DF80402046
:1000B0000D078C70A84770415042031C42304DD947
:1000C0004024C2306C718045C346803F0000C60B9F
:1000D0006FFFA14009862C74AC7001300604A1406A
:1000E00042422243AE0E6FFFE144CCC7E8C3A1C138
:1000F00088478C70DF8040200D077040031C423021
:10010000021C82304FD9402482306C718045C34636
:10011000803F00007E0B6FFFA14009864ED940242E
:10012000C230013006046C71AC70A140660B6FFFE9
:10013000E144C8C7E2C3A1C18C70BF80031C423038
:100140001CE060D94024C2306C71C346803F00007F
:10015000420B6FFF804503148030881D0210C2C718
:10016000F1C0A1C1031C42301CE07ED94024C23042
:100170005E0B6FFF6C718774D1C0E07EE6C3A1C1D6
:1001800040200D0768464847031C42304DD94024A3
:10019000C2306C713A0B6FFFA140AA0B2FEE0C71AD
:1001A0002C74A140E1421E0E6FFFC143C6C7000080
:1001B000E2C3A1C140200D07031C4230021C823063
:1001C0004FD9402482306C71060B6FFFA140760B33
:1001D0002FEE0C714ED94024C2306C71F20A6FFFC1
:1001E000A140C2C7E4C3A1C13F09B00040200D0730
:1001F0006B0970004024C23034702C7047F474D9FD
:100200004024C2306C71BE0D6FFFA14003148E30CC
:1002100077D94024C2306C71AA0D6FFFA14003143E
:1002200080300EB830F076D94024C2306C71960D13
:100230006FFFA14003148E3077D94024C2306C7117
:10024000820D6FFFA140031480300AB80420800F94
:10025000000000C00E7926B918F075D96C71660DD2
:100260006FFFA14003148E3077D94024C2306C71E7
:10027000520D6FFFA140031480300CB80420800F92
:10028000000000C00E783E68C5792E78C4C7000013
:10029000E6C3A1C1DF8048476109B00040200D07D7
:1002A000A50970004024C230347082F474D940240F
:1002B000C2306C710E0D6FFFA14074D940248230A2
:1002C0006C71A1400A0A6FFF021CC233760A2FEE3E
:1002D0000C710214803077D94024C2309C1E021069
:1002E0006C71E20C6FFFA14003148130412F0012AA
:1002F000C1B88421030F4BF076D94024C2306C7111
:10030000C20C6FFFA14076D9402482306C71A140AD
:10031000BE096FFF021CC2332A0A2FEE0C710214B1
:10032000803077D94024C2309E1E02106C71960C2A
:100330006FFFA1400314813024BF4427001C842197
:10034000C30325F075D96C717A0C6FFFA14075D984
:10035000402482306C71A14076096FFF021CC233C9
:10036000E2092FEE0C710214803077D94024C2309C
:100370009D1E02106C714E0C6FFFA1400314813062
:1003800026BF442700138421C30C2578021C0230A9
:1003900077D9402482306C7136096FFFA140A609DD
:1003A0002FEE0C71021480309F1E0210C6C7000091
:1003B000E2C3A1C128451CE077D94024C2306C714A
:1003C000020C6FFF031C03300314803027B800AD0C
:1003D000C2C70000E6C3A1C1BF8040200E07284766
:1003E00077D94024C2306C71C140DA0B6FFF031C17
:1003F000033003148030376F40248230C6B825782C
:10040000021C023077D96C71C6086FFFC1400985A4
:1004100032092FEE4830C002021480309F1D0210B6
:10042000C6C70000F1C0A1C11CE07FD94024C23082
:100430006C71920B6FFF031C03300A092FEE0C71D5
:100440008774D1C0E07E0000F1C0A1C11CE07ED95C
:100450004024C2306C717A086FFF031CC33087746C
:10046000D1C0E07EE4C3A1C1BF8040200E0777D990
:100470004024C2306C71C1404A0B6FFF031C033033
:100480000314803077D94024C23086B8031C023070
:100490006C713E086FFFC140AA082FEE0C71031467
:1004A00080309F1D0210C4C7F1C0A1C14C701CE078
:1004B0001309B000031C82300F0950008DE971D977
:1004C00004F073D902F072D94024C230F60A6FFFEB
:1004D0006C71031482308774D1C0E07F404000000B
:1004E000E2C3A1C1BF801CE02909B000031C823017
:1004F000370970004024C23096E971D94024C230D7
:10050000CE0F2FFF6C7103148030991D0210C2C7EB
:1005100073D94024C230BA0F2FFF6C71031480309E
:100520009B1D0210C2C772D9A60F2FFF6C71031456
:1005300080309A1D0210C2C7E6C3A1C1BF804847E0
:10054000547321DA8C002D00031C03303309B000F2
:1005500040200E07470970004024C23022DABAE971
:1005600069D94024C2306C715A0A6FFFC14003142C
:100570008130146F4420000C8421C3031BF069D91F
:100580004024C2306C713E0A6FFFC14003148030BA
:10059000C1BF8420030FE5780EF069D96C71260A7B
:1005A0006FFFC14003148130126F44200003842187
:1005B000C30C2578031C023069D94024C2306C7109
:1005C0000E0F2FFFC140031481304C70911D42105B
:1005D0004040C6C7E4C3A1C1CD7048451CE02D0909
:1005E000B000031C8233370970004024C23022DE81
:1005F0009EE969D94024C230CA096FFF6C710314A7
:100600008030CD7024B812F069D94024C230B609C8
:100610006FFF6C710314803008F069D9A6096FFF71
:100620006C710314803022B8C1B800ADC140C4C79A
:10063000E6C3A1C1DF806847031C82301CE0402470
:10064000C2306C718A0E2FFF2845FA0EEFED016F54
:1006500003148030DD65281D0210C6C720462C70AB
:10066000C342A100B0286C71204429016FFF2045CE
:10067000E2C3A1C1BF801CE0031C03301DE9670970
:100680003101346A79158310442101048423C30B9A
:1006900065798C70031C423051D94024C2306C7192
:1006A000C346803F0000EE0D2FFF804503148030CD
:1006B000791D0210C2C7781581108C706C7184216D
:1006C000030E4579031C423050D94024C230C34642
:1006D000803F0000BE0D2FFF804503148030781D41
:1006E0000210C2C73F8080210501E07F0089000021
:1006F0001F8080200501E07F20A80000E8C2DF8382
:10070000684500268F1F00000C016708F0000E707E
:100710007508B00056268219B10871004A200029D8
:100720000189408908B8057A991E9C10038962895D
:100730004E7A08B8657814B70589248908B82578F1
:100740009B1E1C102C704E0BEFFFA140549F2C7170
:10075000420BEFFFA1409B1642172C72360BEFFFA6
:10076000A1402C71720CEFFFA1400E702EF0208979
:100770000087C0B95508B500BD1E421052082000C0
:10078000A14124F08A20440C20891E66008E442159
:1007900041800E7020AA0DF4310871002C708A0A75
:1007A0002000A14000872508B5000C71E8F18EE813
:1007B00000878C20C38F06F2FFD98A0E2000A1404B
:1007C0002C71660A2000A1400240C8C6EEC3A1C138
:1007D000FF81304000278E1F00000C012F0873049A
:1007E0000845630DB5108A20440CF860008886E83F
:1007F0000240520E2000A141B9108020802704132E
:10080000C6B8B9180220A0A617F091E5ADF28C2564
:100810000290CC25829F0000FF00BAF48A20440C8D
:10082000F860008885E8FFD91A0E20000240FFD842
:100830008027041300A60C706A0E2FFF0241A087C8
:10084000EFF090E5A4F40086E9458C20C38F1042B8
:1008500007F2FFD9EE0D200002407C100D20FC15A0
:1008600000108A210128021C03308C200280CC2039
:10087000828F0000FF00A2F2431500168C20028038
:10088000CC20828F0000FF0098F25E0EEFFF024046
:100890001908910002852F8040798C200280CC209D
:1008A000828F0000FF008AF25ADE7ED915DA32DB31
:1008B0000240AB26081E7E0DEFFF40201327AD70CF
:1008C0000C75820CEFEDAB26081E2C734024823091
:1008D0006C71F20E2FFF624002148030442000033E
:1008E0000F081001A571AF78D9085481AD757C103F
:1008F0000E206DD9402442306C716240C60E2FFF2D
:10090000011C0330011480308C706DD984B8011C37
:100910000230402442306C718045A20B2FFF6240B0
:1009200001148030951E02101A0CEFED32D85AD8FF
:10093000AB20080E0E0CEFED0C751BD94024C23015
:100940006C7162407E0E2FFF031C03300314803055
:100950001D7844204080021C02302FF4A571AF782E
:10096000CF0854812AF0008611DD8C20C38F1041FE
:1009700010F4FE0A200002409B174417749E99173A
:10098000421700417E0D2FFF02404BF0A08649F038
:10099000FFD9B20C20000240D60A200002409B176B
:1009A0004417749E9917421700415A0D2FFF0240B9
:1009B0000240224133F02E724C706C704044024071
:1009C0002A0D2FFF22413410012023D808A7607977
:1009D0000240A410002158100220607A02412087B2
:1009E00005E9A41100015681407AFE0CEFFF024098
:1009F0001F089100A2870DED2F856079A1402D85FC
:100A000008466079A1404E85A141607AC1408C22A0
:100A1000C3AF10DD05F2024042412A0C0000A140A4
:100A2000CEC70000E2C3A1C18A23440CBF8034704A
:100A300079210200796593158C1040A924150610C0
:100A40004624011CCF2122018C70031C42301CE083
:100A50006BD94024C2306C713A0A2FFF80450314D1
:100A60008030931D0210C2C7E4C208451F80B9152B
:100A700081104080C280C6B9B91D421005EAB91282
:100A8000C00025081200620CEFFFA14007EE0F081E
:100A90009100B916C010110812002C744C70D60BBE
:100AA000EFFFA1400C70C4C6E4C20845B910C000F5
:100AB000330812001F852080C28006E9B911C000EA
:100AC00023081200220CEFFFA14008EE0D08910050
:100AD000B916C0100F0812002C744C71960BEFFF62
:100AE000A140B91581100C7087B9B91D4210C4C658
:100AF000EAC23041B911C10034700C010A007C1106
:100B00001020CB4613001875CB44A100B228552005
:100B10004D2CB210CF20F015C39013A5B11080203A
:100B2000B3108120B610C22008BF08BBB5108B20BF
:100B3000E578657948308300008608BA0522C2024C
:100B400048318B002186483288000033020002863B
:100B500000334310208C0030001034704832C20241
:100B60004833C10257A54830C00238A519A548F23C
:100B7000881100207D855E858C1101201DA5022035
:100B8000C0803EA5020CEFE20321818008473E0DA4
:100B90002FFF2240238600304000073601707A473D
:100BA00000000231C003073040005020C10703316C
:100BB000808F4C3ECDCC48000600C3418F3D295C60
:100BC0000330408009F6C3428FBD295C033080802A
:100BD0000041CA2185001F85013102000031800FCC
:100BE000C84200005FA50032810F4842000001307A
:100BF00040004830C002760C2FFF0D7844100126CB
:100C000060792240CAC60000E2C3A1C1BF8120456D
:100C10002C70C342A100722A6192447411097501BB
:100C200048330300033300802471B8F6008A6A1544
:100C30008110461DD810C3B88421030C2578031CED
:100C400002304025000742D94024C230C34413007B
:100C500004B7C346803F00003A082FFF6C710314AD
:100C60008130461500166A1D4210C2C7EAC3A3C1EF
:100C70000846FF86AD701CE08A2081262C73402434
:100C8000C2306C71081C443341C5031C4233021C42
:100C90004233AB20082E2E0B2FFF1041031480305F
:100CA0007ED94024423022B8C1B8031C02306C7196
:100CB00022401E082FFF011C43358A08EFED32D871
:100CC00001148030A61F02100C757A08EFEDAB20DE
:100CD000082E2C73402482306C71EA0A2FFF2240C8
:100CE0000214803022B8C1B815087000021C02300E
:100CF000A571B078D508948223D8CAC769D9402491
:100D000082306C71BE0A2FFF22400214803069D9F4
:100D10004024423086B8011C02306C71B20FEFFEE5
:100D20002240011480307ED940244230911F0210AD
:100D30006C7122409A0FEFFE011CC3300608EFEDE4
:100D400032D801148030AD70A61F02105AD8AB20E3
:100D5000080EF20FAFED32D81BD9402482306C71EF
:100D6000620A2FFF22400214803023B844204080C2
:100D7000021C023005F4A571B078D50894822C705D
:100D8000660CAFFFC140991F1C102C715A0CAFFFAD
:100D9000C1409A1F1C102C724E0CAFFFC1409B1F0C
:100DA0001C102C71320EAFFFC1400CD981C26C7681
:100DB000120A2FFF2240031480301708D0001908B0
:100DC0007000147023D83CF4011C033506F0011C9C
:100DD000C33504F0011C43357ED9402442306C7188
:100DE000EE0EEFFE22405E0FAFED32D801148030E0
:100DF0005ADDCD70A61F0210AB25081E0C75460FDC
:100E0000AFEDAB25081E2C73402482306C71B609FF
:100E10002FFF2240021480300314813022B8C1B861
:100E200013086000021C0230C571D07AD10A948286
:100E300002F00041307065D8CA20E100CAC7000046
:100E4000E2C3A1C1BF801CE01509B500031C03303B
:100E5000BD15811007E9031CC33507F0031C43359A
:100E600003F0031C03358C707ED94024C2306C71B2
:100E7000C346A04200001E0EEFFE804503148030E2
:100E8000A61D0210C2C70000E6C3A1C1BF8128464B
:100E90002C70CB44A1004C2A307A162483100F0A00
:100EA0003501E093F50F249024716B158110028BAE
:100EB0004183241506108421030EC2B825788C7056
:100EC000451D9810031C02303C4E43D94024C230CB
:100ED0006C718045BE0DEFFE8E1DDC130314803057
:100EE000C1416B1D0210A60FEFFE0C70E140C6C79A
:100EF000E2C208451F802C70A1A0431858004F186B
:100F000058004E1858007E092FFF501858008E0FB9
:100F10006FFFA140C2C60000E4C03908F0007F8323
:100F20003708B000147124D81FF49B130D079913D0
:100F30000E079A130C07A4A9C0A928BE82A928BC31
:100F400028BD0C70C1A983A9A5A9001A8501C4C434
:100F5000BD13830004F05623800960880C70C0BB69
:100F600060A9001A4500C4C41F80E07F4510000638
:100F70001F80E07F461000061F80E07F43100006C0
:100F80001F80E07F8E100007C341A100B228E07FE0
:100F900000A90000EEC38224183C4FD840C0C340D3
:100FA000A000BC8581C1760A2FFF80C2B2E8820B07
:100FB0004FEEF2096FEE104310420E7026F05A20E9
:100FC0000D25A060360E6FEE1D7808471DE80787D7
:100FD0009BE881C0B86010101101AD70CD711D0982
:100FE0006E23A1406241420B6FEE42420AE807883D
:100FF00078200100247E85E8A571E70D149885EE20
:10100000198F87B819AF067100C0B70824A081C036
:10101000CEC70000F2C394242F3AC340A000BC8581
:10102000E2092FFF1042CB47F000340003E850D90B
:101030002CF0CB461300E8DA008E1EE8AD70D341E9
:101040001300E0DA0A20802F1300D8DA04100224FB
:10105000041101240024833F000030068A24080084
:101060008A092FFF42402508320058D9008EA57109
:10107000DD0D04904FD840C081C180C242409E091E
:101080002FFF81C605E857D934AF15AFD2C78E7090
:10109000924241F000861D78620D6FEE10430845C4
:1010A00037E80785B5E802863415111086092FFF49
:1010B0003015101010457E092FFF0386033000A560
:1010C000CA214E05C6F7033040A50241CA21490591
:1010D000033100A04C70CA204904033580A0D1F729
:1010E000033040A005F25021FE8703F22CA5033106
:1010F00000A00FF25020FE870BF20DA509F059D881
:1011000014AF161FC21455AF198D87B819AD14E668
:10111000467100C0810A04A0C340A100102C9E0BA0
:101120000FFFD2C7001E4370A100AA28E07EE0781E
:10113000E6C2A2C10A25009058F22847AD09100066
:10114000DA852220800F1300A4B9F543483000004F
:1011500000368E1FFF4600FE07360E100C703268F8
:101160002163C342FF4600FE0031810304318080C9
:1011700074000900C34200C7000004318080680089
:10118000050082C24831C102147AFA1A44800471FF
:10119000CF08D18000168170A100AA280214433123
:1011A0002B790414423106144031C341A100A42814
:1011B0000AF48099110CC11081990D0C811082994B
:1011C000210C001002B160B141B1001E0370A100FA
:1011D000AA2840248130A1402220800F1300C4B7E8
:1011E0000C7005F04041CFF123D8A2C0C6C6E0780C
:1011F000C340F000400280D928A04C802B7AE07DCB
:101200002F27BF006F233F000445A7B924A02F2636
:10121000BF00E07E9BC900000223000067170500A5
:101220000000000000000000D2005E01000000008D
:1012300000000000000000000000000000000000AE
:1012400000010000680300003800000024DB1300E8
:10125000ECDA130002000000015200047F2001407C
:1012600004006F000000FF000000227A0841000522
:101270000000177A0841000A0000187A0841000AA5
:101280000000FE7A08410007002800003900C30072
:10129000015200047F50014006006F030000FF0070
:1012A00000022A00080000010040FEFF18FF0001B4
:1012B0000040400040100000FF000000FF80800858
:1012C00000FFFE7F187FFF0200FF007F007FFF4FBF
:1012D000FFFF7F7FFF7FFF7F0140FE40880000030C
:1012E000004040FF40FF000000FFFFFF40FFFFFF06
:1012F00000404040400000000040404040000000EE
:10130000004040004000000000FFFFFF00FFFFFF23
:101310000000000000000000FFFFFF40FF00FFFF93
:1013200000FF40FF40FFFF00FF404040FF00000083
:10133000004040FF40FF0000FF00FF00FF0000FFF3
:10134000000000000000000000000000000000009D
:10135000000000000000000000000000000000008D
:10136000000000000000000000000000000000007D
:1013700000404040000000000040404040000000AD
:10138000004040404000000000404040400000005D
:1013900000404040400000000000400040808000CD
:1013A000800000FF00FF808080FFFFFF00FFFFFF45
:1013B000800000000080808080000000008080802D
:1013C000800000000000808000FFFFFF00FFFFFFA3
:1013D0000000000000000000FFFFFF00FF80FFFF93
:1013E00080FF00FF00FFFF80FF000000FF80808083
:1013F000800000FF00FF8080FF00FF00FF0000FF73
:1014000000000000000000000000000000000000DC
:1014100000000000000000000000000000000000CC
:1014200000000000000000000000000000000000BC
:10143000000000000080808080000000008080802C
:10144000800000000080808080000000008080809C
:10145000800000000080808080000000000000808C
:101460000100FE008800000400120020003CAC00D7
:10147000AC122020123CAC3C000000000000000038
:10148000CCCDCCCCCD3DCC3DCC00CC00CD00003D76
:101490000058008B003AA000A0588B8B583AA03A15
:1014A000AC122020123CAC3CAC58208B123AA03C31
:1014B000A0588B8B583AA03AAC122020123CAC3C7E
:1014C000CCCDCCCCCD3DCC3DCCCDCCCCCD3DCC3D94
:1014D000CC58CC8BCD3AA03DA0008B005800003AF0
:1014E00000000000000000000000000000000000FC
:1014F00000000000000000000000000000000000EC
:10150000E80A1C1C0A41E841E8121C200A3CAC41D4
:10151000AC122020123CAC3C010100000100010093
:1015200001000000010000000000000000000000B9
:1015300000000000000000000000000000000000AB
:10154000000000000000000000000000000000009B
:10155000000000000000000000000000000000008B
:10156000000000000000000000000000000000007B
:10157000000000000000000000000000000000006B
:10158000000000000000000000000000000000005B
:10159000000000000000000000000000000000004B
:1015A000000000000000000000000000000000003B
:1015B000000000000000000000000000000000002B
:1015C000000000000000000000000000000000001B
:1015D000000000000000000000000000000000000B
:1015E00000000000000000000001FE000800000AEA
:1015F0000087000003006E00F1C02220800F13005E
:101600009CDE0C70D1C0E07EE2C2AD70C341A1008F
:10161000F428136D1621420300614C41A571027933
:101620003474C229A900E220890F13002CB9E10DFE
:101630001194C2C6494E4903543B1100AC28A10085
:101640003A0000000050A8005634000301050205CE
:101650003CBB130003082406080C06082005F4BA56
:101660001300060220A8D80520DC021001000000AB
:10167000280000D813000500000084DA13000000E1
:10168000F428A100F700000000B0DAB03DA1000F7F
:10169000040B10900220940E049802100B049C027C
:1016A000100F04ED010310A002180304AC0208039C
:1016B000040B58070C0203000014057A00083D04CF
:1016C000050000D6FFF93D08080308793E100C819B
:1016D000C00308F93E00004841021B000000C84159
:1016E0000602060210644C42070408C842022B029C
:1016F0000A48430902060220430A040848741D44AC
:101700000B0208D102040F0306100104088004062E
:101710000F050810280328200C000B8880100211E8
:101720002080424C020707030730810B0098C0005D
:10173000141424040A18480811071708081503038D
:101740000B08217D00040207803DFA00040F3EF4DF
:10175000010203103EE8220003047F3FD007020F7E
:1017600000803F19000600320007000000640008F6
:1017700000C800090090010A0020030B00000000CF
:10178000902AA100F400000000422A00020120017A
:1017900010000F01010A0512210207F00204E803FC
:1017A00000000000102719000378220090C61300E3
:1017B000F8BDA8A01300D80208E00208D002087003
:1017C000C31300300204E8020C001EC4C21300A8B8
:1017D000C11300E0020C023B0F030410B427A13038
:1017E0000400D826A1040C0B05B81E053E091048BC
:1017F00044000080129D3F027A000807150100FF97
:10180000030B0102900308030421010FC0380000FC
:1018100000030FC0023005C0A00084D7130060D0C1
:10182000130000020CD813009CD413000402083CDF
:10183000D31300FCD2ABA00204021C84020C1C02D5
:101840000814021890CF1300AC020C000E01C6025F
:10185000F80FC00620CDCC4C02B0060D0003C0C866
:10186000410000D0070400D00706140100FF00006B
:10187000000001030000000000000000102CA10087
:101880001F04000000B269000201F00102050E030E
:10189000C00E10090F4844090C03090B060A14F086
:1018A0006DBC1300440204060F0F070F100410F163
:1018B0000F80021604020403030106320203060B22
:1018C00004C8430000C83F0512020605080D0604BF
:1018D000BD869B130D11020E7FD6D03D02070F036C
:1018E0000410D10F80021605200205FFBE02030F6F
:1018F00080027C0280021904030F800415000F800F
:1019000003160F8003140704CD0F80CFF7021907C9
:10191000130F8005804841022302030F8002130247
:1019200003341F0002140F030B10FE77CB076D0A60
:101930001517DA0F8005801F800A39020B1F00027D
:1019400013001F0003140704EB73960F8002193F66
:101950003402050F030F1000022F1E0422EC228018
:10196000FCBB2F04B7B7041B0F050410A30F8002A4
:1019700016452600020B0F030A10020F3A041CD46E
:101980000280BE7DA40204040D0F050F100210FC9E
:101990000F4602142502040F030510338018800A35
:1019A0003B3B05140D061C2F000D1F0F0E00EA0F08
:1019B0008002223B1F8002140F030000EBED1F7F0B
:1019C00005227402FCE41F80051B0F060410F70FAC
:1019D0008002161C020403032F80FFB62F8003240D
:1019E0000F042F8003202F8003140704F30F8002BD
:1019F000190D02040303030FE33EDC004F800326AE
:101A00000D040F80031EE12E654203080F0403102E
:101A1000D00F800215FEE80E26800F8015000221EF
:101A200004034F00041500C4D925FCB806080316AA
:101A30000F80FBFE03140704CF0F80021927590FF4
:101A4000800580C84F80023209034F80091A0F0AAF
:101A50000510F6FFF40F8002170C020403030F8039
:101A600006806F00032B08041F8003191F00031456
:101A70000704F67FF60F8002191F020403032F806C
:101A80000F8003240F040F8003202F80031407040A
:101A9000E9FB6F0F8002193D3F8002140F033F8066
:101AA00007203F8007180F080710FA0F8002193728
:101AB000FFED0F8002140F030F8007200F8007181F
:101AC0000F080710F90F800219343600020B0F03BC
:101AD0008DDE0A100287270A1400002C42808C0237
:101AE000040C150F0D0A10F80F80021C7CDF323039
:101AF00002050F030F105F000620BC027C5F00068A
:101B00001B0F070410EC0F800216FEDB301F800253
:101B1000140F031F8007200F8007180F080710C03D
:101B20000F80021906165A3F00FFF63F00022B0FE6
:101B3000039F0004203F0004150605CC0F80021807
:101B4000070F80021405035F807F7305160B063FA5
:101B500080031C0F8003140704A40F80021946247D
:101B600002050F030F1000BFFD8F0005218F000538
:101B7000160F060910C80F80021B261600020B0E56
:101B8000038F000E1F020F6FFF8F0002130F030C55
:101B900010E80F80021E392F8002140F032F8007D8
:101BA000204F0007180F08ED7F0710C60F8002199D
:101BB0001D16002F802F80022B0F032F8004202F53
:101BC0000004150605C2FBDF0F8002180F06806FA8
:101BD000800F80022B0F030F8004206F80041506F6
:101BE00005C30F800218FE6F100F80021405033F1B
:101BF0000005160B063F00031C0F8003140704C5E5
:101C00000F80021920FFDB06801F801F00022B0FB0
:101C1000031F0004201F8004150605A00F80021872
:101C20004D2F8002147FFB0F032F8007202F80078A
:101C3000180F080710A10F8002194B0F8002140F14
:101C4000030F8007206FFF0F8007180F080710E7AA
:101C50000F800219354F8002140F03028016A60D63
:101C60001A7F000D1EB1FF0F0E0000E60F80022349
:101C70005E1F0002140F0302800F1304106F800414
:101C8000150F05ED1F0A10A20F80021C430F8002E2
:101C9000140F030F8007200F8007180F08000000A3
:101CA00000000000103DA100360000000032DD0001
:101CB0000201E00102050E03D04103111903050FD3
:101CC000040A10030A0C090B18004CBA13090D0F73
:101CD0000A000000000000000000000000000000FA
:101CE00000000000903DA1000500000001BC28A1FB
:101CF00000000000943DA1000500000001C428A1DF
:101D000000000000983DA1000500000001CC28A1C2
:101D1000000000009C3DA1000500000001B428A1C6
:101D200000000000A03DA1000D00000001D428A18A
:101D300000DC28A100EC28A100000000AC3DA100BF
:101D40000500000001E428A100000000D826A10041
:101D50002DFEFFFF0000000000000000102840588A
:101D60007088A0B804FE060804FE151703050708CE
:101D7000010B0D0F111B12141928000000000000A8
:101D800000000000FD2A0008212B0008F54B010887
:101D9000102840587088A0B80203060400120203FD
:101DA0000604010002100000FD0F0000F80F000003
:101DB000F30F0000EE0F0000E90F0000E30F00003A
:101DC000DE0F0000D90F0000D40F0000CF0F00007D
:101DD000CA0F0000C50F0000C00F0000BB0F0000BD
:101DE000B60F0000B00F0000AB0F0000A60F000000
:101DF000A10F00009C0F0000970F0000920F000041
:101E00008D0F0000880F0000830F00007D0F000081
:101E1000780F0000730F00006E0F0000690F0000C4
:101E2000640F00005F0F00005A0F0000550F000004
:101E3000500F00004A0F0000450F0000400F000047
:101E40003B0F0000360F0000310F00002C0F000088
:101E5000270F0000220F00001C0F0000170F0000CA
:101E6000120F00000D0F0000080F0000030F00000C
:101E7000FE0E0000F90E0000F30E0000EE0E000052
:101E8000E90E0000E40E0000DF0E0000DA0E000094
:101E9000D50E0000D00E0000CA0E0000C50E0000D6
:101EA000C00E0000BB0E0000B60E0000B10E000018
:101EB000AC0E0000A60E0000A10E00009C0E00005B
:101EC000970E0000920E00008D0E0000880E00009C
:101ED000820E00007D0E0000780E0000730E0000E0
:101EE0006E0E0000690E0000640E00005E0E000021
:101EF000590E0000540E00004F0E00004A0E000064
:101F0000450E00003F0E00003A0E0000350E0000A6
:101F1000300E00002B0E0000250E0000200E0000E9
:101F20001B0E0000160E0000110E00000C0E00002B
:101F3000060E0000010E0000FC0D0000F70D000071
:101F4000F20D0000EC0D0000E70D0000E20D0000B6
:101F5000DD0D0000D80D0000D20D0000CD0D0000F9
:101F6000C80D0000C30D0000BD0D0000B80D00003D
:101F7000B30D0000AE0D0000A90D0000A30D000080
:101F80009E0D0000990D0000940D00008E0D0000C4
:101F9000890D0000840D00007F0D0000790D000008
:101FA000740D00006F0D00006A0D0000640D00004C
:101FB0005F0D00005A0D0000540D00004F0D000091
:101FC0004A0D0000450D00003F0D00003A0D0000D5
:101FD000350D00002F0D00002A0D0000250D00001A
:101FE000200D00001A0D0000150D0000100D00005E
:101FF0000A0D0000050D0000000D0000FA0C0000A5
:10200000F50C0000F00C0000EA0C0000E50C0000EC
:10201000E00C0000DA0C0000D50C0000D00C000031
:10202000CA0C0000C50C0000BF0C0000BA0C000078
:10203000B50C0000AF0C0000AA0C0000A50C0000BD
:102040009F0C00009A0C0000940C00008F0C000004
:102050008A0C0000840C00007F0C0000790C00004A
:10206000740C00006F0C0000690C0000640C000090
:102070005E0C0000590C0000530C00004E0C0000D8
:10208000480C0000430C00003E0C0000380C00001F
:10209000330C00002D0C0000280C0000220C000066
:1020A0001D0C0000170C0000120C00000C0C0000AE
:1020B000070C0000010C0000FC0B0000F60B0000F8
:1020C000F10B0000EB0B0000E50B0000E00B000043
:1020D000DA0B0000D50B0000CF0B0000CA0B00008C
:1020E000C40B0000BF0B0000B90B0000B30B0000D5
:1020F000AE0B0000A80B0000A30B00009D0B00001E
:10210000970B0000920B00008C0B0000870B000067
:10211000810B00007B0B0000760B0000700B0000B1
:102120006A0B0000650B00005F0B0000590B0000FC
:10213000540B00004E0B0000480B0000430B000046
:102140003D0B0000370B0000310B00002C0B000092
:10215000260B0000200B00001A0B0000150B0000DE
:102160000F0B0000090B0000030B0000FE0A00002B
:10217000F80A0000F20A0000EC0A0000E60A00007B
:10218000E10A0000DB0A0000D50A0000CF0A0000C7
:10219000C90A0000C30A0000BE0A0000B80A000015
:1021A000B20A0000AC0A0000A60A0000A00A000063
:1021B0009A0A0000940A00008E0A0000890A0000B2
:1021C000830A00007D0A0000770A0000710A0000FF
:1021D0006B0A0000650A00005F0A0000590A00004F
:1021E000530A00004D0A0000470A0000410A00009F
:1021F0003B0A0000350A00002F0A0000290A0000EF
:10220000230A00001C0A0000160A0000100A000041
:102210000A0A0000040A0000FE090000F809000094
:10222000F2090000EB090000E5090000DF090000E9
:10223000D9090000D3090000CD090000C60900003B
:10224000C0090000BA090000B4090000AD0900008F
:10225000A7090000A10900009A09000094090000E4
:102260008E09000088090000810900007B09000038
:10227000740900006E09000068090000610900008F
:102280005B090000540900004E09000048090000E5
:10229000410900003B090000340900002E0900003C
:1022A00027090000210900001A0900001409000094
:1022B0000D0900000609000000090000F9080000EF
:1022C000F3080000EC080000E5080000DF0800004B
:1022D000D8080000D1080000CB080000C4080000A6
:1022E000BD080000B6080000B0080000A908000002
:1022F000A20800009B080000950800008E0800005E
:1023000087080000800800007908000072080000BB
:102310006B080000640800005D080000560800001B
:102320004F08000048080000410800003A0800007B
:10233000330800002C080000250800001E080000DB
:10234000170800001008000008080000010800003D
:10235000FA070000F3070000EC070000E4070000A4
:10236000DD070000D6070000CE070000C707000009
:10237000C0070000B8070000B1070000A90700006F
:10238000A20700009A070000930700008B070000D7
:10239000840700007C070000750700006D0700003F
:1023A000650700005E070000560700004E070000AA
:1023B000460700003E070000370700002F07000017
:1023C000270700001F070000170700000F07000085
:1023D00007070000FF060000F7060000EF060000F8
:1023E000E7060000DF060000D7060000CE0600006A
:1023F000C6060000BE060000B5060000AD060000DF
:10240000A50600009C060000940600008B06000054
:10241000830600007A0600007206000069060000CC
:1024200060060000580600004F0600004606000047
:102430003D060000340600002B06000022060000C6
:10244000190600001006000007060000FE05000047
:10245000F5050000EC050000E2050000D9050000CC
:10246000D0050000C6050000BD050000B305000052
:10247000A9050000A0050000960500008C050000DD
:1024800082050000780500006E050000640500006C
:102490005A05000050050000460500003B050000FD
:1024A00031050000260500001C0500001105000094
:1024B00006050000FC040000F1040000E604000032
:1024C000DB040000D0040000C4040000B9040000D4
:1024D000AE040000A2040000960400008B0400007B
:1024E0007F04000073040000670400005A04000029
:1024F0004E040000410400003504000028040000E0
:102500001B0400000E04000001040000F30300009F
:10251000E6030000D8030000CA030000BC0300006B
:10252000AE0300009F030000900300008203000040
:102530007203000063030000530300004303000024
:102540003303000022030000110300000003000019
:10255000EE020000DC020000C9020000B60200002A
:10256000A20200008E020000790200006302000057
:102570004D020000360200001E02000004020000AE
:10258000EA010000CE010000B0010000900100004F
:102590006D010000460100001B010000E700000083
:1025A000A30000000000000006000000070000007B
:1025B00008000000090000000A0000000B000000F5
:1025C0000B0000000C0000000D0000000D000000DA
:1025D0000E0000000E0000000F0000000F000000C1
:1025E00010000000100000001100000011000000A9
:1025F0001200000012000000130000001300000091
:102600001400000014000000140000001500000079
:102610001500000016000000160000001600000063
:10262000170000001700000017000000180000004D
:102630001800000018000000190000001900000038
:10264000190000001A0000001A0000001A00000023
:102650001B0000001B0000001B0000001B0000000E
:102660001C0000001C0000001C0000001D000000F9
:102670001D0000001D0000001D0000001E000000E5
:102680001E0000001E0000001E0000001F000000D1
:102690001F0000001F0000001F00000020000000BD
:1026A00020000000200000002000000021000000A9
:1026B0002100000021000000210000002200000095
:1026C0002200000022000000220000002300000081
:1026D000230000002300000023000000240000006D
:1026E000240000002400000024000000240000005A
:1026F0002500000025000000250000002500000046
:102700002600000026000000260000002600000031
:10271000260000002700000027000000270000001E
:10272000270000002700000028000000280000000B
:1027300028000000280000002800000029000000F8
:1027400029000000290000002900000029000000E5
:102750002A0000002A0000002A0000002A000000D1
:102760002A0000002B0000002B0000002B000000BE
:102770002B0000002B0000002B0000002C000000AC
:102780002C0000002C0000002C0000002C00000099
:102790002D0000002D0000002D0000002D00000085
:1027A0002D0000002D0000002E0000002E00000073
:1027B0002E0000002E0000002E0000002E00000061
:1027C0002F0000002F0000002F0000002F0000004D
:1027D0002F0000002F00000030000000300000003B
:1027E0003000000030000000300000003000000029
:1027F0003100000031000000310000003100000015
:102800003100000031000000320000003200000002
:1028100032000000320000003100000033000000F0
:1028200034000000350000003600000037000000D2
:10283000390000003A0000003B0000003C000000AE
:102840003D0000003E0000003F000000400000008E
:10285000410000004200000043000000440000006E
:10286000450000004600000047000000480000004E
:1028700048000000490000004A0000004B00000032
:102880004C0000004D0000004E0000004E00000013
:102890004F000000500000005100000052000000F6
:1028A00052000000530000005400000055000000DA
:1028B00055000000560000005700000058000000BE
:1028C00058000000590000005A0000005B000000A2
:1028D0005B0000005C0000005D0000005D00000087
:1028E0005E0000005F0000005F000000600000006C
:1028F0006100000061000000620000006300000051
:102900006300000064000000650000006500000036
:10291000660000006600000067000000680000001C
:1029200068000000690000006A0000006A00000002
:102930006B0000006B0000006C0000006D000000E8
:102940006D0000006E0000006E0000006F000000CF
:102950006F000000700000007100000071000000B6
:10296000720000007200000073000000730000009D
:102970007400000074000000750000007600000084
:10298000760000007700000077000000780000006B
:102990007800000079000000790000007A00000053
:1029A0007A0000007B0000007B0000007C0000003B
:1029B0007C0000007D0000007D0000007E00000023
:1029C0007E0000007F0000007F000000800000000B
:1029D00080000000810000008100000082000000F3
:1029E00082000000830000008300000084000000DB
:1029F00084000000850000008500000086000000C3
:102A000086000000870000008700000088000000AA
:102A10008800000089000000890000008A00000092
:102A20008A0000008B0000008B0000008B0000007B
:102A30008C0000008C0000008D0000008D00000064
:102A40008E0000008E0000008F0000008F0000004C
:102A50009000000090000000900000009100000035
:102A6000910000009200000092000000930000001E
:102A70009300000094000000940000009400000007
:102A800095000000950000009600000096000000F0
:102A900097000000970000009700000098000000D9
:102AA00098000000990000009900000099000000C3
:102AB0009A0000009A0000009B0000009B000000AC
:102AC0009C0000009C0000009C0000009D00000095
:102AD0009D0000009E0000009E0000009E0000007F
:102AE0009F0000009F000000A0000000A000000068
:102AF000A0000000A1000000A1000000A200000052
:102B0000A2000000A2000000A3000000A30000003B
:102B1000A4000000A4000000A4000000A500000024
:102B2000A5000000A6000000A6000000A60000000E
:102B3000A7000000A7000000A7000000A8000000F8
:102B4000A8000000A9000000A9000000A9000000E2
:102B5000AA000000AA000000AA000000AB000000CC
:102B6000AB000000AC000000AC000000AC000000B6
:102B7000AD000000AD000000AD000000AE000000A0
:102B8000AE000000AF000000AF000000AF0000008A
:102B9000B0000000B0000000B0000000B100000074
:102BA000B1000000B1000000B2000000B20000005F
:102BB000B3000000B3000000B3000000B400000048
:102BC000B4000000B4000000B5000000B500000033
:102BD000B5000000B6000000B6000000B60000001E
:102BE000B7000000B7000000B7000000B800000008
:102BF000B8000000B9000000B9000000B9000000F2
:102C0000BA000000BA000000BA000000BB000000DB
:102C1000BB000000BB000000BC000000BC000000C6
:102C2000BC000000BD000000BD000000BD000000B1
:102C3000BE000000BE000000BE000000BF0000009B
:102C4000BF000000BF000000C0000000C000000086
:102C5000C0000000C1000000C1000000C100000071
:102C6000C2000000C2000000C2000000C30000005B
:102C7000C3000000C3000000C4000000C400000046
:102C8000C4000000C5000000C5000000C500000031
:102C9000C6000000C6000000C6000000C70000001B
:102CA000C7000000C7000000C8000000C800000006
:102CB000C8000000C8000000C9000000C9000000F2
:102CC000C9000000CA000000CA000000CA000000DD
:102CD000CB000000CB000000CB000000CC000000C7
:102CE000CC000000CC000000CD000000CD000000B2
:102CF000CD000000CE000000CE000000CE0000009D
:102D0000CE000000CF000000CF000000CF00000088
:102D1000D0000000D0000000D0000000D100000072
:102D2000D1000000D1000000D2000000D20000005D
:102D3000D2000000D2000000D3000000D300000049
:102D4000D3000000D4000000D4000000D400000034
:102D5000D5000000D5000000D5000000D50000001F
:102D6000D6000000D6000000D6000000D70000000A
:102D7000D7000000D7000000D8000000D8000000F5
:102D8000D8000000D8000000D9000000D9000000E1
:102D9000D9000000DA000000DA000000DA000000CC
:102DA000DB000000DB000000DB000000DB000000B7
:102DB000DC000000DC000000DC000000DD000000A2
:102DC000DD000000DD000000DD000000DE0000008E
:102DD000DE000000DE000000DF000000DF00000079
:102DE000DF000000DF000000E0000000E000000065
:102DF000E0000000E1000000E1000000E100000050
:102E0000E1000000E2000000E2000000E20000003B
:102E1000E3000000E3000000E3000000E300000026
:102E2000E4000000E4000000E4000000E500000011
:102E3000E5000000E5000000E5000000E6000000FD
:102E4000E6000000E6000000E6000000E7000000E9
:102E5000E7000000E7000000E8000000E8000000D4
:102E6000E8000000E8000000E9000000E9000000C0
:102E7000E9000000EA000000EA000000EA000000AB
:102E8000EA000000EB000000EB000000EB00000097
:102E9000EB000000EC000000EC000000EC00000083
:102EA000ED000000ED000000ED000000ED0000006E
:102EB000EE000000EE000000EE000000EE0000005A
:102EC000EF000000EF000000EF000000EF00000046
:102ED000F0000000F0000000F0000000F100000031
:102EE000F1000000F1000000F1000000F20000001D
:102EF000F2000000F2000000F2000000F300000009
:102F0000F3000000F3000000F3000000F4000000F4
:102F1000F4000000F4000000F4000000F5000000E0
:102F2000F5000000F5000000F6000000F6000000CB
:102F3000F6000000F6000000F7000000F7000000B7
:102F4000F7000000F7000000F8000000F8000000A3
:102F5000F8000000F8000000F9000000F90000008F
:102F6000F9000000F9000000FA000000FA0000007B
:102F7000FA000000FA000000FB000000FB00000067
:102F8000FB000000FB000000FC000000FC00000053
:102F9000FC000000FC000000FD000000FD0000003F
:102FA000FD000000FD000000FE000000FE0000002B
:102FB000FE000000FE000000FF000000FF00000017
:102FC000FF000000FF000000000100000001000001
:102FD00000010000000100000101000001010000EB
:102FE00001010000010100000201000002010000D7
:102FF00002010000020100000301000003010000C3
:1030000003010000030100000401000004010000AE
:10301000040100000401000005010000050100009A
:103020000501000005010000060100000601000086
:103030000601000006010000070100000701000072
:10304000070100000701000008010000080100005E
:10305000080100000801000009010000090100004A
:1030600009010000090100000A0100000A01000036
:103070000A0100000A0100000B0100000B01000022
:103080000B0100000B0100000B0100000C0100000F
:103090000C0100000C0100000C0100000D010000FB
:1030A0000D0100000D0100000D0100000E010000E7
:1030B0000E0100000E0100000E0100000F010000D3
:1030C0000F0100000F0100000F01000010010000BF
:1030D00010010000100100001001000010010000AC
:1030E0001101000011010000110100001101000098
:1030F0001201000012010000120100001201000084
:10310000130100001301000013010000130100006F
:10311000140100001401000014010000140100005B
:103120001401000015010000150100001501000048
:103130001501000016010000160100001601000034
:103140001601000017010000170100001701000020
:10315000170100001701000018010000180100000D
:1031600018010000180100001901000019010000F9
:103170001901000019010000190100001A010000E6
:103180001A0100001A0100001A0100001B010000D2
:103190001B0100001B0100001B0100001C010000BE
:1031A0001C0100001C0100001C0100001C010000AB
:1031B0001D0100001D0100001D0100001D01000097
:1031C0001E0100001E0100001E0100001E01000083
:1031D0001E0100001F0100001F0100001F01000070
:1031E0001F0100002001000020010000200100005C
:1031F0002001000020010000210100002101000049
:103200002101000021010000220100002201000034
:103210002201000022010000220100002301000021
:10322000230100002301000023010000240100000D
:1032300024010000240100002401000024010000FA
:1032400025010000250100002501000025010000E6
:1032500026010000260100002601000026010000D2
:1032600026010000270100002701000027010000BF
:1032700027010000270100002801000028010000AC
:103280002801000028010000290100002901000098
:103290002901000029010000290100002A01000085
:1032A0002A0100002A0100002A0100002A01000072
:1032B0002B0100002B0100002B0100002B0100005E
:1032C0002C0100002C0100002C0100003863ED3EB1
:1032D000DA0F493F5E987B3FDA0FC93F6937AC315F
:1032E00068212233B40F14336821A2330000000098
:1032F000000000000000F03F748515D3B0D9EF3F07
:103300000F89F96C58B5EF3F515B12D00193EF3F35
:103310007B517D3CB872EF3FAAB968318754EF3FCB
:103320003862756E7A38EF3FE1DE1FF59D1EEF3F84
:1033300015B7310AFE06EF3FCBA93A37A7F1EE3FAA
:103340002234124CA6DEEE3F2D89616008CEEE3F9E
:10335000272A36D5DABFEE3F824F9D562BB4EE3F7B
:10336000295448DD07ABEE3F85553AB07EA4EE3FC9
:10337000CD3B7F669EA0EE3F745FECE8759FEE3F0D
:103380008701EB7314A1EE3F13CE4C9989A5EE3F54
:10339000DBA02A42E5ACEE3FE5C5CDB037B7EE3F46
:1033A00090F0A38291C4EE3F5D253EB203D5EE3F7F
:1033B000ADD35A999FE8EE3F475EFBF276FFEE3FB2
:1033C0009C5285DD9B19EF3F6990EFDC2037EF3F82
:1033D00087A4FBDC1858EF3F5F9B7B33977CEF3F64
:1033E000DA90A4A2AFA4EF3F40456E5B76D0EF3FEA
:1033F000000000000000E8429423914BF86AAC3FC3
:10340000F3C4FA50CEBFCE3FD6520CFF422EE63F59
:103410000000000000003843FE822B65471547403E
:103420009423914BF86ABC3EF3C4FA50CEBF2E3FB2
:10343000D6520CFF422E963FBEF3F879EC61F63F70
:10344000DEAA8C80F77BD5BF3D88AF4AED71F53F92
:10345000DB6DC0A7F0BED2BFB010F0F03995F43FDD
:10346000673A517FAE1ED0BF8503B8B095C9F33F10
:10347000E92482A6D831CBBFA564880C190DF33F8F
:103480005877C00A4F57C6BFA08E0B7B225EF23F13
:1034900000819CC72BAAC1BF3F341A4A4ABBF13FE7
:1034A0005E0E8CCE764EBABFBAE58AF05823F13F55
:1034B000CC1C615A3C97B1BFA70099413F95F03FA2
:1034C0001E0CE138F452A2BF000000000000F03FE3
:1034D0000000000000000000AC479AFD8C60EE3F49
:1034E0008459F25DAAA5AA3FA06A021FB3A4EC3FCB
:1034F000B42E36AA535EBC3FE6FC6A573620EB3F3B
:1035000008DB2077E526C53F2DAAA163D1C2E93F9C
:103510007047220D86C2CB3FED417803E686E83F37
:10352000E17EA0C88B05D13F624853F5DC67E73FD9
:1035300009EEB6573004D43FEF39FAFE422EE63F8B
:103540003483B848A30ED0BF6A0BE00B5B57D53F5E
:1035500023410AF2FEFFDFBFBEF3F879EC61F63FCC
:103560001930965BC6FEDEBF3D88AF4AED71F53F70
:10357000A4FCD432680BDBBFB010F0F03995F43FF7
:103580007BB71F0A8B41D7BF8503B8B095C9F33FFE
:103590007BCF6D1AE99DD3BFA564880C190DF33F4D
:1035A00031B6F2F39B1DD0BFA08E0B7B225EF23FA3
:1035B000F07A3B1B1D7CC9BF3F341A4A4ABBF13F1E
:1035C0009F3CAF93E3F9C2BFBAE58AF05823F13FBD
:1035D0005C8D78BFCB60B9BFA70099413F95F03FA4
:1035E000CE5F47B69D6FAABF000000000000F03F0D
:1035F0000000000000000000AC479AFD8C60EE3F28
:103600003DF5249FCA38B33FA06A021FB3A4EC3F24
:10361000BA913854A976C43FE6FC6A573620EB3F8E
:10362000D2E4C44A0B84CE3F2DAAA163D1C2E93FA4
:103630001C65C6F04506D43FED417803E686E83FB9
:10364000F89F1B2C9C8ED83F624853F5DC67E73F00
:10365000CC7BB14EA4E0DC3F0B6E49C91676D23F5D
:103660007AC675A06919D7BFDDBAA76C0AC7DE3F55
:10367000C8F6BE484715E7BF2BB82A654715F73F80
:10368000A2000000F9A2000083F9A2006E83F9A253
:103690004E6E83F9444E6E8315444E6E2915444E8A
:1036A000FC29154427FC29155727FC29D15727FC4D
:1036B000F5D1572734F5D157DD34F5D1C0DD34F5D8
:1036C000DBC0DD3462DBC0DD9562DBC0999562DB77
:1036D0003C999562433C999590433C994190433C79
:1036E000000000000000F03F000000000000F0BFFC
:1036F000000000000000F0BF000000000000F03FEC
:1037000083C8C96D305F6441182D4454FB21F93FD3
:10371000000000000000F03F1C620CFDFFFFDFBF57
:10372000198F06E15355A53F9D359AE887C056BFCE
:10373000C3F87B024393F93E03A695595455C5BF80
:10374000C40B23057610813F24CF7437EB9429BF37
:10375000000000000000F03F000000000000F0BF8B
:10376000000000000000F0BF000000000000F03F7B
:1037700083C8C96D305F6441182D4454FB21F93F63
:10378000000000000000F0BF1C620CFDFFFFDF3FE7
:10379000198F06E15355A5BF9D359AE887C0563F5E
:1037A000C3F87B024393F9BE03A695595455C5BF90
:1037B000C40B23057610813F24CF7437EB9429BFC7
:1037C000DB0F49BFE4CB1640E4CB16C000000080FD
:1037D000DB0F4940DB0F49C0000000000000008003
:1037E000000FC93F000F494000CB9640000FC94071
:1037F0000053FB4000CB164100ED2F41000F494123
:103800000031624100537B41003A8A4100CB96412E
:10381000005CA34100EDAF41007EBC41000FC941F7
:1038200000A0D5410031E24100C2EE410053FB410E
:1038300000F20342003A0A420083104200CB1642D3
:1038400000141D42005C234200A5294200ED2F42D6
:1038500000363642007E3C4200C74242000F4942D9
:10386000A2000000F9000000830000006E000000CC
:103870004E00000044000000150000002900000078
:10388000FC0000002700000057000000D1000000ED
:10389000F500000034000000DD000000C000000062
:1038A000DB000000620000009500000099000000AD
:1038B0003C000000430000009000000041000000B8
:1038C000FE0000005100000063000000AB0000009B
:1038D000DE000000BB000000C50000006100000029
:1038E000B7000000240000006E0000003A00000055
:1038F000420000004D000000D2000000E000000087
:1039000006000000490000002E000000EA00000050
:1039100009000000D1000000920000001C0000001F
:10392000FE0000001D000000EB0000001C00000075
:10393000B100000029000000A70000003E000000C8
:10394000E80000008200000035000000F5000000E3
:103950002E000000BB0000004400000084000000B6
:10396000E90000009C00000070000000260000003C
:10397000B40000005F0000007E0000004100000075
:103980003900000091000000D6000000390000005E
:10399000830000005300000039000000F400000024
:1039A0009C000000840000005F0000008B0000000D
:1039B000BD000000F9000000280000003B000000EE
:1039C0001F000000F800000097000000FF0000004A
:1039D000DE00000005000000980000000F0000005D
:1039E000EF0000002F000000110000008B0000001D
:1039F0005A0000000A0000006D0000001F000000D7
:103A00006D000000360000007E000000CF000000C6
:103A100027000000CB00000009000000B7000000F4
:103A20004F000000460000003F000000660000005C
:103A30009E0000005F000000EA0000002D00000072
:103A40007500000027000000BA000000C700000059
:103A5000EB000000E5000000F10000007B0000002A
:103A60003D0000000700000039000000F7000000E2
:103A70008A0000005200000092000000EA000000EE
:103A80006B000000FB0000005F000000B1000000C0
:103A90001F0000008D0000005D0000000800000015
:103AA0005600000003000000300000004600000047
:103AB000FC0000007B0000006B000000AB00000079
:103AC000F0000000CF000000BC000000200000005B
:103AD0009A000000F4000000360000001D00000005
:103AE000A9000000E3000000910000006100000058
:103AF0005E000000E60000001B000000080000005F
:103B00006500000099000000850000005F000000D3
:103B100014000000A0000000680000004000000049
:103B20008D000000FF000000D800000080000000B1
:103B30004D0000007300000027000000310000006D
:103B400006000000060000001500000056000000FE
:103B5000CA00000073000000A8000000C9000000B7
:103B600060000000E20000007B000000C0000000D8
:103B70008C0000006B0000000000C93F0000F0391D
:103B80000000DA370000A2330000842E0000502B22
:103B90000000C2270000D0220000C41F0000C61B86
:103BA00000004417040000000700000009000000A6
:103BB000BC0100245245454E54206D616C6C6F630E
:103BC00020737563636565646564002F6275696C55
:103BD000642F676E752D746F6F6C732D666F722D09
:103BE00073746D33325F392D323032302D71322D96
:103BF0007570646174652E32303230313030312D61
:103C0000313632312F7372632F6E65776C69622F94
:103C10006E65776C69622F6C6962632F7374646C74
:103C200069622F72616E642E63002C2066756E636C
:103C300074696F6E3A2000617373657274696F6E98
:103C40002022257322206661696C65643A206669CA
:103C50006C6520222573222C206C696E65202564FA
:103C6000257325730A00232D302B2000686C4C002F
:103C7000656667454647003031323334353637386C
:103C800039414243444546003031323334353637CA
:103C9000383961626364656600000000000000005E
:103CA0000000000000000000000000000000000014
:103CB0000000000000000000000000000000000004
:103CC00000000000000000000000000000000000F4
:103CD00000000000000000000000000000000000E4
:103CE00000000000000000000000000000000000D4
:0C3CF000000000000000000000000000C8
:083CFC002CCAFB7F010000004F
:103D0400C5020008850A0008412B0008152E00088A
:103D140079FD00088D02010841160108E51D01081E
:083D2400651F0108C5FA010842
:043D2C00A1020008E8
:103D3000DC6B0224946E02244C710224047402246D
:103D4000BC7602240090D0030090D0031000000045
:103D5000010000000A06000200000040010000000F
:103D600021D000081FD1000895D1000800000000F4
:103D700045D4000825D30008EFD300080000000058
:103D80000000000000000000C1D40008A1D4000819
:103D9000E1D4000801D5000809024300020100C077
:103DA000320904000001020201000524001001058F
:103DB00024010001042402020524060001070582F3
:103DC0000308001009040100020A000000070501B1
:103DD0000200020007058102000200000902430000
:103DE000020100C0320904000001020201000524A2
:103DF000001001052401000104240202052406002C
:103E0000010705820308001009040100020A0000EE
:103E10000007050102400000070581024000000084
:103E200009074300020104C0320904000001020234
:103E300001000524001001052401000104240202F0
:103E4000052406000107058203080010090401008B
:103E5000020A000000070501024000000705810278
:103E600040000000E05402081453022418530224B6
:103E70001C53022420530224FF00000049150208AD
:103E800071150208811502083D160208B1160208D4
:103E9000D5160208F9160208591702081D1702085C
:103EA00081170208A5170208E11702081201000293
:103EB0000202004083044057000201020301000097
:103EC000040309041A0300000000000000000000C1
:103ED00000000000000000000000000000000000E2
:103EE00035440208FF000000BC010024000000006F
:103EF000BC3C0408DC3C04089C3C040800000000B6
:103F000000000000000000000000000000000000B1
:103F100000000000000000000000000000000000A1
:103F20000000000000000000000000000000000091
:103F30000000000000000000000000000000000081
:0C3F400000000000000000000000000075
:0400000508006B196B
:00000001FF
