:020000040800F2
:1000000000000220456B00083168000837680008CE
:100010003D680008436800084968000800000000C7
:100020000000000000000000000000004F68000811
:100030005D680008000000006B680008796800082F
:10004000956B0008956B0008956B0008956B000890
:10005000956B0008956B0008956B0008956B000880
:10006000956B0008956B0008956B0008956B000870
:10007000956B0008956B0008956B0008956B000860
:10008000956B0008956B0008956B0008956B000850
:10009000956B0008956B0008956B0008956B000840
:1000A000956B0008956B0008956B0008956B000830
:1000B000956B0008956B0008956B0008956B000820
:1000C000956B0008956B0008956B0008956B000810
:1000D000956B000855100008051000089D0B0108DD
:1000E000956B0008956B000800000000956B0008F8
:1000F000956B0008956B0008956B0008956B0008E0
:10010000956B0008956B0008956B0008956B0008CF
:100110002D10000841100008956B0008956B000831
:10012000956B0008956B0008956B0008956B0008AF
:10013000956B0008956B0008956B0008956B00089F
:1001400000000000000000000000000000000000AF
:10015000956B0008956B0008956B000865FD00081D
:10016000956B0008956B0008956B0008956B00086F
:10017000956B0008956B0008956B00080000000067
:10018000956B0008956B000819100008F10F000826
:10019000956B0008956B0008956B0008956B00083F
:1001A000956B0008956B0008956B0008956B00082F
:1001B000956B0008956B0008956B0008956B00081F
:1001C000956B0008956B0008956B0008956B00080F
:1001D000956B000895680008956B0008956B000802
:1001E000956B0008956B0008956B0008956B0008EF
:1001F000956B0008956B0008956B0008956B0008DF
:10020000956B0008956B0008956B0008956B0008CE
:10021000956B0008956B0008956B0008956B0008BE
:10022000956B0008956B0008956B000800000000B6
:10023000956B0008956B000800000000956B0008A6
:10024000956B0008956B0008956B0008956B00088E
:10025000956B0008956B0008956B0008956B00087E
:10026000956B0008956B0008956B0008956B00086E
:10027000956B0008956B0008956B00080000000066
:10028000956B0008956B0008956B00080000000056
:0802900000000000956B00085E
:1002A00010B5054C237833B9044B13B10448AFF3B0
:1002B00000800123237010BD100200240000000004
:1002C000E034020808B5034B1BB103490348AFF300
:1002D000008008BD0000000014020024E034020881
:1002E00001F0FF01102A2BDB10F0070F08D010F8E7
:1002F000013B013A8B422DD010F0070F42B3F6D1EB
:10030000F0B441EA012141EA014122F007047FF003
:1003100000070023F0E80256083C85EA010586EA5A
:10032000010685FA47F5A3FA87F586FA47F6A5FA96
:1003300087F68EB9EED1F0BC01F0FF0102F00702A2
:1003400032B110F8013B013A83EA010313B1F8D14D
:100350000020704701387047002D06BF354603382E
:10036000073815F0010F07D1013015F4807F02BF67
:10037000013015F4C03F0130F0BC0138704700BFB8
:1003800081F0004102E000BF83F0004330B54FEA46
:1003900041044FEA430594EA050F08BF90EA020FB3
:1003A0001FBF54EA000C55EA020C7FEA645C7FEA46
:1003B000655C00F0E2804FEA5454D4EB5555B8BF69
:1003C0006D420CDD2C4480EA020281EA030382EADA
:1003D000000083EA010180EA020281EA0303362D6C
:1003E00088BF30BD11F0004F4FEA01314FF4801C3F
:1003F0004CEA113102D0404261EB410113F0004F51
:100400004FEA03334CEA133302D0524263EB430307
:1004100094EA050F00F0A780A4F10104D5F1200EA5
:100420000DDB02FA0EFC22FA05F2801841F1000100
:1004300003FA0EF2801843FA05F359410EE0A5F1D4
:1004400020050EF1200E012A03FA0EFC28BF4CF005
:10045000020C43FA05F3C01851EBE37101F00045BB
:1004600007D54FF0000EDCF1000C7EEB00006EEBC8
:100470000101B1F5801F1BD3B1F5001F0CD3490852
:100480005FEA30004FEA3C0C04F101044FEA4452A9
:1004900012F5800F80F09A80BCF1004F08BF5FEA30
:1004A000500C50F1000041EB045141EA050130BD10
:1004B0005FEA4C0C404141EB0101013C28BFB1F522
:1004C000801FE9D291F0000F04BF01460020B1FA6D
:1004D00081F308BF2033A3F10B03B3F120020CDA40
:1004E0000C3208DD02F1140CC2F10C0201FA0CF01E
:1004F00021FA02F10CE002F11402D8BFC2F1200C83
:1005000001FA02F120FA0CFCDCBF41EA0C01904038
:10051000E41AA2BF01EB0451294330BD6FEA040481
:100520001F3C1CDA0C340EDC04F11404C4F120026C
:1005300020FA04F001FA02F340EA030021FA04F37E
:1005400045EA030130BDC4F10C04C4F1200220FAD5
:1005500002F001FA04F340EA0300294630BD21FA13
:1005600004F0294630BD94F0000F83F4801306BFD9
:1005700081F480110134013D4EE77FEA645C18BFCD
:100580007FEA655C29D094EA050F08BF90EA020F64
:1005900005D054EA000C04BF1946104630BD91EA5C
:1005A000030F1EBF0021002030BD5FEA545C05D15F
:1005B0004000494128BF41F0004130BD14F580049E
:1005C0003CBF01F5801130BD01F0004545F0FE4112
:1005D00041F470014FF0000030BD7FEA645C1ABF47
:1005E000194610467FEA655C1CBF0B46024650EA7E
:1005F000013406BF52EA033591EA030F41F40021AA
:1006000030BD00BF90F0000F04BF0021704730B52F
:100610004FF4806404F132044FF000054FF0000104
:1006200050E700BF90F0000F04BF0021704730B5C5
:100630004FF4806404F1320410F0004548BF40429A
:100640004FF000013EE700BF42004FEAE2014FEAEF
:1006500031014FEA02701FBF12F07F4393F07F4FCA
:1006600081F06051704732F07F4208BF704793F0CD
:100670007F4F04BF41F40021704730B54FF46074E0
:1006800001F0004521F000411CE700BF50EA0102E3
:1006900008BF704730B54FF000050AE050EA01028C
:1006A00008BF704730B511F0004502D5404261EBFC
:1006B00041014FF4806404F132045FEA915C3FF43D
:1006C000D8AE4FF003025FEADC0C18BF03325FEADA
:1006D000DC0C18BF033202EBDC02C2F1200300FA8B
:1006E00003FC20FA02F001FA03FE40EA0E0021FAB0
:1006F00002F11444BDE600BF53B94AB9002908BF4E
:1007000000281CBF4FF0FF314FF0FF3000F06EB9F2
:10071000ADF1080C6DE904CE00F006F8DDF804E058
:10072000DDE9022304B070472DE9F047089D044637
:100730008C46002B40F083808A42174647D9B2FA94
:1007400082F242B1C2F1200024FA00F091409740B9
:1007500040EA010C94404FEA1748230CBCFBF8F622
:100760001FFA87FE08FB16C143EA014306FB0EF1A0
:10077000994209D9FB1806F1FF3080F0198199429E
:1007800040F21681023E3B445B1AA4B2B3FBF8F080
:1007900008FB103344EA034400FB0EFEA64509D9CA
:1007A0003C1900F1FF3380F00581A64540F202813B
:1007B00002383C4440EA0640A4EB0E0400261DB17A
:1007C000D4400023C5E900433146BDE8F08702B9B3
:1007D000FFDEB2FA82F2002A50D1CB1B4FEA174E4D
:1007E0001FFA87F80126B3FBFEFC210C0EFB1C331D
:1007F00041EA034108FB0CF38B4207D979180CF14D
:10080000FF3002D28B4200F2E9808446C91AA3B2BB
:10081000B1FBFEF00EFB101143EA014408FB00F8A7
:10082000A04507D93C1900F1FF3302D2A04500F2E0
:10083000D9801846A4EB080440EA0C40BFE78B427D
:1008400009D9002D00F0B1800026C5E9000130462D
:100850003146BDE8F087B3FA83F6002E4AD18B42C9
:1008600002D3824200F2B880841A61EB03010120B6
:100870008C46002DA8D0C5E9004CA5E7C2F12003A5
:1008800020FA03F6974001FA02F04FEA174ED940DA
:100890003043030CB1FBFEF61FFA87F80EFB16116E
:1008A00043EA014306FB08F1994204FA02F409D92C
:1008B000FB1806F1FF3C80F08D80994240F28A805F
:1008C000023E3B445B1A81B2B3FBFEF00EFB1033D9
:1008D00041EA034100FB08F38B4207D9791800F184
:1008E000FF3C73D28B4271D902383944CB1A40EAAB
:1008F000064678E7C6F1200C03FA06F422FA0CF358
:100900001C4320FA0CF701FA06F34FEA144E21FAC1
:100910000CF11F433B0CB1FBFEF91FFA84F80EFBF0
:10092000191143EA014109FB08FA8A4502FA06F265
:1009300000FA06F308D9611809F1FF3048D28A4558
:1009400046D9A9F102092144A1EB0A01BFB2B1FBCA
:10095000FEF00EFB101147EA014700FB08F8B8450E
:1009600007D9E71900F1FF312ED2B8452CD902384A
:10097000274440EA0940A7EB0807A0FB02894F453E
:10098000C64649461AD317D05DB1B3EB0E0267EBEA
:10099000010707FA0CFCF2404CEA0202F740C5E9F5
:1009A000002700263146BDE8F0872E4628460BE793
:1009B0000646E9E61846FDE64345E5D2B8EB020EE9
:1009C00069EB04010138DFE70846D2E760468DE7AE
:1009D0008146B9E7664675E730464AE7ACF1020C56
:1009E000394413E702383C4424E700BF704700BF96
:1009F00080B582B000AF7860786800F005F87B6859
:100A000018460837BD4680BD80B485B000AF786019
:100A10007A6842F21003134400221A607A6842F2A4
:100A2000100313441A68796842F214030B441A60E5
:100A30000023FB60FB68032B08DC7B68FA6800215D
:100A400043F82210FB680133FB60F3E700BF143763
:100A5000BD465DF8047B704780B582B000AF78601A
:100A600039607B68012B07D13B684FF6FF729342D8
:100A700002D10348FFF7BCFF00BF0837BD4680BD69
:100A80002C02002480B500AF4FF6FF710120FFF764
:100A9000E3FF80BD80B483B000AF786039607B68CD
:100AA0005B683A6813443B607B681A687B689B68A4
:100AB0003968994204DB7B689B683968CB1A00E08F
:100AC0003B6813441B7818460C37BD465DF8047B21
:100AD000704780B582B000AF786000217868FFF77A
:100AE000D9FF034618460837BD4680BD80B483B0A1
:100AF00000AF7860044A7B681A607B6818460C3740
:100B0000BD465DF8047B70477435020880B582B03D
:100B100000AF78607868FFF7E9FF042178681FF07C
:100B200035FA7B6818460837BD4680BD80B483B06F
:100B300000AF78607B6815221A6000BF0C37BD4695
:100B40005DF8047B704780B485B000AFF860B96091
:100B50007A60FB68BA68DA60FB687A681A61FB68D9
:100B600000225A6100BF1437BD465DF8047B704710
:100B700080B586B002AFF860B9607A603B603B68D0
:100B800000937B68BA680449F86802F020FA00BF55
:100B90001037BD4680BD00BF8445020880B586B0D1
:100BA00002AFF860B9607A603B603B6800937B6895
:100BB000BA680449F86802F00AFA00BF1037BD4667
:100BC00080BD00BF8035020880B483B000AF78607C
:100BD0007B681B68002B0CBF01230023DBB2184687
:100BE0000C37BD465DF8047B704780B483B000AF1E
:100BF00078607B681B68012B03D07B681B68022B25
:100C000001D1012300E0002318460C37BD465DF8F2
:100C1000047B704780B483B000AF78607B685B680A
:100C200018460C37BD465DF8047B704780B483B02E
:100C300000AF78607B689B6818460C37BD465DF84E
:100C4000047B704780B483B000AF786039607A6805
:100C50003B6802339B0013445B6818460C37BD4663
:100C60005DF8047B704780B483B000AF78607B6828
:100C70001B6918460C37BD465DF8047B704780B48D
:100C800083B000AF78607B689B6818460C37BD4620
:100C90005DF8047B704780B483B000AF78607B68F8
:100CA000DB6818460C37BD465DF8047B704780B49E
:100CB00083B000AF78607B681B6918460C37BD466F
:100CC0005DF8047B704780B584B000AFF860B96010
:100CD0007A603B60FB681B69002B36DB3B68B3F135
:100CE000FF3F32D03B68002B03D1FB6800221A6122
:100CF0002CE03B68012B03D1FB6801221A6125E03F
:100D00003B68022B05D17A68B968F86800F021F8D1
:100D10001CE03B68032B05D17A68B968F86800F0DD
:100D200034F813E03B68042B05D17A68B968F86899
:100D300000F048F80AE03B68052B07D16FF000424D
:100D40000021F86800F03EF800E000BF1037BD4613
:100D500080BD80B485B000AFF860B9607A60FB6890
:100D60001B69002B0BDBFB68BA685A61FB687A6869
:100D70009A61FB680022DA61FB6802221A6100BFF7
:100D80001437BD465DF8047B704780B485B000AF72
:100D9000F860B9607A60FB681B69002B0CDBFB68AC
:100DA000BA685A61FB687A689A61FB689A68FB685E
:100DB000DA61FB6802221A6100BF1437BD465DF894
:100DC000047B704780B485B000AFF860B9607A608A
:100DD000FB681B69002B08DBFB68BA685A61FB687B
:100DE0007A689A61FB6803221A6100BF1437BD4616
:100DF0005DF8047B704780B483B000AF78607B6897
:100E00001B69002B01DC00232FE07B681B69012B91
:100E100001DC012329E07B681B69022B15DC7B6860
:100E20001A687B685B699A4205DB7B681A687B6895
:100E30009B699A4205DD7B689A687B68DB699A4208
:100E400001DA012311E000230FE07B681A687B6858
:100E50005B699A4205DB7B681A687B689B699A42EA
:100E600001DD012300E0002300BF18460C37BD461A
:100E70005DF8047B704780B582B000AF78607B6816
:100E80001B69012B02DC7B681B6909E07868FFF7AE
:100E9000B2FF0346002B01D0012300E0042300BF72
:100EA00018460837BD4680BD80B483B000AF786077
:100EB0007B6803F5C05318460C37BD465DF8047BCC
:100EC0007047000080B483B000AF786039607A6802
:100ED000054B13443A685201134418460C37BD467B
:100EE0005DF8047B704700BFA4AE010080B483B0FE
:100EF00000AF78607A6842F60403134418460C3752
:100F0000BD465DF8047B704780B483B000AF786065
:100F1000044B1A687B68134418460C37BD465DF8CD
:100F2000047B7047C87C022480B483B000AF786033
:100F3000064B1A687B68D31ADB43DB0FDBB218461B
:100F40000C37BD465DF8047B704700BFC87C0224A7
:100F500080B483B000AF78607B681B6C9BB218468E
:100F60000C37BD465DF8047B704780B483B000AF9A
:100F700078607B689A6A7B685B6A9A42B4BF012397
:100F80000023DBB218460C37BD465DF8047B704782
:100F900080B483B000AF78607B681B6818460C375C
:100FA000BD465DF8047B704780B483B000AF7860C5
:100FB0007B685B6818460C37BD465DF8047B70475C
:100FC00080B483B000AF78607B689B6818460C37AC
:100FD000BD465DF8047B704780B400AF034B1B68CF
:100FE0001846BD465DF8047B704700BFAC5602242E
:100FF00080B500AF024811F040F900BF80BD00BFCE
:101000006CE3012480B500AF024811F036F900BF4F
:1010100080BD00BF24E6012480B500AF024811F076
:101020002CF900BF80BD00BFDCE8012480B500AF13
:10103000024811F022F900BF80BD00BF94EB0124EB
:1010400080B500AF024811F018F900BF80BD00BFA5
:101050004CEE012480B500AF024811F053FF00BFF1
:1010600080BD00BF04F1012480B500AF034811F03A
:10107000FFFE00F035F800BF80BD00BF04F1012481
:1010800080B500AF0548FFF70FFF02464FF48053CD
:10109000FF21034813F0BFFC00BF80BD9423002450
:1010A0000C60022480B500AF0648FFF7FDFE024643
:1010B0004FF480534FF47F21034813F086FC00BFA8
:1010C00080BD00BF942300240C60022480B500AFD3
:1010D0000021024813F002FD00BF80BD0C60022415
:1010E00080B588B000AF614B614A1A600023FB6194
:1010F000FB69042B0ADC5F4AFB6952F8233018466F
:1011000010F0BAFFFB690133FB61F1E75A4819F0AF
:10111000B9F9594819F0DCF9FFF7C4FF4FF400633F
:10112000564A0021564813F050FC3B1D53491846BF
:1011300012F0EEF93B1D1946524801F05BFD524B8F
:1011400000221A60504B1B68504A13600023BB6199
:10115000BB69272B60DCBB694FF41C7202FB03F3F5
:101160000833484A134404331846FFF753FD3861E7
:1011700004223969002001F0FDFB0346002B47D013
:10118000BB694FF41C7202FB03F308333D4A13445E
:1011900004331846FFF718FD034683F00103DBB262
:1011A000002B35D0334A3B6952F82320BB694FF4FA
:1011B0001C7101FB03F336490B441946104610F02D
:1011C000A4FFBB694FF41C7202FB03F3304A1A44BC
:1011D0002E4B1B68591C2D4801602E4941F82320D5
:1011E000BB694FF41C7202FB03F30833254A134416
:1011F00004331846FFF7F9FC0346002B08D0BA6900
:10120000214B1B68591C20480160234941F82320C9
:10121000BB690133BB619BE700F042F800237B61AF
:10122000194B1B687A699A4212DA1B4A7B6952F899
:1012300023304FF41C7202FB03F30833114A1344AA
:101240000433184601F046FE7B6901337B61E7E712
:101250001248FFF7D9FB002000F098F83B1D184614
:1012600001F064FC00BF2037BD4680BD64E301246B
:1012700001150008000000249423002464D30124F5
:101280000C60022408F10124882300248423002414
:1012900014F1012444220024E42200242C0200241E
:1012A00080B582B000AF00237B607B68272B12DC07
:1012B0007B684FF41C7202FB03F30833084A1344A3
:1012C000181D0023002247F6FF71FFF751FC7B68D1
:1012D00001337B60E9E700BF0837BD4680BD00BF32
:1012E00008F1012480B582B000AF00F01DF80023A2
:1012F0007B607B68272B11DC7B684FF41C7202FB40
:1013000003F30833074A1344181D00233222002137
:10131000FFF72EFC7B6801337B60EAE700BF0837EC
:10132000BD4680BD08F1012480B582B000AF002326
:101330007B60114B1B687A689A4212DA0F4A7B680D
:1013400052F823304FF41C7202FB03F308330C4AAB
:1013500013440433184602F0B7F87B6801337B600E
:10136000E7E7084819F08EF8074B41221A6000BFE2
:101370000837BD4680BD00BF88230024E422002436
:1013800008F10124942300249023002490B583B015
:1013900000AF78607B68B3F1FF3F6ED07B68B3F13C
:1013A000FF3F31DB7B68452B2EDC7B68412B2BDB41
:1013B0007B68413B042B27D801A252F823F000BFE1
:1013C000D5130008DB130008E5130008EF1300082D
:1013D000F5130008FFF7A8FF50E00121294819F094
:1013E000ADF84BE00021274819F0A8F846E0FFF7D8
:1013F00079FF43E0234A244B134400221A60FFF78D
:1014000093FFFFF74DFF39E07B68002B36DB7B68ED
:101410003F2B33DC1D4A7B681360FFF785FF1C4AB6
:101420007B6803F63143DB0013449B68002B25DD0A
:10143000174A7B6803F63143DB0013449B68154A67
:1014400093421BDC124A7B6803F63143DB001344F2
:101450005C680C48FFF74AFD02460D497B6803F6BD
:101460003143DB000B449B6821460B4813F0ADFA77
:101470000121044819F062F800E000BF00BF0C37FA
:10148000BD4690BD942300245CAF0100902300244E
:1014900008F101249F8601000C60022480B582B00F
:1014A00000AF786039603B68002B06DD3A680021A8
:1014B000044819F0DBFB034600E000231846083718
:1014C000BD4680BD9423002480B582B000AF786013
:1014D00079680020FFF7E2FF034618460837BD464B
:1014E00080BD000080B483B000AF7860034B184625
:1014F0000C37BD465DF8047B704700BFC914000877
:1015000080B584B000AF11F0B1FA0023FB60FB6836
:10151000042B0ADC2C4AFB6852F82330184610F0E2
:101520000CFEFB680133FB60F1E711F06FFB002359
:10153000BB60264B1B68BA689A421FDA244ABB6814
:1015400052F823307B60234A234B13441A687B688C
:1015500042FA03F303F00103002B0BD17B684FF435
:101560001C7202FB03F308331C4A1344043318466D
:1015700001F0B0FCBB680133BB60DAE7012115481C
:1015800016F022FA134A164B13441B68002B0DDB8E
:10159000104A134B13441B681846FFF7F7FE0D4A19
:1015A0000F4B13444FF0FF321A6008E03B461846D9
:1015B000FFF798FF034619460A4801F0F2F900BF09
:1015C0001037BD4680BD00BF0000002488230024E2
:1015D000E4220024942300245CAF010008F10124DC
:1015E00028AF01002C02002480B485B000AF7860E1
:1015F00039600023FB60FB68272B11DCFB684FF48C
:101600001C7202FB03F30C4A13447A689A4203D11A
:101610000A4AFB68136003E0FB680133FB60EAE7FA
:10162000074A3B681360074B074A1A6000BF14372C
:10163000BD465DF8047B704714F1012460D301249A
:101640005CD3012464E30124ED1A000880B586B060
:1016500000AF786000237B617B69042B0ADC204AA1
:101660007B6952F82330184610F067FD7B6901331F
:101670007B61F1E77868FFF747FC78607868FFF7EF
:1016800053FC034683F00103DBB2002B23D001237C
:10169000FB740023FB60FB68042B14DCFB7C83F0F1
:1016A0000103DBB2002B0ED10D4AFB6852F8233048
:1016B0001846FFF75AFC034683F00103FB74FB68EE
:1016C0000133FB60E7E7FB7C002B03D1012011F025
:1016D000BDFED3E700BF00BF1837BD4680BD00BFC9
:1016E0000000002480B584B000AF7860396000232A
:1016F000FB600C4B1B68FA689A420CDA0A4AFB68DA
:1017000052F823303A6879681846FFF71CFAFB68EC
:101710000133FB60EDE70420FFF798FF00BF1037AF
:10172000BD4680BD842300244422002480B590B0AF
:1017300000AF0023FB63FB6B092B36DC002100208C
:10174000FFF7D0FF012387F83B3000237B63994BE1
:101750001B687A6B9A421CDA97F83B3083F00103DE
:10176000DBB2002B15D1944A7B6B52F82330022157
:101770001846FFF767FA03469BB240F29472934211
:101780000CBF0123002387F83B307B6B01337B6365
:10179000DDE797F83B30002B06D10A2011F056FE0A
:1017A000FB6B0133FB63C6E700BFFB6B092B26DD38
:1017B00000233B637F4B1B683A6B9A421FDA7E4AD9
:1017C0003B6B52F8233002211846FFF73BFA0346E1
:1017D0009BB240F29472934214BF01230023DBB208
:1017E000002B08D0744A3B6B52F823300121184675
:1017F000FFF7FAFE6EE13B6B01333B63DAE76F4BB9
:101800001B6801336D4A13600023FB63FB6B012BE4
:101810003BDC00210E20FFF765FF40F6B83011F0E9
:1018200015FE00210020FFF75DFF012387F82F3010
:101830000023BB625F4B1B68BA6A9A421CDA97F8B6
:101840002F3083F00103DBB2002B15D15A4ABB6A5B
:1018500052F8233002211846FFF7F4F903469BB2F1
:1018600040F2947293420CBF0123002387F82F307B
:10187000BB6A0133BB62DDE797F82F30002B03D141
:10188000FB6B0133FB63C1E700BFFB6B012B26DD64
:1018900000237B62474B1B687A6A9A421FDA464AEA
:1018A0007B6A52F8233002211846FFF7CBF9034632
:1018B0009BB240F29472934214BF01230023DBB227
:1018C000002B08D03C4A7B6A52F82330022118468C
:1018D000FFF78AFEFEE07B6A01337B62DAE7374B73
:1018E0001B680133354A136000233B623B6A042BBB
:1018F0000CDC334A3B6A52F8233044F62061184628
:1019000010F0F3FB3B6A01333B62EFE72D4B1B68A2
:101910002D4A82FB03121A44D211DB17D31AFB6142
:10192000FB69002B01DC0123FB61284B1A68254B66
:101930001B689A4280F2C480244B1B689B00BB60EA
:101940002348FFF7D3FA7860BB687A6813441B78A2
:101950001946BB6801337A6813441B781B0241EABD
:101960000302BB68023379680B441B781B041A43DB
:10197000BB68033379680B441B781B0613433B6039
:10198000144B1B68BA681344BB600023BB61094B4E
:101990001B68BA699A421FDA074ABB6952F82330BA
:1019A0003A68B9681846FFF7CEF8BB690133BB61E6
:1019B000EDE700BF842300244422002458D30124EF
:1019C0000000002454D301240904028150D30124CF
:1019D000942300244CD301240023FB63FB6B092BCD
:1019E00036DC4FF47A70FFF731FE0123FB750023DC
:1019F0003B613A4B1B683A699A421EDA384A3B69A6
:101A000052F8233000211846FFF71CF90346002B3B
:101A100014BF01230023DBB2002B0AD0304A3B69FC
:101A200052F823303A68B9681846FFF78CF800235B
:101A3000FB753B6901333B61DBE7FB7D002B06D186
:101A40001E2011F003FDFB6B0133FB63C6E700BFF3
:101A5000FB6B092B23DD0023FB60204B1B68FA681E
:101A60009A421CDA1E4AFB6852F8233000211846BD
:101A7000FFF7E8F80346002B14BF01230023DBB275
:101A8000002B08D0164AFB6852F82330B968184674
:101A9000FFF7AAFD1EE0FB680133FB60DDE7114B99
:101AA0001B6801330F4A13600E4B1A68FB6992FBE7
:101AB000F3F302330C4A1360012011F0C7FC34E742
:101AC00000210A20FFF70EFEFFF70AFB064B40F24B
:101AD00001121A604037BD4680BD00BF8423002438
:101AE0004422002450D3012458D3012480B400AFF1
:101AF00000BFBD465DF8047B7047000080B586B02E
:101B000000AF7860396000237B617B69072B60DC64
:101B10003A687B6942FA03F303F00103002B54D0C7
:101B20007A687B6913443B613B694FF41C7202FB8A
:101B300003F30833294A134404331846FFF76AF8BD
:101B4000F8600422F968002000F014FF0346002B1F
:101B50003BD03B694FF41C7202FB03F308331F4A6E
:101B6000134404331846FFF72FF8034683F00103AC
:101B7000DBB2002B29D03B694FF41C7202FB03F34C
:101B80000833164A134404331846FEF7CFFF144AAD
:101B9000FB6852F823203B694FF41C7101FB03F3EF
:101BA00010490B441946104610F0AFFA3B694FF448
:101BB0001C7202FB03F30B4A1A440B4B1B68591CA3
:101BC00009480160094941F823207B6901337B61A1
:101BD0009BE700BF1837BD4680BD00BF08F1012458
:101BE0000000002414F10124842300244422002452
:101BF00080B586B000AFF860B9607A603B600023C2
:101C00007B617B69042B0ADC1C4A7B6952F8233018
:101C1000184610F031FA7B6901337B61F1E718480F
:101C200018F030FC174B00221A60F9680020FFF70B
:101C300065FFB9680820FFF761FF79681020FFF79A
:101C40005DFF39681820FFF759FF396A2020FFF738
:101C500055FF0D4B00221A600B4B1B680B4A13609B
:101C60000B4B00221A600A4B1B680A4A13600A4B8E
:101C70000A4A1A6000BF1837BD4680BD0000002424
:101C800094230024842300245CD3012460D3012402
:101C900058D3012450D3012464E301242D170008F4
:101CA00090B5B1B002AF786039607868FEF711FF87
:101CB0000346413B352B00F2668401A252F823F023
:101CC0005F22000811250008F11E00088725000882
:101CD000DD1E00088D1E00085D2300088725000812
:101CE000991D0008872500088725000801240008A1
:101CF0007524000887250008872500080D210008A5
:101D000087250008912300085D1F00089D1F00081B
:101D100009230008E121000887250008872500081D
:101D200087250008872500088725000887250008E3
:101D300087250008872500088725000887250008D3
:101D4000872500088725000887250008E91D000869
:101D500087250008872500088725000887250008B3
:101D600087250008872500088725000887250008A3
:101D70008725000887250008872500088725000893
:101D80008725000887250008872500088725000883
:101D9000872500081B220008692138680CF0FEFE28
:101DA0002022764938680CF0A3FEA92138680CF08F
:101DB0006DFE734B5B68194638680CF07AFE704B09
:101DC0009B68194638680CF074FEFFF705F9034666
:101DD000194638680CF06DFE012138680CF056FE8B
:101DE00038680CF0F6FED5E378680DF0FBF8C7F81C
:101DF000B400D7F8B430634A12685A40624B1340BB
:101E0000002B05D0D7F8B4205F4B13405D4A136018
:101E1000D7F8B430C3F30B03C7F8B4300023C7F8C6
:101E2000B030D7F8B0301F2B11DC78680DF05AF8BD
:101E30000346D9B2D7F8B4305A1CC7F8B420534A75
:101E4000D154D7F8B0300133C7F8B030E9E7D7F84C
:101E5000B430C3F30B03002B08D14A4B1B68191392
:101E60004FF48053494A4A4812F0D5FD4F21386853
:101E70000CF094FE38680CF0ACFE424B1B681B1350
:101E8000FF2B40F08483FFF72BF980E378680DF097
:101E9000A9F8F8610023C7F8AC30D7F8AC301F2B95
:101EA00010DC78680DF01EF80346D9B2374AD7F82F
:101EB000AC3013440A461A70D7F8AC300133C7F877
:101EC000AC30EAE73149F86911F05CF8662138680E
:101ED0000CF064FE38680CF07CFE5BE311F032F825
:101EE000652138680CF05AFE38680CF072FE51E338
:101EF00078680DF077F8B861BB69002B01D1FFF766
:101F000013FABB69002B21DBBB69224A93421DDC1B
:101F10002148FEF7EBFF0246BB6913447B610023B7
:101F2000C7F8A830D7F8A8301F2B0FDC78680CF062
:101F3000D9FF0146D7F8A8307A691344CAB21A709B
:101F4000D7F8A8300133C7F8A830EBE77321386819
:101F50000CF024FE38680CF03CFE1BE378680CF0B3
:101F6000C1FF7864786CFFF711FA732138680CF0C0
:101F700015FE38680CF02DFE0CE300BF4C3502084E
:101F800008F101248C23002400F0FFFF64D3012416
:101F90000C6002247F8601009423002478680CF0F2
:101FA000A1FF034627221946002000F03AFDF866FB
:101FB00078680DF008F8034640F6E842194600201C
:101FC00000F02FFDB86678680CF0FDFF034640F680
:101FD000E8421946002000F024FD786678680DF08C
:101FE00001F8386678680CF07DFF03460322194635
:101FF000002000F016FDF86578680CF0F3FF03464A
:10200000BC4A1946002000F00CFDB86578680CF059
:10201000E9FF0346B74A1946002000F002FD786543
:1020200078680CF05FFF3865F96DB348FEF74AFF3A
:10203000F8643B6D7A6DB96DF86CFEF744FE7B6E0B
:10204000002B05D03B6E7A6EF96CAB4818F00EFB96
:10205000FB6E4FF41C7202FB03F30833A74A1344D0
:102060000433BB64742138680CF098FDF96E38684D
:102070000CF07BFC0021B86CFEF7E4FD034619462A
:1020800038680CF003FD0121B86CFEF7DBFD034658
:10209000194638680CF0FAFC0221B86CFEF7D2FD44
:1020A0000346194638680CF0F1FCB86C01F038FAB8
:1020B0000346194638680CF058FCB96E38680CF0C5
:1020C000E5FCBB6E002B06DDBA6E00218A4818F0D5
:1020D000CDFD034600E00023194638680CF0E9FC0A
:1020E000F96D38680CF041FCFB6C1B6819463868C8
:1020F0000CF0DFFCF86CFEF7BEFE034619463868AC
:102100000CF033FC38680CF064FD43E278680CF0A6
:10211000E9FE034604221946002000F082FC7863A1
:10212000774A7B6B52F823303B63502138680CF0C0
:1021300035FD796B38680CF018FC3B6B483318465A
:1021400001F0B7FB0346194638680CF00EFC3B6BF8
:1021500048331846FEF793FD0346194638680CF0DD
:1021600004FC3B6B48331846FEF795FD03461946C1
:1021700038680CF08BFC3B6B48331846FEF797FD34
:102180000346194638680CF094FC38680CF021FDC1
:1021900078680CF0A7FEF862FB6A032B40F3F98124
:1021A00078680CF09FFEB86278680CF00CFF7862DB
:1021B000FB6A042B07D13B6B48337A6AB96A18462D
:1021C00001F062FBE5E13B6B03F1480478680CF039
:1021D00009FF03467A6AB96A204601F03CFBD8E160
:1021E00078680CF0F0FEC7F88800D7F8880000F097
:1021F000E7F9C7F88400762138680CF0CFFCD7F8EF
:10220000881038680CF042FCD7F8841038680CF05D
:1022100050FC38680CF0DDFCBCE178680CF0D3FEB3
:10222000C7F8900078680CF0DDFEC7F88C00D7F88E
:102230008C10D7F8900000F04BFA762138680CF03B
:10224000ADFCD7F8901038680CF020FCD7F88C1053
:1022500038680CF02EFC38680CF0BBFC9AE178680A
:102260000CF0B1FEF860612138680CF097FCF96859
:1022700038680CF00BFC234800F0ECFB03461946D1
:1022800038680CF003FC0023C7F8A430D7F8A4305A
:10229000032B2ADC0023C7F8A0301A4800F0E9FB22
:1022A0000246D7F8A0309342B4BF01230023DBB22B
:1022B000002B14D0FA68D7F8A43013441A46D7F884
:1022C000A010104800F0E0FB0346194638680CF0F7
:1022D000DDFBD7F8A0300133C7F8A030DDE7D7F831
:1022E000A4300133C7F8A430D0E738680CF071FC93
:1022F00050E100BF9F8601009423002408F10124CF
:10230000000000242C02002478680CF0ABFDC7F814
:10231000800078680CF0A6FDF86778680CF0A2FDE4
:10232000B86778680CF09EFD786778680CF09AFDC5
:10233000386778680CF056FE0346984A1360786850
:102340000CF050FE0346964A13603B6F00937B6F80
:10235000BA6FF96FD7F88000FFF74AFC752138682B
:102360000CF01CFC8F4B1B68194638680CF0FDFA0A
:102370008D4B1B68194638680CF09BFB8B4B1B6818
:10238000194638680CF082FB38680CF022FC01E139
:1023900078680CF067FD034687F84330844B1B7860
:1023A00097F843209A422BD0814A97F84330137014
:1023B0000023C7F89C30D7F89C30182B20DC7868B5
:1023C0000CF001FEF863D7F89C304FF41C7202FB4E
:1023D00003F30833774A13440433BB63B86BFEF747
:1023E00004FC0346002B05D000230322F96BB86BD5
:1023F000FEF7D4FBD7F89C300133C7F89C30DAE7FE
:10240000722138680CF0CAFB012200216A4818F0DA
:102410002DFC0346194638680CF0A7FA0023C7F8CC
:102420009830D7F89830182B20DCD7F898304FF434
:102430001C7202FB03F308335E4A134404333B620D
:10244000386AFEF7D2FB0346002B04D0386AFEF749
:102450000AFC034600E00023194638680CF016FB1E
:10246000D7F898300133C7F89830DAE738680CF0BD
:10247000B0FB8FE06D2138680CF090FB4F4BB3F947
:102480005430194638680CF001FB4C4BB3F9563008
:10249000194638680CF0FAFA484BB3F95830194627
:1024A00038680CF0F3FA454BB3F9503119463868E7
:1024B0000CF0ECFA414BB3F95231194638680CF084
:1024C000E5FA3E4BB3F95431194638680CF0DEFAA0
:1024D0003A4BB3F94430194638680CF0D7FA374B09
:1024E000B3F94630194638680CF0D0FA334BB3F9DB
:1024F0004830194638680CF0C9FA304BB3F94A3005
:10250000194638680CF0C2FA38680CF062FB41E0FA
:10251000622138680CF042FB01220021264818F0A5
:10252000A5FB0346194638680CF01FFA0023C7F8CC
:102530009430D7F89430182B21DCD7F894304FF42E
:102540001C7202FB03F308331A4A134404333B6141
:102550003869FEF74AFB0346002B05D00221386993
:10256000FEF770FB034600E00023194638680CF0C4
:102570008DFAD7F894300133C7F89430D9E738682A
:102580000CF027FB06E038680CF0F5FA02E000BF1B
:1025900000E000BF00BFBC37BD4690BD4CD3012456
:1025A00054D3012460D301245CD3012458D30124E3
:1025B00068E3012408F1012494230024B06102247B
:1025C00080B582B000AF78607B68632B11DD7B68DB
:1025D0008B2B0EDC7B68643B4FF41C7202FB03F315
:1025E0000833384A134404331846FEF73CFB0346CD
:1025F00064E07B68132B60D801A252F823F000BF7F
:1026000051260008BB26000855260008BB260008F6
:10261000BB260008BB260008BB260008BB26000816
:10262000BB260008BB2600085F26000869260008B4
:10263000732600087D260008852600088B260008E2
:10264000932600089B260008A3260008AB26000856
:10265000A92333E01C48FEF77BFC03462EE01B4811
:10266000FEF796FC034629E01848FEF79DFC03465A
:1026700024E01648FEF7A4FC03461FE0134B93F832
:1026800060301BE0114B1B6D18E0104BB3F9443068
:1026900014E00E4BB3F9463010E00C4BB3F9483060
:1026A0000CE00A4BB3F94A3008E0084BD3ED107A3E
:1026B000FDEEE77A17EE903A00E00023184608375F
:1026C000BD4680BD08F1012400200240B061022413
:1026D00080B483B000AF7860396000BF0C37BD466E
:1026E0005DF8047B7047000080B582B000AF786071
:1026F0007A680021034818F0B9FA034618460837EB
:10270000BD4680BD9423002480B582B000AF7860C0
:1027100039603B687A680021034817F0A7FF00BFC3
:102720000837BD4680BD00BF9423002490B585B016
:1027300000AF786039607B68002B11DB7B68272B4A
:102740000EDC7B684FF41C7202FB03F30833214A52
:10275000134404331846FEF737FA0346002B01D022
:10276000012300E00023002B01D000232DE07B6833
:102770004FF41C7202FB03F30833164A134404336C
:102780001846FEF747FAF860FB68002B02DBFB688F
:10279000042B01DD002318E00F4AFB6852F82330B8
:1027A00003F148047B684FF41C7202FB03F3083307
:1027B000084A134404331846FEF738FA03463A68C9
:1027C0001946204601F060F8012318461437BD462B
:1027D00090BD00BF08F101240000002490B587B02F
:1027E00000AFF860B9607A60FB68002B11DBFB6812
:1027F000272B0EDCFB684FF41C7202FB03F308333B
:10280000204A134404331846FEF7DEF90346002B32
:1028100001D0012300E00023002B01D000232DE094
:10282000FB684FF41C7202FB03F30833154A134490
:1028300004331846FEF7EEF978617B69002B02DB62
:102840007B69042B01DD002318E00F4A7B6952F8F5
:10285000233003F14804FB684FF41C7202FB03F3BE
:102860000833084A134404331846FEF7DFF90146DB
:102870007B68BA68204600F0EEFF012318461C373B
:10288000BD4690BD08F101240000002490B587B03A
:1028900000AFF860B9607A60FB68002B11DBFB6861
:1028A000272B0EDCFB684FF41C7202FB03F308338A
:1028B0002E4A134404331846FEF786F90346002BCC
:1028C00001D0012300E00023002B01D0002348E0C9
:1028D000FB684FF41C7202FB03F30833234A1344D2
:1028E00004331846FEF796F978617B69002B02DB0A
:1028F0007B69042B01DD002333E01D4A7B6952F81C
:10290000233048333B61386900F0D3FF0346002B86
:102910001BD03869FEF7BFF90246BB68934214D159
:10292000FB684FF41C7202FB03F308330F4A134495
:1029300004331846FEF77AF904463869FEF79FF922
:1029400003469C4201D1012300E00023002B07D065
:102950003869FEF7ACF902467B681A60012300E093
:10296000002318461C37BD4690BD00BF08F1012466
:102970000000002480B485B000AFF860B9607A60D0
:10298000FA68BB689A4205DCBA687B689A4201DC47
:10299000012300E0002318461437BD465DF8047B90
:1029A000704780B584B000AF786039607A6842F2D1
:1029B000100313441A68796842F214030B441B682D
:1029C0009A422ADA7A6842F2100313441B689B0089
:1029D000BB600023FB60FB68032B13DC3B687A6859
:1029E000F96852F82120104698470146BA68FB68FA
:1029F0001A4409B27B68083223F81210FB680133CD
:102A0000FB60E8E77A6842F2100313441B685A1C23
:102A1000796842F210030B441A6000BF1037BD46BC
:102A200080BD80B485B000AFF860B9607A60BA68E4
:102A3000FB689A4207DBBA687B689A4201DD7B68D3
:102A400002E0BB6800E0FB6818461437BD465DF83D
:102A5000047B704780B483B000AF78607A6842F23C
:102A6000100313441B6818460C37BD465DF8047B01
:102A7000704780B483B000AF7860042318460C37E9
:102A8000BD465DF8047B704780B485B000AFF86048
:102A9000B9607A607B689A00BB681A44FB680832A8
:102AA00033F9123018461437BD465DF8047B704781
:102AB00080B582B000AF786039607B68012B1BD194
:102AC0003B684FF6FF72934216D10D4814F036FF63
:102AD0000C490D480FF0B3FA0C490D480FF0AFFA4E
:102AE0000C490D480FF0ABFA0C490D480FF0A7FA4E
:102AF0000C490D480FF0A3FA00BF0837BD4680BD52
:102B000094230024007C00406CE301240044004036
:102B100024E6012400780040DCE80124004C004059
:102B200094EB0124005000404CEE012480B582B0AB
:102B300000AF7860054A7B681A607B681846FDF72D
:102B4000D5FF7B6818460837BD4680BD84FD030865
:102B500080B582B000AF78607868FFF7E7FF0C219E
:102B600078681DF013FA7B6818460837BD4680BDAB
:102B700080B500AF4FF6FF710120FFF799FF80BDD0
:102B800080B582B000AF78603960786810F0FFFCE3
:102B900002463B681A6000BF0837BD4680BD80B55D
:102BA00082B000AF786039607B6819463868FFF7FB
:102BB000E7FF7B68043319463868FFF7E1FF00BF81
:102BC0000837BD4680BDB0B582B000AF78607B6885
:102BD0000C3327241D46002C07DB0021284600F07B
:102BE00049F905F51C75013CF5E77B68184608377F
:102BF000BD46B0BD80B586B000AF786039607B68F7
:102C000019463868FFF7BCFF7B681B68052B25D188
:102C10007B68043319463868FFF7B2FF7B680833D6
:102C200019463868FFF7ACFF7B680C332822194639
:102C3000386800F0B5F87A6846F28C1313444022E5
:102C40001946386800F0CBF87A6846F28C331344A2
:102C500040221946386800F0C2F89DE07B681B6886
:102C6000042B3AD17B68043319463868FFF788FF94
:102C70007B68083319463868FFF782FF7B680C339E
:102C800028221946386800F08BF87A6846F28C13CF
:102C9000134440221946386800F0A1F800237B61F4
:102CA0007B693F2B78DC7A687B6903F67143DB0034
:102CB000134400229A607A687B6903F67143DB0053
:102CC00013449A6879687B6903F67143DB000B440F
:102CD0005A607B6901337B61E2E77B6805221A60F9
:102CE0007B6800225A607B6800229A6000233B6167
:102CF0003B69272B12DC3B694FF41C7202FB03F388
:102D000008337A681344181D0023002247F6FF7128
:102D1000FDF72EFF3B6901333B61E9E70023FB60D0
:102D2000FB683F2B19DC7A68FB6803F63143DB0054
:102D3000134400229A607A68FB6803F63143DB0093
:102D400013449A687968FB6803F63143DB000B444F
:102D50005A60FB680133FB60E2E70023BB60BB689D
:102D60003F2B19DC7A68BB6803F67143DB00134420
:102D700000229A607A68BB6803F67143DB00134453
:102D80009A687968BB6803F67143DB000B445A60AC
:102D9000BB680133BB60E2E700BF1837BD4680BDAA
:102DA00080B586B000AFF860B9607A6000237B61BF
:102DB0007A697B689A420EDA7B694FF41C7202FBD7
:102DC00003F3BA681344F968184600F087FD7B697D
:102DD00001337B61ECE700BF1837BD4680BD80B58D
:102DE00086B000AFF860B9607A6000237B617A69D1
:102DF0007B689A420BDA7B69DB00BA681344F96896
:102E00001846FFF7CCFE7B6901337B61EFE700BF1B
:102E10001837BD4680BD000080B582B000AF786035
:102E200039607B68012B07D13B684FF6FF729342F4
:102E300002D10348FFF7C7FE00BF0837BD4680BD7B
:102E400008F1012480B500AF4FF6FF710120FFF7B4
:102E5000E3FF80BD80B582B000AF786039607868EC
:102E600010F0B2FB02463B681A6000BF0837BD464F
:102E700080BD000080B485B000AF786039607B68A9
:102E80003A681A607B6800225A607B6800229A6068
:102E90007B68002283F848207B680D4AC3F86C22C7
:102EA0000023FB60FB68022B0ADC7B680022DA62ED
:102EB0007B68DA6A7B68DA60FB680133FB60F1E704
:102EC0007B6818461437BD465DF8047B704700BF29
:102ED0008445020880B483B000AF78607B685B6E85
:102EE000002B18D07B689B6E591C7A6891667A68B3
:102EF00034335B001344B3F904301A467B68DA605C
:102F00007B689B6EDAB27B689A667B685B6E5A1E42
:102F10007B685A6638E07B681B6E002B09D07B68A3
:102F20001B6E5A1E7B681A667B68DA6C7B68DA60F7
:102F30002AE07B68DB6D002B1FD07B68DB6D5A1E9F
:102F40007B68DA657B685A6D7B689B6D1A447B6889
:102F50005A657B68DA6C7B681B6D7968D1F86C0206
:102F60007968496D091289000144096801FB03F37E
:102F70009B121A447B68DA6006E07B68DA6C7B6837
:102F80001B6D1A447B68DA607B68DB68B3F5FA4F27
:102F900006DA7B68DA687B689B6A1A447B68DA60C9
:102FA00000BF0C37BD465DF8047B704780B483B02A
:102FB00000AF786039607B68DB6C3A68D21A7B6856
:102FC0001A6500BF0C37BD465DF8047B704780B4BE
:102FD00085B000AFF860B9607A603B60FB680022A2
:102FE0005A66FB68BA68C3F86C227B68B3F5FA4F7F
:102FF0003CDA3B68002B39DDFB68DB6CB3F5FA4F3C
:1030000004DBFB681A69FB68DA641EE0FB68DB6DB1
:10301000002B13D0FB68DA6CFB681B6DF968D1F8E4
:103020006C02F968496D091289000144096801FBC5
:1030300003F39B121A44FB68DA6406E0FB68DA6C5F
:10304000FB681B6D1A44FB68DA64FB68DB6C7A680A
:10305000D21AFB681A65FB6800225A654FF4802279
:103060003B6892FBF3F2FB689A6509E000233B6042
:103070003B68BB61FB687A68DA64FB6800221A650A
:10308000FB68BA691A66FB683A68DA6500BF1437EC
:10309000BD465DF8047B704780B48BB000AFF8602C
:1030A000B9607A60FB680022DA65FB68DA6DFB685C
:1030B0001A66FB685A6E7B681344FF2B02DC7B6840
:1030C000002B01DC002375E0BB68B3F5FA4F57DA3B
:1030D000FB685B6E002B08D0FB68DA6CFB681B6D2D
:1030E0001344BA68D31A7B6217E0FB68DA6CFB689A
:1030F0001B6D1A44FB68DA64FB68DB6CB3F5FA4FAE
:1031000003DBFB681A69FB68DA64FB6800221A6556
:10311000FB68DB6CBA68D31A7B627A6A7B6892FBC5
:10312000F3F3BB6100233B623A6A7B689A423ADA66
:10313000FB689A6EFB685B6E581CF968486613441E
:10314000DBB27B61FB68DB6C9AB2FB681B6D9BB2E8
:1031500013449AB23B6A013399B2BB699BB211FB2B
:1031600003F39BB213449BB219B2FA687B69343300
:103170005B0013440A469A803B6A01333B62D3E703
:10318000FB689A6EFB685B6E581CF96848661344CE
:10319000DBB2FB61BB6819B2FA68FB6934335B00D0
:1031A00013440A469A80FB68DB6CBA68D21AFB6843
:1031B0001A65012318462C37BD465DF8047B70471D
:1031C00080B487B000AFF8600B467A607B81FB6803
:1031D0000022DA65FB68DA6DFB681A66FB685A6ED6
:1031E0007B681344FF2B02DC7B68002B01DC00238F
:1031F0002CE0FB689A6EFB685B6E13447B61FB6896
:103200005A6E7B681A44FB685A667B685A1E7A605D
:10321000002B14BF01230023DBB2002B0ED07B69EF
:10322000DBB27B61B7F90A107B695A1C7A61FA68D4
:1032300034335B0013440A469A80E6E7B7F90A2064
:10324000FB68DA64FB6800221A65012318461C3704
:10325000BD465DF8047B704780B487B000AFF8606E
:103260007A603B600B467B81FB680022DA65FB6875
:10327000DA6DFB681A66FB685A6E3B681344FF2BD5
:1032800002DC3B68002B01DC002336E0FB689A6E11
:10329000FB685B6E13447B61FB685A6E3B681A44A3
:1032A000FB685A663B685A1E3A60002B14BF012324
:1032B0000023DBB2002B18D07B685A1C7A6093F98C
:1032C00000309AB27B8913449BB27B817B69DBB26D
:1032D0007B61B7F90A107B695A1C7A61FA6834334A
:1032E0005B0013440A469A80DCE7B7F90A20FB68C2
:1032F000DA64FB6800221A65012318461C37BD46B4
:103300005DF8047B704780B487B000AFF8607A60E6
:103310003B600B467B81FB680022DA65FB68DA6D57
:10332000FB681A66FB685A6E3B681344FF2B02DC8D
:103330003B68002B01DC00233FE0FB689A6EFB68D2
:103340005B6E13447B61FB685A6E3B681A44FB68F2
:103350005A663B685A1E3A60002B14BF01230023B3
:10336000DBB2002B21D07B685A1C7A601B787B82F1
:103370007B685A1C7A601B781B021AB27B8A134343
:103380007B827A897B8A13449BB27B817B69DBB227
:103390007B61B7F90A107B695A1C7A61FA68343389
:1033A0005B0013440A469A80D3E7B7F90A20FB680A
:1033B000DA64FB6800221A65012318461C37BD46F3
:1033C0005DF8047B7047000080B489B000AFF860FE
:1033D0007B600B467B8113463B81FB680022DA65EC
:1033E000FB68DA6DFB681A66FB685A6E7B681344EB
:1033F000FF2B02DC7B68012B01DC00235CE0B7F9CA
:103400000820B7F90A30D31A7B610023FB614FF41F
:1034100080627B6892FBF3F33B61FB689A6EFB680A
:103420005B6E1344BB61FB685A6E7B681A44FB6891
:103430005A667B68013B7B607B685A1E7A60002B72
:1034400014BF01230023DBB2002B1DD0FA693B69B6
:103450001344FB61BB69DBB2BB611A4AFB6952F8DA
:1034600023307A6902FB03F39B129AB27B891344DF
:103470009BB219B2BB695A1CBA61FA6834335B005B
:1034800013440A469A80D7E7BB69DBB2BB61FA688E
:10349000BB6934335B0013443A899A80FA68BB698C
:1034A00034335B001344B3F904301A46FB68DA6422
:1034B000FB6800221A65012318462437BD465DF8D3
:1034C000047B70478445020880B483B000AF786005
:1034D0007B6800229A617B685B6E002B03D07B685F
:1034E00000225A6616E07B68DB6D002B12D07B68E9
:1034F0001B6D7A68D2F86C127A68526D12129200C3
:103500000A44126802FB03F39A127B681A657B680F
:103510000022DA6500BF0C37BD465DF8047B7047BA
:1035200080B483B000AF78607B6893F84830002B9C
:1035300001D0012300E0002318460C37BD465DF89A
:10354000047B704780B582B000AF78607B681B68F1
:10355000012B15D17B68DA687B68DA627B681A6BAD
:103560007B681A617B685A6B7B685A617B680022B2
:103570009A617B680022DA617B6800221A626CE043
:103580007B681B68022B1CD17B68DA687B68DA6277
:103590007B685A6A7B685A647B681A6B7B681A611D
:1035A0007B689A6B7B689A617B68DA6B7B68DA610F
:1035B0007B685A6B7B685A617B681A6C7B681A62FD
:1035C0004BE07B681B68032B0CD17B68DA6A7B6855
:1035D000DA607B681A6B7B681A617B685A6B7B6860
:1035E0005A613AE07B681B68142B36D17B685B6BB1
:1035F000012B1BD17B6803F10C027B682C3319462D
:10360000104600F090F97B6803F110027B683033BC
:103610001946104600F087F97B6803F114027B68B5
:1036200034331946104600F07EF916E07B68DA68FC
:103630007B68DA627B681A697B681A637B685A69FF
:103640007B685A637B6800225A617B685A697B6891
:103650001A617B681A697B68DA607B6893F8492095
:103660007B6883F8482000BF0837BD4680BD80B521
:1036700084B000AFF860B9607A60FB681B68012B0A
:103680000BD1FB689968FB68DB6A1A46B8680BF0D7
:10369000E4FA7B6806221A6053E0FB681B68022B81
:1036A0000CD1FB689968FB68DA6AFB685B6CB868E8
:1036B0000BF0E9FA7B6809221A6042E0FB681B689C
:1036C000032B09D1FB689B681946B8680BF0F6FA22
:1036D0007B6808221A6034E0FB681B68142B20D139
:1036E000FB685B6B032B1CDDFB685B6B042B0BD156
:1036F000FB689968FB68DB6A1A46B8680BF00AFB3E
:103700007B6806221A601CE0FB689968FB68DA6A2D
:10371000FB681B6BB8680BF0E2FA7B6806221A6044
:103720000FE0FB681B68152B0BD1FB689968FB68E1
:10373000DA68FB681B69B8680BF002FB7B6806223D
:103740001A60FB68002283F8492000BF1037BD468D
:1037500080BD90B585B002AF786039607B681B682A
:10376000012B0CD138680BF02EFC02467B681A63E3
:1037700038680BF028FC02467B685A6363E07B687C
:103780001B68022B18D17B682C33191D7B682C33E6
:1037900003F108007B682C3303F10C047B682C33A5
:1037A00010337A682C321432019200932346024679
:1037B00038680BF08AFC46E07B681B68032B12D14B
:1037C00038680BF000FC02467B68DA6238680BF060
:1037D000FAFB02467B681A6338680BF0F4FB02467A
:1037E0007B685A632FE07B681B68142B1ED17B68B3
:1037F0005B6B042B09D138680BF0F4FB02467B6845
:103800001A637B6801225A631DE07B681C6B386871
:103810000BF0E8FB03469C420CBF01230023DBB204
:10382000002B10D07B6802225A630CE07B681B6877
:10383000152B08D138680BF0D5FB02467B685A611E
:103840007B680022DA607B68012283F8492000BF90
:103850000C37BD4690BD80B485B000AFF860B9604C
:103860007A603B60FB6805225A61FB683A681A611E
:10387000FB687A68DA60FB68BA689A6000BF143740
:10388000BD465DF8047B704780B485B000AFF8603A
:10389000B9607A60FB6804225A61FB687A68DA6072
:1038A000FB68BA689A6000BF1437BD465DF8047BB8
:1038B000704780B485B000AF78607B685B69FB605F
:1038C0007B685B69022B02DC7B6800225A61FB6823
:1038D00018461437BD465DF8047B704780B582B04A
:1038E00000AF786039607B6819463868FFF7B2FA34
:1038F0007B68043319463868FFF7ACFA7B680833F5
:1039000019463868FFF7A6FA00BF0837BD4680BDE4
:1039100080B483B000AF78607B6818460C37BD4632
:103920005DF8047B704780B584B000AF7860396083
:103930007868FFF7EDFF03461B68FB603868FFF708
:10394000E7FF03461A687B681A6007F10C03184604
:10395000FFF7DEFF03461A683B681A6000BF1037A6
:10396000BD4680BD80B400AF044BDB681B0A03F08A
:1039700007031846BD465DF8047B704700ED00E084
:1039800080B483B000AF0346FB80B7F90630002B4C
:103990000BDBFB8803F01F020749B7F906305B0910
:1039A000012000FA02F241F8232000BF0C37BD4687
:1039B0005DF8047B704700BF00E100E080B483B095
:1039C00000AF0346FB80B7F90630002B12DBFB8803
:1039D00003F01F020A49B7F906305B09012000FA1B
:1039E00002F2203341F82320BFF34F8F00BFBFF313
:1039F0006F8F00BF00BF0C37BD465DF8047B70477A
:103A000000E100E080B483B000AF03463960FB8082
:103A1000B7F90630002B0ADB3B68DAB20C49B7F97C
:103A200006301201D2B20B4483F800230AE03B684F
:103A3000DAB20849FB8803F00F03043B1201D2B24B
:103A40000B441A7600BF0C37BD465DF8047B704707
:103A500000E100E000ED00E080B489B000AFF86064
:103A6000B9607A60FB6803F00703FB61FB69C3F18F
:103A70000703042B28BF0423BB61FB690433062B17
:103A800002D9FB69033B00E000237B614FF0FF326A
:103A9000BB6902FA03F3DA43BB681A407B699A40B8
:103AA0004FF0FF317B6901FA03F3D9437B680B4088
:103AB000134318462437BD465DF8047B704780B435
:103AC00087B000AF786039603B68C3F31303002B05
:103AD00007D13B689B0E03F01F03012202FA03F398
:103AE00015E03B683B613B6993FAA3F3FB60FB681D
:103AF0007B617B69002B01D1202303E07B69B3FA52
:103B000083F3DBB203F01F03012202FA03F37A68A6
:103B1000D2691A437B68DA6100BF1C37BD465DF885
:103B2000047B704780B487B000AFF860B9607A60FA
:103B3000FB6830331A46BB681B0A9B0003F00C037A
:103B400013447B617B691A68BB6803F01F031F2164
:103B500001FA03F3DB431A407B689B0E03F01F015D
:103B6000BB6803F01F0301FA03F31A437B691A6071
:103B700000BF1C37BD465DF8047B704780B487B03A
:103B800000AFF860B9607A60FB6814331A46BB680E
:103B90005B0E9B0003F0040313447B617B691A688E
:103BA000BB681B0D03F01F03072101FA03F3DB437E
:103BB0001A40BB681B0D03F01F03796801FA03F379
:103BC0001A437B691A6000BF1C37BD465DF8047B51
:103BD0007047000080B485B000AFF860B9607A60CB
:103BE000FB68D3F8C020BB68C3F31303DB431A4060
:103BF0007B6803F018030849D940BB680B40C3F346
:103C000013031A43FB68C3F8C02000BF1437BD4636
:103C10005DF8047B704700BFFFFF0F0080B483B0E6
:103C200000AF786039607B681A69064B13403A68C8
:103C30001A437B681A6100BF0C37BD465DF8047BF0
:103C4000704700BFFCFBFFFF80B483B000AF78601B
:103C50007B689A68044B13407A68936000BF0C3706
:103C6000BD465DF8047B7047C0FFFF5F80B483B042
:103C700000AF78607B689A68054B134043F0805230
:103C80007B689A6000BF0C37BD465DF8047B7047C7
:103C9000C0FFFF6F80B483B000AF78607B689A6824
:103CA000054B134043F001027B689A6000BF0C375C
:103CB000BD465DF8047B7047C0FFFF7F80B483B0D2
:103CC00000AF78607B689A68054B134043F00402AC
:103CD0007B689A6000BF0C37BD465DF8047B704777
:103CE000C0FFFF7F80B483B000AF786039607B682D
:103CF0001A683B6803F01003022101FA03F31A4328
:103D00007B681A6000BF0C37BD465DF8047B7047C6
:103D100080B487B000AFF860B9607A60FB687B61FF
:103D20000D4ABB6813441B781A467B6913441B6811
:103D300023F0C0020849BB680B441B7819467B6915
:103D40000B4419467B6813430B6000BF1C37BD460C
:103D50005DF8047B704700BF8855020880B487B0C7
:103D600000AFF860B9607A60FB687B610D4ABB68A0
:103D700013441B781A467B6913441B6823F4907222
:103D80000849BB680B441B7819467B690B441946EC
:103D90007B6813430B6000BF1C37BD465DF8047B96
:103DA000704700BF8855020880B487B000AFF86044
:103DB000B9607A60FB687B610D4ABB6813441B786D
:103DC0001A467B6913441B6823F400720849BB68D8
:103DD0000B441B7819467B690B4419467B681343D7
:103DE0000B6000BF1C37BD465DF8047B704700BF09
:103DF0008855020880B487B000AFF860B9607A6077
:103E0000FB687B610D4ABB6813441B781A467B69CB
:103E100013441B6823F480620849BB680B441B7879
:103E200019467B690B4419467B6813430B6000BF3E
:103E30001C37BD465DF8047B704700BF88550208FB
:103E400080B487B000AFF860B9607A60FB687B61CE
:103E50000D4ABB6813441B781A467B6913441B68E0
:103E600023F4C0520849BB680B441B7819467B6990
:103E70000B4419467B6813430B6000BF1C37BD46DB
:103E80005DF8047B704700BF8855020880B487B096
:103E900000AFF860B9607A60FB687B610D4ABB686F
:103EA00013441B781A467B6913441B6823F4C042F1
:103EB0000849BB680B441B7819467B690B441946BB
:103EC0007B6813430B6000BF1C37BD465DF8047B65
:103ED000704700BF8855020880B487B000AFF86013
:103EE000B9607A60FB687B610D4ABB6813441B783C
:103EF0001A467B6913441B6823F440320849BB68A7
:103F00000B441B7819467B690B4419467B681343A5
:103F10000B6000BF1C37BD465DF8047B704700BFD7
:103F20008855020880B485B000AFF860B9607A6047
:103F3000BA68124B13449B00FA6811498A4201D1B6
:103F4000002200E0202213441B6823F0FF02B9681E
:103F50000A4B0B449B00F9680948814201D10021BA
:103F600000E020210B4419467B6813430B6000BF1F
:103F70001437BD465DF8047B704700BF0082001017
:103F80000000024080B485B000AF786039607B6883
:103F9000FB600C4A3B6813441B781A46FB681344C9
:103FA0005B6908493A680A4412781146FA680A447B
:103FB00023F00403536100BF1437BD465DF8047B52
:103FC000704700BF8855020880B487B000AFF86022
:103FD000B9607A603B60FB687B610E4ABB68134442
:103FE0001B781A467B6913445B6923F007027968E2
:103FF0003B680B430748B96801440978084679696A
:10400000014413434B6100BF1C37BD465DF8047B80
:10401000704700BF8855020880B487B000AFF860D1
:10402000B9607A60FB687B61074ABB6813441B7800
:104030001A467B6913441A467B68936000BF1C379D
:10404000BD465DF8047B70478855020880B400AF18
:10405000054B1B68044A43F48033136000BFBD4620
:104060005DF8047B704700BF0044025880B400AF85
:10407000074B1B6803F40033B3F5003F01D1012364
:1040800000E000231846BD465DF8047B704700BF82
:104090000044025880B483B000AF7860064B1B69BF
:1040A00023F0070204497B6813430B6100BF0C3700
:1040B000BD465DF8047B70470044025880B483B06D
:1040C00000AF7860064B9B6923F4706204497B68FB
:1040D00013438B6100BF0C37BD465DF8047B70470E
:1040E0000044025880B483B000AF7860064B9B69EF
:1040F00023F00F0204497B6813438B6100BF0C3728
:10410000BD465DF8047B70470044025880B483B01C
:1041100000AF7860064BDB6923F0700204497B68CE
:104120001343CB6100BF0C37BD465DF8047B70477D
:104130000044025880B483B000AF7860064BDB695E
:1041400023F4E06204497B681343CB6100BF0C3762
:10415000BD465DF8047B70470044025880B483B0CC
:1041600000AF7860064B9B6923F0700204497B68BE
:1041700013438B6100BF0C37BD465DF8047B70476D
:104180000044025880B483B000AF7860064B1B6ACD
:1041900023F0700204497B6813430B6200BF0C37A5
:1041A000BD465DF8047B70470044025880B485B07A
:1041B00000AF78607B68DAB2104B1344FB60FB6899
:1041C0001A687B68190E7B681B0A03F01F0301FA4B
:1041D00003F3DB431A407B681B0CD9B27B681B0AD4
:1041E00003F01F0301FA03F31A43FB681A6000BFD0
:1041F0001437BD465DF8047B704700BF4C4402583D
:1042000080B582B000AF78607868FFF7CFFF00BF5D
:104210000837BD4680BD80B582B000AF7860786851
:10422000FFF7C4FF00BF0837BD4680BD80B483B030
:1042300000AF7860064B9B6D23F4403204497B68E5
:1042400013438B6500BF0C37BD465DF8047B704798
:104250000044025880B483B000AF7860064B9B6A7C
:1042600023F0030204497B6813438B6200BF0C37C1
:10427000BD465DF8047B70470044025880B400AF2F
:10428000054B1B68044A43F08073136000BFBD46B2
:104290005DF8047B704700BF0044025880B400AF53
:1042A000074B1B6803F00073B3F1007F01D10123BA
:1042B00000E000231846BD465DF8047B704700BF50
:1042C0000044025880B400AF054BDB6A044A43F453
:1042D0008033D36200BFBD465DF8047B704700BFEA
:1042E0000044025880B400AF054BDB6A044A43F433
:1042F0000033D36200BFBD465DF8047B704700BF4A
:104300000044025880B400AF054BDB6A044A43F412
:104310008023D36200BFBD465DF8047B704700BFB9
:104320000044025880B483B000AF7860074BDB6A6A
:1043300023F002027B685B0004491343CB6200BF99
:104340000C37BD465DF8047B704700BF004402583F
:1043500080B483B000AF7860074BDB6A23F00C02B7
:104360007B689B0004491343CB6200BF0C37BD46FA
:104370005DF8047B704700BF0044025880B483B0EE
:1043800000AF7860074B1A6B074B13407A68013A0D
:10439000044913430B6300BF0C37BD465DF8047B33
:1043A000704700BF0044025800FEFFFF80B483B096
:1043B00000AF7860074B9B6A23F47C727B681B011B
:1043C000044913438B6200BF0C37BD465DF8047B84
:1043D000704700BF0044025880B483B000AF7860DB
:1043E000074B1B6B23F47E427B68013B5B02044955
:1043F00013430B6300BF0C37BD465DF8047B704769
:104400000044025880B483B000AF7860074B1B6B48
:1044100023F4FE027B68013B1B04044913430B6336
:1044200000BF0C37BD465DF8047B7047004402585E
:1044300080B483B000AF7860074B1B6B23F0FE4263
:104440007B68013B1B06044913430B6300BF0C3719
:10445000BD465DF8047B70470044025880B400AF4D
:10446000054B1B68044A43F08063136000BFBD46E0
:104470005DF8047B704700BF0044025880B400AF71
:10448000074B1B6803F00063B3F1006F01D10123F8
:1044900000E000231846BD465DF8047B704700BF6E
:1044A0000044025880B400AF054BDB6A044A43F471
:1044B0000023D36200BFBD465DF8047B704700BF98
:1044C0000044025880B483B000AF7860074BDB6AC9
:1044D00023F020027B685B0104491343CB6200BFD9
:1044E0000C37BD465DF8047B704700BF004402589E
:1044F00080B483B000AF7860074BDB6A23F0C00262
:104500007B689B0104491343CB6200BF0C37BD4657
:104510005DF8047B704700BF0044025880B483B04C
:1045200000AF7860074B9A6B074B13407A68013AEB
:10453000044913438B6300BF0C37BD465DF8047B11
:10454000704700BF0044025800FEFFFF80B483B0F4
:1045500000AF7860074B9B6A23F47C327B681B03B7
:10456000044913438B6200BF0C37BD465DF8047BE2
:10457000704700BF0044025880B483B000AF786039
:10458000074B9B6B23F47E427B68013B5B02044933
:1045900013438B6300BF0C37BD465DF8047B704747
:1045A0000044025880B483B000AF7860074B9B6B27
:1045B00023F4FE027B68013B1B04044913438B6315
:1045C00000BF0C37BD465DF8047B704700440258BD
:1045D00080B483B000AF7860074B9B6B23F0FE4242
:1045E0007B68013B1B06044913438B6300BF0C37F8
:1045F000BD465DF8047B70470044025880B400AFAC
:10460000054B1B68044A43F08053136000BFBD464E
:104610005DF8047B704700BF0044025880B400AFCF
:10462000074B1B6803F00053B3F1005F01D1012376
:1046300000E000231846BD465DF8047B704700BFCC
:104640000044025880B400AF054BDB6A044A43F4CF
:104650000003D36200BFBD465DF8047B704700BF16
:104660000044025880B483B000AF7860074BDB6A27
:1046700023F400727B685B0204491343CB6200BFE2
:104680000C37BD465DF8047B704700BF00440258FC
:1046900080B483B000AF7860074BDB6A23F44062DC
:1046A0007B689B0204491343CB6200BF0C37BD46B5
:1046B0005DF8047B704700BF0044025880B483B0AB
:1046C00000AF7860074B1A6C074B13407A68013AC9
:1046D000044913430B6400BF0C37BD465DF8047BEF
:1046E000704700BF0044025800FEFFFF80B483B053
:1046F00000AF7860074B9B6A23F07C727B681B05D8
:10470000044913438B6200BF0C37BD465DF8047B40
:10471000704700BF0044025880B483B000AF786097
:10472000074B1B6C23F47E427B68013B5B02044910
:1047300013430B6400BF0C37BD465DF8047B704724
:104740000044025880B483B000AF7860074B1B6C04
:1047500023F4FE027B68013B1B04044913430B64F2
:1047600000BF0C37BD465DF8047B7047004402581B
:1047700080B483B000AF7860074B1B6C23F0FE421F
:104780007B68013B1B06044913430B6400BF0C37D5
:10479000BD465DF8047B70470044025880B485B084
:1047A00000AF78600A4BD3F8D82009497B681343DF
:1047B000C1F8D830064BD3F8D8207B681340FB6093
:1047C000FB6800BF1437BD465DF8047B704700BF2F
:1047D0000044025880B485B000AF78600A4BD3F82B
:1047E000E02009497B681343C1F8E030064BD3F859
:1047F000E0207B681340FB60FB6800BF1437BD46B8
:104800005DF8047B704700BF0044025880B485B057
:1048100000AF78600A4BD3F8E82009497B6813435E
:10482000C1F8E830064BD3F8E8207B681340FB6002
:10483000FB6800BF1437BD465DF8047B704700BFBE
:104840000044025880B485B000AF78600A4BD3F8BA
:10485000F02009497B681343C1F8F030064BD3F8C8
:10486000F0207B681340FB60FB6800BF1437BD4637
:104870005DF8047B704700BF0044025880B483B0E9
:1048800000AF7860064B1B6823F00F0204497B6879
:1048900013430B6000BF0C37BD465DF8047B7047C7
:1048A0000020005280B400AF044B1B6803F00F03DC
:1048B0001846BD465DF8047B704700BF00200052DB
:1048C00080B483B000AF7860064BDB6823F007024A
:1048D00004497B681343CB6000BF0C37BD465DF8CD
:1048E000047B70470048025880B483B000AF786002
:1048F000064B9B6923F4404204497B6813438B6158
:1049000000BF0C37BD465DF8047B70470048025875
:1049100080B483B000AF78607B68DB6843F000420E
:104920007B68DA6000BF0C37BD465DF8047B7047DA
:1049300080B483B000AF786039607B68DB6823F4B3
:1049400060123B681A437B68DA6000BF0C37BD46D3
:104950005DF8047B704780B483B000AF78607B68FB
:10496000DB6843F080427B68DA6000BF0C37BD46ED
:104970005DF8047B704780B483B000AF78607B68DB
:10498000DB6823F080427B68DA6000BF0C37BD46ED
:104990005DF8047B704780B483B000AF78607B68BB
:1049A0001B6823F080027B681A6000BF0C37BD468D
:1049B0005DF8047B7047000080B485B000AF78607C
:1049C00039603B68012B28D03B68042B23D03B681F
:1049D000102B1ED03B68402B19D03B68B3F5807F6D
:1049E00013D03B68B3F5806F0DD03B68B3F5805FA3
:1049F00007D03B68B3F5803F01D107230EE00823C1
:104A00000CE006230AE0052308E0042306E0032364
:104A100004E0022302E0012300E00023FB737B6833
:104A200018331946FB7B0A4AD35C0B44BB60BB6856
:104A30001A68FB7B0749CB5C194604238B401A4359
:104A4000BB681A6000BF1437BD465DF8047B704731
:104A5000905502089C55020880B485B000AF78607C
:104A600039603B68012B28D03B68042B23D03B687E
:104A7000102B1ED03B68402B19D03B68B3F5807FCC
:104A800013D03B68B3F5806F0DD03B68B3F5805F02
:104A900007D03B68B3F5803F01D107230EE0082320
:104AA0000CE006230AE0052308E0042306E00323C4
:104AB00004E0022302E0012300E00023FB737B6893
:104AC00018331946FB7B0A4AD35C0B44BB60BB68B6
:104AD0001A68FB7B0749CB5C194608238B401A43B5
:104AE000BB681A6000BF1437BD465DF8047B704791
:104AF000905502089C55020880B483B000AF7860DE
:104B000039607B689A68064B13403A681A437B68A1
:104B10009A6000BF0C37BD465DF8047B704700BF4C
:104B2000F8BFFEFF80B483B000AF786039607B6867
:104B30005B6823F070023B681A437B685A6000BFD1
:104B40000C37BD465DF8047B704780B483B000AF7E
:104B5000786039607B685B6823F470023B681A43B5
:104B60007B685A6000BF0C37BD465DF8047B704718
:104B700080B483B000AF78607B689B6823F08002CC
:104B80007B689A6000BF0C37BD465DF8047B7047B8
:104B900080B483B000AF78607B681B6843F001028B
:104BA0007B681A6000BF0C37BD465DF8047B704718
:104BB00080B483B000AF78607B681B6843F000521C
:104BC0007B681A6000BF0C37BD465DF8047B7047F8
:104BD00080B489B000AF786039607B680833FB60CF
:104BE000FB6853E8003FBB60BB6823F060423B6852
:104BF0005B071343FB617B680833FA69BA617B6129
:104C00007969BA6941E800233B613B69002BE4D133
:104C100000BF00BF2437BD465DF8047B704780B4F9
:104C200089B000AF786039607B680833FB60FB684F
:104C300053E8003FBB60BB6823F060623B685B06E3
:104C40001343FB617B680833FA69BA617B61796958
:104C5000BA6941E800233B613B69002BE4D100BF06
:104C600000BF2437BD465DF8047B704780B483B035
:104C700000AF786039607B681B6823F4F8123B68EA
:104C80001B041A437B681A6000BF0C37BD465DF8F1
:104C9000047B704780B483B000AF786039607B6874
:104CA0001B6823F078723B685B051A437B681A60C7
:104CB00000BF0C37BD465DF8047B704780B483B0FD
:104CC00000AF78607B689B6843F480427B689A60A1
:104CD00000BF0C37BD465DF8047B704780B483B0DD
:104CE00000AF786039607B689B6823F400423B68C2
:104CF0001A437B689A6000BF0C37BD465DF8047BA1
:104D0000704780B483B000AF78607B685B6823F441
:104D100090427B685A607B689B6823F02A027B681C
:104D20009A6000BF0C37BD465DF8047B704780B4C5
:104D300083B000AF78607B68DB6903F40013B3F5E0
:104D4000001F01D1012300E0002318460C37BD46A7
:104D50005DF8047B704780B483B000AF78607B68F7
:104D6000DB6903F48003B3F5800F01D1012300E078
:104D7000002318460C37BD465DF8047B704780B4AD
:104D800083B000AF786039607B683A689A6100BF91
:104D90000C37BD465DF8047B704780B483B000AF2C
:104DA000786039603B681A047B689A6100BF0C37F1
:104DB000BD465DF8047B704780B500AF01F0ECFEA6
:104DC00000F02EF800F096F801F014FC01F0F8FB6A
:104DD00000F0D4F800F094F900F008FA00F0FEFAC0
:104DE00000F0E8FC01F0F8F900F0A2FE00F044FF4A
:104DF00000F0C0FD00F064FE00F0E2FF01F06EF88C
:104E000001F010F901F076FA1AF078FB00F022FEBA
:104E100001F05AFB00F0DAFB0CF02CFDFEE700007D
:104E200080B500AF0420FFF729FD00BFFFF73AFD72
:104E30000346042BFAD10220FFF742FD4FF4404015
:104E4000FFF752FDFFF702F900BFFFF70FF9034626
:104E5000012BFAD10220FFF7FDF9FFF733FAFFF734
:104E600041FAFFF74FFA0120FFF772FA0020FFF72F
:104E700059FA0820FFF79AFA4FF4F070FFF77EFA1C
:104E80000220FFF7A9FA0820FFF7BCFA0420FFF779
:104E9000CFFAFFF7F3F900BFFFF700FA0346012B43
:104EA000FAD10820FFF71EF90320FFF7F3F80020DE
:104EB000FFF704F90820FFF715F94020FFF726F95E
:104EC0004FF48060FFF736F94020FFF747F94020A4
:104ED000FFF758F9064808F0A9F8002001F098FEFD
:104EE0000346002B01D001F06DFC00BF80BD00BF68
:104EF00000389C1C80B500AFFFF7D4FA0120FFF703
:104F0000F7FA0020FFF7DEFA0820FFF71FFB8820E2
:104F1000FFF704FB0820FFF72FFB0420FFF742FBFD
:104F20000220FFF755FBFFF799FA00BFFFF7A6FA3B
:104F30000346012BFAD1FFF785FB0120FFF7A8FB01
:104F40000020FFF78FFB0820FFF7D0FBC020FFF702
:104F5000B5FB0220FFF7E0FB0820FFF7F3FB06207C
:104F6000FFF706FCFFF74AFB00BFFFF757FB0346BE
:104F7000012BFAD100BF00BF80BD000080B594B006
:104F800000AF07F1400300221A605A609A6007F1EF
:104F9000280300221A605A609A60DA601A615A6126
:104FA00007F1180300221A605A609A60DA603B46E3
:104FB00000221A605A609A60DA601A615A61002011
:104FC000FFF734F92020FFF7E9FB0420FFF702FC8C
:104FD00020233B6003237B6000233B613B46194653
:104FE000404804F01FFF08233B640023BB6407F123
:104FF000400319463C4804F041FD0023BB620023F6
:10500000FB6200233B634FF400537B634FF48053F8
:10501000FB6307F128031946334804F05BFD0021C8
:105020003148FEF7FBFD4FF48013BB610023FB61A9
:1050300007F1180319462D4804F0C8FC2A48FEF76A
:1050400003FE2948FEF712FE294B1B689B09294ADB
:10505000A2FB03239A0913469B0013445B001A46E4
:10506000254BA3FB0223DB08FB6402E0FB6C013B46
:10507000FB64FB6C002BF9D1204A06211A48FEF78D
:1050800051FD04221D491848FEF778FD40F2FF72D9
:105090001A491548FEF79EFD18491348FEF70FFD03
:1050A0001148FEF7F7FD124B1B689B09114AA2FB42
:1050B00003239A0913469B0013445B001A460E4BC8
:1050C000A3FB0223DB08FB6402E0FB6C013BFB64F7
:1050D000FB6C002BF9D10448FEF7F0FD00BF503700
:1050E000BD4680BD00080258002002400023024057
:1050F00014000024632D3E05CDCCCCCC00018021D2
:1051000080B58CB000AF07F1180300221A605A6016
:105110009A60DA601A615A613B4600221A605A604E
:105120009A60DA601A615A614FF00050FFF76EFB27
:105130000120FFF74FFB20233B6003237B6000230C
:105140003B613B461946254804F06CFE442202218F
:105150002348FEF7E7FE402202212148FEF7D8FD52
:10516000002202211E48FEF7B7FE4FF48072022192
:105170001B48FEF7F3FD002202211948FEF714FE3A
:105180004FF4806202211648FEF734FE002202210D
:105190001348FEF755FE002202211148FEF776FE65
:1051A00002210F48FEF7EEFE1C23BB610023FB61CA
:1051B00000237B620023BB620023FB6207F118031C
:1051C0001A460849084804F0EEFC06490648FEF76E
:1051D00089FD00BF3037BD4680BD00BF00000258CA
:1051E00000040240720040350074004080B590B069
:1051F00000AF07F118032822002118461DF076F9A8
:105200003B4600221A605A609A60DA601A615A615D
:105210006B48FFF700F84FF48050FFF713FB0820AE
:10522000FFF7D8FA0220FFF7D5FA80233B6002236C
:105230007B600023BB600023FB6000233B610523F0
:105240007B613B4619465F4804F0ECFD18233B6048
:1052500002237B600023BB600023FB6000233B61D3
:1052600005237B613B461946574804F0DBFD2522A8
:1052700002215648FEF756FE002202215348FEF74F
:1052800047FD002202215148FEF726FE002202219E
:105290004E48FEF763FD002202214C48FEF784FDD4
:1052A0004FF4806202214948FEF7A4FD002202214A
:1052B0004648FEF7C5FD002202214448FEF7E6FD00
:1052C00002214248FEF75EFE262203213F48FEF7F8
:1052D00029FE402203213D48FEF71AFD002203214A
:1052E0003A48FEF7F9FD002203213848FEF736FD63
:1052F000002203213548FEF757FD4FF48062032159
:105300003248FEF777FD002203213048FEF798FD72
:10531000002203212D48FEF7B9FD03212B48FEF79B
:1053200031FEFEF71FFB0346002200211846FEF760
:1053300093FB034619462320FEF764FB2320FEF768
:105340001FFB0023BB614FF48003FB6107233B621B
:1053500000237B620023BB624FF08063FB624FF04F
:10536000A0433B6300237B630023BB630023FB63F9
:1053700007F118031946164805F0A6FC0021144849
:10538000FFF7D6FA1248FFF7E6FA032300220321BB
:105390000E48FEF719FE0F4A02210C48FEF73CFEAC
:1053A0000D4A03210948FEF737FE2320FEF706FBCE
:1053B0000748FFF7ADFA00BF4037BD4680BD00BFCC
:1053C000040C0007000C02580004025800000240C0
:1053D00000300140303001402030014080B590B0B5
:1053E00000AF07F118032822002118461DF07EF8AF
:1053F0003B4600221A605A609A60DA601A615A616C
:105400006B48FEF708FF4FF48040FFF7FFF90420D8
:10541000FFF7E0F90220FFF7DDF906233B600223E6
:105420007B600023BB600023FB6000233B610523FE
:105430007B613B4619465F4804F0F4FC4FF400538F
:105440003B6002237B600023BB600023FB600023E2
:105450003B6105237B613B461946574804F0E2FC5B
:10546000272200215548FEF75DFD00220021534808
:10547000FEF74EFC002200215048FEF72DFD0022D1
:1054800000214E48FEF76AFC002200214B48FEF73F
:105490008BFC4FF4806200214848FEF7ABFC0022F1
:1054A00000214648FEF7CCFC002200214348FEF7CD
:1054B000EDFC00214148FEF765FD282201213F480F
:1054C000FEF730FD402201213C48FEF721FC00227E
:1054D00001213A48FEF700FD002201213748FEF77E
:1054E0003DFC002201213548FEF75EFC4FF480624E
:1054F00001213248FEF77EFC002201212F48FEF7F1
:105500009FFC002201212D48FEF7C0FC01212B4801
:10551000FEF738FDFEF726FA034600220021184662
:10552000FEF79AFA034619462420FEF76BFA242068
:10553000FEF726FA0023BB614FF48003FB610723CB
:105540003B6200237B620023BB624FF08063FB62FF
:105550004FF0A0433B6300237B630023BB63002326
:10556000FB6307F118031946154805F0ADFB002150
:105570001348FFF7DDF91248FFF7EDF90323002286
:1055800001210E48FEF720FD0E4A00210B48FEF7D0
:1055900043FD0D4A01210948FEF73EFD2420FEF798
:1055A0000DFA0748FFF7B4F900BF4037BD4680BD8C
:1055B000040C0007000802580004025800000240D2
:1055C00000380040303800402038004080B590B0AE
:1055D00000AF07F118032822002118461CF086FFAF
:1055E0003B4600221A605A609A60DA601A615A617A
:1055F0006948FEF710FE4FF40040FFF707F902205C
:10560000FFF7E8F80420FFF7E5F804233B600223E6
:105610007B600023BB600023FB6000233B6107230A
:105620007B613B4619465D4804F0FCFB4FF4406348
:105630003B6002237B600023BB600023FB600023F0
:105640003B6106237B613B461946554804F0EAFB63
:105650003D2203215348FEF765FC002203215148F7
:10566000FEF756FB002203214E48FEF735FC0022D0
:1056700003214C48FEF772FB002203214948FEF744
:1056800093FB4FF4806203214648FEF7B3FB0022F0
:1056900003214448FEF7D4FB002203214148FEF7D2
:1056A000F5FB03213F48FEF76DFC3E2204213D48F7
:1056B000FEF738FC402204213A48FEF729FB00227D
:1056C00004213848FEF708FC002204213548FEF783
:1056D00045FB002204213348FEF766FB4FF480624D
:1056E00004213048FEF786FB002204212D48FEF7F6
:1056F000A7FB002204212B48FEF7C8FB0421294800
:10570000FEF740FCFEF72EF9034600220021184662
:10571000FEF7A2F9034619463320FEF773F933204A
:10572000FEF72EF90023BB610023FB6107233B62D8
:1057300000237B620023BB624FF08063FB62002387
:105740007B630023BB630023FB6307F11803194647
:10575000154805F0B9FA00211348FFF7E9F8124897
:10576000FFF709F90323002204210E48FEF72CFC61
:105770000E4A03210B48FEF74FFC0D4A042109484D
:10578000FEF74AFC3320FEF719F90748FFF7C0F887
:1057900000BF4037BD4680BD040C0007000402581E
:1057A0000008025800040240003C0040303C004029
:1057B000203C004080B590B000AF07F118032822CC
:1057C000002118461CF092FE3B4600221A605A60E7
:1057D0009A60DA601A615A616048FEF71CFD4FF466
:1057E0000050FFF72FF81020FEF7F4FF4FF483531B
:1057F0003B6002237B600323BB600023FB6000232C
:105800003B6105237B613B461946554804F00AFB82
:10581000532204215348FEF785FB002204215148FE
:10582000FEF776FA002204214E48FEF755FB0022CF
:1058300004214C48FEF792FA002204214948FEF761
:10584000B3FA4FF4806204214648FEF7D3FA0022EF
:1058500004214448FEF7F4FA002204214148FEF7EF
:1058600015FB04213F48FEF78DFB542205213D48DE
:10587000FEF758FB402205213A48FEF749FA00227C
:1058800005213848FEF728FB002205213548FEF7A0
:1058900065FA002205213348FEF786FA4FF480624C
:1058A00005213048FEF7A6FA002205212D48FEF713
:1058B000C7FA002205212B48FEF7E8FA05212948FE
:1058C000FEF760FBFEF74EF8034600220021184663
:1058D000FEF7C2F8034619465420FEF793F8542009
:1058E000FEF74EF80023BB614FF48003FB610723F2
:1058F0003B6200237B620023BB624FF08063FB624C
:105900004FF000533B6300237B630023BB63002302
:10591000FB6307F118031946134805F0D5F9002178
:105920001148FFF705F81048FFF715F80323002288
:1059300005210C48FEF748FB0C4A04210948FEF7F4
:105940006BFB0B4A05210748FEF766FB5420FEF768
:1059500035F800BF4037BD4680BD00BF04100007CA
:105960000010025800000240003401403034014071
:105970002034014080B594B000AF07F13C03002211
:105980001A605A609A60DA601A6107F11C032022DB
:10599000002118461CF0AAFD3B1D00221A605A6027
:1059A0009A60DA601A615A610220FEF72FFF4FF405
:1059B000F073BB8700233B644FF4FA737B640023CE
:1059C000BB6407F13C031946204805F08DFA1F48D7
:1059D000FEF7E1FF00211D48FFF78EF810211B485C
:1059E000FFF73AF86023FB6100233B6200237B62F0
:1059F0000023BB620023FB6207F11C031A4610213F
:105A0000124805F005FB10211048FEF7D5FF0021D4
:105A10000E48FFF787F80D48FFF7AAF80120FEF7B8
:105A2000D9FE80237B600223BB600023FB60002340
:105A30003B6100237B610223BB613B1D1946044887
:105A400004F0F0F900BF5037BD4680BD00040040AF
:105A50000000025880B586B000AF3B1D00221A60DE
:105A60005A609A60DA601A610220FEF7EBFE0023AA
:105A7000BB800023BB6043F69823FB6000233B619F
:105A800000237B613B1D19460C4805F02DFA0B489D
:105A9000FEF781FF00210948FFF72EF82021074873
:105AA000FFF740F800210548FFF74FF80348FFF7DC
:105AB0005FF800BF1837BD4680BD00BF000401403D
:105AC00080B586B000AF3B1D00221A605A609A6014
:105AD000DA601A614FF48020FEF7B4FEFDF742FF52
:105AE0000346002200211846FDF7B6FF034619467B
:105AF0007620FDF787FF7620FDF742FF45F6C0537D
:105B0000BB800023BB6044F62063FB6000233B6145
:105B100000237B613B1D1946044805F0E5F9034865
:105B2000FEF739FF00BF1837BD4680BD0048014071
:105B300080B58EB000AF07F118032022002118466F
:105B40001CF0D4FC3B4600221A605A609A60DA606E
:105B50001A615A614348FEF753FB4FF40020FEF7E9
:105B600055FE0220FEF736FE0820FEF733FE4FF406
:105B700080433B6002237B600023BB600023FB600B
:105B800000233B6108237B613B461946364804F0FD
:105B900049F903233B6002237B600023BB600023A1
:105BA000FB6000233B6108237B613B4619462F487D
:105BB00004F038F9FDF7D6FE03460022002118460E
:105BC000FDF74AFF034619463420FDF71BFF34203A
:105BD000FDF7D6FE0023BB61254BFB6100233B6232
:105BE00000237B620023BB620C23FB6200233B6328
:105BF00000237B6307F1180319461E4805F0C2FD18
:105C00001C48FFF75BF800211A48FFF767F80121ED
:105C10001848FFF73FF801211648FFF727F8154805
:105C2000FEF7C6FF04211348FEF7D2FF01211148F9
:105C3000FEF7F5FF0F48FFF764F80E48FEF7A8FFE0
:105C400000BF0C48FFF773F80346002BF9D0094852
:105C5000FFF781F80346002BF3D000BF00BF3837B1
:105C6000BD4680BD0800000700040258000C025821
:105C7000C0C62D00004C004080B58EB000AF07F1CB
:105C800018032022002118461CF030FC3B4600225D
:105C90001A605A609A60DA601A615A614348FEF7E6
:105CA000AFFA4FF48010FEF7B1FD0420FEF792FD2D
:105CB0000220FEF78FFD4FF480733B6002237B6070
:105CC0000023BB600023FB6000233B6108237B6152
:105CD0003B461946364804F0A5F860233B60022392
:105CE0007B600023BB600023FB6000233B610E232D
:105CF0007B613B4619462F4804F094F8FDF732FECD
:105D00000346002200211846FDF7A6FE0346194669
:105D10003520FDF777FE3520FDF732FE0023BB610D
:105D2000254BFB6100233B6200237B620023BB62A7
:105D30000C23FB6200233B6300237B6307F1180302
:105D400019461E4805F01EFD1C48FEF7B7FF00214E
:105D50001A48FEF7C3FF01211848FEF79BFF0121F7
:105D60001648FEF783FF1548FEF722FF042113486B
:105D7000FEF72EFF01211148FEF751FF0F48FEF7F5
:105D8000C0FF0E48FEF704FF00BF0C48FEF7CFFF30
:105D90000346002BF9D00948FEF7DDFF0346002B30
:105DA000F3D000BF00BF3837BD4680BD08000007F4
:105DB0000008025800040258C0C62D0000500040E0
:105DC00080B58EB000AF07F11803202200211846DD
:105DD0001CF08CFB3B4600221A605A609A60DA6025
:105DE0001A615A613948FEF70BFA4FF08040FEF70E
:105DF0000DFD1020FEF7EEFC4FF460733B600223B4
:105E00007B600023BB600023FB6000233B61072312
:105E10007B613B4619462E4804F004F8FDF7A2FDCD
:105E20000346002200211846FDF716FE03461946D8
:105E30005220FDF7E7FD5220FDF7A2FD0023BB61D4
:105E4000244BFB6100233B6200237B620023BB6287
:105E50000C23FB6200233B6300237B6307F11803E1
:105E600019461D4805F08EFC1B48FEF727FF002150
:105E70001948FEF733FF01211748FEF70BFF0121F8
:105E80001548FEF7F3FE1448FEF792FE042112486F
:105E9000FEF79EFE01211048FEF7C1FE0E48FEF7F8
:105EA00030FF0D48FEF774FE00BF0B48FEF73FFFC2
:105EB0000346002BF9D00848FEF74DFF0346002BA0
:105EC000F3D000BF00BF3837BD4680BD08000007D3
:105ED00000100258C0C62D000078004080B58EB07A
:105EE00000AF07F118032022002118461CF0FEFA2B
:105EF0003B4600221A605A609A60DA601A615A6161
:105F00004348FEF77DF94FF00040FEF77FFC082084
:105F1000FEF760FC1020FEF75DFC4FF400433B6091
:105F200002237B600023BB600023FB6000233B61F6
:105F300008237B613B461946364803F073FF032371
:105F40003B6002237B600023BB600023FB600023D7
:105F50003B6108237B613B4619462F4803F062FFF3
:105F6000FDF700FD0346002200211846FDF774FDF1
:105F7000034619465320FDF745FD5320FDF700FD6C
:105F80000023BB61254BFB6100233B6200237B6246
:105F90000023BB620C23FB6200233B6300237B6373
:105FA00007F1180319461E4805F0ECFB1C48FEF7E4
:105FB00085FE00211A48FEF791FE01211848FEF7E0
:105FC00069FE01211648FEF751FE1548FEF7F0FD67
:105FD00004211348FEF7FCFD01211148FEF71FFEC6
:105FE0000F48FEF78EFE0E48FEF7D2FD00BF0C48AC
:105FF000FEF79DFE0346002BF9D00948FEF7ABFEE5
:106000000346002BF3D000BF00BF3837BD4680BD2C
:1060100008000007000C025800100258C0C62D00EE
:10602000007C004080B58EB000AF07F1180320223D
:10603000002118461CF05AFA3B4600221A605A60AA
:106040009A60DA601A615A615E48FEF7D9F810204A
:10605000FEF7F8FB0120FEF7BDFB4FF4C0633B6089
:1060600002237B600023BB600023FB6000233B61B5
:1060700007237B613B461946534803F0D3FE292290
:1060800000215248FDF74EFF002200214F48FDF746
:106090003FFE002200214D48FDF71EFF0022002197
:1060A0004A48FDF75BFE002200214848FDF77CFED0
:1060B0004FF4806200214548FDF79CFE002200213C
:1060C0004248FDF7BDFE002200214048FDF7DEFEFC
:1060D00000213E48FDF756FF2A2201213B48FDF7EB
:1060E00021FF402201213948FDF712FE0022012143
:1060F0003648FDF7F1FE002201213448FDF72EFE5F
:10610000002201213148FDF74FFE4FF4806201214A
:106110002E48FDF76FFE002201212C48FDF790FE6E
:10612000002201212948FDF7B1FE01212748FDF792
:1061300029FFFDF717FC0346002200211846FDF752
:106140008BFC034619462520FDF75CFC2520FDF756
:1061500017FC0023BB611E4BFB6100233B62002345
:106160007B620023BB620C23FB6200233B630023A2
:106170007B6307F118031946164805F003FB00215D
:106180001448FEF725FD01211248FEF748FD11488D
:10619000FEF70EFD0F48FEF7B4FD0E48FEF7F8FCC3
:1061A00000BF0C48FEF7C3FD0346002BF9D0094899
:1061B000FEF7D1FD0346002BF3D000BF00BF3837F8
:1061C000BD4680BD080300070000025800040240DD
:1061D00060E316000010014080B58EB000AF07F1FB
:1061E00018032022002118461CF080F93B460022AB
:1061F0001A605A609A60DA601A615A613948FDF78C
:10620000FFFF4FF40030FEF701FB0120FEF7E2FA3A
:106210000E233B6002237B600023BB600023FB60F6
:1062200000233B6107237B613B4619462E4803F060
:10623000F9FDFDF797FB0346002200211846FDF704
:106240000BFC034619462620FDF7DCFB2620FDF754
:1062500097FB0023BB61254BFB6100233B620023BE
:106260007B620023BB620C23FB6200233B630023A1
:106270007B6307F1180319461D4805F083FA0421D2
:106280001B48FEF7A5FC01211948FEF7C8FC184879
:10629000FEF714FD00211648FEF720FD01211448E9
:1062A000FEF7F8FC01211248FEF7E0FC1048FEF76B
:1062B0007FFC0F48FEF725FD0D48FEF769FC00BF87
:1062C0000B48FEF734FD0346002BF9D00848FEF7D3
:1062D00042FD0346002BF3D000BF00BF3837BD4658
:1062E00080BD00BF0800000700000258C0C62D0096
:1062F0000044004080B58EB000AF07F118032022A3
:10630000002118461CF0F2F83B4600221A605A6041
:106310009A60DA601A615A616648FDF771FF4FF4BE
:106320008020FEF773FA0820FEF754FA4FF49853D2
:106330003B6002237B600023BB600023FB600023E3
:106340003B6107237B613B4619465B4803F06AFDCE
:106350002D2206215948FDF7E5FD00220621574868
:10636000FDF7D6FC002206215448FDF7B5FD0022BA
:1063700006215248FDF7F2FC002206214F48FDF7A6
:1063800013FD4FF4806206214C48FDF733FD0022D7
:1063900006214A48FDF754FD002206214748FDF733
:1063A00075FD06214548FDF7EDFD2E2207214348E6
:1063B000FDF7B8FD402207214048FDF7A9FC002267
:1063C00007213E48FDF788FD002207213B48FDF7E5
:1063D000C5FC002207213948FDF7E6FC4FF4806236
:1063E00007213648FDF706FD002207213348FDF757
:1063F00027FD002207213148FDF748FD07212F48DE
:10640000FDF7C0FDFDF7AEFA034600220021184655
:10641000FDF722FB034619462720FDF7F3FA272054
:10642000FDF7AEFA0023BB61254BFB6100233B6205
:1064300000237B620023BB620C23FB6200233B63CF
:1064400000237B6307F1180319461E4805F09AF9EB
:1064500004211C48FEF7BCFB01211A48FEF7DFFBB4
:106460001848FEF72BFC00211648FEF737FC0121E7
:106470001448FEF70FFC01211248FEF7F7FB114804
:10648000FEF796FB0F48FEF73CFC0E48FEF780FB3C
:1064900000BF0C48FEF74BFC0346002BF9D009481F
:1064A000FEF759FC0346002BF3D000BF00BF38377E
:1064B000BD4680BD08000007000C025800000240E5
:1064C000C0C62D000048004080B58EB000AF07F177
:1064D00018032022002118461CF008F83B46002231
:1064E0001A605A609A60DA601A615A613148FDF7A1
:1064F00087FE2020FEF7A6F90420FEF76BF9C023E3
:106500003B6002237B600023BB600023FB60002311
:106510003B6107237B613B461946274803F082FC19
:10652000FDF720FA0346002200211846FDF794FAF1
:10653000034619464720FDF765FA4720FDF720FA84
:106540000023BB614FF41653FB6100233B62002321
:106550007B620023BB620C23FB6200233B630023AE
:106560007B6307F118031946144805F00BF9002165
:106570001248FEF72DFB00211048FEF750FB0F4894
:10658000FEF716FB0D48FEF7BCFB0C48FEF700FBC0
:1065900000BF0A48FEF7CBFB0346002BF9D00748A3
:1065A000FEF7D9FB0346002BF3D000BF00BF3837FE
:1065B000BD4680BD080300070008025800140140D2
:1065C00080B500AF0120FEF7E9F80220FEF7E6F8FB
:1065D000FDF7C8F90346002200211846FDF73CFAF2
:1065E000034619463B20FDF70DFA3B20FDF7C8F99D
:1065F00000BF80BD80B586B000AF3B4600221A6068
:106600005A609A60DA601A615A611020FEF7E2F867
:106610008020FEF7DFF80420FEF7DCF80120FEF70B
:10662000D9F80220FEF7D6F80820FEF7D3F810219B
:106630005F48FEF7A4FB10215E48FEF7A0FB4FF475
:1066400000615D48FEF79BFB4FF400715B48FEF76D
:1066500096FB4FF400715A48FEF791FB4FF48061AE
:106660005348FEF79AFB4FF400415248FEF795FB62
:106670004FF480715248FEF790FB10233B600123DA
:106680007B600323BB600023FB6000233B613B4630
:106690001946474803F0C6FB10233B6001237B608B
:1066A0000323BB600023FB6000233B613B4619468C
:1066B000404803F0B7FB4FF480633B6001237B60ED
:1066C0000023BB600023FB6000233B613B4619466F
:1066D000374803F0A7FB4FF484533B6000237B60F3
:1066E00001233B613B461946354803F09BFB4FF4C1
:1066F00080633B6000237B6001233B613B4619467E
:106700002D4803F08FFB4FF400633B6001237B6057
:106710000023BB600023FB6000233B613B4619461E
:10672000254803F07FFB4FF400733B6001237B603F
:106730000223BB600023FB6000233B613B461946FC
:106740001E4803F06FFB4FF400433B6001237B6066
:106750000023BB600023FB6000233B613B461946DE
:10676000144803F05FFB4FF480733B6001237B60B0
:106770000023BB600023FB6000233B613B461946BE
:106780000F4803F04FFB4FF400733B6001237B6025
:106790000323BB600023FB6000233B613B4619469B
:1067A000074803F03FFB00BF1837BD4680BD00BF60
:1067B0000010025800000258000C0258000802584D
:1067C0000004025880B400AF72B600BFFEE70000BC
:1067D00080B582B000AF154BD3F8F430134A43F0C4
:1067E0000203C2F8F430114BD3F8F43003F0020383
:1067F0007B607B680D4BD3F8F4300C4A43F40043C4
:10680000C2F8F430094BD3F8F43003F400433B6092
:106810003B68002000F076FA00F09CFA002000F0BF
:1068200085FA00BF0837BD4680BD00BF004402584E
:1068300080B400AFFEE780B400AFFEE780B400AFE5
:10684000FEE780B400AFFEE780B400AFFEE780B49F
:1068500000AF00BFBD465DF8047B704780B400AF59
:1068600000BFBD465DF8047B704780B400AF00BF39
:10687000BD465DF8047B704780B500AF044B1B68D4
:106880000133034A136000F0F9F900BF80BD00BF77
:10689000C87C022480B500AF024801F03EFE00BF74
:1068A00080BD00BF7486022480B400AF0123184667
:1068B000BD465DF8047B704780B582B000AF78605C
:1068C00039601BF0CBFD034616221A604FF0FF33F0
:1068D00018460837BD4680BD80B582B000AF7860ED
:1068E0004FF0FF317868FFF7E7FFFEE780B586B02D
:1068F00000AFF860B9607A6000237B610AE0AFF313
:1069000000800146BB685A1CBA60CAB21A707B6923
:1069100001337B617A697B689A42F0DB7B681846B9
:106920001837BD4680BD80B586B000AFF860B9604D
:106930007A6000237B6109E0BB685A1CBA601B784F
:106940001846AFF300807B6901337B617A697B680D
:106950009A42F1DB7B6818461837BD4680BD80B48B
:1069600083B000AF78604FF0FF3318460C37BD4658
:106970005DF8047B704780B483B000AF7860396005
:106980003B684FF400525A60002318460C37BD464E
:106990005DF8047B704780B483B000AF786001235A
:1069A00018460C37BD465DF8047B704780B485B04F
:1069B00000AFF860B9607A60002318461437BD460E
:1069C0005DF8047B7047000080B586B000AF78604A
:1069D000144A154BD31A7B617B693B61134B1B68CF
:1069E000002B02D1114B124A1A60104B1A687B68B7
:1069F00013443A699A4207D21BF030FD03460C2239
:106A00001A604FF0FF3309E0084B1B68FB60074B2F
:106A10001A687B681344054A1360FB6818461837E8
:106A2000BD4680BD000002200008000094560224EC
:106A30000000002080B400AF374BD3F88830364ACE
:106A400043F47003C2F88830344B1B6803F00F0323
:106A5000062B07D8314B1B6823F00F032F4A43F056
:106A6000070313602E4B1B682D4A43F0010313608C
:106A70002B4B00221A612A4B1A682949294B1340D3
:106A80000B60264B1B6803F00803002B07D0234B39
:106A90001B6823F00F03214A43F007031360204BC8
:106AA00000229A611E4B0022DA611D4B00221A62FD
:106AB0001B4B1D4A9A621A4B1C4ADA62184B1C4A3D
:106AC0001A63174B00225A63154B194A9A63144BE9
:106AD0000022DA63124B164A1A64114B00225A64E0
:106AE0000F4B1B680E4A23F4802313600C4B0022CB
:106AF0001A66104B1A68104B1340B3F1005F02D2B4
:106B00000E4B01221A600E4B43F2D2021A6000BFF4
:106B1000BD465DF8047B704700ED00E000200052A8
:106B2000004402587FEDF6EA000202020000FF0175
:106B3000800201010010005C0000FFFF088100518D
:106B400000400052DFF834D0FFF774FF0C480D49C5
:106B50000D4A002302E0D458C4500433C4188C42B8
:106B6000F9D30A4A0A4C002301E013600432A2421E
:106B7000FBD31BF079FCFEF71FF9704700000220E1
:106B8000000000240C020024301D04081002002420
:106B90008C8A0224FEE7000080B582B000AF03209B
:106BA00000F0CCF902F042FD0246154B9B691B0A2E
:106BB00003F00F031349CB5C03F01F0322FA03F326
:106BC0007B600F4B9B6903F00F030E4AD35C03F00D
:106BD0001F037A6822FA03F30B4A13600B4A7B689F
:106BE0001360002000F014F80346002B01D00123AD
:106BF00002E0FFF7EDFD002318460837BD4680BDD3
:106C000000440258A855020818000024140000246B
:106C100080B582B000AF7860154B1B78002B01D196
:106C2000012321E0134B1A68114B1B7819464FF4CE
:106C30007A73B3FBF1F3B2FBF3F3184600F0B1F94A
:106C40000346002B01D001230EE07B680F2B0AD8EE
:106C5000002279684FF0FF3000F07BF9064A7B682C
:106C60001360002300E0012318460837BD4680BDAD
:106C700020000024140000241C00002480B400AF75
:106C8000064B1B781A46064B1B681344044A1360D4
:106C900000BFBD465DF8047B704700BF20000024A4
:106CA0008480022480B400AF034B1B681846BD46A5
:106CB0005DF8047B704700BF8480022480B584B0F7
:106CC00000AF7860FFF7EEFFB8607B68FB60FB68A1
:106CD000B3F1FF3F05D00A4B1B781A46FB681344FB
:106CE000FB6000BFFFF7DEFF0246BB68D31AFA68FD
:106CF0009A42F7D800BF00BF1037BD4680BD00BF25
:106D00002000002480B483B000AF7860064B1B687D
:106D100023F0700204497B6813430B6000BF0C37FB
:106D2000BD465DF8047B7047003C005880B483B0DA
:106D300000AF7860064B1B6823F0020204497B68B1
:106D400013430B6000BF0C37BD465DF8047B7047F2
:106D5000003C005880B582B000AF0F4B1B680E4A54
:106D600043F001031360FFF79DFF786008E0FFF731
:106D700099FF02467B68D31A0A2B01D9032306E048
:106D8000054B1B6803F00803002BF0D000231846C6
:106D90000837BD4680BD00BF003C005880B485B0B8
:106DA00000AF78607B6803F00703FB600B4BDB6888
:106DB000BB60BA684FF6FF031340BB60FB681A0262
:106DC000BB681A43064B1343BB60044ABB68D360DD
:106DD00000BF1437BD465DF8047B704700ED00E04E
:106DE0000000FA0580B400AF044BDB681B0A03F017
:106DF00007031846BD465DF8047B704700ED00E0D0
:106E000080B483B000AF0346FB80B7F90630002B97
:106E10000BDBFB8803F01F020749B7F906305B095B
:106E2000012000FA02F241F8232000BF0C37BD46D2
:106E30005DF8047B704700BF00E100E080B483B0E0
:106E400000AF03463960FB80B7F90630002B0ADB40
:106E50003B68DAB20C49B7F906301201D2B20B44E2
:106E600083F800230AE03B68DAB20849FB8803F0A4
:106E70000F03043B1201D2B20B441A7600BF0C3749
:106E8000BD465DF8047B704700E100E000ED00E0E6
:106E900080B489B000AFF860B9607A60FB6803F035
:106EA0000703FB61FB69C3F10703042B28BF04231D
:106EB000BB61FB690433062B02D9FB69033B00E08D
:106EC00000237B614FF0FF32BB6902FA03F3DA4320
:106ED000BB681A407B699A404FF0FF317B6901FA29
:106EE00003F3D9437B680B40134318462437BD4650
:106EF0005DF8047B7047000080B582B000AF786019
:106F00007B68013BB3F1807F01D301230FE00A4A84
:106F10007B68013B53600F214FF0FF30FFF78EFF7E
:106F2000054B00229A60044B07221A600023184682
:106F30000837BD4680BD00BF10E000E080B582B0DC
:106F400000AF78607868FFF729FF00BF0837BD46BB
:106F500080BD80B586B000AF0346B9607A60FB8122
:106F6000FFF740FF78617A68B9687869FFF790FFAA
:106F70000246B7F90E3011461846FFF75FFF00BF13
:106F80001837BD4680BD80B582B000AF0346FB8098
:106F9000B7F906301846FFF733FF00BF0837BD4684
:106FA00080BD80B582B000AF78607868FFF7A4FF3D
:106FB000034618460837BD4680BD000080B58AB03C
:106FC00000AFF860B9607A60BB683B627B68FB61C8
:106FD0000823FB75404B1B7D012B01D1022376E07A
:106FE0003D4B01221A75BB68B3F1006F06D3BB6835
:106FF000B3F1016F02D20123BB610CE0BB68B3F1B6
:10700000016F06D3BB68B3F1026F02D20223BB61EA
:1070100001E001235BE0304B00229A61B9694CF238
:10702000503000F0EBF8034687F8273097F8273008
:10703000002B47D1BB69012B06D1284BDB68274ABF
:1070400043F00203D36007E0244BD3F80C31234A0A
:1070500043F00203C2F80C31BFF36F8F00BFBFF3E0
:107060004F8F00BFFB691A683B6A1A603B6A0433A2
:107070003B62FB690433FB61FB7D013BFB75FB7DE0
:10708000002BEFD1BFF36F8F00BFBFF34F8F00BF57
:10709000B9694CF2503000F0B1F8034687F8273058
:1070A000BB69012B06D10D4BDB680C4A23F00203B0
:1070B000D36007E0094BD3F80C31084A23F00203F0
:1070C000C2F80C31044B00221A7597F82730184685
:1070D0002837BD4680BD00BF8880022400200052B2
:1070E00080B400AF184BDB6803F00103002B0DD018
:1070F000154B164A5A60144B154A5A60124BDB68FE
:1071000003F00103002B01D0012318E00E4BD3F84C
:107110000C3103F00103002B10D00B4B0B4AC3F8CA
:107120000421094B0A4AC3F80421074BD3F80C3158
:1071300003F00103002B01D0012300E000231846D7
:10714000BD465DF8047B704700200052230167456F
:10715000AB89EFCD80B400AF0C4B9B6903F001030A
:10716000002B0DD0094B0A4A9A60084B094A9A60D5
:10717000064B9B6903F00103002B01D0012300E0C3
:1071800000231846BD465DF8047B7047002000527E
:107190003B2A19087F6E5D4C80B582B000AF01219B
:1071A0004CF2503000F002F90346002B02D00123CC
:1071B000FB710CE002214CF2503000F0F7F803466E
:1071C000002B02D00123FB7101E00023FB71FB794E
:1071D000002B0BD1084B9B69074A43F002039361D4
:1071E0004CF2503000F0A6F80346FB71FB791846CC
:1071F0000837BD4680BD00BF0020005280B586B074
:1072000000AF7860396004237B6100233B61FFF7A6
:1072100049FDF8603B68022B13D1414B7B6110E0C4
:107220007B68B3F1FF3F0CD0FFF73CFD0246FB68E3
:10723000D31A7A689A4202D37B68002B01D10323C8
:107240006AE07A69374B13407A699A420AD1364B21
:107250001A697B6913407A699A420CBF01230023A3
:10726000DBB20CE0304BD3F81031DA437B691340CA
:1072700023F00043002B0CBF01230023DBB2002BC3
:10728000CED13B68012B05D1274B1A69274B134000
:107290003B6107E0244BD3F81021244B134043F00B
:1072A00000433B613B6923F00043002B17D0204B88
:1072B0009A693B6913431E4A93613A69194B13401B
:1072C0003A699A4203D1184A3B69536105E0164A6C
:1072D0003B6923F00043C2F8143101231CE03B68F2
:1072E000012B0BD1104B1B6903F48033B3F5803FA6
:1072F00011D10D4B4FF480325A610CE00A4BD3F898
:10730000103103F48033B3F5803F04D1064B4FF4C2
:107310008032C3F81421002318461837BD4680BDBB
:10732000040000800F00EF1F002000520000EE1745
:107330008880022480B584B000AF7860FFF7B2FC8B
:10734000F86010E07B68B3F1FF3F0CD0FFF7AAFCB8
:107350000246FB68D31A7A689A4202D37B68002BF4
:1073600001D103231AE00F4BDB6903F00103002B6B
:10737000E8D10C4BDB6903F08043002B0DD00A4BA6
:107380009B6943F08043084A9361064B5B6A054A58
:1073900043F080435362012300E000231846103776
:1073A000BD4680BD002000528880022480B584B094
:1073B00000AF78603960FFF775FCB8603B68012B5F
:1073C00002D10823FB6013E0314BFB6010E07B68C7
:1073D000B3F1FF3F0CD0FFF765FC0246BB68D31A40
:1073E0007A689A4202D37B68002B01D103234BE0D9
:1073F000FA68284B1340FA689A420AD1264B1A6958
:10740000FB681340FA689A420CBF01230023DBB2E9
:107410000CE0214BD3F81031DA43FB68134023F022
:107420000043002B0CBF01230023DBB2002BCED185
:107430003B68012B12D1184B1B6903F08053B3F149
:10744000805F20D1154B9B6943F08053134A9361B1
:10745000114B4FF080525A61012315E00E4BD3F8C7
:10746000103103F08053B3F1805F0CD10B4B9B695B
:1074700043F01043094A9361074B4FF08052C3F821
:107480001421012300E0002318461037BD4680BDBB
:10749000080000800F00EF1F0020005288800224A7
:1074A00080B584B000AF786039600023FB735E4B19
:1074B0001B7D012B01D10223B2E05B4B01221A7527
:1074C000594B00229A617B685B6803F00103002B33
:1074D00009D001214CF25030FFF790FE0346002BFB
:1074E00001D00123FB737B685B6803F00203002B70
:1074F00009D002214CF25030FFF780FE0346002BEA
:1075000001D00123FB73FB7B002B40F085807B685F
:107510001B68012B36D17B681A697B685B6819464A
:10752000104600F087F97B685B6803F00103002BCD
:107530000FD001214CF25030FFF760FE0346002BC4
:1075400001D00123FB73394BDB68384A23F0080371
:10755000D3607B685B6803F00203002B5CD00221E0
:107560004CF25030FFF74AFE0346002B01D00123B6
:10757000FB732E4BD3F80C312C4A23F00803C2F8CE
:107580000C3149E03B684FF0FF321A607B689B6822
:10759000BB6039E07B6859687B681B691A46B8682C
:1075A00000F0B2F97B685B6803F00103002B0CD09C
:1075B00001214CF25030FFF721FE0346FB731B4BB9
:1075C000DA681A491A4B1340CB607B685B6803F09A
:1075D0000203002B0ED002214CF25030FFF70EFEBA
:1075E0000346FB73114BD3F80C211049104B134089
:1075F000C1F80C31FB7B002B03D03B68BA681A60E2
:107600000AE0BB680133BB607B68DA687B689B6813
:107610001344BA689A42BDD3034B00221A75FB7B10
:1076200018461037BD4680BD8880022400200052D5
:10763000FBF8FFFF80B584B000AF78604E4B1B7D38
:10764000012B01D1022392E04B4B01221A754A4BC8
:1076500000229A6101214CF25030FFF7CFFD034622
:10766000002B02D00123FB730CE002214CF25030BE
:10767000FFF7C4FD0346002B02D00123FB7301E09A
:107680000023FB73FB7B002B6DD17B681B6803F031
:107690000103002B14D07B685B68012B08D17B6849
:1076A0009A687B68DB691946104600F06BF907E0C1
:1076B0007B689A687B68DB691946104600F08CF994
:1076C0007B681B6803F00203002B04D07B68DB6837
:1076D000184600F0D7F97B681B6803F00403002B01
:1076E00007D07B685A697B689B691946104600F091
:1076F000F9F97B681B6803F00803002B09D07B684D
:10770000186A7B68596A7B689A6A7B68DB6900F053
:10771000A1FA7B681B6803F01003002B04D07B6880
:107720001B69184600F00EFB7B681B6803F04003E2
:10773000002B08D07B68D86A7B68196B7B685B6B11
:107740001A4600F021FB7B681B6803F02003002B26
:1077500009D07B68986B7B68D96B7B681A6C7B68F7
:10776000DB6900F057FB044B00221A75FB7B1846BF
:107770001037BD4680BD00BF8880022480B582B02E
:1077800000AF78607B6816221A6000F08FF902461D
:107790007B68DA6000F048FA02467B689A6100F084
:1077A000E5FA02467B681A617B68DB69012B03D02E
:1077B0007B68DB69022B29D17B681B6843F02902B7
:1077C0007B681A607B68181D7B6803F108017B6881
:1077D000DB691A4600F028F97B6803F120007B681A
:1077E00003F124017B6803F128027B68DB6900F068
:1077F00067FA7B6803F138007B6803F13C017B6822
:1078000003F140027B68DB6900F03EFB7B6803F11B
:1078100030027B6834331946104600F0DFFA7B688B
:107820001B6843F040027B681A6000BF0837BD4602
:1078300080BD000080B483B000AF786039603B68E1
:1078400003F00303032B22D12E4BDB682D4A23F0D8
:107850003003D3602B4BD3F80C312A4A23F030038A
:10786000C2F80C31274BDA6826497B681343CB609A
:10787000244BD3F80C2123497B681343C1F80C3106
:10788000204B9B691F4A43F01003936133E03B6830
:1078900003F00103002B11D01A4BDB68194A23F0C7
:1078A0003003D360174BDA6816497B681343CB600B
:1078B000144BDB68134A43F08803D3603B6803F042
:1078C0000203002B17D00F4BD3F80C310D4A23F0D5
:1078D0003003C2F80C310B4BD3F80C2109497B68FB
:1078E0001343C1F80C31074BD3F80C31054A43F070
:1078F0008803C2F80C3100BF0C37BD465DF8047B2D
:10790000704700BF0020005280B485B000AFF8601F
:10791000B9607A60BB6803F00103002B10D0184BEC
:10792000DB68174A23F4E663D360154BDA68FB681B
:1079300019027B680B431343114A43F08403D3605D
:10794000BB6803F00203002B14D00D4BD3F80C31AD
:107950000B4A23F4E663C2F80C31094BD3F80C212F
:10796000FB6819027B680B431343054A43F0840309
:10797000C2F80C3100BF1437BD465DF8047B704778
:107980000020005280B483B000AF786039603B685B
:1079900003F00103002B07D00E4BDA6B7B68DBB2E0
:1079A000DB430C491340CB633B6803F00203002B1D
:1079B00009D0084BD3F83C217B68DBB2DB43054997
:1079C0001340C1F83C3100BF0C37BD465DF8047B65
:1079D000704700BF0020005280B483B000AF7860D1
:1079E00039603B6803F00103002B06D00D4BDA6BC6
:1079F0007B68DBB20B491343CB633B6803F00203A4
:107A0000002B08D0074BD3F83C217B68DBB205493B
:107A10001343C1F83C3100BF0C37BD465DF8047B11
:107A2000704700BF0020005280B487B000AFF860FC
:107A3000B9607A6000237B617B68012B02D1104B17
:107A40009B6B7B617B68022B03D10D4BD3F83831E4
:107A50007B617B69DB43DAB2BB681A60BB681B6879
:107A6000002B03D1FB6800221A6002E0FB680122B0
:107A70001A6000BF1C37BD465DF8047B704700BF2D
:107A80000020005280B483B000AF7860064B1B6AC0
:107A900023F47F4204497B6813430B6200BF0C3719
:107AA000BD465DF8047B70470020005280B483B06F
:107AB00000AF0B4BDB6903F47F437B607B68B3F55E
:107AC0002A4F06D07B68B3F54C4F02D04FF4AA433F
:107AD00000E07B6818460C37BD465DF8047B7047B4
:107AE0000020005280B485B000AF78603960002378
:107AF000FB600023BB607B6803F00103002B09D00F
:107B00003B6803F01003FA681343FB60BB6843F063
:107B10001003BB607B6803F00203002B09D03B68B5
:107B200003F04003FA681343FB60BB6843F0400373
:107B3000BB607B6803F00403002B09D03B6803F0B3
:107B40008003FA681343FB60BB6843F08003BB60AB
:107B50007B6803F00803002B09D03B6803F4003373
:107B6000FA681343FB60BB6843F40033BB607B6877
:107B700003F01003002B09D03B6803F48023FA685C
:107B80001343FB60BB6843F48023BB607B6803F056
:107B90002003002B09D03B6803F4C013FA68134399
:107BA000FB60BB6843F4C013BB607B6803F0400319
:107BB000002B09D03B6803F40013FA681343FB6001
:107BC000BB6843F40013BB607B6803F48073002B35
:107BD00009D03B6803F00043FA681343FB60BB68BD
:107BE00043F00043BB607B6803F08003002B09D0A7
:107BF0003B6803F00053FA681343FB60BB6843F033
:107C00000053BB60074B1A6ABB68DB431A40054947
:107C1000FB6813430B6200BF1437BD465DF8047B5D
:107C2000704700BF0020005280B483B000AF074B04
:107C3000DB697B607A68064B13407B607B68184683
:107C40000C37BD465DF8047B704700BF0020005232
:107C5000F300FFFF80B485B000AFF860B9607A60D0
:107C60003B603B6803F00103002B0DD0BB6803F1C0
:107C700078431A0A7B6803F178431B0A1B041A43F2
:107C80000E49FB681343CB623B6803F00203002BF1
:107C90000ED0BB68A3F101631A0A7B68A3F10163EC
:107CA0001B0A1B041A430549FB681343C1F82C3116
:107CB00000BF1437BD465DF8047B704700200052BA
:107CC00080B487B000AFF860B9607A603B60002391
:107CD0007B6100233B613B68012B05D1174B9B6AFD
:107CE0007B614FF000633B613B68022B06D1134B75
:107CF000D3F828317B614FF001633B617B6903F06E
:107D00000042FB681A607B691A020D4B13403A6906
:107D10001A44BB681A607B691B0CC3F30B027B68B7
:107D20001A607B681B681A023B691A447B681A60F8
:107D300000BF1C37BD465DF8047B70470020005231
:107D400000FF0F0080B483B000AF7860064B1B6A61
:107D500023F00C0204497B6813430B6200BF0C370D
:107D6000BD465DF8047B70470020005280B400AF30
:107D7000044BDB6903F00C031846BD465DF8047B39
:107D8000704700BF0020005280B485B000AFF8609B
:107D9000B9607A60FB6803F00103002B08D00D4B3B
:107DA0005A6C0D4B1340BA68120C0A4913434B64CA
:107DB000FB6803F00203002B06D0064B5B6C9AB203
:107DC00004497B6813434B6400BF1437BD465DF81C
:107DD000047B7047002000520000FFFF80B485B094
:107DE00000AF78603960094B1B6CFB60FB681A04BC
:107DF0007B681A60FA68064B13403A68136000BF4C
:107E00001437BD465DF8047B704700BF0020005268
:107E10000000FFFF80B485B000AFF860B9607A6001
:107E20003B603B6803F00103002B0FD0BB6803F1FC
:107E300078431A0A7B6803F178431B0A1B041A4330
:107E4000FB6803F000430F4913434B633B6803F0A7
:107E50000203002B10D0BB68A3F101631A0A7B68F0
:107E6000A3F101631B0A1B041A43FB6803F00043E0
:107E700004491343C1F8343100BF1437BD465DF8DF
:107E8000047B70470020005280B487B000AFF860D8
:107E9000B9607A603B6000237B6100233B613B68F3
:107EA000012B05D1174B1B6B7B614FF000633B61CE
:107EB0003B68022B06D1134BD3F830317B614FF076
:107EC00001633B617B6903F00042FB681A607B69D8
:107ED0001A020D4B13403A691A44BB681A607B6959
:107EE0001B0CC3F30B027B681A607B681B681A02C9
:107EF0003B691A447B681A6000BF1C37BD465DF8B9
:107F0000047B70470020005200FF0F0080B489B04E
:107F100000AF786039600023FB61894B7B6194E19D
:107F20003B681A680121FB6901FA03F313403B61C6
:107F30003B69002B00F086813B685B6803F003031C
:107F4000012B05D03B685B6803F00303022B30D1A3
:107F50007B689B68BB61FB695B00032202FA03F349
:107F6000DB43BA691340BB613B68DA68FB695B00BD
:107F700002FA03F3BA691343BB617B68BA699A607A
:107F80007B685B68BB610122FB6902FA03F3DB4398
:107F9000BA691340BB613B685B681B0903F00102CF
:107FA000FB6902FA03F3BA691343BB617B68BA69E0
:107FB0005A603B685B6803F00303032B17D07B68B0
:107FC000DB68BB61FB695B00032202FA03F3DB435E
:107FD000BA691340BB613B689A68FB695B0002FAAF
:107FE00003F3BA691343BB617B68BA69DA603B6823
:107FF0005B6803F00303022B23D1FB69DA087B687B
:10800000083253F82230BB61FB6903F007039B0081
:108010000F2202FA03F3DB43BA691340BB613B68EA
:108020001A69FB6903F007039B0002FA03F3BA69BC
:108030001343BB61FB69DA087B680832B96943F80E
:1080400022107B681B68BB61FB695B00032202FA9C
:1080500003F3DB43BA691340BB613B685B6803F021
:108060000302FB695B0002FA03F3BA691343BB61C5
:108070007B68BA691A603B685B6803F44033002B85
:1080800000F0E0802F4BD3F8F4302E4A43F0020387
:10809000C2F8F4302B4BD3F8F43003F00203FB604A
:1080A000FB68294AFB699B08023352F82330BB6105
:1080B000FB6903F003039B000F2202FA03F3DB4387
:1080C000BA691340BB617B68204A934252D07B68F7
:1080D0001F4A934231D07B681E4A93422BD07B6863
:1080E0001D4A934225D07B681C4A93421FD07B686F
:1080F0001B4A934219D07B681A4A934213D07B687B
:10810000194A93420DD07B68184A934207D07B6886
:10811000174A934201D109232DE00A232BE00823BB
:1081200029E0072327E0062325E0052323E0042395
:1081300021E003231FE002231DE001231BE000BF19
:108140008000005800440258000400580000025803
:108150000004025800080258000C0258001002588F
:108160000014025800180258001C0258002002583F
:10817000002402580023FA6902F00302920093409F
:10818000BA691343BB613849FB699B080233BA697A
:1081900041F823204FF0B0431B68BB613B69DB43D0
:1081A000BA691340BB613B685B6803F48013002B22
:1081B00003D0BA693B691343BB614FF0B042BB695E
:1081C00013604FF0B0435B68BB613B69DB43BA6946
:1081D0001340BB613B685B6803F40013002B03D0C2
:1081E000BA693B691343BB614FF0B042BB6953604E
:1081F0007B695B68BB613B69DB43BA691340BB6168
:108200003B685B6803F40033002B03D0BA693B6919
:108210001343BB617B69BA695A607B691B68BB61A8
:108220003B69DB43BA691340BB613B685B6803F49D
:108230008033002B03D0BA693B691343BB617B6970
:10824000BA691A60FB690133FB613B681A68FB6914
:1082500022FA03F3002B7FF463AE00BF00BF243784
:10826000BD465DF8047B704700040058F0B58FB040
:108270000AAF78607B68002B01D1012316E17B688F
:108280001B68BB607B6893F8BD33DBB2002B06D163
:108290007B68002283F8BC23786817F05BFB7B685F
:1082A000032283F8BD23BB68DB6B03F48073002BD0
:1082B00002D17B6800221A617B681B68184603F0B4
:1082C0002CFC7B681B683B607E686D4606F11004E1
:1082D0000FCC0FC50FCC0FC594E8030085E8030051
:1082E000331D0ECB386803F0F7FA0346002B05D098
:1082F0007B68022283F8BD230123D7E07B681B68DB
:108300000021184603F01AFC0023FB734AE0FA7BB5
:1083100079681346DB009B1A9B000B443D33012216
:108320001A70FA7B79681346DB009B1A9B000B449A
:108330003C33FA7B1A70FA7BFB7B98B27968134660
:10834000DB009B1A9B000B44423302461A80FA7BE7
:1083500079681346DB009B1A9B000B443F330022D5
:108360001A70FA7B79681346DB009B1A9B000B445A
:10837000443300221A60FA7B79681346DB009B1AAB
:108380009B000B44483300221A60FA7B796813463D
:10839000DB009B1A9B000B44503300221A60FB7BCE
:1083A0000133FB73FA7B7B685B689A42AFD300238F
:1083B000FB7344E0FA7B79681346DB009B1A9B0051
:1083C0000B4403F2FD1300221A70FA7B79681346FE
:1083D000DB009B1A9B000B4403F5FE73FA7B1A70BB
:1083E000FA7B79681346DB009B1A9B000B4403F26F
:1083F000FF1300221A70FA7B79681346DB009B1A80
:108400009B000B4403F5017300221A60FA7B796824
:108410001346DB009B1A9B000B4403F502730022FA
:108420001A60FA7B79681346DB009B1A9B000B44A9
:1084300003F5047300221A60FB7B0133FB73FA7BA4
:108440007B685B689A42B5D37B681B683B607E683B
:108450006D4606F110040FCC0FC50FCC0FC594E884
:10846000030085E80300331D0ECB386803F0B2FB30
:108470000346002B05D07B68022283F8BD2301232D
:1084800014E07B68002283F838207B68012283F89F
:10849000BD237B685B6A012B02D1786801F086F806
:1084A0007B681B68184604F04AFC00231846143702
:1084B000BD46F0BD80B584B000AF78607B681B68B6
:1084C000FB607B6893F8BC33012B01D1022320E0D1
:1084D0007B68012283F8BC237B689B6A012B09D14E
:1084E0007B689B69012B05D0FB689B6B43F4803252
:1084F000FB689A637B681B68184603F0FDFA7B688B
:108500001B68184604F0FAFB7B68002283F8BC2342
:10851000002318461037BD4680BD90B58DB000AF22
:1085200078607B681B683B623B6AFB617B681B6809
:10853000184604F0B8FC0346002B40F0BE837B686D
:108540001B68184604F01CFC0346002B00F0B483A3
:108550007B681B68184604F013FC034603F0020313
:10856000022B07D17B681B685A697B681B6802F085
:1085700002025A617B681B68184604F001FC03463E
:1085800003F01003102B61D17B681B689A697B682C
:108590001B6822F010029A613B6A1B6ABB61BB69CF
:1085A00003F00F021346DB009B1A9B0003F5FC73DC
:1085B0007A68134404337B61BB695B0C03F00F03DF
:1085C000022B24D1BA6947F6F0731340002B35D043
:1085D0007B69D968BB691B099BB2C3F30A039BB2D1
:1085E0001A46386A04F038FA7B69DA68BB691B09F5
:1085F000C3F30A031A447B69DA607B699A69BB6931
:108600001B09C3F30A031A447B699A6116E0BB692C
:108610005B0C03F00F03062B10D17B6803F571731D
:1086200008221946386A04F017FA7B699A69BB690F
:108630001B09C3F30A031A447B699A617B681B68B0
:108640009A697B681B6842F010029A617B681B681C
:10865000184604F095FB034603F40023B3F5002FFE
:108660006ED100237B627B681B68184604F09BFB7D
:10867000B86262E0BB6A03F00103002B57D07B684D
:108680001B687A6AD2B21146184604F0C0FB386102
:108690003B6903F00103002B0CD07B6A5A01FB6994
:1086A000134403F530631A4601239360796A7868AE
:1086B00000F0D2FD3B6903F00803002B0CD07B6A6D
:1086C0005A01FB69134403F530631A46082393608B
:1086D000796A786800F0CCFE3B6903F01003002B48
:1086E00008D07B6A5A01FB69134403F530631A46CC
:1086F000102393603B6903F02003002B08D07B6AB2
:108700005A01FB69134403F530631A462023936032
:108710003B6903F40053002B09D07B6A5A01FB69C3
:10872000134403F530631A464FF4005393607B6A99
:1087300001337B62BB6A5B08BB62BB6A002B99D1C9
:108740007B681B68184604F01BFB034603F4802378
:10875000B3F5802F40F0C4807B681B68184604F096
:108760003CFBB86200237B62B6E0BB6A03F0010306
:10877000002B00F0AB807B681B687A6AD2B211468E
:10878000184604F062FB38613B6903F00103002BDB
:1087900057D07B6A03F00F03012202FA03F3FB6058
:1087A000FB6903F500635A6BFB68DB43F96901F56C
:1087B000006113404B637B6A5A01FB69134403F564
:1087C00010631A46012393607B681B69012B32D129
:1087D00079687A6A1346DB009B1A9B000B44483386
:1087E000196878687A6A1346DB009B1A9B00034479
:1087F00044331B68194478687A6A1346DB009B1A75
:108800009B000344483319607B6A002B13D17968BD
:108810007A6A1346DB009B1A9B000B4450331B689B
:10882000002B08D17B6818687B6803F571731A46C2
:10883000012104F06BFB7B6ADBB21946786817F004
:108840000EF93B6903F00803002B08D07B6A5A013C
:10885000FB69134403F510631A46082393603B69D0
:1088600003F01003002B08D07B6A5A01FB69134404
:1088700003F510631A46102393603B6903F040032D
:10888000002B08D07B6A5A01FB69134403F510637F
:108890001A46402393603B6903F00203002B0CD07F
:1088A000796A386A03F0F4FA7B6A5A01FB69134467
:1088B00003F510631A46022393603B6903F08003BB
:1088C000002B03D0796A786800F038FC7B6A0133AA
:1088D0007B62BB6A5B08BB62BB6A002B7FF445AF5F
:1088E0007B681B68184604F04BFA034603F000430C
:1088F000B3F1004F22D1FB6903F500635B68FA69AD
:1089000002F5006223F0010353607B6893F8F433AF
:10891000012B08D17B68002283F8F42300217868BA
:1089200000F068FE02E0786817F010F97B681B68B9
:108930005A697B681B6802F000425A617B681B68B9
:10894000184604F01DFA034603F40063B3F5006F04
:1089500012D1FB6903F500639B6803F00103012B4F
:1089600002D1786817F0CCF87B681B685A697B687D
:108970001B6802F400625A617B681B68184604F0A9
:10898000FFF9034603F00063B3F1006F21D17B6868
:108990001B685A697B681B6802F000625A617B6839
:1089A00093F8F433002B11D17B68012283F8F42370
:1089B0007B681B685B6D9B0803F00F027B68C3F844
:1089C000F8230121786800F015FE02E0786817F0BE
:1089D00097F87B681B68184604F0D2F9034603F445
:1089E0008053B3F5805F40F0B780FB6903F5006307
:1089F0005B68FA6902F5006223F0010353607B684B
:108A00001B681021184603F043FA0023FB6246E07E
:108A1000FB6A5A01FB69134403F510631A464FF6CB
:108A20007F339360FB6A5A01FB69134403F51063BB
:108A30001B68FA6A5101FA690A4402F5106223F4CC
:108A400000131360FB6A5A01FB69134403F530639A
:108A50001A464FF67F339360FB6A5A01FB69134451
:108A600003F530631B68FA6A5101FA690A4402F59A
:108A7000306223F400131360FB6A5A01FB6913444C
:108A800003F530631B68FA6A5101FA690A4402F57A
:108A9000306243F000631360FB6A0133FB627B6862
:108AA0005B68FA6A9A42B3D3FB6903F50063DB693A
:108AB000FA6902F5006243F00113D3617B681B6B16
:108AC000002B16D0FB6903F50063D3F88430FA69F4
:108AD00002F5006243F00B03C2F88430FB6903F532
:108AE00000635B6CFA6902F5006243F00B035364A8
:108AF00015E0FB6903F500635A69FB6903F5006340
:108B0000194642F22B0313434B61FB6903F50063E3
:108B10001B69FA6902F5006243F00B031361FB69FC
:108B200003F500631B68FA6902F5006223F4FE6333
:108B300013607B6818687B681B69D9B27B6803F592
:108B400071731A4604F0E2F97B681B685A697B6806
:108B50001B6802F480525A617B681B68184604F057
:108B60000FF9034603F40053B3F5005F24D17B688B
:108B70001B68184604F0A6F97B681B68184603F0CA
:108B800000FA03461A467B68DA607B681C6800F0CE
:108B9000C7FE01467B68DB68DBB21A46204602F05E
:108BA00009FF786816F083FF7B681B685A697B6849
:108BB0001B6802F400525A617B681B68184604F077
:108BC000DFF8034603F00803082B0AD1786816F093
:108BD00060FF7B681B685A697B681B6802F00802AB
:108BE0005A617B681B68184604F0CAF8034603F410
:108BF0008013B3F5801F0FD100237B627B6ADBB249
:108C00001946786816F0C2FF7B681B685A697B6852
:108C10001B6802F480125A617B681B68184604F0D6
:108C2000AFF8034603F40013B3F5001F0FD1002380
:108C30007B627B6ADBB21946786816F095FF7B6829
:108C40001B685A697B681B6802F400125A617B68D2
:108C50001B68184604F094F8034603F08043B3F110
:108C6000804F0AD1786816F0A3FF7B681B685A69A9
:108C70007B681B6802F080425A617B681B6818465B
:108C800004F07EF8034603F00403042B15D17B683F
:108C90001B685B68BB61BB6903F00403002B02D057
:108CA000786816F093FF7B681B6859687B681B68BF
:108CB000BA690A435A6000E000BF3437BD4690BD30
:108CC00080B582B000AF78600B46FB707B6893F88C
:108CD000BC33012B01D1022313E07B68012283F80E
:108CE000BC237B68FA7883F838207B681B68FA78A5
:108CF0001146184603F0DCFF7B68002283F8BC2392
:108D0000002318460837BD4680BD80B584B000AF4B
:108D10007860084611461A460346FB700B463B80B6
:108D20001346BB700023FB7297F90330002B0FDA58
:108D3000FB7803F00F021346DB009B1A9B003833CD
:108D40007A6813440433FB60FB6801225A700FE019
:108D5000FB7803F00F021346DB009B1A9B0003F520
:108D6000FC737A6813440433FB60FB6800225A707A
:108D7000FB7803F00F03DAB2FB681A703A88FB68DD
:108D80009A60FB68BA78DA70FB685B78002B04D0D5
:108D9000FB681B789AB2FB68DA80BB78022B02D1A1
:108DA000FB6800221A717B6893F8BC33012B01D158
:108DB00002230EE07B68012283F8BC237B681B68DA
:108DC000F968184603F002F97B68002283F8BC2397
:108DD000FB7A18461037BD4680BD80B584B000AF21
:108DE00078600B46FB7097F90330002B0FDAFB78A5
:108DF00003F00F021346DB009B1A9B0038337A689E
:108E000013440433FB60FB6801225A700FE0FB78C7
:108E100003F00F021346DB009B1A9B0003F5FC7363
:108E20007A6813440433FB60FB6800225A70FB78B5
:108E300003F00F03DAB2FB681A707B6893F8BC3357
:108E4000012B01D102230EE07B68012283F8BC23B1
:108E50007B681B68F968184603F040F97B680022BC
:108E600083F8BC23002318461037BD4680BD80B56B
:108E700086B000AFF8607A603B600B46FB72FB7A0D
:108E800003F00F021346DB009B1A9B0003F5FC73F3
:108E9000FA68134404337B617B697A68DA607B6922
:108EA0003A685A617B6900229A617B6900225A7094
:108EB000FB7A03F00F03DAB27B691A70FB681B6957
:108EC000012B02D17A687B691A61FB7A03F00F03E8
:108ED000002B09D1FB681868FB681B69DBB21A46D6
:108EE000796903F023FC08E0FB681868FB681B69DC
:108EF000DBB21A46796903F0CDF90023184618371A
:108F0000BD4680BD80B483B000AF78600B46FB7077
:108F1000FB7803F00F0279681346DB009B1A9B0075
:108F20000B4403F505731B6818460C37BD465DF806
:108F3000047B704780B586B000AFF8607A603B6014
:108F40000B46FB72FB7A03F00F021346DB009B1A01
:108F50009B003833FA68134404337B617B697A6879
:108F6000DA607B693A685A617B6900229A617B69A1
:108F700001225A70FB7A03F00F03DAB27B691A7090
:108F8000FB681B69012B02D17A687B691A61FB7A45
:108F900003F00F03002B09D1FB681868FB681B69FD
:108FA000DBB21A46796903F0C1FB08E0FB68186878
:108FB000FB681B69DBB21A46796903F06BF9002381
:108FC00018461837BD4680BD80B584B000AF7860C4
:108FD0000B46FB70FB7803F00F027B685B689A42DC
:108FE00001D9012350E097F90330002B0FDAFB7809
:108FF00003F00F021346DB009B1A9B0038337A689C
:1090000013440433FB60FB6801225A700DE0FA78C8
:109010001346DB009B1A9B0003F5FC737A6813442C
:109020000433FB60FB6800225A70FB6801229A70CF
:10903000FB7803F00F03DAB2FB681A707B6893F8D1
:10904000BC33012B01D102231EE07B68012283F88F
:10905000BC237B681B68F968184603F055FDFB7854
:1090600003F00F03002B0AD17B6818687B681B692B
:10907000D9B27B6803F571731A4603F047FF7B682A
:10908000002283F8BC23002318461037BD4680BD5C
:1090900080B584B000AF78600B46FB70FB7803F0BE
:1090A0000F027B685B689A4201D9012342E097F97D
:1090B0000330002B0FDAFB7803F00F021346DB00BE
:1090C0009B1A9B0038337A6813440433FB60FB68B7
:1090D00001225A700FE0FB7803F00F021346DB0009
:1090E0009B1A9B0003F5FC737A6813440433FB60FE
:1090F000FB6800225A70FB6800229A70FB7803F02C
:109100000F03DAB2FB681A707B6893F8BC33012B4B
:1091100001D102230EE07B68012283F8BC237B6827
:109120001B68F968184603F05DFD7B68002283F830
:10913000BC23002318461037BD4680BD80B58AB0D9
:1091400002AF786039607B681B687B617B693B613B
:109150003A681346DB009B1A9B0038337A68134445
:109160000433FB60FB689A69FB685B699A4201D92A
:1091700001236CE0FB685A69FB689B69D31AFB61A9
:10918000FB689B68FA699A4202D9FB689B68FB619D
:10919000FB6903339B08BB612BE0FB685A69FB68E2
:1091A0009B69D31AFB61FB689B68FA699A4202D9F2
:1091B000FB689B68FB61FB6903339B08BB61FB6831
:1091C000D9683B68DAB2FB6998B27B681B69DBB28D
:1091D00000930346786903F001FCFB68DA68FB69D9
:1091E0001A44FB68DA60FB689A69FB691A44FB68F9
:1091F0009A613B685A013B69134403F510639B690C
:109200009BB2BA699A4209D8FB689A69FB685B69A4
:109210009A4203D2FB685B69002BBED1FB685A6996
:10922000FB689B699A4211D83B6803F00F03012247
:1092300002FA03F3BB603B6903F500635A6BBB683A
:10924000DB43396901F5006113404B630023184685
:109250002037BD4680BD000080B586B000AF786085
:1092600039607B681B687B617B693B617B693C3350
:1092700004331B68FB603B685A013B69134403F5E8
:1092800030639B68BB607B681B69012B40F0A0804A
:10929000BB6803F00803002B15D0FB68724A9342A9
:1092A00040F2DD80BB6803F40043002B00F0D78060
:1092B0003B685A013B69134403F530631A464FF487
:1092C00000439360CBE0BB6803F02003002B09D080
:1092D0003B685A013B69134403F530631A46202367
:1092E0009360BCE0BB6803F02803002B40F0B7801C
:1092F000FB685D4A93420FD9BB6803F40043002B1F
:109300000AD03B685A013B69134403F530631A469F
:109310004FF400439360A2E079683A681346DB009B
:109320009B1A9B000B4403F501731A683B685901B3
:109330003B690B4403F530631B69C3F31203D11A75
:1093400078683A681346DB009B1A9B00034403F5D8
:109350000573196079683A681346DB009B1A9B0015
:109360000B4403F50273196878683A681346DB000A
:109370009B1A9B00034403F501731B68194478682A
:109380003A681346DB009B1A9B00034403F5027303
:1093900019603B68002B14D179683A681346DB00EA
:1093A0009B1A9B000B4403F504731B68002B08D128
:1093B0007B6818687B6803F571731A46012103F016
:1093C000A5FD3B68DBB21946786816F02DFB46E038
:1093D000FB68264A934224D1BB6803F40043002B68
:1093E0000AD03B685A013B69134403F530631A46BF
:1093F0004FF40043936032E0BB6803F02003002B7E
:1094000008D03B685A013B69134403F530631A46A0
:10941000202393603B68DBB21946786816F004FBA2
:109420001DE03B68002B14D179683A681346DB00D5
:109430009B1A9B000B4403F504731B68002B08D197
:109440007B6818687B6803F571731A46002103F086
:109450005DFD3B68DBB21946786816F0E5FA00233B
:1094600018461837BD4680BD0A30544F0A31544F54
:1094700080B586B000AF786039607B681B687B611F
:109480007B693B617B693C3304331B68FB603B6851
:109490005A013B69134403F530639B68BB60FB686A
:1094A000154A93420ED9BB6803F40043002B09D040
:1094B0003B685A013B69134403F530631A464FF485
:1094C00000439360786816F09DFAFB680A4A93425D
:1094D0000CD97B681B69012B08D17B6818687B68F5
:1094E00003F571731A46012103F010FD002318469D
:1094F0001837BD4680BD00BF0A30544F80B485B0D8
:1095000000AF78600B46FB7013463B807B681B689E
:109510005B6ABB60FB78002B07D13B8819047B6832
:109520001B68BA680A439A6228E07B681B689B6ADA
:109530001B0CBA681344BB600023FB730DE07B680F
:109540001A68FB7B40339B0013445B681B0CBA68B2
:109550001344BB60FB7B0133FB73FA7BFB78013B5D
:109560009A42ECD33B8818047B681968FB78013B6E
:10957000BA68024340339B000B445A6000231846EC
:109580001437BD465DF8047B704780B483B000AFEC
:1095900078600B467B807B681B687A885A62002360
:1095A00018460C37BD465DF8047B704780B485B023
:1095B00000AF78607B681B68FB607B680122C3F8A2
:1095C000FC237B68002283F8F423FB689B6943F04B
:1095D0000062FB689A61FB685A6D054B1343FA6899
:1095E0005365002318461437BD465DF8047B704769
:1095F0000300001080B483B000AF78600B46FB70AE
:1096000000BF0C37BD465DF8047B704780B400AFE7
:10961000054BDB68044A43F08073D36000BFBD464E
:109620005DF8047B704700BF0048025880B489B0E1
:1096300000AFB34B1B6903F03803182B00F25581C0
:1096400001A252F823F000BFAD960008EB98000885
:10965000EB980008EB980008EB980008EB980008DE
:10966000EB980008EB980008D3960008EB980008E8
:10967000EB980008EB980008EB980008EB980008BE
:10968000EB980008EB980008D9960008EB980008C2
:10969000EB980008EB980008EB980008EB9800089E
:1096A000EB980008EB980008DF960008944B1B68C5
:1096B00003F02003002B09D0914B1B68DB0803F05B
:1096C0000303904A22FA03F3BB6111E18D4BBB61A6
:1096D0000EE18D4BBB610BE18C4BBB6108E1884B0C
:1096E0009B6A03F003037B61854B9B6A1B0903F0B4
:1096F0003F033B61824BDB6A03F00103FB60804B5D
:109700005B6BDB08C3F30C03FA6802FB03F307EEA1
:10971000903AF8EE677AC7ED027A3B69002B00F0C9
:10972000E1807B69022B00F083807B69022B00F2D1
:10973000A1807B69002B03D07B69012B56D099E077
:109740006F4B1B6803F02003002B2DD06C4B1B6864
:10975000DB0803F003036B4A22FA03F37B607B68A8
:1097600007EE903AF8EE676A3B6907EE903AF8EE3A
:10977000677A86EEA77A624B1B6BC3F3080307EE8A
:10978000903AF8EE676A97ED026ADFED615AC6EE2D
:10979000257A76EEA77AF7EE006A77EEA67A67EE7C
:1097A000277AC7ED077A87E03B6907EE903AF8EE33
:1097B000677ADFED586A86EEA77A514B1B6BC3F3CD
:1097C000080307EE903AF8EE676A97ED026ADFED5C
:1097D000505AC6EE257A76EEA77AF7EE006A77EE53
:1097E000A67A67EE277AC7ED077A65E03B6907EE50
:1097F000903AF8EE677ADFED486A86EEA77A404B3A
:109800001B6BC3F3080307EE903AF8EE676A97ED17
:10981000026ADFED3F5AC6EE257A76EEA77AF7EEBA
:10982000006A77EEA67A67EE277AC7ED077A43E0FB
:109830003B6907EE903AF8EE677ADFED386A86EE1C
:10984000A77A2F4B1B6BC3F3080307EE903AF8EE91
:10985000676A97ED026ADFED2E5AC6EE257A76EE3C
:10986000A77AF7EE006A77EEA67A67EE277AC7ED59
:10987000077A21E03B6907EE903AF8EE677ADFED70
:10988000266A86EEA77A1E4B1B6BC3F3080307EE0E
:10989000903AF8EE676A97ED026ADFED1D5AC6EE60
:1098A000257A76EEA77AF7EE006A77EEA67A67EE6B
:1098B000277AC7ED077A00BF114B1B6B5B0A03F0D9
:1098C0007F0301333B603B6807EE903AB8EE677A5E
:1098D000D7ED076AC6EE877AFCEEE77A17EE903A84
:1098E000BB6105E00023BB6102E0074BBB6100BF29
:1098F000BB6918462437BD465DF8047B704700BF3E
:10990000004402580090D00300093D000024F400F8
:10991000000000460024744C0024744A0024744B58
:1099200080B582B000AFFFF781FE0246104B9B6905
:109930001B0A03F00F030F49CB5C03F01F0322FA4D
:1099400003F37B600A4B9B6903F00F03094AD35C66
:1099500003F01F037A6822FA03F3074A1360074AE9
:109960007B681360044B1B6818460837BD4680BDF2
:1099700000440258A85502081800002414000024CE
:1099800080B483B000AF786039607B681B6B23F0D4
:109990000F023B681A437B681A6300BF0C37BD4651
:1099A0005DF8047B704780B483B000AF78607B685B
:1099B0009B6803F00103012B01D1012300E0002388
:1099C00018460C37BD465DF8047B704790B585B0EE
:1099D00000AF786039600023FB737B68224A9342B2
:1099E0000ED12248FFF7DFFF04462148FFF7DBFFD7
:1099F00003462343002B0CBF01230023DBB208E006
:109A00001C48FFF7D0FF0346002B0CBF01230023A7
:109A1000DBB2002B20D03B685B68002B12D07B6848
:109A20009A68154B13403A6811683A6852681143B6
:109A30003A68926811433A68D2680A431A437B68CD
:109A40009A600BE07B689A680B4B13403A68126887
:109A50001A437B689A6001E00123FB73FB7B184685
:109A60001437BD4690BD00BF0023024000200240D5
:109A70000021024000600258E030C0FF80B584B091
:109A800000AF786039600023FB737868FFF78BFFC5
:109A90000346002B15D17B68DA680D4B13403A68FA
:109AA00011683A6892680A431A437B68DA607B68F7
:109AB0001B6923F070423B685B681A437B681A613C
:109AC00001E00123FB73FB7B18461037BD4680BDC8
:109AD000E3BFFFFF80B584B000AF7860396000233A
:109AE000FB737868FFF75FFF0346002B32D13B68BA
:109AF0005B68002B15D07B68DA681A4B13403A6814
:109B000011683A68926811433A68D26811433A681A
:109B1000126911433A6852690A431A437B68DA6052
:109B200011E07B68DA680F4B13403A6811683A68B5
:109B3000D26811433A68126911433A6852690A437C
:109B40001A437B68DA603B685B6819467868FFF700
:109B500017FF01E00123FB73FB7B18461037BD465E
:109B600080BD00BF1CC0F0FF80B483B000AF786040
:109B700039607B681A683B6803F01003012101FA21
:109B800003F31A403B6803F01003012101FA03F3C9
:109B90009A4201D1012300E0002318460C37BD464C
:109BA0005DF8047B704780B586B000AFF860B9609F
:109BB0007A600023FB75B968F868FFF7D5FF0346A4
:109BC000002B4ED17B685B68002B1BD0FB681A68AA
:109BD000BB6803F0100340F6FC7101FA03F3DB43AA
:109BE0001A407B6819687B685B6819437B689B68CF
:109BF0001943BB6803F0100301FA03F31A43FB682F
:109C00001A6013E0FB681A68BB6803F01003FC21BC
:109C100001FA03F3DB431A407B681968BB6803F061
:109C2000100301FA03F31A43FB681A60FB68DA6B4E
:109C3000BB6803F01003072101FA03F3DB431A406A
:109C40007B68D9687B681B6919437B685B6919432A
:109C5000BB6803F0100301FA03F31A43FB68DA63ED
:109C600001E00123FB75FB7D18461837BD4680BD1A
:109C700080B485B000AFF860B9607A60FB6819689D
:109C8000BB6803FB03F213465B001344DB4301EAAA
:109C90000302BB6803FB03F3796801FB03F31A4378
:109CA000FB681A6000BF1437BD465DF8047B70473F
:109CB00080B485B000AFF860B9607A60FB685A681C
:109CC000BB68DB431A40BB68796801FB03F31A43A6
:109CD000FB685A6000BF1437BD465DF8047B7047CF
:109CE00080B485B000AFF860B9607A60FB689968AD
:109CF000BB6803FB03F213465B001344DB4301EA3A
:109D00000302BB6803FB03F3796801FB03F31A4307
:109D1000FB689A6000BF1437BD465DF8047B70474E
:109D200080B485B000AFF860B9607A60FB68D9682C
:109D3000BB6803FB03F213465B001344DB4301EAF9
:109D40000302BB6803FB03F3796801FB03F31A43C7
:109D5000FB68DA6000BF1437BD465DF8047B7047CE
:109D600080B485B000AFF860B9607A60FB68196AAA
:109D7000BB6803FB03F3BA6802FB03F3BA6802FB98
:109D800003F213461B019B1ADB4301EA0302BB6883
:109D900003FB03F3B96801FB03F3B96801FB03F3A9
:109DA000796801FB03F31A43FB681A6200BF14379A
:109DB000BD465DF8047B704780B485B000AFF860A5
:109DC000B9607A60FB68596ABB681B0ABA68120AF4
:109DD00002FB03F3BA68120A02FB03F3BA68120A21
:109DE00002FB03F213461B019B1ADB4301EA030249
:109DF000BB681B0AB968090A01FB03F3B968090AC1
:109E000001FB03F3B968090A01FB03F3796801FB5D
:109E100003F31A43FB685A6200BF1437BD465DF86E
:109E2000047B704780B588B000AF786039603B68CC
:109E30001B683B613B6993FAA3F3FB60FB687B61A2
:109E40007B69002B01D1202303E07B69B3FA83F304
:109E5000DBB2FB6148E03B681A680121FB6901FA4B
:109E600003F31340BB61BB69002B3AD03B685B68CE
:109E7000012B03D03B685B68022B0ED13B689B68CB
:109E80001A46B9697868FFF72BFF3B6819683B6889
:109E9000DB681A467868FFF70BFF3B681B691A46B8
:109EA000B9697868FFF73CFF3B685B68022B11D10A
:109EB000BB69FF2B07D83B685B691A46B9697868AC
:109EC000FFF74EFF06E03B685B691A46B9697868A0
:109ED000FFF772FF3B685B681A46B9697868FFF75D
:109EE000C7FEFB690133FB613B681A68FB6922FA14
:109EF00003F3002BAFD1002318462037BD4680BDA9
:109F000080B400AF074B1B6803F40033B3F5003F88
:109F100001D1012300E000231846BD465DF8047B13
:109F2000704700BF0044025880B400AF064B1B6866
:109F300003F00403042B01D1012300E000231846A1
:109F4000BD465DF8047B70470044025880B400AF02
:109F5000044B1B6803F018031846BD465DF8047BEC
:109F6000704700BF0044025880B400AF074B1B6825
:109F700003F48073B3F5807F01D1012300E0002357
:109F80001846BD465DF8047B704700BF0044025888
:109F900080B400AF064B1B6F03F00203022B01D10C
:109FA000012300E000231846BD465DF8047B70479E
:109FB0000044025880B400AF044B1B6903F038031F
:109FC0001846BD465DF8047B704700BF0044025848
:109FD00080B400AF044B9B6903F470631846BD4620
:109FE0005DF8047B704700BF0044025880B400AFA6
:109FF000044B9B6903F00F031846BD465DF8047BD4
:10A00000704700BF0044025880B400AF044BDB69C6
:10A0100003F070031846BD465DF8047B704700BF2F
:10A020000044025880B400AF044BDB6903F4E063E2
:10A030001846BD465DF8047B704700BF00440258D7
:10A0400080B485B000AF78607B68DAB20E4B134401
:10A05000FB60FB681A687B68190E7B681B0A03F0BB
:10A060001F0301FA03F31A407B681B0A03F01F0366
:10A0700022FA03F31A047B68134318461437BD46CB
:10A080005DF8047B704700BF4C44025880B582B035
:10A0900000AF78607868FFF7D3FF034618460837AB
:10A0A000BD4680BD80B400AF044B9B6A03F0030340
:10A0B0001846BD465DF8047B704700BF0044025857
:10A0C00080B400AF074BDB6A03F48033B3F5803F05
:10A0D00001D1012300E000231846BD465DF8047B52
:10A0E000704700BF0044025880B400AF074BDB6AE2
:10A0F00003F40033B3F5003F01D1012300E0002356
:10A100001846BD465DF8047B704700BF0044025806
:10A1100080B400AF074BDB6A03F48023B3F5802FD4
:10A1200001D1012300E000231846BD465DF8047B01
:10A13000704700BF0044025880B400AF064BDB6A92
:10A1400003F00103012B01D1012300E00023184695
:10A15000BD465DF8047B70470044025880B400AFF0
:10A16000044B1B6BC3F3080301331846BD465DF86F
:10A17000047B70470044025880B400AF044B9B6AD4
:10A180001B0903F03F031846BD465DF8047B70478A
:10A190000044025880B400AF054B1B6B5B0A03F010
:10A1A0007F0301331846BD465DF8047B704700BF4E
:10A1B0000044025880B400AF054B1B6B1B0C03F02E
:10A1C0007F0301331846BD465DF8047B704700BF2E
:10A1D0000044025880B400AF054B1B6B1B0E03F00C
:10A1E0007F0301331846BD465DF8047B704700BF0E
:10A1F0000044025880B400AF044B5B6BDB08C3F330
:10A200000C031846BD465DF8047B704700440258B5
:10A2100080B400AF074B1B6803F00063B3F1006F1D
:10A2200001D1012300E000231846BD465DF8047B00
:10A23000704700BF0044025880B400AF074BDB6A90
:10A2400003F40023B3F5002F01D1012300E0002324
:10A250001846BD465DF8047B704700BF00440258B5
:10A2600080B400AF074BDB6A03F48013B3F5801FA3
:10A2700001D1012300E000231846BD465DF8047BB0
:10A28000704700BF0044025880B400AF074BDB6A40
:10A2900003F40013B3F5001F01D1012300E00023F4
:10A2A0001846BD465DF8047B704700BF0044025865
:10A2B00080B400AF064BDB6A03F01003102B01D112
:10A2C000012300E000231846BD465DF8047B70477B
:10A2D0000044025880B400AF044B9B6BC3F30803E7
:10A2E00001331846BD465DF8047B704700440258B0
:10A2F00080B400AF044B9B6A1B0B03F03F0318466E
:10A30000BD465DF8047B70470044025880B400AF3E
:10A31000054B9B6B5B0A03F07F0301331846BD4678
:10A320005DF8047B704700BF0044025880B400AF62
:10A33000054B9B6B1B0C03F07F0301331846BD4696
:10A340005DF8047B704700BF0044025880B400AF42
:10A35000054B9B6B1B0E03F07F0301331846BD4674
:10A360005DF8047B704700BF0044025880B400AF22
:10A37000044BDB6BDB08C3F30C031846BD465DF8EA
:10A38000047B70470044025880B400AF074B1B6841
:10A3900003F00053B3F1005F01D1012300E000237B
:10A3A0001846BD465DF8047B704700BF0044025864
:10A3B00080B400AF074BDB6A03F48003B3F5800F72
:10A3C00001D1012300E000231846BD465DF8047B5F
:10A3D000704700BF0044025880B400AF074BDB6AEF
:10A3E00003F40003B3F5000F01D1012300E00023C3
:10A3F0001846BD465DF8047B704700BF0044025814
:10A4000080B400AF074BDB6A03F08073B3F1807F49
:10A4100001D1012300E000231846BD465DF8047B0E
:10A42000704700BF0044025880B400AF074BDB6A9E
:10A4300003F48073B3F5807F01D1012300E0002392
:10A440001846BD465DF8047B704700BF00440258C3
:10A4500080B400AF044B1B6CC3F3080301331846F0
:10A46000BD465DF8047B70470044025880B400AFDD
:10A47000044B9B6A1B0D03F03F031846BD465DF875
:10A48000047B70470044025880B400AF054B1B6C3E
:10A490005B0A03F07F0301331846BD465DF8047B79
:10A4A000704700BF0044025880B400AF054B1B6CDE
:10A4B0001B0C03F07F0301331846BD465DF8047B97
:10A4C000704700BF0044025880B400AF054B1B6CBE
:10A4D0001B0E03F07F0301331846BD465DF8047B75
:10A4E000704700BF0044025880B400AF044B5B6C5F
:10A4F000DB08C3F30C031846BD465DF8047B7047C8
:10A500000044025880B58AB002AF78600023FB6136
:10A510000023BB61FFF7C6FD78617B69022B1FD06A
:10A520007B69022B24D87B69002B03D07B69012B2C
:10A530000ED01DE0FFF7F8FC0346002B1AD0FFF702
:10A5400005FD0346DB08384A22FA03F3FB6111E0FC
:10A55000FFF70AFD0346002B0ED0344BFB610BE0E6
:10A56000FFF7CEFC0346002B08D0314BFB6105E022
:10A5700000BF04E000BF02E000BF00E000BF7B6856
:10A5800000221A607B6800225A607B6800229A6071
:10A59000FFF7F2FD3861FFF7E1FDF860FFF7CCFD52
:10A5A0000346002B02D0FFF725FEB8613B69002B64
:10A5B00035D0FFF785FD0346002B0CD0FFF7EAFDF1
:10A5C00003460093BB69FA683969F86900F064F9D9
:10A5D00002467B681A60FFF787FD0346002B0CD00C
:10A5E000FFF7E8FD03460093BB69FA683969F8692B
:10A5F00000F052F902467B685A60FFF789FD034676
:10A60000002B0CD0FFF7E6FD03460093BB69FA6808
:10A610003969F86900F040F902467B689A6000BF2A
:10A620002037BD4680BD00BF0090D00300093D002B
:10A630000024F40080B58AB002AF78600023FB618B
:10A640000023BB61FFF72EFD78617B69022B1FD0D1
:10A650007B69022B24D87B69002B03D07B69012BFB
:10A660000ED01DE0FFF760FC0346002B1AD0FFF769
:10A670006DFC0346DB08384A22FA03F3FB6111E064
:10A68000FFF772FC0346002B0ED0344BFB610BE04E
:10A69000FFF736FC0346002B08D0314BFB6105E089
:10A6A00000BF04E000BF02E000BF00E000BF7B6825
:10A6B00000221A607B6800225A607B6800229A6040
:10A6C000FFF716FE3861FFF705FEF860FFF7F0FDB3
:10A6D0000346002B02D0FFF749FEB8613B69002B0F
:10A6E00035D0FFF7A9FD0346002B0CD0FFF70EFE77
:10A6F00003460093BB69FA683969F86900F0CCF841
:10A7000002467B681A60FFF7ABFD0346002B0CD0B6
:10A71000FFF70CFE03460093BB69FA683969F869D4
:10A7200000F0BAF802467B685A60FFF7ADFD0346B9
:10A73000002B0CD0FFF70AFE03460093BB69FA68B2
:10A740003969F86900F0A8F802467B689A6000BF92
:10A750002037BD4680BD00BF0090D00300093D00FA
:10A760000024F40080B58AB002AF78600023FB615A
:10A770000023BB61FFF796FC78617B69022B1FD039
:10A780007B69022B24D87B69002B03D07B69012BCA
:10A790000ED01DE0FFF7C8FB0346002B1AD0FFF7D1
:10A7A000D5FB0346DB08394A22FA03F3FB6111E0CB
:10A7B000FFF7DAFB0346002B0ED0354BFB610BE0B5
:10A7C000FFF79EFB0346002B08D0324BFB6105E0F0
:10A7D00000BF04E000BF02E000BF00E000BF7B68F4
:10A7E00000221A607B6800225A607B6800229A600F
:10A7F000FFF73CFE3861FFF72BFEF860FFF714FE11
:10A800000346002B02D0FFF76FFEB8613B69002BB7
:10A8100038D0FB69002B35D0FFF7CAFD0346002B6B
:10A820000CD0FFF731FE03460093BB69FA68396923
:10A83000F86900F031F802467B681A60FFF7CCFD3A
:10A840000346002B0CD0FFF72FFE03460093BB6995
:10A85000FA683969F86900F01FF802467B685A60A7
:10A86000FFF7CEFD0346002B0CD0FFF72DFE03466D
:10A870000093BB69FA683969F86900F00DF802467F
:10A880007B689A6000BF2037BD4680BD0090D00332
:10A8900000093D000024F40080B487B000AFF860E8
:10A8A000B9607A603B60FB6807EE903AF8EE676A41
:10A8B000BB6807EE903AF8EE677A86EEA77A7B6877
:10A8C00007EE903AF8EE676A3B6807EE903AB8EE0A
:10A8D000676ADFED105AC6EE257A76EEA77A67EE44
:10A8E000277AC7ED057A3B6A07EE903AB8EE677AA9
:10A8F000D7ED056AC6EE877AC7ED057AD7ED057AFA
:10A90000FCEEE77A17EE903A18461C37BD465DF824
:10A91000047B70470000004690B587B000AF7860B8
:10A9200000237B617868FFF7B1FB0346624A9342DC
:10A9300000F0A980604A934200F2AE805F4A9342E1
:10A9400000F0A1805D4A934200F2A6805C4A9342E7
:10A9500000F091805A4A934200F29E80594A9342F5
:10A9600000F08980574A934200F29680564A9342FB
:10A9700073D0554A934200F28F80544A93426CD070
:10A98000524A934200F28880514A934258D0504A2A
:10A99000934200F281804F4A934251D04D4A9342F4
:10A9A0007AD84D4A93423ED04B4A934274D84B4A90
:10A9B000934238D0494A93426ED8494A93421AD0BA
:10A9C000484A934268D100F095F80446FFF700FB2F
:10A9D00003461B0A03F00F03434AD35C03F01F0333
:10A9E00024FA03F3184600F0E7F80346184600F08F
:10A9F00011F978615BE000F07DF80446FFF7E8FAB2
:10AA000003461B0A03F00F03374AD35C03F01F030E
:10AA100024FA03F3184600F0CFF80346184600F076
:10AA2000E1F8786143E0FFF7F3FB0346002B35D0F4
:10AA300007F108031846FFF7FDFDFB687B612DE079
:10AA4000FFF7A2FC0346002B2AD007F108031846A3
:10AA5000FFF788FEFB687B6122E0FFF765FA03469B
:10AA6000002B1FD0FFF772FA0346DB081F4A22FAB9
:10AA700003F37B6116E0FFF777FA0346002B13D050
:10AA80001B4B7B6110E0FFF783FA0346002B0DD0D0
:10AA90004FF400437B6109E000BF08E000BF06E01F
:10AAA00000BF04E000BF02E000BF00E000BF7B6920
:10AAB00018461C37BD4690BD08030507080005076A
:10AAC0000803040708000407080303070800030736
:10AAD000080302070800020708030107080001072E
:10AAE0000800000708030007B85502080090D003CB
:10AAF00000093D0080B584B000AF0023FB60FFF784
:10AB000059FA0346182B4BD801A252F823F000BF84
:10AB100075AB0008A1AB0008A1AB0008A1AB000811
:10AB2000A1AB0008A1AB0008A1AB0008A1AB0008D5
:10AB300087AB0008A1AB0008A1AB0008A1AB0008DF
:10AB4000A1AB0008A1AB0008A1AB0008A1AB0008B5
:10AB50008DAB0008A1AB0008A1AB0008A1AB0008B9
:10AB6000A1AB0008A1AB0008A1AB0008A1AB000895
:10AB700093AB0008FFF7EAF90346DB080B4A22FA19
:10AB800003F3FB600DE00A4BFB600AE0094BFB603E
:10AB900007E03B461846FFF7B5FC3B68FB6000E06A
:10ABA00000BFFB6818461037BD4680BD0090D0033B
:10ABB00000093D000024F40080B582B000AF786049
:10ABC000FFF714FA034603F00F03054AD35C03F0C2
:10ABD0001F037A6822FA03F318460837BD4680BD82
:10ABE000B855020880B582B000AF7860FFF70CFA64
:10ABF00003461B0903F00703054AD35C03F01F0358
:10AC00007A6822FA03F318460837BD4680BD00BFB4
:10AC1000B855020880B582B000AF7860FFF702FA3D
:10AC200003461B0A03F00703054AD35C03F01F0326
:10AC30007A6822FA03F318460837BD4680BD00BF84
:10AC4000B855020880B483B000AF78607B681B6899
:10AC500003F00103012B01D1012300E0002318467A
:10AC60000C37BD465DF8047B704780B483B000AFFD
:10AC7000786039607B681B6823F480523B681A4314
:10AC80007B681A6000BF0C37BD465DF8047B7047D7
:10AC900080B483B000AF78607B68DB6803F08053DA
:10ACA00018460C37BD465DF8047B704780B483B00E
:10ACB00000AF786039607B683A681A6400BF0C376F
:10ACC000BD465DF8047B704780B586B000AF786004
:10ACD00039600123FB757868FFF7B4FF0346002B4A
:10ACE00069D17B689A68364B13403A6891693A6833
:10ACF000126A11433A6892680A431A437B689A6061
:10AD00003B685B693B613B685B68FB603B69B3F137
:10AD1000806F18D17868FFF7BBFF0346002B03D183
:10AD2000FB68B3F5800F09D07868FFF7B1FF0346E1
:10AD3000B3F1805F07D1FB68002B04D14FF4805141
:10AD40007868FFF792FF7B68DA681E4B13403A6819
:10AD500051693A68D26811433A68126911433A68F6
:10AD6000D26911433A68526811433A68126802F492
:10AD7000C0220A431A437B68DA607B681B6823F4AD
:10AD800000623B681B6803F400631A437B681A6027
:10AD90003B681B6AB3F5800F05D13B685B6A1946B7
:10ADA0007868FFF783FF7B681B6D23F001027B68E7
:10ADB0001A650023FB75FB7D18461837BD4680BD1C
:10ADC000E0FFBF8FFFFF39D880B483B000AF786059
:10ADD00039607B683A689A6200BF0C37BD465DF8FF
:10ADE000047B704780B483B000AF786039607B68C3
:10ADF0003A68DA6200BF0C37BD465DF8047B7047E5
:10AE000080B483B000AF786039607B683A681A63B9
:10AE100000BF0C37BD465DF8047B704780B483B03B
:10AE200000AF786039607B683A685A6300BF0C37BE
:10AE3000BD465DF8047B704780B483B000AF786096
:10AE400039607B683A689A6300BF0C37BD465DF88D
:10AE5000047B704780B483B000AF786039607B6852
:10AE60003A68DA6300BF0C37BD465DF8047B704773
:10AE700080B483B000AF786039607B683A681A6448
:10AE800000BF0C37BD465DF8047B704780B483B0CB
:10AE900000AF786039607B689B6D7B683A689A6523
:10AEA00000BF0C37BD465DF8047B704780B483B0AB
:10AEB00000AF786039607B683A68DA6500BF0C37AC
:10AEC000BD465DF8047B704780B483B000AF786006
:10AED0007B685B6943F001027B685A6100BF0C37F5
:10AEE000BD465DF8047B704780B584B000AF7860E4
:10AEF00039607B681B68FB607B683D4A934213D0D6
:10AF00007B68B3F1804F0FD07B683A4A93420BD0F5
:10AF10007B68394A934207D07B68384A934203D012
:10AF20007B68374A934206D1FB6823F070023B6886
:10AF30005B681343FB607B682D4A93421FD07B689C
:10AF4000B3F1804F1BD07B682A4A934217D07B68AD
:10AF5000294A934213D07B68284A93420FD07B68DA
:10AF6000274A93420BD07B68264A934207D07B68DE
:10AF7000254A934203D07B68244A934206D1FB685A
:10AF800023F440723B68DB681343FB607B68FA681C
:10AF90001A603B689B6819467868FFF723FF3B6897
:10AFA0001B8819467868FFF70FFF7B68104A9342A9
:10AFB0000FD07B68124A93420BD07B68114A9342B0
:10AFC00007D07B68104A934203D07B680F4A9342B4
:10AFD00005D13B681B6919467868FFF711FF78684F
:10AFE000FFF772FF002318461037BD4680BD00BF33
:10AFF000000001400004004000080040000C004038
:10B00000000401400040014000440140004801406C
:10B0100080B586B000AFF860B9607A600123FB7537
:10B02000BB68B3F5801F45D0BB68B3F5801F48D817
:10B03000BB68B3F5803F36D0BB68B3F5803F40D8DE
:10B04000BB68B3F5805F27D0BB68B3F5805F38D8A5
:10B05000BB68B3F5807F18D0BB68B3F5807F30D86C
:10B06000BB68012B03D0BB68102B07D029E079689F
:10B07000F86800F02DF80346FB7523E07968F8685E
:10B0800000F0A6F80346FB751CE07968F86800F04C
:10B0900023F90346FB7515E07968F86800F0A0F91C
:10B0A0000346FB750EE07968F86800F005FA034680
:10B0B000FB7507E07968F86800F062FA0346FB75F3
:10B0C00000E000BFFB7D18461837BD4680BD00007C
:10B0D00080B586B000AF786039607B681B6A23F06A
:10B0E00001027B681A627B681B6A7B617B685B6814
:10B0F0003B617B689B69FB60FB6823F00303FB609B
:10B10000FA682D4B13403A6812681343FB607B6961
:10B1100023F002023B681B6913437B617B6923F0C8
:10B1200001023B685B6813437B617B68234A93425F
:10B130000FD07B68224A93420BD07B68214A93420E
:10B1400007D07B68204A934203D07B681F4A934212
:10B150001ED17B6923F008023B685B699B001343A7
:10B160007B617B6923F004023B689B689B0013436F
:10B170007B613B6923F480723B689B6913433B61AD
:10B180003B6923F400723B68DB695B0013433B615E
:10B190007B683A695A607B68FA689A613B68DB6849
:10B1A00019467868FFF73AFE7B687A691A620023CD
:10B1B00018461837BD4680BD8FFFFEFF00000140D6
:10B1C00000040140004001400044014000480140AB
:10B1D00080B586B000AF786039607B681B6A23F069
:10B1E00010027B681A627B681B6A7B617B685B6804
:10B1F0003B617B689B69FB60FB6823F44073FB60E9
:10B20000FA682F4B13403A68126812021343FB602E
:10B210007B6923F020023B681B691B0113437B61A0
:10B220007B6923F010023B685B681B0113437B6161
:10B230007B68244A93420FD07B68234A93420BD009
:10B240007B68224A934207D07B68214A934203D00D
:10B250007B68204A93421FD17B6923F080023B68C0
:10B260005B699B0113437B617B6923F040023B6870
:10B270009B689B0113437B613B6923F480623B68BD
:10B280009B699B0013433B613B6923F400623B686D
:10B29000DB69DB0013433B617B683A695A607B687A
:10B2A000FA689A613B68DB6819467868FFF7C4FD65
:10B2B0007B687A691A62002318461837BD4680BD3C
:10B2C000FF8FFFFE000001400004014000400140EC
:10B2D000004401400048014080B586B000AF78606E
:10B2E00039607B681B6A23F480727B681A627B6812
:10B2F0001B6A7B617B685B683B617B68DB69FB6029
:10B30000FB6823F00303FB60FA682F4B13403A6895
:10B3100012681343FB607B6923F400723B681B696E
:10B320001B0213437B617B6923F480723B685B687B
:10B330001B0213437B617B68244A93420FD07B68D6
:10B34000234A93420BD07B68224A934207D07B6802
:10B35000214A934203D07B68204A93421FD17B69E4
:10B3600023F400623B685B699B0213437B617B694A
:10B3700023F480623B689B689B0213437B613B69BB
:10B3800023F480523B689B691B0113433B613B697B
:10B3900023F400523B68DB695B0113433B617B682C
:10B3A0003A695A607B68FA68DA613B68DB6819467B
:10B3B0007868FFF74FFD7B687A691A6200231846A8
:10B3C0001837BD4680BD00BF8FFFFEFF0000014063
:10B3D0000004014000400140004401400048014099
:10B3E00080B586B000AF786039607B681B6A23F453
:10B3F00080527B681A627B681B6A3B617B685B6872
:10B400007B617B68DB69FB60FB6823F44073FB6056
:10B41000FA68234B13403A68126812021343FB6028
:10B420003B6923F400523B681B691B0313433B61D8
:10B430003B6923F480523B685B681B0313433B6109
:10B440007B68184A93420FD07B68174A93420BD00F
:10B450007B68164A934207D07B68154A934203D013
:10B460007B68144A934207D17B6923F480423B688E
:10B470009B699B0113437B617B687A695A607B6897
:10B48000FA68DA613B68DB6819467868FFF7F0FC18
:10B490007B683A691A62002318461837BD4680BD9A
:10B4A000FF8FFFFE0000014000040140004001400A
:10B4B000004401400048014080B584B000AF78608E
:10B4C00039607B681B6A23F480327B681A627B6870
:10B4D0001B6AFB607B685B6DBB60BA68224B1340E4
:10B4E0003A6812681343BB60FB6823F400323B6880
:10B4F0001B691B041343FB60FB6823F480323B6829
:10B500005B681B041343FB607B68184A93420FD0AF
:10B510007B68174A93420BD07B68164A934207D048
:10B520007B68154A934203D07B68144A934209D141
:10B530007B685B6823F480323B689B691B021A437B
:10B540007B685A607B68BA685A653B68DB68194655
:10B550007868FFF79BFC7B68FA681A62002318463C
:10B560001037BD4680BD00BF8FFFFEFF00000140C9
:10B5700000040140004001400044014000480140F7
:10B5800080B584B000AF786039607B681B6A23F4B3
:10B5900080127B681A627B681B6AFB607B685B6D4C
:10B5A000BB60BA68224B13403A6812681202134318
:10B5B000BB60FB6823F400123B681B691B05134347
:10B5C000FB60FB6823F480123B685B681B05134338
:10B5D000FB607B68174A93420FD07B68164A934200
:10B5E0000BD07B68154A934207D07B68144A93427C
:10B5F00003D07B68134A934209D17B685B6823F4CC
:10B6000080223B689B699B021A437B685A607B6877
:10B61000BA685A653B68DB6819467868FFF746FCEC
:10B620007B68FA681A62002318461037BD4680BD51
:10B63000FF8FFFFE00000140000401400040014078
:10B64000004401400048014080B483B000AF7860FE
:10B650007B681B6803F00103012B01D1012300E08B
:10B66000002318460C37BD465DF8047B704780B454
:10B6700083B000AF786039607B68DB6A23F00F032A
:10B680003A6892B21A437B68DA6200BF0C37BD4653
:10B690005DF8047B704780B483B000AF7860396098
:10B6A0007B685B6823F440523B681A437B685A60AE
:10B6B00000BF0C37BD465DF8047B704780B483B093
:10B6C00000AF786039607B689B6823F440723B6808
:10B6D0001A437B689A6000BF0C37BD465DF8047B57
:10B6E0007047000080B487B000AFF860B9607A603E
:10B6F0003B607B680B2B3CD83B6A002B39D03B6806
:10B70000B3F5004F22D17B68DBB21A461C4B53F8CD
:10B710002230BA68B2FBF3F35A003B6A5B081A4462
:10B720003B6AB2FBF3F39BB27B617A694FF6F0732D
:10B7300013403B617B695B089BB203F007033A69E6
:10B7400013433B61FB683A69DA6012E07B68DBB265
:10B750001A460B4B53F82230BA68B2FBF3F23B6A3D
:10B760005B081A443B6AB2FBF3F39BB21A46FB68D0
:10B77000DA6000BF1C37BD465DF8047B704700BF30
:10B78000C855020880B586B002AF786039600123E1
:10B79000FB730023BB607868FFF756FF0346002B5E
:10B7A0007FD17B681A68414B13403A6891683A68C8
:10B7B000126911433A68526911433A68D2690A43DF
:10B7C0001A437B681A603B68DB6819467868FFF7A4
:10B7D00062FF3B689B6919467868FFF76FFF7B68DB
:10B7E000334A934204D13348FFF796F8B8603DE0FE
:10B7F0007B68314A934204D13048FFF78DF8B86036
:10B8000034E07B682E4A934204D12C48FFF784F839
:10B81000B8602BE07B682B4A934204D12748FFF79E
:10B820007BF8B86022E07B68274A934204D1234822
:10B83000FFF772F8B86019E07B68244A934204D19C
:10B840001C48FFF769F8B86010E07B68204A934213
:10B8500004D11A48FFF760F8B86007E07B681D4A1A
:10B86000934203D11548FFF757F8B860BB68002B27
:10B8700011D03B685B68002B0DD00023FB733B6845
:10B880001A683B68D9693B685B6800930B46B968E6
:10B890007868FFF727FF3B681B6819467868FFF751
:10B8A000E6FEFB7B18461037BD4680BDF369FFEF0F
:10B8B0000010014008030007004400400800000792
:10B8C00000480040004C004000500040001401407F
:10B8D00000780040007C004084B080B584B000AFA8
:10B8E000786007F11C0080E80E003B6B012B20D133
:10B8F0007B689B6B23F480327B689A637B68DA6891
:10B900002A4B13407A68D3607B68DB6823F44012CB
:10B910007B68DA60FB6C012B05D17B68DB6843F444
:10B9200080127B68DA60786801F04EFB0346FB7397
:10B930001AE07B68DB6843F040027B68DA60786875
:10B9400001F042FB0346FB733B6C002B06D17B6886
:10B950009B6B43F480327B689A6305E07B689B6B4A
:10B9600023F480327B689A63BB6A012B16D17B6813
:10B97000DB6D9AB27B68DA657B68DA6D0C4B13433A
:10B980007A68D3657B689B6843F006027B689A609F
:10B990007B689B6843F020027B689A60FB7B1846BB
:10B9A0001037BD46BDE8804004B07047BFFFBDFF03
:10B9B0000000EE0380B487B000AFF860B9601346B2
:10B9C000FB71FB79022B65D1BB68414A934206D9D2
:10B9D000BB68404A934202D20F237B6162E0BB689E
:10B9E0003C4A934206D3BB683B4A934202D20E23A1
:10B9F0007B6157E0BB68384A934206D3BB68374A3D
:10BA0000934202D20D237B614CE0BB68334A9342E0
:10BA100006D3BB68324A934202D80C237B6141E0D3
:10BA2000BB682F4A934206D9BB682E4A934202D87C
:10BA30000B237B6136E0BB682A4A934206D9BB6878
:10BA4000294A934202D80A237B612BE0BB68264A2D
:10BA5000934206D9BB68254A934202D209237B61EF
:10BA600020E0BB68214A934206D3BB68204A934238
:10BA700002D808237B6115E0BB681D4A934206D9B2
:10BA8000BB681C4A934202D207237B610AE006236B
:10BA90007B6107E0FB79002B02D109237B6101E088
:10BAA00009237B61FB68DB6823F47052FB68DA6072
:10BAB000FB68DA687B699B0203F470531A43FB68E6
:10BAC000DA60002318461C37BD465DF8047B7047DA
:10BAD000BFACD800C0E1E4000024F400807306018C
:10BAE0009F491A01FF2C31013FA44C0100366E0121
:10BAF0001FABA6010048E80180B483B000AF7860B6
:10BB00007B689B6843F001027B689A6000231846BB
:10BB10000C37BD465DF8047B704780B483B000AF3E
:10BB200078607B689B6823F001027B689A60002341
:10BB300018460C37BD465DF8047B704780B584B06D
:10BB400000AF78600B46FB700023FB607B68DB680E
:10BB500023F0C0427B68DA60FB78012B15D17B684B
:10BB6000DB6843F000527B68DA600120FBF7A6F83F
:10BB7000FB680133FB60786801F095F90346012BFF
:10BB80001ED0FB68312BF0D91AE0FB78002B15D1C1
:10BB90007B68DB6843F080427B68DA600120FBF75A
:10BBA0008DF8FB680133FB60786801F07CF903468F
:10BBB000002B05D0FB68312BF0D901E0012305E013
:10BBC000FB68322B01D1012300E000231846103717
:10BBD000BD4680BD84B080B586B000AF786007F107
:10BBE000240080E80E000023FB757B68FB600023C7
:10BBF0003B6109E07A683B6940339B0013440022B3
:10BC00005A603B6901333B613B690E2BF2D9FB6CF7
:10BC1000002B1CD1FB6803F500635B68FA6802F532
:10BC2000006243F0020353607B689B6B23F40012B5
:10BC30007B689A637B681B6843F040027B681A60EC
:10BC40007B681B6843F080027B681A6005E07B68B4
:10BC50009B6B43F400127B689A63FB6803F5606397
:10BC60001A4600231360FB6803F500631946FB685E
:10BC700003F500631A460B681360BB6B012B0CD1F4
:10BC8000FB6A002B04D10021786800F061F908E01C
:10BC90000121786800F05CF903E00321786800F086
:10BCA00057F91021786800F0F3F80346002B01D013
:10BCB0000123FB75786800F01DF90346002B01D0C5
:10BCC0000123FB75FB6803F500631A46002313612B
:10BCD000FB6803F500631A4600235361FB6803F514
:10BCE00000631A460023D36100233B6143E03B69B4
:10BCF0005A01FB68134403F510631B6803F000430B
:10BD0000B3F1004F18D13B69002B0AD13B695A01AE
:10BD1000FB68134403F510631A464FF00063136089
:10BD200013E03B695A01FB68134403F510631A469C
:10BD30004FF09043136008E03B695A01FB681344DD
:10BD400003F510631A46002313603B695A01FB6830
:10BD5000134403F510631A46002313613B695A012B
:10BD6000FB68134403F510631A464FF67F33936064
:10BD70003B6901333B617B6A3A699A42B7D300233E
:10BD80003B6143E03B695A01FB68134403F53063B0
:10BD90001B6803F00043B3F1004F18D13B69002B3F
:10BDA0000AD13B695A01FB68134403F530631A4614
:10BDB0004FF00063136013E03B695A01FB681344C2
:10BDC00003F530631A464FF09043136008E03B6977
:10BDD0005A01FB68134403F530631A4600231360CD
:10BDE0003B695A01FB68134403F530631A4600238C
:10BDF00013613B695A01FB68134403F530631A462B
:10BE00004FF67F3393603B6901333B617B6A3A694C
:10BE10009A42B7D3FB6803F500631B69FA6802F521
:10BE2000006223F4807313617B6800229A617B684F
:10BE30006FF080425A613B6B002B05D17B689B6998
:10BE400043F010027B689A617B689A690E4B13433A
:10BE50007A689361FB6B002B05D07B689B6943F08C
:10BE600008027B689A61FB6C012B05D17B689A699B
:10BE7000064B13437A689361FB7D18461837BD461D
:10BE8000BDE8804004B0704700383C8004000040AA
:10BE900080B485B000AF786039600023FB60FB6838
:10BEA0000133FB60124A934201D903231AE07B68F5
:10BEB0001B69002BF3DA0023FB603B689B0143F016
:10BEC00020027B681A61FB680133FB60084A9342D9
:10BED00001D9032306E07B681B6903F02003202BB4
:10BEE000F1D0002318461437BD465DF8047B704737
:10BEF000400D030080B485B000AF78600023FB6084
:10BF0000FB680133FB60114A934201D9032317E018
:10BF10007B681B69002BF3DA0023FB607B6810222F
:10BF20001A61FB680133FB60084A934201D903237D
:10BF300006E07B681B6903F01003102BF1D000238F
:10BF400018461437BD465DF8047B7047400D03006A
:10BF500080B485B000AF78600B46FB707B68FB60F7
:10BF6000FB6803F500631A68FB78F96801F5006166
:10BF700013430B60002318461437BD465DF8047B5D
:10BF8000704780B487B000AF78607B683B613B69E5
:10BF900003F500639B6803F00603FB60FB68002B5E
:10BFA00002D10023FB750AE0FB68022B02D0FB687C
:10BFB000062B02D10223FB7501E00F23FB75FB7DED
:10BFC00018461C37BD465DF8047B704780B485B0C9
:10BFD00000AF786039607B68FB603B681B78BB60B2
:10BFE0003B685B78012B39D1FB6803F50063DA69A4
:10BFF0003B681B7803F00F03012101FA03F39BB2A6
:10C00000F96801F500611343CB61BB685A01FB6815
:10C01000134403F510631B6803F40043002B53D152
:10C02000BB685A01FB68134403F510631A683B6848
:10C030009B68C3F30A013B68DB789B041943BB6828
:10C040009B050B431A43BB685901FB680B4403F57E
:10C0500010631946204B13430B6035E0FB6803F572
:10C060000063DA693B681B7803F00F03012101FAD2
:10C0700003F31B04F96801F500611343CB61BB684E
:10C080005A01FB68134403F530631B6803F4004353
:10C09000002B19D1BB685A01FB68134403F53063C8
:10C0A0001A683B689B68C3F30A013B68DB789B0412
:10C0B0000B431A43BB685901FB680B4403F530631B
:10C0C0001946054B13430B60002318461437BD4631
:10C0D0005DF8047B704700BF0080001080B485B01D
:10C0E00000AF786039607B68FB603B681B78BB60A1
:10C0F0003B685B78012B61D1BB685A01FB68134434
:10C1000003F510631B6803F00043B3F1004F1FD128
:10C11000BB685A01FB68134403F510631B68BA68D7
:10C120005101FA680A4402F5106243F0006313609B
:10C13000BB685A01FB68134403F510631B68BA68B7
:10C140005101FA680A4402F5106243F0804313601B
:10C15000FB6803F50063DA6B3B681B7803F00F03A1
:10C16000012101FA03F39BB2DB43F96801F5006199
:10C170001340CB63FB6803F50063DA693B681B7807
:10C1800003F00F03012101FA03F39BB2DB43F968CB
:10C1900001F500611340CB61BB685A01FB68134491
:10C1A00003F510631A68BB685901FB680B4403F57B
:10C1B00010631946354B13400B6060E0BB685A01B1
:10C1C000FB68134403F530631B6803F00043B3F1CD
:10C1D000004F1FD1BB685A01FB68134403F530635D
:10C1E0001B68BA685101FA680A4402F5306243F0EC
:10C1F00000631360BB685A01FB68134403F53063A6
:10C200001B68BA685101FA680A4402F5306243F0CB
:10C2100080431360FB6803F50063DA6B3B681B78AF
:10C2200003F00F03012101FA03F31B04DB43F96858
:10C2300001F500611340CB63FB6803F50063DA6925
:10C240003B681B7803F00F03012101FA03F31B0481
:10C25000DB43F96801F500611340CB61BB685A010B
:10C26000FB68134403F530631A68BB685901FB6827
:10C270000B4403F530631946054B13400B60002354
:10C2800018461437BD465DF8047B7047007833ECE0
:10C290000078F3EF80B58AB002AFF860B96013465A
:10C2A000FB71FB68FB61BB681B78BB61BB685B789B
:10C2B000012B40F06381BB685B69002B32D1BB6905
:10C2C0005A01FB69134403F510631A69BB695901EC
:10C2D000FB690B4403F510631946A54B13400B6132
:10C2E000BB695A01FB69134403F510631B69BA6902
:10C2F0005101FA690A4402F5106243F40023136104
:10C30000BB695A01FB69134403F510631A69BB69E1
:10C310005901FB690B4403F510631946954B134013
:10C320000B6174E0BB695A01FB69134403F51063A8
:10C330001A69BB695901FB690B4403F5106319467F
:10C340008C4B13400B61BB695A01FB69134403F525
:10C3500010631A69BB695901FB690B4403F510634B
:10C360001946834B13400B61BB695A01FB691344A7
:10C3700003F510631A69BB685969BB689B680B4475
:10C38000591EBB689B68B1FBF3F3D9047A4B0B4091
:10C39000B9694801F969014401F5106113430B6162
:10C3A000BB695A01FB69134403F510631A69BB6842
:10C3B0005B69C3F31203B9694801F969014401F5E6
:10C3C000106113430B61BB68DB78012B1FD1BB6984
:10C3D0005A01FB69134403F510631B69BA695101E3
:10C3E000FA690A4402F5106223F0C0431361BB6985
:10C3F0005A01FB69134403F510631B69BA695101C3
:10C40000FA690A4402F5106243F000531361FB79A4
:10C41000012B4BD1BB681B69002B09D0BB695A01AA
:10C42000FB69134403F510631A46BB681B6953612B
:10C43000BB68DB78012B28D1FB6903F500639B689F
:10C4400003F48073002B10D1BB695A01FB691344BC
:10C4500003F510631B68BA695101FA690A4402F5D1
:10C46000106243F0005313600FE0BB695A01FB698F
:10C47000134403F510631B68BA695101FA690A4451
:10C4800002F5106243F080531360BB695A01FB69E7
:10C49000134403F510631B68BA695101FA690A4431
:10C4A00002F5106243F00443136033E1BB695A01A3
:10C4B000FB69134403F510631B68BA695101FA69FB
:10C4C0000A4402F5106243F004431360BB68DB7852
:10C4D000012B15D0BB685B69002B00F01B81FB6949
:10C4E00003F500635A6BBB681B7803F00F0301214F
:10C4F00001FA03F3F96901F5006113434B6309E1A4
:10C50000FB6903F500639B6803F48073002B10D173
:10C51000BB695A01FB69134403F510631B68BA69D0
:10C520005101FA690A4402F5106243F000531360A6
:10C530000FE0BB695A01FB69134403F510631B68E4
:10C54000BA695101FA690A4402F5106243F0805356
:10C550001360BB68D968BB681A78BB685B6998B21E
:10C56000FB7900930346F86800F038FAD2E000BF88
:10C57000FFFF07E00000F8FF0000F81FBB695A0149
:10C58000FB69134403F530631A69BB695901FB6900
:10C590000B4403F530631946614B13400B61BB69D3
:10C5A0005A01FB69134403F530631A69BB695901E9
:10C5B000FB690B4403F5306319465A4B13400B617A
:10C5C000BB685B69002B23D1BB695A01FB6913442B
:10C5D00003F530631A69BB689B68C3F31203B9693A
:10C5E0004801F969014401F5306113430B61BB69EE
:10C5F0005A01FB69134403F530631B69BA695101A1
:10C60000FA690A4402F5306243F40023136133E00F
:10C61000BB685A69BB689B6813445A1EBB689B6819
:10C62000B2FBF3F3FB82BB695A01FB69134403F5C8
:10C6300030631A69FB8AD9043B4B0B40B969480146
:10C64000F969014401F5306113430B61BB695A017B
:10C65000FB69134403F530631A69BB689B68F98A68
:10C6600001FB03F3C3F31203B9694801F9690144FB
:10C6700001F5306113430B61FB79012B0DD1BB68D0
:10C68000DB68002B09D0BB68D968BB695A01FB691C
:10C69000134403F530630A465A61BB68DB78012B0B
:10C6A00028D1FB6903F500639B6803F48073002BBA
:10C6B00010D1BB695A01FB69134403F530631B6851
:10C6C000BA695101FA690A4402F5306243F0005335
:10C6D00013600FE0BB695A01FB69134403F5306333
:10C6E0001B68BA695101FA690A4402F5306243F0E5
:10C6F00080531360BB695A01FB69134403F530632F
:10C700001B68BA695101FA690A4402F5306243F0C4
:10C7100004431360002318462037BD4680BD00BF88
:10C720000000F8FFFFFF07E00000F81F80B487B0AB
:10C7300000AFF860B9601346FB71FB687B61BB68B2
:10C740001B783B61BB685B78012B40F0CD80BB68F8
:10C750005B69002B32D13B695A017B69134403F5B5
:10C7600010631A693B6959017B690B4403F5106337
:10C770001946984B13400B613B695A017B6913447E
:10C7800003F510631B693A6951017A690A4402F59D
:10C79000106243F4002313613B695A017B6913441F
:10C7A00003F510631A693B6959017B690B4403F572
:10C7B00010631946884B13400B614EE03B695A01E8
:10C7C0007B69134403F510631A693B6959017B695E
:10C7D0000B4403F5106319467F4B13400B613B6913
:10C7E0005A017B69134403F510631A693B695901C7
:10C7F0007B690B4403F510631946764B13400B61BC
:10C80000BB685A69BB689B689A4203D9BB689A683F
:10C81000BB685A613B695A017B69134403F5106395
:10C820001B693A6951017A690A4402F5106243F4BE
:10C83000002313613B695A017B69134403F51063BC
:10C840001A69BB685B69C3F31203396948017969E6
:10C85000014401F5106113430B61FB79012B1ED1DB
:10C86000BB681B69002B09D03B695A017B691344E3
:10C8700003F510631A46BB681B6953613B695A0193
:10C880007B69134403F510631B683A6951017A69A7
:10C890000A4402F5106243F00443136092E03B69DE
:10C8A0005A017B69134403F510631B683A6951010F
:10C8B0007A690A4402F5106243F004431360BB68CE
:10C8C0005B69002B7ED07B6903F500635A6BBB6804
:10C8D0001B7803F00F03012101FA03F3796901F5D5
:10C8E000006113434B636DE03B695A017B6913445C
:10C8F00003F530631A693B6959017B690B4403F501
:10C9000030631946344B13400B613B695A017B6914
:10C91000134403F530631A693B6959017B690B4481
:10C9200003F5306319462B4B13400B61BB685B6901
:10C93000002B03D0BB689A68BB685A613B695A01F7
:10C940007B69134403F530631B693A6951017A69C5
:10C950000A4402F5306243F4002313613B695A0133
:10C960007B69134403F530631A69BB689B68C3F3A2
:10C970001203396948017969014401F530611343B3
:10C980000B61FB79012B0DD1BB68DB68002B09D053
:10C99000BB68D9683B695A017B69134403F530636E
:10C9A0000A465A613B695A017B69134403F53063B7
:10C9B0001B683A6951017A690A4402F5306243F012
:10C9C00004431360002318461C37BD465DF8047B02
:10C9D000704700BFFFFF07E00000F8FF80B489B098
:10C9E00000AFF860B96011461A460B46FB7113465A
:10C9F000BB80FB687B61BB68FB6197F82830002B2C
:10CA000023D1BB8803339B083B610023BB6118E043
:10CA1000FB791A037B69134403F580531A46FB69BB
:10CA20001B681360FB690133FB61FB690133FB6128
:10CA3000FB690133FB61FB690133FB61BB690133B6
:10CA4000BB61BA693B699A42E2D300231846243796
:10CA5000BD465DF8047B704780B48BB000AFF860D2
:10CA6000B9601346FB80FB68BB61BB687B62FB88D7
:10CA70009B089BB27B61FB8803F00303FB830023CD
:10CA80003B6214E0BB6903F580531A687B6A1A6045
:10CA90007B6A01337B627B6A01337B627B6A013391
:10CAA0007B627B6A01337B623B6A01333B623A6A99
:10CAB0007B699A42E6D3FB8B002B1ED000233B629E
:10CAC000BB6903F580531A4607F1100312681A6018
:10CAD0003A693B6ADBB2DB0022FA03F3DAB27B6A23
:10CAE0001A703B6A01333B627B6A01337B62FB8BCA
:10CAF000013BFB83FB8B002BEAD17B6A18462C376A
:10CB0000BD465DF8047B704780B485B000AF7860A7
:10CB100039607B68FB603B681B78BB603B685B7877
:10CB2000012B2CD1BB685A01FB68134403F5106339
:10CB30001B68002B12DBBB68002B0FD0BB685A01AF
:10CB4000FB68134403F510631B68BA685101FA6867
:10CB50000A4402F5106223F080431360BB685A0157
:10CB6000FB68134403F510631B68BA685101FA6847
:10CB70000A4402F5106243F4001313602BE0BB6813
:10CB80005A01FB68134403F530631B68002B12DB6A
:10CB9000BB68002B0FD0BB685A01FB68134403F538
:10CBA00030631B68BA685101FA680A4402F53062C2
:10CBB00023F080431360BB685A01FB68134403F5FC
:10CBC00030631B68BA685101FA680A4402F53062A2
:10CBD00043F400131360002318461437BD465DF874
:10CBE000047B704780B485B000AF786039607B68A3
:10CBF000FB603B681B78BB603B685B78012B28D1EE
:10CC0000BB685A01FB68134403F510631B68BA68DC
:10CC10005101FA680A4402F5106223F4001313600C
:10CC20003B68DB78032B03D03B68DB78022B38D1E1
:10CC3000BB685A01FB68134403F510631B68BA68AC
:10CC40005101FA680A4402F5106243F08053136000
:10CC500027E0BB685A01FB68134403F530631B6887
:10CC6000BA685101FA680A4402F5306223F40013ED
:10CC700013603B68DB78032B03D03B68DB78022B27
:10CC80000FD1BB685A01FB68134403F530631B687E
:10CC9000BA685101FA680A4402F5306243F08053E1
:10CCA0001360002318461437BD465DF8047B7047B7
:10CCB00080B485B000AF78600B46FB707B68FB608A
:10CCC000FB6803F500631B68FA6802F5006223F451
:10CCD000FE631360FB6803F500631A68FB781B01B1
:10CCE00003F4FE63F96801F5006113430B60002350
:10CCF00018461437BD465DF8047B704780B485B094
:10CD000000AF78607B68FB60FB6803F560631B68BD
:10CD1000FA6802F5606223F003031360FB6803F511
:10CD200000635B68FA6802F5006223F00203536057
:10CD3000002318461437BD465DF8047B704780B465
:10CD400085B000AF78607B68FB60FB6803F56063CB
:10CD50001B68FA6802F5606223F003031360FB6846
:10CD600003F500635B68FA6802F5006243F00203B2
:10CD70005360002318461437BD465DF8047B7047A6
:10CD800080B485B000AF78607B685B69FB607B68CE
:10CD90009B69FA681340FB60FB6818461437BD4670
:10CDA0005DF8047B704780B485B000AF78607B6825
:10CDB000FB60FB6803F500639B69BB60FB6803F5E0
:10CDC0000063DB69BA681340BB60BB681B0C184684
:10CDD0001437BD465DF8047B704780B485B000AF62
:10CDE00078607B68FB60FB6803F500639B69BB6050
:10CDF000FB6803F50063DB69BA681340BB60BB687E
:10CE00009BB218461437BD465DF8047B704780B46A
:10CE100085B000AF78600B46FB707B68FB60FB78E9
:10CE20005A01FB68134403F530639B68BB60FB68E1
:10CE300003F500635B69BA681340BB60BB681846C2
:10CE40001437BD465DF8047B704780B487B000AFEF
:10CE500078600B46FB707B687B617B6903F5006340
:10CE60001B693B617B6903F500635B6BFB60FB78CF
:10CE700003F00F03FA6822FA03F3DB01DBB23A692D
:10CE800013433B61FB785A017B69134403F510633C
:10CE90009B683A691340BB60BB6818461C37BD46A7
:10CEA0005DF8047B704780B483B000AF78607B6826
:10CEB0005B6903F0010318460C37BD465DF8047B3F
:10CEC0007047000080B485B000AF78607B68FB607D
:10CED000FB6803F510631A68FB6803F510631946D5
:10CEE000094B13400B60FB6803F500635B68FA684D
:10CEF00002F5006243F48073536000231846143730
:10CF0000BD465DF8047B704700F8FFFF80B487B032
:10CF100000AFF8600B467A60FB72FB687B61FB68D0
:10CF20003C3304331B683B613B69264A93420AD970
:10CF30007B6903F530631B6803F00043B3F1004FD6
:10CF400001D1002337E07B6903F530631A460023E3
:10CF500013617B6903F530631B697A6902F53062FE
:10CF600043F4002313617B6903F530631B697A691D
:10CF700002F5306243F0180313617B6903F53063F7
:10CF80001B697A6902F5306243F0C0431361FB7A92
:10CF9000012B0FD17B6903F530631A467B6853611F
:10CFA0007B6903F530631B687A6902F5306243F0F0
:10CFB00080231360002318461C37BD465DF8047BB0
:10CFC000704700BF0A30544F80B485B000AF78601E
:10CFD0000023FB60FB680133FB60134A934201D9D5
:10CFE00003231AE07B681B69002BF3DA0023FB6044
:10CFF0007B681B6943F001027B681A61FB6801339F
:10D00000FB60094A934201D9032306E07B681B6950
:10D0100003F00103012BF1D0002318461437BD465D
:10D020005DF8047B704700BF400D030080B483B0FF
:10D0300000AF7860044A7B68136000BF0C37BD46C0
:10D040005DF8047B704700BF1400002480B584B0F5
:10D0500000AF78600B46FB704FF4077012F052FF80
:10D06000F860FB68002B05D17B680022C3F8BC2266
:10D07000022366E07B68FA68C3F8BC227B681B7CED
:10D08000002B19D14FF4007302228121786812F02D
:10D0900016FE7B6801221A874FF4007302220121D9
:10D0A000786812F00CFE7B680122A3F878217B6877
:10D0B0001022A3F84E2016E0402302228121786836
:10D0C00012F0FDFD7B6801221A8740230222012114
:10D0D000786812F0F4FD7B680122A3F878217B6860
:10D0E0001022A3F84E20082303228221786812F030
:10D0F000E6FD7B680122A3F84C207B68D3F8C032A0
:10D100001B689847FB680022C3F81422FB680022C2
:10D11000C3F818227B681B7C002B09D1FB68D3F86D
:10D1200004224FF400730121786812F0B7FE07E083
:10D13000FB68D3F8042240230121786812F0AEFE88
:10D14000002318461037BD4680BD80B582B000AFC1
:10D1500078600B46FB708121786812F0D6FD7B6801
:10D1600000221A870121786812F0CFFD7B68002227
:10D17000A3F878218221786812F0C7FD7B6800222D
:10D18000A3F84C207B680022A3F84E207B68D3F8DC
:10D19000BC32002B0ED07B68D3F8C0325B68984756
:10D1A0007B68D3F8BC32184612F0BAFE7B680022C6
:10D1B000C3F8BC22002318460837BD4680BD0000D6
:10D1C00080B586B000AF786039607B68D3F8BC3238
:10D1D0003B6100237B7300237B810023FB753B694C
:10D1E000002B01D10323AFE03B681B7803F0600301
:10D1F000002B3FD0202B40F09F803B68DB88002B2A
:10D200002ED03B681B785BB2002B16DA7B68D3F814
:10D21000C0329B683A68507839693A68D288984732
:10D220003B68DB88072B28BF0723FB813B69FA8912
:10D230001946786801F019FB85E03B685A783B692C
:10D2400083F800223B68DB88DAB23B6983F801226D
:10D2500039693B68DB881A46786801F032FB72E076
:10D260007B68D3F8C0329B683A68507800223968EE
:10D27000984768E03B685B780B2B52D801A252F8C4
:10D2800023F000BFB5D2000831D3000823D3000833
:10D2900023D3000823D3000823D3000823D3000896
:10D2A00023D3000823D3000823D30008DFD20008CB
:10D2B00009D300087B6893F89C32DBB2032B07D1BB
:10D2C00007F10A0302221946786801F0CEFA32E02B
:10D2D0003968786801F058FA0323FB752BE07B6806
:10D2E00093F89C32DBB2032B07D107F10D03012227
:10D2F0001946786801F0B9FA1DE03968786801F0DC
:10D3000043FA0323FB7516E07B6893F89C32DBB28B
:10D31000032B0FD03968786801F036FA0323FB75C8
:10D3200008E03968786801F02FFA0323FB7502E002
:10D3300000BF08E000BF06E03968786801F024FA11
:10D340000323FB7500BFFB7D18461837BD4680BD23
:10D3500080B584B000AF78600B46FB707B68D3F873
:10D36000C432FB607B68D3F8BC32002B01D10323AD
:10D370004FE07B68D3F8BC32BB60FA78796813461B
:10D380009B0013449B000B4418331B68002B29D0CF
:10D39000FA78796813469B0013449B000B441833BA
:10D3A0001A68F978F8680B46DB005B1A9B000344A7
:10D3B00044331B68B2FBF3F103FB01F3D31A002BD8
:10D3C00010D1FA78796813469B0013449B000B44F4
:10D3D000183300221A60F97800230022786812F0CE
:10D3E0003CFD15E0BB680022C3F814227B68D3F82B
:10D3F000C0321B69002B0BD07B68D3F8C0321B698D
:10D40000BA68D2F80802BA6802F50471FA78984747
:10D41000002318461037BD4680BD80B584B000AFEC
:10D4200078600B46FB707B68D3F8BC32FB607B688E
:10D43000D3F8BC32002B01D1032315E0FB78194649
:10D44000786812F04CFD0246FB68C3F80C227B683A
:10D45000D3F8C032DB68FA68D2F80402FA6802F541
:10D46000037211469847002318461037BD4680BD09
:10D4700080B584B000AF78607B68D3F8BC32FB60C5
:10D48000FB68002B01D103231BE07B68D3F8C0327B
:10D49000002B15D0FB6893F80032FF2B10D07B686F
:10D4A000D3F8C0329B68FA6892F80002F968FA680B
:10D4B00092F8012292B29847FB68FF2283F800227B
:10D4C000002318461037BD4680BD000080B483B0ED
:10D4D00000AF78607B6843221A80034B18460C37F4
:10D4E000BD465DF8047B7047AC00002480B483B077
:10D4F00000AF78607B6843221A80034B18460C37D4
:10D50000BD465DF8047B70476800002480B483B09A
:10D5100000AF78607B6843221A80034B18460C37B3
:10D52000BD465DF8047B7047F000002480B483B0F2
:10D5300000AF78607B680A221A80034B18460C37CC
:10D54000BD465DF8047B70472400002480B483B09E
:10D5500000AF786039603B68002B01D1032304E001
:10D560007B683A68C3F8C022002318460C37BD46D2
:10D570005DF8047B704780B487B000AFF860B96095
:10D580007A60FB68D3F8BC327B617B69002B01D1E8
:10D59000032308E07B69BA68C3F808227B697A68CC
:10D5A000C3F81022002318461C37BD465DF8047BE3
:10D5B000704780B485B000AF786039607B68D3F87D
:10D5C000BC32FB60FB68002B01D1032304E0FB6845
:10D5D0003A68C3F80422002318461437BD465DF8A4
:10D5E000047B704780B584B000AF78607B68D3F867
:10D5F000BC32BB600123FB737B68D3F8BC32002BC9
:10D6000001D103231AE0BB68D3F81432002B14D1E4
:10D61000BB680122C3F81422BB68D3F810227B68D0
:10D62000DA62BB68D3F80822BB68D3F810328121D4
:10D63000786812F012FC0023FB73FB7B184610374E
:10D64000BD4680BD80B584B000AF78607B68D3F8FC
:10D65000BC32FB607B68D3F8BC32002B01D10323C2
:10D6600016E07B681B7C002B09D1FB68D3F80422F1
:10D670004FF400730121786812F010FC07E0FB689A
:10D68000D3F8042240230121786812F007FC00231C
:10D6900018461037BD4680BD80B586B000AFF86033
:10D6A000B9601346FB71FB68002B01D103231FE017
:10D6B000FB680022C3F8B822FB680022C3F8C0222E
:10D6C000FB680022C3F8CC22BB68002B03D0FB68A8
:10D6D000BA68C3F8B422FB68012283F89C22FB6875
:10D6E000FA791A70F86812F07FFA0346FB75FB7D31
:10D6F00018461837BD4680BD80B584B000AF78604D
:10D7000039600023FB813B68002B01D1032316E025
:10D710007B683A68C3F8B8227B68D3F8B832DB6A12
:10D72000002B0BD07B68D3F8B832DB6A07F10E020E
:10D730001046984702467B68C3F8CC22002318465F
:10D740001037BD4680BD80B582B000AF7860786884
:10D7500012F09AFA034618460837BD4680BD80B4D9
:10D7600083B000AF7860002318460C37BD465DF8E3
:10D77000047B704780B584B000AF78600B46FB70C7
:10D780000323FB737B68D3F8B832002B09D07B6886
:10D79000D3F8B8321B68FA78114678689847034680
:10D7A000FB73FB7B18461037BD4680BD80B582B049
:10D7B00000AF78600B46FB707B68D3F8B832002B63
:10D7C00007D07B68D3F8B8325B68FA78114678687E
:10D7D0009847002318460837BD4680BD80B584B001
:10D7E00000AF786039607B6803F2AA233968184675
:10D7F00000F090FF7B680122C3F894227B68B3F8A5
:10D80000B0321A467B68C3F898227B6893F8AA3234
:10D8100003F01F03022B1AD0022B22D8002B02D0B8
:10D82000012B0AD01DE07B6803F2AA231946786811
:10D8300000F062FA0346FB7320E07B6803F2AA2340
:10D840001946786800F0C6FA0346FB7316E07B6859
:10D8500003F2AA231946786800F005FB0346FB7320
:10D860000CE07B6893F8AA3223F07F03DBB2194601
:10D87000786812F069FA0346FB7300BFFB7B184619
:10D880001037BD4680BD80B586B000AFF8600B464E
:10D890007A60FB72FB7A002B38D1FB6803F5AA7320
:10D8A0003B61FB68D3F89432032B4AD13B699A68F9
:10D8B0003B69DB689A4213D93B699A683B69DB682C
:10D8C000D21A3B699A603B69DA683B699B6893426C
:10D8D00028BF13461A467968F86801F00FF830E05F
:10D8E000FB6893F89C32DBB2032B0BD1FB68D3F8B7
:10D8F000B8321B69002B05D0FB68D3F8B8321B691E
:10D90000F8689847F86801F00AF81AE0FB6893F89D
:10D910009C32DBB2032B14D1FB68D3F8B8329B697D
:10D92000002B0ED0FB68D3F8B8329B69FA7A114607
:10D93000F86898470346FB75FB7D002B01D0FB7D03
:10D9400000E0002318461837BD4680BD80B586B07C
:10D9500000AFF8600B467A60FB72FB7A002B6BD14C
:10D96000FB6814333B61FB68D3F89432022B56D129
:10D970003B699A683B69DB689A4214D93B699A68AB
:10D980003B69DB68D21A3B699A603B699B681A461F
:10D990007968F86800F084FF002300220021F8680D
:10D9A00012F07CFA3BE03B69DA683B699B689A427B
:10D9B0001CD13B695A683B69DB689A4216D33B69C4
:10D9C0005A68FB68D3F898329A420FD2002200219D
:10D9D000F86800F065FFFB680022C3F89822002376
:10D9E00000220021F86812F059FA18E0FB6893F859
:10D9F0009C32DBB2032B0BD1FB68D3F8B832DB6867
:10DA0000002B05D0FB68D3F8B832DB68F86898477C
:10DA10008021F86812F098F9F86800F093FFFB682D
:10DA200093F8A032012B22D1F868FFF798FEFB682B
:10DA3000002283F8A0221AE0FB6893F89C32DBB244
:10DA4000032B14D1FB68D3F8B8325B69002B0ED0DE
:10DA5000FB68D3F8B8325B69FA7A1146F8689847E0
:10DA60000346FB75FB7D002B01D0FB7D00E000230E
:10DA700018461837BD4680BD80B582B000AF7860CB
:10DA80007B68012283F89C227B680022C3F89422E1
:10DA90007B6800225A607B680022C3F8A4227B685E
:10DAA000D3F8B832002B01D103232FE07B68D3F8E1
:10DAB000BC32002B0FD07B68D3F8B8325B68002BE8
:10DAC00009D07B68D3F8B8325B687A685268D2B202
:10DAD000114678689847402300220021786812F0A8
:10DAE000EEF87B680122A3F864217B684022C3F82A
:10DAF0006021402300228021786812F0E0F87B68E2
:10DB000001229A847B6840221A6200231846083753
:10DB1000BD4680BD80B483B000AF78600B46FB701B
:10DB20007B68FA781A74002318460C37BD465DF8F6
:10DB3000047B704780B483B000AF78607B6893F853
:10DB40009C32DAB27B6883F89D227B68042283F8DA
:10DB50009C22002318460C37BD465DF8047B7047B5
:10DB600080B483B000AF78607B6893F89C32DBB2FE
:10DB7000042B06D17B6893F89D32DAB27B6883F878
:10DB80009C22002318460C37BD465DF8047B704785
:10DB900080B582B000AF78607B68D3F8B832002BD4
:10DBA00001D1032312E07B6893F89C32DBB2032B94
:10DBB0000BD17B68D3F8B832DB69002B05D07B68CA
:10DBC000D3F8B832DB6978689847002318460837DD
:10DBD000BD4680BD80B582B000AF78600B46FB705B
:10DBE0007B68D3F8B832002B01D1032314E07B68A3
:10DBF00093F89C32DBB2032B0DD17B68D3F8B8329B
:10DC00001B6A002B07D07B68D3F8B8321B6AFA78FE
:10DC1000114678689847002318460837BD4680BDEE
:10DC200080B582B000AF78600B46FB707B68D3F89C
:10DC3000B832002B01D1032314E07B6893F89C32A7
:10DC4000DBB2032B0DD17B68D3F8B8325B6A002BB3
:10DC500007D07B68D3F8B8325B6AFA7811467868E7
:10DC60009847002318460837BD4680BD80B483B06E
:10DC700000AF7860002318460C37BD465DF8047B82
:10DC8000704780B582B000AF78607B68012283F86E
:10DC90009C227B68D3F8B832002B09D07B68D3F87C
:10DCA000B8325B687A685268D2B211467868984791
:10DCB000002318460837BD4680BD80B487B000AF4A
:10DCC00078607B687B617B691B787B827B69013331
:10DCD0007B617B691B783B823B8A1B021AB2B7F9D6
:10DCE000123013431BB2FB81FB8918461C37BD461B
:10DCF0005DF8047B7047000080B584B000AF7860A9
:10DD000039600023FB733B681B7803F06003402BF2
:10DD100005D0402B53D8002B0BD0202B4FD17B6844
:10DD2000D3F8B8329B683968786898470346FB7324
:10DD30004AE03B685B78092B3BD801A252F823F0FC
:10DD400095DD0008A9DD0008B3DD00089FDD0008AF
:10DD5000B3DD000873DD000869DD0008B3DD0008ED
:10DD60008BDD00087DDD00083968786800F0DEF999
:10DD700024E03968786800F043FB1FE03968786870
:10DD800000F082FB0346FB7318E03968786800F006
:10DD900021FC13E03968786800F052FC0EE0396825
:10DDA000786800F081FC09E03968786800F090FC40
:10DDB00004E03968786800F0E7FC00BF04E03968E7
:10DDC000786800F0E1FC00BFFB7B18461037BD46C9
:10DDD00080BD00BF80B584B000AF7860396000239B
:10DDE000FB733B681B7803F06003402B05D0402B8E
:10DDF0002FD8002B01D0202B2BD17B6893F89C329D
:10DE0000DBB2013B022B1DD83B689B88DBB2012BA8
:10DE100013D87B68D3F8B8329B683968786898471C
:10DE20000346FB733B68DB88002B10D1FB7B002B88
:10DE30000DD1786800F073FD09E03968786800F06A
:10DE4000A3FC04E03968786800F09EFC00E000BFA5
:10DE500004E03968786800F097FC00BFFB7B184647
:10DE60001037BD4680BD80B584B000AF78603960A2
:10DE70000023FB733B689B88BB733B681B7803F0F4
:10DE80006003402B07D0402B00F24581002B0CD0C3
:10DE9000202B40F040817B68D3F8B8329B6839680A
:10DEA000786898470346FB733AE13B685B78032B3D
:10DEB00007D0032B00F32981002B7FD0012B3CD00E
:10DEC00023E17B6893F89C32DBB2022B02D0032B58
:10DED00016D02CE0BB7B002B0DD0BB7B802B0AD057
:10DEE000BB7B1946786811F02FFF8021786811F00C
:10DEF0002BFF00BF20E03968786800F045FC1BE08C
:10DF00003B685B88002B0ED1BB7B002B0BD0BB7B0F
:10DF1000802B08D03B68DB88002B04D1BB7B1946E3
:10DF2000786811F011FF786800F0F9FC04E03968B6
:10DF3000786800F029FC00BFECE07B6893F89C3225
:10DF4000DBB2022B02D0032B16D030E0BB7B002BC0
:10DF50000DD0BB7B802B0AD0BB7B1946786811F0B3
:10DF6000F3FE8021786811F0EFFE00BF25E03968EC
:10DF7000786800F009FC20E03B685B88002B1BD12F
:10DF8000BB7B03F07F03002B04D0BB7B1946786872
:10DF900011F0F9FE786800F0C2FC7B68D3F8B83263
:10DFA0009B683968786898470346FB7304E03968D2
:10DFB000786800F0E9FB00E000BFABE07B6893F815
:10DFC0009C32DBB2022B02D0032B32D097E0BB7B1A
:10DFD000002B07D0BB7B802B04D03968786800F019
:10DFE000D3FB91E097F90E30002B0BDABB7B03F0EB
:10DFF0007F0213469B0013449B0010337A6813443E
:10E0000004330BE0BB7B03F07F0213469B001344F9
:10E010009B0003F5A8737A6813440433BB60BB68A4
:10E0200000221A60BB6802221946786800F01DFCC5
:10E030006AE097F90E30002B11DABB7B03F00F0278
:10E04000796813469B0013449B000B4424331B88C0
:10E05000002B17D13968786800F096FB54E0BB7B41
:10E0600003F00F02796813469B0013449B000B4496
:10E0700003F5B2731B88002B04D13968786800F06F
:10E0800083FB41E097F90E30002B0BDABB7B03F0EA
:10E090007F0213469B0013449B0010337A6813449D
:10E0A00004330BE0BB7B03F07F0213469B00134459
:10E0B0009B0003F5A8737A6813440433BB60BB7BF1
:10E0C000002B02D0BB7B802B03D1BB6800221A60DF
:10E0D0000EE0BB7B1946786811F074FE0346002BF6
:10E0E00003D0BB6801221A6002E0BB6800221A60FC
:10E0F000BB6802221946786800F0B7FB04E0396873
:10E10000786800F041FB00BF04E03968786800F0EF
:10E110003BFB00BF04E03968786800F035FB00BFC6
:10E12000FB7B18461037BD4680BD000080B584B02B
:10E1300000AF7860396000233B810023FB6000233F
:10E14000FB723B685B881B0A9BB2013B062B00F20B
:10E15000288101A252F823F075E100088DE1000842
:10E16000CDE10008A3E30008A3E3000843E30008AF
:10E170006FE300087B68D3F8B4321B687A68127CBE
:10E1800007F1080110469847F86012E17B681B7C94
:10E19000002B0DD17B68D3F8B8329B6A07F10802D7
:10E1A00010469847F860FB68013302221A7000E1BC
:10E1B0007B68D3F8B832DB6A07F10802104698474B
:10E1C000F860FB68013302221A70F2E03B685B885A
:10E1D000DBB2052B00F2AC8001A252F823F000BFA5
:10E1E000F9E100082DE2000861E2000895E200086C
:10E1F000C9E20008FDE200087B68D3F8B4325B682E
:10E20000002B0BD07B68D3F8B4325B687A68127C41
:10E2100007F1080110469847F86091E0396878687E
:10E2200000F0B2FAFB7A0133FB7289E07B68D3F825
:10E23000B4329B68002B0BD07B68D3F8B4329B6858
:10E240007A68127C07F1080110469847F86077E079
:10E250003968786800F098FAFB7A0133FB726FE056
:10E260007B68D3F8B432DB68002B0BD07B68D3F823
:10E27000B432DB687A68127C07F1080110469847CF
:10E28000F8605DE03968786800F07EFAFB7A013367
:10E29000FB7255E07B68D3F8B4321B69002B0BD0BE
:10E2A0007B68D3F8B4321B697A68127C07F10801E5
:10E2B00010469847F86043E03968786800F064FADF
:10E2C000FB7A0133FB723BE07B68D3F8B4325B69C5
:10E2D000002B0BD07B68D3F8B4325B697A68127C70
:10E2E00007F1080110469847F86029E03968786816
:10E2F00000F04AFAFB7A0133FB7221E07B68D3F825
:10E30000B4329B69002B0BD07B68D3F8B4329B6985
:10E310007A68127C07F1080110469847F8600FE010
:10E320003968786800F030FAFB7A0133FB7207E055
:10E330003968786800F028FAFB7A0133FB7200BF75
:10E3400037E07B681B7C002B09D17B68D3F8B8329F
:10E350005B6B07F1080210469847F86029E03968BE
:10E36000786800F011FAFB7A0133FB7221E07B68D8
:10E370001B7C002B0DD17B68D3F8B8321B6B07F1E7
:10E38000080210469847F860FB68013307221A70AC
:10E390000FE03968786800F0F7F9FB7A0133FB7217
:10E3A00007E03968786800F0EFF9FB7A0133FB7217
:10E3B00000BFFB7A002B1ED13B68DB88002B16D0F8
:10E3C0003B89002B0ED03B68DA883B89934228BFFB
:10E3D00013469BB23B813B891A46F968786800F086
:10E3E00044FA09E03968786800F0CEF904E078680A
:10E3F00000F095FA00E000BF1037BD4680BD00BFB9
:10E4000080B584B000AF786039603B689B88002B92
:10E4100031D13B68DB88002B2DD13B685B887F2B9B
:10E4200029D83B685B88DBB203F07F03FB737B6812
:10E4300093F89C32DBB2032B04D13968786800F082
:10E44000A3F91DE07B68FA7B83F89E22FB7B1946CB
:10E45000786811F0E3FC786800F061FAFB7B002B30
:10E4600004D07B68022283F89C2209E07B680122A9
:10E4700083F89C2204E03968786800F085F900BFD1
:10E4800000BF1037BD4680BD80B584B000AF786056
:10E4900039600023FB733B685B88DAB24C4B1A701F
:10E4A0004B4B1B78012B05D93968786800F06CF963
:10E4B000032388E07B6893F89C32DBB2022B02D006
:10E4C000032B25D071E0424B1B78002B1CD0404B16
:10E4D0001B781A467B685A603D4B1B781946786852
:10E4E000FFF748F90346FB73FB7B002B04D0396828
:10E4F000786800F049F965E0786800F010FA7B6808
:10E50000032283F89C225DE0786800F008FA59E065
:10E510002F4B1B78002B12D17B68022283F89C22A0
:10E520002B4B1B781A467B685A60294B1B7819467F
:10E530007868FFF73BF9786800F0F1F942E0244B86
:10E540001B781A467B685B689A422AD07B685B68B6
:10E55000DBB219467868FFF729F91D4B1B781A467C
:10E560007B685A601A4B1B7819467868FFF702F9E6
:10E570000346FB73FB7B002B0FD03968786800F0F3
:10E5800003F97B685B68DBB219467868FFF70EF920
:10E590007B68022283F89C2214E0786800F0BFF9BF
:10E5A00010E0786800F0BBF90CE03968786800F09A
:10E5B000EBF8074B1B7819467868FFF7F7F8032349
:10E5C000FB7300BFFB7B18461037BD4680BD00BF04
:10E5D0009856022480B582B000AF786039603B68FD
:10E5E000DB88012B04D03968786800F0CDF823E08F
:10E5F0007B6893F89C32DBB2022B02DC002B03DC3D
:10E6000015E0032B0BD012E07B6800229A607B6838
:10E61000083301221946786800F027F90CE07B687E
:10E62000043301221946786800F01FF904E03968C4
:10E63000786800F0A9F800BF00BF0837BD4680BD6C
:10E6400080B582B000AF786039607B6893F89C3207
:10E65000DBB2013B022B1ED83B68DB88022B04D0C7
:10E660003968786800F090F81AE07B680122DA6077
:10E670007B68D3F8A432002B05D07B68DB6843F0BD
:10E6800002027B68DA607B680C33022219467868E4
:10E6900000F0EBF804E03968786800F075F800BF26
:10E6A00000BF0837BD4680BD80B582B000AF78603E
:10E6B00039603B685B88012B06D17B680122C3F877
:10E6C000A422786800F02BF900BF0837BD4680BD52
:10E6D00080B582B000AF786039607B6893F89C3277
:10E6E000DBB2013B022B0BD83B685B88012B0CD1C2
:10E6F0007B680022C3F8A422786800F010F904E0D7
:10E700003968786800F040F800E000BF00BF0837C3
:10E71000BD4680BD80B584B000AF786039603B688D
:10E72000FB60FB681A787B681A70FB680133FB603A
:10E73000FB681A787B685A70FB680133FB60F868E5
:10E74000FFF7BBFA03461A467B685A80FB68013321
:10E75000FB60FB680133FB60F868FFF7AEFA034625
:10E760001A467B689A80FB680133FB60FB680133C3
:10E77000FB60F868FFF7A1FA03461A467B68DA8067
:10E7800000BF1037BD4680BD80B582B000AF786055
:10E7900039608021786811F0D7FA0021786811F08B
:10E7A000D3FA00BF0837BD4680BD80B586B000AF44
:10E7B000F860B9607A600023FB75FB68002B36D0E7
:10E7C000FB683B61386900F036F8034601339BB2C1
:10E7D0005B009AB27B681A80FB7DBA6813447A6842
:10E7E00012781A70FB7D0133FB75FB7DBA68134408
:10E7F00003221A70FB7D0133FB7513E0FB7DBA68C1
:10E8000013443A6912781A703B6901333B61FB7D0E
:10E810000133FB75FB7DBA68134400221A70FB7D3F
:10E820000133FB753B691B78002BE7D100E000BF8B
:10E830001837BD4680BD80B485B000AF7860002336
:10E84000FB737B68BB6005E0FB7B0133FB73BB683C
:10E850000133BB60BB681B78002BF5D1FB7B1846EE
:10E860001437BD465DF8047B704780B584B000AFB7
:10E87000F860B9607A60FB680222C3F89422FB68F2
:10E880007A689A61FB687A68DA617B68BA68002105
:10E89000F86811F0E2FA002318461037BD4680BD33
:10E8A00080B584B000AFF860B9607A607B68BA6800
:10E8B0000021F86811F0D1FA002318461037BD4640
:10E8C00080BD80B584B000AFF860B9607A60FB6845
:10E8D0000322C3F89422FB687A68C3F85821FB68C6
:10E8E0007A68C3F85C217B68BA680021F86811F087
:10E8F000D5FA002318461037BD4680BD80B584B0D8
:10E9000000AFF860B9607A607B68BA680021F86887
:10E9100011F0C4FA002318461037BD4680BD80B5FB
:10E9200082B000AF78607B680422C3F89422002391
:10E9300000220021786811F090FA00231846083769
:10E94000BD4680BD80B582B000AF78607B6805228F
:10E95000C3F89422002300220021786811F09EFA67
:10E96000002318460837BD4680BD80B485B000AF8F
:10E97000786039607B685B6C591C7A6851647A688E
:10E98000D15C7A68926C386800FA02F2D2B20A431B
:10E99000D2B262F07F02D1B27A68D1547B689B6CAC
:10E9A000C3F10703FB60FB68C3F108027B689A644C
:10E9B0003B68DAB2FB6842FA03F35BB263F07F03B1
:10E9C0005AB27B685B6CD1B27A68D1547B689B6C1D
:10E9D000072B0CD17B685B6C5A1C7B685A647B6884
:10E9E0005B6C7A680021D1547B6800229A6400BF76
:10E9F0001437BD465DF8047B704780B485B000AF26
:10EA0000786039607B685B6C591C7A6851647A68FD
:10EA1000D15C7A68926C386800FA02F2D2B20A438A
:10EA2000D2B262F07F02D1B27A68D1547B689B6C1B
:10EA3000C3F10703FB60FB68072B0ED03B6803F0B4
:10EA40007F02FB6842FA03F35BB263F07F035AB2C2
:10EA50007B685B6CD1B27A68D15400BF1437BD4675
:10EA60005DF8047B704780B582B000AF7860396094
:10EA700039687868FFF7C1FF3B68DB111946786891
:10EA800000F04CFB00BF0837BD4680BD80B582B0AA
:10EA900000AF7860396039687868FFF766FF3B68D7
:10EAA0001B1219467868FFF760FF00BF0837BD46A4
:10EAB00080BD80B582B000AF786039603968786811
:10EAC000FFF753FF3B681B1219467868FFF74DFFAD
:10EAD0003B681B1419467868FFF747FF3B681B1615
:10EAE00019467868FFF741FF00BF0837BD4680BD73
:10EAF00080B584B000AFF860B9607A607B685A1E58
:10EB00007A60002B14BF01230023DBB2002B08D056
:10EB1000BB685A1CBA601B781946F868FFF725FFD6
:10EB2000ECE700BF1037BD4680BD80B485B000AFB4
:10EB3000F8600B467A60FB72FB6800229A64FB68FF
:10EB400001225A64FB7A1B015BB203F070035AB2D4
:10EB50007B685BB203F00F035BB213435BB2DAB2C4
:10EB6000FB681A70FB6800225A7000BF1437BD465C
:10EB70005DF8047B704780B483B000AF78607B6839
:10EB800000229A647B6800225A647B6800221A7013
:10EB900000BF0C37BD465DF8047B704780B483B07E
:10EBA00000AF78600B46FB707B6800229A647B683C
:10EBB00001225A64FB7803F07F03DAB27B681A7093
:10EBC0007B6800225A7000BF0C37BD465DF8047B9D
:10EBD000704780B582B000AF7860786800F011F8B7
:10EBE0007B685B6C591C7A6851647A680A21D1543D
:10EBF0007B685B6C7A680021D15400BF0837BD4642
:10EC000080BD80B582B000AF78607B689B6C002BC4
:10EC100004D07B685B6C5A1C7B685A6478687B689C
:10EC2000596C0023002200F0A7F803465BB263F0A2
:10EC30007F035AB27B685B6CD1B27A68D1547B682F
:10EC40005B6C5A1C7B685A647B685B6C7A68002139
:10EC5000D15400BF0837BD4680BD80B584B000AF39
:10EC6000F860B9607A60BA680021F868FFF75DFF64
:10EC70007968F868FFF70AFFF868FFF7C2FF00BF7E
:10EC80001037BD4680BD80B584B000AFF860B96074
:10EC90007A603B60BA680021F868FFF746FF796840
:10ECA000F868FFF7F3FE3968F868FFF7DCFEF868EC
:10ECB000FFF7A7FF00BF1037BD4680BD80B582B00B
:10ECC00000AF786039603A6801217868FFF72DFF5E
:10ECD0007868FFF796FF00BF0837BD4680BD80B556
:10ECE00084B000AFF860B9607A603B60BA68052113
:10ECF000F868FFF71AFF7968F868FFF7C7FE396808
:10ED0000F868FFF7D6FEF868FFF77BFF00BF103703
:10ED1000BD4680BD80B584B000AFF860B9607A6050
:10ED2000BA680621F868FFF700FF7968F868FFF70E
:10ED3000ADFEF868FFF765FF00BF1037BD4680BD28
:10ED400080B584B000AFF860B9607A603B60BA68A3
:10ED50000721F868FFF7E9FE7968F868FFF7A9FE70
:10ED60003968F868FFF7A5FEF868FFF74AFF00BFAB
:10ED70001037BD4680BD000080B487B000AFF8609A
:10ED8000B9607A603B60FF23FB75BB685A1EBA60AE
:10ED9000002B14BF01230023DBB2002B0BD0FB6838
:10EDA0005A1CFA601A78FB7D5340DBB21A46104BAE
:10EDB0009B5CFB75E9E73B685A1E3A60002B14BF69
:10EDC00001230023DBB2002B0BD07B685A1C7A6036
:10EDD0001A78FB7D5340DBB21A46054B9B5CFB75F2
:10EDE000E9E7FB7D18461C37BD465DF8047B70479C
:10EDF000F855020880B485B000AFF860B9601146DC
:10EE00001A460B46FB801346BB80FB68BA681A6043
:10EE1000B7F90620FB685A60B7F90420FB689A60CE
:10EE2000FB68BA69DA60FB6800221A61FB68184661
:10EE30001437BD465DF8047B704780B485B000AFE1
:10EE4000F860B9607A60FB68BA685A60FB687A68F3
:10EE5000DA60FB6800221A6100BF1437BD465DF816
:10EE6000047B704780B584B000AF78607B68DB6856
:10EE7000591C7A68D16019467868F1F70BFE034691
:10EE800003F07F027B681B6942FA03F3FB607B6837
:10EE90001B69C3F10703BB607B68DB6819467868B0
:10EEA000F1F7F8FD034603F07F02BB6802FA03F3B3
:10EEB000DBB2FA681343FB60BB68C3F108027B68EE
:10EEC0001A617B681B69072B07D17B68DB685A1CBA
:10EED0007B68DA607B6800221A61FB68184610378D
:10EEE000BD4680BD80B584B000AF78607868FFF71C
:10EEF000B9FF0346FB7397F90F3018461037BD462C
:10EF000080BD80B584B000AF78607B68DB68591C39
:10EF10007A68D16019467868F1F7BCFD034603F0C2
:10EF20007F027B681B6942FA03F3FB607B681B6905
:10EF3000C3F10703BB60BB68072B10D07B68DB689D
:10EF400019467868F1F7A6FD034603F07F02BB6817
:10EF500002FA03F303F07F03FA681343FB60FB68D4
:10EF600018461037BD4680BD80B584B000AF7860CC
:10EF70007868FFF7C6FF03461B01FB81786800F045
:10EF800014F90346DB021AB2FB891343FB81B7F97C
:10EF90000E301B1118461037BD4680BD80B584B0B9
:10EFA00000AF78607868FFF75DFFF8607868FFF77A
:10EFB00059FF03461B02FA681343FB60FB681846BF
:10EFC0001037BD4680BD80B584B000AF78607868EA
:10EFD000FFF7E4FF0346FB81B7F90E301846103700
:10EFE000BD4680BD80B584B000AF78607868FFF71B
:10EFF00039FFF8607868FFF735FF03461B02FA68AF
:10F000001343FB607868FFF72DFF03461B04FA6883
:10F010001343FB607868FFF725FF03461B06FA6879
:10F020001343FB60FB6818461037BD4680BD90B5A2
:10F0300087B000AF786039603B68013B3B607B681C
:10F040009A687B685B68D31A7B617A693B689A42ED
:10F050001BDB7B681B687A685268981800230022C3
:10F060003968FFF789FE034643F08003FB60396887
:10F070007868F1F70FFD0346BB60FA68BB689A42F7
:10F080000CBF01230023DBB21BE03A687B69D31A73
:10F090003B617B681B687A68526898187B681A68BD
:10F0A0003B697969FFF768FE034643F080043968DD
:10F0B0007868F1F7EFFC03469C420CBF0123002364
:10F0C000DBB218461C37BD4690BD80B584B000AF9A
:10F0D000F860B9607A603B60F868FFF774FF024639
:10F0E000BB681A60F868FFF73FFF02467B681A604A
:10F0F000F868FFF739FF02463B681A60F868FFF7C7
:10F1000033FF0246BB691A60F86800F08EF80246C9
:10F11000FB691A6000BF1037BD4680BD80B485B062
:10F1200000AF786039603B6803F01F033B607B6889
:10F130005B6C7A68D25C7B689B6C396801FA03F37C
:10F14000DBB21343DAB27B685B6C62F07F02D1B250
:10F150007A68D1547B689B6CC3F10703FB60FB6842
:10F16000052B17DC7B685B6C5A1C7B685A643A6819
:10F17000FB6842FA03F35BB263F07F035AB27B6829
:10F180005B6CD1B27A68D154FB68C3F105027B682D
:10F190009A6404E07B689B6C5A1D7B689A6400BF8C
:10F1A0001437BD465DF8047B704780B584B000AF6E
:10F1B00078607B68DB6819467868F1F76BFC03467A
:10F1C00003F07F027B681B6942FA03F3FB607B68F4
:10F1D0001B69C3F10703BB60BB68052B1BDC7B68A5
:10F1E000DB685A1C7B68DA607B68DB6819467868E4
:10F1F000F1F750FC034603F07F02BB6802FA03F309
:10F2000003F01F03FA681343FB60BB68C3F10502F8
:10F210007B681A6104E07B681B695A1D7B681A6170
:10F22000FB6818461037BD4680BD80B584B000AF7E
:10F2300078607B68DB6819467868F1F72BFC034639
:10F2400003F07F027B681B6942FA03F3FB607B6873
:10F250001B69C3F10703BB60BB68042B1BDC7B6825
:10F26000DB685A1C7B68DA607B68DB681946786863
:10F27000F1F710FC034603F07F02BB6802FA03F3C8
:10F2800003F00F03FA681343FB60BB68C3F1040289
:10F290007B681A6104E07B681B691A1D7B681A6130
:10F2A000FB6818461037BD4680BD80B483B000AF00
:10F2B00078607B681B6843F001027B681A6000BFBE
:10F2C0000C37BD465DF8047B704780B483B000AF57
:10F2D000786039607B681A6A3B681A437B681A62F7
:10F2E00000BF0C37BD465DF8047B704780B483B027
:10F2F00000AF786039607B683A689A6300BF0C376A
:10F30000BD465DF8047B704780B483B000AF786081
:10F3100039603B681B68002B14BF01230023DBB25C
:10F3200018460C37BD465DF8047B704780B582B047
:10F3300000AF786079680020FFF7E6FF03461846C3
:10F340000837BD4680BD000080B483B000AF786050
:10F35000034B18460C37BD465DF8047B704700BF71
:10F360002DF3000880B584B000AF786007F10C037E
:10F370001846FFF7E9FF03461946786800F08AF857
:10F3800000BF1037BD4680BD80B582B000AF786049
:10F3900039601748FFF7E6FF154B1B68002BF8D0C4
:10F3A000134B1B68013B124A1360124B1B68124A35
:10F3B0001360114B1B68002B15D00F4B1B68013BD2
:10F3C0000D4A1360FA210D48FFF790FF4FF4967035
:10F3D00004F03CF800210948FFF788FF4FF49670CD
:10F3E00004F034F8E5E74FF47A7004F02FF8D3E72F
:10F3F000A05602249C560224A45602240004004075
:10F4000080B582B000AF786079680020FFF7BCFF5C
:10F410000837BD4680BD000080B483B000AF78607F
:10F42000034B18460C37BD465DF8047B704700BFA0
:10F4300001F4000880B582B000AF0A48FFF735FF3D
:10F4400010210848FFF741FF3B1D1846FFF7E4FF76
:10F45000024600230021C82003F0EEFE00BF08375B
:10F46000BD4680BD0004004080B483B000AF78602A
:10F470003960064A7B681360054A3B68136000BF29
:10F480000C37BD465DF8047B704700BF9C560224D4
:10F49000A056022480B582B000AF78603960396828
:10F4A000786803F01DFF00BF0837BD4680BD80B4FB
:10F4B00083B000AF78607B68DB6903F02003202B0A
:10F4C00001D1012300E0002318460C37BD465DF84A
:10F4D000047B704780B483B000AF78607B68DB69E1
:10F4E00003F04003402B01D1012300E00023184624
:10F4F0000C37BD465DF8047B704780B483B000AF25
:10F5000078607B68DB6903F08003802B01D10123E5
:10F5100000E0002318460C37BD465DF8047B7047B9
:10F5200080B483B000AF78607B6808221A6200BFA5
:10F530000C37BD465DF8047B704780B489B000AFDE
:10F5400078607B68FB60FB6853E8003FBB60BB688A
:10F5500043F02003FB617B68FA69BA617B617969DA
:10F56000BA6941E800233B613B69002B14BF0123CA
:10F570000023DBB2002B00D0E3E700BF2437BD46F9
:10F580005DF8047B704780B489B000AF78607B6819
:10F59000FB60FB6853E8003FBB60BB6823F02003BF
:10F5A000FB617B68FA69BA617B617969BA6941E894
:10F5B00000233B613B69002B14BF01230023DBB216
:10F5C000002B00D0E3E700BF2437BD465DF8047B85
:10F5D000704780B483B000AF78607B685B6ADBB251
:10F5E00018460C37BD465DF8047B704780B483B085
:10F5F00000AF78600B46FB70FA787B689A6200BFB8
:10F600000C37BD465DF8047B704780B483B000AF13
:10F6100078607B689B6943F008027B689A6100BF51
:10F620000C37BD465DF8047B704780B483B000AFF3
:10F63000786039607B683A689A6100BF0C37BD46D4
:10F640005DF8047B704780B483B000AF78603960A8
:10F650003B681A047B689A6100BF0C37BD465DF8B1
:10F66000047B704780B483B000AF78607B68002271
:10F670005A647B6800229A647B6818460C37BD4642
:10F680005DF8047B704780B483B000AF78607B681E
:10F690005B6C18460C37BD465DF8047B704780B440
:10F6A00083B000AF78607B6818460C37BD465DF8C4
:10F6B000047B704780B483B000AF78603960054A3E
:10F6C0003B6813607B6818460C37BD465DF8047BC9
:10F6D000704700BFB857022480B582B000AF786091
:10F6E0003960094B1B78002B07D13B681B68184613
:10F6F000F1F71AFC0346002B01D0012300E00023A0
:10F7000018460837BD4680BDB456022480B582B085
:10F7100000AF786079680020FFF7DEFF03461846E7
:10F720000837BD4680BD000080B483B000AF78606C
:10F73000034B18460C37BD465DF8047B704700BF8D
:10F740000DF7000890B587B002AF786039604F4B75
:10F750001B78BFF35B8FDBB203F00103002B0CBF00
:10F7600001230023DBB2002B16D0484810F010FC18
:10F770000346002B14BF01230023DBB2002B0BD068
:10F78000002300934FF48073002241494148FFF762
:10F7900031FB3E4810F008FC3F4B1B78BFF35B8FFA
:10F7A000DBB203F00103002B0CBF01230023DBB20B
:10F7B000002B10D0384810F0EBFB0346002B14BF91
:10F7C00001230023DBB2002B05D03448FFF74AFFAA
:10F7D000314810F0E9FB3248F1F796FB0346314A15
:10F7E000136007F10C031846FFF79EFF0346194606
:10F7F0002C48FFF74FFE2B4B1B681846F1F794FB84
:10F800000346002B09D0284802F0CAF92448F1F732
:10F810007BFB0346234A136036E0244B00221A7018
:10F82000234B1B6819461B48FFF701FC0346002BBE
:10F8300023D01A48FFF79FF9012200211548FFF74E
:10F84000FCFA164A1349184802F05AF91348FFF710
:10F850001AFF0346002B14BF01230023DBB2002B49
:10F860000BD00E48FFF71BFF04460C48FFF70BFFB9
:10F8700003461946204600F031FA4FF4FF70F1F7C5
:10F8800043FB0346074A1360ABE700BFD05702248F
:10F89000B8560224BC57022420580224D45702240C
:10F8A00000F915002458022444790224B456022495
:10F8B000B056022480B582B000AF7860796800202D
:10F8C000FFF740FF0837BD4680BD000080B483B01D
:10F8D00000AF7860034B18460C37BD465DF8047BDB
:10F8E000704700BFB5F8000880B582B000AF6C4B20
:10F8F0001B681846FFF747FE4FF400716948FFF791
:10F90000A2FE694B41221A70674B54225A70664B13
:10F910002B229A70644B4E22DA70634B41221A718B
:10F92000614B4D225A71604B45229A715E4B3F22CA
:10F93000DA715D4B0D221A725B4B0A225A720A2150
:10F94000594800F0CBF9564B1B681846FFF7C2FD2B
:10F950000346002B0CBF01230023DBB2002B00D099
:10F96000F1E74F4B1B681846FFF74FFE6420F1F795
:10F97000CBFA78604D4B00221A607868F1F7D4FA20
:10F980000346002B73D1464B1B681846FFF78FFDCB
:10F990000346002B14BF01230023DBB2002BECD065
:10F9A0003F4B1B681846FFF714FE0346FB703F4BA6
:10F9B0001B680A2B11DC3E4B1A683C4B1B68591C18
:10F9C0003A48016013441B78FA789A4214BF012325
:10F9D0000023DBB2002BD0D04AE0344B1B680B2B4A
:10F9E0000DD1FB78303B4FF47A7202FB03F3314ABE
:10F9F00013602E4B1B6801332C4A1360BDE72B4B61
:10FA00001B680C2B0FD1FB78303B642202FB03F206
:10FA1000284B1B681344274A1360244B1B6801338F
:10FA2000224A1360A9E7214B1B680D2B12D1FB78EA
:10FA3000A3F1300213469B0013445B001A461D4B92
:10FA40001B6813441B4A1360184B1B680133174A89
:10FA5000136092E7154B1B680E2B8ED1FB78A3F138
:10FA60003002144B1B681344124A136000E000BFBD
:10FA70004FF400710B48FFF7D8FD094B1B6818467F
:10FA8000FFF75BFD3B461846FFF720FF02460023C9
:10FA90000021C82003F0D0FB00BF0837BD4680BD61
:10FAA000B857022400080258B8560224B05602245F
:10FAB00034010024AC56022480B582B000AF1A4B4A
:10FAC0001B681846FFF785FD03467B607B680D2B9E
:10FAD00025D07B680A2B03D1144B01221A701FE03A
:10FAE0007B6803F08003002B05D1114B00221A60C4
:10FAF0000E4B00221A707B68D8B20D4B1B685A1C43
:10FB00000B490A600B4A0146D154094B1B68FF2B75
:10FB100006DD074B1B68013B054A136000E000BF90
:10FB20000837BD4680BD00BFB8570224B456022432
:10FB3000B0560224B856022480B586B000AF786073
:10FB40005F4B1B681846FFF71EFD4FF400715D48C0
:10FB5000FFF779FD7A685C4B83FB02139910D3178A
:10FB6000C91A0B469B000B445B00D31A7B617B6870
:10FB7000554A82FB03129210DB17D21A524B83FBB9
:10FB800002139910D317C91A0B469B000B445B0054
:10FB9000D31A3B617B684D4A82FB03125211DB177B
:10FBA000D21A494B83FB02139910D317C91A0B467B
:10FBB0009B000B445B00D31AFB607B68444A82FBCA
:10FBC00003129211DB17D21A3F4B83FB02139910D9
:10FBD000D317C91A0B469B000B445B00D31ABB60BA
:10FBE0003C4B41221A703B4B54225A70394B2B220A
:10FBF0009A70384B4E22DA70364B41221A71354BCF
:10FC00004D225A71334B45229A71324B3D22DA71A3
:10FC1000304B52221A722F4B4F225A722D4B4B22CD
:10FC20009A722C4B4922DA722A4B2D221A73BB6826
:10FC3000DBB23033DAB2274B5A73FB68DBB23033B6
:10FC4000DAB2244B9A733B69DBB23033DAB2214B20
:10FC5000DA737B69DBB23033DAB21E4B1A741D4B98
:10FC60000D225A741B4B0A229A741321194800F072
:10FC700035F8134B1B681846FFF72CFC0346002B86
:10FC80000CBF01230023DBB2002B00D0F1E764207E
:10FC900003F0DCFB0A4B1B681846FFF741FC084BDE
:10FCA0001B681846FFF749FC4FF400710548FFF741
:10FCB000BCFC094A7B68136000BF1837BD4680BD95
:10FCC000B857022400080258676666661F85EB5124
:10FCD000D34D6210B8560224AC56022480B582B0CF
:10FCE00000AF786039603B680F2B13DC3B685A1E0D
:10FCF0003A60002B14BF01230023DBB2002B2BD072
:10FD0000174B18687B685A1C7A601B781946FFF7F6
:10FD10006DFCEBE73B685A1E3A60002B14BF0123D1
:10FD20000023DBB2002B17D00D4B1B681846FFF7E2
:10FD3000E4FB0346002B0CBF01230023DBB2002BA6
:10FD400000D0F1E7064B18687B685A1C7A601B7874
:10FD50001946FFF74BFCDDE700BF0837BD4680BD05
:10FD6000B857022480B500AFFFF7A6FE00BF80BDE4
:10FD700080B582B000AF786039607B68012B08D114
:10FD80003B684FF6FF72934203D104490448FFF7E2
:10FD900091FC00BF0837BD4680BD00BF0014014084
:10FDA000A856022480B500AF4FF6FF710120FFF77F
:10FDB000DFFF80BD80B483B000AF786039607B68BE
:10FDC0001A683B6803F010034FF4805101FA03F303
:10FDD0001A437B681A6000BF0C37BD465DF8047B90
:10FDE000704780B485B000AFF860B9607A60FB6896
:10FDF000083319467B6803F01F03BA6822FA03F33D
:10FE00009B0003F03C030B4418461437BD465DF8D5
:10FE1000047B704780B483B000AF786039607B6842
:10FE20001A683B6803F01003012101FA03F31A4337
:10FE30007B681A6000BF0C37BD465DF8047B7047D5
:10FE400080B485B000AF786039607B68FB600C4A95
:10FE50003B6813441B781A46FB6813441B68084927
:10FE60003A680A4412781146FA680A4443F00103DA
:10FE7000136000BF1437BD465DF8047B704700BFB8
:10FE8000F856020880B485B000AF786039607B68AE
:10FE9000FB600C4A3B6813441B781A46FB6813440A
:10FEA0001B6808493A680A4412781146FA680A44FD
:10FEB00023F00103136000BF1437BD465DF8047BD7
:10FEC000704700BFF856020880B487B000AFF860F2
:10FED000B9607A60FB687B610D4ABB6813441B788C
:10FEE0001A467B6913445A680A4B13400849BA689A
:10FEF0000A44127811467A690A4411467A68134313
:10FF00004B6000BF1C37BD465DF8047B704700BFE7
:10FF1000F85602080000FFFF80B487B000AFF86019
:10FF2000B9607A60FB687B61074ABB6813441B7841
:10FF30001A467B6913441A467B68D36000BF1C379E
:10FF4000BD465DF8047B7047F856020880B487B060
:10FF500000AFF860B9607A60FB687B61074ABB68F4
:10FF600013441B781A467B6913441A467B689360D6
:10FF700000BF1C37BD465DF8047B7047F856020889
:10FF800080B483B000AF78607B681B6843F00102E7
:10FF90007B681A6000BF0C37BD465DF8047B704774
:10FFA00080B582B000AF78603960204B1B78BFF31A
:10FFB0005B8FDBB203F00103002B0CBF0123002396
:10FFC000DBB2002B14D019480FF0E2FF0346002BE0
:10FFD00014BF01230023DBB2002B09D040231A46B3
:10FFE000134B13441A46134B1A6010480FF0DCFFF2
:10FFF000114B1B78002B0AD00E4B1B685B689BB221
:020000040801F1
:10000000B3F57A7F8CBF01230023DBB20AE0094BF2
:100010001B685B689BB240F2E732934294BF0123B6
:100020000023DBB218460837BD4680BD08600224B5
:1000300000040240046002240060022480B582B003
:1000400000AF786079680020FFF7AAFF03461846E2
:100050000837BD4680BD000080B483B000AF786033
:10006000034B18460C37BD465DF8047B704700BF54
:100070003D00010880B584B000AF786039602C483D
:10008000FFF770F90023FB602A4B1B6803F2CF7364
:10009000FA689A4247DC07F108031846FFF7DCFFCD
:1000A00003461946002003F01BF9234B1B78002B55
:1000B00017D0204B1B68FA689A420ADA1C4B1A6860
:1000C000FB68D1181D4A4FF47A731D4804F07DFC7B
:1000D0001DE01A4B4FF47A727F21184612F006FA8F
:1000E00015E0144B1B68FA689A420ADA104B1A683A
:1000F000FB68D1184FF47A73124A114804F065FC7A
:1001000005E04FF47A727F210E4812F0EFF90A4BA6
:100110001B7883F00103DAB2074B1A70FB6803F512
:100120007A73FB60B0E7024B00221A60A7E700BFBA
:10013000F85F0224FC5F022400600224105C0224A9
:100140000C6002242858022480B582B000AF786089
:1001500079680020FFF78EFF0837BD4680BD00009C
:1001600080B483B000AF7860034B18460C37BD46AF
:100170005DF8047B704700BF4901010880B582B07B
:1001800000AF00237B607B68B3F5FA6F08DA204A82
:100190007B68134480221A707B6801337B60F2E72E
:1001A00002211C48FFF76EFE194B1A46022119481E
:1001B000FFF7B2FE182218491848FFF712FE03464F
:1001C0001A4602211348FFF7C1FE4FF4FA620221DA
:1001D0001048FFF779FE02210E48FFF731FE0E4965
:1001E0000E48FFF7E7FD0C490C48FFF713FE0C48DB
:1001F000FFF7C6FE3B461846FFF7B2FF0246002354
:100200000021C82003F018F800BF0837BD4680BDA4
:100210002858022400040240720040350074004057
:100220000004014080B483B000AF78603960064AB2
:100230003B681360054A7B68136000BF0C37BD46FE
:100240005DF8047B704700BFFC5F0224F85F022466
:1002500080B400AF034B1B681846BD465DF8047BB5
:10026000704700BFF85F022480B586B004AF7860A5
:1002700039607B68012B12D13B684FF6FF729342C5
:100280000DD110230393084B029304230193074BD2
:1002900000930523054A0649064804F07CFB00BF8D
:1002A0000837BD4680BD00BF001002580000024064
:1002B000003401400C60022480B500AF4FF6FF719E
:1002C0000120FFF7D1FF80BD80B483B000AF78601C
:1002D000064B1A687B68134403F07F03044AD35C1F
:1002E00018460C37BD465DF8047B7047F060022469
:1002F0007060022480B483B000AF7860084B1A6845
:100300007B681344064A1360054B1B6803F07F03A8
:10031000034A136000BF0C37BD465DF8047B70478D
:10032000F060022480B500AF0020FFF7CDFF034648
:100330005BB2002B05DB0020FFF7C6FF03460A2B4C
:1003400001D1012300E00023184680BD80B485B0B0
:1003500000AF786039607B68FB600C4A3B681344EF
:100360001B781A46FB6813441B6808493A680A441C
:1003700012781146FA680A4443F00103136000BF83
:100380001437BD465DF8047B704700BF0057020874
:1003900080B485B000AF786039607B68FB600C4A40
:1003A0003B6813441B781A46FB6813441B680849D2
:1003B0003A680A4412781146FA680A4423F00103A5
:1003C000136000BF1437BD465DF8047B704700BF63
:1003D0000057020880B487B000AFF860B9607A6057
:1003E000FB687B610D4ABB6813441B781A467B6926
:1003F00013441B6823F490720849BB680B441B78B4
:1004000019467B690B4419467B6813430B6000BF98
:100410001C37BD465DF8047B704700BF00570208DB
:1004200080B487B000AFF860B9607A60FB687B6128
:100430000D4ABB6813441B781A467B6913445A68FB
:100440000A4B13400849BA680A44127811467A697F
:100450000A4411467A6813434B6000BF1C37BD46FF
:100460005DF8047B704700BF005702080000FFFFE3
:1004700080B485B000AF786039607B68FB60074A64
:100480003B6813441B781A46FB6813445B689BB2B5
:1004900018461437BD465DF8047B704700570208C4
:1004A00080B487B000AFF860B9607A60FB687B61A8
:1004B000074ABB6813441B781A467B6913441A46E3
:1004C0007B68D36000BF1C37BD465DF8047B704776
:1004D0000057020880B487B000AFF860B9607A6056
:1004E000FB687B61074ABB6813441B781A467B692B
:1004F00013441A467B68936000BF1C37BD465DF805
:10050000047B70470057020880B483B000AF786066
:100510007B684FF08062DA6000BF0C37BD465DF843
:10052000047B704780B483B000AF78607B684FF085
:100530000062DA6000BF0C37BD465DF8047B70478F
:1005400080B483B000AF78607B684FF00072DA60EF
:1005500000BF0C37BD465DF8047B704780B483B0A4
:1005600000AF78607B681B6843F001027B681A600B
:1005700000BF0C37BD465DF8047B704780B483B084
:1005800000AF78607B681B6823F001027B681A600B
:1005900000BF0C37BD465DF8047B704780B489B05E
:1005A00000AF78607B68FB60FB6853E8003FBB608E
:1005B000BB6843F00403FB617B68FA69BA617B6145
:1005C0007969BA6941E800233B613B69002B14BF9C
:1005D00001230023DBB2002B00D0E3E700BF243768
:1005E000BD465DF8047B704780B489B000AF786089
:1005F0007B68FB60FB6853E8003FBB60BB6823F08F
:100600000403FB617B68FA69BA617B617969BA6945
:1006100041E800233B613B69002B14BF0123002309
:10062000DBB2002B00D0E3E700BF2437BD465DF806
:10063000047B704780B489B000AF78607B68FB6052
:10064000FB6853E8003FBB60BB6843F00803FB61F5
:100650007B68FA69BA617B617969BA6941E800230C
:100660003B613B69002B14BF01230023DBB2002B4D
:1006700000D0E3E700BF2437BD465DF8047B704738
:1006800080B489B000AF78607B68FB60FB6853E89A
:10069000003FBB60BB6823F00803FB617B68FA691D
:1006A000BA617B617969BA6941E800233B613B69C2
:1006B000002B14BF01230023DBB2002B00D0E3E7A3
:1006C00000BF2437BD465DF8047B704780B483B01B
:1006D00000AF78607B6840221A6200BF0C37BD46CD
:1006E0005DF8047B704780B489B000AF78607B68A8
:1006F000FB60FB6853E8003FBB60BB6843F040030E
:10070000FB617B68FA69BA617B617969BA6941E822
:1007100000233B613B69002B14BF01230023DBB2A4
:10072000002B00D0E3E700BF2437BD465DF8047B13
:10073000704780B489B000AF78607B68FB60FB686D
:1007400053E8003FBB60BB6823F04003FB617B685C
:10075000FA69BA617B617969BA6941E800233B6152
:100760003B69002B14BF01230023DBB2002B00D018
:10077000E3E700BF2437BD465DF8047B704780B4D3
:1007800089B000AF78607B680833FB60FB6853E892
:10079000003FBB60BB6843F04003FB617B680833EC
:1007A000FA69BA617B617969BA6941E800233B6102
:1007B0003B69002B14BF01230023DBB2002B00D0C8
:1007C000E1E700BF2437BD465DF8047B704780B485
:1007D00089B000AF78607B680833FB60FB6853E842
:1007E000003FBB60BB6843F08003FB617B6808335C
:1007F000FA69BA617B617969BA6941E800233B61B2
:100800003B69002B14BF01230023DBB2002B00D077
:10081000E1E700BF2437BD465DF8047B704780B434
:1008200089B000AF78607B680833FB60FB6853E8F1
:10083000003FBB60BB6823F08003FB617B6808332B
:10084000FA69BA617B617969BA6941E800233B6161
:100850003B69002B14BF01230023DBB2002B00D027
:10086000E1E700BF2437BD465DF8047B7047000018
:1008700080B582B000AF786039601948FFF7B4FEE8
:100880001748FFF7FDFE07211648FFF781FD3B687B
:100890001A4607211348FFF7C3FD7B681A46072154
:1008A0001048FFF7FDFD0F48FFF73CFE0D48FFF72E
:1008B0002BFE0C48FFF744FE0948FFF707FF0848E6
:1008C000FFF711FF07210748FFF740FD0448FFF736
:1008D000B1FE0348FFF77BFF00BF0837BD4680BD70
:1008E000004800400000024080B500AF06210648E5
:1008F000FFF7BEFD0346054A12681344C3F18003A7
:1009000003F07F03184680BD00000240F06002241F
:1009100080B582B000AF78603960FFF7E5FF03462D
:10092000002B14BF01230023DBB218460837BD4655
:1009300080BD80B582B000AF786079680020FFF795
:10094000E7FF034618460837BD4680BD80B483B034
:1009500000AF7860034B18460C37BD465DF8047B4A
:10096000704700BF3309010890B58BB002AF7860C3
:100970003960FFF7B9FF0346002B0CBF01230023AA
:10098000DBB2002B09D007F11C031846FFF7DEFF8E
:1009900003461946002002F0A3FCFFF7C3FC034600
:1009A00083F00103DBB2002B11D00020FFF78CFC99
:1009B00003461946414B00221A60404B1B68404ACF
:1009C000D1543E4B1B6801333C4A136072E03B4BF1
:1009D0001B68002B6ED0394B1C680020FFF774FC9D
:1009E00003461A46364B1A55344B1B68344AD35CBF
:1009F0000A2B53D107F10800012300934023002262
:100A00002F49FEF7F7F92D4B1A6807F10803114635
:100A10001846FEF70CFB0346002B3BD0294B1B78F6
:100A2000BFF35B8FDBB203F00103002B0CBF01238C
:100A30000023DBB2002B10D022480FF0A9FA0346A6
:100A4000002B14BF01230023DBB2002B05D01E486E
:100A5000FEF708FE1B480FF0A7FA07F108031A4932
:100A60001846F1F71DF91848FEF70DFE0346002B56
:100A700014BF01230023DBB2002B0BD01248FEF77A
:100A80000EFE04461048FEF7FEFD034619462046BA
:100A9000FFF7EEFE094B00221A600BE0074B1B68C4
:100AA0000133064A1360054B1B683F2B02DD034BE5
:100AB00000221A600120FFF71DFC5AE76C60022437
:100AC0002C60022440610224F460022480B582B0CC
:100AD00000AF786079680020FFF746FF0837BD4611
:100AE00080BD000080B483B000AF7860034B18462F
:100AF0000C37BD465DF8047B704700BFCD0A010886
:100B000080B582B000AF2048FFF738FD8022062173
:100B10001E48FFF785FC1E4A06211C48FFF7DAFC39
:100B20001C4B1A4606211948FFF7BAFC4FF4807295
:100B300006211648FFF74EFC06211448FFF706FC75
:100B4000154A07211148FFF7C5FC0F48FFF717FEAC
:100B50000D48FFF73CFE0C48FFF720FD0A48FFF761
:100B600069FD0948FFF7FAFC3B1D1846FFF7BAFF7D
:100B70000246002300214FF4967002F05DFB00BF97
:100B80000837BD4680BD00BF00480040000002405D
:100B900024480040706002242848004080B500AF1F
:100BA0000748FFF7C6FD07210648FFF7F1FB044899
:100BB000FFF7F4FC0248FFF732FE00BF80BD00BF24
:100BC000004800400000024080B483B000AF78606D
:100BD0003960064B1B78002B14BF01230023DBB2C6
:100BE00018460C37BD465DF8047B704774830224B9
:100BF00080B582B000AF786079680020FFF7E4FF2D
:100C0000034618460837BD4680BD000080B483B057
:100C100000AF7860034B18460C37BD465DF8047B87
:100C2000704700BFF10B010890B58DB002AF78603E
:100C3000396007F120031846FFF7E8FF034619461D
:100C4000002002F04DFB00237B627B6A3F2B0ADC15
:100C5000304A7B6A13441B780A2B03D07B6A01332A
:100C60007B62F2E700BF7B6A3F2B4EDC07F10C0092
:100C700001230093402300222649FEF7BBF807F129
:100C80000C03796A1846FEF7D2F90346002B3CD0D4
:100C9000214B1B78BFF35B8FDBB203F00103002B0A
:100CA0000CBF01230023DBB2002B10D01A480FF039
:100CB0006FF90346002B14BF01230023DBB2002B86
:100CC00005D01648FEF7CEFC13480FF06DF907F17A
:100CD0000C0312491846F0F7E3FF1048FEF7D3FC67
:100CE0000346002B14BF01230023DBB2002B0CD0E2
:100CF0000A48FEF7D4FC04460848FEF7C4FC034645
:100D00009BB2194620460EF0B9FC024B00221A7025
:100D10008FE700BF7483022490610224446102249F
:100D200080B582B000AF786079680020FFF77CFF63
:100D30000837BD4680BD000080B483B000AF786046
:100D4000034B18460C37BD465DF8047B704700BF67
:100D5000210D010880B582B000AF3B1D1846FFF79A
:100D6000EBFF0246002300214FF4967002F064FA74
:100D700000BF0837BD4680BD80B485B000AFF860C5
:100D8000084611461A4603467B810B463B811346B3
:100D9000FB80FB68D3F8D420FB6893F8D230F96865
:100DA00008335B000B44B3F90230D21AFB68C3F876
:100DB000D420FB687A899A80FB6893F8D2301A466F
:100DC000FB68B3F90400F96802F108035B000B4407
:100DD00001465980F96802F108035B000B44B3F93E
:100DE0000220FB68D3F8D4301A44FB68C3F8D4203F
:100DF000FB68D3F8D820FB6893F8D230F968283321
:100E00005B000B44B3F90230D21AFB68C3F8D82058
:100E1000FB683A89DA80FB6893F8D2301A46FB689F
:100E2000B3F90600F96802F128035B000B440146A0
:100E30005980F96802F128035B000B44B3F90220E2
:100E4000FB68D3F8D8301A44FB68C3F8D820FB6895
:100E5000D3F8DC20FB6893F8D230F96848335B00A4
:100E60000B44B3F90230D21AFB68C3F8DC20FB68EC
:100E7000FA881A81FB6893F8D2301A46FB68B3F9F6
:100E80000800F96802F148035B000B4401465980F1
:100E9000F96802F148035B000B44B3F90220FB68D8
:100EA000D3F8DC301A44FB68C3F8DC20FB6893F805
:100EB000D2300133DAB2FB6883F8D220FB6893F8B2
:100EC000D23003F01F03DAB2FB6883F8D220FB684C
:100ED000D3F8E020B7F90A301A44FB68C3F8E020E1
:100EE000FB68D3F8E420B7F908301A44FB68C3F86C
:100EF000E420FB68D3F8E820B7F906301A44FB6811
:100F0000C3F8E820FB68D3F8EC305A1CFB68C3F840
:100F1000EC20FB68D3F8EC30B3F5007F2ADBFB68EC
:100F2000D3F8E0305A12FB68C3F8F020FB68D3F81E
:100F3000E4305A12FB68C3F8F420FB68D3F8E830B9
:100F40005A12FB68C3F8F820FB680022C3F8EC20B3
:100F5000FB68D3F8EC20FB68C3F8E820FB68D3F803
:100F6000E820FB68C3F8E420FB68D3F8E420FB68C2
:100F7000C3F8E02000BF1437BD465DF8047B70471E
:100F800080B500AF02F02EFA00BF80BD80B584B0FE
:100F900000AFB9607A603B600346FB730B4803F017
:100FA000CDFC07F10F0301221946084803F056F95A
:100FB0007B681A46B968054803F076FA034803F0DF
:100FC000CDFC002318461037BD4680BD9461022435
:100FD00080B584B000AFB9607A603B600346FB73B4
:100FE0000B4803F0ABFC07F10F0301221946084838
:100FF00003F034F97B681A46B968054803F02EF906
:10100000034803F0ABFC002318461037BD4680BDF3
:101010009461022480B582B000AF786039607B684B
:10102000B3F57A7F08D37B680B4AA2FB03239B09A5
:10103000184602F00BFA0BE07B685A1E7A60002B10
:1010400014BF01230023DBB2002B01D000BFF3E764
:1010500000BF0837BD4680BDD34D621000000000C0
:101060002DE9B04386B000AF786039603B687B61A2
:101070007B689B780B2B6ED17B685B6807F108025D
:101080001146184605F06FFA7B681A787B6983F879
:101090002E207B689B68D3E900237969C1E900238E
:1010A0007B69D3E90045204629464FF000024FF006
:1010B00000034B0143EAD063420110461946001B6E
:1010C00061EB05014FF000024FF000038B0143EA92
:1010D00090638201121A63EB01034FF000004FF09E
:1010E0000001D90041EA5271D00002460B4612EBD2
:1010F000040843EB05097B69C3E900897B69D3E9EF
:10110000000118A3D3E90023EFF7F6FA02460B46D5
:101110007B699A607B69D3E9002311467B699B68F0
:101120000F4A02FB03F3CA1A7B69DA60B7F9082099
:101130007B699A84B7F90A207B69DA84B7F90C20B5
:101140007B691A85B7F90E207B695A853B8A1AB2EA
:101150007B699A8500E000BF1837BD46BDE8B083C3
:1011600000CA9A3B00CA9A3B0000000080B586B0D6
:1011700000AF786039603B687B617B685B6807F132
:101180000C021146184605F03AFA7B681A787B691A
:101190001A747B689B68D3E900014FF000024FF09E
:1011A0000003820942EA81628B097B691A60B7F900
:1011B0000C10B7F90E20B7F910307869FFF7DCFD95
:1011C00000BF1837BD4680BD80B483B000AF7860E3
:1011D0007B6818460C37BD465DF8047B70470000FD
:1011E00080B584B000AF7860396002F0FBF800236E
:1011F000FB7307F10F030749184603F045FFFB7B1C
:10120000002BF2D0034A4FF40061034803F011FDB4
:10121000EBE700BFF86B0224F863022480B582B0CC
:1012200000AF786079680020FFF7DAFF0837BD4625
:1012300080BD000080B483B000AF7860034B1846D7
:101240000C37BD465DF8047B704700BF1D120108D6
:1012500080B58CB004AF7860B34B02930023019348
:1012600040230093B14BB24AB249012003F05AFF28
:1012700003461A467B689A617B689B69002B40F0A5
:101280003E81A94803F036FF03461A467B689A61FF
:101290007B689B69002B40F03481A349A64803F08A
:1012A00015FE03461A467B689A617B689B69002B92
:1012B00040F02981A04B1B78892B40F026810C231C
:1012C000FB73FB7B9849184603F0A7FE03461A46BA
:1012D0007B689A617B689B69002B40F0188107F15D
:1012E0000F039149184603F0B4FE03461A467B6883
:1012F0009A617B689B69002B40F00B810023FB7790
:10130000FB7F8949184603F0D9FE03461A467B68DD
:101310009A617B689B69002B40F0FD8007F10E030A
:101320008149184603F006FE03461A467B689A6117
:101330007B689B69002B40F0F080BB7B03F01003BF
:10134000002B00F0EC80784A7C497D4803F02EFEAB
:1013500003461A467B689A617B689B69002B40F0C4
:10136000E08007F10D037049184603F0C3FF034600
:101370001A467B689A617B689B69002B40F0EC8081
:101380007B7B002B40F0E880674803F02EFE03468D
:101390001A467B689A617B689B69002B40F0DE806F
:1013A00007F10D036049184603F0A4FF03461A46EF
:1013B0007B689A617B689B69002B40F0D1807B7BC6
:1013C000002B40F0CD8058495E4803F099FD03465C
:1013D0001A467B689A617B689B69002B40F0C2804B
:1013E000584B1B88002B00F0BD807B6803F1200266
:1013F0004D4B5549252003F0BFFE03461A467B6836
:101400009A617B689B69002B40F0AE807B6803F19A
:101410005002454B4D49042003F0AEFE03461A46E8
:101420007B689A617B689B69002B40F09F807B689A
:1014300003F5A6723C4B45490D2003F09DFE034683
:101440001A467B689A617B689B69002B40F090800C
:10145000354A4FF400613E4803F0EBFB03461A4661
:101460007B689A617B689B69002B40F083802E48E3
:1014700003F0B2FE03461A467B689A617B689B695B
:10148000002B79D1334BBB6100237B61264A7969FC
:1014900097ED060A252003F0F8FC03461A467B6800
:1014A0009A617B689B69002B68D11F4A796997ED27
:1014B000060A042003F0E9FC03461A467B689A6199
:1014C0007B689B69002B5BD1174A796997ED060A07
:1014D0000D2003F0DAFC03461A467B689A617B68AC
:1014E0009B69002B4ED107F110031846FFF7A2FEAF
:1014F000024600230021FA2001F09EFE43E000BFD7
:1015000041E000BF3FE000BF3DE000BF3BE000BF67
:1015100039E000BF37E000BF35E000BF33E000BF77
:1015200031E000BF2FE000BFF86B02241510010866
:10153000D10F01088D0F0108307502246CA601003F
:101540000857020832750224611001086D11010864
:10155000F86302240000FA4300BF14E000BF12E069
:1015600000BF10E000BF0EE000BF0CE000BF0AE0CB
:1015700000BF08E000BF06E000BF04E000BF02E0DB
:1015800000BF00E000BF2037BD4680BD80B483B0FF
:1015900000AF78607B68D3F82431002B00DA1F336A
:1015A0005B111A467B681A607B68D3F82831002BE0
:1015B00000DA1F335B111A467B685A607B68D3F8E8
:1015C0002C31002B00DA1F335B111A467B689A60BE
:1015D0007B68D3F82032002B00DA1F335B111A46E8
:1015E0007B68DA607B68D3F82432002B00DA1F3383
:1015F0005B111A467B681A617B68D3F82832002B8E
:1016000000DA1F335B111A467B685A6100BF0C3742
:10161000BD465DF8047B704780B586B004AF786046
:1016200039607B68012B15D13B684FF6FF729342FE
:1016300010D110230393094B029302230193084B0B
:1016400000930323064A0749074802F05AFC07485B
:10165000FFF7BAFD00BF0837BD4680BD0000025845
:10166000000002400030014094610224B061022475
:1016700080B500AF4FF6FF710120FFF7CDFF80BDB1
:1016800080B483B000AF786039607B683A689A6153
:1016900000BF0C37BD465DF8047B704780B483B053
:1016A00000AF786039603B681A047B689A6100BFBC
:1016B0000C37BD465DF8047B7047000080B584B0F0
:1016C00000AF786039601B4B1B68002B12D14FF4C0
:1016D00080611948FFF7D4FF4FF4967001F0B6FE11
:1016E0004FF480611448FFF7D9FF4FF4967001F072
:1016F000ADFEE8E70023FB600E4B1B68FA689A42D8
:1017000013DC4FF480610C48FFF7BAFFC82001F0EA
:101710009DFE4FF480610848FFF7C0FFC82001F02C
:1017200095FEFB680133FB60E6E74FF42F7001F094
:101730008DFEC8E7347502240010025880B582B0CF
:1017400000AF786079680020FFF7B8FF0837BD4622
:1017500080BD000080B483B000AF7860034B1846B2
:101760000C37BD465DF8047B704700BF3D1701088C
:1017700080B582B000AF3B1D1846FFF7EBFF034674
:101780001A460021C82000F004F800BF0837BD4603
:1017900080BD80B584B000AFF860B9607A60002386
:1017A0007A68B968F86801F047FD00BF1037BD4698
:1017B00080BD80B582B000AF786039603B681B683F
:1017C0001846EFF7B1FB034618460837BD4680BD03
:1017D00080B582B000AF786079680020FFF7E9FF3C
:1017E000034618460837BD4680BD000080B483B06C
:1017F00000AF7860034B18460C37BD465DF8047B9C
:10180000704700BFD117010880B584B000AF786081
:1018100007F10C031846FFF7E9FF02463B1D11468E
:101820001846FDF737FE00BF1037BD4680BD80B4B7
:1018300083B000AF78607B681B6C9BB218460C3796
:10184000BD465DF8047B704780B483B000AF78601C
:1018500039607B681A693B6813403A689A4201D143
:10186000012300E0002318460C37BD465DF8047BD9
:101870007047000080B582B000AF4FF4C87001F02F
:10188000F9FBFFF775FFFFF765FAFFF739F9FDF789
:10189000D1FDFEF773FC7348FFF7DAFCFEF724F87E
:1018A0004FF480517048FFF7CFFF0346002B08D15B
:1018B00080216D48FFF7C8FF0346002B01D10123AB
:1018C00000E00023002B01D0EFF700FCEFF7CCFB8A
:1018D000664B1B6840F2CF729342D4BF01230023B2
:1018E000DBB2002B00D0F3E701210120FDF7BCFDA6
:1018F0000A20EFF709FB78607868FFF785FF0A2078
:10190000EFF702FB78605748FFF740FE584B1B6823
:1019100098474FF480515448FFF796FF0346002B39
:101920000CBF01230023DBB2002B19D0514B1B68E5
:10193000002B07D140F61520F0F7D6FE03461846D7
:10194000EFF724FD4B4B1E221A604B4A4B4B1344BE
:101950001B6843F001024849484B0B441A6012E0EF
:10196000444B1B68002B04D0424B1B68013B414A8F
:101970001360414A414B13441B6823F001023E4966
:101980003E4B0B441A6080213748FFF75DFF03464A
:10199000002B0CBF01230023DBB2002B19D0384BE6
:1019A0001B68002B07D140F61620F0F79DFE03467A
:1019B0001846EFF7EBFC324B1E221A602E4A2F4BD3
:1019C00013441B6843F002022B492C4B0B441A6052
:1019D00012E02B4B1B68002B04D0294B1B68013BEA
:1019E000274A1360244A254B13441B6823F0020244
:1019F0002149224B0B441A602248FFF718FF034687
:101A000019461D4A204B134419601B4A1E4B1344B0
:101A10001B6840F69B1293420EDC1C4B1B7883F034
:101A20000103DBB2002B07D0184B01221A701849B2
:101A30000320FDF719FD13E0144B1B78002B3FF436
:101A40005BAF0D4A104B13441B68B3F51D6FFFF6D7
:101A500053AF0E4B00221A7000210320FDF704FD46
:101A60004AE700BFB061022400040258C87C022487
:101A700064E30124387502249423002434AF010068
:101A80003C7502240020024038AF0100407502245A
:101A9000A086010080B483B000AF78607B681846F0
:101AA0000C37BD465DF8047B7047000080B582B0FE
:101AB00000AF786039607B68012B07D13B684FF637
:101AC000FF72934202D10348FFF7E4FF00BF0837DB
:101AD000BD4680BD4475022480B500AF4FF6FF714E
:101AE0000120FFF7E3FF80BD80B483B000AF7860D2
:101AF0007B6818460C37BD465DF8047B70470000D4
:101B000080B584B000AFF860B9607A60B868EEF76D
:101B1000E0FF0346522B0CBF01230023DBB2002B56
:101B20002CD0184A184B134401221A60B868FDF7EC
:101B300059FA02461349154B0B441A60B868FDF771
:101B4000D1F902460F49124B0B441A60B868FDF7F1
:101B5000C9F902460B490F4B0B441A60B868FDF7F0
:101B6000C1F9024607490C4B0B441A60B868FDF7EF
:101B7000B9F902460349094B0B441A6000BF1037FC
:101B8000BD4680BD942300243CAF010040AF01005E
:101B900048AF01004CAF010054AF010058AF010045
:101BA00080B483B000AF7860194A1A4B1344002206
:101BB0001A60174A174B13441A681549164B0B4401
:101BC0001A60134A144B13441A681149134B0B44FF
:101BD0001A600F4A114B13441A680D49104B0B44FD
:101BE0001A600B4A0E4B13441A6809490D4B0B44FB
:101BF0001A60074A0B4B13441A6805490A4B0B44F9
:101C00001A6000BF0C37BD465DF8047B704700BF0B
:101C10009423002458AF010054AF01004CAF0100E1
:101C200048AF010040AF01003CAF010080B582B079
:101C300000AF786039607B68012B07D13B684FF6B5
:101C4000FF72934202D10348FFF74EFF00BF0837EF
:101C5000BD4680BD4479022480B500AF4FF6FF71C8
:101C60000120FFF7E3FF80BD80B483B000AF786050
:101C70007B681B6818460C37BD465DF8047B7047CF
:101C800080B483B000AF78607B6800225A6100BFE7
:101C90000C37BD465DF8047B704780B489B000AF57
:101CA00078607B68FB60FB6853E8003FBB60BB6803
:101CB00043F00403FB617B68FA69BA617B6179696F
:101CC000BA6941E800233B613B69002B14BF012343
:101CD0000023DBB2002B00D0E3E700BF2437BD4672
:101CE0005DF8047B704780B489B000AF78607B6892
:101CF000FB60FB6853E8003FBB60BB6843F0080330
:101D0000FB617B68FA69BA617B617969BA6941E80C
:101D100000233B613B69002B14BF01230023DBB28E
:101D2000002B00D0E3E700BF2437BD465DF8047BFD
:101D3000704780B483B000AF78607B685B6843F421
:101D400000027B685A6000BF0C37BD465DF8047B1B
:101D5000704780B483B000AF786039607B685B699E
:101D600003F07F423B681A437B685A6100BF0C371F
:101D7000BD465DF8047B704780B483B000AF7860E7
:101D80007B68DB6903F08063B3F1806F01D10123CD
:101D900000E0002318460C37BD465DF8047B704711
:101DA00080B483B000AF78607B6802221A6200BF03
:101DB0000C37BD465DF8047B704780B483B000AF3C
:101DC00078607B6804221A6200BF0C37BD465DF85C
:101DD000047B704780B483B000AF78607B684FF4B9
:101DE00000621A6200BF0C37BD465DF8047B704785
:101DF00080B489B000AF78607B68FB60FB6853E813
:101E0000003FBB60BB6843F04003FB617B68FA693D
:101E1000BA617B617969BA6941E800233B613B693A
:101E2000002B14BF01230023DBB2002B00D0E3E71B
:101E300000BF2437BD465DF8047B704780B489B08D
:101E400000AF78607B68FB60FB6853E8003FBB60D5
:101E5000BB6843F08063FB617B68FA69BA617B61B0
:101E60007969BA6941E800233B613B69002B14BFE3
:101E700001230023DBB2002B00D0E3E700BF2437AF
:101E8000BD465DF8047B704780B489B000AF7860D0
:101E90007B680833FB60FB6853E8003FBB60BB68AE
:101EA00043F08053FB617B680833FA69BA617B6158
:101EB0007969BA6941E800233B613B69002B14BF93
:101EC00001230023DBB2002B00D0E1E700BF243761
:101ED000BD465DF8047B704780B489B000AF786080
:101EE0007B68FB60FB6853E8003FBB60BB6823F086
:101EF0004003FB617B68FA69BA617B617969BA6901
:101F000041E800233B613B69002B14BF0123002300
:101F1000DBB2002B00D0E3E700BF2437BD465DF8FD
:101F2000047B704780B489B000AF78607B68FB6049
:101F3000FB6853E8003FBB60BB6823F08063FB6134
:101F40007B68FA69BA617B617969BA6941E8002303
:101F50003B613B69002B14BF01230023DBB2002B44
:101F600000D0E3E700BF2437BD465DF8047B70472F
:101F700080B489B000AF78607B680833FB60FB6891
:101F800053E8003FBB60BB6823F08053FB617B6874
:101F90000833FA69BA617B617969BA6941E800235B
:101FA0003B613B69002B14BF01230023DBB2002BF4
:101FB00000D0E1E700BF2437BD465DF8047B7047E1
:101FC00080B483B000AF78607B681B6803F0400387
:101FD000402B01D1012300E0002318460C37BD46F9
:101FE0005DF8047B704780B483B000AF78607B6895
:101FF0005B6ADBB218460C37BD465DF8047B704760
:1020000080B483B000AF78600B46FB70FA787B68D1
:102010009A6200BF0C37BD465DF8047B704780B400
:1020200083B000AF78607B689B6943F008027B68EF
:102030009A6100BF0C37BD465DF8047B704780B5E0
:1020400082B000AF786039607B683A685A647B6818
:10205000483314211846F0F70DFF7B6848331846C3
:10206000FFF702FE7B6848331846FFF709FE7B68DE
:1020700018460837BD4680BD80B582B000AF786095
:102080007B6809229A627B6800225A627B68483327
:102090001946786800F039F87B685B6C1846FFF7E2
:1020A0001BFF7B685B6C1846FFF73CFF7B685B6C33
:1020B0001846FFF75DFF7B685B6C4FF4C8711846EC
:1020C000FFF747FE7B685B6C1846FFF732FE7B68C4
:1020D0005B6C1846FFF707FE7B685B6C1846FFF7E2
:1020E000DCFD00BF0837BD4680BD80B582B000AFC3
:1020F000786039607B685B6C3A6811461846FFF778
:1021000028FE00BF0837BD4680BD80B483B000AF55
:10211000786039607B685B6A082B08DC39687B680B
:102120005B6A581C7A6850627A6842F8231000BFD4
:102130000C37BD465DF8047B704780B584B000AFB6
:1021400078607B685B6C1846FFF72AFE7B685B6CE7
:102150001846FFF732FE0023FB607B685B6AFA6873
:102160009A420ADA7B68FA6853F822301846F1F787
:10217000E9F9FB680133FB60EFE77B6800229A62B4
:102180007B689A6A7B685B6A9A4202DA786800F038
:1021900004F800BF1037BD4680BD90B597B000AFC2
:1021A000786007F108031846FDF75CFA7B689A6AC5
:1021B0007B685B6A9A424CDA7B689A6A7B6853F860
:1021C00022007B6803F12C0207F108031946F1F79E
:1021D0004EFA07F108031846FDF755FA0346002B9F
:1021E00014BF01230023DBB2002B2CD000237B651E
:1021F00007F108031846FDF746FA02467B6D934245
:10220000B4BF01230023DBB2002B12D07B685C6CCF
:1022100007F108031846FDF742FA02467B6D1344A6
:102220001B7819462046FFF7EBFE7B6D01337B657B
:10223000DEE77B6800221A647B685B6C1846FFF758
:10224000D7FD00BF05E07B689B6A5A1C7B689A62D9
:10225000ACE700BF5C37BD4690BD80B582B000AF33
:1022600078607B689B6A5A1C7B689A627868FFF783
:1022700094FF00BF0837BD4680BD80B58AB002AF6D
:1022800078607B685B6C1846FFF79AFE0346002B6C
:1022900014BF01230023DBB2002B19D07B685B6CD9
:1022A0001846FFF719FE7B685B6C1846FFF7B7FE10
:1022B0007B685B6C1846FFF78DFD7B685B6C18468E
:1022C000FFF7BCFD7B685B6C1846FFF7DDFDC3E0E4
:1022D0007B685B6C1846FFF74FFD0346002B14BF6D
:1022E00001230023DBB2002B00F0A9807B68DB6AAE
:1022F000062B27D17B685B6C1846FFF774FE0346FC
:1023000018467B681B6C591C7A6811647A68134400
:10231000024683F830207B685B6C1846FFF763FE4B
:10232000034618467B681B6C591C7A6811647A68EE
:102330001344024683F830207B68DB6A9A1E7B6870
:10234000DA6248E07B685B6C1846FFF74CFE034698
:1023500018467B681B6C591C7A6811647A681344B0
:10236000024683F830207B685B6C1846FFF73BFE23
:10237000034618467B681B6C591C7A6811647A689E
:102380001344024683F830207B685B6C1846FFF7E5
:102390002AFE034618467B681B6C591C7A68116438
:1023A0007A681344024683F830207B685B6C1846D9
:1023B000FFF719FE034618467B681B6C591C7A68A8
:1023C00011647A681344024683F830207B68DB6A24
:1023D0001A1F7B68DA627B68DB6A002B3CD17B6862
:1023E0005B6C1846FFF79EFD7B685B6C1846FFF739
:1023F000BFFD7B6803F1300107F10C00002300935F
:1024000047F6FF730022FCF7F5FC7B681A6C07F1B6
:102410000C0311461846FCF70AFE0346002B0AD0AF
:102420007B689A6A7B6853F8223007F10C021146E8
:102430001846F1F78EF97868FFF70FFF0CE07B681C
:102440005B6C1846FFF76EFD7B685B6C1846FFF708
:102450008FFD7868FFF701FF2037BD4680BD000083
:1024600080B483B000AF7860064B1A687B68134471
:1024700003F07F03044AD35C18460C37BD465DF871
:10248000047B7047C87902244879022480B483B061
:1024900000AF7860084B1A687B681344064A1360E3
:1024A000054B1B6803F07F03034A136000BF0C3722
:1024B000BD465DF8047B7047C879022480B483B0C0
:1024C00000AF786039607B683A68DA6000BF0C372B
:1024D000BD465DF8047B704780B485B000AF78607E
:1024E00039607B68FB600C4A3B6813441B781A46D2
:1024F000FB6813441B6808493A680A44127811467D
:10250000FA680A4443F00103136000BF1437BD4664
:102510005DF8047B704700BF74FD030880B485B08C
:1025200000AF786039607B68FB600C4A3B681344FD
:102530001B781A46FB6813441B6808493A680A442A
:1025400012781146FA680A4423F00103136000BFB1
:102550001437BD465DF8047B704700BF74FD030867
:1025600080B487B000AFF860B9607A60FB687B61C7
:102570000D4ABB6813441B781A467B6913441B68D9
:1025800023F490720849BB680B441B7819467B6999
:102590000B4419467B6813430B6000BF1C37BD46D4
:1025A0005DF8047B704700BF74FD030880B487B0FA
:1025B00000AFF860B9607A60FB687B610D4ABB6868
:1025C00013441B781A467B6913445A680A4B13401C
:1025D0000849BA680A44127811467A690A441146D1
:1025E0007A6813434B6000BF1C37BD465DF8047B1F
:1025F000704700BF74FD03080000FFFF80B485B082
:1026000000AF786039607B68FB60074A3B68134421
:102610001B781A46FB6813445B689BB21846143754
:10262000BD465DF8047B704774FD030880B487B035
:1026300000AFF860B9607A60FB687B61074ABB68ED
:1026400013441B781A467B6913441A467B68D3608F
:1026500000BF1C37BD465DF8047B704774FD03085E
:1026600080B487B000AFF860B9607A60FB687B61C6
:10267000074ABB6813441B781A467B6913441A4601
:102680007B68936000BF1C37BD465DF8047B7047D4
:1026900074FD030880B483B000AF78607B684FF4AA
:1026A00080629A6000BF0C37BD465DF8047B7047BE
:1026B00080B483B000AF78607B684FF400629A60AA
:1026C00000BF0C37BD465DF8047B704780B483B013
:1026D00000AF78607B684FF400729A6000BF0C37DF
:1026E000BD465DF8047B704780B483B000AF78606E
:1026F0007B681B6843F001027B681A6000BF0C37DF
:10270000BD465DF8047B704780B483B000AF78604D
:102710007B681B6823F001027B681A6000BF0C37DE
:10272000BD465DF8047B704780B483B000AF78602D
:102730007B681B6823F000527B681A6000BF0C376F
:10274000BD465DF8047B704780B489B000AF786007
:102750007B68FB60FB6853E8003FBB60BB6843F0ED
:102760000403FB617B68FA69BA617B617969BA69C4
:1027700041E800233B613B69002B14BF0123002388
:10278000DBB2002B00D0E3E700BF2437BD465DF885
:10279000047B704780B489B000AF78607B68FB60D1
:1027A000FB6853E8003FBB60BB6843F00803FB6174
:1027B0007B68FA69BA617B617969BA6941E800238B
:1027C0003B613B69002B14BF01230023DBB2002BCC
:1027D00000D0E3E700BF2437BD465DF8047B7047B7
:1027E00080B489B000AF78607B68FB60FB6853E819
:1027F000003FBB60BB6823F00803FB617B68FA699C
:10280000BA617B617969BA6941E800233B613B6940
:10281000002B14BF01230023DBB2002B00D0E3E721
:1028200000BF2437BD465DF8047B704780B483B099
:1028300000AF78607B685B6843F400027B685A6095
:1028400000BF0C37BD465DF8047B704780B483B091
:1028500000AF786039607B685B6903F07F423B685A
:102860001A437B685A6100BF0C37BD465DF8047B94
:10287000704780B483B000AF78607B68DB6903F495
:102880000063B3F5006F01D1012300E00023184677
:102890000C37BD465DF8047B704780B483B000AF51
:1028A00078607B6840221A6200BF0C37BD465DF835
:1028B000047B704780B483B000AF78607B684FF4CE
:1028C00000621A6200BF0C37BD465DF8047B70479A
:1028D00080B489B000AF78607B680833FB60FB6828
:1028E00053E8003FBB60BB6843F04003FB617B687B
:1028F0000833FA69BA617B617969BA6941E80023F2
:102900003B613B69002B14BF01230023DBB2002B8A
:1029100000D0E1E700BF2437BD465DF8047B704777
:1029200080B489B000AF78607B680833FB60FB68D7
:1029300053E8003FBB60BB6843F08003FB617B68EA
:102940000833FA69BA617B617969BA6941E80023A1
:102950003B613B69002B14BF01230023DBB2002B3A
:1029600000D0E1E700BF2437BD465DF8047B704727
:1029700080B489B000AF78607B680833FB60FB6887
:1029800053E8003FBB60BB6823F08003FB617B68BA
:102990000833FA69BA617B617969BA6941E8002351
:1029A0003B613B69002B14BF01230023DBB2002BEA
:1029B00000D0E1E700BF2437BD465DF8047B7047D7
:1029C00080B487B000AF786039604FF6FF73FB8248
:1029D00041F221037B8100233B613A693B689A42C3
:1029E00027D27A683B6913441B781B021AB2B7F9E5
:1029F000163053401BB2FB820023FB60FB68072BA1
:102A000013DCB7F91630002B08DAFB8A5B001AB228
:102A100041F2210353401BB2FB8202E0FB8A5B00C0
:102A2000FB82FB680133FB60E8E73B6901333B61F4
:102A3000D3E7B7F9163018461C37BD465DF8047B5E
:102A40007047000080B500AF00210648FFF7D6FDB3
:102A50000346054A12681344C3F1800303F07F0361
:102A6000184680BD00040240C879022480B586B0B3
:102A700000AFFFF7E7FF03465A4A13605A48FFF7D3
:102A8000F8FE0346002B14BF01230023DBB2002B0A
:102A900000F0A380554B01221A70554B1B68093377
:102AA000BB60FFF7CFFF0246BB685B009A420CBFDA
:102AB00001230023DBB2002B00F086804D4B7B61AD
:102AC00000233B61BB685B003A699A420DDA3869C2
:102AD000FFF7C6FC034619467B695A1C7A610A4611
:102AE0001A703B6901333B61ECE7BB68013BBB609B
:102AF000BB685B0019463F48FFF762FF03461A4672
:102B0000384B1A603B4ABB6832F91320354B1B68BF
:102B10001BB29A4258D1374BB3F900301846354BA7
:102B2000B3F904301A04334BB3F902309BB21343A8
:102B30001946EFF7E9FD2F4BB3F9063018462D4B38
:102B4000B3F90A301A042B4BB3F908309BB2134384
:102B50001946EFF7D9FD274BB3F90C301A46264B2F
:102B60001A60244BB3F90E301A46234B5A600023E7
:102B7000FB601F4B1B68FA689A4225DA1F4AFB6804
:102B800052F823307B601E4A1E4B13441A687B6840
:102B900042FA03F303F00103002B11D07B684FF4DA
:102BA0001C7202FB03F30833174A13441A1DFB6817
:102BB0000833104931F9133019461046FFF77EFCEF
:102BC000FB680133FB60D4E7FFF73CFF0346184680
:102BD000FFF75CFC0448FFF76DFE00BF1837BD46E9
:102BE00080BD00BFD879022400100140D4790224AE
:102BF00088230024DC790224CC790224E4220024F6
:102C0000942300245CAF010008F1012490B585B045
:102C100000AF8E4B1B7883F00103DBB2002B40F03A
:102C200010818A4B00221A70894BB3F95420894BCA
:102C30001A80874BB3F95620864B5A80844BB3F9E0
:102C40005820844B9A80824BB3F95021814BDA8013
:102C50007F4BB3F952217F4B1A817D4BB3F954213D
:102C60007C4B5A817A4BB3F944207A4B9A81784B4A
:102C7000B3F94620774BDA81754BB3F94820754B91
:102C80001A82734BB3F94A20724B5A8240F6B34012
:102C9000EFF72AFDB860BB681AB26E4B9A82BB6828
:102CA0001B141AB26B4BDA8240F6B540EFF71CFDED
:102CB00003461BB2DBB21CB240F6B640EFF714FD80
:102CC00003461B021BB223F0FF031BB223431AB2BD
:102CD000604B1A8340F6B840EFF706FD03461BB27F
:102CE000DBB21CB240F6B940EFF7FEFC03461B0214
:102CF0001BB223F0FF031BB223431AB2554B5A8376
:102D0000554B1B681AB2534B9A83534B1B6818469A
:102D1000EFF7EAFCB860BB681AB24E4BDA83BB68C7
:102D20001B141AB24B4B1A844B4B5B681AB2494BBB
:102D30005A84494B5B681846EFF7D6FCB860BB680D
:102D40001AB2444B9A84BB681B141AB2414BDA8402
:102D50000023FB60414B1B68FA689A4231DA404A13
:102D6000FB6852F823307B607B684FF41C7202FBD7
:102D700003F308333B4A134404331846EDF773FF5B
:102D80000246FB680A335B0011B2324A22F8131084
:102D90007B684FF41C7202FB03F30833314A13447F
:102DA000043302211846EDF74DFF0246FB685B0035
:102DB000153311B2274A22F81310FB680133FB6068
:102DC000C8E7264B1B680A335B003B603B685B002F
:102DD00019462048FFF7F4FD034619461D4A3B6893
:102DE00022F813102048FFF7C3FD1F48FFF7F8FC37
:102DF00001211E48FFF792FB3B6801335B001A4636
:102E000001211A48FFF7D2FB124B1A46012117483D
:102E1000FFF70CFC1548FFF74BFC1448FFF73AFC92
:102E20001248FFF753FC1048FFF737FD01210F4808
:102E3000FFF752FB0C48FFF7ADFC0B48FFF770FDA6
:102E400000E000BF1437BD4690BD00BFD479022416
:102E5000B0610224407A0224CC7902248823002421
:102E6000E422002408F10124001001400004024083
:102E700080B582B000AF78601D48FFF745FC1C4864
:102E8000FFF752FC802200211A48FFF78FFB1A4AF5
:102E900000211848FFF7E4FB184B1A46002115489B
:102EA000FFF7C4FB4FF4807200211248FFF758FB74
:102EB00000211048FFF710FB114A01210D48FFF7D0
:102EC000CFFB0B48FFF704FD0948FFF73DFC282125
:102ED0000748FFF7BBFC0648FFF7ECFC0448FFF788
:102EE000A5FC0348FFF700FC00BF0837BD4680BDC6
:102EF00000100140000402402410014048790224DF
:102F00002810014080B483B000AF786000BF0C3758
:102F1000BD465DF8047B704780B400AFBFF34F8FB0
:102F200000BF064BDB6803F4E0620449044B134323
:102F3000CB60BFF34F8F00BF00BFFDE700ED00E0A7
:102F40000400FA0580B586B000AF01237B60022340
:102F5000BB6020237B61F4F7C3F803461A46084B95
:102F60001A603A463B1D11461846F4F799FA034693
:102F70001A46034B1A6000BF1837BD4680BD00BF1C
:102F8000F47A022480B594B000AF786039607B6831
:102F900003F5801319463B681A460120F4F70EF832
:102FA00003461A46244B1A607B68B3F1006F3ED18A
:102FB000F4F796F803461A461F4B1A60F4F7CAF85E
:102FC00003461A461C4B1A6007F10C031846F4F727
:102FD000D5FB0423FB604FF480733B627B6A002BBC
:102FE00012DB4FF000437B6207F10C031846F4F745
:102FF00021FB03461A46104B1A60F4F7CDF803463E
:103000001A460D4B1A6010E000237B6207F10C0397
:103010001846F4F70FFB03461A46074B1A60F4F7FD
:10302000BBF803461A46044B1A60FFF775FF00BF52
:103030005037BD4680BD00BFF47A022480B483B00F
:1030400000AF786039607B681B68002B0AD17B6811
:103050005B68002B04D07B685B683A689A4201D8B1
:10306000012300E0002318460C37BD465DF8047BC1
:103070007047000080B582B000AF786000F01AFAA7
:103080000D4B0E4A1A600C4B1B680B4A12689A6073
:10309000094B1B680A4A12681A60074B1B687A685A
:1030A0005A60074B1A687B689B00D31A044A136066
:1030B00000BF0837BD4680BDC07C0224F87A0224D8
:1030C000BC7C022480B500AF1F4B1B685B691E4AA5
:1030D0001268D268104698471B4B1B681B4A136046
:1030E0001A4B1B689A68184B1B689A4205D0174BFD
:1030F0001B689B68154A1360F2E7134B1A68134B61
:103100001B6892689A60104B1B689B680F4A13609B
:103110000D4B1B689B680D4A13600C4B1B681B69A9
:103120000A4A1268D26810469847034683F00103A2
:10313000DBB2002B05D0054B1B689B68034A13606C
:10314000EBE700F09DF9BFE7C07C0224C47C0224B9
:1031500080B483B000AF7860012318460C37BD46B9
:103160005DF8047B7047000080B485B000AFF86064
:10317000B9607A603B60FB687A68DA60FB68144A81
:103180001A61FB683A685A61124B1A68FB681A6048
:10319000104B1A68BB689B00D31A0E4A1360FB6879
:1031A000BA685A60FB683A7E1A760B4B1B689A68BD
:1031B000FB689A60094AFB681360074B1B68074A63
:1031C00012689A6000BF1437BD465DF8047B7047F3
:1031D00051310108BC7C0224C07C0224C47C02243E
:1031E00080B485B000AFF860B9607A60FB70FB68AE
:1031F000BA68DA60FB680D4A1A61FB687A685A613E
:10320000FB68FA781A760A4B1B689A68FB689A6022
:10321000084AFB681360064B1B68064A12689A60EE
:1032200000BF1437BD465DF8047B7047513101087B
:10323000C07C0224C47C022480B588B002AFF86050
:10324000B9607A60FB70FB78002B02D0224B012220
:103250001A7000237B617B690F2B3ADC7A69134675
:10326000DB009B1A9B001D4A1344F9681846FFF7C0
:10327000E5FE0346002B28D018497A691346DB0087
:103280009B1A9B000B4404331B68002B0CD07A69FB
:103290001346DB009B1A9B00104A9818FB787A684B
:1032A000B968FFF79DFF14E07A691346DB009B1AAB
:1032B0009B000A4A9818FB7800937B68BA68F96803
:1032C000FFF752FF00F0FEF803E07B6901337B61FA
:1032D000C1E71837BD4680BDB87C0224F87A0224C5
:1032E00080B582B000AF786039603B4B1B687A686C
:1032F000DA60394B1B683A681A61384B1B78002B2F
:1033000045D0354B1B689B68354A1360344B1A68AF
:10331000314B1B689A421BD0314B1B681B7E002B24
:103320000CD02F4B1B681B692D4A1268D2681046BF
:1033300098470346002B01D0012300E00023002B17
:1033400005D1274B1B689B68254A1360DEE700BF49
:10335000234B1A68204B1B689A4231D11E4B1B68C5
:103360009B681F4A13601E4B1B681B691C4A12682E
:10337000D26810469847034683F00103DBB2002B66
:103380001ED0174B1B689B68154A1360EBE7124B66
:103390001B689B68124A1360114B1B681B69104A1B
:1033A0001268D26810469847034683F00103DBB2E7
:1033B000002B05D00A4B1B689B68094A1360EBE79A
:1033C000074B1A68044B1B689A4201D000F058F86A
:1033D00000BF0837BD4680BDC07C0224B87C0224F3
:1033E000C47C022480B500AF02490020FFF778FFBB
:1033F00000BF80BD5131010880B582B000AF786058
:1034000039603B681B681846EDF78EFD0346184689
:103410000837BD4680BD80B582B000AF786079685E
:103420000020FFF7E9FF034618460837BD4680BD78
:1034300080B483B000AF7860034B18460C37BD46AC
:103440005DF8047B704700BF1734010880B584B075
:1034500000AF78607B681846EDF756FD03467B6049
:1034600007F10C031846FFF7E3FF02463B1D114628
:103470001846FCF70FF800BF1037BD4680BD0000AE
:103480002DE9F01F00B509480468C4F800D0084DC4
:103490002E680660D6F800D05DF804EBBDE8F01F9A
:1034A0007047C07C0224C47C02240000C07C02243B
:1034B000C47C02240249684608607047BC7C022430
:1034C000BC7C022408496846084A1268D2F800D039
:1034D0002DE9F01F02B4C2F800D085467047C53010
:1034E0000108C47C02240000C5300108C47C022409
:1034F00080B483B000AF7860044A7B681A607B6850
:1035000018460C37BD465DF8047B704774350208D9
:1035100080B582B000AF786039607B681846FFF7ED
:10352000E7FF074A7B681A607B683A685A607B68E5
:1035300000229A607B6818460837BD4680BD00BFF0
:1035400084FD030880B487B000AFF860B9607A608A
:10355000BB683B6100237B617A697B689A4210DA21
:10356000FB685A68FB689B68581CF96888601A44B5
:103570007B6939690B4412781A707B6901337B616E
:10358000EAE700BF1C37BD465DF8047B704780B595
:1035900084B000AF78607B681B6808331B6807F154
:1035A0000801042278689847FB7A1A06BB7A1B0444
:1035B0001A437B7A1B0213433A7A1343FB60FB687E
:1035C00018461037BD4680BD80B584B000AF786026
:1035D0007B681B6808331B6807F10F0101227868BC
:1035E000984797F90F3018461037BD4680BD000048
:1035F00080B485B000AF786039607B68FB600C4AAE
:103600003B6813441B781A46FB6813441B6808493F
:103610003A680A4412781146FA680A4443F00103F2
:10362000136000BF1437BD465DF8047B704700BFD0
:1036300090FD030880B485B000AF786039607B6886
:10364000FB600C4A3B6813441B781A46FB68134422
:103650001B6808493A680A4412781146FA680A4415
:1036600023F00103136000BF1437BD465DF8047BEF
:10367000704700BF90FD030880B487B000AFF860CA
:10368000B9607A60FB687B610D4ABB6813441B78A4
:103690001A467B6913441B6823F480620849BB689F
:1036A0000B441B7819467B690B4419467B6813430E
:1036B0000B6000BF1C37BD465DF8047B704700BF40
:1036C00090FD030880B487B000AFF860B9607A60FD
:1036D000FB687B610D4ABB6813441B781A467B6903
:1036E00013445A680A4B13400849BA680A441278CE
:1036F00011467A690A4411467A6813434B6000BF49
:103700001C37BD465DF8047B704700BF90FD030881
:103710000000FFFF80B487B000AFF860B9607A6046
:10372000FB687B61074ABB6813441B781A467B69B8
:1037300013441A467B68D36000BF1C37BD465DF852
:10374000047B704790FD030880B483B000AF7860BD
:103750007B681B6803F02003202B01D1012300E0CC
:10376000002318460C37BD465DF8047B704780B4D3
:1037700083B000AF78607B681B6803F40063B3F527
:10378000006F01D1012300E0002318460C37BD462D
:103790005DF8047B704780B483B000AF78607B68CD
:1037A0001B6803F40013B3F5001F01D1012300E0EF
:1037B000002318460C37BD465DF8047B704780B483
:1037C00083B000AF78607B681B6803F00063B3F1DF
:1037D000006F01D1012300E0002318460C37BD46DD
:1037E0005DF8047B704780B483B000AF78607B687D
:1037F0005B6803F02003202B01D1012300E00023AC
:1038000018460C37BD465DF8047B704780B483B022
:1038100000AF78607B685B6803F40063B3F5006F0A
:1038200001D1012300E0002318460C37BD465DF8A6
:10383000047B704780B483B000AF78607B685B68BE
:1038400003F40013B3F5001F01D1012300E00023AE
:1038500018460C37BD465DF8047B704780B483B0D2
:1038600000AF78607B685B6803F00063B3F1006FC2
:1038700001D1012300E0002318460C37BD465DF856
:10388000047B704780B483B000AF78607B681022FF
:103890009A6000BF0C37BD465DF8047B704780B46A
:1038A00083B000AF78607B684FF480629A6000BF9D
:1038B0000C37BD465DF8047B704780B483B000AF21
:1038C00078607B684FF480129A6000BF0C37BD4669
:1038D0005DF8047B704780B483B000AF78607B688C
:1038E0004FF080629A6000BF0C37BD465DF8047BE4
:1038F000704780B483B000AF78607B681022DA60D4
:1039000000BF0C37BD465DF8047B704780B483B0C0
:1039100000AF78607B684FF48062DA6000BF0C37DC
:10392000BD465DF8047B704780B483B000AF78601B
:103930007B684FF48012DA6000BF0C37BD465DF83B
:10394000047B704780B483B000AF78607B684FF031
:103950008062DA6000BF0C37BD465DF8047B7047BB
:1039600080B483B000AF78607B6820229A6000BF8B
:103970000C37BD465DF8047B704780B483B000AF60
:1039800078607B684FF400629A6000BF0C37BD46D8
:103990005DF8047B704780B483B000AF78607B68CB
:1039A0004FF400129A6000BF0C37BD465DF8047BEF
:1039B000704780B483B000AF78607B684FF00062DE
:1039C0009A6000BF0C37BD465DF8047B704780B439
:1039D00083B000AF78607B682022DA6000BF0C37CC
:1039E000BD465DF8047B704780B483B000AF78605B
:1039F0007B684FF40062DA6000BF0C37BD465DF8AB
:103A0000047B704780B483B000AF78607B684FF46C
:103A10000012DA6000BF0C37BD465DF8047B7047CA
:103A200080B483B000AF78607B684FF00062DA60EA
:103A300000BF0C37BD465DF8047B704780B483B08F
:103A400000AF78607B6808229A6000BF0C37BD46E3
:103A50005DF8047B704780B483B000AF78607B680A
:103A60004FF400729A6000BF0C37BD465DF8047BCE
:103A7000704780B483B000AF78607B684FF4002259
:103A80009A6000BF0C37BD465DF8047B704780B478
:103A900083B000AF78607B684FF000729A6000BF1F
:103AA0000C37BD465DF8047B704780B483B000AF2F
:103AB00078607B680822DA6000BF0C37BD465DF88D
:103AC000047B704780B483B000AF78607B684FF4AC
:103AD0000072DA6000BF0C37BD465DF8047B7047AA
:103AE00080B483B000AF78607B684FF40022DA6066
:103AF00000BF0C37BD465DF8047B704780B483B0CF
:103B000000AF78607B684FF00072DA6000BF0C375E
:103B1000BD465DF8047B704780B483B000AF786029
:103B20007B6804229A6000BF0C37BD465DF8047BB9
:103B3000704780B483B000AF78607B684FF48072C8
:103B40009A6000BF0C37BD465DF8047B704780B4B7
:103B500083B000AF78607B684FF480229A6000BF2A
:103B60000C37BD465DF8047B704780B483B000AF6E
:103B700078607B684FF080729A6000BF0C37BD465A
:103B80005DF8047B704780B483B000AF78607B68D9
:103B90000422DA6000BF0C37BD465DF8047B704735
:103BA00080B483B000AF78607B684FF48072DA60D5
:103BB00000BF0C37BD465DF8047B704780B483B00E
:103BC00000AF78607B684FF48022DA6000BF0C376A
:103BD000BD465DF8047B704780B483B000AF786069
:103BE0007B684FF08072DA6000BF0C37BD465DF82D
:103BF000047B704780B483B000AF78607B6801229B
:103C00009A6000BF0C37BD465DF8047B704780B4F6
:103C100083B000AF78607B6840229A6000BF0C37A9
:103C2000BD465DF8047B704780B483B000AF786018
:103C30007B684FF480329A6000BF0C37BD465DF858
:103C4000047B704780B483B000AF78607B684FF42A
:103C500080029A6000BF0C37BD465DF8047B704758
:103C600080B483B000AF78607B680122DA6000BF67
:103C70000C37BD465DF8047B704780B483B000AF5D
:103C800078607B684022DA6000BF0C37BD465DF883
:103C9000047B704780B483B000AF78607B684FF4DA
:103CA0008032DA6000BF0C37BD465DF8047B704798
:103CB00080B483B000AF78607B684FF48002DA6034
:103CC00000BF0C37BD465DF8047B704780B483B0FD
:103CD00000AF78607B681B6843F001027B681A6064
:103CE00000BF0C37BD465DF8047B704780B483B0DD
:103CF00000AF78607B681B6823F001027B681A6064
:103D000000BF0C37BD465DF8047B704780B483B0BC
:103D100000AF786039607B685A68064B13403A6898
:103D20001A437B685A6000BF0C37BD465DF8047BC0
:103D3000704700BF0000FFFF80B483B000AF786021
:103D40007B681B6843F400727B681A6000BF0C3705
:103D5000BD465DF8047B704780B483B000AF7860E7
:103D60007B685B6903F00103012B01D1012300E0B3
:103D7000002318460C37BD465DF8047B704780B4BD
:103D800083B000AF78607B685B6903F00203022BAD
:103D900001D1012300E0002318460C37BD465DF831
:103DA000047B704780B483B000AF78607B685B6948
:103DB00003F48053B3F5805F01D1012300E00023B9
:103DC00018460C37BD465DF8047B704780B483B05D
:103DD00000AF78607B689B6943F008027B689A615A
:103DE00000BF0C37BD465DF8047B704780B483B0DC
:103DF00000AF78607B689B6943F010027B689A6132
:103E000000BF0C37BD465DF8047B704780B483B0BB
:103E100000AF78607B689B6843F480427B689A605F
:103E200000BF0C37BD465DF8047B704780B483B09B
:103E300000AF78607B689B6823F480427B689A605F
:103E400000BF0C37BD465DF8047B704780B483B07B
:103E500000AF78607B689B6843F400427B689A609F
:103E600000BF0C37BD465DF8047B704780B483B05B
:103E700000AF78607B689B6823F400427B689A609F
:103E800000BF0C37BD465DF8047B704780B483B03B
:103E900000AF78607B6830331B78DBB218460C3794
:103EA000BD465DF8047B704780B483B000AF786096
:103EB0000B46FB707B682033FA781A7000BF0C3712
:103EC000BD465DF8047B704780B483B000AF786076
:103ED00039607B683A689A6100BF0C37BD465DF86F
:103EE000047B704780B483B000AF786039603B6872
:103EF0001A047B689A6100BF0C37BD465DF8047BED
:103F0000704780B485B000AFF860B9607A603B60FC
:103F1000FB68BA681A60FB687A685A60FB68BA691D
:103F20009A60FB683A6ADA60FB683A681A61FB6873
:103F3000FA695A61FB68BA8C1A83FB681846143711
:103F4000BD465DF8047B704780B582B000AF7860F5
:103F500039603B68072B63D801A252F823F000BFF9
:103F6000813F0108953F0108A93F0108BD3F0108B5
:103F7000D13F0108E53F0108F93F01080D40010864
:103F80007868FFF7E1FB0346002B14BF01230023F1
:103F9000DBB246E07868FFF7EAFB0346002B14BF6C
:103FA00001230023DBB23CE07868FFF7F4FB034613
:103FB000002B14BF01230023DBB232E07868FFF747
:103FC000FEFB0346002B14BF01230023DBB228E0D5
:103FD0007868FFF708FC0346002B14BF0123002379
:103FE000DBB21EE07868FFF711FC0346002B14BF1C
:103FF00001230023DBB214E07868FFF71BFC0346C3
:10400000002B14BF01230023DBB20AE07868FFF71E
:1040100025FC0346002B14BF01230023DBB200E084
:10402000002318460837BD4680BD00BF80B582B06A
:1040300000AF786039603B68072B00F2938001A2E3
:1040400052F823F06540010885400108A5400108A9
:10405000C5400108E5400108054101082541010866
:10406000454101087868FFF77BFC7868FFF70AFC98
:104070007868FFF7E3FC7868FFF74EFD7868FFF794
:10408000B9FD6FE07868FFF778FC7868FFF707FC08
:104090007868FFF7E0FC7868FFF74BFD7868FFF77A
:1040A000B6FD5FE07868FFF776FC7868FFF705FCFF
:1040B0007868FFF7DEFC7868FFF749FD7868FFF75E
:1040C000B3FD4FE07868FFF774FC7868FFF703FCF6
:1040D0007868FFF7DCFC7868FFF747FD7868FFF742
:1040E000B1FD3FE07868FFF772FC7868FFF701FCEC
:1040F0007868FFF7DAFC7868FFF745FD7868FFF726
:10410000AFFD2FE07868FFF76FFC7868FFF7FEFBE4
:104110007868FFF7D7FC7868FFF742FD7868FFF70B
:10412000ACFD1FE07868FFF76DFC7868FFF7FCFBDB
:104130007868FFF7D5FC7868FFF740FD7868FFF7EF
:10414000A9FD0FE07868FFF76BFC7868FFF7FAFBD2
:104150007868FFF7D3FC7868FFF73EFD7868FFF7D3
:10416000A7FD00BF00BF0837BD4680BD80B582B047
:1041700000AF78603960386800F0E8FA0346184606
:104180000837BD4680BD80B582B000AF78607968E1
:104190000020FFF7EBFF034618460837BD4680BDF9
:1041A00080B483B000AF7860034B18460C37BD462F
:1041B0005DF8047B704700BF8741010880B582B07D
:1041C00000AF78603960386800F0C0FA03461846DE
:1041D0000837BD4680BD80B582B000AF7860796891
:1041E0000020FFF7EBFF034618460837BD4680BDA9
:1041F00080B483B000AF7860034B18460C37BD46DF
:104200005DF8047B704700BFD741010880B582B0DC
:1042100000AF78603960386800F098FA03461846B5
:104220000837BD4680BD80B582B000AF7860796840
:104230000020FFF7EBFF034618460837BD4680BD58
:1042400080B483B000AF7860034B18460C37BD468E
:104250005DF8047B704700BF2742010880B588B035
:1042600000AFF860B9607A607B68102B4EDCFB68A9
:104270001B681846FFF73AFDFB681B681846FFF7F6
:10428000A5FDFB681B681846FFF7B0FDFB685A6880
:10429000FB681B6919461046FFF7CCF9FB689A6862
:1042A000FB685B6919461046FFF7C4F9FB681B6899
:1042B0007A6811461846FFF729FDFB681B68184607
:1042C000FFF704FDFB681B681846FFF735FD7B68A8
:1042D0005A1E7A60002B14BF01230023DBB2002B8F
:1042E00009D0FB681868BB685A1CBA601B7819466D
:1042F000FFF7DAFDEBE707F110031846FFF750FF71
:1043000003461946F86800F039FB78E0BB68FB61AA
:10431000FB6903F01053B3F1105F14D17A68B968E8
:10432000F86800F09FF907F114031846FFF760FFE3
:1043300003461946F86800F021FBFB681B68184625
:10434000FFF794FD5BE0FB681B681846FFF7CEFCA7
:10435000FB681B681846FFF739FDFB681B681846A9
:10436000FFF744FDFB685A68FB681B691946104655
:10437000FFF760F9FB689A68FB685B6919461046AD
:10438000FFF758F9FB681B687A6811461846FFF773
:10439000BDFCFB681B681846FFF798FCFB681B68B0
:1043A0001846FFF7C9FC7B685A1E7A60002B14BFC1
:1043B00001230023DBB2002B17D0FB681B681846D3
:1043C000FFF7DDFC0346002B0CBF01230023DBB20B
:1043D000002B00D0F1E7FB681868BB685A1CBA6074
:1043E0001B781946FFF760FDDDE707F11803184653
:1043F000FFF726FF03461946F86800F0BFFA00BF32
:104400002037BD4680BD80B582B000AF786039608E
:10441000386800F09BF9034618460837BD4680BD52
:1044200080B582B000AF786079680020FFF7EBFFBD
:10443000034618460837BD4680BD000080B483B0EF
:1044400000AF7860034B18460C37BD465DF8047B1F
:10445000704700BF2144010880B582B000AF78608A
:104460003960386800F036FA034618460837BD460A
:1044700080BD80B582B000AF786079680020FFF71A
:10448000EBFF034618460837BD4680BD80B483B0B5
:1044900000AF7860034B18460C37BD465DF8047BCF
:1044A000704700BF7344010880B588B000AFF86062
:1044B000B9607A607B68102B54DCFB681B68184677
:1044C000FFF714FCFB681B681846FFF77FFCFB68CE
:1044D0001B681846FFF78AFCFB681B687A68114660
:1044E0001846FFF713FCFB681B681846FFF7EEFB46
:1044F000FB681B681846FFF71FFC7B68FB61FB69C4
:104500005A1EFA61002B14BF01230023DBB2002BDB
:1045100006D0FB681B68FF211846FFF7C5FCEEE7D5
:1045200007F110031846FFF789FF03461946F8689C
:1045300000F024FA7B685A1E7A60002B14BF012316
:104540000023DBB2002B00F08880FB681B68184654
:10455000FFF79CFC03461946BB685A1CBA600A4622
:104560001A70E7E7BB68BB61BB6903F01053B3F196
:10457000105F19D17A68B968F86800F013F907F18B
:1045800014031846FFF782FF03461946F86800F047
:10459000F5F9FB681B681846FFF768FCFB681B68A9
:1045A0001846FFF743FC58E0FB681B681846FFF706
:1045B0009DFBFB681B681846FFF708FCFB681B683F
:1045C0001846FFF713FCFB681B687A68114618460B
:1045D000FFF79CFBFB681B681846FFF777FBFB683F
:1045E0001B681846FFF7A8FB7B685A1E7A60002BF1
:1045F00014BF01230023DBB2002B2ED0FB681B6805
:104600001846FFF7BCFB0346002B0CBF0123002319
:10461000DBB2002B00D0F1E7FB681B68FF211846D6
:10462000FFF742FCFB681B681846FFF795FB034643
:10463000002B0CBF01230023DBB2002B00D0F1E7DD
:10464000FB681B681846FFF721FC03461946BB6848
:104650005A1CBA600A461A70C6E700BF2037BD462A
:1046600080BD000080B584B000AFF860B9607A60AA
:10467000FB685B681946FB681B69324AD35C0B44D4
:104680001A46314B1A60FB681B681846FFF72EFB71
:10469000FB681B681846FFF799FBFB681B68184608
:1046A000FFF7A4FBFB681B681846FFF7DFFBFB68FE
:1046B0005A68FB681B6919461046FEF7BBFFFB688A
:1046C0005868FB681B69BA681946FFF723F8FB684E
:1046D0005868FB681B694FF480621946FEF7CCFFEF
:1046E000FB685868FB681B697A681946FEF7EAFFA1
:1046F000FB685A68FB681B6919461046FFF796FC71
:10470000FB685A68FB681B6919461046FEF770FF84
:10471000FB681B687A6811461846FFF7F7FAFB68D2
:104720001B681846FFF792FBFB681B681846FFF7EB
:10473000CDFAFB681B681846FFF7FEFA00BF10377A
:10474000BD4680BD90FD0308CC7C022480B582B0BC
:1047500000AF78607B681B681846FFF723FB0346B1
:10476000002B14BF01230023DBB218460837BD46D7
:1047700080BD80B584B000AFF860B9607A607A68B7
:10478000B968F868FFF76EFFF868FFF7DFFF0346C8
:1047900083F00103DBB2002B00D0F5E700BF103738
:1047A000BD4680BD80B584B000AFF860B9607A6066
:1047B000FB681B681846FFF799FAFB681B681846E8
:1047C000FFF704FBFB681B681846FFF70FFBFB684D
:1047D0001B681846FFF74AFBFB681B681846FFF783
:1047E00025FBFB685A68FB681B6919461046FEF7F3
:1047F00021FFFB689A68FB685B6919461046FEF763
:1048000019FFFB685868FB681B6900221946FEF710
:1048100033FFFB685868FB681B697A681946FEF726
:1048200051FFFB685868FB681B69294A1946FEF767
:1048300071FFFB689868FB685B697A681946FEF748
:1048400041FFFB689868FB685B69BA681946FEF728
:1048500061FFFB689A68FB685B6919461046FFF7C1
:10486000E5FBFB689A68FB685B6919461046FEF732
:10487000BFFEFB685A68FB681B6919461046FFF7C4
:10488000D5FBFB685A68FB681B6919461046FEF7A2
:10489000AFFEFB681B687A6811461846FFF736FAC8
:1048A000FB681B681846FFF7B1FAFB681B681846DF
:1048B000FFF7CCFAFB681B681846FFF707FAFB689E
:1048C0001B681846FFF738FA00BF1037BD4680BD99
:1048D0003801002480B582B000AF78607B689A68A8
:1048E0007B685B6919461046FFF72EFB03461846A6
:1048F0000837BD4680BD80B584B000AFF860B960B0
:104900007A607A68B968F868FFF74CFFF868FFF7D3
:10491000E1FF034683F00103DBB2002B00D0F5E793
:10492000FB681B681846FFF7A1FAFB681B6818466E
:10493000FFF77CFA00BF1037BD4680BD80B582B05E
:1049400000AF78607B68DA687B681B8B194610467D
:10495000FFF7C8FA00BF0837BD4680BD80B582B0FA
:1049600000AF78607B68DA687B681B8B194610465D
:10497000FFF7AAFA00BF0837BD4680BD80B582B0F8
:1049800000AF7860396039687868FEF7A9FC00BF2D
:104990000837BD4680BD80B588B004AFF860B96007
:1049A0007A603B60F868BB8C03933B6A0293FB69B7
:1049B0000193BB6900933B687A68B968FFF7A1FA75
:1049C000FB6818461037BD4680BD80B584B000AF87
:1049D000F860B9607A603B60FB681846FFF7AEFF8D
:1049E000BB681A460B21F86800F09DF8F868FB6870
:1049F0001A3305221946FFF7BCFEFB683A6879684E
:104A00001846FFF778FFFB681846FFF7A7FF00BFBF
:104A10001037BD4680BD80B588B000AFF860B96082
:104A20007A603B607B68BB61B968F86800F056F853
:104A30000023FB61FB690F2B3ADC3B68002B37DD61
:104A4000F86800F0BDF8BB681A01FB6913441B024B
:104A50001A460221F86800F066F8FB681846FFF76E
:104A60006DFFF868FB681A3304221946FFF781FED0
:104A70003B68B3F5807FA8BF4FF480737B613A68D1
:104A80007B69D31A3B60F868FB691B021A46BB6955
:104A900013447A691946FFF76CFEFB681846FFF766
:104AA0005DFFF86800F060F8FB690133FB61C1E766
:104AB000FB6804229A76FB681846FFF73FFFF86808
:104AC000FB681A3301221946FFF753FEFB681846AC
:104AD000FFF744FF00BF2037BD4680BD80B582B0E0
:104AE00000AF78603960786800F06AF87B68184633
:104AF000FFF724FF3B681B031A462021786800F06B
:104B000012F878687B681A3304221946FFF731FEE1
:104B10007B681846FFF722FF786800F025F800BF91
:104B20000837BD4680BD80B485B000AFF8600B4645
:104B30007A60FB72FB68FA7A9A767B681B0CDAB2B1
:104B4000FB68DA767B681B0ADAB2FB681A777B6847
:104B5000DAB2FB685A77FB6800229A7700BF1437F5
:104B6000BD465DF8047B704780B582B000AF7860C9
:104B70007B6805229A767B681846FFF7DFFE786827
:104B80007B681A3301221946FFF7F3FD7B68012287
:104B9000DA767B68DB7E03F00103002B08D07868AF
:104BA0007B681A33013301221946FFF7A4FEF0E7B0
:104BB0007B681846FFF7D2FE00BF0837BD4680BDB0
:104BC00080B582B000AF78607B6806229A767B68F9
:104BD0001846FFF7B3FE78687B681A33012219463E
:104BE000FFF7C7FD7B681846FFF7B8FE00BF083720
:104BF000BD4680BD80B586B000AFB9607B6003461E
:104C0000FB731346BB810023FB757B68002B08D028
:104C1000BA897B68F87BB96801F0D0F80346FB7568
:104C200001E0FF23FB7597F9173018461837BD468A
:104C300080BD90B58FB002AFF860B9607A60002394
:104C4000BB627B68002B02D0FB68002B02D14FF0C7
:104C5000FF3316E1BB68002B02D16FF0050310E1B2
:104C600007F114031422002118460DF03FFCFB68E5
:104C70007B62BB683B627A6807F12D0311461846D8
:104C800001F00FFA034687F82E3097F92E30002BEB
:104C900002D097F92E30F4E00023BB6197F82D3055
:104CA00087F82F3042E097F82F3003F00603022BED
:104CB0000ED097F82F3003F00603042B08D097F896
:104CC0002F3003F00603062B02D0FB69002B20D007
:104CD00000237B617A6ABB69D0183A6ABB69D11A32
:104CE0007B6807F1140202F1080407F1280200931F
:104CF000234601F08AFA034687F82E3097F92E30C2
:104D0000002B02D097F92E30BBE0BA69BB6A13447E
:104D1000BB6107F114037A681946002000F0AEFB6E
:104D2000034687F82E30002387F82F3097F82F306E
:104D3000002B02D1FB69002B03D097F92E30002BFA
:104D4000B1D00023BB6197F82D3087F82F3042E0B7
:104D500097F82F3003F01803082B0ED097F82F3058
:104D600003F01803102B08D097F82F3003F0180326
:104D7000182B02D0FB69002B20D000237B617A6ABC
:104D8000BB69D0183A6ABB69D11A7B6807F1140273
:104D900002F1080407F128020093234601F04BFAC0
:104DA000034687F82E3097F92E30002B02D097F962
:104DB0002E3066E0BA69BB6A1344BB6107F1140385
:104DC0007A681946012000F059FB034687F82E3017
:104DD000002387F82F3097F82F30002B02D1FB6982
:104DE000002B03D097F92E30002BB1D00023BB61EC
:104DF00097F82D3087F82F3036E097F82F3003F0F2
:104E00004003002B02D1FB69002B20D000237B61E3
:104E10007A6ABB69D0183A6ABB69D11A7B6807F114
:104E2000140202F1080407F128020093234601F05E
:104E300063FA034687F82E3097F92E30002B02D004
:104E400097F92E301DE0BA69BB6A1344BB6107F1C4
:104E500014037A681946022000F010FB034687F815
:104E60002E30002387F82F3097F82F30002B02D1F7
:104E7000FB69002B03D097F92E30002BBDD097F99A
:104E80002E3018463437BD4690BD80B586B000AF91
:104E9000034687ED020A79603A60FB730023FB75D5
:104EA0003B68002B0AD03A68FB7B796897ED020AD1
:104EB000184601F037FA0346FB7501E0FF23FB7546
:104EC00097F9173018461837BD4680BD80B584B0B5
:104ED00000AF786039600023FB733B68002B07D07C
:104EE0003B681946786801F098F80346FB7301E0C7
:104EF000FF23FB7397F90F3018461037BD4680BD6E
:104F000080B584B000AF786039600023FB733B68E4
:104F1000002B07D03B681946786801F08EF80346ED
:104F2000FB7301E0FF23FB7397F90F30184610372E
:104F3000BD4680BD80B584B000AF78603960002385
:104F4000FB733B68002B07D03B681946786801F07B
:104F500098F80346FB7301E0FF23FB7397F90F30CA
:104F600018461037BD4680BD80B586B002AF786068
:104F700039600023BB600023FB733B68002B0DD01E
:104F80003B6807F10802009313462022796840F23B
:104F90001F1000F0BAFF0346FB7301E0FF23FB7311
:104FA00097F90F3018461037BD4680BD80B586B0E2
:104FB00000AFF860B9607A600023FB757B68002B56
:104FC00002D0FB68002B02D1FF23FB7507E07B6852
:104FD0001A46B968F86801F0C0F80346FB7597F9FE
:104FE000173018461837BD4680BD80B584B000AF75
:104FF00078600023FB737B68002B02D1FF23FB73D7
:1050000005E07B68184601F0E5F80346FB7397F965
:105010000F3018461037BD4680BD80B584B000AF54
:1050200003463960FB710023FB733B68002B02D100
:10503000FF23FB7307E03B68F91D0122072000F006
:10504000F5FE0346FB7397F90F3018461037BD463F
:1050500080BD80B584B000AF786039600023FB73F9
:105060003B68002B02D1FF23FB7307E03B68012262
:105070007968072000F0A2FE0346FB7397F90F3012
:1050800018461037BD4680BD80B584B000AF78604B
:1050900039600023FB733B68002B02D1FF23FB73B5
:1050A00006E03B681946786800F0FBFF0346FB7397
:1050B00097F90F3018461037BD4680BD80B584B0D3
:1050C00000AF03463960FB710023FB733B68002B84
:1050D00002D1FF23FB7307E03B68F91D0122062084
:1050E00000F0A4FE0346FB7397F90F301846103703
:1050F000BD4680BD80B584B000AF78600023FB73EF
:105100007B68002B02D1FF23FB7305E07B68184608
:1051100000F0D7FF0346FB7397F90F30184610379E
:10512000BD4680BD80B58AB004AFB9607A603B608F
:105130000346FB730023FB75BB6A002B14D040F6BB
:1051400038120021B86A0DF0D1F9BB6AF87B0293DE
:105150007B6A01933B6A00933B687A68B96800F008
:10516000EEFD0346FB7501E0FF23FB7597F9173051
:1051700018461837BD4680BD80B487B000AFB9600F
:105180007A603B600346FB730023FB753B68002B92
:1051900002D0BB68002B02D1FF23FB7513E0FA7B22
:1051A00039681346DB0013440B441833BA68C3F85C
:1051B0000520FA7B39681346DB0013440B4418338F
:1051C0007A68C3F8092097F9173018461C37BD468E
:1051D0005DF8047B7047000080B592B000AF786046
:1051E0007B68002B03D1FF2387F847307AE007F173
:1051F000080379681846FFF7B7FE034687F847307B
:1052000097F94730002B6DD17B6801221A77012373
:1052100087F8463042E097F84630DB0887F845309B
:1052200097F8463003F00703012202FA03F387F8E8
:10523000443097F8453007F14802134413F8402CE6
:1052400097F844301340DBB2002B22D07A6807F184
:10525000280197F84630184601F097F8034687F87A
:10526000473097F94730002B13D197F83C30002B8B
:1052700003D1F82387F8473018E097F8462097F8CD
:105280003C0079681346DB0013440B441C33024690
:105290001A7097F84630013387F8463097F8463051
:1052A000F42B03D897F94730002BB4D0FF2387F8AD
:1052B000463013E097F84630F53B97F846200C4906
:1052C000C85C79681346DB0013440B441C33024668
:1052D0001A7097F84630013B87F8463097F8463009
:1052E000F42BE7D897F9473018464837BD4680BDBC
:1052F00098FD030880B584B000AF78603960002362
:10530000FB733B68002B02D07B68002B02D1FF238C
:10531000FB7307E03B68012279682E20FFF76AFCE7
:105320000346FB7397F90F3018461037BD4680BD12
:1053300080B487B000AF0346B9607A60FB73002386
:10534000FB757B68002B4ED0BB68002B4BD0FA7BE3
:10535000B86879681346DB0013440B4418330246DF
:10536000043318685968106051601B7A1372FB7B14
:10537000F42B1BD9BB681B78002B17D1BB6800220C
:105380005A7000229A700022DA7000221A71BB68EB
:1053900000225A7100229A710022DA7100221A72D8
:1053A000FB7BF53B164AD25CBB681A70FB7B002B7B
:1053B0001CD1BB681B78002B18D1BB6800225A7027
:1053C00000229A700022DA7000221A71BB68002253
:1053D0005A7100229A710022DA7100221A72BB6897
:1053E00001221A7002E0FF23FB7500E000BF97F96D
:1053F000173018461C37BD465DF8047B704700BF68
:1054000098FD030880B485B000AFF8600B467A6061
:10541000FB72FB681A68FB7A1A44FB685B689A4265
:1054200003D87B6800221A7002E07B6801221A70A0
:10543000002318461437BD465DF8047B704780B4DE
:1054400087B000AF0346B9607A60FB730023FB7539
:10545000FB7B022B08D8FB7B03F59273DB007A6899
:105460001A44BB681A6001E0F923FB7597F91730FD
:1054700018461C37BD465DF8047B70472DE9F04F98
:1054800093B000AF03463961FA60FB75002387F8DB
:105490004330002387F847300023A7F84430002327
:1054A000FB775FE1FBF76CFD3B691B68FB633B69C6
:1054B0001A69FB6B13441B7887F8433007F12C0102
:1054C000FB7DFA681846FFF7BAFF034687F84730B6
:1054D00097F94730002B02D097F9473084E197F8CD
:1054E0004330002B26D0002BC0F2ED80FF2B00F3C1
:1054F000EA80F52BC0F2E780F53B0A2B00F2E3804F
:1055000001A252F823F000BF415501089B55010844
:105510000F560108C7560108C7560108C7560108AB
:10552000415501089B5501080F560108C75601084F
:10553000355501083B691B685A1C3B691A6011E12B
:1055400007F11F031A4602213869FFF75BFF034684
:1055500087F8473097F94730002B02D097F947304A
:1055600042E1FB7F002B00D0FCE0FB6AD3E90001A5
:105570003B691A69FB6B013313441B78DAB24FF0B5
:105580000003FE6A841841EB0305C6E900453B6948
:105590001B689A1C3B691A60E4E007F11F031A4676
:1055A00003213869FFF72EFF034687F8473097F944
:1055B0004730002B02D097F9473015E1FB7F002BD5
:1055C00000D0CFE0FB6AD3E900013B691A69FB6BAD
:1055D000013313441B781AB23B691E69FB6B02331B
:1055E00033441B781B021BB213431BB29BB29AB20B
:1055F0004FF00003FE6A10EB020841EB0309C6E915
:1056000000893B691B68DA1C3B691A60AAE007F154
:105610001F031A4606213869FFF7F4FE034687F890
:10562000473097F94730002B02D097F94730DBE03D
:10563000FB7F002B00D095E03B691A69FB6B0133BF
:1056400013441B7819463B691A69FB6B02331344F8
:105650001B781B0241EA03023B691969FB6B0333A8
:105660000B441B781B041A433B691969FB6B043319
:105670000B441B781B06134319464FF00002C7E981
:1056800000123B691A69FB6B053313441B781946FA
:10569000C9B24FF00002084611464FF000024FF029
:1056A0000003064633000022FE6A396841EA020A16
:1056B000796841EA030BC6E900AB3B691B689A1D98
:1056C0003B691A604EE007F1200197F84330FA6811
:1056D0001846FFF72DFE034687F8473097F9473005
:1056E000002B02D097F947307EE097F8203007F181
:1056F0001F0219463869FFF785FE034687F84730D1
:1057000097F94730002B02D097F947306CE0FB7FC8
:10571000002B00D026E0D7F82130002B1AD03B69AF
:105720001A69FB6B013313447B63FB7D87F83130CF
:10573000FB6ABB6397F8433087F8303097F8203026
:1057400087F83230D7F82130D7F8251007F130022A
:10575000104698473B691B6897F820201A443B691C
:105760001A6000BF3B691A683B695B689A4203D2C2
:10577000FB7F002B3FF496AE3B695B68002B31D07A
:105780003B695A683B691B689A4202D26FF0010379
:105790002AE03B695A683B691B68D21A3B695A6028
:1057A0003B695B68002B1DD00023A7F8443013E051
:1057B0003B691A693B691968B7F844300B441A44CD
:1057C0003B691969B7F844300B4412781A70B7F87E
:1057D00044300133A7F84430B7F844203B695B6894
:1057E0009A42E5D397F9473018464C37BD46BDE895
:1057F000F08F00BF90B5CFB000AF044607F10800AE
:105800000160391D0A603A46136007F10E03224613
:105810001A80002387F83731D7F85031002B00F079
:1058200076813B1D1B68002B05D007F108031B6820
:10583000002B00F06C81D7F84831002B04D03B4698
:105840001B68002B00F06381D7F850319B69002B57
:1058500000F057813B1DD7F848211B681344C7F857
:105860001431D7F84C31002B07D0D7F84821D7F89E
:105870004C311344C7F8203103E0D7F81431C7F88E
:105880002031D7F8203103F00303002B06D0D7F8DE
:1058900020319B0801339B00C7F8203107F10E032C
:1058A0001B88DAB207F114031A7007F10E031B8884
:1058B0001B0A9BB2DAB207F114035A7007F10E0308
:1058C0001B88022B0FD1D7F820319B08DAB207F1E1
:1058D00014039A70D7F820319B081B0ADAB207F13B
:1058E0001403DA700CE0D7F82031DAB207F11403B0
:1058F0009A70D7F820311B0ADAB207F11403DA7074
:105900000423C7F82431D7F81431C7F83031D7F859
:105910003021D7F824311344C7F81C314FF4807379
:10592000C7F81831D7F850319B69D7F818219A4237
:1059300040F2DD80D7F850319B69C7F81831D6E0C6
:10594000D7F83021D7F824311344D7F818219A42D8
:105950000BD2D7F81831C7F82C31D7F81821D7F85F
:105960002431D31AC7F8283120E0D7F83021D7F8EE
:1059700024311344C7F82C31D7F83031C7F8283117
:10598000D7F82C3103F00303002B06D0D7F82C31C5
:105990009B0801339B00C7F82C31D7F82C31B3F5A5
:1059A000807F03D94FF48073C7F82C31D7F82831A2
:1059B000002B62D03B1D1A68D7F828311344D7F862
:1059C00030219A4212D307F11402D7F82431D018AB
:1059D000D7F81421D7F83031D31A3A461268134455
:1059E000D7F8282119460CF073FD46E03B1DD7F887
:1059F00030211B689A422DD907F11402D7F82431BF
:105A0000D018D7F81421D7F83031D31A3A46126893
:105A1000D1183B1DD7F830211B68D31A1A460CF059
:105A200057FDD7F82421D7F830311A443B1D1B68A5
:105A3000D31A07F11402D0183B1D1A68D7F8303179
:105A4000D21AD7F828311A4407F1080319680CF064
:105A50003FFD12E007F11402D7F82431D0183B1DA6
:105A60001A68D7F83031D31A07F1080212681344C4
:105A7000D7F8282119460CF02BFDD7F82421D7F8A8
:105A800028311344D7F82C219A4212D0D7F8242178
:105A9000D7F82831134407F11402D018D7F824217D
:105AA000D7F828311344C3F580731A4600210CF04F
:105AB0001DFD07F11401D7F85031D7F82C21002033
:105AC00000F0B4F9034687F8373197F93731002BE6
:105AD0001BD10023C7F82431D7F83021D7F828315B
:105AE000D31AC7F83031D7F83031C7F81C31D7F89E
:105AF0001C31002B0FD097F93731002B3FF420AF2A
:105B000009E0FE2387F8373105E000BF03E0FF23FB
:105B100087F8373100E000BF97F93731184607F5AD
:105B20009E77BD4690BD80B584B000AF78600023FD
:105B3000FB8127E007F10C037968184600F0B1FA01
:105B400003467B7397F90D30002B15D13B7B03F097
:105B50002003002B02D000237B7317E0796842F208
:105B6000107000F09BF903467B7397F90D30002B02
:105B700005D097F90D300BE097F90D3008E0FB895F
:105B80000133FB81FB89B3F57A7FD3D397F90D30CD
:105B900018461037BD4680BD80B584B000AF786030
:105BA0000023FB812FE079684CF2503000F076F949
:105BB00003467B7397F90D30002B02DA97F90D300D
:105BC0002DE007F10C017B680122252000F0F6F89A
:105BD00003467B7397F90D30002B02DA97F90D30ED
:105BE0001DE03B7B03F01003002B09D03B7B03F04F
:105BF0002003002B04D03B7B03F04003002B06D096
:105C0000FB890133FB81FB89632BCCD900E000BF0A
:105C1000FB89642B02D16FF0040300E000231846D7
:105C20001037BD4680BD80B58AB000AFB9607A60DC
:105C30003B600346FB73002387F827307B6B002B08
:105C400072D0BB68002B6FD03B68002B6CD03B6BD5
:105C5000002B69D07B6B9B69BB613B6B1B68002B86
:105C600014D107F11401F87B7B6B022200F0A6F837
:105C7000034687F827303B7D1AB27B7D1B021BB29F
:105C800013431BB29BB21A463B6B1A603B6B1B68FB
:105C9000002B4DD097F92730002B49D13B6B1B6867
:105CA0007A689A4203D23B687A681A6003E03B6BD9
:105CB0001A683B681A603B681B683B620023FB6103
:105CC00016E0BA68FB69D118F87B7B6BBA6900F003
:105CD00075F8034687F8273097F92730002B0CD149
:105CE0003A6ABB69D31A3B62FA69BB691344FB6128
:105CF0003A6ABB699A42E4D800E000BF3B6A002BD5
:105D00000AD0BA68FB69D118F87B7B6B3A6A00F05D
:105D100055F8034687F827303B6B1A683B681B68C9
:105D2000D21A3B6B1A6003E0FF2387F8273000E0AC
:105D300000BF97F9273018462837BD4680BD80B48C
:105D400087B000AFB9607A603B600346FB73002305
:105D5000FB75BB6A002B27D0BB68002B24D07B6867
:105D6000002B21D03B68002B1ED0BB6ABA681A609A
:105D7000BB6A7A685A60BB6A3A689A60BB6A7A6A98
:105D80001A61BB6AFA7B1A733B6A03F00303002BA8
:105D900006D03B6A9B0801339A00BB6A9A6105E012
:105DA000BB6A3A6A9A6101E0FF23FB7597F91730E5
:105DB00018461C37BD465DF8047B704790B587B028
:105DC00000AFB9607A603B600346FB730023FB754C
:105DD0003B68002B22D03B681B68002B1ED0BB68A1
:105DE000002B1BD03B681B7B012B03D1FB7B63F09B
:105DF0007F03FB733B681C683B681B69F87B7A6810
:105E0000B968A04703461A463B681A753B6893F980
:105E10001430002B04D0FD23FB7501E0FF23FB753C
:105E200097F9173018461C37BD4690BD90B587B01E
:105E300000AFB9607A603B600346FB730023FB75DB
:105E40003B68002B22D03B681B68002B1ED0BB6830
:105E5000002B1BD03B681B7B012B03D1FB7B03F08A
:105E60007F03FB733B685C683B681B69F87B7A685F
:105E7000B968A04703461A463B681A753B6893F910
:105E80001430002B04D0FD23FB7501E0FF23FB75CC
:105E900097F9173018461C37BD4690BD80B584B0C1
:105EA00000AF786039600023FB733B68002B0BD098
:105EB0003B689B68002B07D03B689B683A68126977
:105EC00011467868984701E0FF23FB7397F90F307C
:105ED00018461037BD4680BD80B588B004AFB960A4
:105EE0007A603B600346FB81F8893B68029300239C
:105EF00001930023009300237A68B968FFF77AFCC6
:105F0000034618461037BD4680BD80B588B002AF45
:105F1000B9607A603B600346FB810023BB820023AB
:105F2000FB753B6A002B6ED0BB68002B6BD03B68C7
:105F3000002B68D03B6800221A6007F113013B6A0E
:105F400001220620FFF73AFF0346FB7597F9173049
:105F5000002B5BD1FB7CBB75FB7C03F07F03DBB2CA
:105F6000FB74FB7CBA7D9A4208D007F113013B6AAF
:105F700001220620FFF75AFF0346FB7597F91730F9
:105F8000002B43D1FB8943F4805398B23B6A002233
:105F90000021FFF7A1FF0346FB7597F91730002B8F
:105FA00034D1386AFFF7BFFD0346FB7597F9173008
:105FB000002B2BD107F114003B6A00933B687A68F1
:105FC000B96800F04EF90346FB7597F91730002BBE
:105FD0001CD1FB7CBA7D9A420AD0BB7DFB7407F1D1
:105FE00013013B6A01220620FFF720FF0346FB75E1
:105FF00097F91730002B09D1BB8AFA899A4205D04C
:10600000FB23FB7502E0FF23FB7500E000BF97F95F
:10601000173018461837BD4680BD80B582B000AF36
:10602000786039603B68012279681C20FFF7C6FE62
:10603000034618460837BD4680BD80B584B000AF22
:10604000786039607B68002B13D007F10C013B6846
:1060500002222020FFF7B2FE0346FB733B7B1AB2FD
:106060007B7B1B021BB213431BB29AB27B681A8064
:1060700001E0FF23FB7397F90F3018461037BD4638
:1060800080BD80B582B000AF786039603B68012286
:1060900079682520FFF792FE034618460837BD466B
:1060A00080BD80B582B000AF786039603B68012266
:1060B00079682D20FFF782FE034618460837BD4653
:1060C00080BD80B584B000AF78600123FB720023EF
:1060D000BB720F23BB8107F10B017B6801221420E7
:1060E000FFF7A4FE0346FB7397F90F30002B2ED168
:1060F0001FE0796842F21070FFF7D0FE0346FB7391
:1061000097F90F30002B14D107F10A017B680122A7
:106110002520FFF753FE0346FB7397F90F30002B42
:1061200007D1BB7AFF2B04D0BB7A03F01003002BFE
:1061300005D1BB895A1EBA81002BDAD100E000BF1D
:10614000BB7A03F01003002B01D1FB23FB7397F9FB
:106150000F3018461037BD4680BD80B586B000AF01
:10616000F860B9607A600023FB757B68002B27D04C
:10617000FB68002B24D0FB681B781AB2FB68013344
:106180001B781B021BB213431BB2BB82BB8A46F2B5
:106190002B62934202D0FC23FB7514E07B68BA6843
:1061A000F9680220FFF798FE0346FB7597F9173050
:1061B000002B08D17868FFF7EFFC0346FB7502E07F
:1061C000FF23FB7500E000BF97F91730184618371A
:1061D000BD4680BD80B584B000AF78607B6800228A
:1061E00000210320FFF778FE0346FB7397F90F3079
:1061F000002B04D17868FFF7CFFC0346FB7397F9B7
:106200000F3018461037BD4680BD80B586B002AF4E
:10621000F860B9607A603B60BB6901933B680093AA
:106220007B68BA68F9680120FFF7FDFC0346184651
:106230001037BD4680BD80B586B002AFF860B9604A
:106240007A603B60BB6901933B6800937B68BA68E6
:10625000F9680220FFF7E7FC034618461037BD46F1
:1062600080BD80B586B000AFF860B9607A603B60F1
:1062700007F110013B6A04220320FFF79FFD03464C
:10628000FB7597F91730002B30D13B7C1AB207F120
:10629000100301331B781B021BB213431BB29AB2CB
:1062A000FB681A80BB7C1AB207F11003023301337A
:1062B0001B781B021BB213431BB29BB21A463B68EE
:1062C0001A603B681B68002B10D03B681B687A681B
:1062D0009A4202D2FA23FB7508E03B681A683B6ACF
:1062E000B9680320FFF76AFD0346FB7597F917307D
:1062F00018461837BD4680BD80B586B002AFF8603D
:10630000B9607A603B60BB6901933B6800937B682E
:10631000BA68F9680320FFF786FC03461846103771
:10632000BD4680BD80B588B000AF034687ED020A48
:1063300079603A60FB73BB687B61FB7B3B767B6972
:10634000DBB27B767B691B0ADBB2BB767B691B0CFD
:10635000DBB2FB767B691B0EDBB23B777B68DBB283
:106360007B777B681B0ADBB2BB777B681B0CDBB2DD
:10637000FB7707F118013B6808220D20FFF7ACFD01
:10638000034618462037BD4680BD80B590B002AFA9
:106390000346B9607A60FB73BB68002B00F0DA80BB
:1063A000FB7BF52B03D9FE2387F83730D5E0FB7B49
:1063B0009BB203F5407398B207F1300207F1140164
:1063C0007B68009313461C22FFF79FFD034687F866
:1063D000373097F93730002B40F0BF803B6B1C2BD8
:1063E00003D0FE2387F83730B7E03A7DBB681A70D8
:1063F0007A7DBB685A70BA7DBB689A70FA7DBB68BB
:10640000DA703A7EBB681A717A7EBB685A71BA7EBE
:10641000BB689A71FA7EBB68DA713A7FBB681A7200
:106420007A7FBB685A72BA7FBB689A72FA7FBB6880
:10643000DA7297F82020BB681A7397F82120BB689E
:106440005A7397F82220BB689A7397F82320BB6889
:10645000DA7397F82420BB681A7497F82520BB6874
:106460005A7497F82620BB689A7497F82720BB685F
:10647000DA7497F82820BB681A7597F82920BB684A
:106480001A7697F82A20BB685A7697F82B20BB68B3
:106490009A7697F82C20BB68DA76BB681B791AB21B
:1064A000BB685B791B021BB213431BB29AB2BB6879
:1064B0009A80BB689B791AB2BB68DB791B021BB25E
:1064C00013431BB29AB2BB68DA80BB681B7A1A46C8
:1064D000BB685B7A1B021A43BB689B7A1B041A4396
:1064E000BB68DB7A1B061A43BB689A60BB681B7BE0
:1064F0001A46BB685B7B1B021A43BB689B7B1B0471
:106500001A43BB68DB7B1B061A43BB68DA60BB68B7
:106510001B7C1A46BB685B7C1B021A43BB689B7CD6
:106520001B041A43BB68DB7C1B061A43BB681A6159
:10653000BB681B7E1A46BB685B7E1B021A43BB68A6
:106540009B7E1B041A43BB68DB7E1B061A43BB6899
:106550009A6102E0FF2387F8373097F93730184601
:106560003837BD4680BD80B483B000AF78603960F5
:106570007B681B781AB27B6801331B781B021BB245
:1065800013431AB23B681A807B6802331B781AB235
:106590007B6803331B781B021BB213431AB23B68A0
:1065A0005A807B6804331B781AB27B6805331B78EA
:1065B0001B021BB213431AB23B689A807B680633F6
:1065C0001B781AB27B6807331B781B021BB213437C
:1065D0001AB23B68DA807B6808331B781AB27B6892
:1065E00009331B781B021BB213431BB29AB23B68E0
:1065F0001A8100BF0C37BD465DF8047B704780B43C
:1066000083B000AF786039607B681B781AB27B6812
:1066100001331B781B021BB213431AB23B681A806A
:106620007B6802331B781AB27B6803331B781B022A
:106630001BB213431AB23B685A807B6804331B7841
:106640001AB27B6805331B781B021BB213431AB2C4
:106650003B689A8000BF0C37BD465DF8047B7047ED
:1066600080B483B000AF78607B6800221A607B68DA
:1066700000225A607B6800229A607B680022DA6000
:106680007B6800221A617B6818460C37BD465DF8AE
:10669000047B704780B483B000AF786039607B685A
:1066A0006FF001021A617B683A68DA6100BF0C374B
:1066B000BD465DF8047B704780B483B000AF78605E
:1066C00039607B684FF0FF321A617B683A68DA61A3
:1066D00000BF0C37BD465DF8047B704780B485B0C1
:1066E00000AFF860B9607A60FB68BA681A60FB684E
:1066F0007A68DA60FB68DA68FB685A60FB685A6897
:10670000FB689A60FB6800221A6100BF1437BD461F
:106710005DF8047B704780B483B000AF78607B681D
:106720001B69002B02DB7B6801221A6100BF0C375A
:10673000BD465DF8047B704780B483B000AF7860DD
:1067400039607A683B689A4201DA7B6800E03B680E
:1067500018460C37BD465DF8047B704780B483B0A3
:1067600000AF786039607A683B689A4201DD7B68E7
:1067700000E03B6818460C37BD465DF8047B704767
:1067800080B485B000AFF860B9607A60FA68BB6821
:106790009A4201DABB6806E0FA687B689A4201DD3A
:1067A0007B6800E0FB6818461437BD465DF8047B43
:1067B000704780B483B000AF78607B681B781A069E
:1067C0007B6801331B781B0413431B1418460C37DA
:1067D000BD465DF8047B704780B483B000AF78603D
:1067E0007B681B781A067B6801331B781B041A43ED
:1067F0007B6802331B781B0213431B1218460C37AD
:10680000BD465DF8047B704780B483B000AF78600C
:106810007B681B781A067B6801331B781B041A43BC
:106820007B6802331B781B0213437A6803321278A9
:10683000134318460C37BD465DF8047B704780B49F
:1068400083B000AF786039607A683B689A4201D2C1
:106850007B6800E03B6818460C37BD465DF8047B5A
:10686000704780B483B000AF786039607A683B6865
:106870009A4201D97B6800E03B6818460C37BD4658
:106880005DF8047B704780B483B000AF78603960F6
:106890007B683A681A607B681B6807EE903AB0EE36
:1068A000670A0C37BD465DF8047B704780B483B03F
:1068B00000AF786087ED000A7B683A681A607B68F1
:1068C0001B6818460C37BD465DF8047B704780B5E1
:1068D00084B000AF78600023FB6007F10C03796897
:1068E0001846FFF7D0FFF0EE407AB0EE670A103797
:1068F000BD4680BD80B584B000AF87ED010A00239E
:10690000FB6007F10C0397ED010A1846FFF7CEFF75
:10691000034618461037BD4680BD80B483B000AF33
:10692000786039607A6842F6040313443A68134485
:1069300018460C37BD465DF8047B704780B483B0C1
:1069400000AF786039607A6842F6040313443A680D
:10695000134418460C37BD465DF8047B704780B57C
:1069600082B000AF78607A6842F6040313441C33A7
:106970001846FFF749FF034618460837BD4680BD55
:1069800080B582B000AF78607A6842F604031344A1
:1069900020331846FFF738FF034618460837BD4630
:1069A00080BD80B582B000AF78607A6842F604039B
:1069B000134424331846FFF727FF034618460837C9
:1069C000BD4680BD80B582B000AF78607A6842F67F
:1069D0000403134428331846FFF716FF03461846EE
:1069E0000837BD4680BD80B483B000AF78603960A1
:1069F0007A683B689B00134418460C37BD465DF827
:106A0000047B704780B584B000AFF860B9607A60ED
:106A100087ED000A97ED000AFFF76CFF03467A68DE
:106A2000B968F86803F022FE00BF1037BD4680BD8C
:106A300080B584B000AFF860B9607A607A68B968F0
:106A4000F86804F013F903461846FFF740FFF0EE2C
:106A5000407AB0EE670A1037BD4680BD80B483B07F
:106A600000AF786039607A683B689B001344184631
:106A70000C37BD465DF8047B7047000080B584B0DC
:106A800000AFF860B9607A607B68002B06DBFA68BB
:106A90000B4B13441B687A689A4205DB0121B868E6
:106AA000FFF70AFE002307E0FA687B681A4442F603
:106AB000040313441B785BB218461037BD4680BDF3
:106AC00024AF010080B584B000AFF860B9607A608F
:106AD0007B68002B07DB7B685A1CF9680C4B0B4466
:106AE0001B689A4205DB0221B868FFF7E5FD002329
:106AF0000AE0FA6842F6040313447A68134418461D
:106B0000FFF757FE034600BF18461037BD4680BD4D
:106B100024AF010080B584B000AFF860B9607A603E
:106B20007B68002B07DB7B689A1CF9680C4B0B44D5
:106B30001B689A4205DB0321B868FFF7BDFD0023FF
:106B40000AE0FA6842F6040313447A6813441846CC
:106B5000FFF742FE034600BF18461037BD4680BD12
:106B600024AF010080B584B000AFF860B9607A60EE
:106B70007B68002B07DB7B68DA1CF9680C4B0B4445
:106B80001B689A4205DB0421B868FFF795FD0023D6
:106B90000AE0FA6842F6040313447A68134418467C
:106BA000FFF732FE034600BF18461037BD4680BDD2
:106BB00024AF010080B485B000AF78600023FB6093
:106BC000FB681E2B0DDC7A68FB6842FA03F303F0C6
:106BD0000103002B01D0FB6804E0FB680133FB607C
:106BE000EEE7002318461437BD465DF8047B704776
:106BF00080B483B000AF78607B681B6818460C37A0
:106C0000BD465DF8047B704780B483B000AF786008
:106C10007B685B6818460C37BD465DF8047B70479F
:106C200080B483B000AF78607B689B6818460C37EF
:106C3000BD465DF8047B704780B483B000AF7860D8
:106C40007B68DB6818460C37BD465DF8047B7047EF
:106C500080B483B000AF78607B681B6918460C373E
:106C6000BD465DF8047B704780B483B000AF7860A8
:106C70007B685B6918460C37BD465DF8047B70473E
:106C800080B483B000AF87ED010AD7ED017AB7EE8B
:106C9000E77A9FED076B27EE067BFDEEC77B17EECD
:106CA000903A18460C37BD465DF8047B704700BF2C
:106CB00050AAAC74BD61A44080B582B000AF7860CA
:106CC0007B68D3ED167AB0EE670AFFF7D9FF03466B
:106CD00018460837BD4680BD80B582B000AF7860E9
:106CE0007B68D3ED177AB0EE670AFFF7C9FF03465A
:106CF00018460837BD4680BD80B582B000AF7860C9
:106D00007B68D3ED187AB0EE670AFFF7B9FF034648
:106D100018460837BD4680BD80B582B000AF7860A8
:106D20007B68D3ED197AB0EE670AFFF7A9FF034637
:106D300018460837BD4680BD80B582B000AF786088
:106D40007B68D3ED1A7AB0EE670AFFF799FF034626
:106D500018460837BD4680BD80B582B000AF786068
:106D60007B68D3ED1B7AB0EE670AFFF789FF034615
:106D700018460837BD4680BD80B485B000AFF860C6
:106D800087ED020AC7ED010A87ED001AFB68BA68B1
:106D90001A60FB6804337A681A60FB6808333A6843
:106DA0001A6000BF1437BD465DF8047B704780B49D
:106DB00085B000AFF860B9607A60BB6893ED007A87
:106DC0007B68D3ED007A77EE277AFB68C3ED007A13
:106DD000BB68043393ED007A7B680433D3ED007A0B
:106DE000FB68043377EE277AC3ED007ABB6808337B
:106DF00093ED007A7B680833D3ED007AFB680833A3
:106E000077EE277AC3ED007A00BF1437BD465DF8F0
:106E1000047B704780B485B000AFF860B9607A60D9
:106E2000BB6893ED007A7B68D3ED007A77EE677AE2
:106E3000FB68C3ED007ABB68043393ED007A7B688E
:106E40000433D3ED007AFB68043377EE677AC3ED41
:106E5000007ABB68083393ED007A7B680833D3ED82
:106E6000007AFB68083377EE677AC3ED007A00BFDB
:106E70001437BD465DF8047B704780B485B000AF21
:106E8000F86087ED020AC7ED010A87ED001AFB687A
:106E900093ED007AD7ED027A27EE277AFB68043368
:106EA000D3ED006AD7ED017A66EEA77A37EE277A3E
:106EB000FB680833D3ED006AD7ED007A66EEA77A57
:106EC00077EE277AB0EE670A1437BD465DF8047B8B
:106ED000704780B582B000AF786039603B68D3ED11
:106EE000007A3B68043393ED007A3B680833D3EDB6
:106EF000006AB0EE661AF0EE470AB0EE670A7868EC
:106F0000FFF7BBFFF0EE407AB0EE670A0837BD46E8
:106F100080BD80B485B000AFF860B96087ED010A2C
:106F2000BB6893ED007AD7ED017A77EE277AFB689C
:106F3000C3ED007ABB68043393ED007AFB68043339
:106F4000D7ED017A77EE277AC3ED007ABB68083374
:106F500093ED007AFB680833D7ED017A77EE277A54
:106F6000C3ED007A00BF1437BD465DF8047B70475F
:106F700080B485B000AFF860B96087ED010ABB68E6
:106F800093ED007AD7ED017A77EE677AFB68C3ED6F
:106F9000007ABB68043393ED007AFB680433D7EDC5
:106FA000017A77EE677AC3ED007ABB68083393ED18
:106FB000007AFB680833D7ED017A77EE677AC3ED84
:106FC000007A00BF1437BD465DF8047B704780B47B
:106FD00085B000AFF860B96087ED010ABB6893ED3A
:106FE000007AD7ED017A67EE277AFB68C3ED007A65
:106FF000BB68043393ED007AFB680433D7ED017A64
:1070000067EE277AC3ED007ABB68083393ED007A08
:10701000FB680833D7ED017A67EE277AC3ED007A73
:1070200000BF1437BD465DF8047B704780B485B05F
:1070300000AFF860B96087ED010ABB68D3ED006A64
:1070400097ED017AC6EE877AFB68C3ED007ABB68DC
:107050000433D3ED006AFB68043397ED017AC6EE82
:10706000877AC3ED007ABB680833D3ED006AFB680A
:10707000083397ED017AC6EE877AC3ED007A00BF38
:107080001437BD465DF8047B704780B48BB000AF09
:10709000786287ED080AC7ED070A87ED061AC7ED83
:1070A000051A87ED042AC7ED032A87ED023AC7EDDA
:1070B000013A87ED004A7B6A3A6A1A607B6A0433B8
:1070C000FA691A607B6A0833BA691A607B6A0C3302
:1070D0007A691A607B6A10333A691A607B6A1433E2
:1070E000FA681A607B6A1833BA681A607B6A1C33C4
:1070F0007A681A607B6A20333A681A6000BF2C37BE
:10710000BD465DF8047B704780B582B000AF786003
:1071100087ED000A97ED004AD7ED003A97ED003A67
:10712000D7ED002A97ED002AD7ED001A97ED001A47
:10713000D7ED000A97ED000A7868FFF7A6FF00BFB9
:107140000837BD4680BD000080B582B000AF7860D2
:1071500087ED000A97ED004ADFED0B3A9FED0A3A02
:10716000DFED092A97ED002ADFED071A9FED061AD9
:10717000DFED050A97ED000A7868FFF786FF00BF8C
:107180000837BD4680BD00BF0000000080B582B05A
:1071900000AF786039602422396878680BF098F97C
:1071A00000BF0837BD4680BD80B487B000AF7860AF
:1071B00039603B6804331B687B613B6808331B689C
:1071C0003B613B6814331B68FB603B681A687B6853
:1071D0001A603B6803F10C027B68043312681A6082
:1071E0003B6803F118027B68083312681A607B68F9
:1071F0000C337A691A603B6803F110027B68103324
:1072000012681A603B6803F11C027B681433126831
:107210001A607B6818333A691A607B681C33FA6815
:107220001A603B6803F120027B68203312681A6001
:1072300000BF1C37BD465DF8047B704780B582B047
:1072400000AF786039603B68D3ED007A3B680C335F
:1072500093ED007A3B681833D3ED006AB0EE661AFE
:10726000F0EE470AB0EE670A7868FFF706FEF0EE28
:10727000407AB0EE670A0837BD4680BD80B58EB053
:1072800000AFF860B9607A607968B868FFF7D6FF38
:10729000F0EE407AC7ED057A7B6804331946B8688A
:1072A000FFF7CCFFF0EE407AC7ED067A7B68083333
:1072B0001946B868FFF7C2FFF0EE407AC7ED077ACB
:1072C000BB680C3379681846FFF7B8FFF0EE407AD8
:1072D000C7ED087ABB6803F10C027B6804331946DA
:1072E0001046FFF7ABFFF0EE407AC7ED097ABB68B6
:1072F00003F10C027B68083319461046FFF79EFF26
:10730000F0EE407AC7ED0A7ABB6818337968184600
:10731000FFF794FFF0EE407AC7ED0B7ABB6803F1FC
:1073200018027B68043319461046FFF787FFF0EE1A
:10733000407AC7ED0C7ABB6803F118027B6808330A
:1073400019461046FFF77AFFF0EE407AC7ED0D7A46
:1073500007F114031946F868FFF718FF00BF383724
:10736000BD4680BD80B487B000AFF860B96087EDDE
:10737000010A00237B617B69082B13DC7B699B007E
:10738000BA68134493ED007A7B699B00FA68134452
:10739000D7ED017A67EE277AC3ED007A7B69013376
:1073A0007B61E8E700BF1C37BD465DF8047B704792
:1073B00090B587B000AFF860B9607A607968B86856
:1073C000FFF787FDF0EE407AC7ED047ABB680C3317
:1073D00079681846FFF77DFDF0EE407AC7ED057A33
:1073E000BB6803F11802FB6803F1080479681046D2
:1073F000FFF76FFDF0EE407AC4ED007A3A69FB6862
:107400001A60FB6804337A691A6000BF1C37BD46F6
:1074100090BD90B587B000AFF860B9607A607968C8
:10742000B868FFF70BFFF0EE407AC7ED047A7B688F
:1074300004331946B868FFF701FFF0EE407AC7ED54
:10744000057A7B6803F10802FB6803F10804114622
:10745000B868FFF7F3FEF0EE407AC4ED007A3A69BF
:10746000FB681A60FB6804337A691A6000BF1C3736
:10747000BD4690BD80B483B000AF78607B68DA6CA5
:107480007B681B6D134418460C37BD465DF8047BC2
:10749000704780B483B000AF78607B685B6E18463D
:1074A0000C37BD465DF8047B704780B485B000AFF3
:1074B000F860B9607A60FA68BB6802339B001344D5
:1074C0007A685A6000BF1437BD465DF8047B704788
:1074D00080B483B000AF78607B68002B01DA0023B2
:1074E00005E07B68272B01DD272300E07B68184639
:1074F0000C37BD465DF8047B704780B483B000AFA5
:1075000078607B68DB6818460C37BD465DF8047B05
:10751000704780B483B000AF78607B681B69184601
:107520000C37BD465DF8047B704780B483B000AF74
:1075300078607B685B6918460C37BD465DF8047B54
:107540007047000080B590B000AF786187ED040A05
:10755000C7ED030A87ED021AC7ED011AD7ED037ACA
:1075600067EEA77AC7ED0E7A97ED017AD7ED047A28
:1075700027EE277AD7ED036AD7ED027A66EEA77A6F
:1075800077EE277AB7EEE77A37EE077BF7EEC77B21
:10759000C7ED0D7AD7ED047A27EEA77AD7ED0E7AEC
:1075A00077EE277AB7EEE77A37EE077BB7EE006B18
:1075B00036EE477BF7EEC77BC7ED0C7AD7ED0C0AAA
:1075C00097ED0D0A09F050FC87ED0B0A97ED017A53
:1075D000D7ED037A27EE277AD7ED026AD7ED047A42
:1075E00066EEA77A77EE677AB7EEE77A37EE077B33
:1075F000F7EEC77BC7ED0F7AD7ED0F7AB7EE007ABB
:10760000F4EEC77AF1EE10FA02DD4FF07E53FB6321
:10761000D7ED0F7ABFEE007AF4EEC77AF1EE10FAEA
:1076200001D52C4BFB6397ED0F0A09F0EBFB87EDBF
:107630000A0A97ED017AD7ED027A27EE277AD7ED7D
:10764000046AD7ED037A66EEA77A77EE277AB7EE6B
:10765000E77A37EE077BF7EEC77BC7ED097AD7ED00
:10766000027A27EEA77AD7ED0E7A77EE277AB7EE71
:10767000E77A37EE077BB7EE006B36EE477BF7EE27
:10768000C77BC7ED087AD7ED080A97ED090A09F01C
:10769000EBFB87ED070A97ED070AFFF72BF9014689
:1076A0007A690D4B1344196097ED0A0AFFF722F926
:1076B00001467A69094B1344196097ED0B0AFFF7ED
:1076C00019F901467A69064B1344196000BF403727
:1076D000BD4680BD000080BF68AF01006CAF0100F7
:1076E00070AF010080B590B000AF7861396187ED6F
:1076F000030AC7ED020A87ED011AC7ED001AD7ED9C
:10770000027A37EEA77AD7ED027A67EE277AB7EEDC
:10771000007A37EE677AD7ED017A77EEA76AD7ED70
:10772000017A66EEA77A37EE676AD7ED037A37EE0D
:10773000A77AD7ED027A27EE277AD7ED017A77EE8E
:10774000A76AD7ED007A66EEA77A77EE675AD7ED8B
:10775000037A37EEA77AD7ED017A27EE277AD7EDAD
:10776000027A77EEA76AD7ED007A66EEA77A37EE4F
:10777000275AD7ED037A37EEA77AD7ED027A27EEAC
:10778000277AD7ED017A77EEA76AD7ED007A66EE11
:10779000A77A77EE274AD7ED037A37EEA77AD7EDA7
:1077A000037A67EE277AB7EE007A37EE677AD7ED7D
:1077B000017A77EEA76AD7ED017A66EEA77A37EEFF
:1077C000672AD7ED027A37EEA77AD7ED017A27EE4E
:1077D000277AD7ED037A77EEA76AD7ED007A66EEBF
:1077E000A77A77EE672AD7ED037A37EEA77AD7ED37
:1077F000017A27EE277AD7ED027A77EEA76AD7EDDE
:10780000007A66EEA77A37EE673AD7ED027A37EE5E
:10781000A77AD7ED017A27EE277AD7ED037A77EEAC
:10782000A76AD7ED007A66EEA77A77EE273AD7ED0A
:10783000037A37EEA77AD7ED037A67EE277AB7EEA9
:10784000007A37EE677AD7ED027A77EEA76AD7ED3E
:10785000027A66EEA77A77EE677AB0EE674AF0EEC4
:10786000641AB0EE451AF0EE650AB0EE460A3869C1
:10787000FFF70BFC07F11C039FED0F4ADFED0E3AFB
:10788000BFEE003AF7EE002A9FED0B2ADFED0A1A51
:107890009FED091AFFEE000A9FED070A1846FFF751
:1078A000F4FB07F11C031A4639693869FFF7E6FC57
:1078B00000BF4037BD4680BD0000000080B590B0DD
:1078C00000AF7861396187ED030AC7ED020A87EDE1
:1078D000011AC7ED001A07F11C03D7ED001A97ED46
:1078E000011AD7ED020A97ED030A19467869FFF7E6
:1078F000F9FEB7EE001ADFED090A9FED080A3869B4
:10790000FFF73AFA07F11C031A4639693869FFF79D
:1079100080FD00BF4037BD4680BD00BF00000000B5
:1079200080B582B000AF78607B681846FEF798FE9D
:107930007B6818460837BD4680BD0000B0B582B0F0
:1079400000AF78607B6803F5205300221A607A68E4
:10795000174B134403241D46002C05DB2846FFF774
:10796000DFFF2035013CF7E77A68124B13444FF0F4
:10797000FF321A607A68104B134445221A607A6805
:107980000E4B134444221A607A680D4B13444FF097
:10799000FF321A607A680B4B134414221A6078681D
:1079A00002F096FD7B6818460837BD46B0BD00BFA3
:1079B000A4AE010028AF01002CAF010030AF0100E0
:1079C0005CAF010060AF010080B584B000AF7860AB
:1079D00039607B685A683B681A447B685A600023A8
:1079E000FB60FB68032B0DDC7A68084B1344FA68D4
:1079F000520113441946786803F0A8FCFB68013370
:107A0000FB60EEE700BF1037BD4680BDA4AE0100AD
:107A10002DE9F0412DED088BC0B002AFF860B960E0
:107A20007A607B68013B40F20F22934202F221858B
:107A300001A151F823F000BF9B830108798201085E
:107A400073A4010873A4010873A4010873A40108B6
:107A500073A4010873A4010873A401083F830108FB
:107A60005983010873A4010873A4010873A40108D1
:107A700073A4010873A40108AD830108D983010828
:107A800073A4010871830108158401085584010855
:107A900095840108D7840108198501086D850108BE
:107AA00073A4010873A4010873A4010873A4010856
:107AB00073A4010873A4010873A4010873A4010846
:107AC00073A4010873A4010873A4010873A4010836
:107AD00073A40108358601084F8601085586010800
:107AE00079860108A7860108AF860108E7860108A4
:107AF00073A4010873A4010873A40108FF86010898
:107B0000F78701089588010837890108B3890108BA
:107B1000438A01089D8A01086D8701082D8B0108A1
:107B2000E18B0108E78D0108098E01083D8E0108EF
:107B3000838E0108DB8E0108E58E0108EF8E0108B7
:107B40003D8F0108918F0108918C0108238D010858
:107B500073A4010873A4010873A4010873A40108A5
:107B600073A4010873A4010873A4010873A4010895
:107B700073A40108EF8F01082F9001085B900108A2
:107B8000AF90010803910108439101088391010816
:107B900073A4010873A4010873A4010873A4010865
:107BA00073A4010873A4010873A4010873A4010855
:107BB00073A4010873A4010873A4010873A4010845
:107BC00073A40108C3910108059201080F920108EE
:107BD00073A4010873A4010873A4010873A4010825
:107BE00073A4010873A4010873A4010873A4010815
:107BF00073A4010873A4010873A4010873A4010805
:107C000073A4010873A4010873A4010873A40108F4
:107C100073A4010873A4010873A4010873A40108E4
:107C200073A4010873A4010873A4010873A40108D4
:107C300073A4010873A4010873A4010873A40108C4
:107C400073A4010873A4010873A4010873A40108B4
:107C500073A4010873A4010873A4010873A40108A4
:107C600073A4010873A4010873A4010873A4010894
:107C700073A4010873A4010873A4010873A4010884
:107C800073A4010873A4010873A4010851920108A8
:107C90007D920108EB92010877930108FB9301089C
:107CA000419401088794010873A4010873A4010892
:107CB00073A4010873A4010873A4010873A4010844
:107CC00073A4010873A4010873A4010873A4010834
:107CD00073A4010873A4010873A4010873A4010824
:107CE00073A4010873A4010873A4010873A4010814
:107CF00073A4010873A4010873A4010873A4010804
:107D000073A4010873A4010873A4010873A40108F3
:107D100073A4010873A4010873A4010873A40108E3
:107D200073A4010873A4010873A4010873A40108D3
:107D300073A4010873A4010873A4010873A40108C3
:107D400073A4010873A4010873A4010873A40108B3
:107D500073A401089B940108B194010873A401085D
:107D600073A4010873A4010873A4010873A4010893
:107D700073A4010873A4010873A4010873A4010883
:107D800073A4010873A4010873A4010873A4010873
:107D900073A4010873A4010873A4010873A4010863
:107DA00073A4010873A4010873A4010873A4010853
:107DB00073A4010873A4010873A4010873A4010843
:107DC00073A4010873A4010873A4010873A4010833
:107DD00073A4010873A4010873A4010873A4010823
:107DE00073A4010873A4010873A4010873A4010813
:107DF00073A4010873A4010873A4010873A4010803
:107E000073A4010873A4010873A4010873A40108F2
:107E100073A4010873A4010873A4010873A40108E2
:107E200073A4010873A4010873A4010873A40108D2
:107E300073A4010873A4010873A4010873A40108C2
:107E400073A4010873A4010873A4010873A40108B2
:107E500073A4010873A4010873A4010873A40108A2
:107E600073A4010873A4010873A4010873A4010892
:107E700073A4010873A4010873A4010873A4010882
:107E800073A4010873A4010873A4010873A4010872
:107E900073A4010873A4010873A4010873A4010862
:107EA00073A4010873A4010873A4010873A4010852
:107EB00073A4010873A4010873A4010873A4010842
:107EC00073A4010873A4010873A4010873A4010832
:107ED00073A4010873A4010873A4010873A4010822
:107EE00073A401086195010897950108CD950108D3
:107EF00035960108B19B0108379C0108DB9C0108FD
:107F000073A4010873A4010873A4010873A40108F1
:107F100073A4010873A4010873A4010873A40108E1
:107F200073A4010873A4010873A4010873A40108D1
:107F300073A4010873A4010873A4010873A40108C1
:107F400073A4010873A4010873A4010873A40108B1
:107F500073A4010873A4010873A4010873A40108A1
:107F600073A4010873A4010873A4010873A4010891
:107F700073A4010873A4010873A4010873A4010881
:107F800073A4010873A4010873A4010873A4010871
:107F900073A4010873A4010873A4010873A4010861
:107FA00073A4010873A4010873A4010873A4010851
:107FB000BF960108F59601082B9701086197010803
:107FC0006195010897950108AF970108E5970108A9
:107FD0001B980108599801088F980108C598010855
:107FE000239901086D990108A3990108D9990108FD
:107FF0003D9A01088F9A0108C59A0108FB9A010869
:10800000299B01085F9B010873A4010873A4010860
:1080100073A4010873A4010873A4010873A40108E0
:1080200073A4010873A4010873A4010873A40108D0
:1080300073A4010873A4010873A4010873A40108C0
:1080400073A4010873A4010873A4010873A40108B0
:1080500073A4010873A4010873A4010873A40108A0
:1080600073A4010873A4010873A4010873A4010890
:1080700073A4010873A4010873A4010873A4010880
:1080800073A4010873A4010873A4010873A4010870
:1080900073A4010873A4010873A4010873A4010860
:1080A00073A4010873A4010873A4010873A4010850
:1080B00073A4010873A4010873A4010873A4010840
:1080C00073A4010873A4010873A4010873A4010830
:1080D00073A4010873A4010873A4010873A4010820
:1080E00073A4010873A4010873A4010873A4010810
:1080F00073A4010873A4010873A4010873A4010800
:1081000073A4010873A4010873A4010873A40108EF
:1081100073A4010873A4010873A4010873A40108DF
:1081200073A4010873A4010873A4010873A40108CF
:1081300073A4010873A4010873A4010873A40108BF
:1081400073A4010873A4010873A4010873A40108AF
:1081500073A4010873A4010873A4010873A401089F
:1081600073A4010873A4010873A4010873A401088F
:1081700073A4010873A4010873A4010873A401087F
:1081800073A4010873A4010873A4010873A401086F
:1081900073A4010873A4010873A4010873A401085F
:1081A00073A4010873A4010873A4010873A401084F
:1081B00073A4010873A4010873A4010873A401083F
:1081C00073A4010873A4010873A4010873A401082F
:1081D00073A4010873A4010873A4010873A401081F
:1081E00073A4010873A4010873A4010873A401080F
:1081F00073A4010873A4010873A4010873A40108FF
:1082000073A401087F9D0108E99D0108479E0108AC
:10821000A59E0108279F010873A4010873A4010803
:1082200073A4010873A4010873A40108859F0108C1
:10823000DD9F010835A001088DA0010873A4010885
:1082400073A4010873A4010873A4010873A40108AE
:1082500073A40108E5A00108DFA1010819A2010823
:1082600053A2010893A20108D3A2010831A3010877
:1082700089A30108E7A301080123C7F8F430D7F860
:10828000F430032B51DCFA68D7F8F43003F6755359
:108290005B01134404331B68002B40D1D7F8F43042
:1082A00003F675535B01FA6813441C1DBB685B68D9
:1082B00001331A46B968F86802F0D8FC0146FB6839
:1082C00003F520531B681A462046FEF707FABB68E1
:1082D0005B681A46B968F86802F0C8FC0246FB6899
:1082E00003F520531B689A1AFB6803F520531A60A4
:1082F000D7F8F43003F675535B01FA68134404337E
:108300001846FEF708FABB685B689A1CD7F8F43089
:10831000B968F86802F0AAF9002302F0ABB8D7F800
:10832000F4300133C7F8F430A9E7BB685B689A1CE6
:108330000023B968F86802F099F902F09AB8BB68AE
:108340005B681A46B968F86802F090FC0346184664
:10835000F7F7F2FB02F08DB8BB685C68E8F73CFE0B
:1083600003462246B968F86802F080F902F081B845
:10837000BB685B685C1CBB685B681A46B968F868D8
:1083800002F074FC0346002BB8BF5B422246B9687A
:10839000F86802F06BF902F06CB8BB685A68082301
:1083A000B968F86802F062F902F063B8BB685B680C
:1083B0001A46B968F86802F059FC04460122B96807
:1083C000F86802F053FC0346E31A002BCCBF0123EC
:1083D0000023DBB202F04EB8BB685B685C1CBB6874
:1083E0005B681A46B968F86802F040FC054601224D
:1083F000B968F86802F03AFC0346EB1A002BD4BFC8
:1084000001230023DBB22246B968F86802F02EF996
:1084100002F02FB8BB685B689C1CBB685B680133CB
:108420001A46B968F86802F021FC0546BB685B682B
:108430001A46B968F86802F019FC0346194628463E
:10844000FEF77AF903462246B968F86802F00EF999
:1084500002F00FB8BB685B689C1CBB685B680133AB
:108460001A46B968F86802F001FC0546BB685B680B
:108470001A46B968F86802F0F9FB0346194628461F
:10848000FEF76CF903462246B968F86802F0EEF888
:1084900001F0EFBFBB685B689C1CBB685B68013385
:1084A0001A46B968F86802F0E1FB03461D46BB684E
:1084B0005B681A46B968F86802F0D8FB03461946AB
:1084C0002846FEF7BCF903462246B968F86802F070
:1084D000CDF801F0CEBFBB685B689C1CBB685B68D5
:1084E00001331A46B968F86802F0C0FB03461D461E
:1084F000BB685B681A46B968F86802F0B7FB0346C8
:1085000019462846FEF7ADF903462246B968F868D1
:1085100002F0ACF801F0ADBFBB685B68DC1CBB6867
:108520005B6802331A46B968F86802F09FFB05469B
:10853000BB685B6801331A46B968F86802F096FBBD
:108540000646BB685B681A46B968F86802F08EFB9D
:1085500003461A4631462846FEF712F903462246DC
:10856000B968F86802F082F801F083BFBB685B6805
:1085700002331A46B968F86802F078FBF861BB6804
:108580005B6801331A46B968F86802F06FFBC7F8F8
:10859000F000BB685B681A46B968F86802F066FBD1
:1085A000C7F8EC00D7F8EC30002B41F34B87D7F835
:1085B000EC20D7F8F0301344B3F5206F81F24287F6
:1085C000D7F8EC305A00FB691344AF4A934201F3E9
:1085D0003987F969F868FEF7B1F9C7F8E800D7F804
:1085E000EC305A1EC7F8EC20002B14BF01230023E7
:1085F000DBB2002B01F02687D7F8E8305A1CC7F809
:10860000E8201B787B83D7F8E8305A1CC7F8E820AD
:108610001B781B021AB27B8B13437B83D7F8F020A5
:10862000531CC7F8F030B7F91A30B968F86802F08F
:108630001DF8D4E7BB685B689C1C0AF009F8034688
:108640002246B968F86802F011F801F012BF012360
:1086500001F010BFBB685B681A46B968F86802F0A1
:1086600005FB0146FA68894B13441960F86801F06C
:1086700009FF012301F0FEBEBB685B681A46B968BA
:10868000F86802F0F3FA7862BB685B6801331A4657
:10869000B968F86802F0EAFA3862796A386AF6F777
:1086A000E3FE01F0E6BEE8F7EBFC01F0E2BEBB68DA
:1086B0005B681A46B968F86802F0D8FAB862744A7A
:1086C000BB6A03F67143DB0013445A687049BB6A06
:1086D00003F67143DB000B449B6819461046F7F71D
:1086E000A1FD01F0C6BEF7F7B3FDF862BB685A689A
:1086F000FB6AB968F86801F0B9FF01F0BABEBB685F
:108700005B681A46B968F86802F0B0FAC7F8E40086
:108710000023C7F8E030D7F8E0301F2B01F3948630
:10872000D7F8E430002B01F08F86D7F8E43003F05F
:108730000103002B0FD0D7F8E0304FF41C7202FB7E
:1087400003F30833524A1344181D0023002247F64E
:10875000FF71E8F70DFAD7F8E4305B10C7F8E430A2
:10876000D7F8E0300133C7F8E030D4E7BB685B6886
:108770001A46B968F86802F079FAC7F8DC000023F5
:10878000C7F8D830D7F8D8301F2B01F35F86D7F859
:10879000DC30002B01F05A86D7F8DC3003F00103FF
:1087A000002B1DD0D7F8D8304FF41C7202FB03F316
:1087B0000833374A13441C1DD7F8D8304FF41C72C5
:1087C00002FB03F30833324A1344043301211846F1
:1087D000E8F738FA0146002300222046E8F7C8F9F6
:1087E000D7F8DC305B10C7F8DC30D7F8D83001336D
:1087F000C7F8D830C6E7BB685B6802331A46B96869
:10880000F86802F033FAC7F8D400BB685B6801333C
:108810001A46B968F86802F029FA7863BB685B68A1
:108820001A46B968F86802F021FA38630023C7F8DD
:10883000D030D7F8D0301F2B01F30A86D7F8D430C8
:10884000002B01F00586D7F8D43003F00103002B8C
:108850000ED0D7F8D0304FF41C7202FB03F308336C
:108860000B4A1344181D00233A6B796BE8F780F923
:10887000D7F8D4305B10C7F8D430D7F8D0300133F4
:10888000C7F8D030D5E700BF9F86010028AF0100B0
:1088900008F10124BB685B6803331A46B968F868BD
:1088A00002F0E4F9C7F8CC00BB685B6802331A46F3
:1088B000B968F86802F0DAF93864BB685B680133BC
:1088C0001A46B968F86802F0D1F9F863BB685B68CA
:1088D0001A46B968F86802F0C9F9B8630023C7F806
:1088E000C830D7F8C8301F2B01F3B485D7F8CC3087
:1088F000002B01F0AF85D7F8CC3003F00103002B3B
:108900000ED0D7F8C8304FF41C7202FB03F30833C3
:10891000B24A1344181DBB6BFA6B396CE8F728F99F
:10892000D7F8CC305B10C7F8CC30D7F8C83001335B
:10893000C7F8C830D5E7BB685B6801331A46B96829
:10894000F86802F093F9C7F8C400BB685B681A4680
:10895000B968F86802F08AF978640023C7F8C03073
:10896000D7F8C0301F2B01F37785D7F8C430002B20
:1089700001F07285D7F8C43003F00103002B0DD04D
:10898000D7F8C0304FF41C7202FB03F30833934A4C
:1089900013440433796C1846EAF708FBD7F8C4305F
:1089A0005B10C7F8C430D7F8C0300133C7F8C03007
:1089B000D6E7BB685B6802331A46B968F86802F00C
:1089C00055F9C7F8BC00BB685B6801331A46B96843
:1089D000F86802F04BF9F864BB685B681A46B9683E
:1089E000F86802F043F9B8640023C7F8B830D7F844
:1089F000B8301F2B01F33285D7F8BC30002B01F0C3
:108A00002D85D7F8BC3003F00103002B0ED0D7F82A
:108A1000B8304FF41C7202FB03F308336F4A13445F
:108A20000433BA6CF96C1846EAF736FBD7F8BC3059
:108A30005B10C7F8BC30D7F8B8300133C7F8B8308E
:108A4000D5E7BB685B6802331A46B968F86802F07C
:108A50000DF903461846FEF73BFD03464FF41C7222
:108A600002FB03F308335D4A13441C1DBB685B68BB
:108A700001331A46B968F86802F0F8F80546BB6891
:108A80005B681A46B968F86802F0F0F802460023FD
:108A900029462046E8F76CF801F0EBBCBB685B6840
:108AA00002331A46B968F86802F0E0F8C7F8B40073
:108AB000BB685B6801331A46B968F86802F0D6F8FB
:108AC0007865BB685B681A46B968F86802F0CEF84A
:108AD00038650023C7F8B030D7F8B0301F2B01F34A
:108AE000BF84D7F8B430002B01F0BA84D7F8B43083
:108AF00003F00103002B0ED0D7F8B0304FF41C72F6
:108B000002FB03F30833354A1344181D00233A6D62
:108B1000796DE8F743F8D7F8B4305B10C7F8B43094
:108B2000D7F8B0300133C7F8B030D5E7BB685B6821
:108B300003331A46B968F86802F098F8C7F8AC0031
:108B4000BB685B6802331A46B968F86802F08EF8B1
:108B50003866BB685B6801331A46B968F86802F08A
:108B600085F8F865BB685B681A46B968F86802F072
:108B70007DF8B8650023C7F8A830D7F8A8301F2BB8
:108B800001F37084D7F8AC30002B01F06B84D7F878
:108B9000AC3003F00103002B15D0D7F8A8304FF408
:108BA0001C7202FB03F308330C4A13441C1D3B6E7A
:108BB0001DB2B96DF868FDF7B0FE0246FB6D29469F
:108BC0002046EAF749FBD7F8AC305B10C7F8AC3069
:108BD000D7F8A8300133C7F8A830CEE708F1012450
:108BE000BB685B6803331A46B968F86802F03EF860
:108BF000C7F8A400BB685B6802331A46B968F86816
:108C000002F034F8F866BB685B6801331A46B9684D
:108C1000F86802F02BF8B866BB685B681A46B9685A
:108C2000F86802F023F878660023C7F8A030D7F878
:108C3000A0301F2B01F31884D7F8A430002B01F0CB
:108C40001384D7F8A43003F00103002B15D0D7F814
:108C5000A0304FF41C7202FB03F30833B44A1344F0
:108C60001C1DFB6E1DB2796EF868FDF767FE0246AB
:108C7000BB6E29462046EAF746FBD7F8A4305B10C6
:108C8000C7F8A430D7F8A0300133C7F8A030CEE73A
:108C9000BB685B6802331A46B968F86801F0E6FF02
:108CA000C7F89C00BB685B6801331A46B968F8686E
:108CB00001F0DCFF7867BB685B681A46B968F86842
:108CC00001F0D4FF38670023C7F89830D7F8983000
:108CD0001F2B01F3CB83D7F89C30002B01F0C68308
:108CE000D7F89C3003F00103002B0FD0D7F8983051
:108CF0004FF41C7202FB03F308338D4A1344043310
:108D00007A6F11B23A6F1846EAF75AFAD7F89C30E0
:108D10005B10C7F89C30D7F898300133C7F898300B
:108D2000D4E7BB685B6802331A46B968F86801F09B
:108D30009DFFC7F89400BB685B6801331A46B968A9
:108D4000F86801F093FFC7F88000BB685B681A46BB
:108D5000B968F86801F08AFFF8670023C7F8903017
:108D6000D7F890301F2B01F38383D7F89430002B72
:108D700001F07E83D7F8943003F00103002B27D055
:108D8000D7F890304FF41C7202FB03F3694A134486
:108D9000BB670023C7F88C30D7F88C20FB6F9A4252
:108DA00016DAD7F88020D7F88C3013441A46B96801
:108DB000F86801F05BFF03461BB201221946B86F49
:108DC000EAF7FEF9D7F88C300133C7F88C30E3E7C7
:108DD000D7F894305B10C7F89430D7F8903001334F
:108DE000C7F89030BCE7BB685B681A46B968F8689A
:108DF00001F03CFF014600230093002300224E486F
:108E000004F0FFFD01F035BBBB685B6801331A4617
:108E1000B968F86801F02AFF0446BB685B681A4627
:108E2000B968F86801F022FF02460023009300238E
:108E30002146414804F0E5FD01F01BBBBB685B68BF
:108E400002331A46B968F86801F010FF0446BB689F
:108E50005B6801331A46B968F86801F007FF0546F8
:108E6000BB685B681A46B968F86801F0FFFE034604
:108E7000002200922A4621462F4804F0C2FD01F04C
:108E8000F8BABB685B6803331A46B968F86801F042
:108E9000EDFE0446BB685B6802331A46B968F868A1
:108EA00001F0E4FE0546BB685B6801331A46B96809
:108EB000F86801F0DBFE0646BB685B681A46B968D5
:108EC000F86801F0D3FE0346009333462A46214654
:108ED000194804F096FD01F0CCBA174804F0BAFD29
:108EE00001F0C7BA144804F0C6FD01F0C2BABB686D
:108EF0005B689C1CBB685B6801331A46B968F868FC
:108F000001F0B4FE0546BB685B681A46B968F868AC
:108F100001F0ACFE034619462846E9F707FC034674
:108F20002246B968F86801F0A1FB01F0A2BA00BFBF
:108F300008F1012414F101242C020024BB685B68B1
:108F4000DC1CBB685B6802331A46B968F86801F03C
:108F50008DFE0546BB685B6801331A46B968F86840
:108F600001F084FE0646BB685B681A46B968F8687B
:108F700001F07CFE03461A4631462846E9F72EFCEE
:108F800003462246B968F86801F070FB01F071BA37
:108F9000BB685B68DC1CBB685B6802331A46B96857
:108FA000F86801F063FE0546BB685B6801331A464A
:108FB000B968F86801F05AFE0646BB685B681A4655
:108FC000B968F86801F052FE03461946F868FDF7E3
:108FD0000AFD03461A4631462846E9F757FC034680
:108FE0002246B968F86801F041FB01F042BABB685B
:108FF0005B689C1CBB685B6801331A46B968F868FB
:1090000001F034FE0546BB685B681A46B968F8682B
:1090100001F02CFE03461946284606F083F9034664
:109020002246B968F86801F021FB01F022BABB685A
:109030005B685C1CBB685B681A46B968F86801F03D
:1090400015FE0346184606F097F903462246B9680E
:10905000F86801F00BFB01F00CBABB685B68DC1C24
:10906000BB685B6802331A46B968F86801F0FEFD18
:109070000546BB685B6801331A46B968F86801F0B9
:10908000F5FD0646BB685B681A46B968F86801F0EA
:10909000EDFD03461A463146284606F0B9F9034667
:1090A0002246B968F86801F0E1FA01F0E2B9BB685C
:1090B0005B68DC1CBB685B6802331A46B968F868F9
:1090C00001F0D4FD0546BB685B6801331A46B968F8
:1090D000F86801F0CBFD0646BB685B681A46B968C4
:1090E000F86801F0C3FD03461A463146284606F0EB
:1090F000ADF903462246B968F86801F0B7FA01F005
:10910000B8B9BB685B689C1CBB685B6801331A46D6
:10911000B968F86801F0AAFD0546BB685B681A46A5
:10912000B968F86801F0A2FD03461946284606F022
:109130009FF903462246B968F86801F097FA01F0F2
:1091400098B9BB685B689C1CBB685B6801331A46B6
:10915000B968F86801F08AFD0546BB685B681A4685
:10916000B968F86801F082FD03461946284606F002
:1091700093F903462246B968F86801F077FA01F0DE
:1091800078B9BB685B689C1CBB685B6801331A4696
:10919000B968F86801F06AFD0546BB685B681A4665
:1091A000B968F86801F062FD03461946284606F0E2
:1091B00087F903462246B968F86801F057FA01F0CA
:1091C00058B9BB685B6802331A46B968F86801F0A1
:1091D0004DFD0446BB685B6801331A46B968F86800
:1091E00001F044FD0546BB685B681A46B968F8683B
:1091F00001F03CFD03462A462146AA4805F033FF0C
:1092000001F037B9A74806F05FF801F032B9BB6842
:109210005B6802331A46B968F86801F027FD044616
:10922000BB685B6801331A46B968F86801F01EFD37
:109230000546BB685B681A46B968F86801F016FD18
:1092400003462A462146974805F0A1FF01F011B9CF
:10925000BB685B685C1CBB685B681A46B968F868E9
:1092600001F004FD03461846FDF7A4FC0346224620
:10927000B968F86801F0FAF901F0FBB8BB685B68FF
:10928000DC1CBB685B6802331A46B968F86801F0F9
:10929000EDFC03461846FEF71BF903464FF41C721B
:1092A00002FB03F30833804A13441D1DBB685B684F
:1092B00001331A46B968F86801F0D8FC03461EB2BB
:1092C000BB685B681A46B968F86801F0CFFC0346D2
:1092D0001A4631462846E9F773FF03462246B96825
:1092E000F86801F0C3F901F0C4B8BB685B681D1DE4
:1092F000BB685B6803331A46B968F86801F0B6FCCE
:1093000003461846FEF7E4F803464FF41C7202FBCE
:1093100003F30833644A13441E1DBB685B680233C1
:109320001A46B968F86801F0A1FC03460FFA83F801
:10933000FB6842F604041C44BB685B6801331A46B0
:10934000B968F86801F092FC03461C44BB685B688E
:109350001A46B968F86801F089FC0346224641467E
:109360003046E9F779FF03462A46B968F86801F004
:109370007DF901F07EB8BB685B681C1DBB685B684B
:1093800003331A46B968F86801F070FC03461846C2
:10939000FEF79EF803464FF41C7202FB03F30833FA
:1093A000414A13441D1DBB685B6802331A46B96805
:1093B000F86801F05BFC03461EB2BB685B680133D2
:1093C0001A46B968F86801F051FC03460FFA83F8B1
:1093D000BB685B681A46B968F86801F047FC034649
:1093E000424631462846E9F7EFFF03462246B96870
:1093F000F86801F03BF901F03CB8BB685B685C1CA5
:10940000BB685B6801331A46B968F86801F02EFC46
:1094100003461846FEF75CF803464FF41C7202FB45
:1094200003F30833204A134404331846FEF722F8A6
:1094300003462246B968F86801F018F901F019B836
:10944000BB685B685C1CBB685B6801331A46B96823
:10945000F86801F00BFC03461846FEF739F803469E
:109460004FF41C7202FB03F308330F4A1344043316
:109470001846FEF70EF803462246B968F86801F070
:10948000F5F800F0F6BFBB685A684FF48073B9680E
:10949000F86801F0EBF800F0ECBF044804F080FB42
:1094A00000F0E7BFD07C022408F10124207D0224D3
:1094B000BB685B6806331A46B968F868FDF7B8FA06
:1094C000B0EE408ABB685B6805331A46B968F86835
:1094D000FDF7AEFAF0EE408ABB685B6804331A46CB
:1094E000B968F868FDF7A4FAB0EE409ABB685B680B
:1094F00003331A46B968F868FDF79AFAF0EE409A15
:10950000BB685B6802331A46B968F868FDF790FAE1
:10951000B0EE40AABB685B6801331A46B968F868C8
:10952000FDF786FAF0EE40AABB685B681A46B96898
:10953000F868FDF77DFAF0EE407AB0EE673AF0EEAB
:109540006A2AB0EE4A2AF0EE691AB0EE491AF0EE35
:10955000680AB0EE480ABE4804F02EFB00F089BF4E
:10956000BB685B685C1CBB685B681A46B968F868D6
:10957000FDF75EFAF0EE407AB0EE670A06F058FDAD
:10958000F0EE407AB0EE670A2246B968F868FDF757
:1095900039FA00F06EBFBB685B685C1CBB685B6837
:1095A0001A46B968F868FDF743FAF0EE407AB0EE73
:1095B000670A07F055FBF0EE407AB0EE670A2246E4
:1095C000B968F868FDF71EFA00F053BFBB685B6826
:1095D00003331A46B968F868FDF72AFAB0EE408AF4
:1095E000BB685B6802331A46B968F868FDF720FA71
:1095F000F0EE408ABB685B6801331A46B968F868C8
:10960000FDF716FAB0EE409ABB685B681A46B96877
:10961000F868FDF70DFAF0EE407AF0EE671AB0EE5A
:10962000491AF0EE680AB0EE480AF868FDF78AFFBA
:1096300000F01FBF40F60C22B968F86801F016FB75
:1096400007EE900AF8EEE77A9FED827A87EE878A36
:1096500040F60D22B968F86801F008FB07EE900AA1
:10966000F8EEE77A9FED7B7AC7EE878A40F60E2206
:10967000B968F86801F0FAFA07EE900AF8EEE77AAE
:109680009FED747A87EE879A40F60F22B968F868E2
:1096900001F0ECFA07EE900AF8EEE77ADFED6D6A7A
:1096A00087EEA67AF0EE471AB0EE491AF0EE680A95
:1096B000B0EE480AF868FDF745FF00F0DABEBB6877
:1096C0005B685C1CBB685B681A46B968F868FDF7A4
:1096D000AFF9F0EE407AB0EE670A07F061FBF0EE0A
:1096E000407AB0EE670A2246B968F868FDF78AF951
:1096F00000F0BFBEBB685B685C1CBB685B681A4659
:10970000B968F868FDF794F9F0EE407AB0EE670AB0
:1097100007F078FBF0EE407AB0EE670A2246B968AF
:10972000F868FDF76FF900F0A4BEBB685B685C1CCD
:10973000BB685B681A46B968F868FDF779F9F0EE1E
:10974000407AB0EE670A06F04FFDF0EE407AB0EED8
:10975000670A2246B968F868FDF754F900F089BE37
:10976000BB685B689C1CBB685B6801331A46B968C0
:10977000F868FDF75DF9B0EE408ABB685B681A4691
:10978000B968F868FDF754F9F0EE407AF0EE670A30
:10979000B0EE480A07F068FBF0EE407AB0EE670AD8
:1097A0002246B968F868FDF72DF900F062BEBB6883
:1097B0005B685C1CBB685B681A46B968F868FDF7B3
:1097C00037F9F0EE407AB0EE670A07F0A5F9F0EE4F
:1097D000407AB0EE670A2246B968F868FDF712F9D8
:1097E00000F047BEBB685B685C1CBB685B681A46E0
:1097F000B968F868FDF71CF9F0EE407AB0EE670A38
:1098000007F034FBF0EE407AB0EE670A2246B96802
:10981000F868FDF7F7F800F02CBEBB685B685C1CCD
:10982000BB685B681A46B968F868FDF701F9F0EEA5
:10983000407AB0EE670A07F0ABFBF0EE407AB0EE8C
:10984000670A2246B968F868FDF7DCF800F011BE37
:10985000207D022400008046BB685B685C1CBB68FE
:109860005B681A46B968F868FDF7E2F8F0EE407AEE
:10987000B0EE670A07F078F9F0EE407AB0EE670ACA
:109880002246B968F868FDF7BDF800F0F2BDBB6884
:109890005B685C1CBB685B681A46B968F868FDF7D2
:1098A000C7F8F0EE407AB0EE670A06F0B3FDF0EECE
:1098B000407AB0EE670A2246B968F868FDF7A2F868
:1098C00000F0D7BDBB685B681A46B968F86801F05C
:1098D000CDF9C7F88400BB685B689C1CBB685B68FB
:1098E00001331A46B968F868FDF7A2F8F0EE407A3D
:1098F00007F114031846B0EE670A06F04BFEF0EECF
:10990000407AB0EE670A2246B968F868FDF77AF83F
:109910007B69D7F88420B968F86800F0A7FE00F0EA
:10992000A8BDBB685B689C1CBB685B6801331A46BA
:10993000B968F868FDF77CF8B0EE408ABB685B68F0
:109940001A46B968F86801F091F903461846B0EE76
:10995000480A06F045FEF0EE407AB0EE670A22466D
:10996000B968F868FDF74EF800F083BDBB685B6826
:109970005C1CBB685B681A46B968F868FDF758F864
:10998000F0EE407AB0EE670A06F050FEF0EE407A54
:10999000B0EE670A2246B968F868FDF733F800F0C0
:1099A00068BDBB685B685C1CBB685B681A46B968CD
:1099B000F868FDF73DF8F0EE407AB0EE670A07F080
:1099C000B1FAF0EE407AB0EE670A2246B968F8685C
:1099D000FDF718F800F04DBDBB685B681A46B96822
:1099E000F86801F043F9C7F88800BB685B689C1C05
:1099F000BB685B6801331A46B968F868FDF718F868
:109A0000F0EE407A07F110031846B0EE670A06F050
:109A100073FEF0EE407AB0EE670A2246B968F86845
:109A2000FCF7F0FFD7ED047AB0EE670AD7F888208C
:109A3000B968F868FCF7E6FF00F01BBDBB685B681F
:109A40009C1CBB685B6801331A46B968F868FCF770
:109A5000EFFFB0EE408ABB685B681A46B968F868E9
:109A600001F004F907EE900AF8EEE77AF0EE670AE3
:109A7000B0EE480A06F07CFEF0EE407AB0EE670ADF
:109A80002246B968F868FCF7BDFF00F0F2BCBB687D
:109A90005B685C1CBB685B681A46B968F868FCF7D1
:109AA000C7FFF0EE407AB0EE670A07F0A1FAF0EED9
:109AB000407AB0EE670A2246B968F868FCF7A2FF60
:109AC00000F0D7BCBB685B685C1CBB685B681A466F
:109AD000B968F868FCF7ACFFF0EE407AB0EE670AC0
:109AE00006F056FCF0EE407AB0EE670A2246B968FE
:109AF000F868FCF787FF00F0BCBCBB685B685C1CC7
:109B0000BB685B681A46B968F868FCF791FFF0EE2D
:109B1000407AF0EEE77AB0EE670A2246B968F86854
:109B2000FCF770FF00F0A5BCBB685B685C1CBB6801
:109B30005B681A46B968F868FCF77AFFF0EE407A7D
:109B4000B0EE670A06F0E4FCF0EE407AB0EE670A89
:109B50002246B968F868FCF755FF00F08ABCBB687C
:109B60005B689C1CBB685B6801331A46B968F8687F
:109B7000FCF75EFFB0EE408ABB685B681A46B968C6
:109B8000F86801F073F807EE900AF8EEE77AF0EE65
:109B9000670AB0EE480A07F099F9F0EE407AB0EEA5
:109BA000670A2246B968F868FCF72CFF00F061BC30
:109BB000BB685B6804331A46B968F86801F056F868
:109BC00003461946F868FCF749FF0446BB685B6822
:109BD00003331A46B968F868FCF72AFFB0EE408AEA
:109BE000BB685B6802331A46B968F868FCF720FF67
:109BF000F0EE408ABB685B6801331A46B968F868C2
:109C0000FCF716FFB0EE409ABB685B681A46B9686D
:109C1000F868FCF70DFFF0EE407AF0EE671AB0EE50
:109C2000491AF0EE680AB0EE480A2146F868FDF7D6
:109C300059FD00F01EBCBB685B681A46B968F8683D
:109C400001F014F803461946F868FCF707FF0446CC
:109C500040F60C22B968F86801F008F807EE900A9F
:109C6000F8EEE77A9FEDC67A87EE878A40F60D22F6
:109C7000B968F86800F0FAFF07EE900AF8EEE77AA4
:109C80009FEDBF7AC7EE878A40F60E22B968F86862
:109C900000F0ECFF07EE900AF8EEE77A9FEDB87A55
:109CA00087EE879A40F60F22B968F86800F0DEFF69
:109CB00007EE900AF8EEE77ADFEDB16A87EEA67A52
:109CC000F0EE471AB0EE491AF0EE680AB0EE480A14
:109CD0002146F868FDF706FDCBE3BB685B681A46D2
:109CE000B968F86800F0C2FF03461946F868FCF747
:109CF000B5FE044640F60C22B968F86800F0B6FFDD
:109D000007EE900AF8EEE77A9FED9D7A87EE878A54
:109D100040F60D22B968F86800F0A8FF07EE900A37
:109D2000F8EEE77A9FED967AC7EE878A40F60E2224
:109D3000B968F86800F09AFF07EE900AF8EEE77A43
:109D40009FED8F7A87EE879A40F60F22B968F86800
:109D500000F08CFF07EE900AF8EEE77ADFED886AF4
:109D600087EEA67AF0EE471AB0EE491AF0EE680ACE
:109D7000B0EE480A2146F868FDF7A0FD79E3BB681C
:109D80005B6803331A46B968F86800F06FFF034652
:109D90001946F868FCF762FE0446BB685B6802334C
:109DA0001A46B968F868FCF743FEB0EE408ABB6813
:109DB0005B6801331A46B968F868FCF739FEF0EEC3
:109DC000408ABB685B681A46B968F868FCF730FEE1
:109DD000F0EE407AB0EE671AF0EE680AB0EE480A8C
:109DE0002046FCF7C9FF44E3BB685B6802331A46B0
:109DF000B968F86800F03AFF03461946F868FCF7BE
:109E00002DFE0446BB685B6801331A46B968F868E2
:109E100000F02CFF03461946F868FCF71FFE0546C4
:109E2000BB685B681A46B968F86800F01FFF034614
:109E30001946F868FCF712FE03461A4629462046E2
:109E4000FCF7B5FF15E3BB685B6802331A46B968D7
:109E5000F86800F00BFF03461946F868FCF7FEFDB2
:109E60000446BB685B6801331A46B968F86800F0BD
:109E7000FDFE03461946F868FCF7F0FD0546BB6891
:109E80005B681A46B968F86800F0F0FE03461946A8
:109E9000F868FCF7E3FD03461A4629462046FCF71E
:109EA000B9FFE6E2BB685B681C1DBB685B680333F7
:109EB0001A46B968F86800F0D9FE03461946F868F2
:109EC000FCF7CCFD0546BB685B6802331A46B968EF
:109ED000F868FCF7ADFDB0EE408ABB685B68013303
:109EE0001A46B968F868FCF7A3FDF0EE408ABB6833
:109EF0005B681A46B968F868FCF79AFDF0EE407A9C
:109F0000B0EE671AF0EE680AB0EE480A2846FCF791
:109F1000B4FFF0EE407AB0EE670A2246B968F868FE
:109F2000FCF770FDA5E2BB685B681C1DBB685B6845
:109F300001331A46B968F86800F098FE03461946DE
:109F4000F868FCF78BFD0546BB685B681A46B96884
:109F5000F86800F08BFE03461946F868FCF77EFDB2
:109F6000034619462846FCF7B4FFF0EE407AB0EEFF
:109F7000670A2246B968F868FCF744FD79E200BF39
:109F800000008046BB685B6802331A46B968F8680F
:109F900000F06CFE03461946F868FCF75FFD0446C6
:109FA000BB685B6801331A46B968F86800F05EFE6A
:109FB00003461946F868FCF751FD0546BB685B6827
:109FC0001A46B968F868FCF733FDF0EE407AB0EE57
:109FD000670A29462046FCF79CFF4AE2BB685B689B
:109FE00002331A46B968F86800F040FE0346194685
:109FF000F868FCF733FD0446BB685B6801331A461A
:10A00000B968F86800F032FE03461946F868FCF7B4
:10A0100025FD0546BB685B681A46B968F868FCF719
:10A0200007FDF0EE407AB0EE670A29462046FCF7BD
:10A030009FFF1EE2BB685B6802331A46B968F86886
:10A0400000F014FE03461946F868FCF707FD0446C5
:10A05000BB685B6801331A46B968F86800F006FE11
:10A0600003461946F868FCF7F9FC0546BB685B68CF
:10A070001A46B968F868FCF7DBFCF0EE407AB0EEFF
:10A08000670A29462046FCF7A2FFF2E1BB685B683D
:10A0900002331A46B968F86800F0E8FD034619462D
:10A0A000F868FCF7DBFC0446BB685B6801331A46C2
:10A0B000B968F86800F0DAFD03461946F868FCF75D
:10A0C000CDFC0546BB685B681A46B968F868FCF7C2
:10A0D000AFFCF0EE407AB0EE670A29462046FCF766
:10A0E000A5FFC6E1BB685B6809331A46B968F86822
:10A0F00000F0BCFD03461946F868FCF7AFFC0446C7
:10A10000BB685B6808331A46B968F868FCF790FCCE
:10A11000B0EE408ABB685B6807331A46B968F868D6
:10A12000FCF786FCF0EE408ABB685B6806331A4693
:10A13000B968F868FCF77CFCB0EE409ABB685B68D5
:10A1400005331A46B968F868FCF772FCF0EE409ADD
:10A15000BB685B6804331A46B968F868FCF768FCAA
:10A16000B0EE40AABB685B6803331A46B968F8686A
:10A17000FCF75EFCF0EE40AABB685B6802331A464F
:10A18000B968F868FCF754FCB0EE40BABB685B688D
:10A1900001331A46B968F868FCF74AFCF0EE40BA99
:10A1A000BB685B681A46B968F868FCF741FCF0EEDA
:10A1B000407AB0EE674AF0EE6B3AB0EE4B3AF0EE12
:10A1C0006A2AB0EE4A2AF0EE691AB0EE491AF0EEA9
:10A1D000680AB0EE480A2046FCF757FF49E1BB6821
:10A1E0005B6801331A46B968F86800F03FFD034622
:10A1F0001946F868FCF732FC0446BB685B681A46EF
:10A20000B968F868FCF714FCF0EE407AB0EE670A23
:10A210002046FCF779FF2CE1BB685B6801331A46E6
:10A22000B968F86800F022FD03461946F868FCF7A3
:10A2300015FC0446BB685B681A46B968F868FCF709
:10A24000F7FBF0EE407AB0EE670A2046FCF77CFFA1
:10A250000FE1BB685B6801331A46B968F86800F023
:10A2600005FD03461946F868FCF7F8FB0446BB6891
:10A270005B681A46B968F86800F0F8FC03461946AE
:10A28000F868FCF7EBFB034619462046FCF77EFF17
:10A29000EFE0BB685B6801331A46B968F86800F004
:10A2A000E5FC03461946F868FCF7D8FB0446BB6892
:10A2B0005B681A46B968F86800F0D8FC034619468E
:10A2C000F868FCF7CBFB034619462046FCF76CFF09
:10A2D000CFE0BB685B6802331A46B968F86800F0E3
:10A2E000C5FC03461946F868FCF7B8FB0446BB6892
:10A2F0005B6801331A46B968F86800F0B7FC03469A
:10A300001946F868FCF7AAFB0546BB685B681A4665
:10A31000B968F86800F0AAFC03461946F868FCF72B
:10A320009DFB03461A4629462046FCF7A7FFA0E0FE
:10A33000BB685B6802331A46B968F86800F096FC9F
:10A3400003461946F868FCF789FB0446BB685B685E
:10A3500001331A46B968F86800F088FC03461946CC
:10A36000F868FCF77BFB0546BB685B681A46B96872
:10A37000F868FCF75DFBF0EE407AB0EE670A29461C
:10A380002046FCF7EFFF74E0BB685B6802331A46B7
:10A39000B968F86800F06AFC03461946F868FCF7EB
:10A3A0005DFB0446BB685B6801331A46B968F86810
:10A3B00000F05CFC03461946F868FCF74FFB0546C5
:10A3C000BB685B681A46B968F86800F04FFC034642
:10A3D0001946F868FCF742FB03461A462946204610
:10A3E000FCF7E6FF45E0BB685B6802331A46B968D4
:10A3F000F86800F03BFC03461946F868FCF72EFBB2
:10A400000446BB685B6801331A46B968F86800F017
:10A410002DFC03461946F868FCF720FB0546BB688F
:10A420005B681A46B968F86800F020FC03461946D4
:10A43000F868FCF713FB03461A4629462046FCF74A
:10A44000E8FF16E000BF14E000BF12E000BF10E01C
:10A4500000BF0EE000BF0CE000BF0AE000BF08E054
:10A4600000BF06E000BF04E000BF02E000BF00E064
:10A4700000BF00231846F837BD46BDEC088BBDE889
:10A48000F08100BF80B582B000AF78607A680E4B73
:10A49000134480220021184608F028F87B6803F551
:10A4A000205340F2FF321A607B684FF48052002143
:10A4B000184608F01BF87A68044B134400221A600F
:10A4C00000BF0837BD4680BDA4AE010024AF010027
:10A4D00080B582B000AF78607B6803F580534FF49D
:10A4E00000620021184608F001F87A680E4B134408
:10A4F0004FF0FF321A607A680C4B134445221A6001
:10A500007A680B4B134444221A607A68094B13444F
:10A510004FF0FF321A607A68074B134414221A6016
:10A5200000BF0837BD4680BD28AF01002CAF010039
:10A5300030AF01005CAF010060AF010090B585B0A5
:10A5400000AF78600B46FB707868FFF79BFF786878
:10A55000FCF738FA01467A68424B134419607A686E
:10A56000404B13441B68002B77DD7868FCF7F7F944
:10A57000B8600023FB60BA68FB6813441A460021E8
:10A580007868FCF7C7FA0346002B14BF01230023A9
:10A59000DBB2002B1BD0BA68FB6813441A460021BB
:10A5A0007868FCF7B7FA0446BA68FB6813440333CB
:10A5B0001A4600217868FCF7D5FA034622460021A6
:10A5C000786800F053F8FB680733FB60D3E77868DE
:10A5D000FCF7D6F90346002B0BDD7868FCF7D0F9C1
:10A5E00001467A681F4B13441B68994201DA012324
:10A5F00000E00023002B30D07B681B4C1C447868A3
:10A60000FCF7BEF901467B6803F520531B681A4628
:10A610002046FCF763F8FB78002B06D07A68124BD3
:10A6200013441846FCF777F80AE07B680E48184494
:10A630007A680C4B13441B681A460021E6F7C2FBEC
:10A640007868FCF7AEF902467B6803F520531B6877
:10A650009A1A7B6803F520531A6000BF1437BD4671
:10A6600090BD00BF24AF0100A4AE010080B586B04C
:10A6700000AFF860B9607A603B607B68002B09DD51
:10A680007B68B3F5206F05DAFB687A68396843F8B0
:10A690002210DAE27B6840F63122934258DD7B6873
:10A6A00040F6B142934253DC7B68A3F632237B60D1
:10A6B0007B68002B00DA0F331B117B617B691B0168
:10A6C0007A68D31A3B613B69002B09D13B6847F696
:10A6D000F972934204D1FA68C04B134400221A6005
:10A6E0007B694FF41C7202FB03F30833BC4A13442A
:10A6F00004331846E6F779FA0346002B04D03B6989
:10A70000002B01D1012300E00023002B11D07B6935
:10A710004FF41C7202FB03F30833B14A1344181DB3
:10A72000FA68AE4B13441A6800233968E6F720FA3A
:10A730008BE27B694FF41C7202FB03F30833A84AD7
:10A74000134404333A6839691846FCF7AEFE7CE2DC
:10A750007B6840F62E22934200F3D4807B68B3F5E9
:10A76000206F67DA66E27B68A3F6B2432E2B00F215
:10A77000618201A252F823F07DA9010889A901088C
:10A7800095A90108A1A90108ADA90108B9A9010865
:10A79000C5A90108D1A9010835AC010835AC0108EB
:10A7A00035AC010835AC010835AC010835AC010801
:10A7B00051AA010859AA010861AA010869AA010859
:10A7C00071AA010879AA010881AA010889AA0108C9
:10A7D00091AA010899AA0108A1AA0108A9AA010839
:10A7E000BBAA0108CDAA0108DFAA0108F1AA010845
:10A7F00003AB010815AB010827AB010839AB010811
:10A800004BAB01085DAB01086FAB010881AB0108E0
:10A8100093AB0108A5AB0108B7AB0108C9AB0108B0
:10A82000DBAB0108EDAB0108FFAB010811AC01087F
:10A8300023AC01087B68A3F520632E2B00F2FA817C
:10A8400001A252F823F000BF45AC010845AC010855
:10A8500045AC010845AC010845AC010845AC010810
:10A8600045AC010845AC010845AC010845AC010800
:10A8700045AC010845AC010845AC010845AC0108F0
:10A8800045AC010845AC010845AC010845AC0108E0
:10A8900045AC010845AC010845AC01081DA90108FB
:10A8A00029A9010835A9010841A901084DA90108F4
:10A8B00059A9010865A9010871A9010835AC010869
:10A8C00035AC010835AC010835AC010835AC0108E0
:10A8D00035AC010835AC010835AC010835AC0108D0
:10A8E00035AC010835AC010835AC010835AC0108C0
:10A8F00035AC010821AA01082DAA010839AA0108CE
:10A9000045AA01087B68B3F54E6F00F393817B681D
:10A9100040F6B2429342BFF626AF8BE1FA68314B64
:10A9200013443A681A6090E1FA682F4B13443A686E
:10A930001A608AE1FA682D4B13443A681A6084E180
:10A94000FA682B4B13443A681A607EE1FA68234B8D
:10A9500013443A681A6078E1FA68264B13443A685F
:10A960001A6072E1FA68244B13443A681A606CE189
:10A97000FA68224B13443A681A6066E1FA68204B81
:10A9800013443A681A6060E1FA681E4B13443A684F
:10A990001A605AE1FA681C4B13443A681A6054E191
:10A9A000FA681A4B13443A681A604EE1FA68184B79
:10A9B00013443A681A6048E1FA68164B13443A683F
:10A9C0001A6042E1FA68144B13443A681A603CE199
:10A9D000FA68124B13443A681A6036E160AF01001E
:10A9E00008F101242CAF010030AF010034AF0100A9
:10A9F0005CAF0100ACAF0100B0AF010064AF01007B
:10AA00003CAF010040AF010044AF010048AF01007E
:10AA10004CAF010050AF010054AF010058AF01002E
:10AA2000FA688C4B13443A681A600EE1FA688A4B54
:10AA300013443A681A6008E1FA68884B13443A688C
:10AA40001A6002E1FA68864B13443A681A60FCE027
:10AA5000844A3B685362F8E0824A3B689362F4E0C0
:10AA6000804A3B68D362F0E07E4A3B681363ECE0C7
:10AA70007C4A3B685363E8E07A4A3B689363E4E0CE
:10AA8000784A3B68D363E0E0764A3B681364DCE0D5
:10AA9000744A3B685364D8E0724A3B689364D4E0DC
:10AAA000704A3B68D364D0E03868FBF710FFF0EEE3
:10AAB000407A6D4BC3ED007AC7E03868FBF707FFBB
:10AAC000F0EE407A684BC3ED017ABEE03868FBF7E0
:10AAD000FEFEF0EE407A644BC3ED027AB5E03868D2
:10AAE000FBF7F5FEF0EE407A5F4BC3ED037AACE086
:10AAF0003868FBF7ECFEF0EE407A5B4BC3ED047A6E
:10AB0000A3E03868FBF7E3FEF0EE407A564BC3ED66
:10AB1000057A9AE03868FBF7DAFEF0EE407A524B9D
:10AB2000C3ED067A91E03868FBF7D1FEF0EE407A8B
:10AB30004D4BC3ED077A88E03868FBF7C8FEF0EEAE
:10AB4000407A494BC3ED087A7FE03868FBF7BFFED7
:10AB5000F0EE407A444BC3ED097A76E03868FBF7B3
:10AB6000B6FEF0EE407A404BC3ED0A7A6DE03868ED
:10AB7000FBF7ADFEF0EE407A3B4BC3ED0B7A64E0A1
:10AB80003868FBF7A4FEF0EE407A374BC3ED0C7A41
:10AB90005BE03868FBF79BFEF0EE407A324BC3ED8A
:10ABA0000D7A52E03868FBF792FEF0EE407A2E4BB9
:10ABB000C3ED0E7A49E03868FBF789FEF0EE407A83
:10ABC000294BC3ED0F7A40E03868FBF780FEF0EECA
:10ABD000407A254BC3ED107A37E03868FBF777FEF3
:10ABE000F0EE407A204BC3ED117A2EE03868FBF787
:10ABF0006EFEF0EE407A1C4BC3ED127A25E0386809
:10AC0000FBF765FEF0EE407A174BC3ED137A1CE0BC
:10AC10003868FBF75CFEF0EE407A134BC3ED147A14
:10AC200013E03868FBF753FEF0EE407A0E4BC3EDAD
:10AC3000157A0AE0BB68002B06D07968B868FBF784
:10AC400029FD01E000BF00E000BF00BF1837BD468E
:10AC500080BD00BF74AF010078AF01007CAF010080
:10AC600080AF0100D07C0224207D022480B586B014
:10AC700000AFF860B9607A607B68002B08DD7B6804
:10AC8000B3F5206F04DAFB687A6853F8223055E395
:10AC90007B6840F62E22934200F3E2807B68B3F596
:10ACA000206F75DA1AE37B68A3F6B243352B00F206
:10ACB000158301A252F823F081AF01088BAF010880
:10ACC00095AF01089FAF0108A9AF0108B3AF010814
:10ACD000BDAF0108C7AF010817B0010821B00108D6
:10ACE0002BB0010835B001083FB0010849B0010898
:10ACF00053B0010859B001085FB0010865B0010800
:10AD00006BB0010871B0010877B001087DB001088F
:10AD100083B0010889B001088FB0010895B001081F
:10AD2000A7B00108B9B00108CBB00108DDB0010837
:10AD30005DB101086FB1010881B1010893B101084B
:10AD4000A5B10108B7B10108C9B10108DBB101081B
:10AD5000EDB10108FFB1010811B2010823B20108E9
:10AD600035B2010847B2010859B201086BB20108B7
:10AD70007DB201088FB20108A1B20108ABB201088F
:10AD8000B5B20108BFB20108C9B20108D3B20108C7
:10AD90007B68A3F520632E2B00F2A08201A252F85B
:10ADA00023F000BF7BAE010885AE01088FAE01081D
:10ADB00099AE0108A1AE0108A9AE0108B1AE010823
:10ADC000BBAE0108C5AE0108CFAE0108D7AE010881
:10ADD000DFAE0108E7AE0108EFAE0108F7AE0108EB
:10ADE000FFAE010807AF01080FAF010817AF010858
:10ADF0001FAF010827AF010831AF01083BAF0108C1
:10AE000045AF01086DAF010877AF01084FAF0108EA
:10AE100059AF010863AF0108DDB20108DDB20108D6
:10AE2000DDB20108DDB20108DDB20108DDB20108C2
:10AE3000DDB20108DDB20108DDB20108DDB20108B2
:10AE4000DDB20108F9AF010803B001080DB0010837
:10AE5000D1AF0108DBAF0108E5AF0108EFAF010892
:10AE60007B6840F6E742934200F338827B6840F605
:10AE7000B2429342BFF617AF30E29D48E6F788F83A
:10AE800003465BE29A48E6F78FF8034656E2984895
:10AE9000E6F796F8034651E2954BB3F954304DE28C
:10AEA000934BB3F9563049E2914BB3F9583045E230
:10AEB0008F48FCF722FB034640E28D48FCF729FB54
:10AEC00003463BE28A48FCF730FB034636E2884BF8
:10AED000B3F9503132E2864BB3F952312EE2844B52
:10AEE000B3F954312AE2824BB3F9443026E2804B65
:10AEF000B3F9463022E27E4BB3F948301EE27C4B78
:10AF0000B3F94A301AE27A4BB3F94C3016E2784B77
:10AF1000D3F8403112E2764BD3F844310EE2744B51
:10AF2000D3F848310AE2FA68724B13441B6805E211
:10AF3000FA68714B13441B6800E2FA686F4B1344C4
:10AF40001B68FBE1FA686E4B13441B68F6E1FA6874
:10AF50006C4B13441B68F1E1FA686B4B13441B689C
:10AF6000ECE1FA68694B13441B68E7E1FA68684B47
:10AF700013441B68E2E1FA68664B13441B68DDE189
:10AF8000FA68654B13441B68D8E1FA68634B1344B5
:10AF90001B68D3E1FA68624B13441B68CEE1FA6880
:10AFA000604B13441B68C9E1FA685F4B13441B688C
:10AFB000C4E1FA685D4B13441B68BFE1FA685C4B5F
:10AFC00013441B68BAE1FA685A4B13441B68B5E195
:10AFD000FA68594B13441B68B0E1FA68574B1344A5
:10AFE0001B68ABE1FA68564B13441B68A6E1FA688C
:10AFF000544B13441B68A1E1FA68534B13441B687C
:10B000009CE1FA68514B13441B6897E1FA68504B76
:10B0100013441B6892E14F48FBF7EAFD03468DE1BC
:10B020004C48FBF7FDFD034688E14A48FBF7ECFD81
:10B03000034683E14748FBF7FFFD03467EE14548B1
:10B04000FBF706FE034679E14248FBF70DFE034697
:10B0500074E1404B5B6A71E13E4B9B6A6EE13D4B94
:10B06000DB6A6BE13B4B1B6B68E13A4B5B6B65E169
:10B07000384B9B6B62E1374BDB6B5FE1354B1B6CF5
:10B080005CE1344B5B6C59E1324B9B6C56E1314BCC
:10B09000DB6C53E1304BD3ED007AB0EE670AFBF77F
:10B0A00029FC03464AE12C4BD3ED017AB0EE670A46
:10B0B000FBF720FC034641E1274BD3ED027AB0EECB
:10B0C000670AFBF717FC034638E1234BD3ED037AFD
:10B0D000B0EE670AFBF70EFC03462FE11E4BD3EDE3
:10B0E000047AB0EE670AFBF705FC034626E100BFD1
:10B0F000B061022438AF01002CAF010030AF010075
:10B1000034AF0100ACAF0100B0AF010064AF01008B
:10B110005CAF010060AF01003CAF010040AF010037
:10B1200044AF010048AF01004CAF010050AF010037
:10B1300054AF010058AF010074AF010078AF0100B7
:10B140007CAF010080AF010068AF01006CAF01006F
:10B1500070AF0100D07C0224207D0224794BD3ED16
:10B16000057AB0EE670AFBF7C5FB0346E6E0754BD0
:10B17000D3ED067AB0EE670AFBF7BCFB0346DDE0D1
:10B18000704BD3ED077AB0EE670AFBF7B3FB0346CB
:10B19000D4E06C4BD3ED087AB0EE670AFBF7AAFB5C
:10B1A0000346CBE0674BD3ED097AB0EE670AFBF7B5
:10B1B000A1FB0346C2E0634BD3ED0A7AB0EE670A07
:10B1C000FBF798FB0346B9E05E4BD3ED0B7AB0EE8C
:10B1D000670AFBF78FFB0346B0E05A4BD3ED0C7ABE
:10B1E000B0EE670AFBF786FB0346A7E0554BD3EDAD
:10B1F0000D7AB0EE670AFBF77DFB03469EE0514BEC
:10B20000D3ED0E7AB0EE670AFBF774FB034695E0C8
:10B210004C4BD3ED0F7AB0EE670AFBF76BFB03469E
:10B220008CE0484BD3ED107AB0EE670AFBF762FB77
:10B23000034683E0434BD3ED117AB0EE670AFBF788
:10B2400059FB03467AE03F4BD3ED127AB0EE670A22
:10B25000FBF750FB034671E03A4BD3ED137AB0EEA7
:10B26000670AFBF747FB034668E0364BD3ED147AD9
:10B27000B0EE670AFBF73EFB03465FE0314BD3EDD0
:10B28000157AB0EE670AFBF735FB034656E02D4B07
:10B2900093F87030002B01D001234FE000234DE0E4
:10B2A0002848FBF709FD034648E02648FBF714FD54
:10B2B000034643E02348FBF71FFD03463EE02148D9
:10B2C000FBF72AFD034639E01E48FBF735FD034630
:10B2D00034E01C48FBF740FD03462FE07B6840F656
:10B2E0003122934222DD7B6840F6B14293421DDC5D
:10B2F0007B68A3F632237B607B68002B00DA0F3378
:10B300001B117B617B691B017A68D31A3B617B69E6
:10B310004FF41C7202FB03F308330B4A134404334B
:10B3200039691846E5F78EFC034607E0BB68002B39
:10B3300003D07968B868FBF7ADF9002318461837D1
:10B34000BD4680BD207D022408F10124B0B52DED5D
:10B35000028B92B000AF7860396000233B6438689C
:10B36000E5F749FD0346002B08D03B6C5A1C3A64B4
:10B3700042F20F72934201DC012300E00023002B14
:10B3800002F0C7823B681B68002B07DB3B681A682A
:10B390007968C64B0B441B689A4205DB012138686B
:10B3A000FBF78AF902F0B5BA3B681B687A681A4461
:10B3B00042F6040313441B787E2BD0D801A252F826
:10B3C00023F000BFC1B50108CBB5010803B60108E1
:10B3D00029B601084FB6010859B7010887B7010817
:10B3E000B5B70108E3B7010811B8010875B601083F
:10B3F000B1B60108E9B6010821B7010851B8010842
:10B4000003BA01083BBA0108CBBA01082FBB0108F7
:10B41000B9BB0108FDBB01088FB80108D3B801080A
:10B4200043B901088DB901082FBD010847BD0108C6
:10B430005FBD010877BD01088FBD0108A7BD0108E8
:10B44000BFBD0108D7BD0108EFBD010807BE010857
:10B4500021BE01084BBE010877BC0108BDBC010834
:10B4600075BE0108C1BE01080DBF010859BF010822
:10B47000A5BF0108F1BF01083FC001088DC0010848
:10B48000E1C0010835C1010889C10108DDC1010819
:10B4900031C2010885C20108D3C201082DC30108C9
:10B4A0008FC30108C5C30108F3C3010821C4010803
:10B4B0004DC4010877C401088FC40108A7C401085E
:10B4C000BFC40108D7C40108EFC4010807C50108BB
:10B4D0001FC5010837C5010885C50108E5C5010874
:10B4E00033C6010893C60108E9C6010859C7010817
:10B4F000AFC701081FC801087DC80108EDC80108D1
:10B500004BC90108BBC90108D5C9010821CA0108F6
:10B5100071CA0108BDCA01080DCB01081BCB010887
:10B5200029CB01088FCB0108EFCB01083DCC0108E6
:10B530008BCC0108DBCC01082BCD010861CD0108C3
:10B5400097CD0108EDCD010847CE0108A1CE010835
:10B55000F7CE010851CF0108ABCF010801D0010897
:10B560005BD00108B5D001081FD101088FD10108B7
:10B5700031D201088DD20108EDD2010851D3010862
:10B58000ADD301080DD401086DD40108C9D4010858
:10B5900029D5010889D50108E5D5010845D6010856
:10B5A000A5D6010801D7010861D70108C1D7010854
:10B5B0001DD801087DD80108FDD101085FB301083D
:10B5C0003B6800221A6102F0A2B93B685B685C1E0E
:10B5D0003B685B681A4639687868FFF747FB0346A3
:10B5E000224639687868FFF741F83B685B685A1E65
:10B5F0003B685A603B681B685A1C3B681A6002F043
:10B6000086B93B685B685A1E3B685A603B685A685B
:10B61000002339687868FFF729F83B681B685A1CD3
:10B620003B681A6002F073B93B685B685A1E3B685E
:10B630005A603B685A68012339687868FFF716F842
:10B640003B681B685A1C3B681A6002F060B93B6893
:10B650005B685A1E3B685A603B685A680223396827
:10B660007868FFF703F83B681B685A1C3B681A6050
:10B6700002F04DB93B685B685A1E3B685A603B68F4
:10B680005C683B681B6801331A4639687868FBF7C9
:10B69000F5F90346224639687868FEF7E7FF3B680C
:10B6A0001B689A1C3B681A6002F031B924AF010094
:10B6B0003B685B685A1E3B685A603B685C683B6845
:10B6C0001B6801331A4639687868FBF7FBF90346B3
:10B6D000224639687868FEF7C9FF3B681B68DA1CA8
:10B6E0003B681A6002F013B93B685B685A1E3B68FE
:10B6F0005A603B685C683B681B6801331A463968CE
:10B700007868FBF707FA0346224639687868FEF73F
:10B71000ADFF3B681B681A1D3B681A6002F0F7B862
:10B720003B685B685A1E3B685A603B685C683B68D4
:10B730001B6801331A4639687868FBF713FA034629
:10B74000224639687868FEF791FF3B681B685A1DEE
:10B750003B681A6002F0DBB83B685C683B685B687A
:10B760001A4639687868FFF781FA034601332246A2
:10B7700039687868FEF77AFF3B681B685A1C3B689B
:10B780001A6002F0C4B83B685C683B685B681A46A4
:10B7900039687868FFF76AFA034602332246396847
:10B7A0007868FEF763FF3B681B685A1C3B681A60A9
:10B7B00002F0ADB83B685C683B685B681A46396864
:10B7C0007868FFF753FA03460333224639687868EE
:10B7D000FEF74CFF3B681B685A1C3B681A6002F07E
:10B7E00096B83B685C683B685B681A46396878685D
:10B7F000FFF73CFA03460433224639687868FEF7BF
:10B8000035FF3B681B685A1C3B681A6002F07FB822
:10B810003B685C683B685B681A4639687868FFF784
:10B8200025FA05463B681B6801331A463968786873
:10B83000FBF724F903462B44224639687868FEF763
:10B8400015FF3B681B689A1C3B681A6002F05FB8E2
:10B850003B685B685A1E3B685A603B685D683B68A2
:10B860009C683B681B6801331A4639687868FBF7A7
:10B8700005F9034623442A4639687868FEF7F6FE40
:10B880003B681B689A1C3B681A6002F040B83B6832
:10B890005B685A1E3B685A603B685C683B681B6883
:10B8A00001331A4639687868FBF70CF903461A46E3
:10B8B00039687868FFF7DAF903462246396878680C
:10B8C000FEF7D4FE3B681B68DA1C3B681A6002F086
:10B8D0001EB83B681B6801331A4639687868FBF765
:10B8E000F1F878643B681B6803331A463968786856
:10B8F000FBF7C4F8B861BB69013BBB63BB6B002BB2
:10B9000018DB3B685B685A1E3B685A603B685C68A2
:10B910007A6CBB6B13441A4639687868FFF7A6F94E
:10B920000346224639687868FEF7A0FEBB6B013BF0
:10B93000BB63E3E73B681B681A1D3B681A6001F0B4
:10B94000E6BF3B685B685A1E3B685A603B685D68AF
:10B950003B689C683B681B6801331A463968786805
:10B96000FBF78CF8034623441A4639687868FFF7DA
:10B970007DF903462A4639687868FEF777FE3B680A
:10B980001B689A1C3B681A6001F0C1BF3B681B68CA
:10B9900001331A4639687868FBF770F878643B68B9
:10B9A0001B6802331A4639687868FBF767F8F86154
:10B9B000FB69013B7B637B6B002B1BDB3B685B689C
:10B9C0005A1E3B685A603B685C683B689A687B6CAF
:10B9D0001A447B6B13441A4639687868FFF746F9B6
:10B9E0000346224639687868FEF740FE7B6B013BD0
:10B9F0007B63E0E73B681B68DA1C3B681A6001F078
:10BA000086BF3B685C683B685B681A463968786843
:10BA1000FFF72CF903461A4639687868FFF726F9CC
:10BA20000346224639687868FEF720FE3B681B68AB
:10BA30005A1C3B681A6001F06ABF3B681B680133FF
:10BA40001A4639687868FBF719F8B8603B685B6894
:10BA50001A4639687868FFF709F978643B685C68CA
:10BA60007A6CBB681344013B1A4639687868FFF763
:10BA7000FDF80346224639687868FEF7F7FDBB6893
:10BA8000023B3B633B6B002B18DB3B685B685A1E39
:10BA90003B685A603B685C687A6C3B6B13441A469F
:10BAA00039687868FFF7E2F8034622463968786813
:10BAB000FEF7DCFD3B6B013B3B63E3E73B681B6848
:10BAC0009A1C3B681A6001F022BF3B685B68013337
:10BAD0001A4639687868FFF7C9F804463B685B681E
:10BAE0001A4639687868FFF7C1F803462246396874
:10BAF0007868FEF7BBFD3B685B685C1C3B685B6875
:10BB00001A4639687868FFF7B1F803462246396863
:10BB10007868FEF7ABFD3B685B685A1C3B685A606F
:10BB20003B681B685A1C3B681A6001F0F0BE3B681A
:10BB30001B6801331A4639687868FAF79FFF386145
:10BB40003B685A683B6913441A4639687868FFF7BE
:10BB50008DF878643B69013BFB62FB6A002B1FDBBD
:10BB60003B685A68FB6A13441A4639687868FFF7DD
:10BB70007DF8F8607A6CFB6A1A44FB68396878686B
:10BB8000FEF774FD3B685A68FB6A13445A1CFB6855
:10BB900039687868FEF76AFDFB6A013BFB62DCE707
:10BBA0003B685B685A1C3B685A603B681B689A1C80
:10BBB0003B681A6001F0ABBE3B685B6801331A4614
:10BBC00039687868FFF752F804463B685B681A46A4
:10BBD00039687868FFF74AF803462246396878687A
:10BBE000FEF744FD3B685B689A1C3B685A603B6803
:10BBF0001B685A1C3B681A6001F089BE3B681B68D1
:10BC000001331A4639687868FAF738FF78613B687B
:10BC10005A687B6913441A4639687868FFF726F832
:10BC200078640023BB62BA6A7B699A4215DA7A6C3F
:10BC3000BB6AD4183B685A68BB6A13441A46396811
:10BC40007868FFF713F80346224639687868FEF7EC
:10BC50000DFDBB6A0133BB62E5E73B685A687B694F
:10BC600001331A443B685A603B681B689A1C3B6866
:10BC70001A6001F04CBE3B689C683B681B6801334E
:10BC80001A4639687868FAF7F9FE03461C443B689F
:10BC90005B68591C3A6851601A4639687868FEF743
:10BCA000E5FF0346224639687868FEF7DFFC3B680B
:10BCB0001B689A1C3B681A6001F029BE3B681B6830
:10BCC00001331A4639687868FAF7D8FE78643B6819
:10BCD0001B6802331A4639687868FAF7CFFE386273
:10BCE00000237B627A6A3B6A9A4219DA3B689A6857
:10BCF0007B6C1A447B6AD4183B685B68591C3A68B1
:10BD000051601A4639687868FEF7B0FF034622464C
:10BD100039687868FEF7AAFC7B6A01337B62E1E749
:10BD20003B681B68DA1C3B681A6001F0F0BD3B6899
:10BD30005B685A1E3B685A603B681B685A1C3B682C
:10BD40001A6001F0E4BD3B685B689A1E3B685A606C
:10BD50003B681B685A1C3B681A6001F0D8BD3B6801
:10BD60005B685A1C3B685A603B681B685A1C3B68FE
:10BD70001A6001F0CCBD3B685B689A1C3B685A6056
:10BD80003B681B685A1C3B681A6001F0C0BD3B68E9
:10BD90005B68DA1C3B685A603B681B685A1C3B684E
:10BDA0001A6001F0B4BD3B685B681A1D3B685A60BD
:10BDB0003B681B685A1C3B681A6001F0A8BD3B68D1
:10BDC0005B685A1D3B685A603B681B685A1C3B689D
:10BDD0001A6001F09CBD3B685B689A1D3B685A6025
:10BDE0003B681B685A1C3B681A6001F090BD3B68B9
:10BDF0005B68DA1D3B685A603B681B685A1C3B68ED
:10BE00001A6001F084BD3B685B6803F108023B687F
:10BE10005A603B681B685A1C3B681A6001F077BD8A
:10BE20003B681B6801331A4639687868FAF726FEC2
:10BE300002463B685B681A443B685A603B681B6873
:10BE40009A1C3B681A6001F062BD3B681B680133B5
:10BE50001A4639687868FAF735FE02463B685B682F
:10BE60001A443B685A603B681B68DA1C3B681A60DE
:10BE700001F04DBD3B685B685C1C3B685B6801334F
:10BE80001A4639687868FEF7F1FE05463B685B683C
:10BE90001A4639687868FEF7E9FE03462B442246C5
:10BEA00039687868FEF7E2FB3B685B685A1C3B68C0
:10BEB0005A603B681B685A1C3B681A6001F027BD3A
:10BEC0003B685B685C1C3B685B6801331A463968F9
:10BED0007868FEF7CBFE05463B685B681A46396812
:10BEE0007868FEF7C3FE0346EB1A22463968786885
:10BEF000FEF7BCFB3B685B685A1C3B685A603B68BA
:10BF00001B685A1C3B681A6001F001BD3B685B6806
:10BF10005C1C3B685B6801331A4639687868FEF739
:10BF2000A5FE05463B685B681A4639687868FEF7E7
:10BF30009DFE03462B40224639687868FEF796FB43
:10BF40003B685B685A1C3B685A603B681B685A1C1C
:10BF50003B681A6001F0DBBC3B685B685C1C3B68BB
:10BF60005B6801331A4639687868FEF77FFE05463C
:10BF70003B685B681A4639687868FEF777FE0346C7
:10BF80002B43224639687868FEF770FB3B685B6894
:10BF90005A1C3B685A603B681B685A1C3B681A6015
:10BFA00001F0B5BC3B685B685C1C3B685B680133B7
:10BFB0001A4639687868FEF759FE05463B685B68A3
:10BFC0001A4639687868FEF751FE03466B402246F0
:10BFD00039687868FEF74AFB3B685B685A1C3B6827
:10BFE0005A603B681B685A1C3B681A6001F08FBCA2
:10BFF0003B685B685C1C3B685B6801331A463968C8
:10C000007868FEF733FE05463B685B681A46396878
:10C010007868FEF72BFE034605FA03F322463968DB
:10C020007868FEF723FB3B685B685A1C3B685A60E4
:10C030003B681B685A1C3B681A6001F068BC3B688F
:10C040005B685C1C3B685B6801331A46396878683A
:10C05000FEF70CFE05463B685B681A46396878684F
:10C06000FEF704FE034645FA03F322463968786872
:10C07000FEF7FCFA3B685B685A1C3B685A603B68F9
:10C080001B685A1C3B681A6001F041BC3B685B6846
:10C090005C1C3B685B6801331A4639687868FEF7B8
:10C0A000E5FD05463B685B681A4639687868FEF727
:10C0B000DDFD03469D420CBF01230023DBB2224677
:10C0C00039687868FEF7D2FA3B685B685A1C3B68AF
:10C0D0005A603B681B685A1C3B681A6001F017BC29
:10C0E0003B685B685C1C3B685B6801331A463968D7
:10C0F0007868FEF7BBFD05463B685B681A46396801
:10C100007868FEF7B3FD03469D4214BF0123002368
:10C11000DBB2224639687868FEF7A8FA3B685B68AC
:10C120005A1C3B685A603B681B685A1C3B681A6083
:10C1300001F0EDBB3B685B685C1C3B685B680133EE
:10C140001A4639687868FEF791FD05463B685B68DA
:10C150001A4639687868FEF789FD03469D42B4BFE8
:10C1600001230023DBB2224639687868FEF77EFAA5
:10C170003B685B685A1C3B685A603B681B685A1CEA
:10C180003B681A6001F0C3BB3B685B685C1C3B68A2
:10C190005B6801331A4639687868FEF767FD054623
:10C1A0003B685B681A4639687868FEF75FFD0346AE
:10C1B0009D42D4BF01230023DBB222463968786850
:10C1C000FEF754FA3B685B685A1C3B685A603B6850
:10C1D0001B685A1C3B681A6001F099BB3B685B689E
:10C1E0005C1C3B685B6801331A4639687868FEF767
:10C1F0003DFD05463B685B681A4639687868FEF77E
:10C2000035FD03469D42CCBF01230023DBB222460D
:10C2100039687868FEF72AFA3B685B685A1C3B6805
:10C220005A603B681B685A1C3B681A6001F06FBB80
:10C230003B685B685C1C3B685B6801331A46396885
:10C240007868FEF713FD05463B685B681A46396857
:10C250007868FEF70BFD03469D42ACBF0123002327
:10C26000DBB2224639687868FEF700FA3B685B6803
:10C270005A1C3B685A603B681B685A1C3B681A6032
:10C2800001F045BB3B685B685C1C3B685B68013345
:10C290001A4639687868FEF7E9FC05463B685B6832
:10C2A0001A4639687868FEF7E1FC034603FB05F39C
:10C2B000224639687868FEF7D9F93B685B685A1CF2
:10C2C0003B685A603B681B685A1C3B681A6001F067
:10C2D0001EBB3B685B681A4639687868FEF7C6FC87
:10C2E00078647B6C002B01D101237B643B685B6825
:10C2F0005C1C3B685B6801331A4639687868FEF756
:10C30000B5FC02467B6C92FBF3F3224639687868F1
:10C31000FEF7ACF93B685B685A1C3B685A603B68A7
:10C320001B685A1C3B681A6001F0F1BA3B685B68F5
:10C330001A4639687868FEF799FC78647B6C002BA4
:10C3400001D101237B643B685B685C1C3B685B68D4
:10C3500001331A4639687868FEF788FC03467A6C20
:10C3600093FBF2F2796C01FB02F29B1A22463968C8
:10C370007868FEF77BF93B685B685A1C3B685A603B
:10C380003B681B685A1C3B681A6001F0C0BA3B68E6
:10C390005C683B685B681A4639687868FEF766FC3B
:10C3A0000346002B0CBF01230023DBB22246396871
:10C3B0007868FEF75BF93B681B685A1C3B681A609B
:10C3C00001F0A5BA3B685C683B685B681A4639684F
:10C3D0007868FEF74BFC0346DB43224639687868F1
:10C3E000FEF744F93B681B685A1C3B681A6001F071
:10C3F0008EBA3B685C683B685B681A463968786847
:10C40000FEF734FC03465B42224639687868FEF743
:10C410002DF93B681B685A1C3B681A6001F077BA1B
:10C420003B689B689A1C3B685A603B689A687B68CB
:10C4300053F822203B681A603B689B685A1C7B6853
:10C4400053F822203B689A6001F061BA3B681B6890
:10C4500001331A4639687868FAF710FB78640223CA
:10C460007A6C3968786801F081FA0346002B01F094
:10C47000358201F04EBA012300223968786801F054
:10C4800075FA0346002B01F02C8201F042BA012319
:10C4900001223968786801F069FA0346002B01F03F
:10C4A000238201F036BA012302223968786801F04C
:10C4B0005DFA0346002B01F01A8201F02ABA01232B
:10C4C00003223968786801F051FA0346002B01F025
:10C4D000118201F01EBA012304223968786801F044
:10C4E00045FA0346002B01F0088201F012BA01233D
:10C4F00005223968786801F039FA0346002B01F00B
:10C50000FF8101F006BA012306223968786801F03C
:10C510002DFA0346002B01F0F68101F0FAB9012350
:10C5200007223968786801F021FA0346002B01F0F0
:10C53000ED8101F0EEB93B685B68591C3A685160C7
:10C540001A4639687868FEF791FB78647B6C002B9B
:10C550000DDD7B6CB3F5206F09DA7B687A6C53F8DC
:10C560002230591C7B687A6C43F8221003E0796C06
:10C570003868FAF78FF83B681B685A1C3B681A60EA
:10C5800001F0C5B93B685B68591C3A6851601A46AE
:10C5900039687868FEF76AFB78647B6C002B16DDDF
:10C5A0007B6CB3F5206F12DA3B681B6801331A46C7
:10C5B00039687868FAF7AEFA01467B687A6C53F806
:10C5C000223019447B687A6C43F8221003E0796CBE
:10C5D0003868FAF75FF83B681B681A1D3B681A60F9
:10C5E00001F095B93B685B68591C3A6851601A467E
:10C5F00039687868FEF73AFB78647B6C002B0DDDB8
:10C600007B6CB3F5206F09DA7B687A6C53F82230C3
:10C61000591E7B687A6C43F8221003E0796C386805
:10C62000FAF738F83B681B685A1C3B681A6001F03F
:10C630006EB93B685B68591C3A6851601A463968A4
:10C640007868FEF713FB78647B6C002B16DD7B6C3F
:10C65000B3F5206F12DA3B681B6801331A4639685C
:10C660007868FAF757FA01467B687A6C53F82230FB
:10C67000591A7B687A6C43F8221003E0796C3868A9
:10C68000FAF708F83B681B681A1D3B681A6001F04E
:10C690003EB93B685B681A4639687868FEF7E6FA87
:10C6A00078647B6C002B14DD7B6CB3F5206F10DAA3
:10C6B0003B685C687B687A6C53F82230581C7A6857
:10C6C000796C42F82100224639687868FDF7CEFF80
:10C6D00003E0796C3868F9F7DDFF3B681B685A1C8A
:10C6E0003B681A6001F013B93B685B681A46396809
:10C6F0007868FEF7BBFA78647B6C002B21DD7B6CDD
:10C70000B3F5206F1DDA3B6859687B687A6C53F883
:10C7100022300A4639687868FDF7A8FF3B681B6835
:10C7200001331A4639687868FAF7F4F901467B68EC
:10C730007A6C53F8223019447B687A6C43F82210E3
:10C7400003E0796C3868F9F7A5FF3B681B681A1D90
:10C750003B681A6001F0DBB83B685B681A463968D1
:10C760007868FEF783FA78647B6C002B14DD7B6CB1
:10C77000B3F5206F10DA3B685C687B687A6C53F81D
:10C780002230581E7A68796C42F8210022463968B6
:10C790007868FDF76BFF03E0796C3868F9F77AFF8A
:10C7A0003B681B685A1C3B681A6001F0B0B83B68D4
:10C7B0005B681A4639687868FEF758FA78647B6CCB
:10C7C000002B21DD7B6CB3F5206F1DDA3B685968C7
:10C7D0007B687A6C53F822300A4639687868FDF72E
:10C7E00045FF3B681B6801331A4639687868FAF7D9
:10C7F00091F901467B687A6C53F82230591A7B68AC
:10C800007A6C43F8221003E0796C3868F9F742FF3C
:10C810003B681B681A1D3B681A6001F078B83B68DA
:10C820005B681A4639687868FEF720FA78647B6C92
:10C83000002B18DD7B6CB3F5206F14DA3B68586869
:10C840007B687A6C53F82230591C7B687A6C43F809
:10C8500022107B687A6C53F8223002463968786877
:10C86000FDF704FF03E0796C3868F9F713FF3B68C4
:10C870001B685A1C3B681A6001F049B83B685B684A
:10C880001A4639687868FEF7F1F978647B6C002BFA
:10C8900021DD7B6CB3F5206F1DDA3B685C683B687B
:10C8A0001B6801331A4639687868FAF733F901468C
:10C8B0007B687A6C53F8223019447B687A6C43F8B1
:10C8C00022107B687A6C53F82230224639687868E7
:10C8D000FDF7CCFE03E0796C3868F9F7DBFE3B68C6
:10C8E0001B681A1D3B681A6001F011B83B685B6851
:10C8F0001A4639687868FEF7B9F978647B6C002BC2
:10C9000018DD7B6CB3F5206F14DA3B6858687B68E0
:10C910007A6C53F82230591E7B687A6C43F82210E7
:10C920007B687A6C53F82230024639687868FDF7E4
:10C930009DFE03E0796C3868F9F7ACFE3B681B6834
:10C940005A1C3B681A6000F0E2BF3B685B681A46FD
:10C9500039687868FEF78AF978647B6C002B21DDF2
:10C960007B6CB3F5206F1DDA3B685C683B681B6825
:10C9700001331A4639687868FAF7CCF801467B68C3
:10C980007A6C53F82230591A7B687A6C43F822107B
:10C990007B687A6C53F82230224639687868FDF754
:10C9A00065FE03E0796C3868F9F774FE3B681B6834
:10C9B0001A1D3B681A6000F0AABF3B681B68013370
:10C9C0001A4639687868FAF7A5F802463B681A6093
:10C9D00000F09DBF3B685B68591C3A6851601A467D
:10C9E00039687868FEF742F90346002B14BF01232B
:10C9F0000023DBB2002B0CD03B681B6801331A46C6
:10CA000039687868FAF786F802463B681A6000F0E1
:10CA10007EBF3B681B681A1D3B681A6000F077BF39
:10CA20003B685B681A4639687868FEF71FF9034669
:10CA3000002B14BF01230023DBB2002B0CD03B687A
:10CA40001B6801331A4639687868FAF763F80246BA
:10CA50003B681A6000F05BBF3B685B685A1C3B6830
:10CA60005A603B681B681A1D3B681A6000F04FBF94
:10CA70003B685B68591C3A6851601A4639687868A7
:10CA8000FEF7F4F80346002B0CBF01230023DBB2B2
:10CA9000002B0CD03B681B6801331A463968786854
:10CAA000FAF738F802463B681A6000F030BF3B687E
:10CAB0001B681A1D3B681A6000F029BF3B685B6861
:10CAC0001A4639687868FEF7D1F80346002B0CBF88
:10CAD00001230023DBB2002B0CD03B681B68013321
:10CAE0001A4639687868FAF715F802463B681A6002
:10CAF00000F00DBF3B685B685A1C3B685A603B689E
:10CB00001B681A1D3B681A6000F001BF3B681B6878
:10CB10005A1C3B681A6000F0FABE3B681B685A1C3E
:10CB20003B681A6000F0F5BE3B685B681A463968DE
:10CB30007868FEF79BF807EE900AF8EEE77AC7ED03
:10CB40000F7A3B685B6801331A4639687868FEF7EC
:10CB50008DF8034697ED0F0A1A4639687868F9F799
:10CB600051FF3B685B68013397ED0F0A1A4639683D
:10CB70007868F9F747FF3B685B685A1C3B685A6066
:10CB80003B681B685A1C3B681A6000F0C0BE3B68DB
:10CB90005B681A4639687868F9F74AFFF0EE407A20
:10CBA000FDEEE77A17EE903A7B643B685B680133F1
:10CBB0001A4639687868FEF759F802467B6C39687E
:10CBC0007868FDF753FD3B685B685A1C7B6C3968DD
:10CBD0007868FDF74BFD3B685B685A1C3B685A6000
:10CBE0003B681B685A1C3B681A6000F090BE3B68AB
:10CBF0005B6801331A4639687868FEF737F80446EF
:10CC00003B685B681A4639687868FEF72FF807EECC
:10CC1000900AF8EEE77AB0EE670A2246396878683B
:10CC2000F9F7F0FE3B685B689A1C3B685A603B680A
:10CC30001B685A1C3B681A6000F069BE3B685B6861
:10CC400001331A4639687868FEF710F804463B68E5
:10CC50005B681A4639687868F9F7EAFEF0EE407AC0
:10CC6000FDEEE77A17EE903A224639687868FDF7CC
:10CC7000FDFC3B685B689A1C3B685A603B681B681C
:10CC80005A1C3B681A6000F042BE3B689C683B68D7
:10CC90001B6801331A4639687868F9F7EFFE0346D6
:10CCA0001C443B685B68591C3A6851601A463968F5
:10CCB0007868FDF7DBFF07EE900AF8EEE77AB0EE52
:10CCC000670A224639687868F9F79CFE3B681B685A
:10CCD0009A1C3B681A6000F01ABE3B689C683B686F
:10CCE0001B6801331A4639687868F9F7C7FE0346AE
:10CCF0001C443B685B68591C3A6851601A463968A5
:10CD00007868F9F795FEF0EE407AFDEEE77A17EED7
:10CD1000903A224639687868FDF7A8FC3B681B68A2
:10CD20009A1C3B681A6000F0F2BD3B685C683B6887
:10CD30005B681A4639687868F9F77AFEF0EE407A4F
:10CD4000FDEEE77A17EE903A224639687868FDF7EB
:10CD50008DFC3B681B685A1C3B681A6000F0D7BD0D
:10CD60003B685C683B685B681A4639687868FDF721
:10CD70007DFF07EE900AF8EEE77AB0EE670A2246EA
:10CD800039687868F9F73EFE3B681B685A1C3B68B7
:10CD90001A6000F0BCBD3B685B685C1C3B685B686C
:10CDA00001331A4639687868F9F742FEB0EE408AD6
:10CDB0003B685B681A4639687868F9F739FEF0EE27
:10CDC000407A78EE277AB0EE670A224639687868AA
:10CDD000F9F718FE3B685B685A1C3B685A603B6871
:10CDE0001B685A1C3B681A6000F091BD3B685B6889
:10CDF0005C1C3B685B6801331A4639687868F9F750
:10CE000017FEB0EE408A3B685B681A46396878685E
:10CE1000FDF72CFF07EE900AF8EEE77A78EE277A16
:10CE2000B0EE670A224639687868F9F7EBFD3B688F
:10CE30005B685A1C3B685A603B681B685A1C3B681D
:10CE40001A6000F064BD3B685B685C1C3B685B6813
:10CE500001331A4639687868FDF708FF07EE900A33
:10CE6000B8EEE78A3B685B681A4639687868F9F774
:10CE7000DFFDF0EE407A78EE277AB0EE670A2246C0
:10CE800039687868F9F7BEFD3B685B685A1C3B68F7
:10CE90005A603B681B685A1C3B681A6000F037BD3B
:10CEA0003B685B685C1C3B685B6801331A46396809
:10CEB0007868F9F7BDFDB0EE408A3B685B681A46BA
:10CEC00039687868F9F7B4FDF0EE407A78EE677A61
:10CED000B0EE670A224639687868F9F793FD3B6837
:10CEE0005B685A1C3B685A603B681B685A1C3B686D
:10CEF0001A6000F00CBD3B685B685C1C3B685B68BB
:10CF000001331A4639687868F9F792FDB0EE408A25
:10CF10003B685B681A4639687868FDF7A7FE07EE3C
:10CF2000900AF8EEE77A78EE677AB0EE670A224662
:10CF300039687868F9F766FD3B685B685A1C3B689E
:10CF40005A603B681B685A1C3B681A6000F0DFBCE3
:10CF50003B685B685C1C3B685B6801331A46396858
:10CF60007868FDF783FE07EE900AB8EEE78A3B6823
:10CF70005B681A4639687868F9F75AFDF0EE407A2E
:10CF800078EE677AB0EE670A224639687868F9F772
:10CF900039FD3B685B685A1C3B685A603B681B68FC
:10CFA0005A1C3B681A6000F0B2BC3B685B685C1CB2
:10CFB0003B685B6801331A4639687868F9F738FDD1
:10CFC000B0EE408A3B685B681A4639687868F9F7C2
:10CFD0002FFDF0EE407A68EE277AB0EE670A22461F
:10CFE00039687868F9F70EFD3B685B685A1C3B6846
:10CFF0005A603B681B685A1C3B681A6000F087BC8B
:10D000003B685B685C1C3B685B6801331A463968A7
:10D010007868F9F70DFDB0EE408A3B685B681A4608
:10D0200039687868FDF722FE07EE900AF8EEE77A95
:10D0300068EE277AB0EE670A224639687868F9F711
:10D04000E1FC3B685B685A1C3B685A603B681B68A4
:10D050005A1C3B681A6000F05ABC3B685B685C1C59
:10D060003B685B6801331A4639687868FDF7FEFD56
:10D0700007EE900AB8EEE78A3B685B681A463968A3
:10D080007868F9F7D5FCF0EE407A68EE277AB0EED2
:10D09000670A224639687868F9F7B4FC3B685B6830
:10D0A0005A1C3B685A603B681B685A1C3B681A60F4
:10D0B00000F02DBC3B685B681A4639687868F9F760
:10D0C000B7FC87ED0F0AD7ED0F7AF5EE407AF1EE57
:10D0D00010FA01D19D4BFB633B685B685C1C3B68AD
:10D0E0005B6801331A4639687868F9F7A1FCF0EEFD
:10D0F000406AD7ED0F7A86EEA77AB0EE470A22464D
:10D1000039687868F9F77EFC3B685B685A1C3B68B5
:10D110005A603B681B685A1C3B681A60F7E33B681F
:10D120005B681A4639687868FDF7A0FD78647B6C07
:10D13000002B02D1854BFB6306E07B6C07EE903A37
:10D14000F8EEE77AC7ED0F7A3B685B685C1C3B68DA
:10D150005B6801331A4639687868F9F769FCF0EEC4
:10D16000406AD7ED0F7A86EEA77AB0EE470A2246DC
:10D1700039687868F9F746FC3B685B685A1C3B687D
:10D180005A603B681B685A1C3B681A60BFE33B68E7
:10D190005B681A4639687868F9F74AFC87ED0F0A28
:10D1A000D7ED0F7AF5EE407AF1EE10FA01D1674B28
:10D1B000FB633B685B685C1C3B685B6801331A4639
:10D1C00039687868FDF752FD07EE900AB8EEE77A05
:10D1D000D7ED0F7AC7EE276AB0EE660A22463968A5
:10D1E0007868F9F70FFC3B685B685A1C3B685A602B
:10D1F0003B681B685A1C3B681A6088E33B685C68A4
:10D200003B685B681A4639687868F9F711FCF0EEFC
:10D21000407AF1EE677AB0EE670A2246396878689C
:10D22000F9F7F0FB3B681B685A1C3B681A606EE319
:10D230003B685B685C1C3B685B6801331A46396875
:10D240007868F9F7F5FBB0EE408A3B685B681A46F0
:10D2500039687868F9F7ECFBF0EE407AB4EE678A4B
:10D26000F1EE10FA0CBF01230023DBB2224639682D
:10D270007868FDF7FBF93B685B685A1C3B685A60AD
:10D280003B681B685A1C3B681A6040E33B685B685C
:10D290005C1C3B685B6801331A4639687868F9F7AB
:10D2A000C7FBB0EE408A3B685B681A46396878680D
:10D2B000FDF7DCFC07EE900AF8EEE77AB4EE678A39
:10D2C000F1EE10FA0CBF01230023DBB222463968CD
:10D2D0007868FDF7CBF93B685B685A1C3B685A607D
:10D2E0003B681B685A1C3B681A6010E33B685B682C
:10D2F0005C1C3B685B6801331A4639687868FDF747
:10D30000B5FC07EE900AB8EEE78A3B685B681A4600
:10D3100039687868F9F78CFBF0EE407AB4EE678AEA
:10D32000F1EE10FA0CBF01230023DBB2224639686C
:10D330007868FDF79BF93B685B685A1C3B685A604C
:10D340003B681B685A1C3B681A60E0E2ACC5273793
:10D350003B685B685C1C3B685B6801331A46396854
:10D360007868F9F765FBB0EE408A3B685B681A465F
:10D3700039687868F9F75CFBF0EE407AB4EE678ABA
:10D38000F1EE10FA14BF01230023DBB22246396804
:10D390007868FDF76BF93B685B685A1C3B685A601C
:10D3A0003B681B685A1C3B681A60B0E23B685B68CC
:10D3B0005C1C3B685B6801331A4639687868F9F78A
:10D3C00037FBB0EE408A3B685B681A46396878687C
:10D3D000FDF74CFC07EE900AF8EEE77AB4EE678AA8
:10D3E000F1EE10FA14BF01230023DBB222463968A4
:10D3F0007868FDF73BF93B685B685A1C3B685A60EC
:10D400003B681B685A1C3B681A6080E23B685B689B
:10D410005C1C3B685B6801331A4639687868FDF725
:10D4200025FC07EE900AB8EEE78A3B685B681A466F
:10D4300039687868F9F7FCFAF0EE407AB4EE678A5A
:10D44000F1EE10FA14BF01230023DBB22246396843
:10D450007868FDF70BF93B685B685A1C3B685A60BB
:10D460003B681B685A1C3B681A6050E23B685B686B
:10D470005C1C3B685B6801331A4639687868F9F7C9
:10D48000D7FAB0EE408A3B685B681A46396878681C
:10D49000F9F7CEFAF0EE407AB4EEE78AF1EE10FA40
:10D4A0004CBF01230023DBB2224639687868FDF7C0
:10D4B000DDF83B685B685A1C3B685A603B681B6838
:10D4C0005A1C3B681A6022E23B685B685C1C3B6844
:10D4D0005B6801331A4639687868F9F7A9FAB0EE43
:10D4E000408A3B685B681A4639687868FDF7BEFB7E
:10D4F00007EE900AF8EEE77AB4EEE78AF1EE10FA5A
:10D500004CBF01230023DBB2224639687868FDF75F
:10D51000ADF83B685B685A1C3B685A603B681B6807
:10D520005A1C3B681A60F2E13B685B685C1C3B6814
:10D530005B6801331A4639687868FDF797FB07EE98
:10D54000900AB8EEE78A3B685B681A4639687868E3
:10D55000F9F76EFAF0EE407AB4EEE78AF1EE10FADF
:10D560004CBF01230023DBB2224639687868FDF7FF
:10D570007DF83B685B685A1C3B685A603B681B68D7
:10D580005A1C3B681A60C2E13B685B685C1C3B68E4
:10D590005B6801331A4639687868F9F749FAB0EEE2
:10D5A000408A3B685B681A4639687868F9F740FA40
:10D5B000F0EE407AB4EEE78AF1EE10FA94BF012360
:10D5C0000023DBB2224639687868FDF74FF83B68E4
:10D5D0005B685A1C3B685A603B681B685A1C3B6876
:10D5E0001A6094E13B685B685C1C3B685B680133D4
:10D5F0001A4639687868F9F71BFAB0EE408A3B683A
:10D600005B681A4639687868FDF730FB07EE900AC8
:10D61000F8EEE77AB4EEE78AF1EE10FA94BF012350
:10D620000023DBB2224639687868FDF71FF83B68B3
:10D630005B685A1C3B685A603B681B685A1C3B6815
:10D640001A6064E13B685B685C1C3B685B680133A3
:10D650001A4639687868FDF709FB07EE900AB8EEBC
:10D66000E78A3B685B681A4639687868F9F7E0F939
:10D67000F0EE407AB4EEE78AF1EE10FA94BF01239F
:10D680000023DBB2224639687868FCF7EFFF3B687D
:10D690005B685A1C3B685A603B681B685A1C3B68B5
:10D6A0001A6034E13B685B685C1C3B685B68013373
:10D6B0001A4639687868F9F7BBF9B0EE408A3B68DA
:10D6C0005B681A4639687868F9F7B2F9F0EE407A83
:10D6D000B4EEE78AF1EE10FACCBF01230023DBB2EF
:10D6E000224639687868FCF7C1FF3B685B685A1CC2
:10D6F0003B685A603B681B685A1C3B681A6006E12D
:10D700003B685B685C1C3B685B6801331A463968A0
:10D710007868F9F78DF9B0EE408A3B685B681A4685
:10D7200039687868FDF7A2FA07EE900AF8EEE77A12
:10D73000B4EEE78AF1EE10FACCBF01230023DBB28E
:10D74000224639687868FCF791FF3B685B685A1C91
:10D750003B685A603B681B685A1C3B681A60D6E0FD
:10D760003B685B685C1C3B685B6801331A46396840
:10D770007868FDF77BFA07EE900AB8EEE78A3B6817
:10D780005B681A4639687868F9F752F9F0EE407A22
:10D79000B4EEE78AF1EE10FACCBF01230023DBB22E
:10D7A000224639687868FCF761FF3B685B685A1C61
:10D7B0003B685A603B681B685A1C3B681A60A6E0CD
:10D7C0003B685B685C1C3B685B6801331A463968E0
:10D7D0007868F9F72DF9B0EE408A3B685B681A4625
:10D7E00039687868F9F724F9F0EE407AB4EEE78A00
:10D7F000F1EE10FAACBF01230023DBB222463968F8
:10D800007868FCF733FF3B685B685A1C3B685A60DA
:10D810003B681B685A1C3B681A6078E03B685B6891
:10D820005C1C3B685B6801331A4639687868F9F715
:10D83000FFF8B0EE408A3B685B681A463968786842
:10D84000FDF714FA07EE900AF8EEE77AB4EEE78AED
:10D85000F1EE10FAACBF01230023DBB22246396897
:10D860007868FCF703FF3B685B685A1C3B685A60AA
:10D870003B681B685A1C3B681A6048E03B685B6861
:10D880005C1C3B685B6801331A4639687868FDF7B1
:10D89000EDF907EE900AB8EEE78A3B685B681A4636
:10D8A00039687868F9F7C4F8F0EE407AB4EEE78AA0
:10D8B000F1EE10FAACBF01230023DBB22246396837
:10D8C0007868FCF7D3FE3B685B685A1C3B685A607B
:10D8D0003B681B685A1C3B681A6018E000BFFDF7E4
:10D8E0003EBD00BFFDF73BBD00BFFDF738BD00BF2B
:10D8F000FDF735BD00BFFDF732BD00BFFDF72FBD01
:10D9000000BFFDF72CBD00BFFDF729BD00BFFDF72F
:10D9100026BD4837BD46BDEC028BB0BD80B485B096
:10D9200000AFF860B9607A603B60BB685B685A1E04
:10D93000BB689968FB6843F82210BB685B689A1E55
:10D94000FB68396843F82210BB685B689A1EBB68A5
:10D950005A60BB685A68BB689A60BB687A681A608C
:10D9600000BF1437BD465DF8047B704780B586B0B4
:10D9700000AFF860B9607A603B60BB685A687B684A
:10D9800013441A46B968F868FDF770F97861BB6806
:10D990005B68032B04DDBB685B68B3F5206F07DDB4
:10D9A000BB685B681946B868F8F774FE012324E089
:10D9B0007B69002B13DA7B6923F000431A46B968B0
:10D9C000F868FAF725F80346002B01D0012314E08C
:10D9D000BB681A683B681A44BB681A600CE0BB68F5
:10D9E0001A683B681A44BB681A60BB681B687A698E
:10D9F000B968F868FFF792FF002318461837BD464C
:10DA000080BD80B485B000AFF860B9607A603B60DB
:10DA1000FA6842F21403134400221A60FA6842F2D0
:10DA2000140313441A68F96842F210030B441A6095
:10DA3000FB68BA681A60FB687A685A60FB683A68E3
:10DA40009A60FB68BA69DA6000BF1437BD465DF8BA
:10DA5000047B704780B483B000AF78607A6842F28C
:10DA6000140313444FF480621A6000BF0C37BD46A4
:10DA70005DF8047B704780B483B000AF78607A684B
:10DA800042F21403134400221A607A6842F214032B
:10DA900013441A68796842F210030B441A6000BFFD
:10DAA0000C37BD465DF8047B7047000080B582B03E
:10DAB00000AF786039607B68012B07D13B684FF677
:10DAC000FF72934202D1034801F0C2FA00BF083747
:10DAD000BD4680BDD07C022480B500AF4FF6FF71FB
:10DAE0000120FFF7E3FF80BD80B489B000AFF8618B
:10DAF00087ED060AC7ED050A87ED041AC7ED031A7C
:10DB000087ED022AC7ED012AFB6993F87030002BDC
:10DB100009D0FB69D3ED197A97ED037AB4EEE77A71
:10DB2000F1EE10FA16DCFB69BA699A65FB697A694D
:10DB3000DA65FB693A691A66FB69FA685A66FB6935
:10DB4000BA689A66FB697A68DA66FB69012283F82B
:10DB5000702000E000BF2437BD465DF8047B7047AD
:10DB600080B483B000AF87ED010AD7ED017AF0EE03
:10DB7000E77AB0EE670A0C37BD465DF8047B704764
:10DB800080B483B000AF87ED010AD7ED017A67EE6C
:10DB9000A77AB0EE670A0C37BD465DF8047B704784
:10DBA00080B483B000AF786000BF0C37BD465DF82D
:10DBB000047B70470000000080B52DED028BC0B0E3
:10DBC00000AFF86187ED060AC7ED050A87ED041A74
:10DBD000C7ED031A87ED022AC7ED012A3B4683ED04
:10DBE000003AFB69002283F870203B461B68C7F8A7
:10DBF000C43097ED310A02F01BFA87ED300A97ED39
:10DC0000310A03F02DF887ED2F0AD7ED037A27EEBE
:10DC1000A77AD7ED027A67EEA77A37EE277AD7EDA3
:10DC2000017A67EEA77A77EE277AB0EE670A03F0FB
:10DC3000DFF987ED2E0AD7ED036A97ED2E7AC6EE4F
:10DC4000877AC7ED037AD7ED026A97ED2E7AC6EE92
:10DC5000877AC7ED027AD7ED016A97ED2E7AC6EE84
:10DC6000877AC7ED017A97ED067AD7ED307A27EEFD
:10DC7000277AFB69D3ED006AD7ED057A76EEA76ABD
:10DC8000D7ED2F7A66EEA77A77EE277AC7ED2D7A51
:10DC9000FB6993ED007AD7ED057A37EE277AD7ED59
:10DCA000307A27EE277AD7ED066AD7ED2F7A66EE1F
:10DCB000A77A77EE677AC7ED2C7A3B69C7F8AC3064
:10DCC00097ED037AD7ED307A27EE277AD7ED026AFF
:10DCD000D7ED2F7A66EEA77A77EE277AC7ED2A7A04
:10DCE00097ED027AD7ED307A27EE277AD7ED036ADF
:10DCF000D7ED2F7A66EEA77A77EE677AC7ED297AA5
:10DD00007B68C7F8A030FB6993ED0D7AFB69D3ED12
:10DD10000C7A37EE677AF2EE046AC7EE267AC7ED20
:10DD2000277AC84B1B78BFF35B8FDBB203F001038C
:10DD3000002B0CBF01230023DBB2002B10D0C14805
:10DD400002F026F90346002B14BF01230023DBB2A7
:10DD5000002B05D0BC4801F051F8BA4802F024F974
:10DD6000B94801F059F80023C7F8FC30D7F8FC3067
:10DD70000A2B00F3AE80FB6993ED0C7AD7F8FC30E8
:10DD800007EE903AF8EEE76AD7ED277A66EEA77AC3
:10DD900077EE277AC7ED267A97ED260A02F048F942
:10DDA00087ED250A97ED260A02F05AFF87ED240A2F
:10DDB000FB6993ED017AD7ED2C7A37EE277AD7ED10
:10DDC000257A27EE277AD7ED2B6AD7ED247A66EEEF
:10DDD000A77A37EE277AFB69D3ED097A37EE678A9F
:10DDE00097ED297AD7ED257A27EE277AD7ED286A9D
:10DDF000D7ED247A66EEA77A77EE277AB0EE670A37
:10DE0000FFF7BEFEF0EE408A97ED287AD7ED257A2F
:10DE100027EE277AD7ED296AD7ED247A66EEA77A1E
:10DE200077EE677AB0EE670AFFF7AAFEF0EE407A67
:10DE300038EEE77AD7ED2A7A67EEA77A77EE677A37
:10DE400028EE277AFB69D3ED077A37EE678AFB69FC
:10DE500093ED087AD7ED296AD7ED257A66EEA76AA1
:10DE600097ED286AD7ED247A66EE277A76EEA77AC0
:10DE700067EE278A97ED287AD7ED257A27EE277A5D
:10DE8000D7ED296AD7ED247A66EEA77A77EE677A1E
:10DE9000B0EE670AFFF774FEB0EE407AD7ED2A7A4B
:10DEA00067EEA77A77EE277AB0EE670A03F0A0F85C
:10DEB000B0EE407AC8EE877A78EE677AB0EE670AFD
:10DEC000614800F0B6FFD7F8FC300133C7F8FC30EA
:10DED0004CE75E4B1B78BFF35B8FDBB203F00103B3
:10DEE000002B0CBF01230023DBB2002B10D05748BE
:10DEF00002F04EF80346002B14BF01230023DBB2CF
:10DF0000002B05D0524800F0ABFF504802F04CF80F
:10DF10004F4800F0B3FF0023C7F8F830D7F8F830C7
:10DF2000092B43DCD7F8F810474800F0B4FFF0EEB7
:10DF3000407AF5EEC07AF1EE10FA0DDDD7F8F83040
:10DF400001331946404800F0A6FFF0EE407AF5EEA6
:10DF5000C07AF1EE10FA19D4D7F8F8103A4800F068
:10DF60009AFFF0EE407AF5EEC07AF1EE10FA0FD596
:10DF7000D7F8F83001331946334800F08CFFF0EE43
:10DF8000407AF5EEC07AF1EE10FA01DD012300E0EF
:10DF90000023002B04D0D7F8F8102D4800F08FFF95
:10DFA000D7F8F8300133C7F8F830B7E70023C7F8DF
:10DFB000F430274800F098FF0346002B0CBF0123E4
:10DFC0000023DBB2002B7AD00023C7F8F030D7F85B
:10DFD000F0300A2B2DDCD7F8F0101B4800F05BFF67
:10DFE000F0EE407AB0EE670AFFF7BAFDB0EE408A75
:10DFF000D7F8F410144800F04EFFF0EE407AB0EE7F
:10E00000670AFFF7ADFDF0EE407AB4EEE78AF1EE75
:10E0100010FA4CBF01230023DBB2002B03D0D7F84A
:10E02000F030C7F8F430D7F8F0300133C7F8F030EB
:10E03000CDE7D7F8F4300A2B0CD10921044800F0C1
:10E040003EFF3CE0C47D0224947D0224F87D02243E
:10E05000C87D0224D7F8F430013B1946DC4800F0B3
:10E060001AFFF0EE407AB0EE670AFFF779FDB0EEE6
:10E07000408AD7F8F43001331946D54800F00BFF39
:10E08000F0EE407AB0EE670AFFF76AFDF0EE407AF4
:10E09000B4EEE78AF1EE10FA4CBF01230023DBB2A5
:10E0A000002B07D0D7F8F430013B1946C94800F0DF
:10E0B00006FF04E0D7F8F410C64800F000FFC64B96
:10E0C0001B78BFF35B8FDBB203F00103002B0CBFA7
:10E0D00001230023DBB2002B10D0BF4801F058FF12
:10E0E0000346002B14BF01230023DBB2002B05D015
:10E0F000BA4800F005FFB84801F056FFB74800F0F5
:10E100000DFF0023C7F8EC30B24800F0EDFE0246E8
:10E11000D7F8EC309342B4BF01230023DBB2002BCD
:10E1200000F0C681FB6993ED0C8AD7F8EC10A94882
:10E1300000F001FF07EE900AB8EEE77AD7ED277AF4
:10E1400067EE277A78EE277AC7ED3A7A97ED3A7A32
:10E15000D7ED277A77EE277AC7ED397A97ED397AB6
:10E16000D7ED3A7A37EE677AF2EE046AC7EE267A8E
:10E17000C7ED0C7A964800F04FFE0023C7F8E03058
:10E18000D7F8E0300A2B00F3AD80D7F8E03007EE87
:10E19000903AB8EEE77AD7ED0C7A67EE277A97EDEA
:10E1A0003A7A77EE277AC7ED0B7A97ED0B0A01F0F2
:10E1B0003FFF87ED0A0A97ED0B0A02F051FD87ED4C
:10E1C000090AFB6993ED017AD7ED2C7A37EE277AAD
:10E1D000D7ED0A7A27EE277AD7ED2B6AD7ED097AA1
:10E1E00066EEA77A37EE277AFB69D3ED097A37EE28
:10E1F000678A97ED297AD7ED0A7A27EE277AD7ED45
:10E20000286AD7ED097A66EEA77A77EE277AB0EE1C
:10E21000670AFFF7B5FCF0EE408A97ED287AD7ED54
:10E220000A7A27EE277AD7ED296AD7ED097A66EEC2
:10E23000A77A77EE677AB0EE670AFFF7A1FCF0EEF7
:10E24000407A38EEE77AD7ED2A7A67EEA77A77EE4A
:10E25000677A28EE277AFB69D3ED077A37EE678A6B
:10E26000FB6993ED087AD7ED296AD7ED0A7A66EE55
:10E27000A76A97ED286AD7ED097A66EE277A76EED7
:10E28000A77A67EE278A97ED287AD7ED0A7A27EEE4
:10E29000277AD7ED296AD7ED097A66EEA77A77EE65
:10E2A000677AB0EE670AFFF76BFCB0EE407AD7ED05
:10E2B0002A7A67EEA77A77EE277AB0EE670A02F03D
:10E2C00097FEB0EE407AC8EE877A78EE677AB0EEC5
:10E2D000670A3F4800F0ADFDD7F8E0300133C7F8DA
:10E2E000E0304DE70023C7F8F4300023C7F8DC30F6
:10E2F000D7F8DC300A2B2DDCD7F8DC10344800F0DE
:10E30000CAFDF0EE407AB0EE670AFFF729FCB0EEE6
:10E31000408AD7F8F4102E4800F0BDFDF0EE407AA8
:10E32000B0EE670AFFF71CFCF0EE407AB4EEE78A25
:10E33000F1EE10FA4CBF01230023DBB2002B03D017
:10E34000D7F8DC30C7F8F430D7F8DC300133C7F841
:10E35000DC30CDE7D7F8F430002B03D10123C7F828
:10E36000D83042E0D7F8F4300A2B03D10923C7F89C
:10E37000D8303AE0D7F8F430013B1946144800F0A1
:10E380008AFDF0EE407AB0EE670AFFF7E9FBB0EEE7
:10E39000408AD7F8F430013319460D4800F07BFD70
:10E3A000F0EE407AB0EE670AFFF7DAFBF0EE407A63
:10E3B000B4EEE78AF1EE10FA4CBF01230023DBB282
:10E3C000002B0DD0D7F8F430013BC7F8D8300CE063
:10E3D000947D0224C87D0224287E0224FC7D022430
:10E3E000D7F8F4300133C7F8D830D7F8F43007EE57
:10E3F000903AB8EEE77AD7ED0C7A67EE277A97ED88
:10E400003A7A77EE277AC7ED0B7AD7F8F420D7F867
:10E41000D8309A4218DDD7F8D83007EE903AB8EEE7
:10E42000E77AD7ED0C7A67EE277A97ED3A7A77EEAE
:10E43000277AC7ED3A7A97ED3A7AD7ED0C7A77EEEC
:10E44000277AC7ED397A17E0D7F8F43007EE903A1B
:10E45000B8EEE77AD7ED0C7A67EE277A97ED3A7A3D
:10E4600077EE277AC7ED3A7A97ED3A7AD7ED0C7ABC
:10E4700077EE277AC7ED397A97ED397AD7ED3A7A80
:10E4800077EE677AB7EEE77A9FED596BB4EEC67B0D
:10E49000F1EE10FA00D461E600BF97ED0B0A564882
:10E4A00000F059FDD7F8EC300133C7F8EC302BE61B
:10E4B000524B1B78BFF35B8FDBB203F00103002BE1
:10E4C0000CBF01230023DBB2002B10D04B4801F01E
:10E4D0005FFD0346002B14BF01230023DBB2002B9A
:10E4E00005D0474800F00CFD444801F05DFD44486C
:10E4F00000F014FD0023C7F8D4303F4800F042FD7F
:10E500000246D7F8D4309342B4BF01230023DBB2D4
:10E51000002B77D0D7F8D410374800F03FFDF0EE4D
:10E52000407AB0EE670A02F0F7FA87ED0E0AD7EDEF
:10E53000297AB1EE677AD7ED286AD7ED0E7A66EEC2
:10E54000A77A37EE678A97ED297AD7ED0E7A67EECC
:10E55000277A97ED287A77EE677AB0EE670AFFF7A9
:10E560000FFBF0EE406AD7ED2A7A27EEA77AD7EDB7
:10E570000E7A67EEA77AB7EE006A77EE867A67EED4
:10E58000277A76EEA77AB0EE670A02F031FDB0EE98
:10E59000407AC8EE077AB0EE670A01F025FE87EDF3
:10E5A0000D0AFB69D3ED147A97ED0D7AB4EEE77A94
:10E5B000F1EE10FA14DDFB69D3ED157A97ED0D7AC3
:10E5C000B4EEE77AF1EE10FA0AD597ED0D0A0C4891
:10E5D00000F0C1FCD7F8D4300133C7F8D43004E0E0
:10E5E000D7F8D410044800F0EDFC86E7AFF30080C4
:10E5F000FCA9F1D24D62303FFC7D0224587E0224FA
:10E600002C7E02240023C7F8D030C84800F0BAFCA2
:10E610000246D7F8D0309342B4BF01230023DBB2C7
:10E62000002B00F0DF83D7F8D010C04800F0B6FC14
:10E63000F0EE407AB0EE670A01F0FAFC87ED230AAB
:10E64000D7F8D010B94800F0A9FCF0EE407AB0EE4F
:10E65000670A02F005FB87ED220AD7ED2A7AB1EEB0
:10E66000677AD7ED286AD7ED237A66EEA76A97ED29
:10E67000296AD7ED227A66EE277A76EEE77AC7EE38
:10E68000276AB0EE660A01F0AFFD87ED210A97ED2B
:10E69000210A02F0E5FA87ED200A97ED210A01F040
:10E6A000C7FC87ED1F0AFB6993ED037AD7ED207A4B
:10E6B00027EE277AD7ED2D6AD7ED1F7A66EEA77A77
:10E6C00037EE277AD7ED2B6AD7ED237A66EEA76A65
:10E6D000FB6993ED016AD7ED2C7A36EE276AD7ED08
:10E6E000227A66EE277A76EEE76AD7ED207A66EE32
:10E6F000A77A77EE277AC7ED1E7AFB6993ED067A43
:10E70000FB69D3ED036AD7ED1F7A66EEA77A37EE81
:10E71000277AD7ED2B6AD7ED237A66EEA76AFB69D5
:10E7200093ED016AD7ED2C7A36EE276AD7ED227A7F
:10E7300066EE277A76EEE76AD7ED1F7A66EEA77A5D
:10E7400037EE277AD7ED2D6AD7ED207A66EEA77AD5
:10E7500037EE678AFB69D3ED088AD7F8D010744882
:10E7600000F01CFCF0EE407AB0EE670A01F060FCAD
:10E77000B0EE407AC8EE877A38EE278AFB6993EDCF
:10E78000017AD7ED2C7A37EE277AD7ED237A27EE68
:10E79000277AD7ED2B6AD7ED227A66EEA77A37EE85
:10E7A000277AFB69D3ED097A77EE678AD7F8D0101C
:10E7B0005F4800F0F3FBF0EE407AB0EE670A02F03B
:10E7C000ABF9F0EE407A68EEA77A78EE277AC7EDDB
:10E7D0001D7AD7ED1E7A27EEA77AD7ED1D7A67EE60
:10E7E000A77A37EE277AFB69D3ED056AFB69D3ED8B
:10E7F000057A66EEA77A37EE277AFB69D3ED046ACD
:10E80000FB69D3ED047A66EEA77A77EE676AFB6957
:10E81000D3ED057A37EEA77AC6EE877AC7ED1C7A74
:10E82000D7ED1E7A27EEA77AD7ED1C7A27EE277A46
:10E83000D7ED1C7A27EE277AD7ED1E7A67EEA76A06
:10E84000D7ED1D7A67EEA77A76EEA76AD7ED1C7A28
:10E8500027EEA76AD7ED1D7A67EEA77A76EE677A7C
:10E8600066EEA77A77EE677AC7ED1B7AD7ED1B7A4B
:10E87000F5EEC07AF1EE10FA00DAADE2D7ED1E7ACD
:10E88000B1EE677AD7ED1C7A27EE278A97ED1B0A3F
:10E8900002F0AEFBF0EE407A78EE276AD7ED1E7AF2
:10E8A00027EEA77AD7ED1D7A67EEA77A37EE277A9B
:10E8B000C6EE877AC7ED1A7AD7ED1E7AB1EE677A7F
:10E8C000D7ED1C7A27EE278A97ED1B0A02F090FB02
:10E8D000F0EE407A78EE676AD7ED1E7A27EEA77AD7
:10E8E000D7ED1D7A67EEA77A37EE277AC6EE877ADC
:10E8F000C7ED197A97ED1A0AFFF732F9F0EE407A70
:10E90000B7EE007AF4EEC77AF1EE10FA12D897ED6E
:10E91000190AFFF725F9F0EE407AB7EE007AF4EE27
:10E92000C77AF1EE10FA05D8012304E0FC7D022439
:10E930002C7E02240023002B00F04B8297ED1A0A54
:10E9400002F060FA87ED330A97ED190A02F05AFADD
:10E9500087ED320A97ED1E7AD7ED1A7A37EE277ACD
:10E96000D7ED1C7A77EE277AF1EE676A97ED1D7A7C
:10E97000C6EE877AC7ED187A97ED1E7AD7ED197A29
:10E9800037EE277AD7ED1C7A77EE277AF1EE676AB1
:10E9900097ED1D7AC6EE877AC7ED177A97ED180ABC
:10E9A000FFF7DEF8F0EE407AB7EE007AF4EEC77AC1
:10E9B000F1EE10FA94BF01230023DBB2002B28D024
:10E9C00097ED180A02F0ECF987ED160AD7ED337AC5
:10E9D000F5EEC07AF1EE10FA08DD97ED167AD7ED74
:10E9E000337AB4EEE77AF1EE10FA0FDCD7ED337A32
:10E9F000F5EEC07AF1EE10FA0BD597ED167AD7ED59
:10EA0000337AB4EEE77AF1EE10FA02D5BB6DC7F8AF
:10EA1000CC3097ED170AFFF7A3F8F0EE407AB7EE87
:10EA2000007AF4EEC77AF1EE10FA94BF01230023C6
:10EA3000DBB2002B28D097ED170A02F0B1F987ED71
:10EA4000150AD7ED327AF5EEC07AF1EE10FA08DD4C
:10EA500097ED157AD7ED327AB4EEE77AF1EE10FA47
:10EA60000FDCD7ED327AF5EEC07AF1EE10FA0BD565
:10EA700097ED157AD7ED327AB4EEE77AF1EE10FA27
:10EA800002D57B6DC7F8C830FB6993ED058A97ED19
:10EA9000330A02F0E5F8F0EE407A28EE277AD7ED57
:10EAA0001E7A77EE277AF1EE678AFB6993ED058A85
:10EAB00097ED330A01F0BCFAF0EE407A28EE277A9F
:10EAC000D7ED1D7A77EE277AF1EE677AF0EE670AD6
:10EAD000B0EE680A02F0C8F9B0EE407AD7ED337AAA
:10EAE00077EE677AC7ED147AFB6993ED058A97EDA7
:10EAF000320A02F0B5F8F0EE407A28EE277AD7ED28
:10EB00001E7A77EE277AF1EE678AFB6993ED058A24
:10EB100097ED320A01F08CFAF0EE407A28EE277A6F
:10EB2000D7ED1D7A77EE277AF1EE677AF0EE670A75
:10EB3000B0EE680A02F098F9B0EE407AD7ED327A7A
:10EB400077EE677AC7ED137A97ED337AD7ED147ABB
:10EB500037EE277AD7ED217A77EE677AC7ED127A0A
:10EB600097ED327AD7ED137A37EE277AD7ED217AFF
:10EB700077EE677AC7ED117AFB69D3ED0E7A97EDE0
:10EB8000127AB4EEE77AF1EE10FA09D4FB69D3ED0C
:10EB90000F7A97ED127AB4EEE77AF1EE10FA01DD12
:10EBA000012300E0002387F84330FB69D3ED0E7AA0
:10EBB00097ED117AB4EEE77AF1EE10FA09D4FB6919
:10EBC000D3ED0F7A97ED117AB4EEE77AF1EE10FA01
:10EBD00001DD012300E0002387F84230FB69D3ED1B
:10EBE000107A97ED147AB4EEE77AF1EE10FA09D4C0
:10EBF000FB69D3ED117A97ED147AB4EEE77AF1EE72
:10EC000010FA01DD012300E0002387F84130FB69A1
:10EC1000D3ED107A97ED137AB4EEE77AF1EE10FAAD
:10EC200009D4FB69D3ED117A97ED137AB4EEE77A44
:10EC3000F1EE10FA01DD012300E0002387F84030F7
:10EC4000FB69D3ED127A97ED337AB4EEE77AF1EE01
:10EC500010FA09D4FB69D3ED137A97ED337AB4EE49
:10EC6000E77AF1EE10FA01DD012300E0002387F8D6
:10EC70003F30FB69D3ED127A97ED327AB4EEE77A42
:10EC8000F1EE10FA09D4FB69D3ED137A97ED327ADD
:10EC9000B4EEE77AF1EE10FA01DD012300E0002383
:10ECA00087F83E3097F84330002B04D097F8423075
:10ECB000002B40F0908097F84130002B04D097F85B
:10ECC0004030002B40F0878097F83F30002B03D076
:10ECD00097F83E30002B7ED197F84330002B07D1B8
:10ECE00097F84130002B03D197F83F30002B0BD021
:10ECF00097F84230002B6ED197F84030002B6AD144
:10ED000097F83E30002B66D197F8433083F001032B
:10ED1000DBB2002B2AD097F8413083F00103DBB23D
:10ED2000002B23D097F83F3083F00103DBB2002B98
:10ED30001CD0D7F8D0102F4800F030F9B0EE408A40
:10ED4000D7F8D0102C4800F029F9F0EE407AF0EE18
:10ED5000672A97ED332AD7ED141A97ED121AF0EEC1
:10ED6000480A97ED310AF869FEF7BEFE97F842307F
:10ED700083F00103DBB2002B2ED097F8403083F0F4
:10ED80000103DBB2002B27D097F83E3083F001035C
:10ED9000DBB2002B20D0D7F8D010164800F0FEF8D8
:10EDA000B0EE408AD7F8D010134800F0F7F8F0EE34
:10EDB000407AF0EE672A97ED322AD7ED131A97EDD5
:10EDC000111AF0EE480A97ED310AF869FEF78CFE49
:10EDD00002E000BF00E000BFD7F8D0300133C7F831
:10EDE000D03012E400BF07F58077BD46BDEC028B42
:10EDF00080BD00BFFC7D02242C7E022480B483B041
:10EE000000AF78607B6800221A607B6818460C3778
:10EE1000BD465DF8047B704780B483B000AF786076
:10EE20007B6800221A6000BF0C37BD465DF8047B8A
:10EE3000704780B483B000AF786087ED000A3A680D
:10EE40007B681B68581C7968086079689B000B44D4
:10EE500004331A6000BF0C37BD465DF8047B704771
:10EE600080B483B000AF78607B6800221A607B6852
:10EE700018460C37BD465DF8047B704780B483B0FC
:10EE800000AF78607B6800221A6000BF0C37BD4677
:10EE90005DF8047B704780B483B000AF7860396060
:10EEA0007A683B689B00134404331B6807EE903A72
:10EEB000B0EE670A0C37BD465DF8047B704780B43E
:10EEC00083B000AF786039603A687B681B68581C73
:10EED0007968086079689B000B445A6000BF0C3762
:10EEE000BD465DF8047B704780B483B000AF7860A6
:10EEF0007B681B6818460C37BD465DF8047B70477D
:10EF000080B483B000AF78607B6800221A607B68B1
:10EF100018460C37BD465DF8047B704780B483B05B
:10EF200000AF78607B6800221A6000BF0C37BD46D6
:10EF30005DF8047B704780B483B000AF78603960BF
:10EF40007A683B689B0013445B6818460C37BD46E3
:10EF50005DF8047B704780B483B000AF786087EDC4
:10EF6000000A3A687B681B68581C796808607968F1
:10EF70009B000B4404331A6000BF0C37BD465DF89C
:10EF8000047B704780B483B000AF78607B681B68F7
:10EF900018460C37BD465DF8047B704780B483B0DB
:10EFA00000AF786039607A683B689B001344043393
:10EFB0001B6807EE903AB0EE670A0C37BD465DF865
:10EFC000047B704780B483B000AF786039603B68E1
:10EFD00001333B607B681B683A689A4210DA3B68F1
:10EFE000013B79683A6892000A44043212687968F1
:10EFF0009B000B4404331A603B6801333B60E9E734
:10F000007B681B685A1E7B681A6000BF0C37BD46C0
:10F010005DF8047B704780B483B000AF78603960DE
:10F020007B689A693B68D31A18460C37BD465DF871
:10F03000047B704780B483B000AF78607B68002B9E
:10F04000B8BF5B4218460C37BD465DF8047B70477D
:10F0500080B483B000AF78607B6818460C37BD463B
:10F060005DF8047B704780B588B000AFF860B96088
:10F070007A603B60FB68DB6B3A68D31AFB617B68A4
:10F08000002B05D07968F86900F006FA034600E025
:10F09000FB69BB617B68002B0AD07868FFF7CAFF69
:10F0A00003461A46B969F86900F0B2F9034600E070
:10F0B0000023FA685361FB685A69FB685A607B68F1
:10F0C000002B08DAFB685B695A42FB685A61FB68EF
:10F0D0005A69FB685A60FB68DB6ABA69D21AFB6836
:10F0E0009B6BD31A7B61BB68002B05D0B96878692C
:10F0F00000F0D2F9034600E07B693B61BB68002B5E
:10F100000AD0B868FFF796FF03461A46396978694E
:10F1100000F07EF9034600E00023FA689360BB68C4
:10F12000002B04DAFB689B685A42FB689A60FB6814
:10F130009B685A42FB681A61FB68186BFB685B6B43
:10F140003A69194600F082F90246FB68DA60FB680A
:10F15000196BFB685B6B1A46386900F059F9024677
:10F16000FB689B681A44FB689A60FB68596BFB68F4
:10F170001B6B1A46386900F04BF90246FB681B69A5
:10F180001A44FB681A6100BF2037BD4680BD80B5B8
:10F190008EB000AFF860B9607A603B60FB68DB6BF3
:10F1A0003A68D31A7B637B68002B05D07968786B4B
:10F1B00000F072F9034600E07B6B3B637B68002B39
:10F1C0000AD07868FFF736FF03461A46396B786B2A
:10F1D00000F01EF9034600E00023FA685361FB6863
:10F1E0005A69FB685A607B68002B08DAFB685B6928
:10F1F0005A42FB685A61FB685A69FB685A60FB68AF
:10F200001B6ABA68D31ABB60FB68DB6A3A68D31A18
:10F21000FB62B968F86A00F03FF9B862BA68B96A87
:10F22000F86A00F0F5F87862FB68DB6BFA6AD21ACC
:10F23000FB689B6BD31A3B62FB68DB691A46396A31
:10F24000B86A00F0E5F8F861FB68DB69BA6A396A08
:10F25000184600F0DDF8B861FB68186BFB685B6B63
:10F260003A6A194600F0F2F80246FB68DA60FB6879
:10F27000196BFB685B6B1A46386A00F0C9F80246E6
:10F28000FB689A60FB689A687B6AD21AFB69D21A9B
:10F29000FB689A60B969F868FFF7BDFE7861FB68A2
:10F2A000596BFB681B6B1A46386A00F0B1F80246CE
:10F2B000FB681A61FB681A697B691A44FB681A616A
:10F2C00000BF3837BD4680BD80B582B000AF7860E2
:10F2D0007B681A6C7B689B6CD21A7B681A627B68AD
:10F2E000186A7B689A6B7B68DB6B1344194600F0E5
:10F2F000D3F802467B68DA617B68186A7B68D96953
:10F300007B689A6B7B68DB6B13441A4600F080F8CD
:10F310000346C3F500527B689A6100BF0837BD46BB
:10F3200080BD000080B485B000AF786039603B6874
:10F33000002B02D14FF4005315E07B685A023B6862
:10F3400092FBF3F3FB60FB68002B04DB094AFB68CC
:10F3500052F8233006E0FB685B42064A52F823303D
:10F36000C3F5005300BF18461437BD465DF8047B53
:10F37000704700BFA4FD030880B582B000AF78607D
:10F380007B68002B01DC00233AE07B68012B01DC69
:10F39000012335E07B68062B01DC022330E07B682B
:10F3A0000B2B01DC03232BE07B68142B01DC0423F3
:10F3B00026E07B68202B01DC052321E07B6840F6FA
:10F3C000C412934208DC7B681B11023B7B600E4A2F
:10F3D0007B6852F8233013E07B68B3F5B03F08DA5E
:10F3E0007B68DB11133B7B60084A7B6852F8233053
:10F3F00006E07B681B121846FFF7BEFF03461B01A1
:10F4000018460837BD4680BDA8050408180804083A
:10F4100080B584B000AFF860B9607A60BB6803FB68
:10F4200003F2FB6803FB03F31A447B6803FB03F35B
:10F43000D01AFB68BA6802FB03F35B001946FFF7BA
:10F4400071FF034618461037BD4680BD80B584B0B5
:10F4500000AFF860B9607A607A68B968F868FFF759
:10F46000D7FF0346C3F5005318461037BD4680BD8D
:10F4700080B582B000AF786039603B6803FB03F26F
:10F480007B6803FB03F3D31A1846FFF775FF0346A7
:10F4900018460837BD4680BD80B582B000AF7860A1
:10F4A00039607B6803FB03F23B6803FB03F31344FF
:10F4B0001846FFF761FF034618460837BD4680BD72
:10F4C00080B483B000AF786039607B68B3F5806F3B
:10F4D00001DB3B6809E07B68C3F30903064A52F885
:10F4E00023303A6802FB03F39B1218460C37BD46E3
:10F4F0005DF8047B704700BF8445020880B500AF0B
:10F50000002213491348EEF7C7F80346002B01D039
:10F51000E7F758F910490F48EEF7EEF80346002BCD
:10F5200001D0E7F74FF90D490A48EEF70FF8034607
:10F53000002B01D0E7F746F90648EEF704F9034639
:10F54000002B01D0E7F73EF9EAF760F800BF80BD75
:10F5500050010024A4800224300000243C01002437
:10F5600080B500AF002205490548EEF704F80549CB
:10F570000348EEF71EF80023184680BDF4830224EA
:10F58000A48002247483022480B400AF00231846B0
:10F59000BD465DF8047B704780B483B000AF03467E
:10F5A0003960FB711346BB80FB79232B4AD801A23B
:10F5B00052F823F045F6010845F6010845F6010822
:10F5C00045F6010845F6010845F6010845F601082B
:10F5D00045F6010845F6010845F6010845F601081B
:10F5E00045F6010845F6010845F6010845F601080B
:10F5F00045F6010845F6010845F6010845F60108FB
:10F6000045F6010845F6010845F6010845F60108EA
:10F6100045F6010845F6010845F6010845F60108DA
:10F6200045F6010845F6010845F6010845F60108CA
:10F6300045F6010845F6010845F6010845F60108BA
:10F6400045F6010800BF002318460C37BD465DF89B
:10F65000047B704780B582B000AF7860396079680C
:10F660000548EDF7A6FF0448EDF7ECFF0023184628
:10F670000837BD4680BD00BFA480022480B584B099
:10F6800000AF78600B467B800023FB730D4BD3F8F3
:10F69000BC32BB60BB68D3F81432002B01D001230D
:10F6A0000BE07B881A4679680648EDF764FF054849
:10F6B000EDF798FF0346FB73FB7B18461037BD46FA
:10F6C00080BD00BFA480022480B487B000AFF86082
:10F6D000B9601346FB710023FB7597F91730184684
:10F6E0001C37BD465DF8047B7047000080B483B0D2
:10F6F00000AF03463960FB713B6812221A80034B4E
:10F7000018460C37BD465DF8047B70476C01002439
:10F7100080B483B000AF03463960FB713B680422BC
:10F720001A80034B18460C37BD465DF8047B7047C2
:10F730008001002480B582B000AF03463960FB71C0
:10F74000FB79002B05D13A6807490848EFF72DF8F7
:10F7500004E03A6804490548EFF727F8024B1846D9
:10F760000837BD4680BD00BF7484022404350208FA
:10F7700080B582B000AF03463960FB713A68044936
:10F780000448EFF712F8024B18460837BD4680BD13
:10F79000748402241C35020880B582B000AF034691
:10F7A0003960FB713B681A221A8000F043F8024B63
:10F7B00018460837BD4680BD8401002480B582B05C
:10F7C00000AF03463960FB71FB79002B05D13A6825
:10F7D00007490848EEF7E9FF04E03A68044905489C
:10F7E000EEF7E3FF024B18460837BD4680BD00BF69
:10F7F000748402243035020880B582B000AF03461D
:10F800003960FB71FB79002B05D13A68074908483C
:10F81000EEF7CBFF04E03A6804490548EEF7C5FF70
:10F82000024B18460837BD4680BD00BF74840224D1
:10F830003C35020880B584B000AF0F4B1B68FB60FD
:10F840000E4B1B68BB600E4B1B687B60FA687B68C5
:10F850001344FB60FB68002B09D008220949F868B3
:10F8600000F014F804220849B86800F00FF800BF4F
:10F870001037BD4680BD00BF00E8F11F04E8F11F4E
:10F8800008E8F11F860100249601002480B487B0A7
:10F8900000AFF860B9601346FB710023FB750023CD
:10F8A000FB7527E0FB681B0F092B0BD8FB681B0FB0
:10F8B000DAB2FB7D5B001946BB680B443032D2B232
:10F8C0001A700AE0FB681B0FDAB2FB7D5B00194679
:10F8D000BB680B443732D2B21A70FB681B01FB6065
:10F8E000FB7D5B000133BA68134400221A70FB7D74
:10F8F0000133FB75FA7DFB799A42D3D300BF00BF79
:10F900001C37BD465DF8047B7047000080B483B0AF
:10F9100000AF7860064B5B6D23F4401204497B68AE
:10F9200013434B6500BF0C37BD465DF8047B704741
:10F930000044025880B400AF054BDB68044A43F032
:10F940008073D36000BFBD465DF8047B704700BF85
:10F950000048025880B58AB000AF786007F1140300
:10F9600000221A605A609A60DA601A617B681B682C
:10F97000214A93423CD14FF40010FFF7C7FFFFF735
:10F98000D9FF1E4BD3F8E0301C4A43F00103C2F804
:10F99000E0301A4BD3F8E03003F001033B613B69E0
:10F9A0004FF4C0537B610223BB610023FB61002342
:10F9B0003B620A237B6207F1140319461048E8F7FB
:10F9C000A5FA0E4BD3F8D8300C4A43F00063C2F8C6
:10F9D000D8300A4BD3F8D83003F00063FB60FB68E3
:10F9E000002200216520E7F7B4FA6520E7F7CBFA9B
:10F9F00000BF2837BD4680BD0000084000440258C3
:10FA00000000025880B582B000AF78607B68D3F800
:10FA100004247B6803F5717319461046EDF7DEFE8A
:10FA200000BF0837BD4680BD80B582B000AF7860AA
:10FA30000B46FB707B68D3F80404FA7879681346A8
:10FA4000DB009B1A9B000B4403F502731A68FB78DA
:10FA50001946EDF718FF00BF0837BD4680BD80B5D9
:10FA600082B000AF78600B46FB707B68D3F804046B
:10FA7000FA7879681346DB009B1A9B000B444833E5
:10FA80001A68FB781946EDF761FF00BF0837BD46DD
:10FA900080BD80B582B000AF78607B68D3F8043455
:10FAA0001846EEF775F800BF0837BD4680BD80B533
:10FAB00084B000AF78600123FB737B68DB68002BA8
:10FAC00002D10023FB7308E07B68DB68022B02D1C4
:10FAD0000123FB7301E0E6F775FE7B68D3F804347D
:10FAE000FA7B11461846EEF715F87B68D3F8043414
:10FAF0001846EDF7C1FF00BF1037BD4680BD0000BE
:10FB000080B582B000AF78607B68D3F804341846C3
:10FB1000EEF710F87B681B6803F560631B687A6872
:10FB2000126802F5606243F0010313607B681B6A90
:10FB3000002B05D0044B1B69034A43F006031361F5
:10FB400000BF0837BD4680BD00ED00E080B582B043
:10FB500000AF78607B68D3F804341846EEF700F8FD
:10FB600000BF0837BD4680BD80B582B000AF786069
:10FB70000B46FB707B68D3F80434FA7811461846BC
:10FB8000EEF74EF800BF0837BD4680BD80B582B0A5
:10FB900000AF78600B46FB707B68D3F80434FA78CA
:10FBA00011461846EEF716F800BF0837BD4680BD6F
:10FBB00080B582B000AF78607B68D3F80434184613
:10FBC000EEF754F800BF0837BD4680BD80B582B05F
:10FBD00000AF78607B68D3F804341846EEF751F82C
:10FBE00000BF0837BD4680BD80B582B000AF7860E9
:10FBF0007B681B78002B3ED1214A7B68C2F8043415
:10FC00007B681F4AC3F8C4221D4B1E4A1A601C4B56
:10FC100009225A601A4B0222DA60194B00221A613B
:10FC2000174B02229A61164B0022DA61144B002214
:10FC30001A62134B00225A62114B00229A62104B37
:10FC40000022DA620E4B00221A630D48E8F70EFB21
:10FC50000346002B01D0E6F7B5FD80210848E9F7FF
:10FC600094FC402200210648E9F748FC802201214B
:10FC70000348E9F743FC002318460837BD4680BD1A
:10FC8000748602240000084080B584B000AF78601C
:10FC90000023FB730023BB737B68D3F8C432184680
:10FCA000E8F708FC0346FB73FB7B184600F042F9BB
:10FCB0000346BB73BB7B18461037BD4680BD80B57D
:10FCC00084B000AF7860084611461A460346FB70C0
:10FCD0000B46BB7013463B800023FB730023BB73B2
:10FCE0007B68D3F8C402BB783A88F978E9F70DF855
:10FCF0000346FB73FB7B184600F01CF90346BB73FD
:10FD0000BB7B18461037BD4680BD80B584B000AFC0
:10FD100078600B46FB700023FB730023BB737B688A
:10FD2000D3F8C432FA7811461846E9F756F8034674
:10FD3000FB73FB7B184600F0FDF80346BB73BB7BEF
:10FD400018461037BD4680BD80B584B000AF7860DE
:10FD50000B46FB700023FB730023BB737B68D3F857
:10FD6000C432FA7811461846E9F72EF90346FB73B8
:10FD7000FB7B184600F0DEF80346BB73BB7B1846DE
:10FD80001037BD4680BD80B584B000AF78600B46AB
:10FD9000FB700023FB730023BB737B68D3F8C43272
:10FDA000FA7811461846E9F773F90346FB73FB7BB3
:10FDB000184600F0BFF80346BB73BB7B18461037EC
:10FDC000BD4680BD80B485B000AF78600B46FB7047
:10FDD0007B68D3F8C432FB6097F90330002B0BDA51
:10FDE000FB7803F07F02F9681346DB009B1A9B0047
:10FDF0000B443E331B780BE0FB7803F07F02F9687D
:10FE00001346DB009B1A9B000B4403F5FF731B7822
:10FE100018461437BD465DF8047B704780B584B042
:10FE200000AF78600B46FB700023FB730023BB73AD
:10FE30007B68D3F8C432FA7811461846E8F740FFD9
:10FE40000346FB73FB7B184600F074F80346BB7354
:10FE5000BB7B18461037BD4680BD80B586B000AF6D
:10FE6000F8607A603B600B46FB720023FB75002351
:10FE7000BB75FB68D3F8C402F97A3B687A68E9F786
:10FE800059F80346FB75FB7D184600F053F803460E
:10FE9000BB75BB7D18461837BD4680BD80B586B0A2
:10FEA00000AFF8607A603B600B46FB720023FB7585
:10FEB0000023BB75FB68D3F8C402F97A3B687A6803
:10FEC000E8F7D5FF0346FB75FB7D184600F032F8D6
:10FED0000346BB75BB7D18461837BD4680BD80B54F
:10FEE00082B000AF78600B46FB707B68D3F8C432F9
:10FEF000FA7811461846E9F705F803461846083718
:10FF0000BD4680BD80B483B000AF7860034B184617
:10FF10000C37BD465DF8047B704700BF5C7E022451
:10FF200080B483B000AF786000BF0C37BD465DF889
:10FF3000047B704780B485B000AF0346FB7100239B
:10FF4000FB73FB79032B17D801A252F823F000BFF3
:10FF500061FF010867FF01086DFF010873FF0108D9
:10FF60000023FB730BE00323FB7308E00123FB7307
:10FF700005E00323FB7302E00323FB7300BFFB7B5D
:10FF800018461437BD465DF8047B704700F012B880
:10FF90000368DB0706D4437803B1FFDE0123437017
:10FFA000184670470020704701230360704708B56A
:10FFB00000F00EF802F084BA08B5804702F046FA65
:10FFC000024B1868BFF35B8F704700BFA00100248D
:10FFD00008B5FFF7F5FFFFF7EFFFCB0712D421EECF
:10FFE000006B90ED1A5B90ED187BA5EE017B90ED18
:10FFF000165B21EE061BA5EE060BA7EE010BB7EE76
:020000040802F0
:10000000C00B704790ED145B21EE016B90ED127BFD
:1000100090ED0C0BA1EE057B90ED0E5BA1EE050BB8
:1000200090ED105B21EE061BA6EE050BE5E7000048
:10003000F8B510EE104AC4F30A53B3F57D7FB7EE5E
:10004000C06A0CD226EE061BB3F5667F78D3B0EEFD
:10005000460B3F480121BDE8F840FFF7BEBF40F224
:100060002E42934226D83A4B93ED087B26EE077B2F
:10007000FDEEC77B03F1700017EE901A01F5000149
:10008000091607EE901A01F0030203EBC202B8EE64
:10009000E75B92ED000B93ED0A7B11F0020FA5EEEA
:1000A000476B81F0010108BF184626EE061B20EEC3
:1000B000060BD0E7B3F5FF6F3ED2264BC4F3836245
:1000C00003EB8200C4F31601C4F3C255066A00694B
:1000D00041F40001A94053F82250A1FB066705FB3B
:1000E00001F33A46E0FB0123111C43F100560020C6
:1000F000101A06F0404163EB0101E0F7CFFAB50FAB
:10010000134B05EBD4749FED100B41EC170B04F06F
:10011000030203EBC20227EE000B92ED007B20EE00
:10012000001B14F0020F03F1700085F0010108BFFD
:10013000184627EE000B8EE7BDE8F84000F044B803
:10014000B7EE000AF8BD00BF182D4454FB21193C3E
:10015000E01604088016040813B504468DED010A64
:1001600002F07CF99DED010A046002B010BD30B1CF
:10017000F1EE407A27EE800A2220FFF7EDBFF0EE85
:10018000407AF7E79FED010AFFF7F1BF000000108A
:100190009FED010AFFF7EBBF0000201A9FED010A57
:1001A000FFF7E5BF00000070B7EE000AFFEE007A2F
:1001B000002840FE277A9FED030A222087EE800A5E
:1001C000FFF7CABF00000000F0EE407A30EE407A40
:1001D000F4EE677AF1EE10FA87EE070A02D62120D4
:1001E000FFF7BABF7047000038B510EE105A25F07F
:1001F0000044B4F1A14FF0EE407A0FDBB4F1FF4FB1
:1002000004DD70EE007AB0EE670A38BDDFED4D7A9E
:100210009FED4D0A002D77FE807AF4E74B4B9C4210
:1002200010DCB4F1445F0ADA9FED497A30EE077AC8
:10023000F7EE006AB4EEE67AF1EE10FAE3DC4FF086
:10024000FF3313E000F05CF9424B9C424FDCA3F516
:10025000D0039C4241DCF0EE007ABFEE007AA0EEC3
:10026000277A002330EE270AC7EE007A5A1C67EE81
:10027000A76ADFED395A9FED396A9FED395A9FED34
:10028000390A26EEA67AA7EE256ADFED375AE6EEA2
:10029000075A9FED366AA5EE876ADFED355AE6EE1E
:1002A000075A9FED346AA5EE876ADFED335AE7EE11
:1002B000055A9FED325AA5EE875ADFED315AE5EE29
:1002C000075AA5EE870A20EE070AA6EE260A27EEB1
:1002D000800A21D177EEC07A95E7F7EE007A30EE0A
:1002E000677A30EE270A0123C7EE007ABEE7254B76
:1002F0009C420BDCF7EE087AB7EE007AA0EE277A84
:10030000022370EE676AC6EE877AAFE7BFEE007A27
:10031000C7EE007A0323A9E71B4A1C4902EB8302BC
:1003200001EB830393ED007A30EE470A002D70EE67
:10033000677A92ED000A70EE677AB8BFF1EE677ADD
:1003400061E700BFDB0FC93FDB0FC9BFFFFFDF3E27
:10035000CAF24971FFFF973FD769853C59DA4B3D97
:1003600021A215BDCDCC4CBE356B883D6E2EBA3D5D
:100370002549123EABAAAA3E6BF16EBD95879DBD85
:10038000388EE3BDFFFF1B40CC120408DC120408CA
:1003900010EE103AC3F3C7527F3A162A23F00041F9
:1003A0002ADC002A11DADFED197A30EE270AB5EEE1
:1003B000C00AF1EE10FA05DD002B23DB002918BF7F
:1003C0004FF07E5300EE103A7047114911410B4235
:1003D000FAD0DFED0E7A30EE270AB5EEC00AF1EE64
:1003E00010FAEFDD002BC2BF4FF4000040FA02F21A
:1003F0009B1823EA0103E5E7B1F1FF4FE4D330EEA8
:10040000000A70474FF00043DCE700BFCAF24971B1
:10041000FFFF7F0010EE102A70B4C2F30A5340F2BF
:100420002A44A342B7EEC06A2AD912F5000F59D068
:10043000B3F5FF6F03D330EE000A70BC7047DFEDF9
:100440002B7AB4EEE70AF1EE10FA03DD70BC00205F
:10045000FFF7A4BEDFED267AB4EEE70AF1EE10FA5C
:1004600003D570BC0020FFF78DBEDFED227AB4EE1D
:10047000E70AF1EE10FA03D570BC0020FFF788BE42
:100480001D4BB7EE000B93ED4A5B93ED484BB0EE7E
:10049000447BA5EE067B17EE105A37EE447B05F041
:1004A0001F0203EBC202D2E9004695EE067B93EDF4
:1004B000504B93ED4C5BA4EE070B93ED4E6B00237A
:1004C00018194FEAC53242EB0601A5EE076B27EE7D
:1004D000075B41EC170BA6EE050B20EE070BB7EE02
:1004E000C00BAAE79FED050AA7E700BF1772B1424C
:1004F000B4F1CFC2CF8ECEC2F012040800000000CB
:1005000010EE103A23F0004300EE103A704700005E
:1005100010EE103AC3F3C7527F3A162A23F0004177
:100520002ADC002A11DADFED187A30EE270AB5EE60
:10053000C00AF1EE10FA05DD002B23DA134A002978
:1005400018BF134600EE103A7047114911410B4293
:10055000FAD0DFED0D7A30EE270AB5EEC00AF1EEE3
:1005600010FAEFDD002BBEBF4FF4000040FA02F29C
:100570009B1823EA0103E5E7B1F1FF4FE4D330EE26
:10058000000A70470023DDE7CAF24971000080BF0E
:10059000FFFF7F0010EE103A23F000420021B2F17D
:1005A000FF4F016019DAC2B113F0FF4F0AD1DFED3E
:1005B0000B7A60EE277A6FF0180117EE903A01601F
:1005C00023F000420168D21523F0FF437E3A43F046
:1005D0007C530A4400EE103A026070470000004C61
:1005E00010B52DED028B0446B0EE408A01F01AFFE3
:1005F000B8B1B5EE408AF1EE10FA12D0B0EE480A6A
:10060000204600F019FAB0EE408A01F00BFF20B14D
:10061000B5EE408AF1EE10FA03D101F01FFF22235C
:100620000360B0EE480ABDEC028B10BD10EE103A2C
:10063000B3F17E5F10B455D0A3F50002B2F1FE4FC6
:100640001AD35A0004D15DF8044B0120FFF7ACBD6A
:10065000B3F1FF4F43D0002B02DBB2F17F4F03D346
:100660005DF8044BFFF7B0BDDFED207A20EE270ADE
:1006700010EE103AA3F1386303F140421C49BFEE7B
:10068000000B02F54D02C2F3C340D40D01EB001084
:10069000E40590ED006B1B1B07EE903A91ED405B7B
:1006A000B7EEE77AD215A6EE070B90ED026B07EED8
:1006B000902A91ED444BB8EEE77BA7EE056B91EDE8
:1006C000467B20EE005BA4EE007B91ED424B30EECA
:1006D000060BA4EE057BA5EE070BB7EEC00B5DF88D
:1006E000044B70479FED030AF9E700BF0000004B81
:1006F000381404080000000010EE103AC3F3C7528B
:100700007F3A162A0ADC002A03DA03F0004303606A
:1007100070470A4941FA02F2134206D103F000433E
:1007200080ED000A00EE103A704723EA020307EE5C
:10073000903A036030EE670A704700BFFFFF7F000A
:10074000C0F3C7537E2B10DD962B0CDC0122C3F1C6
:10075000960302FA03F35A1E024206D103420CBF6B
:1007600002200120704702207047002070470000DF
:10077000F0B510EE101A10EE906AA1F500037200A9
:10078000B3F1FE4F85B002F1FF306FF0807356D2A7
:10079000984256D2002001F14042A34EBFEE006BBA
:1007A00002F54D02C2F3C347D20D06EB0717D2057F
:1007B0008B1A97ED005B07EE903AD215B7EEE77A09
:1007C000A5EE076B97ED025B26EE062B22EE021BD1
:1007D00007EE902A96ED404BB8EEE77B37EE057BAF
:1007E00096ED425B96ED443BA6EE045B96ED464BE0
:1007F000A6EE034B96ED483BB7EEE00AA6EE037B70
:10080000A2EE047BA5EE017B20EE070B10EE901A02
:1008100000230027C1F3CF3248F2BE069F4208BF33
:10082000964280F0B1809FED787BB4EEC70BF1EE7D
:1008300010FA79DD05B0BDE8F040FFF7AFBC984293
:100840002DD352B981F480035B0013F5000F40F201
:10085000CD8030EE200A05B0F0BDB1F17E5F05D14C
:1008600086F48006760016F5000FF0E74B00B3F132
:100870007F4FEED8B2F17F4FEBD1B3F1FE4F00F0D6
:10088000B580B3F1FE4F6FEA060634BF00230123A3
:10089000F60FB34240F0AD8020EEA00ADBE74F0038
:1008A0007A1E9A421CD3002920EE000A0FDA10EEBD
:1008B000900AFFF745FF012809D1B1EE400A47B978
:1008C000002EC8DA05B0BDE8F040FFF76DBC00208F
:1008D000F5E7002EBFDAF7EE007A87EE800ABAE776
:1008E00000291FDA10EE900AFFF72AFF20B905B0A1
:1008F000BDE8F040FFF768BC012814BF00204FF4AA
:10090000803021F00041B1F5000FBFF444AFDFEDBE
:10091000477A20EE270A10EE103A23F00043A3F1A5
:10092000386138E70020EEE79FED397BB4EEC70B66
:10093000F1EE10FA10DD4FF04C5300285CD1029319
:10094000DDED027AB7EE007A77EE877AF4EE477A39
:10095000F1EE10FA7FF46EAF9FED2F7BB4EEC70B74
:10096000F1EE10FA04D805B0BDE8F040FFF70ABC7C
:100970009FED2B7BB4EEC70BF1EE10FA04D505B05A
:10098000BDE8F040FFF704BC294B93ED407B30EE0F
:10099000076B8DED006B36EE477B30EE477BDDE974
:1009A0000067B7EE000B06F01F0103EBC101D1E9B0
:1009B00000CE93ED425B93ED446B93ED464BA7EE77
:1009C000056B27EE075B3618002313EB0C044FEA88
:1009D000C63141EB0E05A7EE040B45EC174BA6EE16
:1009E000050B20EE070BB7EEC00B34E7B7EE000A9D
:1009F00031E79FED100A2EE70393DDED037ABFEE9A
:100A0000007A77EE677AA1E771D5D1FFFFFF5F40EB
:100A1000E2AAA3FFFFFF5F400000000000C062C029
:100A20000000000000A062C0581504080000004B40
:100A3000F01204080000000010EE103A33F00042FB
:100A400024D0B2F1FF4F02D330EE000A704713F00A
:100A5000FF4F21D1294BDFED2A7A984220EE270A59
:100A600015DB10EE103AC3F3C752193A0244FE2ABE
:100A700014DDDFED247ADFED246A10EE103AB0EEDB
:100A8000677A002B67FEA67A27EE270A7047DFED0C
:100A90001F7A20EE270A7047D20DE7E7002A06DD0D
:100AA00023F0FF4343EAC25300EE103A704712F1BD
:100AB000160F19DA4CF25033984210EE103A03F048
:100AC000004309DD9FED0F0A9FED0F7AF0EE407AAB
:100AD000002B00FE070ADCE79FED0C0A9FED0C7A65
:100AE000F0EE407A002BF4E7193223F0FF4343EA9B
:100AF000C253DFED087A07EE103AC5E7B03CFFFFBE
:100B00000000004CCAF24971CAF249F16042A20DDC
:100B10006042A28D0000003310EE103A07B5104A73
:100B200023F00043934205DCDFED0E0A012001F0C3
:100B300079FA04E0B3F1FF4F04DB30EE400A03B072
:100B40005DF804FB684600F035FE400000F002004E
:100B5000DDED010A9DED000AC0F10100E7E700BFED
:100B6000DA0F493F0000000010B510EE104A24F0E3
:100B70000043B3F1FF4F2DED028BB0EE407A0CDB5A
:100B8000B7EE000AC0EE077A002CACBF37EE800A41
:100B900037EEC00ABDEC028B10BD1B4A934230DC1D
:100BA000B3F1105F06DAF7EE007A70EE277A27EEDF
:100BB000800AEFE7B3F17E5FB0EE008A12DBFFF749
:100BC0009FFC30EE000A01F00FFB30EE080AC8EE81
:100BD000007AB7EE000A30EE670A002CB8BFB1EE1B
:100BE000400AD7E7FFF78CFCF8EE007A20EE270AE0
:100BF00001F0FAFA70EE087AB1EE407A87EE270A31
:100C0000EBE7B7EE000AE8E7FFFFAF41CB0712D4EE
:100C100021EE006B90ED1A5B90ED187BA5EE017B49
:100C200090ED165B21EE061BA5EE060BA7EE010B61
:100C3000B7EEC00B704790ED145B21EE016B90EDA9
:100C4000127B90ED0C0BA1EE057B90ED0E5BA1EEFF
:100C5000050B90ED105B21EE061BA6EE050BE5E7FC
:100C6000F7B510EE104AC4F30A53B3F57D7FB7EE23
:100C7000C06AF0EE407A4FEA145218D226EE061BF4
:100C8000B3F5667F0AD212F4FF6F03D1B7EEC11B32
:100C90008DED011AB0EE670A03B0F0BD3E48B0EE2C
:100CA000460B002103B0BDE8F040FFF7AFBF40F2B4
:100CB0002E42934224D8384B93ED087B26EE077BD7
:100CC000FDEEC77B03F1700017EE901A01F50001ED
:100CD000091607EE901A01F0030203EBC202B8EE08
:100CE000E75B92ED000B93ED0A7B11F0020FA5EE8E
:100CF000476B08BF184626EE061B20EE060BD1E711
:100D0000B3F5FF6F3DD2254BC4F3836203EB820042
:100D1000C4F31601066A0069C4F3C25541F4000128
:100D2000A94053F82250A1FB066705FB01F33A46A0
:100D3000E0FB0123111C43F100560020101A06F0BD
:100D4000404163EB0101DFF7A9FCB50F124A05EB47
:100D5000D4739FED0F0B41EC170B03F0030102EB73
:100D6000C10127EE000B91ED007B20EE001B13F07C
:100D7000020F02F17000294608BF104627EE000B53
:100D800090E703B0BDE8F040FFF71EBAAFF3008074
:100D9000182D4454FB21193CE01604088016040861
:100DA00008B52DED028BB0EE408A00F047F9134BE9
:100DB00093F900300133F0EE408A1AD0B4EE488A3D
:100DC000F1EE10FA15D6B0EE480AFFF799FBF7EEF0
:100DD000007AB4EEE70AF1EE10FA0ADD01F03EFB0C
:100DE000BDEC028B21230360BDE80840044801F0FC
:100DF00027BBB0EE680ABDEC028B08BDA40100243D
:100E0000651C040808B52DED028BB0EE408A00F099
:100E10000FFA134B93F900300133F0EE408A1AD0E9
:100E2000B4EE488AF1EE10FA15D6B0EE480AFFF794
:100E300067FBF7EE007AB4EEE70AF1EE10FA0ADD8E
:100E400001F00CFBBDEC028B21230360BDE80840E0
:100E5000044801F0F5BAB0EE680ABDEC028B08BD9B
:100E6000A4010024651C040800F0C8BA08B52DEDE3
:100E7000028BB0EE408A00F05FFB114B93F900301B
:100E80000133F0EE408A15D0B4EE488AF1EE10FA44
:100E900010D6B0EE480AFFF733FBDFED0A7AB4EE66
:100EA000E70AF1EE10FA05DD01F0D8FADFED068A67
:100EB00022230360B0EE680ABDEC028B08BD00BFC0
:100EC000A4010024FCD4B2420000807F08B52DEDBF
:100ED000028BF0EE408AB0EE608A00F091FB0F4B7F
:100EE00093F90030013316D0B4EE488AF1EE10FACF
:100EF00011D6F4EE688AF1EE10FA0CD6DFED088A0E
:100F0000B4EE688AF1EE10FA05D101F0A7FA88EE86
:100F1000A80A21230360BDEC028B08BDA4010024B4
:100F20000000000008B52DED028BB0EE408A00F005
:100F3000E9FB144B93F90030013314D0B4EE488A26
:100F4000F1EE10FA0FD6B5EEC08AF1EE10FA0AD81B
:100F5000B5EE408AF1EE10FA08D101F07FFA2223B3
:100F60009FED090A0360BDEC028B08BD01F076FA23
:100F7000BDEC028B21230360BDE80840034801F06B
:100F80005FBA00BFA4010024000080FF651C0408B4
:100F900008B52DED028BF0EE408A00F047FD114BB5
:100FA00093F900300133B0EE408A15D001F03AFADF
:100FB00090B9B0EE680A01F035FA68B101F04EFA66
:100FC0009FED098A9FED090A2223F5EEC08AF1EE12
:100FD00010FA036038FE008AB0EE480ABDEC028BBE
:100FE00008BD00BFA40100240000807F000080FF36
:100FF00008B52DED028BB0EE408A00F085FD0D4B5B
:1010000093F90030013311D0B4EE488AF1EE10FAB2
:101010000CD6DFED098AB4EEE88AF1EE10FA05D5B8
:1010200001F01CFA88EEA80A21230360BDEC028BB4
:1010300008BD00BFA40100240000000008B510EEA8
:10104000103A23F00042B2F17E5F2DED0C8B09D1F6
:101050009FED660A9FED668A002B30FE080ABDEC04
:101060000C8B08BD04DD30EE408A88EE080AF6E7F6
:10107000B2F17C5F3EDAB2F10C5F40F3B38060EE18
:10108000007ADFED5C6A9FED5C7A9FED5C6A9FED14
:101090005C8AA7EEA67ADFED5B6AE7EE276A9FED32
:1010A0005A7AA6EEA77ADFED596AE7EE276A9FED36
:1010B000587AA6EEA77ADFED576AA7EEA66ADFEDAB
:1010C000566AE6EE276A9FED556AA6EEA76AF7EE26
:1010D000006AE6EE276A27EE277AF0EE667AC7EE18
:1010E000276ADFED4F7AA0EE668A30EE480A37EEC7
:1010F000C00AB4E7002BDFED3FDADFED3FCA9FED1A
:1011000041CADFED41BA9FED41BADFED418A9FED63
:1011100041DADFED3AAA9FED40AADFED409AB7EE43
:10112000009AF6EE007A28DA30EE090A20EE270A55
:10113000E0EE2DCAE0EE0DAAACEE80CAAAEE80AABF
:10114000ECEE00BAEAEE009AABEE80BAA9EE809A15
:10115000EBEE008A68EE808A00F0D6FC88EE897A91
:10116000DFED307AE0EE077AB0EE007A77EE807A43
:101170009FED2D0AA7EEC70A71E739EE408A28EEE7
:10118000278AB0EE480A00F0BFFCE8EE2DCAE8EE70
:101190000DAAACEE88CAAAEE88AAECEE08BA10EE48
:1011A000103AABEE88BA23F47F6323F00F03EAEE24
:1011B000089A07EE903AEBEE088AB0EE486AA7EE7E
:1011C000E76AA9EE889A70EE276A68EE888A86EE4A
:1011D000267AC8EE896AA0EE267A37EE870A30EEC4
:1011E000000A3CE79FED110A39E700BF000000004C
:1011F000DB0F494008EF1138047F4F3A613330BFAD
:101200006821A233461124BDA80A4E3E90B0A6BE66
:10121000ABAA2A3E2EC69D3D2D57014039D119C09B
:10122000DA0FC93F6821A2B3DA0F4940DB0FC93F8B
:1012300038B510EE105A25F00044B4F17E5F2DED64
:10124000048B0CD1DFED5D7A9FED5D7A60EE277A3D
:10125000E0EE077AB0EE670ABDEC048B38BD04DD22
:1012600070EE407A87EEA70AF6E7B4F17C5FF7EEFE
:10127000008A0BDAB4F1485F52DADFED527A70EE91
:10128000277AF4EEE87AF1EE10FAE5DCFFF738F9A8
:1012900038EEC00AB6EE008A20EE088ADFED4A7A00
:1012A0009FED4A7A9FED4A9AA8EE277ADFED497AB8
:1012B000E7EE087A9FED487AA7EE887ADFED477A65
:1012C000E7EE087A9FED467AA7EE889ADFED457A39
:1012D000E8EE077A9FED447AA7EE887ADFED437A4D
:1012E000E7EE087AB0EE480AE7EE888A00F00CFCD8
:1012F0003F4B29EE089A9C4289EE286AF0EE006A7C
:101300003DDDA0EE060ADFED3B7AE0EE267A9FEDAA
:101310002C0A30EE670A002DD8BFB1EE400A9BE7D9
:1013200060EE007ADFED286A9FED287A9FED2C6A47
:10133000A7EEA67ADFED276AE7EE276A9FED267A09
:10134000A6EEA77ADFED256AE7EE276A9FED207A01
:10135000A6EEA77ADFED236AE7EE866A9FED226AA2
:10136000A6EEA76ADFED216AE6EE276A27EE277A66
:10137000E6EEA78AC7EE287AA0EE270A6CE710EE01
:10138000103A23F47F6323F00F0307EE103AA7EE21
:10139000478A70EE077A30EE000AC8EE275ADFED72
:1013A000077AE5EEE67AD0EE067A9FED130AB0EE04
:1013B000406AA7EE666A77EEC67AAAE72EBD3BB30F
:1013C000DB0FC93FCAF2497108EF1138047F4F3A69
:1013D000ABAA2A3E461124BDA80A4E3E90B0A6BE36
:1013E0002EC69D3D613330BF2D57014039D119C004
:1013F0009999793F2EBD3B33DB0F493F10EE902A80
:1014000022F00041B1F1FF4F10B5F0EE407A06DC5A
:1014100010EE100A20F00043B3F1FF4F04DD77EE29
:10142000A07AB0EE670A10BDB2F17E5F03D1BDE8CD
:101430001040FEF7D9BE941704F0020444EAD074B9
:101440003BB9022C5CD09FED337A032C47FE007A27
:10145000E7E739B9DFED307A9FED300A002867FE03
:10146000807ADEE7B1F1FF4F10D1B3F1FF4F04F105
:10147000FF3407D1022C46D8294B03EB8404D4ED6A
:10148000007ACEE7022C41D8264BF6E7B3F1FF4FA6
:10149000E0D05B1AB3F1F45F4FEAE3511ADA002AA5
:1014A00001DA3C3119DB87EEA00AFFF729F8FEF7D5
:1014B0009BFEF0EE407A012C12D0022C17D0002CAB
:1014C000AFD09FED190A77EE807A9FED180A77EE7C
:1014D000C07AA6E7DFED107AEDE7DFED157AEAE7EF
:1014E00017EE903A03F1004307EE903A99E79FED2B
:1014F0000E0A77EE807A9FED0D0A70EE677A90E71C
:10150000DFED0A7A8DE7DFED0B7A8AE7DFED087A07
:1015100087E700BFDB0F49C0DB0FC93FDB0FC9BF47
:10152000C0170408CC1704082EBDBB33DB0F49409D
:1015300000000000DB0F493F10B510EE104A24F008
:101540000044B4F1FF4F2DED028B04DB20EE000AC6
:10155000BDEC028B10BD254B9C4215DCFEF7D0FF85
:1015600000F042FEF7EE006AB4F1105FF0EE407A50
:1015700030EE260AECDB27EEA77A70EE007A87EED3
:10158000270A30EE260AE3E7194B9C420CDCFEF7F3
:10159000B7FFFEF73FFFB6EE007AC7EE007AE0EE47
:1015A000077AB0EE670AD3E7124B9C4208DCFEF7DD
:1015B000A7FFFEF72FFFF6EE007A20EE270AC7E717
:1015C0000D4B9C420CDCFEF79BFFB6EE008A20EE32
:1015D000080AFEF71FFF20EE088A28EE000AB7E788
:1015E0009FED060A20EE000AB2E700BF1772B13E77
:1015F000FFFFAF411772B142FCD4B242CAF2497147
:10160000F0B510EE906A36F0004509D010EE102AC1
:1016100022F00043B3F1FF4F02DAB5F1FF4F04DDD2
:1016200060EE200A80EEA00AF0BDAB42FCDB02F0C7
:10163000004406D1324AE30F02EB830393ED000A24
:10164000F2E712F0FF4F3FD119026FF07D00002941
:1016500037DC16F0FF4F3DD12F026FF07D01002FD8
:1016600035DA10F17E0FBBBF6FF07D02121AC2F3A4
:1016700016039340A8BF43F4000311F17E0FB5BFDA
:101680006FF07D02C6F31605521A45F40005B8BF87
:101690009540401A5A1B00BB13EA220338BF134679
:1016A000002BC7D0B3F5000F1FDB11F17E0F1FDB3E
:1016B000A3F500037F31234343EAC15300EE103A00
:1016C000B2E701384900C2E7D8157F38C1E70139D0
:1016D0007F00C4E7E9157F39C3E7002A02DA5B001F
:1016E0000138D7E7A6D05300FAE75B000139D9E704
:1016F000C1F1FF2101F57F0182310B412343DDE779
:10170000D817040808B510EE102A32F000432DED6A
:10171000028B08D19FED217ADFED217A87EE270A2F
:10172000BDEC028B08BD002A02DA30EE407AF3E706
:10173000B2F1FF4F02DB30EE000AF1E7B2F5000F25
:10174000BFBFDFED187A60EE277A6FF0180117EE51
:10175000902A4FEAE253A8BF00217F3B0B44D90FE8
:1017600003EBD37307EE903AC2F31602C1F17F0385
:1017700042EAC35300EE103AB8EEE78AFEF756FF8E
:10178000DFED097A20EE270ADFED087AA8EE270AB6
:10179000DFED077AA8EE270AC2E700BF000000CC01
:1017A000000000000000004CD95BDE3EDB27543512
:1017B00080209A3EF0B510EE106A8E4B26F0004560
:1017C0009D4287B0F0EE407A044605DC002380EDB0
:1017D000000A436000201AE0874B9D4246DC002E41
:1017E0009FED860A864B25F00F051FDD9D4277EEA3
:1017F000C07A0ED09FED837A37EEC70A77EEC07AB3
:1018000080ED000A77EEC77A0120C4ED017A07B0B7
:10181000F0BD9FED7D0A9FED7D7A77EEC07A77EE81
:10182000C76A77EEE67AC0ED006AEBE79D4277EE95
:10183000807A0ED09FED737A37EE870A77EEC07A02
:1018400080ED000A77EE877A4FF0FF30C4ED017A21
:10185000DDE79FED6D0A9FED6D7A77EE807A77EE8A
:10186000876A77EEE67AC0ED006AEBE7684B9D4247
:1018700072DCFEF745FE9FED677AF6EE007AE0EE49
:10188000077AFDEEE77AB8EEE77A17EE900ADFED19
:101890005B7AA7EE670A1F28DFED5A7A67EE277A90
:1018A000B1EE476A70EE676A16EE902A1CDC5A4960
:1018B000471E25F0FF0351F827108B4214D02260F9
:1018C00094ED007A30EE470A002E30EE670A84ED80
:1018D000010A9CDAB1EE477AB1EE400A84ED007A53
:1018E00084ED010A404292E7C2F3C751EB15C1EB08
:1018F000D555082DE3DDDFED447AF0EE406AE6EEE3
:10190000276A30EE660AA6EE270ADFED407A97EEE8
:10191000270A76EEC05AF0EE407A15EE902AC2F30E
:10192000C7515B1A192B04DCC4ED005AB0EE660AED
:10193000C6E7DFED3A5AB0EE660AA6EE250A76EE65
:10194000C07ADFED376AE6EE257AD7EE267A30EEFA
:10195000677A84ED007AB3E7B5F1FF4F06DB70EEEE
:10196000407AC0ED017AC0ED007A33E7EA15863A95
:10197000A5EBC25307EE903ABDEEE77ADFED296A98
:10198000B8EEC77A77EEC77A8DED037A67EEA67A5E
:10199000BDEEE77AB8EEC77A77EEC77A8DED047AB6
:1019A00067EEA67AF5EE407AF1EE10FACDED057A03
:1019B0001ED1B5EE407AF1EE10FA14BF02230123D6
:1019C000194901910221009103A8214600F0A0F8D5
:1019D000002EBFF61CAFD4ED007AF1EE677AC4EDAD
:1019E000007AD4ED017AF1EE677AC4ED017A79E7F5
:1019F0000323E5E7D80F493FE3CB1640800FC93FEB
:101A0000D00FC93F434435370044353708A3852EEE
:101A1000800F494384F9223FE017040800A3852E74
:101A200032318D24000080436018040810B510EE98
:101A3000103A23F00044B4F1FF4F2DED028BF0EE8D
:101A4000407A06DB70EE007ABDEC028BB0EE670ADE
:101A500010BD002B284BF6EE008ABEEE008A28FE51
:101A6000888A9C422ADCB4F1465FF7EE008A08DAE5
:101A70009FED227A30EE077AB4EEE87AF1EE10FAB2
:101A8000E2DCB0EE670AFEF73BFD00F0ADFBB4F11F
:101A90007E5FBBBF20EE007A70EE288A70EE288A47
:101AA000C7EE287AADBF80EE287AB0EE007AD0EE8D
:101AB000077A77EE007A67EE887AC5E7104B9C428A
:101AC00006DCFEF71DFDFEF7A5FC60EE087ABBE71D
:101AD0000C4B9C420ADCFEF713FD20EE280AFEF7B1
:101AE00099FC68EE007A67EE807AADE79FED037AA5
:101AF00060EE077AA8E700BFFFFFAF41C2BDF07CF0
:101B00001772B142FCD4B242B1EEC00A7047000075
:101B10002DE9F04F2DED048BD7B016469846649A08
:101B2000BB4B019053F82270331D0D4608F1FF396D
:101B300029DBF11E48BF311DC9104C1CE300029384
:101B4000659B9FEDB77AA1EB090003EB800EA6EB36
:101B5000C40407EB090C0DF1680A0023634514DD8A
:101B60001AAB03EB8803CC460DF5847AC8F1010B60
:101B70000BEB0C02974227DBDDF804E0DFEDA87ADF
:101B80001846002216E00021D7E7D8425DBF5EF874
:101B9000232007EE902AF8EEE77AF0EE477AEAEC97
:101BA000017A0133DAE7FEEC016A90ED007AE6EEA5
:101BB000877A01324A45A0F10400F4DDEAEC017AAB
:101BC00004330CF1010CD3E706AB03EB870304935A
:101BD000659BDFED928A9FED909A03EB810303935F
:101BE000BA4656AB03EB8A0313ED140A06AB18464C
:101BF0005246002A51DC20460593FEF71DFFB0EE49
:101C0000408AB4EE000A28EE000AFEF781FCF2EEEC
:101C1000007AA0EE678A002C059BFDEEC87AB8EE2C
:101C2000E70ACDED007A38EE408A4BDD0AF1FF3C41
:101C300006AAC4F1080E52F82C2017EE901A42FAA8
:101C40000EF00144009100FA0EF006A9121A41F8B4
:101C50002C20C4F1070042FA00FBBBF1000F43DD6A
:101C6000009A4FF0000E013200927046F2456CDC93
:101C7000002C04DD012C79D0022C00F08280BBF115
:101C8000020F31D1B7EE000A30EE488A60B3204629
:101C9000FEF7D2FE38EE408A26E060EE287A013A5E
:101CA000FDEEE77A42A9F8EEE77A01EB820CA7EEA7
:101CB000C90ABDEEC00AA0EC010A9CED000A37EE8D
:101CC000800A96E707D10AF1FF3206A951F82220CF
:101CD0004FEA222BC1E7F6EE007AB4EEE78AF1EE86
:101CE00010FA2FDA4FF0000BB5EE408AF1EE10FA41
:101CF00040F098800AF1FF339C460022BC4548DA48
:101D0000002A5FD006AA083C52F8231000297DD093
:101D10002046B7EE000A0193FEF78EFE019B9FED71
:101D20003F7A1946002980F2AF8018460024002827
:101D3000C0F2D08042A901EB8006364ADFED387A46
:101D40000021BBE04FF0020B8AE71A6848B91AB1CC
:101D5000C2F580721A6001220EF1010E04331046A2
:101D600084E7C2F1FF021A600246F5E70AF1FF3C80
:101D700006AB53F82C3003F07F0306AA42F82C3050
:101D80007DE70AF1FF3C06AB53F82C3003F03F032C
:101D9000F3E706A951F82C000CF1FF3C0243ADE734
:101DA000013053F8042D002AFAD01AA90AEB0802D0
:101DB00001EB82020AF101030AEB0001994204DA05
:101DC0008A460EE7049B0120EBE70398DDF804C088
:101DD00050F82300009007EE900AF8EEE77A002012
:101DE000E2EC017ADFED0E7A9646484506DD42A820
:101DF00000EB8300C0ED007A0133DFE7FCEC016A01
:101E00003EED017A0130E6EE877AEEE7013B79E7B5
:101E1000A41B0408781B0408000080430000803BDA
:101E200000000000029BB0EE480A981BFEF704FE7B
:101E30001FED077AB4EEC70AF1EE10FA1BDB5FED77
:101E4000097A60EE277A06AAFDEEE77A06A9F8EE8F
:101E5000E77A0834A7EEC70AFDEEE77ABDEEC00ABE
:101E600010EE103A42F82A3017EE902A0AF10103D8
:101E700041F823204CE7BDEEC00A06AA10EE103A46
:101E800042F82A30534643E742AA02EB810006AAF1
:101E900052F82120019207EE902AF8EEE77A0139F4
:101EA00067EE807A20EE070AC0ED007A3AE7F2EC9E
:101EB000016AB6EC017AE6EE877A0131B94201DCBB
:101EC0008C42F4DA56AA02EB840141ED287A0138FB
:101ED00001342CE7649A022A0ADC002A61DC3CD037
:101EE000009B03F0070057B0BDEC048BBDE8F08FFA
:101EF000649A032AF4D12EAA02EB830108461C46F9
:101F0000002CA0F1040059DC18460128A1F10401BD
:101F100064DC5FED3D7A012B70DCDDED2E6A9DED1A
:101F20002F7ABBF1000F72D1C5ED006A85ED017A01
:101F3000C5ED027AD4E72EAA02EB830191ED007A77
:101F400077EE877A013B002BF5DABBF1000F01D069
:101F5000F1EE677AC5ED007AC2E75FED4F7AF2E7FE
:101F60002EAA02EB8100D0ED007A37EE277A0139F4
:101F70000029F5DABBF1000F17D0F1EE477AC5ED75
:101F8000007ADDED2E7A77EEC77A2FA801218B42F9
:101F90000EDABBF1000F01D0F1EE677AC5ED017AE0
:101FA0009EE71FED617A1946E2E7F0EE477AE6E731
:101FB000B0EC017A013177EE877AE8E7D0ED007A6C
:101FC000D0ED016A37EEA67A013C77EEC77A80ED54
:101FD000007A77EEA67AC0ED017A91E7D1ED007A2A
:101FE000D1ED016A37EEA67A013877EEC77A81ED36
:101FF000007A77EEA67AC1ED017A86E72EAA02EB87
:10200000830191ED007A013B77EE877A83E7F1EE69
:10201000666AB1EE477AC5ED006A85ED017AF1EEA8
:10202000677A85E708B510EE103A23F00042B2F166
:10203000465FF0EE407A17DABDEEC07A17EE101A5E
:1020400041BB431C134308D1FEF75AFAB7EE007A9E
:10205000C7EE007AB0EE670A08BD0128FAD0BFEEDD
:10206000007AC7EE007AF5E74D498A4212DB002B71
:10207000B8BFF1EE407A9FED4B0A70EE677A9FEDA4
:102080004A0AB8BFF1EE600A70EE600A70EEA77AF5
:10209000DFED460ADFED465A9FED466A9FED465A50
:1020A0003F4967EEA76A8A4226EEA67AA7EE256A1E
:1020B000DFED425AE6EE075A9FED416AA5EE876AC8
:1020C000DFED405AE6EE075A9FED3F6AA5EE876ABC
:1020D000DFED3E5AE7EE055A9FED3D5AA5EE875AD1
:1020E000DFED3C5AE5EE075A9FED3B5AA5EE875AC5
:1020F000DFED3A5AE5EE075AB0EE657AA7EE266AAA
:1021000067EEA65AB0EE467AB0EE606AA7EE256A90
:102110009FED337AE6EE260AE5EE870A37EEA07ADF
:102120001DDB06EE900AB8EEE60A27EE076A37EEE8
:10213000007A9B17C6EE076A03F00203C3F101039E
:10214000B0EE007A76EEE00A77EEE07AA7EEC70A04
:1021500007EE903AF8EEE77A67EE807A7AE70128A0
:102160001BD0204B17EE102A1A4006EE102A76EEEE
:10217000677A70EEE70AFFEE007AC7EE876AB7EE7D
:10218000007A16EE902A134007EE903AA6EE277AD0
:10219000A0EEA77AE7EE267A5CE7F0EE477A59E7F9
:1021A00040A12C3FDA0F493F682122330000000094
:1021B0005FAE9BB745F4A3388453D937C8261A3A83
:1021C00016696B3BA427B33C8988083E7AC09538D2
:1021D000B937813948DEBE3A1F37113CD10D5D3D1C
:1021E000ABAAAA3E00F0FFFF10EE102A7E4922F0B3
:1021F00000438B4220D9B3F1FF4F02D930EE000AE1
:10220000704705D1FFEE007A002A20FE270A7047AA
:10221000002A05DB75498B4260D90020FDF7BEBF5F
:10222000DFED737A70EE277AF5EEC07AF1EE10FAF0
:1022300054D5BFEE000A70476E498B426AD96E4989
:102240008B424BD89FED6D7A002AA7BF30EE477ABC
:10225000DFED6B7ADFED6B7A30EE077AACBF0123EE
:102260004FF0FF3337EE670A37EE407A77EE677A42
:10227000F6EE005A20EE255ADFED636A9FED636AA1
:1022800020EE057AA7EE266ADFED616AE6EE076AC0
:102290009FED606AA6EE876ADFED5F6AE6EE076A89
:1022A000B7EE006AF0EE464AE6EE874AF0EE646A60
:1022B000F0EE084AE5EE664A36EEE45AF1EE086AB8
:1022C000E0EE646AF0EE664AC5EE246A66EE876A5E
:1022D00073BBF0EE477AD0EE267A24E0BEEE007AA9
:1022E000F6EE007A002A67FE877A9FED4C7ADFEDE2
:1022F000446A40EE077A9FED417AFDEEE77A17EEE9
:10230000903AF8EEE77AA7EEC70A67EEA67AB0EE43
:10231000407AA7E7B3F14C5F08D2DFED417A70EE67
:10232000277A77EEE77A30EE670A704700239FE757
:1023300076EEE76A5A1CD6EE807A77EEC77A06D137
:1023400070EE677ABEEE000AA7EEA50A7047012B71
:1023500018D1BDEE007AB4EEC70AF1EE10FA41BF13
:1023600030EE250A37EEC00AF8EE007A20EE270A92
:102370005FBF30EE670AF0EE007AA0EE276AB0EE9B
:10238000460A70475A1C392A4FEAC3510BD937EE17
:10239000C00A36EE400A10EE103A0B4400EE103A36
:1023A00030EE460A7047162B11DC4FF0807242FA6D
:1023B00003F3C3F17E5337EEC00A07EE903A37EECF
:1023C000C00A10EE103A0B4400EE103A7047C3F109
:1023D0007F03DB0507EE103A77EE877A30EE670A67
:1023E00030EE060AEDE700BF43B895411772B142DF
:1023F0006042A20D1872B13E9115853F8071313F48
:10240000D1F71737D1F717B7BBED57B4547E8636DF
:10241000CD70A6B8010DD03A898808BD3BAAB83F57
:10242000CAF2497182B08DED010A019820F0004096
:10243000B0F1FF4FACBF0020012002B07047000098
:102440009FED010A704700BF0000C07F08B506205D
:1024500000F076F90120E4F73FFA0000014B18681C
:10246000704700BFA801002470B50D4D0D4C641BD2
:10247000A4100026A64209D10B4D0C4C01F030F8F7
:10248000641BA4100026A64205D170BD55F8043B7C
:1024900098470136EEE755F8043B98470136F2E7D6
:1024A000041D0408041D0408041D04082C1D040850
:1024B000024B0146186800F071B800BFA801002463
:1024C000024B0146186800F019B800BFA8010024AB
:1024D0000A44914200F1FF3300D1704710B511F862
:1024E000014B03F8014F9142F9D110BD024403465C
:1024F000934200D1704703F8011BF9E737B5002973
:1025000048D051F8043C0190002BA1F10404B8BF5D
:10251000E41800F061F9204A01981368154633B9B0
:102520006360146003B0BDE8304000F05BB9A342C3
:102530000BD921686218934204BF1A685B68636014
:1025400004BF521822602C60ECE71A465B680BB19E
:10255000A342FAD911685518A5420BD12468214429
:102560005418A3421160DDD11C685B68536021449C
:102570001160D7E702D90C230360D3E725686119FE
:102580008B4204BF19685B68636004BF491921600E
:102590005460C7E703B030BD7C800224F8B5CD1C81
:1025A00025F0030508350C2D38BF0C25002D0646F7
:1025B00001DBA94203D90C2333600020F8BD00F0F1
:1025C0000BF921490A6814469CB9204F3B6823B98E
:1025D0002146304600F07CF838602946304600F04D
:1025E00077F8431C23D10C233360304600F0FAF80F
:1025F000E3E723685B1B17D40B2B03D923601C4430
:10260000256004E06368A2420CBF0B605360304653
:1026100000F0E8F804F10B00231D20F00700C21AB7
:10262000CCD01B1AA350C9E722466468CCE7C41C6F
:1026300024F00304A042E3D0211A304600F048F809
:102640000130DDD1CFE700BF7C80022480800224EE
:10265000174B10B51C68A36BB3B91820FFF728FF00
:10266000A06328B90246134B13484E2100F084F8AA
:10267000124A134BC0E90023124B83600B23838162
:1026800001220023C0E90423A16B0F480A694B69AA
:102690000E4C504304FB0300A2FB04345A1C0444B8
:1026A00044F10000C1E9042020F0004010BD00BF4B
:1026B000A8010024B41B0408CB1B04080E33CDABC7
:1026C00034126DE6ECDE05002DF451582D7F954C4B
:1026D00038B5064D0023044608462B60E4F774F92C
:1026E000431C02D12B6803B1236038BD7C8A0224CD
:1026F0001F2938B504460D4604D9162303604FF050
:10270000FF3038BD426C12B152F821304BB920462F
:1027100000F030F82A4601462046BDE8384000F077
:1027200017B8012B0AD0591C03D1162303600120CE
:10273000E7E7002442F82540284698470020E0E7D4
:10274000024B01461868FFF7D3BF00BFA801002461
:1027500038B5074D00230446084611462B60E4F7C0
:10276000ABF8431C02D12B6803B1236038BD00BF16
:102770007C8A0224E4F798B81FB514461A46094B20
:102780001B680546D8684CB1074B0091CDE9013470
:1027900006492B4600F00EF8FFF758FE044B1C4686
:1027A000F3E700BFA80100242A1C0408371C040812
:1027B000651C04080EB403B5014603AB054853F885
:1027C000042B0068019300F03DF802B05DF804EBC3
:1027D00003B07047A8010024014800F06FBD00BF9E
:1027E000848A0224014800F06ABD00BF848A022462
:1027F0009368013B002B10B4936008DA9469A342FC
:1028000001DB0A2903D15DF8044B00F0DFBA13683D
:10281000581C1060197008465DF8044B7047F8B5F5
:1028200006460F461446D518AC4201D1002007E0F9
:1028300014F8011B3A463046FFF7DAFF431CF3D188
:10284000F8BD00002DE9F04F0D469DB014469846A6
:10285000064618B183690BB900F092FC894B9D4282
:102860001BD175686B6ED90705D4AB899A0502D464
:10287000A86D00F023FDAB891B0701D52B69EBB9CF
:102880002946304600F0F4FAC0B16B6EDC070ED575
:102890004FF0FF301DB0BDE8F08F7B4B9D4201D162
:1028A000B568DFE7794B9D4208BFF568DAE7AB8989
:1028B0009805EDD4A86D00F002FDE9E70023099327
:1028C00020238DF82930CDF80C803023DFF8C0812B
:1028D0008DF82A304FF0010923469A4613F8012B50
:1028E0000AB1252AF9D1BAEB040B0BD05B4622467C
:1028F00029463046FFF793FF013000F0AA80099A7D
:102900005A4409929AF80030002B00F0A28000236C
:102910004FF0FF32CDE905230AF1010A0493079332
:102920008DF853301A935446052214F8011B584869
:10293000DDF7D6FC049AD8B9D10644BF20238DF820
:102940005330130744BF2B238DF853309AF80030CF
:102950002A2B15D0079A544600204FF00A0C214626
:1029600011F8013B303B092B4ED9B0B1079214E06E
:10297000A0EB080309FA03F313430493A246D2E73A
:10298000039B191D1B680391002BBBBF5B4242F0E8
:10299000020207930793B8BF049223782E2B0CD121
:1029A00063782A2B35D1039B1A1D1B680392002BD9
:1029B000B8BF4FF0FF3302340593DFF8E4A021786D
:1029C00003225046DDF78CFC40B14023A0EB0A0007
:1029D00003FA00F0049B03430134049314F8011B31
:1029E0002C488DF828100622DDF77AFC00283FD00D
:1029F000294B1BBB039B073323F0070308330393C7
:102A0000099B3B44099367E70CFB02320C4601200B
:102A1000A5E700230134059319464FF00A0C204620
:102A200010F8012B303A092A03D9002BC5D00591A3
:102A3000C3E70CFB012104460123F0E703AB00933D
:102A40002A46164B04A93046AFF300800746781C8F
:102A5000D6D16B6ED90705D4AB899A0502D4A86D7F
:102A600000F02DFCAB895B063FF512AF099811E72A
:102A700003AB00932A46094B04A9304600F080F8C6
:102A8000E4E700BFBC1C0408DC1C04089C1C040810
:102A9000661C0408701C0408000000001F280208BF
:102AA0006C1C04082DE9F047164699468A680B69A4
:102AB000DDF820809342B8BF1346336091F843207D
:102AC00007460C460AB1013333602368990642BFBA
:102AD000336802333360256815F0060506D104F12A
:102AE000190AE36832689B1AAB4226DC94F843204B
:102AF000131E226818BF012392062BD404F143024F
:102B000049463846C04701301ED02368E568326820
:102B100003F00603042B08BFAD1AA36822690CBF9B
:102B200025EAE57500259342C4BF9B1AED180026DF
:102B30001A34B5421AD1002008E001235246494612
:102B40003846C047013003D14FF0FF30BDE8F08771
:102B50000135C6E7E1185A1C302081F843002244B1
:102B600094F8451082F843100233C7E70123224648
:102B700049463846C0470130E6D00136D9E7000063
:102B80002DE9FF470C469146277E0C99782F804609
:102B90009A4604F1430207D8622F0AD8002F00F0AA
:102BA000D880582F00F0A38004F1420684F84270C8
:102BB0003AE0A7F16303152BF6D801A050F823F0F3
:102BC000192C02082D2C0208A92B0208A92B020897
:102BD000A92B0208A92B02082D2C0208A92B0208F8
:102BE000A92B0208A92B0208A92B0208392D0208DB
:102BF0005D2C02081B2D0208A92B0208A92B020834
:102C00005B2D0208A92B02085D2C0208A92B0208E3
:102C1000A92B0208232D02080B681A1D1B680A60E5
:102C200004F1420684F842300123A3E025680868D5
:102C30002E0600F104030AD505680B60002D03DAA7
:102C40002D236D4284F843305E480A2319E015F0C5
:102C5000400F05680B6018BF2DB2EFE70B682568C1
:102C6000181D0860280601D51D6802E06906FBD51D
:102C70001D8854486F2F0CBF08230A23002184F8B5
:102C800043106668A660002EA2BF216821F00401EF
:102C900021600DB9002E4DD01646B5FBF3F103FBB4
:102CA0001157C75D06F8017D2F46BB420D46F4D98A
:102CB000082B0BD12368DF0708D523696168994287
:102CC000DEBF302306F8013C06F1FF36921B22617D
:102CD000CDF800A04B4603AA21464046FFF7E2FE8E
:102CE00001304CD14FF0FF3004B0BDE8F0873548DB
:102CF00084F8457023680E681F0656F8045B0E6062
:102D000014D5D90744BF43F0200323601DB92368BD
:102D100023F0200323601023B0E7236843F020034F
:102D200023607823284884F84530E3E75E0648BFEF
:102D3000ADB2E6E71646BBE70B68266860691D1D65
:102D40000D6035061B6801D5186002E07106FBD5E1
:102D50001880002323611646BAE70B681A1D0A6023
:102D60001E68626800213046DDF7BAFA08B1801BA0
:102D7000606063682361002384F84330A8E7236917
:102D8000324649464046D0470130ABD023689B07C6
:102D900013D4E068039B9842B8BF1846A4E7012308
:102DA000324649464046D04701309BD00135E36862
:102DB00003995B1AAB42F2DCEBE7002504F119063C
:102DC000F5E700BF771C0408881C0408F8B50E4618
:102DD0001446054618B183690BB900F0D1F9214BAF
:102DE0009C422BD16C68A369A360A3891A072FD5D5
:102DF00023696BB323692068C01A6369F6B2834202
:102E0000374604DC2146284600F026F930BBA3688B
:102E1000013BA36023685A1C22601E706369013065
:102E2000834204D0A389DB0706D50A2E04D12146AC
:102E3000284600F011F988B93846F8BD0A4B9C4283
:102E400001D1AC68CFE7094B9C4208BFEC68CAE7E8
:102E50002146284600F00CF80028CBD04FF0FF3771
:102E6000EAE700BFBC1C0408DC1C04089C1C040826
:102E7000324B70B51D6806460C4625B1AB6913B9D7
:102E8000284600F07DF92E4B9C420FD16C68A38937
:102E9000B4F90C2019072CD4DD0611D409233360B2
:102EA00042F04003A3814FF0FF303EE0254B9C42AF
:102EB00001D1AC68EBE7244B9C4208BFEC68E6E725
:102EC000580712D5616B41B104F14403994202D015
:102ED0003046FFF713FB00236363A38923F0240329
:102EE000A3810023636023692360A38943F008035F
:102EF000A38123694BB9A38903F42073B3F5007F41
:102F000003D02146304600F0FFF9A089B4F90C2027
:102F100010F001030AD00023A36063695B42A36140
:102F2000236943B910F08000BAD170BD810758BF42
:102F30006369A360F4E70020F7E700BFA80100245D
:102F4000BC1C0408DC1C04089C1C04088A892DE9AC
:102F5000F041054610070C4658D44B68002B05DCA1
:102F60000B6C002B02DC0020BDE8F081E66A002E2D
:102F7000F9D0002312F480522F682B6032D0606D9C
:102F8000A3895A0705D56368C01A636B0BB1236C1C
:102F9000C01A00230246E66A216A2846B047431C4D
:102FA000A38906D129681D292CD82A4ACA40D607E8
:102FB00028D500226260D9042269226004D5421C0F
:102FC00001D12B6803B96065616B2F600029CAD0FD
:102FD00004F14403994202D02846FFF78FFA0020FB
:102FE0006063C1E7216A01232846B047411CC7D16D
:102FF0002B68002BC4D01D2B01D0162B01D12F60C4
:10300000B1E7A38943F04003A381ADE70F69002F27
:10301000A9D093070E6808BF4B690F6018BF002343
:10302000A6EB07088B60B8F1000F9CDD216AA66A49
:1030300043463A462846B047002806DCA38943F0B9
:103040004003A3814FF0FF308EE70744A8EB000850
:10305000E9E700BF0100402038B50B6905460C4682
:1030600013B90025284638BD18B183690BB900F0A3
:1030700087F8144B9C421BD16C68B4F90C30002BC0
:10308000EFD0626ED00704D4990502D4A06D00F091
:1030900015F928462146FFF759FF636EDA07054602
:1030A000E0D4A3899B05DDD4A06D00F008F9D9E731
:1030B000054B9C4201D1AC68DFE7044B9C4208BF42
:1030C000EC68DAE7BC1C0408DC1C04089C1C04083F
:1030D000002310B50446C0E90033C0E9043383601F
:1030E00081814366C2818361194608225C30FFF703
:1030F000FDF9054B6362054BA362054BE362054B8B
:103100002462236310BD00BF89330208AB33020879
:10311000E333020807340208014900F0AFB800BFEA
:103120005930020870B54A1E682555430E4605F110
:103130007401FFF733FA044640B10021C0E90016DC
:103140000C30A06005F16802FFF7D0F9204670BD91
:10315000014800F0B3B800BF888A0224014800F09B
:10316000AEB800BF888A0224014800F0A7B800BFAB
:10317000838A0224014800F0A2B800BF838A022497
:1031800010B50446FFF7F0FFA3691BB1BDE810407E
:10319000FFF7F0BFC4E912332365134B134A1B68D2
:1031A000A262A34204BF0123A361204600F020F8DD
:1031B0006060204600F01CF8A060204600F018F87F
:1031C0000022E06004216068FFF782FFA06801220E
:1031D0000921FFF77DFFE06802221221FFF778FF47
:1031E0000123A361D2E700BFB01B04081931020814
:1031F000F8B50746FFF7ACFF1E4B1E68B36913B95D
:103200003046FFF7BDFF4836D6E90134013B03D510
:1032100033680BB33668F7E7B4F90C50D5B9164BE1
:10322000E36004F15800656600F047F8FFF796FF89
:10323000C4E90155C4E904552560A5610822294661
:1032400004F15C00FFF752F9C4E90D55C4E91255C9
:103250002046F8BD6834D9E704213846FFF762FFFD
:10326000044630600028D5D1FFF778FF0C233B607F
:10327000EEE700BFB01B04080100FFFF2DE9F84393
:103280000646884600F148040027D4E90195B9F1C3
:10329000010905D52468002CF7D13846BDE8F8832C
:1032A000AB89012B07D9B5F90E30013303D029467C
:1032B0003046C04707436835E9E7704770477047B5
:1032C00070B50E46B1F90E10002996B014461D4691
:1032D00007DA00232B60B3891A0610D44FF48063F9
:1032E0000EE06A4600F0B6F80028F2DB019A02F41C
:1032F0007042A2F500535A425A412A60EEE7402339
:103300000020236016B070BD8B8973B59D070646FB
:103310000C4607D504F14703236023610123636151
:1033200002B070BD01AB6A46FFF7CAFF00990546BF
:103330003046FFF733F948B9B4F90C309A05EFD4A9
:1033400023F0030343F00203A381E3E70D4BB362D1
:10335000A389206043F08003A381009B6361019BEC
:1033600020615BB1B4F90E10304600F085F828B149
:10337000A38923F0030343F00103A381A08905433C
:10338000A581CDE71931020810B50C46B1F90E1030
:1033900000F094F80028ABBF636DA3891B1823F4D9
:1033A0008053ACBF6365A38110BD2DE9F0411F467A
:1033B0008B89DB0505460C46164605D5B1F90E107E
:1033C0000223002200F068F8A389B4F90E1023F458
:1033D0008053A38132463B462846BDE8F04100F0C9
:1033E00017B810B50C46B1F90E1000F055F8431C93
:1033F000A38915BF606523F4805343F48053A381F0
:1034000018BFA38110BDB1F90E1000F013B8000071
:1034100038B5074D04460846114600222A601A4670
:10342000E3F781FA431C02D12B6803B1236038BD56
:103430007C8A022438B5064D0023044608462B60DA
:10344000E3F78DFA431C02D12B6803B1236038BD2A
:103450007C8A022438B5074D0023044608461146ED
:103460002B60E3F788FA431C02D12B6803B1236079
:1034700038BD00BF7C8A022438B5064D00230446BF
:1034800008462B60E3F787FA431C02D12B6803B18F
:10349000236038BD7C8A022438B5074D04460846AF
:1034A000114600222A601A46E3F780FA431C02D133
:1034B0002B6803B1236038BD7C8A022438B5074DE0
:1034C00004460846114600222A601A46E3F70EFA1F
:1034D000431C02D12B6803B1236038BD7C8A0224CF
:1034E000F8B500BFF8BC08BC9E467047F8B500BFF1
:0834F000F8BC08BC9E467047C1
:1034F8002B4E414D453D524F4B492D0053544D33B2
:1035080032205669727475616C20436F6D506F720A
:103518007400000053544D6963726F656C65637481
:10352800726F6E696373000043444320436F6E6695
:103538006967000043444320496E7465726661639D
:1035480065000000726F626F5A7562725479706517
:103558004236204F72616E6765000000000000006F
:103568000000000000000000000000000000000053
:1035780000000000AFFF010800000000010000008B
:103588000200000003000000040000000500000025
:103598000600000007000000080000000900000005
:1035A8000A0000000B0000000C0000000D000000E5
:1035B8000E0000000F0000001000000011000000C5
:1035C80012000000130000001400000015000000A5
:1035D8001600000017000000180000001900000085
:1035E8001A0000001B0000001C0000001D00000065
:1035F8001E0000001F000000200000002100000045
:103608002200000023000000240000002500000024
:103618002600000027000000280000002900000004
:103628002A0000002B0000002C0000002D000000E4
:103638002E0000002F0000003000000031000000C4
:1036480032000000330000003400000035000000A4
:103658003600000037000000380000003900000084
:103668003A0000003B0000003C0000003D00000064
:103678003E0000003F000000400000004100000044
:103688004200000043000000440000004500000024
:103698004600000047000000480000004900000004
:1036A8004A0000004B0000004C0000004D000000E4
:1036B8004E0000004F0000005000000051000000C4
:1036C80052000000530000005400000055000000A4
:1036D8005600000057000000580000005900000084
:1036E8005A0000005B0000005C0000005D00000064
:1036F8005E0000005F000000600000006100000044
:103708006200000063000000640000006500000023
:103718006600000067000000680000006900000003
:103728006A0000006B0000006C0000006D000000E3
:103738006E0000006F0000007000000071000000C3
:1037480072000000730000007400000075000000A3
:103758007600000077000000780000007900000083
:103768007A0000007B0000007C0000007D00000063
:103778007E0000007F000000800000008100000043
:103788008200000083000000840000008500000023
:103798008600000087000000880000008900000003
:1037A8008A0000008B0000008C0000008D000000E3
:1037B8008E0000008F0000009000000091000000C3
:1037C80092000000930000009400000095000000A3
:1037D8009600000097000000980000009900000083
:1037E8009A0000009B0000009C0000009D00000063
:1037F8009E0000009F000000A0000000A100000043
:10380800A2000000A3000000A4000000A500000022
:10381800A6000000A7000000A8000000A900000002
:10382800AA000000AB000000AC000000AD000000E2
:10383800AE000000AF000000B0000000B1000000C2
:10384800B2000000B3000000B4000000B5000000A2
:10385800B6000000B7000000B8000000B900000082
:10386800BA000000BB000000BC000000BD00000062
:10387800BE000000BF000000C0000000C100000042
:10388800C2000000C3000000C4000000C500000022
:10389800C6000000C7000000C8000000C900000002
:1038A800CA000000CB000000CC000000CD000000E2
:1038B800CE000000CF000000D0000000D1000000C2
:1038C800D2000000D3000000D4000000D5000000A2
:1038D800D6000000D7000000D8000000D900000082
:1038E800DA000000DB000000DC000000DD00000062
:1038F800DE000000DF000000E0000000E100000042
:10390800E2000000E3000000E4000000E500000021
:10391800E6000000E7000000E8000000E900000001
:10392800EA000000EB000000EC000000ED000000E1
:10393800EE000000EF000000F0000000F1000000C1
:10394800F2000000F3000000F4000000F5000000A1
:10395800F6000000F7000000F8000000F900000081
:10396800FA000000FB000000FC000000FD00000061
:10397800FE000000FF00000000010000010100003F
:10398800020100000301000004010000050100001D
:1039980006010000070100000801000009010000FD
:1039A8000A0100000B0100000C0100000D010000DD
:1039B8000E0100000F0100001001000011010000BD
:1039C800120100001301000014010000150100009D
:1039D800160100001701000018010000190100007D
:1039E8001A0100001B0100001C0100001D0100005D
:1039F8001E0100001F01000020010000210100003D
:103A0800220100002301000024010000250100001C
:103A180026010000270100002801000029010000FC
:103A28002A0100002B0100002C0100002D010000DC
:103A38002E0100002F0100003001000031010000BC
:103A4800320100003301000034010000350100009C
:103A5800360100003701000038010000390100007C
:103A68003A0100003B0100003C0100003D0100005C
:103A78003E0100003F01000040010000410100003C
:103A8800420100004301000044010000450100001C
:103A980046010000470100004801000049010000FC
:103AA8004A0100004B0100004C0100004D010000DC
:103AB8004E0100004F0100005001000051010000BC
:103AC800520100005301000054010000550100009C
:103AD800560100005701000058010000590100007C
:103AE8005A0100005B0100005C0100005D0100005C
:103AF8005E0100005F01000060010000610100003C
:103B0800620100006301000064010000650100001B
:103B180066010000670100006801000069010000FB
:103B28006A0100006B0100006C0100006D010000DB
:103B38006E0100006F0100007001000071010000BB
:103B4800720100007301000074010000750100009B
:103B5800760100007701000078010000790100007B
:103B68007A0100007B0100007C0100007D0100005B
:103B78007E0100007F01000080010000810100003B
:103B8800820100008301000084010000850100001B
:103B980086010000870100008801000089010000FB
:103BA8008A0100008B0100008C0100008D010000DB
:103BB8008E0100008F0100009001000091010000BB
:103BC800920100009301000094010000950100009B
:103BD800960100009701000098010000990100007B
:103BE8009A0100009B0100009C0100009D0100005B
:103BF8009E0100009F010000A0010000A10100003B
:103C0800A2010000A3010000A4010000A50100001A
:103C1800A6010000A7010000A8010000A9010000FA
:103C2800AA010000AB010000AC010000AD010000DA
:103C3800AE010000AF010000B0010000B1010000BA
:103C4800B2010000B3010000B4010000B50100009A
:103C5800B6010000B7010000B8010000B90100007A
:103C6800BA010000BB010000BC010000BD0100005A
:103C7800BE010000BF010000C0010000C10100003A
:103C8800C2010000C3010000C4010000C50100001A
:103C9800C6010000C7010000C8010000C9010000FA
:103CA800CA010000CB010000CC010000CD010000DA
:103CB800CE010000CF010000D0010000D1010000BA
:103CC800D2010000D3010000D4010000D50100009A
:103CD800D6010000D7010000D8010000D90100007A
:103CE800DA010000DB010000DC010000DD0100005A
:103CF800DE010000DF010000E0010000E10100003A
:103D0800E2010000E3010000E4010000E501000019
:103D1800E6010000E7010000E8010000E9010000F9
:103D2800EA010000EB010000EC010000ED010000D9
:103D3800EE010000EF010000F0010000F1010000B9
:103D4800F2010000F3010000F4010000F501000099
:103D5800F6010000F7010000F8010000F901000079
:103D6800FA010000FB010000FC010000FD01000059
:103D7800FE010000FF010000000200000102000037
:103D88000202000003020000040200000502000015
:103D980006020000070200000802000009020000F5
:103DA8000A0200000B0200000C0200000D020000D5
:103DB8000E0200000F0200001002000011020000B5
:103DC8001202000013020000140200001502000095
:103DD8001602000017020000180200001902000075
:103DE8001A0200001B0200001C0200001D02000055
:103DF8001E0200001F020000200200002102000035
:103E08002202000023020000240200002502000014
:103E180026020000270200002802000029020000F4
:103E28002A0200002B0200002C0200002D020000D4
:103E38002E0200002F0200003002000031020000B4
:103E48003202000033020000340200003502000094
:103E58003602000037020000380200003902000074
:103E68003A0200003B0200003C0200003D02000054
:103E78003E0200003F020000400200004102000034
:103E88004202000043020000440200004502000014
:103E980046020000470200004802000049020000F4
:103EA8004A0200004B0200004C0200004D020000D4
:103EB8004E0200004F0200005002000051020000B4
:103EC8005202000053020000540200005502000094
:103ED8005602000057020000580200005902000074
:103EE8005A0200005B0200005C0200005D02000054
:103EF8005E0200005F020000600200006102000034
:103F08006202000063020000640200006502000013
:103F180066020000670200006802000069020000F3
:103F28006A0200006B0200006C0200006D020000D3
:103F38006E0200006F0200007002000071020000B3
:103F48007202000073020000740200007502000093
:103F58007602000077020000780200007902000073
:103F68007A0200007B0200007C0200007D02000053
:103F78007E0200007F020000800200008102000033
:103F88008202000083020000840200008502000013
:103F980086020000870200008802000089020000F3
:103FA8008A0200008B0200008C0200008D020000D3
:103FB8008E0200008F0200009002000091020000B3
:103FC8009202000093020000940200009502000093
:103FD8009602000097020000980200009902000073
:103FE8009A0200009B0200009C0200009D02000053
:103FF8009E0200009F020000A0020000A102000033
:10400800A2020000A3020000A4020000A502000012
:10401800A6020000A7020000A8020000A9020000F2
:10402800AA020000AB020000AC020000AD020000D2
:10403800AE020000AF020000B0020000B1020000B2
:10404800B2020000B3020000B4020000B502000092
:10405800B6020000B7020000B8020000B902000072
:10406800BA020000BB020000BC020000BD02000052
:10407800BE020000BF020000C0020000C102000032
:10408800C2020000C3020000C4020000C502000012
:10409800C6020000C7020000C8020000C9020000F2
:1040A800CA020000CB020000CC020000CD020000D2
:1040B800CE020000CF020000D0020000D1020000B2
:1040C800D2020000D3020000D4020000D502000092
:1040D800D6020000D7020000D8020000D902000072
:1040E800DA020000DB020000DC020000DD02000052
:1040F800DE020000DF020000E0020000E102000032
:10410800E2020000E3020000E4020000E502000011
:10411800E6020000E7020000E8020000E9020000F1
:10412800EA020000EB020000EC020000ED020000D1
:10413800EE020000EF020000F0020000F1020000B1
:10414800F2020000F3020000F4020000F502000091
:10415800F6020000F7020000F8020000F902000071
:10416800FA020000FB020000FC020000FD02000051
:10417800FE020000FF02000000030000010300002F
:10418800020300000303000004030000050300000D
:1041980006030000070300000803000009030000ED
:1041A8000A0300000B0300000C0300000D030000CD
:1041B8000E0300000F0300001003000011030000AD
:1041C800120300001303000014030000150300008D
:1041D800160300001703000018030000190300006D
:1041E8001A0300001B0300001C0300001D0300004D
:1041F8001E0300001F03000020030000210300002D
:10420800220300002303000024030000250300000C
:1042180026030000270300002803000029030000EC
:104228002A0300002B0300002C0300002D030000CC
:104238002E0300002F0300003003000031030000AC
:10424800320300003303000034030000350300008C
:10425800360300003703000038030000390300006C
:104268003A0300003B0300003C0300003D0300004C
:104278003E0300003F03000040030000410300002C
:10428800420300004303000044030000450300000C
:1042980046030000470300004803000049030000EC
:1042A8004A0300004B0300004C0300004D030000CC
:1042B8004E0300004F0300005003000051030000AC
:1042C800520300005303000054030000550300008C
:1042D800560300005703000058030000590300006C
:1042E8005A0300005B0300005C0300005D0300004C
:1042F8005E0300005F03000060030000610300002C
:10430800620300006303000064030000650300000B
:1043180066030000670300006803000069030000EB
:104328006A0300006B0300006C0300006D030000CB
:104338006E0300006F0300007003000071030000AB
:10434800720300007303000074030000750300008B
:10435800760300007703000078030000790300006B
:104368007A0300007B0300007C0300007D0300004B
:104378007E0300007F03000080030000810300002B
:10438800820300008303000084030000850300000B
:1043980086030000870300008803000089030000EB
:1043A8008A0300008B0300008C0300008D030000CB
:1043B8008E0300008F0300009003000091030000AB
:1043C800920300009303000094030000950300008B
:1043D800960300009703000098030000990300006B
:1043E8009A0300009B0300009C0300009D0300004B
:1043F8009E0300009F030000A0030000A10300002B
:10440800A2030000A3030000A4030000A50300000A
:10441800A6030000A7030000A8030000A9030000EA
:10442800AA030000AB030000AC030000AD030000CA
:10443800AE030000AF030000B0030000B1030000AA
:10444800B2030000B3030000B4030000B50300008A
:10445800B6030000B7030000B8030000B90300006A
:10446800BA030000BB030000BC030000BD0300004A
:10447800BE030000BF030000C0030000C10300002A
:10448800C2030000C3030000C4030000C50300000A
:10449800C6030000C7030000C8030000C9030000EA
:1044A800CA030000CB030000CC030000CD030000CA
:1044B800CE030000CF030000D0030000D1030000AA
:1044C800D2030000D3030000D4030000D50300008A
:1044D800D6030000D7030000D8030000D90300006A
:1044E800DA030000DB030000DC030000DD0300004A
:1044F800DE030000DF030000E0030000E10300002A
:10450800E2030000E3030000E4030000E503000009
:10451800E6030000E7030000E8030000E9030000E9
:10452800EA030000EB030000EC030000ED030000C9
:10453800EE030000EF030000F0030000F1030000A9
:10454800F2030000F3030000F4030000F503000089
:10455800F6030000F7030000F8030000F903000069
:10456800FA030000FB030000FC030000FD03000049
:10457800FE030000FF03000000040000000000002C
:10458800010000000100000001000000010000001F
:10459800010000000100000001000000010000000F
:1045A80001000000010000000100000001000000FF
:1045B80001000000010000000100000001000000EF
:1045C80001000000010000000100000001000000DF
:1045D80002000000020000000200000002000000CB
:1045E80002000000020000000200000002000000BB
:1045F80003000000030000000300000003000000A7
:104608000300000003000000030000000400000095
:104618000400000004000000040000000400000082
:10462800050000000500000005000000050000006E
:10463800050000000600000006000000060000005B
:104648000600000007000000070000000700000047
:104658000700000008000000080000000800000033
:10466800080000000900000009000000090000001F
:10467800090000000A0000000A0000000A0000000B
:104688000B0000000B0000000B0000000C000000F5
:104698000C0000000C0000000D0000000D000000E0
:1046A8000D0000000E0000000E0000000E000000CB
:1046B8000F0000000F0000000F00000010000000B5
:1046C800100000001100000011000000110000009F
:1046D8001200000012000000130000001300000088
:1046E8001300000014000000140000001500000072
:1046F800150000001600000016000000170000005A
:104708001700000017000000180000001800000043
:1047180019000000190000001A0000001A0000002B
:104728001B0000001B0000001C0000001C00000013
:104738001D0000001D0000001E0000001E000000FB
:104748001F0000001F0000002000000021000000E2
:1047580021000000220000002200000023000000C9
:1047680023000000240000002500000025000000B0
:104778002600000026000000270000002700000097
:104788002800000029000000290000002A0000007D
:104798002B0000002B0000002C0000002C00000063
:1047A8002D0000002E0000002E0000002F00000049
:1047B800300000003000000031000000320000002E
:1047C8003200000033000000340000003400000014
:1047D80035000000360000003600000037000000F9
:1047E8003800000039000000390000003A000000DD
:1047F8003B0000003B0000003C0000003D000000C2
:104808003E0000003E0000003F00000040000000A5
:104818004100000041000000420000004300000089
:10482800440000004500000045000000460000006C
:10483800470000004800000049000000490000004F
:104848004A0000004B0000004C0000004D00000032
:104858004D0000004E0000004F0000005000000016
:1048680051000000520000005200000053000000F8
:1048780054000000550000005600000057000000DA
:104888005800000059000000590000005A000000BC
:104898005B0000005C0000005D0000005E0000009E
:1048A8005F0000006000000061000000620000007E
:1048B8006200000063000000640000006500000062
:1048C8006600000067000000680000006900000042
:1048D8006A0000006B0000006C0000006D00000022
:1048E8006E0000006F000000700000007100000002
:1048F80072000000730000007400000075000000E2
:1049080076000000770000007800000079000000C1
:104918007A0000007B0000007C0000007D000000A1
:104928007E0000007F000000800000008100000081
:104938008200000083000000840000008500000061
:104948008600000087000000880000008900000041
:104958008A0000008C0000008D0000008E0000001E
:104968008F000000900000009100000092000000FD
:1049780093000000940000009500000096000000DD
:1049880098000000990000009A0000009B000000B9
:104998009C0000009D0000009E0000009F00000099
:1049A800A1000000A2000000A3000000A400000075
:1049B800A5000000A6000000A7000000A900000054
:1049C800AA000000AB000000AC000000AD00000031
:1049D800AF000000B0000000B1000000B20000000D
:1049E800B3000000B4000000B6000000B7000000EB
:1049F800B8000000B9000000BA000000BC000000C8
:104A0800BD000000BE000000BF000000C1000000A3
:104A1800C2000000C3000000C4000000C60000007F
:104A2800C7000000C8000000C9000000CA0000005C
:104A3800CC000000CD000000CE000000D000000037
:104A4800D1000000D2000000D3000000D500000013
:104A5800D6000000D7000000D8000000DA000000EF
:104A6800DB000000DC000000DE000000DF000000CA
:104A7800E0000000E1000000E3000000E4000000A6
:104A8800E5000000E7000000E8000000E900000081
:104A9800EB000000EC000000ED000000EF0000005B
:104AA800F0000000F1000000F3000000F400000036
:104AB800F5000000F7000000F8000000F900000011
:104AC800FB000000FC000000FD000000FF000000EB
:104AD80000010000010100000301000004010000C2
:104AE8000601000007010000080100000A0100009B
:104AF8000B0100000C0100000E0100000F01000076
:104B0800110100001201000013010000150100004E
:104B18001601000017010000190100001A01000029
:104B28001C0100001D0100001F0100002001000001
:104B380021010000230100002401000026010000DB
:104B480027010000280100002A0100002B010000B5
:104B58002D0100002E01000030010000310100008D
:104B68003201000034010000350100003701000067
:104B7800380100003A0100003B0100003D0100003F
:104B88003E0100003F010000410100004201000019
:104B980044010000450100004701000048010000F1
:104BA8004A0100004B0100004D0100004E010000C9
:104BB80050010000510100005301000054010000A1
:104BC8005501000057010000580100005A0100007B
:104BD8005B0100005D0100005E0100006001000053
:104BE800610100006301000064010000660100002B
:104BF80067010000690100006A0100006C01000003
:104C08006D0100006F0100007001000072010000DA
:104C180073010000750100007601000078010000B2
:104C2800790100007B0100007C0100007E0100008A
:104C38008001000081010000830100008401000060
:104C48008601000087010000890100008A01000038
:104C58008C0100008D0100008F0100009001000010
:104C680092010000930100009501000096010000E8
:104C7800980100009A0100009B0100009D010000BE
:104C88009E010000A0010000A1010000A301000096
:104C9800A4010000A6010000A7010000A90100006E
:104CA800AB010000AC010000AE010000AF01000044
:104CB800B1010000B2010000B4010000B50100001C
:104CC800B7010000B8010000BA010000BC010000F3
:104CD800BD010000BF010000C0010000C2010000CA
:104CE800C3010000C5010000C7010000C8010000A1
:104CF800CA010000CB010000CD010000CE01000078
:104D0800D0010000D1010000D3010000D50100004E
:104D1800D6010000D8010000D9010000DB01000025
:104D2800DC010000DE010000E0010000E1010000FC
:104D3800E3010000E4010000E6010000E7010000D3
:104D4800E9010000EB010000EC010000EE010000A9
:104D5800EF010000F1010000F2010000F401000081
:104D6800F6010000F7010000F9010000FA01000057
:104D7800FC010000FD010000FF010000000200002E
:104D88000102000003020000040200000602000005
:104D980007020000090200000A0200000C020000DD
:104DA8000E0200000F0200001102000012020000B3
:104DB800140200001502000017020000190200008A
:104DC8001A0200001C0200001D0200001F02000061
:104DD8002002000022020000240200002502000038
:104DE80027020000280200002A0200002B0200000F
:104DF8002D0200002F0200003002000032020000E5
:104E080033020000350200003602000038020000BC
:104E1800390200003B0200003D0200003E02000093
:104E2800400200004102000043020000440200006A
:104E38004602000048020000490200004B02000040
:104E48004C0200004E0200004F0200005102000018
:104E580052020000540200005502000057020000F0
:104E6800590200005A0200005C0200005D020000C6
:104E78005F0200006002000062020000630200009E
:104E88006502000066020000680200006A02000075
:104E98006B0200006D0200006E020000700200004C
:104EA8007102000073020000740200007602000024
:104EB80077020000790200007A0200007C020000FC
:104EC8007D0200007F0200008002000082020000D4
:104ED80084020000850200008702000088020000AA
:104EE8008A0200008B0200008D0200008E02000082
:104EF800900200009102000093020000940200005A
:104F08009602000097020000990200009A02000031
:104F18009C0200009D0200009F020000A002000009
:104F2800A2020000A3020000A5020000A6020000E1
:104F3800A8020000A9020000AB020000AC020000B9
:104F4800AD020000AF020000B0020000B202000093
:104F5800B3020000B5020000B6020000B80200006B
:104F6800B9020000BB020000BC020000BE02000043
:104F7800BF020000C1020000C2020000C30200001C
:104F8800C5020000C6020000C8020000C9020000F5
:104F9800CB020000CC020000CE020000CF020000CD
:104FA800D0020000D2020000D3020000D5020000A7
:104FB800D6020000D8020000D9020000DA02000080
:104FC800DC020000DD020000DF020000E002000059
:104FD800E1020000E3020000E4020000E602000033
:104FE800E7020000E9020000EA020000EB0200000C
:104FF800ED020000EE020000EF020000F1020000E6
:10500800F2020000F4020000F5020000F6020000BF
:10501800F8020000F9020000FA020000FC02000099
:10502800FD020000FF020000000300000103000071
:105038000303000004030000050300000703000049
:1050480008030000090300000B0300000C03000024
:105058000D0300000F0300001003000011030000FF
:1050680013030000140300001503000017030000D9
:1050780018030000190300001B0300001C030000B4
:105088001D0300001F03000020030000210300008F
:10509800220300002403000025030000260300006B
:1050A80028030000290300002A0300002B03000046
:1050B8002D0300002E0300002F0300003003000022
:1050C80032030000330300003403000036030000FD
:1050D8003703000038030000390300003A030000DA
:1050E8003C0300003D0300003E0300003F030000B6
:1050F8004103000042030000430300004403000092
:10510800460300004703000048030000490300006D
:105118004A0300004C0300004D0300004E0300004A
:105128004F03000050030000510300005303000028
:105138005403000055030000560300005703000005
:10514800590300005A0300005B0300005C030000E1
:105158005D0300005E0300005F03000061030000C0
:10516800620300006303000064030000650300009D
:105178006603000067030000680300006A0300007C
:105188006B0300006C0300006D0300006E03000059
:105198006F03000070030000710300007203000039
:1051A8007303000074030000760300007703000017
:1051B80078030000790300007A0300007B030000F5
:1051C8007C0300007D0300007E0300007F030000D5
:1051D80080030000810300008203000083030000B5
:1051E8008403000085030000860300008703000095
:1051F80088030000890300008A0300008B03000075
:105208008C0300008D0300008E0300008F03000054
:105218009003000091030000920300009303000034
:105228009403000095030000960300009703000014
:1052380098030000990300009A0300009B030000F4
:105248009C0300009D0300009E0300009E030000D5
:105258009F030000A0030000A1030000A2030000B8
:10526800A3030000A4030000A5030000A603000098
:10527800A7030000A7030000A8030000A90300007B
:10528800AA030000AB030000AC030000AD0300005C
:10529800AE030000AE030000AF030000B00300003F
:1052A800B1030000B2030000B3030000B303000021
:1052B800B4030000B5030000B6030000B703000004
:1052C800B7030000B8030000B9030000BA030000E8
:1052D800BB030000BB030000BC030000BD030000CB
:1052E800BE030000BF030000BF030000C0030000AE
:1052F800C1030000C2030000C2030000C303000092
:10530800C4030000C5030000C5030000C603000075
:10531800C7030000C7030000C8030000C90300005A
:10532800CA030000CA030000CB030000CC0300003E
:10533800CC030000CD030000CE030000CE03000024
:10534800CF030000D0030000D0030000D103000009
:10535800D2030000D2030000D3030000D4030000EE
:10536800D4030000D5030000D5030000D6030000D5
:10537800D7030000D7030000D8030000D9030000BA
:10538800D9030000DA030000DA030000DB030000A1
:10539800DB030000DC030000DD030000DD03000088
:1053A800DE030000DE030000DF030000DF0300006F
:1053B800E0030000E1030000E1030000E203000055
:1053C800E2030000E3030000E3030000E40300003D
:1053D800E4030000E5030000E5030000E603000025
:1053E800E6030000E7030000E7030000E80300000D
:1053F800E8030000E9030000E9030000E9030000F6
:10540800EA030000EA030000EB030000EB030000DE
:10541800EC030000EC030000ED030000ED030000C6
:10542800ED030000EE030000EE030000EF030000B0
:10543800EF030000EF030000F0030000F00300009A
:10544800F1030000F1030000F1030000F203000083
:10545800F2030000F2030000F3030000F30300006E
:10546800F3030000F4030000F4030000F403000059
:10547800F5030000F5030000F5030000F603000043
:10548800F6030000F6030000F7030000F70300002E
:10549800F7030000F7030000F8030000F80300001A
:1054A800F8030000F8030000F9030000F903000006
:1054B800F9030000F9030000FA030000FA030000F2
:1054C800FA030000FA030000FB030000FB030000DE
:1054D800FB030000FB030000FB030000FC030000CB
:1054E800FC030000FC030000FC030000FC030000B8
:1054F800FD030000FD030000FD030000FD030000A4
:10550800FD030000FD030000FD030000FE03000092
:10551800FE030000FE030000FE030000FE0300007F
:10552800FE030000FE030000FE030000FF0300006E
:10553800FF030000FF030000FF030000FF0300005B
:10554800FF030000FF030000FF030000FF0300004B
:10555800FF030000FF030000FF030000FF0300003B
:10556800FF030000FF030000FF030000FF0300002B
:10557800FF030000FF030000FF0300000004000019
:10558800102840587088A0B8000000000404043CAB
:105598003C000000000008000000080008000000AF
:1055A80000000000010203040102030406070809C1
:1055B80000000000010203040102030406070809B1
:1055C80001000000020000000400000006000000C6
:1055D800080000000A0000000C0000001000000095
:1055E80020000000400000008000000000010000D2
:1055F80000316253C4F5A697B988DBEA7D4C1F2EAB
:105608004372211087B6E5D4FACB98A93E0F5C6D9A
:1056180086B7E4D5427320113F0E5D6CFBCA99A88A
:10562800C5F4A796013063527C4D1E2FB889DAEB7A
:105638003D0C5F6EF9C89BAA84B5E6D7407122136A
:105648007E4F1C2DBA8BD8E9C7F6A594033261505A
:10565800BB8AD9E87F4E1D2C02336051C6F7A4954A
:10566800F8C99AAB3C0D5E6F4170231285B4E7D63A
:105678007A4B1829BE8FDCEDC3F2A190073665542A
:1056880039085B6AFDCC9FAE80B1E2D3447526171A
:10569800FCCD9EAF38095A6B4574271681B0E3D20A
:1056A800BF8EDDEC7B4A192806376455C2F3A091FA
:1056B8004776251483B2E1D0FECF9CAD3A0B5869EA
:1056C80004356657C0F1A293BD8CDFEE79481B2ADA
:1056D800C1F0A3920534675678491A2BBC8DDEEFCA
:1056E80082B3E0D1467724153B0A5968FFCE9DACBA
:1056F800102840587088A0B8102840587088A0B862
:105708002B66000000006717129EBCA3BEED0A922C
:1057180049877A0D917D01DE7A9F2AC387E45B7001
:1057280050028761F4563322000000007EE51DDA3E
:105738000E4ABBA516EDF127BF9F62DC8F95B95DB8
:10574800000000000EEC6819943C3EC3E99989B446
:105758004A641B6F85625828287301001CEDA85104
:10576800B05B01002E14000000000000F0000000F3
:1057780000000000000000005F2FAAAD8C9C130001
:10578800D0291000D0291000D0291000D0291000ED
:10579800D0291000D0291000D0291000D0291000DD
:1057A800DC9A1000D0291000D0291000D029100050
:1057B800D0291000C4670100D02910000C60120025
:1057C8000CB11000D029100068B3100068B31000A5
:1057D80068B31000844D1200446E1200446E12002B
:1057E80064B61000ECB6100034B81000086B120054
:1057F800D02910002C1A1000C8B510001015100080
:10580800D0291000D0291000B81810006C19100009
:10581800EC6E1200EC6E1200EC6E120040D4120016
:10582800C102CFF25D074FF6BD0500012107000157
:105838004D06CFF76906CFF78506CFF7D907CFF71B
:10584800E505CFF93506CFF91107CFF9A1010FFA10
:10585800A9010FFA95020FFA09060FFA6107400825
:1058680019014FFAB5044FFAF5044FFA5D054FFADE
:10587800A104C00059064FFA71064FFA45074008BF
:10588800B5018FFAD9018FFAB100800841028FFA69
:1058980065038FFABD038FFA15048FFA61048FFA36
:1058A80079048FFACD008008F9048FFAA106400127
:1058B8004D068FFA81078FFAA501CFFAA502CFFA14
:1058C8006D03CFFA7906CFFA7D03400135000FFB4F
:1058D80075000FFBA9000FFBD9000FFBE1000FFBC0
:1058E800ED000FFBF5000FFB05010FFB49020FFB55
:1058F8004D020FFB55020FFB65020FFB75020FFBF4
:1059080081020FFB75030FFBAD040FFBD5040FFBE2
:10591800ED040FFBF5040FFB19050FFB9104400183
:1059280021060FFB8D038008D9060FFB29014FFBC9
:10593800A505C00015024FFBF1024FFB19018000BD
:10594800D100800061008000A50080007D008000FB
:10595800E50080004501800021018000F5054FFB2E
:10596800B9064FFBFD064FFB3104400151068FFB82
:105978002902CFFBB5020FFC35040FFC81040FFC94
:105988008D040FFC61050FFC0D018FFDA1018FFD3A
:10599800B1018FFDC1018FFDF102400191038FFD1F
:1059A80009058FFDE504C0009900CFFD7904C0000A
:1059B80051020FEFBD04CFFD2505CFFD6D06CFFDCC
:1059C800A506CFFD5D07CFFDF507CFFD29000FFE2A
:1059D8008102400111020FFEA1020FFE39030FFEE2
:1059E800C9030FFEB1040FFE71070FFEB104400991
:1059F800FD070FFE0D004FFE61004FFEB5004FFE84
:105A0800B9004FFECD004FFEF5004FFE05024FFED8
:105A1800D9058FFE65068FFE7D068FFE3D0140018C
:105A280035078FFE49078FFE6D078FFEE5078FFE4E
:105A38001500CFFE9D00CFFEB500CFFEE500CFFEDE
:105A48005901CFFE0502CFFE1D02CFFE6D044009AD
:105A58007904400985044009510540094D02CFFEEB
:105A68009D02CFFEA502CFFE990540094D03CFFE4A
:105A7800B503CFFE1904CFFE8104CFFEA904CFFEE3
:105A8800E50540090D06400979070001D906CFFE52
:105A98009907CFFEB1064009E50640090D07400900
:105AA8007D000FFFBD000FFF510600016D0080094A
:105AB80081020FFF85020FFF4903C000CD020FFFCF
:105AC80019030FFF19030FFFED0540006D064FFF87
:105AD80035008FFF5902CFEF0D03CFEFAD03CFEFA6
:105AE8000104CFEF8D04CFEF9D04CFEF1105CFEF69
:105AF8005905CFEF6905CFEFDD0000026D01000207
:105B0800850200029103000255040002A10400026C
:105B1800B1050002310600027D030FF035070002CF
:105B28005D0040029500400271014002610340029D
:105B380031004FF05D014FF0E503400251078FF04F
:105B48002100CFF04500CFF0B101CFF0FD06CFF036
:105B58000507CFF0DD000FF1E9000FF149018002E0
:105B680079050FF131060FF139060FF149060FF1EA
:105B78002D004FF181004FF1A102C0021504C002AF
:105B88009D04C0022505C0024905C0024905C0029E
:105B9800DD024FF1E506C00285044FF16D074FF1B4
:105BA80071074FF179074FF17D074FF181074FF1E9
:105BB8009D074FF1AD074FF1B1074FF1B1074FF115
:105BC80049018FF1A1018FF1DD018FF17D028FF184
:105BD80079038FF105048FF12D004003C9068FF179
:105BE80061078FF1F9078FF1D500CFF19902CFF155
:105BF800A102CFF1BD03CFF12904CFF18904CFF180
:105C08001D024003CD05CFF16D06CFF11507CFF189
:105C1800B107CFF101020FF205020FF24D020FF2A8
:105C2800D9020FF23D030FF289030FF2F9030FF2C5
:105C380019040FF2350340039104400301054003A2
:105C48005D064003810740037500800365018003FA
:105C580051078003510780038D0780035900C00353
:105C6800C900C0031901C00309068FF221068FF28B
:105C7800FD07CFF28504C0034D010FF371010FF347
:105C880081010FF3B5010FF3B9010FF3C5010FF34C
:105C980011020FF37105C0039D05C0034D06C00333
:105CA8008907C0030500000471000004C100000456
:105CB800E900000411010004290300045904000448
:105CC8001D070004E5070004590040046D01400465
:105CD800710140040D044004DD048FF359058FF36E
:105CE80009068FF36D068FF37D068FF3FD068FF39C
:105CF80011078FF385078FF3A103800481048004C3
:105D0800DD068004B900C0045501C004B502C00412
:105D18001903C0049906C0046503000511040005B1
:105D28004D05000531014FF469014FF415034FF497
:105D3800E9044FF449054FF485064FF449074FF439
:105D480081008FF485008FF41D018FF439018FF4E1
:105D580031028FF4CD048FF465058FF419078FF4A1
:105D680001010FF5E1070005E5020FF509030FF53D
:105D780019030FF5CD030FF5D1030FF5DD030FF56B
:105D8800B1040FF5B90140053D024005E1024005A7
:105D980041034005A9044005290540052D05400596
:105DA8003D054005B905400511074005CD00CFF573
:105DB800E100CFF53101CFF5FD01CFF5ED02CFF5CB
:105DC8008103CFF5E903CFF54504CFF52505CFF5D8
:105DD800ED010FF609020FF685020FF6C1020FF664
:105DE800F9020FF625074FF67D074FF6C1074FF664
:105DF80055008FF6C5018FF639028FF649028FF6E6
:105E0800E9028FF6F1028FF6BD038FF615068005BD
:105E1800410780054D03C005A903C005CD03C00592
:105E2800C105C0051507C005F5000006D902CFF663
:105E3800A503CFF6CD05CFF66106CFF67106CFF6EE
:105E48002907CFF63107CFF621000FF7E1000FF74A
:105E580065010FF721030FF74D030FF7B1030FF794
:105E6800C1030FF791040FF7AD040FF7B1050FF752
:105E780021060FF7B100000691070FF7E5070FF7A6
:105E880005004FF7A1004FF7B1004FF761014FF739
:105E980075014FF7A1014FF7C5014FF719024FF7E9
:105EA80089024FF7C1024FF7A101000671020006EF
:105EB8001105000699050006A9050006A9060006B1
:105EC800AD0600060900400609004006210040060C
:105ED8001D078FF75D078FF7DD00CFF77D01CFF73F
:105EE80095024006510340061D05CFF7DD05CFF7A3
:105EF80015054006E507400651000FF8A1000FF808
:105F080039010FF811020FF879020FF845030FF85D
:105F18008D050FF8E5050FF86D060FF8DD060FF88B
:105F2800AD0080063D004FF845004FF859004FF886
:105F38000902800651014FF8DD038006D10580066D
:105F480001054FF889008FF8B100C00601018FF8EC
:105F58000D01C006AD018FF821028FF871028FF88C
:105F6800C1028FF8DD028FF8ED028FF835038FF844
:105F7800E1038FF8F1038FF8F5038FF821048FF808
:105F88003D048FF8C102C00679048FF8A10080078C
:105F980055018007FD000FF9B5010FF9750180075C
:105FA8002107800771050FF91D0780079D00C007AD
:105FB80019048FF9B9048FF9C9048FF9B5040008D9
:105FC80009058FF909058FF9AD058FF9D1058FF905
:105FD800ED068FF9090500085503CFF939050008C2
:105FE8008103CFF9ED03CFF92904CFF93904CFF9AB
:105FF800D50500086904CFF9ED0500081D0600085D
:10600800FD04CFF91905CFF9450600084105CFF978
:10601800550600086505CFF9850600088905CFF9FA
:106028009D05CFF9C105CFF98D060008B906CFF94E
:106038000107CFF91907CFF94D07CFF99507CFF920
:10604800A907CFF9410700083D060FFA89070FFA9B
:10605800E1070FFAF9070FFA2D004FFA2D004FFA52
:106068007D00400895004008FD048FFA15058FFA59
:1060780041058FFA5D01400875014008D5058FFA82
:1060880051078FFA69078FFA9D078FFA6103400855
:106098000D06CFFA2506CFFAC90340084D018FFB3C
:1060A80065018FFB8903CFFB9103CFFBC503CFFBB2
:1060B8005906CFFB7106CFFBA906CFFBC106CFFB64
:1060C800FD06CFFB1507CFFB4907CFFB6507CFFBC5
:1060D80005000FFC6D000FFC9D000FFCED000FFC90
:1060E800F9000FFC4D010FFCB1010FFCBD01800848
:1060F80041030FFC45030FFC81030FFCCD030FFC8C
:10610800510380088903800855058008B9060FFCEB
:10611800C9060FFC55058008B105800849070FFC22
:1061280059070FFC69014FFC71014FFC81014FFCBD
:106138009D014FFCC5058008D5014FFCD9014FFCD6
:10614800E9014FFC75024FFCF1024FFCC9044FFCFA
:10615800E1044FFC7D054FFC25064FFC19074FFC59
:10616800DD008FFCE5008FFCED008FFCF5008FFC57
:1061780009068008F5018FFCB9068008F1038FFC39
:1061880091048FFC15058FFC5901C00801078FFC8D
:1061980011078FFC21078FFCDD078FFCED02CFFC78
:1061A8006104CFFC6504CFFCB504CFFCBD04CFFC73
:1061B800D904CFFC1505CFFC1D05CFFC8506CFFC07
:1061C800090000096D000FFD81000FFD19020FFD88
:1061D80031020FFD75020FFD8D020FFDED030FFD5E
:1061E80005040FFD31040FFDA9050FFD55004FFDF6
:1061F8006D004FFDE5004FFD95014FFD9D014FFDE1
:10620800B1014FFDC9014FFDAD034FFD49028FFD9F
:1062180061028FFDE100000901048FFD19048FFD63
:10622800C9058FFDD504CFFDED04CFFDB5020FFEE6
:106238009D038FFEB5038FFEF50040090D0140094F
:1062480059020FFF71020FFF59028FFFB5028FFF2E
:106258001100C002A9024004ED060FF691020001E8
:10626800F9004FF6F5020001BD060006D905CFF882
:10627800E906CFF83D024FF949024FF9B503C007C7
:106288005D00C000B1068FF9F9068FF94907CFFA0A
:10629800F9040000D5020001210440083D02000174
:1062A80089020001550200013D0440080D0540081F
:1062B8009D008FFB5D064008A9028FFBE5020FFDDC
:1062C800F5020FFDC502C00A01034FFD35010000AC
:1062D80071010000F9038FFD2902CFEE61048FFDE3
:1062E800F1048FFDF506CFFD95050FFE41074FFE22
:1062F800F9030009190400090900000085000000DD
:10630800E2C20845018068408420030C1908310462
:1063180048410E8D0015061021421D78460E6FFB70
:106328000143C2C6284D4C70C608E000084300155A
:106338000610004161402142F60A2FF60143C2C609
:10634800E2C20845018068408420030C1908310422
:1063580048410E8D0015061021421D78EA0D6FFB8D
:106368000143C2C6284D4C708608E000084300155A
:106378000610004161402142CA0A2FF60143C2C6F5
:10638800E2C20845018068408420030C19083104E2
:1063980048410E8D0015071021421D781A0E6FFB1B
:1063A8000143C2C6284D4C704608E000084300155A
:1063B80007100041614021424E0BE0000143C2C674
:1063C800E2C20845018068408420030C19083104A2
:1063D80048410E8D0015071021421D78A20D6FFB54
:1063E8000143C2C6284D4C700608E000084300155A
:1063F8000710004161402142260BE0000143C2C65C
:10640800E2C20845018068408420030C1908310461
:1064180048410E8D0015061021421D78DE0A6FFBDB
:106428000143C2C6284D4C71C60FA0000843001591
:106438000610004161402142CA092FF60143C2C635
:10644800E2C20845018068408420030C1908310421
:1064580048410E8D0015071021421D78BA0A6FFBBE
:106468000143C2C6284D4C71860FA0000843001591
:106478000710004161402142BE0AE0000143C2C644
:10648800F1C081808424031C110C31140010050014
:106498000E881D789F5A04F010E08F5AD1C0E07E14
:1064A800F1C081808424031C110C311400100600F3
:1064B8000E881D78A15A04F010E0905AD1C0E07EF1
:1064C800F1C081808424031C110C311400100600D3
:1064D8000E881D78A05A04F010E0915AD1C0E07ED1
:1064E800F1C081808424031C110C311400100600B3
:1064F8000E881D789D5A04F010E08E5AD1C0E07EB7
:10650800FC1C88B7E1C0E1C1E1C2E1C3FC1C08B1D1
:10651800FC1C48B1FC1C88B1FC1CC8B1FC1C08B2AE
:10652800FC1C48B2FC1C88B2FC1CC8B2E1C4F1C017
:10653800FC1C08BF6A208000E1C06A20C000E1C0DE
:10654800C340F0002D000088C1B8F0260170A000FB
:10655800388603E94079C1C06B20C000C1C06B20F8
:106568008000C1C00A240070D1C0C1C404140B3417
:1065780004140A34041409340414083404140734C1
:10658800041406340414053404140434C1C3C1C209
:10659800C1C1C1C004141E346F243F00E4C22F27B8
:1065A800BF036F233F00CB45A000A242208D0621E8
:1065B80000007E0BAFEE00AD208D1470C340F000DC
:1065C800340005F27B00200033A8A0B933A820AD21
:1065D80000168070A000A142147033F20016C0703B
:1065E800A000B042CB44A000A0421470C343F00006
:1065F800400226002B00408C6D71E5B8002B8010FE
:106608002F27BF006F233F0012F42583067925A3A7
:106618002F26BF0011F02F277F006F233F0007832D
:106628000F20800007A32F267F000BF025832578F5
:1066380005A32F26BF00008C002B001006A32F26D1
:10664800BF03C4C6E6C1A3C12F273F026F233F0083
:106658006F263F0437886D7034700CF2358883E9F3
:106668003688448005B9422101083A62688A747004
:106678008E00210080C4E782C682FFD95ADD181A2D
:10668800800F12005CF987A240C641C74F00200066
:1066980042C1AB25081E00168170F0003500C5B94F
:1066A800347210F46F273F006F233F00AA215A006D
:1066B8004B2180830BF22F21BF0F000077000BF0D6
:1066C8002F21BF0F0000B70005F02F21BF0F0000DA
:1066D800B7006F263F04688A02C108EB8C21C38F7C
:1066E80004F477887470D7F58C21C38F6D7109F421
:1066F80027820F09010301C127A200C126A22F2664
:106708003F026140C6C5E07814707C002100004358
:106718002F273F036F233F006F263F0422F029F401
:1067280000168070F0003500C5B814720FF46F279A
:106738003F006F233F00AA205A004B2080830CF2B1
:106748002F21BF0F000077000AF02F21BF0F000094
:10675800B70006F02F21BF0F0000B7006F263F04D7
:106768004C8B00815470BA07E2FF8C20C38F2F2610
:106778003F038C20C38F0041CA21E1085470E07F99
:10678800CA204100E07F23D8E8C3A3C12F273F04D4
:106798006F233F006F263F042D90AD7034700CF2CC
:1067A8002B9083E92C90247742805A2101053A6284
:1067B8002C8A34709400210080C3C482A282FFDC3A
:1067C800081A800F1300305764A240C541C6510013
:1067D800200042C4AB21080E00168170F00035007D
:1067E800C5B934720FF46F273F006F233F00AA2109
:1067F8005A004B2180830CF22F21BF0F0000770035
:106808000AF02F21BF0F0000B70006F02F21BF0F9D
:106818000000B7006F263F042C8A02C409E98C24C3
:10682800C39F07F42D903470AC07E2FF5AD98C242B
:10683800C39FAD710AF404821108C10001C004A20B
:1068480000C002A291D867582F263F04A140C8C7AC
:106858002F27FF006F233F006F263F044D90547091
:1068680024F200168170F0003500C5B9347210F4B6
:106878006F273F006F233F00AA215A004B218083D6
:106888000BF22F21BF0F000077000BF02F21BF0F55
:106898000000B70005F02F21BF0F0000B7006F26DA
:1068A8003F042D903470DFF52F26FF00E07F79221A
:1068B8000000E07800168070F0003500C5B814724A
:1068C8000FF46F273F006F233F00AA205A004B2088
:1068D80080830CF22F21BF0F00007700E07E2F216C
:1068E800BF0F0000B700E07E2F21BF0F0000B700E8
:1068F800E07EE078F1C002881308BF01F6D802896B
:106908001108FF010C70D1C0E07E2E09AFF42C7184
:10691800F0D82609AFF42C71E4C2C342000000008D
:10692800C343000000002845420D6FF908464C702B
:106938006C70C140E2082009A141C4C6E4C2C34248
:1069480000000000C3430000000028451E0D6FF939
:1069580008464C716C70C140BE082009A141C4C6EC
:10696800E4C2C34200000000C34300000000284501
:10697800FA0C6FF908464C726C70C1409A082009ED
:10698800A141C4C6E2C2C34200000000C3430000E4
:106998000000D20C6FF908454C736C767A08200910
:1069A800A140C2C6E4C2C34200000000C3430000C5
:1069B80000002845B60C6FF908464C746C70C1404D
:1069C80056082009A141C4C6E4C2C3420000000021
:1069D800C343000000002845920C6FF908464C7527
:1069E8006C70C14032082009A141C4C6E4C2C34248
:1069F8001300A89BC3431300AC9B28456E0C6FF98A
:106A080008464C766C70C1400E082009A141C4C6E6
:106A1800E4C2C34200000000C34300000000284550
:106A28004A0C6FF9084607DA6C70C140EA0FE008B3
:106A3800A141C4C6F1C0C34200000000C343000026
:106A480000001A0C4FF908DACE0FE0086C74D1C0B8
:106A5800E07EE078E4C2C34200000000C3430000C7
:106A680000002845060C6FF9084609DA6C70C14029
:106A7800A60FE008A141C4C6E2C2C342000000005C
:106A8800C34300000000DE0B6FF908450ADA6C7694
:106A9800860FE008A140C2C6E2C3A1C1CE0BEFFA3F
:106AA800084540C0C34200000000C3430000000086
:106AB8008C7640240530060BEFFAA1400BDA6C7691
:106AC80040240430420FE008A14000C0C2C7E0786B
:106AD800E4C2AD70CB4613000C9C00862186027977
:106AE8000B0952012E0BEFFA22B9A571EF0D349460
:106AF80008E6C3421300AC9BC3431300B09B5E0B74
:106B08004FF90CDA120FE0086C74C4C6F1C0C34226
:106B180000000000C34300000000420B4FF90DDAEB
:106B2800F60EE0086C74D1C0E07EE078F1C0C34294
:106B380000000000C34300000000220B4FF90EDAEA
:106B4800D60EE0086C74D1C0E07EE078F1C0C34294
:106B580000000000C34300000000020B4FF90FDAE9
:106B6800B60EE0086C74D1C0E07EE078E07F0C706F
:106B7800E8C2084594E142012500ED700E71CD7020
:106B8800E1ADE0AD4209AFF5CF78618D408D2F21A1
:106B9800080408BB1470C571657ACF78C522420015
:106BA8002F20402040AD28BADD08748241AD09DEAF
:106BB8000E71E3AD021DC2130E09AFF5CF78638DD8
:106BC800428D2F21080408BB1470C571657ACF78EF
:106BD800C52242002F20402042AD28BADD08B484E7
:106BE80043ADCD700E71E5AD041DC2130208AFF5BB
:106BF800CF78658D448D2F21080408BB1470C571AA
:106C0800657ACF78C52242002F20402044AD28BAAB
:106C1800DD08748245ADE7ADE6AD09DF4A264010D0
:106C2800CE0F6FF5EF78878D468D1470402C0012CB
:106C3800D079E5714578EF7BC52042003B7E06ADF3
:106C480028B8E10BB48407AD1A0F4000120F60009A
:106C580008ADEA0E600009ADC60E60000AADF20884
:106C6800AFF50BAD6E09AFF50CAD1E09AFF50DAD67
:106C78000EADC341F00000010D8914DFC2B80FAD9D
:106C88000989C6B810AD0591C6B811AD0C89C1B84F
:106C980012AD138D2C8900160270F00090016C2043
:106CA800430024B95B784421420044208100052335
:106CB8008000257813ADE140C8C6E078E8C2F02628
:106CC8004D70A000F44D48470846B57066F22F276E
:106CD8003F046F233F00018500AE6085428528B8D8
:106CE80001AE204062AEFE0F2FF843AE828E04AE96
:106CF8005527801F22B8C5B840250315984E4C70FB
:106D080009240B101FF0608320EBD48B8089447119
:106D1800C3BE6C24C010C57800A9888B8420C20328
:106D280004BC8424011C857800A9158BC57C07B890
:106D3800857800A90C93968B02A928B881A903A984
:106D480024744F78C308C4820CE520F0A08521ED97
:106D5800948D60894471C3BC6C23C000857800A9F8
:106D6800688D8420C20304BB8423010C657800A9C4
:106D7800158D857B07B8657800A90C95768D02A9D5
:106D880028B861A903A924744F78C508C4822F269E
:106D98003F0408D9157903F02C703078C8C6E0781C
:106DA800E4C2CB44A00054868084607C4845CD7002
:106DB80009E8008DCD7107E83D582488058821AD84
:106DC80002ADC140C4C6E078EAC208457CB870414B
:106DD80048461D08F50030405525401E0F79C14032
:106DE8000242B7FF001904200C71CAC60F0D7418AF
:106DF8001E4E2C702E09EFFC4C75CB47A000488620
:106E08008287A1400241C142607C224307E8710D9C
:106E1800F0100C71310D1011E9F1250D32140C70C0
:106E2800870D30140241F9E544F2FEE5DFF5208FC5
:106E380003AE02AE01AE0C7420AE3FF0410DD0108F
:106E4800AB0D1191160EC0070845026EC341130021
:106E5800999A8E0AEFEE4C76184EC341A0007C87B3
:106E68007E0AEFEE4C7609ED8025041F1E4E4C7607
:106E78006E0AEFEEA14100110021B6F10D0835258B
:106E88000C7000190520CAC6A20EEFF90C72412831
:106E98000306412802044128010210AE14D873AE3B
:106EA80052AE31AE09F010D8CA0AA000C14205F0AE
:106EB800C14002412FFF310911A098F1E8C2CB4629
:106EC800A0004886648648453040607B0847B6E89D
:106ED800FEE70C7033F40D081020408D40AE03F02F
:106EE800408ECB4513009F9A05EA8C22C38F23F26C
:106EF80006F08A0C6FEEA140408E1AEA21860169DD
:106F080001A6D20A6FEE5A4D008E250894003B5810
:106F1800004320441D4DE141BA0A6FEE0242008E43
:106F28000D08F4005425401AAA0A4FEE048E0D08E5
:106F38001E001A0C6FEE0AD80C71C8C6E2C2390BD3
:106F4800B00028434D0B5000AF0B11008090630C2C
:106F58001316B70CD011C30C10129F0C911221906C
:106F68000C7164690D09340260A253217E804CF2D1
:106F78000AD86DF08090C341A000ACE84F0CD01146
:106F8800530C1012730C9112E20800000C71C2C667
:106F98008090CB45A0005C86430C90164F0C501691
:106FA800570C1116828529EC407C0C71C2C6830CE3
:106FB80010168D0C5016430C911621900C716469B3
:106FC8004509300160A21AD841F0E60B00000C71A7
:106FD800C2C6260C00000C71C2C620850DE92588A2
:106FE8004385607A04880C71C2C6808505EC607C94
:106FF80004880C71C2C6CB44A0006086A08429ED29
:10700800607D6141C2C621900C716469F9093081C3
:1070180060A207D81BF021900C716C698469F8E3B1
:1070280080A205F753217E80EEF308D80FF0219057
:107038000C71646960A268E918D809F021900C7194
:107048006469C509308160A219D82C7170580C7018
:10705800C2C6E078F1C079200000047104A90C715F
:107068006458D1C0E07EE078F8C2084604880D086C
:107078001F000196A10811020B1694105A086FFA06
:107088000A16931004E82D10920003F04E71CB47B6
:10709800A000D0E9CB45A000B0E90C70031FC214D2
:1070A800041F02151CAD181D4511229608169010D4
:1070B8004B210086304113F24129CC205324411042
:1070C8005D09D0006B0990007D095100670A5F20B7
:1070D800C341A000EC4021D84DF02E58104534583B
:1070E80000410240A242335816E8BC4818DAF20FB1
:1070F800AFEEA1400185F0D904796309300491E02D
:10710800E5093108A2E0F7F2A1E0C6212126CF2146
:10711800E120F5F000962C767058D8C6081D811429
:10712800041D8114001D801FA00074400DF03F0A4B
:107138005120081D4114041D4114001D801FA0008A
:10714800544003F001A5498E2E8D00AF5B7AC0B97B
:107158001FAD194E45792EAD44F00A022100567133
:1071680092E00F022000C5212126C341A00008415A
:1071780022D8558DC0DB2F24020409168810061664
:107188000B114424071141290C235320862002A502
:1071980001A520A50421C120442400024424091289
:1071A8006C24CC0026B905208001412985230521BE
:1071B800C10185788422020044254300052141024B
:1071C800457873AD34AD15AD0396101DC412121D6C
:1071D80002121FAD28B800AFFA096000A140194E8D
:1071E800008802AF41290022442117A1D342A00000
:1071F80074861D1D4214011F02141EAD12F2C5B87B
:10720800D3464C3DCDCC1108740163B8483080009A
:107218000030960527091F20D3401200544B08F070
:1072280023093F20CE70D3401200504B4023C02486
:107238006C204000001A002410F0D3401200804B4C
:1072480004F0D34012007C4B9C4E056F6242920EB4
:10725800AFEE001A002410D840275511F670D34716
:107268001200D8580DB50FF240250516A1408241ED
:10727800A24262430A24C005232000040A2680058E
:10728800D8C615097F2040250516A1408241A24293
:1072980062432CF0422351202F2647F41FF2402549
:1072A80018160A2640248A46CF796C718C70A14042
:1072B800A242232000040A25000600121020C677E7
:1072C800A6712F2687F5C571F0F542238120066F38
:1072D8002F7A00245424002215002F210705402569
:1072E80005166C71A140A242232000040A24C0059F
:1072F800D8C6462111264F2111210895528D958D0A
:10730800748D131589108A2301101FAD42AF4128CF
:1073180002029B78366B402BC8000421862F0000A0
:107328001F3FC2BC4421511040AF6C2009014420CA
:1073380002040421C00244200B18457C0526C20221
:107348000CBB8421020045780423830F0F000080C2
:1073580025784029912365780524501205211120AC
:1073680042F146211126CF212121CF21E2200E8D85
:107378000E70001F02141F1D02141D7833F1E078EF
:10738800C341A00084864081004307EA404043820D
:10739800FEEA63A002F060A10C70E07F0C1B010004
:1073A800C340A00078862180E07F0080E4C2CB45FE
:1073B800A0007886C488088D390E0010170E911029
:1073C800220A4FFA21A500A53BD8C3411200245C2C
:1073D80007F01F08B1003BD8C341110064A69A0EFC
:1073E80000000C716B200004E078E078E078C8AD0C
:1073F800C4C6E078EAC22190A468CB47A00078868A
:1074080038608A20832840201101008D8C20038C4D
:1074180048002500C16D288FB509B10000418021C1
:10742800FC02A509750241DA770A6F0082DA7F0A41
:107438006F008A220401910A4E00248E21A7418EF2
:10744800638E208E828E08BA08BB257A0523010335
:1074580010B9457920A73CF07D083000A572A387B4
:1074680007000000A385770D101020852489F909ED
:107478000180088F0B0851003B5821A700A7488DB1
:1074880001855E0CAFEEC1414085A88DB912C000E0
:1074980045083300DD652187008772581CF0408E4F
:1074A800208761870022428009F0218E408E8087E4
:1074B80008B961874579002442904123018021A7BA
:1074C80040A706F0001E0274F0004800860C2FFA50
:1074D8002C701D65370D4494CAC6E2D8001E027090
:1074E800F0004800CAC6E078F1C0A3C1C342A000BA
:1074F8008086408A0AEA048841C12C7493B940C145
:1075080062C00C7180C16458A3C0D1C0E07EE0782D
:10751800E6C242233C8015F2CD70AD70A82040042D
:10752800976D5C642F27FF026F233F00F38C06EFF3
:10753800D3AC0E1C4310D0A42F26FF02A571EA0875
:107548008FF9C6C600161D70A000044709244C1701
:10755800F0261D73A000206CAB251030AA259030B2
:10756800350DFE315025DD31AB2590306724403391
:10757800FC1CC8B7AA250938A7250939FC1C48B737
:10758800AA254938A7254939FC1C48B70A27803F4E
:1075980011003CC86F243F00AA2790304F27DF31E5
:1075A800AB27903004141D34AB25493904141D341D
:1075B800AB25093904141F3467244033AB27103036
:1075C8006F243F00C342A000908639A2E07F18A232
:1075D800F1C086090FFDC340A00008474020020AF9
:1075E800CC4820E0001A800F12001C5E0019800FA2
:1075F8001200C85D0018800F12000262D1C0E07E40
:1076080005EB1522CC00FC1CC09059070FFEE07852
:10761800004206E8108AE7B80C77E07D6501EFFEC6
:107628004040E078EAC200101000084558204E019A
:1076380070B870410A0DEFFC2847C34100801E4016
:107648003671D5212208E4A6041D5010182502140D
:1076580007F42C70041E0110A3A642A60AF0C34129
:10766800A0009086988179814041A1A683A662A650
:1076780020A6CAC60C705470AB205002E07CC340F0
:10768800A000E886E07F40A0EEC24E70CB46A00086
:1076980090868A2190285240A46EAB225022008501
:1076A800402153200CE82086E18580B92B21400435
:1076B8008A0E0FFEE5782B20C00406F02B2240240A
:1076C8002B22C02406710CE62672D70834A20CE5DA
:1076D800CEC6E078EEC2D98808453043C1BE02085C
:1076E8006FFBA1404E700E710AE81F0EB510A14045
:1076F8003558130B25200C712E7040F00C71104179
:107708003CF00D8D03E8E08505F00D1D4310A947F9
:1077180002F01CEFCA0F2FFBE14011E8E140355899
:107728001B08C104558705EA3987607AE140190FBB
:107738006013E140BE0A0FF906F0A60F2FFBE140E7
:1077480002E80E70E087E7F1167015F2A60A2FF925
:10775800A1400B0E90100D1D0310108D14700BF22C
:10776800101D03109E782C704C71A1409158BE7862
:107778004E71792010200C7083E85670B1F51470A2
:10778800CA2042240240CEC6001E0070A000E04776
:107798006A208002AEB8BFB829200080AA20C100A4
:1077A8005120C087BFB8AB20C100E7246233C7406F
:1077B800A000E047641C08B0AA204909981C0030C2
:1077C800AA200909941C0030AA204908901C0030FE
:1077D800AA2009088C1C00300A20000F881C0030E1
:1077E8006A208000841C00306A20C000801C0030A1
:1077F8007C1CC037781C8037741C4037AA20500086
:107808005CC06C1CC036681C8036641C4036601C2A
:1078180000365C1CC035581C8035541C4035501C43
:1078280000354C1CC034481C8034441C4034401C77
:1078380000344FC74EC64DC54CC42C1CC032281C42
:107848008032241C4032201C00321C1CC031181C01
:107858008031141C4031101C003143C342C241C165
:10786800AA204800422000841E0001006A218008E6
:107878004421C1006B2180082220800F1200D039DA
:1078880014702A000100AB20480000160A70A000FE
:10789800AC46001A00172220800F1200EC2A0016AE
:1078A8000A70A000AC4600121C1098141E30AB26BB
:1078B800493994141E30AB26093990141E30AB2672
:1078C80049388C141E30AB26093888141E300A2417
:1078D800807784141E306B26803080141E306B260F
:1078E800C0307C141F3078141E3074141D306C1492
:1078F8001B3068141A3064141930601418305C1482
:1079080017305814163054141530501414304C14C1
:1079180013304814123044141130401410300FC77B
:107928000EC60DC50CC42C140B3028140A302414B0
:107938000930201408301C140730181406301414A9
:1079480005301014043003C302C201C11CC0AB20AF
:1079580050009C1400346F233F006F243F00E078F0
:10796800FC1C08B0AA2048000B0810000C70AB20C3
:10797800480010D8AB20480004140034E07EE20828
:10798800000098141E306B26403398141E30AB2626
:10799800493994141E30AB26093990141E30AB2691
:1079A80049388C141E30AB26093888141E300A2436
:1079B800807784141E306B26803080141E306B262E
:1079C800C0307C141F3078141E3074141D306C14B1
:1079D8001B3068141A3064141930601418305C14A1
:1079E80017305814163054141530501414304C14E1
:1079F80013304814123044141130401410300FC79B
:107A08000EC60DC50CC42C140B3028140A302414CF
:107A18000930201408301C140730181406301414C8
:107A280005301014043003C302C201C11CC0AB20CE
:107A380050009C140030AB201000A0140030AB2084
:107A480090005120C087A41400346F233F000A001F
:107A58000100672440336F243F00E07800160A7065
:107A6800A000AC4600121C10C34000400000AB2030
:107A78005002E07EE2C0AA240A14157C92498A20AA
:107A88009F0F4478412A430135BA4F200D00042343
:107A9800810F0000C0FF5322C0002578A0B401B4B4
:107AA800C2C4E078E8C2CB45A0001C8748462847F6
:107AB8001040C340A00094402ADA260E6FEEA14180
:107AC800DC4DC340A000C040160E6FEE2ADA02401B
:107AD800E1417A0AAFFAC142C8C6E078CB44F00067
:107AE8000001148C17089F01148C13085F010B9474
:107AF8000B081F00148CE4B8E07C148CC341F00020
:107B0800340045DA15A9768C70D890B876A954A9AE
:107B180005A445D82107EFF32C70E078C340F000A6
:107B280000012D880C88C2B924B8C0B84720C0010C
:107B380009204000E07F0471C340F00000012D8857
:107B48000C88C2B924B8C0B84720C0010920410038
:107B580022780471E07F0F78CD010FF5B5010FF59C
:107B6800D9010FF5F1C0EA080FF511087402422097
:107B7800410209095402FFD8D1C0E07EF1C0B20E1B
:107B8800CFF114700C7023F2C341A000E84224899D
:107B98002B09D0002D0950002F09900097E9C34008
:107BA800A000C44500884420000210B85220C00438
:107BB8000020800F0800000009F00C7097B807F04B
:107BC8000C7095B803F00C7096B8D1C0E07EE078E0
:107BD8005588748878D9447904BAC3BB8422010CC7
:107BE80087B9657A35A8E07F54A8E078E2C0648850
:107BF800058824BB0029CC006C714128CD004128A0
:107C0800010106234003C2B947783878057C8F788C
:107C1800C2C4E078EEC3A1C1084614882486F5687A
:107C28003F67288F0386001E0070F0002C011CE9B6
:107C38004087698F01864027111403128B00828ABE
:107C4800442312820A20402403F4001110200D71ED
:107C5800290B3F00AD711D0A302028451D0954012C
:107C6800AD740CF02286001C013000C000A1CEC704
:107C780009093404284510DD2187428640C100C126
:107C88001108312020A22C7023A022A021A020A01E
:107C98004423138104F24A8F22864CA90028021338
:107CA8002F273F036F233F00C341F0004002130B0F
:107CB80051106581657A45A12F263F0306F065813D
:107CC800467B65A12F263F030D0830200241120C88
:107CD8006FEEA142110B31205325011142860C7021
:107CE80090B806F04286C3400100000140C060C160
:107CF80000C02B08302001A2088F230D0510210A8F
:107D080010201B0D35114E253C11B24FA820C00183
:107D1800B8673088B862A57130A8CEC70275001957
:107D28004023CEC7EEC3A3C1084614882486F5684D
:107D38003F67288F0386001E0070F0002C0118E9A9
:107D4800498F0186402711144422138250420A2089
:107D5800402404F400111020290A3F20AD711D0BA6
:107D6800302028451D095401AD740CF02286081CEA
:107D7800013002C000A1CEC709093404284510DD2E
:107D88000D08302002415A0B6FEEA142170ABF209E
:107D9800532501110C7090B8428641C061C101C0E1
:107DA80008F0C34001000001428640C060C100C025
:107DB8002B08302001A2088F230D0510210B10205D
:107DC8001B0D35114E253C1102274213A820C00176
:107DD800B8673088B862A57130A8CEC70275001997
:107DE8004023CEC7F0C208451488248510DFD56823
:107DF8003E66098E20850C16111008169010442036
:107E08005480CA2762100F08BE00104250228020FA
:107E180009AE13093020092713142240C20A6FEE55
:107E28006242150F25140220C024C3411200706756
:107E380008AE27F0148D4086768D04710F79707125
:107E4800228A8D71638ACA202600002C421014AD44
:107E58002F273F036F233F00C340F0004002C34178
:107E680012007867110B51006580467B65A02F26AC
:107E78003F0307F06580657A45A02F263F030D096B
:107E880030200021C02403A6512240A02E701FF2EA
:107E98003D270214792400200520BE8017F20586AC
:107EA8000430408426002C00A1426A0B8FFD147018
:107EB8001A002B004A21C0280385001E0070F0001C
:107EC8002C011F0F25142E7010F00D0F2514A14042
:107ED80095FFD0C6A14050FF178D047717AD468691
:107EE80004EA2786607A2240D0C6E0783906EFFF98
:107EF8002040E078E2C22040284547FF178D0477EC
:107F080017ADC2C6F1C0C8444A26C001F81CC8B1A2
:107F1800420B6FF58147A2C0D1C0E07EF1C0C844D2
:107F28004A26C003F81CC8B12A0B6FF58147A2C0C6
:107F3800D1C0E07EF1C0C8444A26C001F81CC8B1CF
:107F4800420A6FF58147A2C0D1C0E07EF2C3A1C149
:107F58000010150108470A21C0210A2280210A239E
:107F680040210A20002170442F273F006F233F0043
:107F78000DC6168E778E04771D0B0300758E04864A
:107F8800B56B1D652AAD1909FF20E0A5782203000D
:107F980044A50FF06F263F000C70D2C720EA492095
:107FA8001021284D40413A096FEE02426C700CC016
:107FB800081D02140C1D0015181DC0141C1D80146A
:107FC800091D421405A580C0E141820F2FF5A24288
:107FD80000C001A5C14004F80C71D2C76F263F004C
:107FE800DCF1E078E2C20845178884E8A1400AFF7E
:107FF800DE086FF5A1406F263F00C2C6F6C23045C5
:1080080008457758782013008CD81F230F20CB46BB
:10801800A000CC49A1408E0DEFF9DF672F871047EC
:10802800304105E9624020581042EB852A852F2708
:10803800BF056F233F006F263F046240E1423E0CBC
:10804800EFFC30408E710DE8388D6C70A2426240B2
:108058000A240004E145A146265883E88E704C7135
:10806800E241624099582F26BF05410930206240FD
:1080780020583908640462409F200203C84E1E66D7
:108088001D0A64243A602182088605207E800EF24B
:1080980007200004E77905207E8008F2402340226B
:1080A800201E0014E1A28D588240D6C6EAC2F269A9
:1080B800504130405CD9E14268466A0E2FFC0845C1
:1080C8004A240072A2A6FD650C6D2C70C14203A65D
:1080D800A820C002011180241470CA2161003470E4
:1080E800C078011A1200C340A00074872080101EB7
:1080F8000014C0A025A6CAC6EAC200160370A000D4
:10810800FC8648473040CE6BC343A100CC084023CF
:108118000D061041C34213007C9BC141A140E4FFFE
:108128000019802FA0009487C0A700184023CAC652
:10813800EEC2C8470A2100217042484530401D0D53
:10814800300010430AEF40250E0666BD0242A043E8
:10815800C140A141D6FF03F0A84662400241A142B6
:1081680042430A244004C1454E0E6FFEE146CEC686
:10817800EEC2C340A0007487E080504230436A20BA
:108188008002AEB8292000802E7032F04020110401
:10819800630B442462874387604170401309A5003C
:1081A80028462086D3715C5C5C5C246EF8F3002260
:1081B8000D2008DAA140E141260F2FEEC3A70226C1
:1081C800001441280204412801020CAD4EAD2DAD2A
:1081D800248738B80FAD41298303412982011269E8
:1081E8006AAD49AD08ADE58736B92BAD2F204804F7
:1081F800CEEF6A2180028EB929204080CEC6E07871
:10820800EAC20847CD70AD7037F000160170A000C3
:108218004C405A2500161A6100120B01590B7E10AA
:10822800504016400220D1834326019007D83C20B5
:1082380042047F2100003470CA2081009AE80E4071
:1082480040204C8041260390002111A30121C180C8
:108258007C2102227A2100003470CA208100F6E8CD
:108268004F2380100D0BFE100018042002407E588A
:1082780008184024A5710016C070A00050408F0D4A
:108288000290CAC6E4C2E1C4FC1CC8B2FC1C88B295
:10829800FC1C48B2FC1C08B2FC1CC8B1FC1C88B110
:1082A800FC1C48B1FC1C08B1E1C3E1C2E1C1E1C05A
:1082B800FC1C88B76A25C010E1C56A258010E1C595
:1082C800FC1C08BFCB45F000A0010085A0B800A5A4
:1082D8000415021022850285E078FD090180CB464D
:1082E800A0007887008E596138609A58001EC31123
:1082F800008581B800A5A15840D9C340F0002C01E1
:1083080020A062084FFC05E8008580B800A5095840
:10831800C1C50A244073C1C56B258010C1C56B2532
:10832800C01004141E34C1C0C1C1C1C2C1C30414E9
:1083380004340414053404140634041407340414EF
:1083480008340414093404140A3404140B34C1C462
:10835800C4C26F243F00E078EEC281581470A000B8
:10836800210008452F27FF046F233F006F263F0495
:10837800008DE1B842F4CB46F000A0010086A0B819
:10838800001E001022860286E078FD092180304117
:10839800D20F2FFC04161210D340A0007887CB47C9
:1083A800F000200114E802854220C081CA206E0036
:1083B80002A524871F09BF014270402180219A58D5
:1083C8000010802004710018022006F00018C32154
:1083D80004F002A5A1407C58009581B800B540D8AA
:1083E80000A706A7008681B800A604870D089F018C
:1083F800A158008680B800A62F26FF04CEC6E078D4
:1084080005E80018840F0000E50706E90019820F47
:108418000000040005EA001A820F0000100006EBB5
:10842800001B820F00000D000D0C1000001C820FB5
:1084380000001A00B470E07C001D820F00001B00D1
:10844800E07EE078A81000011470E07FCA20610087
:10845800E2C2E6E117F48D7666DD93BCC341A10064
:10846800CC26001E4273F000480080A10519830243
:1084780043B1188864B10A19040104A90C7164583D
:10848800C2C63E0E8FFCC2C6E4C3A7C10846345814
:1084980008452E580042C140A141335808450FE80D
:1084A8002F856079A1402508B50010D84E85607ADF
:1084B800A141250830046FD909F04C7080C022D939
:1084C8006C70404466C607F066D94C706C704044C6
:1084D800A1406C58C4C7E078F1C008B80A27400129
:1084E80098B84A2500025358D1C0E07E0A274001B7
:1084F800ED052FF54A250002F1C000358C0F8042AA
:1085080000000A2780014834461208B82F24881131
:108518000F0C341198B80024861F0000FCFFAC72C1
:108528005358D1C0E07EE078F1C000358C0F80420E
:1085380000000A2780014834461208B82F24881101
:108548000F0C341198B80024861F0000FCFF4A2540
:1085580080025358D1C0E07E0A2780010A264001D4
:108568007D052FF54A25C002F1C000358C0F8042E9
:1085780000000A2780014834461208B82F248811C1
:108588008FB8110C341198B80024861F0000FCFF26
:10859800AC725358D1C0E07EF1C0FC1C88B7E20F22
:1085A8000FFA04141E34D1C0E07EE078F1C0FC1C40
:1085B80088B79A098FED04141E34D1C0E07EE078A4
:1085C800FC1C88B7E1C0E1C1E1C2E1C3FC1C08B1F1
:1085D800FC1C48B1FC1C88B1FC1CC8B1FC1C08B2CE
:1085E800FC1C48B2FC1C88B2FC1CC8B2E1C4F1C037
:1085F800FC1C08BF6A208000E1C06A20C000E1C0FE
:10860800AA20900277B80F780F0850008AE8C34074
:10861800A000EC4004F0C340A0000841CA0F8FFF3F
:10862800C1C06B20C000C1C06B208000C1C00A243B
:108638000070D1C0C1C404140B3404140A340414E7
:1086480009340414083404140734041406340414D4
:10865800053404140434C1C3C1C2C1C1C1C0041467
:108668001E346F243F00E078E8C2E1C4FC1CC8B2A5
:10867800FC1C88B2FC1C48B2FC1C08B2FC1CC8B12B
:10868800FC1C88B1FC1C48B1FC1C08B1E1C3E1C268
:10869800E1C1E1C0FC1C88B76A25C010E1C56A25A4
:1086A8008010E1C5FC1C08BFAA2090024220C10826
:1086B800422040092F7C4C739140110CB5110F7B5F
:1086C800482082208022830FB36ACD71C340A00066
:1086D800744984251F1ECB47F0002001787E1D6554
:1086E8002F273F006F233F00C9A741852085041D20
:1086F8000110001D01102F263F00024045580A872F
:10870800C478D170EEF3C1C50A244073C1C56B2586
:108718008010C1C56B25C01004141E34C1C0C1C16E
:10872800C1C2C1C304140434041405340414063447
:1087380004140734041408340414093404140A34DF
:1087480004140B34C1C4C8C26F243F00F0C20845EA
:10875800C343A000D34DD340A000A04DC340A00008
:10876800E04D8A21870D76DA8E70001B43001718BA
:1087780003200F188300081840202418402040A028
:108788005D581D08850F0000F813C340F000340041
:1087980028D94C7034A8151803006DF089250119E3
:1087A80064D888253E17A278C8D90F7ED749D14109
:1087B800D1770C728A210A0CEA0E2FF9CA21C52337
:1087C80010435D5808455B581042CE0F6FF71640AE
:1087D8000C2200A0C22585141A2551143D278D139B
:1087E8005F25001785290322027002800421912F3A
:1087F800FF01FCFFA20F6FF720E0147820E0327031
:10880800CA210D20A1409E0E2FF9224110413C277C
:108818008F135B5808455C581708350808461FD859
:10882800A0E53C205403CA262510CA2525105F2739
:1088380000170421D124002010205E0F6FF7164086
:10884800150C30204225011809290100092E0210B3
:10885800484909F04226011809290200092D00108B
:1088680020E2DD65104D51483A0E2FF9E140042110
:1088780002204040D0C6E0785020C10700423FB8EF
:108888002109840FB1421872CB441300849B41091B
:10889800840F807F01002C716C7095052000814049
:1088A8004109840FB13E19729909850F853F9215C8
:1088B800C3411300949B1521030008130B000349BF
:1088C80052200100A900200002210C004509810F57
:1088D800807F00001470E120C2070C704100000086
:1088E8000132800F4971CAF28D700330808F803F4A
:1088F800000018000C001509850F803100000132B6
:10890800800F803F0000E07E6D706D0020006C706D
:108918000332808FB142807110000C002C716C7092
:10892800590420000A2000030332808FCFC2B5F11A
:10893800100026002C716C709D0420000A20000392
:10894800F026007013008C9B0032810FB83F3BAAC1
:10895800013100004830CC024834801000308B0FC1
:108968001737D1F70030830F313F80710232C300CF
:108978000233C202003280000030810F31334CBB19
:108988000131810FDDB50EEA003041000131810F60
:108998008A3855B3003041000131810F36BB610B75
:1089A800003041000131810F2A3EABAA003040005F
:1089B80002320000370C301000320100023600701D
:1089C800004000008C24FE9007310000402CC115A7
:1089D800023300100230C00002360070803F0000F1
:1089E80024000B00E07F002040000130800F00C011
:1089F8000000073100000230800002360070803F1E
:108A08000000E07E3860C370003200000030800F44
:108A1800800D0000E07EE078E41C48B341C642C700
:108A28000C1C0034101C403408451B78D37000FF20
:108A3800000024012600141CC037433500904C0068
:108A48002E0086C14A0C20000A204003001602703E
:108A58001000640B0130810F00BF000003308080DC
:108A680048002C00181411300030820F003F00001D
:108A78000131800F00BF00000132810F003F00006C
:108A88004500200007304F005025FE97C3401300D3
:108A9800A49B2C716C7090002200A142DE0A000099
:108AA8009D0020005220CD070031800F003F0000BC
:108AB800422151200130800F003F0000181C403433
:108AC80007310F000037CD13D340A00084874C71C5
:108AD8000A204003FE0820000241084640200121E8
:108AE8004A228000EE0820000A20400307360010C2
:108AF80000350010003700104509302001370D10EF
:108B080048318120001600701000780B0031820F68
:108B18005EB98380003100000135811021002000FA
:108B280001310D000A0B0000960A2FF60845008057
:108B3800C34180FF0000A1E0CA254110A1401414E0
:108B48001F30101411300C14103002C701C6E07F1A
:108B58001C140D34620B2000A140E50830802C71F4
:108B6800C3401300A49B6C70120A2000A142D107D5
:108B7800EFFF0845E81C48B341C642C70C1C003447
:108B8800101C4034141CC037304010412182008230
:108B98006846290BB20048474A2540100A2240047B
:108BA800520B200002434287DE0F20006387A57125
:108BB800ED0DA29340270F1214141F30101411301A
:108BC8000C14103002C701C6E07F18140D34E07889
:108BD80048432042350B7010081201042D09810FFB
:108BE800803F0000FC1201803D0BF21001310100B2
:108BF8004A23800004120C04003101006471F90B4F
:108C0800E2820131010310F01D0BB2108D716C6A04
:108C1800041302040031010040244C10F50CE292C8
:108C280001318100E07F2040D01C48B341C642C7D3
:108C38000C1CC037E846C84544C084C045C147C37A
:108C480046C2241C4031201C00314BC6920A200029
:108C58004AC506E80BC6110020000AC562092FF6AE
:108C68000DC7E0A0A140C1410C141F3002C701C6C6
:108C7800E07F30140D34E078D41C48B341C6081C9A
:108C8800C037CB46F07F000044C083C00C1CC13005
:108C980046C345C2201C40311C1C0031281C8033AF
:108CA8003E0A2000241C013011083000AD700AC6AD
:108CB8001100200024140D3006090FF622D920A037
:108CC800A140C14108141F3001C6E07F2C140D34A7
:108CD800D81C48B3041CC03743C082C0081C0131EB
:108CE80045C344C21C1C4031181C0031241C0130EF
:108CF800EE092000201C013011083000AD7009C1B8
:108D08001500200020140D30B6080FF622D920A037
:108D18004A210000A14004141F30E07F28140D34BC
:108D2800D41C48B341C6081CC037CB46F87F0000A6
:108D380044C083C00C1C413046C345C2201C40318E
:108D48001C1C0031281C803396092000241C01308B
:108D580011083000AD700AC61100200024140D302F
:108D68005E080FF621D920A0A140C14108141F3088
:108D780001C6E07F2C140D34D81C48B3041CC0373E
:108D880043C040400A25C010360D6000081CC130A1
:108D980044C0A1402A0D600045C146C082C047C1F9
:108DA800241C803FF07F000036092000201C013081
:108DB80006E808C07A0D600009C108F002080FF63D
:108DC80022D920A0FFD817B804141F30E07F281438
:108DD8000D34E078D81C48B3041CC03743C0404069
:108DE8000A25C010DA0C6000081C013144C0A140FB
:108DF800CE0C600045C146C082C047C1241C01306A
:108E0800DE082000201C013006E808C0220D6000A2
:108E180009C108F0AA0FCFF522D920A04A200000E6
:108E280004141F30E07F28140D34E078D81C48B3B0
:108E3800041CC03743C040400A25C010820C6000A3
:108E4800081C413044C0A140760C600045C146C0B2
:108E580082C047C1241C803FF87F000082082000A0
:108E6800201C013006E808C0C60C600009C10AF0E1
:108E78004E0FCFF521D920A00A20800FC07F000017
:108E880004141F30E07F28140D34E0785020FE874A
:108E980000190100E07C4128C2050420800F7F8072
:108EA800FFFF4F7A0520800F003F00008022BE00A0
:108EB800E07F40A1FFD917B90420420030722C701E
:108EC80004F4D6B878200100E07F2040C341A00018
:108ED8009087408100A1E07F4040E078C341A00036
:108EE8009087208102E90079E07F0C70E07F0C70A8
:108EF800CB44E0FF0000142444101424C510B5BC72
:108F08000C240083E00006000C250083D80006002E
:108F1800412C4405412D45050025050182258F0F6B
:108F28008C25DF8EC00026000721CC804025470015
:108F380094B9D4B994BBCF27E402402BC302412A89
:108F48004505402AC282052343011D2084001C20B8
:108F58008C009470CF27E2071D20C4001C20C50098
:108F680000240C91412500001D2184001C2185004E
:108F780000240C91012040811D21C4001C21C50042
:108F880041260170000000000020008101214101FC
:108F980019093F0500240C9342274700012000804F
:108FA8000121410000240C93402F0405412FC707DD
:108FB80008000500E07F8071C524C1914420450068
:108FC800C5256200002040814121010015095E0588
:108FD8000024840F100000002F2142802F2004005D
:108FE800E07F80712F25C0804126047000000000BA
:108FF800CC222180600321002F214090C7246500E6
:10900800CC2021802C030100412946950621810F9F
:10901800F0FF0000C521820F100000005A00220056
:10902800004034700C0001001B0020002F2A411062
:1090380014704A22C0170E0004002F2A0110402283
:109048000A1842228A1202268602C47102268BF26C
:10905800000020000128CB021200090042220B1850
:109068000028C102130020000C700028800200298B
:109078008A0205238112412D47850623880FF0FFB8
:109088000000C520821F100000005C002200404242
:1090980015700E0001001D0020002F2A01125470C7
:1090A8004A22C0170C0004002F2A811040220A18F7
:1090B80042228A1202278702E47102268BF20000FC
:1090C8002000012ACB021400090042220B18002AB2
:1090D800C802150020004C70002A820200288A125B
:1090E800052388128C26DF8FF20101008C27DF8F81
:1090F8001C0221000026C6011D208A001C208B00AE
:109108008226CF0F1D2187001C218C000023CB91C4
:10911800412402101D2007021C200C020023CB91C1
:10912800012202031D2107021C210C020022C28118
:109138004124091040290113412A03056579402A71
:109148000703402A0003412B03156578402B0C13B5
:109158005570C524A210D4701E000C000421BE8FC7
:109168002000000012000100C4712F2142802F202E
:1091780004802F240413957036000A000424BE9F2F
:10918800FF7FFFFF0C00020044207E8022000100C8
:1091980040204080412101000421BE8F20000000B2
:1091A8000E000100C4712F2142802F2004008C265C
:1091B800DF8F0E010A00D4701A000C000621810FFF
:1091C80010000000402E020545792F220301457941
:1091D800E07E8C26FF82FA000B0002268A710000CE
:1091E800000042224A904A26007088000B008C003A
:1091F80001004C2200984A2600702A000B004222E7
:109208000A1805240C906D7710000200002B8B12B1
:109218008723FF1F0421CC02012980025D00200062
:109228002C7095706D771E0002004C220098C223A6
:10923800CA120A000A00002B8B128723FF1F042082
:10924800CC0202268BF2000020000029CB02140079
:10925800090040220B180129C002150020002C70BB
:1092680001288002012981020520C0020D000000AA
:109278002F2000802F214B004420BE804A260070FA
:109288001C00010044204A0105223E934A26007032
:109298000C00010040208080412101002F214280E4
:1092A8002F2004002F2142802F200400022686014F
:1092B8000421BE8F10000000C026620080F18A26BB
:1092C800DF0FC34110000000F506EFFF0C70022607
:1092D80086012C70E906EFFF0C70D37110000000B6
:1092E800CC2021802F210301C521820FF87F0000A7
:1092F800C07870F58C27DF8F140001002F2103013F
:109308000521810FF07F00000C7064F10C20809F14
:1093180010000000CC2221802F210301C521820FDB
:10932800F87F0000C521810FF07F00000C7052F11A
:109338000C25808FE0FF00004A2600702A000600F6
:109348004A2600700C702C709470C521820F008022
:10935800000040F1C72465000C21809FE0FF000059
:10936800B2F74A260070C341F87F00000C7032F152
:109378000721810F008000000D0000000723830FE4
:1093880000800000002144000023C5000C24408117
:10939800CC208180100006000844404081422844C7
:1093A800604181438A24DF1F402C4C15142444104B
:1093B8001424C510402C8C100C240083CC25058364
:1093C800C601060041290405412B05050224460172
:1093D800532686020721C7004029C10241284C05AF
:1093E80085794028C002402BC302412A4C05857B61
:1093F800402AC2029FBB4E260C881C002D00012A61
:1094080085018C260180012B8501CA2526001700BD
:1094180020008D70D470002B0C03C5250203012B8E
:109428008C01412FC787620022009FB90025058063
:1094380001244C9010002600C22466002F240493B7
:109448002F254401412DC082402C41152578412CFF
:10945800C112402C0405E120C60780714C26008803
:10946800CA238500CA22250013238301052383808C
:10947800D3256182D1202180CA2762000020C081C3
:10948800E07F412101000E25058003210C83520055
:1094980023000C70412DC082402C41152578412CA9
:1094A800C11242244400402C0405E120C607807103
:1094B8004C260088CA238500CA222500132383016D
:1094C80005238380CA27220004270780D3256182C9
:1094D800CA2762000020C081E07F41210100CC251D
:1094E8002180E120C1072C702F2801039FE0140080
:1094F800250004712F284181CA202408C020630850
:109508004E20018818002D00002C0C10C0E0002D02
:109518000C00CA24261017002000AC701470012D0E
:109528004100C5244210002D0500532481020E205D
:1095380040800424840F0000000812002200C0208C
:1095480061002F2402932F2544014C07E6FFC52410
:1095580006004E2040004E2001881A002D00012DE3
:109568000500C0E0012C0510CA25260015002000C2
:109578008D701470002C4110C5254200012C0C1070
:109588001507EFFF84712F224090412604700000D8
:109598000000900201002F23C090412605700000B2
:1095A8000000AA0201000C238092CC220180CC2169
:1095B800C180084214000E004040414228426041E8
:1095C80041438842A04441452F264000412E46850C
:1095D8000621810FF0FF0000C521820F1000000056
:1095E8005A002200004034700C0001001B002000CB
:1095F8002F2A411014704A22C0170E0004002F2A87
:10960800011040220A1842228A1202268602C471D8
:1096180002268BF2000020000128CB02120009006C
:1096280042220B180028C102130020000C700028E9
:10963800800200298A02052381122F27C000412FAA
:1096480047850623880FF0FF0000C520821F100001
:1096580000005C002200404215700E0001001D0051
:1096680020002F2A011254704A22C0170C0004004F
:109678002F2A811040220A1842228A1202278702C2
:10968800E47102268BF200002000012ACB021400AC
:10969800090042220B18002AC802150020004C704D
:1096A800002A820200288A12052388128C26DF8F5E
:1096B8004A260070A60301008C27DF8F4A26007017
:1096C800F40321000226CB014C23809D022149127C
:1096D8003A01090042238A904A2600708A00010054
:1096E800240009002F2280802F200B1240224A904C
:1096F8004A260070720001002F2280806B00200033
:109708002F200B124C2200986D7028002B0042224B
:109718000A180A2180901200020002268B720000AB
:1097280020000028C912012882123F0020000D7075
:1097380002268B7200002000002AC90202268BF242
:10974800000020000028CB121200090040220B184C
:109758000128C212130020000D70012A820201287C
:1097680088120522C2022F2000802F214B002F20B3
:1097780000802F214B000C2440814A260070E00114
:10978800020000208080012101020421BE8F800098
:1097980000004A26007014000100C4712F21428085
:1097A8002F200480C52165104420BE804A26007001
:1097B800340021003570CB2061814A2600702800D2
:1097C800010040208080C02165000421BE8F8000F8
:1097D80000004A260070100001002F2142802F202F
:1097E8000400C4712F2142802F2004002F214280C1
:1097F8002F200400D4704A26007066000C008C26C6
:10980800DF8F4A2600703E010A000621810F1000F2
:109818000000402E020545792F2203014579E07E9C
:1098280014704A2600707205C2FFD37300800000CE
:109838004A2600707C711200020054704A2600709B
:109848007C71CA2141004040E07E54704A26007075
:109858005605C2FF4A260070E07E4A26007002269E
:109868008A710000000042224A904A26007088004F
:109878000B008C0001004C2200984A2600702A0038
:109888000B0042220A18052109906D77100002008A
:10989800002B8B128723FF1F0421C9020129800294
:1098A8005D0020002C7035706D771E0002004C2280
:1098B8000098C223CA120A000A00002B8B128723C1
:1098C800FF1F0420C90202268BF200002000002995
:1098D800CB021400090040220B180129C002150010
:1098E80020002C7001288002012981020520C00275
:1098F8000D0000002F2000802F214B004420BE8047
:109908004A2600701C00010044204A0105227E926C
:109918004A2600700C00010040208080412101008F
:109928002F2142802F2004002F2142802F20040065
:10993800022686010421BE8F10000000C0266200A6
:1099480065F18A26DF0FC341100000000C705FF13B
:10995800022686012C70B706EFFF0C70022080806B
:10996800032101020421BE8F400000004A26007036
:10997800200002002F2000802F214B0042264600A5
:109988000421BE8F400000004A26007052000100EA
:109998004420BE804A2600704600210044207E8074
:1099A8004A2600701A00020035704A2600703200FC
:1099B800020044203E814A26007026000100402013
:1099C8008080412101000421BE8F80000000C02654
:1099D80062000E0001002F2142802F2004002F2159
:1099E80042802F2004002F2142802F200400D371B1
:1099F800100000004A260070FC05CAFF34700E00F3
:109A080001002F2A41001B000000147008000C0000
:109A18002F2A0100C02229089CF3CA22EB076ABA40
:109A280002268BF0000020000128CB02120009005A
:109A380042220B080028C102130020000C700029E4
:109A480081000521C10200288000022686804A265E
:109A580000700E06CCFFB705CFFFD37110000000D1
:109A6800CC2021802F21030102781000010005215C
:109A7800810FF87F0000E07E8C27DF8F4A26007078
:109A8800280002000C20809F10000000CC222180BA
:109A98004A2600700A0001002F214301E9F10C2435
:109AA80040814A260070E5F50521810FF07F00000E
:109AB8000C70E07E60414040E07EE0782F2300801B
:109AC800CA210100E120C107C2200100412BC200C8
:109AD800C372007000002F218400412B0C0661BC6A
:109AE8008C24839FE120C507402B0007C521810FE7
:109AF800007F0000E120C107412A42052F2CC190B8
:109B0800C2240413C02463108571002B030369BCAD
:109B1800827A402A42052F2140802F218400412B40
:109B28000C038579E07F402B0005E0782F244090D6
:109B38000224831F00700000402BC2002F228400E3
:109B48000223830F20000000D373C01F00004028A9
:109B58000301200026004128408745784420410021
:109B68000521C180E07FC1202200E07F6C218007B1
:109B78002F23C4004578412C4C1582240D9AB7F642
:109B880042240C965320810522002C002F200080AF
:109B98000521C1802F20840F80FF0000D020A1055F
:109BA8008C24D19FE07FD020A2054E24021097B9C3
:109BB800012980002F200480E120C6074E22CC070F
:109BC800132101030521C180D1202180E07FC0201D
:109BD8006200E078E2C248310100084507364C705F
:109BE8004847000009902C704830000000340010ED
:109BF8000030800F833A6F1203304080C6F6013080
:109C0800800F003F000006F00130800F00BF000009
:109C18004830C002708D107A0AD98BE2CA2105003B
:109C280048330000307A003401104822C0000CB5D7
:109C38000031800F833A6F12DA0ACFF72C700330A5
:109C48004080C7F60130800F003F000005F001306A
:109C5800800F00BF00004830C00248308000483004
:109C6800C00205A5C2C6E078EAC382240D3450417B
:109C7800084794C08A220C00660C6FED28450087BF
:109C8800402483304024043254248539402406314A
:109C98004024C730A14122427208AFF4021C43326B
:109CA80002C5DF0D31105627101D03148E302C709D
:109CB8000C70CF083100284502148130CF78C309D1
:109CC80024000477A70855022520000009F014F0A5
:109CD80019F01FF025F02FF037F03DF041F094C057
:109CE80081C1520B6FF883C283C140DAF20B6FED6A
:109CF80002403DF094C07208EFF881C1781F181037
:109D080035F094C06E0DAFF081C101A72FF094C05B
:109D18005608EFF881C10030000004A727F094C06E
:109D28004608EFF881C100300100891F181025A7E7
:109D38001DF094C03208EFF881C1003001008A1F7D
:109D4800181026A713F094C01E08EFF881C107A7C2
:109D58000DF094C01A0FAFF781C110B707F094C087
:109D68000608EFF881C18B1F181001C08A213E0632
:109D780032704207EDFF0C71C571A1419AF1A14003
:109D8800CAC7E078ECC3A7C10A210021704050423D
:109D980028460845320B200055208F0922854E0A97
:109DA800EFFB03854A24C0704168142001000C7041
:109DB8000C1D8010A8200002024E152543100471C6
:109DC80024714BA38E0C2000A14000190020A14053
:109DD800AE0D2000C1410041A140E20D20003041FC
:109DE8000041A140520C20002242CD70001882236D
:109DF80038E821870287408744C145C05625801A24
:109E080083C146C6B20B2FEF43C200184320BC17CC
:109E18000110B8170210C01700104A24C07041C1C1
:109E280080C140C242C0A8208005008103308083E1
:109E3800C6F60130800F003F000006F00130800FA9
:109E480000BF00004830C0024830800004191000EC
:109E580000C201C102C043A724A705A700108E2095
:109E6800A140C1412242E20A20005525501A4A2445
:109E7800C0700A208004A820C0010410012404181E
:109E88005000188F483000000C1A0020CCC7E0782A
:109E9800E07EE078E8C3B2C1084600806044402410
:109EA800C330402405314024863048472845BA0E3F
:109EB8006FF4031C4332021480305626101D44F000
:109EC8007B0855022520000009F015F016F01DF05A
:109ED8001FF022F023F025F02AF082C040DA020AAF
:109EE8006FED024182C081C3A14166096FF8E1426A
:109EF80025F0781600161EF0018681C3A141920B49
:109F0800AFF0E1421BF004862F30000012F08916F2
:109F1800001610F08A1600160CF007860AF0109644
:109F280081C3A1415E0DAFF7E14209F08B1600161F
:109F380081C3A1414E0EAFF8E14202148030047192
:109F4800021C0230031481300F78790925800477C8
:109F580001C04128010200AD21ADC8C7E8C3A1C1B5
:109F6800504028462C7010DA60408847B60F2FFB07
:109F78006845D570CD7019F44A240071C3401300A8
:109F8800487580C1A82000020410020438208220ED
:109F980001199200C20AAFF680C007E8CD72001D11
:109FA8004310011D0311C0A7C8C7E078F2C3B2C1AE
:109FB8001045008060444024C330402405314024CB
:109FC800863048453044A20D6FF4031CC332021496
:109FD800803056250E2B55250F2D552591295525B1
:109FE800D2285525532A4025102B54F09B08D5021A
:109FF800252000000BF00EF018F01AF020F023F0E6
:10A0080028F02BF030F037F038F081C362401DF0B3
:10A0180082C040DACA086FEDC14182C081C3824163
:10A028002E086FF8A14231F0BE402AF0B01580200A
:10A0380081C382413A0F2FF6A14227F081C34240E3
:10A0480003F081C322408241A60FAFF8A1421DF060
:10A058002815002014F081C3024082415E0EEFF8FB
:10A06800A14213F081C3E1408241BE0EEFF9A14243
:10A078000BF0CC15002004F05315002681C3824153
:10A088000E0AAFF0A142021480300471021C0230A3
:10A09800031481300F7859092580047701C04128BD
:10A0A8000102001C0220011C4220D2C7E2C208455E
:10A0B8000C70660C2006A1417E096004A140C2C64E
:10A0C80075014004E8C3B4C11040B11080005520A8
:10A0D8004D2A38E82C8DC3401300DC751509F000B3
:10A0E800B11803200D09B00010E01B09500014F04E
:10A0F800960D2FF884C15620002B84C1E20F2FED56
:10A1080040DA218540850285B01D4010AC1D8010C5
:10A11800B41D00105620012B84C040DAC20F2FED69
:10A1280084C54A24007180C0A82080011415011438
:10A13800041850005520402B80C1A60F2FED10DACF
:10A14800C8C7E078E4C3A7C1E90930000845E50AB3
:10A1580031004A24C0702C70A820800315254010B7
:10A16800A4100C009810030084C2357A023300034F
:10A17800247100A266096FFB84C0B01581103709ED
:10A1880094003221820F1300D7750130810FFAC471
:10A1980000004A7A003041000131810F74490024DF
:10A1A8004832800003310080C5F6AA096004A14046
:10A1B800C4C75625001B80C16208E00480C64A2433
:10A1C80000715525411B2040A820C002608004165C
:10A1D800021403338080CA22C5000418900080C08E
:10A1E800FE0E2FED4A2200044A24C07000C081C12F
:10A1F800A82000020411020403320080CA2089004A
:10A208000330808FC9369C5344F7B01DC310C4C7B0
:10A218000330808F3837A48C44F7B01D8310C4C72F
:10A228000330808FD338F6CF6F200B00B01D02109B
:10A23800C4C7E078F1C000430C7009E987EA5523E8
:10A24800400C9A0EEFEE55238109D1C0E07EE078EC
:10A25800EEC3ACC1084742870C802B874832880080
:10A2680044C043C1096A2D8748308B005041330AE6
:10A27800B20045C14027021E2C724A24C07083C018
:10A288000A238000A8204002A08004130C04013493
:10A298004C130418100332710CE22471AFF64A24EF
:10A2A800C0700736D272803F00000C700736087203
:10A2B800803F000040240B33A820400415230310DE
:10A2C800A083152702104B820030411389C4023243
:10A2D8004200157C047120A340A489C080C1DA0A19
:10A2E8006FFB80C55B09B22040270E1E0E724A2400
:10A2F800C07083C1C14289C0A820800204110C0427
:10A3080004120304023303030418D00089C086C171
:10A31800A60A6FFB402413364A24C07080C0A820C8
:10A32800C002001002000413012401318100041846
:10A3380050000C2040A40CE6B607EBFF06714A2437
:10A34800C070A8200002008500320020041D1010F3
:10A3580001C400C502C100C081C34A220000901F89
:10A3680000138C1F4013941F401004130104447100
:10A37800FB0AB28001304000CEC7E078E2C3A3C137
:10A388002042084580C1320A6FFB404000C381C1AA
:10A398004A200000041102040471FD08B280013350
:10A3A80083000585033300800C7147F72685033346
:10A3B8004080C3F60C70C2C7E6C3AAC1C4804A2451
:10A3C800C07008455520C20828470C70A8204003D3
:10A3D80004120C04402441391B6103348093047136
:10A3E8006F210B0020AB4E0AAFF540244039A30F74
:10A3F80011109F0830000C702A85498561695071D9
:10A408004041CA21CB008F09A2002AA55C4D83C117
:10A41800AE0F6FF683C602854A24C07048308100AB
:10A42800A820C001008607304000041E10104A24EE
:10A43800C0704C70A82080031525801083C1434943
:10A4480098100C0086C1557902330003447100A1AD
:10A4580086C0F20D6FF680C100C001C102C34785F6
:10A46800013040000032810F404000000130C00040
:10A47800033100800C704FF703C304C205C10C718F
:10A488009C1D8010981DC010A01D4010C6C70C70E0
:10A498000AA5C6C7E07EE078FAC382241131504588
:10A4A80008460024803F000044018A220C00320C38
:10A4B8002FED28450086402483374024043956244C
:10A4C800053A402406384024C737A141A2423E0835
:10A4D8006FF41E1CC332241412305670D5F41F14A6
:10A4E80091305626961A55264D1A5626171B55266C
:10A4F800D018552693195526191D4026181B4E703D
:10A50800D3447A4400000C7003F08A223E2614706B
:10A51800BBF41E1481302F20470430706A012D00CF
:10A5280004778AE054010D00252000000BF027F085
:10A5380033F03CF044F056F066F06FF07DF08BF0AD
:10A5480093F00024803F0000440188C1860AAFF8D8
:10A5580080C200C201C102C000C701C402C344C115
:10A5680043C245C083C110DAC240181C003581A51A
:10A57800E0A56E0B2FED62A580F00024803F00005F
:10A58800440188C1AE0A2FF88AC28AC140DA520B48
:10A598002FEDE24072F00024803F00004401D60C09
:10A5A8006FF088C103A66AF00024803F00004401D0
:10A5B800B2092FF688C1B01E021060F00024803F57
:10A5C8000000440188C10E0AAFF880C201C100C270
:10A5D80002C00418402000188020081800204EF0FF
:10A5E8000024803F0000440188C1EA09AFF880C216
:10A5F80001C100C202C0041B4020001B8020081BB0
:10A6080000203CF00024803F00004401660C6FF0FD
:10A6180088C10AA632F00024803F0000440188C1A6
:10A628007E08EFF85524023E5524013E60DAB20A4E
:10A638002FED034022F00024803F0000440188C130
:10A64800CA08EFF99AC29AC178DA960A2FED234020
:10A6580014F00024803F000044011A0C6FF088C1F8
:10A66800CC1E00100AF00024803F00004401060CB4
:10A678006FF088C1531E181008C0B2708E06EDFF27
:10A688000C71267141F14240DAC7E0784831010087
:10A698008D7007364B704847000021804831810093
:10A6A800003341100031810F833A6F120331008368
:10A6B800C6F60131810F003F000006F00131810F1D
:10A6C80000BF000050904831C10248318300483231
:10A6D8000100003341104833C2020031810F833A30
:10A6E8006F1249220202482202010331008342A06C
:10A6F800C6F60131810F003F000006F00131810FDD
:10A7080000BF00004831C102483181004831C10210
:10A718004921410648210101E07F29A0F4C3822490
:10A72800023A5046084655200D085524803910DA5B
:10A738000A2480210A2540210A2300217042284743
:10A748009E092FED552490394A24C0700A21800FA4
:10A75800FA4400004F21C307A820000404170C1472
:10A768002040604203344090CA2005030330C08073
:10A77800CA220900041890202C7047C094C018DA27
:10A78800001C4220001B402028479A0FEFFA001DAA
:10A7980040204A24C070552480398BC151C7A82055
:10A7A800C002041002040032820F203C12AC0419CB
:10A7B800900010853C158110341411300471052166
:10A7C800810410A5792100000CC72C1410303C1D01
:10A7D8000210720CAFEE8BC04A24C0704024083BB4
:10A7E8008BC147C0A820C0014081003082000419F5
:10A7F80090000037C2138E85003000244A24C070B0
:10A80800013080004686003141246D7001304000DF
:10A8180027862F320020088602360373803F000007
:10A8280081C743C00C7042C141C247C3A820C003BE
:10A83800014FF02002100033490000348110152622
:10A84800021001314102047126A22786468620168D
:10A8580000104A24C0701C1CC03242C141C243C00F
:10A86800A8208002041701140410001400304000CE
:10A8780001330B102786E686878646860886688613
:10A888004A24C07045C12C7042C441C744C246C066
:10A898008BC484C784C28BC028401C1CC03243C3ED
:10A8A800A8208002041209040410030400334302A0
:10A8B8000130C8106686478608864A24C0700E7024
:10A8C8004AC145C244C346C0A820C00481C022482A
:10A8D800234F204C0033821024710030C310023003
:10A8E800C300023080000030C000013010202E70FC
:10A8F800033040A4281C003483F72F3000245F86DF
:10A90800208501859E86618649C250C04FC188C096
:10A918008FC14024043E4024053A4242360D6FF868
:10A9280048C4648545852685078528140B30E2854B
:10A93800838543C345C144C246C04026031281C033
:10A9480084C154248439402405384242041EC0126C
:10A9580042C452096FF641C76A854B852C850D851F
:10A968002014083024140B30E885898543C345C179
:10A9780044C246C04026031481C084C1542404390B
:10A988004024053842420C1EC012081E001242C460
:10A9980012096FF641C708C209C10B864A24C07064
:10A9A8008D716D7225A644A63C2401103C2302102B
:10A9B8004026031C011C0233021C4230031C823057
:10A9C800A820000440244830332040142671483021
:10A9D8008B0000830030CB220130C002181B10000E
:10A9E80013C04A24C0702D7000300B005426001884
:10A9F800011C0233021C4230031C8230A820400391
:10AA08000110C31448338C00608000330C130133E9
:10AA180003031818D0004A24C07012C0011C433028
:10AA2800021C423000300B004026001F031C8230FD
:10AA3800A8200004402446303326430225714833B9
:10AA48008C00608000330C13013303031818D00006
:10AA58000EC34A24C070784E0033C9004A20001043
:10AA6800011C4330021C4230031C8230A8204003E2
:10AA78000116CC0448348B1080800031CB1201348D
:10AA8800CC121818100390850A86031C82306D7149
:10AA9800023202204A24C0703C23001300328C008A
:10AAA800021C423054268118011C0230A8200004E0
:10AAB8004024403033200002057148308200008174
:10AAC8000034821001308000181910008AC0D208A2
:10AAD8006FF64AC3098647C0C6086FF687C007C322
:10AAE8000AC22C16101040150B100C710232C2004D
:10AAF8004A24C0703C2001040D723C20CF023C2047
:10AB08000014021C423040260C1DBFBA4A21000026
:10AB1800011CC233031C0230A8200004402440302A
:10AB28003320400024714830830000840032C30081
:10AB38000130C000181C101048330010C3414842AF
:10AB48000000D20B6FF847C05020FE8755F4402014
:10AB58004020A30834010BA60E084FF61908F5008B
:10AB68002C7003B80420800FFF00F8FF012E01703D
:10AB78000C0012062F7815260F1018E755240038F8
:10AB880018DAE1415A0DEFEC552410384A24807147
:10AB98009AC0A820C002041001240031810FDA3BBA
:10ABA8000E74041850009AC094C1EA08EFED5424BA
:10ABB800103A3C15801014704A2000000FF24A2405
:10ABC8008071A82000033320810F1300FC750471E5
:10ABD800483181000418502002F059C094C191C333
:10ABE800C1401A096FEE62422C7018DA360BEFFA80
:10ABF800E140BC1E03100EC16640281E8014CE081A
:10AC08006FF729A627E880D8001C022011C0F0158C
:10AC180002102C704830800047C20030800F744901
:10AC280000240730800003304080C7F60130800FD1
:10AC3800003F000005F00130800F00BF00004830E1
:10AC4800C002483080004830C002C270001D002099
:10AC5800D4C70014C020B9081280D4C7E4C247D9A9
:10AC68000845C342A3420BD718B9351803020C7024
:10AC7800CB46DC44304ECB443B4AC1BFC343D33EF2
:10AC880098DD4BA52CA5201D0210341D02102C7038
:10AC980018DAA140C6A587A58A0AEFFA6AA5A140D5
:10ACA800C4C6E078EAC3A7C14A24C0700846684110
:10ACB800484528400C7084C4A820C002024EF020E9
:10ACC80001101524031004710231810020A32416F9
:10ACD80002104A24C0704024063181C0A820000216
:10ACE8000414011400324100041850004A24C070B2
:10ACF80081C2C140A82040026080041201040131D1
:10AD0800C1000418500024160B104A24C0704A20B1
:10AD1800000084C7A820C00315260200034F8082C4
:10AD28001526011023810034C31004710131C100BC
:10AD380020A24A24C0701C4E0236C372803F000015
:10AD480081C11041A82000020411020400338200CE
:10AD5800041890004A24C0700A204004A8208001EA
:10AD6800041001040419501084C10140D60C2FF6B8
:10AD780084C78C864A24C0704A200000A82080031B
:10AD880004170314402442302C70033300831A62E2
:10AD98000471CA21690020AA1E0A6FF540244030B8
:10ADA800E7864A24C07010400C702242A820800315
:10ADB80004120C04402443302C700334C0931B63EA
:10ADC8000471CA216A0020ABEE096FF540244030B7
:10ADD80086864A24C07008474A200000A8208003BD
:10ADE80004110324402442302C70033300831A6278
:10ADF8000471CA21690020AABE096FF540244030B9
:10AE080004E8341E03100FF0341680103516811034
:10AE180004710F7A0B098500341E421003F0341EAA
:10AE2800021084C1C14079270F101A0C2FF6402454
:10AE380011348B864A24C0704A200000A820800361
:10AE480004110324402442302C70033300831A6217
:10AE58000471CA21690020AA5E096FF540244030B8
:10AE68008AE87920002088E8351681103416801089
:10AE78000708450082BF8427431F1670CF2762103A
:10AE8800E0AD201680101108C003201EC213008DEB
:10AE980087B800ADCAC7E0782C7018DA20184200CD
:10AEA8008100EFFA34184200C340A00010860080E9
:10AEB8002C704C702106EFFC6C70E078E2C2CB4538
:10AEC800A000EC852185C340A000AC6D00802477EC
:10AED800360B2FFD21A5001D0310C2C6F1C0A1C16C
:10AEE80040C0C340A000F485008080C14C778E0C20
:10AEF800EFFC6C708774D1C0E07EE078E4C2CB458B
:10AF0800A00024C708460CD81CD98C705825C31932
:10AF1800460CEFFCA142C341A000F48500A15625D0
:10AF2800851A5725861AC34012005C98C34113003E
:10AF3800609A8A2218008A244200FA09AFFEC143A7
:10AF4800C341A000AC6D00A1C4C6E078E4C3A1C1B0
:10AF58002C770C7080C2D60A2FFD2043CD701CE8D8
:10AF68000A25801FA000108600852C704C770E0CD7
:10AF7800EFFC6C707AE8C341A000EC850089CD70C5
:10AF880004E8C0A900C608F000852C704C704A0D72
:10AF9800EFFC6C70C140C4C7F1C0A1C12C770C7024
:10AFA80080C28A0A2FFD204300C11470CA212100E3
:10AFB8008774D1C0E07F20405021CC070221038351
:10AFC800150C2310432201800023838F008000008A
:10AFD8008121FF8FE07F6578E2C3A1C1720FCFFFA7
:10AFE8007EE8B4D9C340F0004B00C342A000ECC0D7
:10AFF80020A8008A05E80182047101A2F0F1C3408B
:10B00800A000BC852C724C706C70DB599E0EEFFF53
:10B01800084500168070A000E885C5089E80011CC0
:10B028000332021C4233031C03303B5800422043C6
:10B03800FED840244130C2096FFB8C70D0F1E07813
:10B04800F1C0A1C109E82281208160C11A086FFB03
:10B0580080C10C7002F023D88774D1C0E07EE078FC
:10B06800F1C0A1C108E83A8060C1FE0F2FFB80C182
:10B078000C7003F023D88774D1C0E07EF1C0720849
:10B088000000D1C0E07F0C70E6C04A240077C342BC
:10B09800A000D0C3CB45A00038C16C702C704022F2
:10B0A8000F06FFDCA820C0035A2100062471FE60A9
:10B0B800B860C0A00418C10284B00A1883010B1834
:10B0C80043004A248071C340A000B88572B068A0CC
:10B0D8000A208000A820000104181100141A410059
:10B0E800041A81000C700C1AC100C6C4C343A00026
:10B0F800ECC0008B08E8028324834168016942A3FD
:10B10800E07F04A3248308E903830908450023A3F7
:10B11800101B010005000000FAC382240239CB4647
:10B12800A000B8852A8602866B864386ED700021CA
:10B1380001800122C080F144F140F145DB41A000CB
:10B1480098C04CC74BC74AC722A603A65A24032750
:10B158000021CD3005851470104262F203852286E5
:10B16800848543860415081008150B1002210680F3
:10B17800032200833C2608023C20CC027170CA24BA
:10B1880001124021093395700023400248F4988D3C
:10B198003223530623A541A087ECFA0BA0064240B0
:10B1A800147018AD3CF2108E08E807860D08C1042B
:10B1B800BE0A0000101E03105012012042406079A0
:10B1C8001C1CC234801211207812012048C0EF786C
:10B1D8008AC2157A181C4034001A40042F273F03EE
:10B1E8006F233F004281618120812F263F0342C1A6
:10B1F80044C25F2001065F20020343C397C38EC089
:10B208001A627961FE0B6FEE82C00D0D1020008668
:10B218000B0B01205021D027AE71E5718671967312
:10B228002C07C5FF05861508220402200004D370E8
:10B238000000001920010B002F22C7A3141E0014C0
:10B248008AF2ED70AD70D341A000E885001180202E
:10B258005A25021697C159612B083E0004190004AB
:10B26800108922818AC2F022470311168610628152
:10B27800418120814228C5270A2400044A0AAFFADE
:10B2880040C7A571C90D8494118EE46E2C710471A8
:10B2980011AE97C24243E140341C0137F940DB59F3
:10B2A8001470B6002B00084556F455218F398DC20D
:10B2B8000340E141DD59C341A00034C1208110445D
:10B2C8006E70422155003B5810473046724272401A
:10B2D80028F0A187290D6015C897FEE608F47EDEE0
:10B2E800B1450A22C0250A2080250AF0A140E24182
:10B2F800CA0CEFFFC24210423040B1450426801FFD
:10B308000000FEFF060B6FF81D780AE8558008EA72
:10B31800E14128188004607A2C18000418E7667147
:10B328000DC0B30B04A02D0C50200011812025095D
:10B338001E00251CC331261C0235271C02303B5831
:10B3480000422043FED840244139AE0E2FFB8C70BA
:10B358005B0CD0A0DAC7D60C2FFB51D8B379C34009
:10B36800F0004C0020B0DAC7F8C3D60F2FF8A2C1FE
:10B37800420E2FF810432E70CD701044CB47A0001A
:10B3880018C1324232403A40D147D145041C4434B6
:10B39800001C4034A20A6004018703304084720014
:10B3A8002E001046A08735EDA14062418A0F2FF884
:10B3B80082422CE87A0E8FF780C04E71033600A6C1
:10B3C800B860001882040BF60CF4C340A000D0C388
:10B3D800F0200104A0480D0903000A208035B1407F
:10B3E8003225801FA000D88513E8033640A50AF649
:10B3F8000FF4C340A000D0C3C148A04813090300FC
:10B408000A258025A94605F0220C2FFB54D8E671A1
:10B41800850FF4A008E7CB45A000B885330A1020B3
:10B428003208C00520E80A0E8FF700855025FEA7D0
:10B43800CA2601140D08A003C14036080000C085C3
:10B44800130E0014101D43101C1D001403F0141DCE
:10B45800C11F00C204140131C340A000DC8548A507
:10B4680020B0D8C7C60B2FFB56D8D8C7E4C2D20E17
:10B478002FF808453E0D2FF808460042A140BA0EA5
:10B488002FF8C141084610E8CA0F800510E8278048
:10B4980003E90019010000A6C7A0C340A000B885B1
:10B4A800A0A0C4C6860B2FFB54D8C4C67E0B2FFBA6
:10B4B80056D8C4C6EAC2A0800846304108184300DE
:10B4C80026ED160A6FF9A14020E8EE086FF8A140B2
:10B4D8000E0A4FF91AE81D953C95E1682B0F4410A8
:10B4E8001585ED70081D43101040001E4170A00026
:10B4F80034410BE80B862A860BA52AA5A1402320F8
:10B5080000042241E8ADFDB5A085DDED0C70081EF4
:10B518000310CAC6FAC2FC1CC8B63045220E2FF862
:10B528001843920C2FF818411840AD70C90D3020FF
:10B538006E772E70D340A00098C04E7732443246C2
:10B5480040200F23162341345A210027418100202F
:10B558000E20F86003324083A4A668002C00A0A047
:10B568000332808F7F4700FF580006000011170044
:10B57800073680706E4E286BC60AAFEC001EC015E9
:10B588003C240B203C264320D271CA23C10274708C
:10B598003C20CC043C218204CA264220CA24022032
:10B5A8005271CA220103547022A6CA22422001A65F
:10B5B800CA230220E24023417E0D2FF8034204F003
:10B5C8000C70B8AE2671810964A505A60A244075D9
:10B5D80040200021A820800322870AE9208061807A
:10B5E800022442A00326C1A040A721A71CE01CE713
:10B5F8008A4504F04E77CE700225C294C340A0005D
:10B60800B885032681A442A02C1880042818C004F9
:10B6180023A004141B34DAC6F4C382240C3F8A27FF
:10B628008E1070405043284508461F6706EA2C7064
:10B63800A140F208AFFA62424A24C073FED90C74E2
:10B6480022AD6C7081C24A21000040C0A820400190
:10B658002471011A52001F0830204A21C0234C20AF
:10B66800C0A32C012D00041C0234031D02142E71EA
:10B6780002F063AD8A22072D542615195426941B0F
:10B688000E7140241631002292230116802404777B
:10B69800ED08D503252000000FF01DF02DF03AF03D
:10B6A8004CF04EF04EF050F051F059F05AF05CF07A
:10B6B8005CF05EF05EF05624403D14DA220AAFECEE
:10B6C800A2415624403D80C3A141160E6005624246
:10B6D80056F00024803F0000940114DA020AAFEC0F
:10B6E80082410024803F0000940180C3A1419A0850
:10B6F800A005624244F085C08A220600E209AFEC48
:10B70800424185C080C3A141F209A005624238F0D8
:10B71800701682100024813F0000BC01AA0FE004CB
:10B72800DF1600160024803F0000BC0180C3A14141
:10B73800BE0AA005624224F00A860BF00B8609F0C7
:10B748000C8607F0DD16001603F0DE16001680C31F
:10B75800A141BE0CA005624212F0FF1780900BF0C9
:10B76800008F09F0018F07F0028F05F0038F03F0B7
:10B77800048F80C3A1419A0DA005624206710F098A
:10B7880005A400C04128010200AD21ADD4C7E0786E
:10B79800F0C3A2C1504268452846104406EA2C70FE
:10B7A800C140820F6FFA4242FED90C742E71ED72BD
:10B7B80022AE41C0021C4234031CC23307ED5D0DAA
:10B7C800F510021C4233A3AE05F0AD712E72031EB4
:10B7D80003108A200E204024D3300020102504F0C6
:10B7E80001138D24190DB01081C3210D711081C36F
:10B7F8008240C1418E0FA005424208F0001080200F
:10B80800C1410E0DA0054242D909E5A3E57101C069
:10B818004128010200AE21AED0C7E078E8C2484610
:10B8280028472C7010DA60400A200021F60E6FFAC3
:10B8380068450C7036EF296E2109F5004226411E35
:10B84800001D4310011D8310021DC310031D0311A9
:10B85800041D83120C7526F04909D50225204000E5
:10B868000BF00EF00FF012F01CF01CF01AF017F0AD
:10B878000FF018F010F0001DC31113F0001D831213
:10B888000FF0001DC3120DF0001D031309F0001D79
:10B89800831307F0001DC31303F0001D43130C713D
:10B8A80000180020C8C6E078E2C25E0BA003084575
:10B8B8004A2440710A204003A8208001041801008E
:10B8C8000818110080250E10001D0310C2C6E0786C
:10B8D800ED014005EAC382240E3410418CC08A224F
:10B8E8000D08FE0F6FEC2845028D8C20838F8A206F
:10B8F8003E0736F4238DCD71ED72021C8233031C92
:10B90800C23309E98A20FE060F09F400021C4230FE
:10B9180026F02C71CD728A250E104024D030227565
:10B92800041C013103F0011081242509B0008CC0EA
:10B938002D78250871008CC081C14209E00582C2BA
:10B9480082C128DA9A0F6FEC224006F0AA08600636
:10B9580081C100ADD30EE593E5710C70CAC7E078DC
:10B96800C340A000704CC343A000188629A02AA099
:10B978003018010047A0E07F20A3E078E2C3A1C10E
:10B98800CB45A000704C0C851B0000002C8500C026
:10B9980046853070CA204D0040C01A62104946A53D
:10B9A8000CA51708140100160270A000C04105EA92
:10B9B800607A80C1ECE8C2C7E2C2AA201A00210856
:10B9C8001F00220A0000460CEFF80845C34011008A
:10B9D800F0AD0D0D2010A140F20900002A0A6FF702
:10B9E8000C700C708C5A001E4370A0008D41C2C6AA
:10B9F800E6C2CB45A000704C284600410C85CB47D9
:10BA0800A000188640270213001A800F120000A217
:10BA180003E8008704F009850AA500A7C20E6FECA9
:10BA2800C1420C852087D8603E660CA50C70C0A763
:10BA38008B580C71C6C6E078E4C228458EEBC3412A
:10BA4800A0001C86C08108EE4040607EA1411470B1
:10BA5800CA252110A140C4C61BD8DE0FEFF12C70F7
:10BA6800C342A000D441C341A0001C86001A800F25
:10BA78001200BCA2E07F00A1E8C200208D0F0000E8
:10BA88002402E20C2FEF10404A240071CB47130028
:10BA980004765520802AE141A82000020111C20441
:10BAA80048328200041890004A2400715520802BE7
:10BAB8000A21C003A82000020111C20448328200F2
:10BAC800041890004A2400714020002B0A21C0036A
:10BAD80028180120A82000020111C204483282005F
:10BAE800041890004A240071C340A33B0AD74C7045
:10BAF800781800206D7100258A1FFFFF7CFE5520F5
:10BB08000329E140001AC2122C1AC212AB1D9890E8
:10BB1800AC1D9890AD1D9890A01D9890A82000028B
:10BB28000110C10448318100041B50008187C2877D
:10BB3800E387C3404940DB0F8A21090D0271C343E3
:10BB4800AC3B005F00258A1FFFFF68FE15A518A5FE
:10BB580016A517A502405EA55AA5001AC2127FA510
:10BB68000019C20254A9DCA59BA53E08E000FDA56A
:10BB7800C8C6E078090020000C70E078E6C21526F7
:10BB88000D70F0001000C0850F7AED711626037055
:10BB9800A0008CE8587F4F2681175A200005002006
:10BBA800800FA000105120A5AB279A10D20BEFF7F9
:10BBB800001B01008A209A0008E02B27001053265A
:10BBC80040179FB800A5C6C64C70C341F0002001BD
:10BBD80095BA45A141A1C341A000FC41E07F00A165
:10BBE800C340A000FC41E07F0080E078ECC3A2C124
:10BBF80010410C705040DA0AEFF4284708469108C3
:10BC080030204E70890E30100C704E71AB229A2085
:10BC1800760E2FFB2086CB45F0000000138DC34124
:10BC2800A00038866C7186B813AD138D2F24C80315
:10BC38004C7087B813AD128D60470A2640048420E3
:10BC4800C20712AD0019800F12003CD3128DC341F8
:10BC5800A0008CE8A1456C20000180B812AD0086D8
:10BC680000190004041940042C702209EFF8001C84
:10BC780001308A209A002A68E3A62B224020047704
:10BC88002B220020138D8420C20F13AD4240CCC755
:10BC9800F0C3A2C10F7D1041A14068475040320A4D
:10BCA800EFF430420846C70F30100C70BF0E30104A
:10BCB8008E71002C5323AB239A202086CA0D2FFBAC
:10BCC800A140CB43F000000015234D13138D15261A
:10BCD8004274A000388686B813AD338DC340A000E7
:10BCE8008CE81620400487B933AD001A800F120083
:10BCF800C4D3E0A004188004128D8420C2071D0854
:10BD08007528121D021042203CA02CF2A8204001E8
:10BD18000112802400AD26F0AB239A20138D2C70DD
:10BD28001523461486B813AD138D2F2408044C70C0
:10BD380087B813AD128D6C7120474520C00712AD2E
:10BD480000860A2580044608EFF8001C01308A2086
:10BD58001A0004710C1E0014AB241A202B23002097
:10BD6800338D0C718421C20F33ADD0C7E8C3822450
:10BD78000C345040084784C08A220C00620B6FECD8
:10BD8800284500874024833040240432402405336A
:10BD9800402406314024C730A14102426E0F6FF3A0
:10BDA800021C433102C57D0D111003148E30AD7095
:10BDB8000C7004F08A253E16B4E802148130CF785E
:10BDC8006109240004774F0855012520000006F07A
:10BDD8000AF010F014F01AF084C08A096FF581C1D6
:10BDE80015AF19F084C07E096FF581C117AF13F044
:10BDF80084C0560CE00381C10CB70DF084C06609FD
:10BE08006FF581C11AAF07F084C0660EAFF681C125
:10BE18000EB701C01270A007EDFF0C71C571CAF111
:10BE2800A140C8C7E8C3A3C14A24C070084580C25E
:10BE38006C70A8204006041100040030800F0340F5
:10BE48006F120330C080C7F60130800F003F00003A
:10BE580005F00130800F00BF00004830C002021A10
:10BE6800140080C06A08600582C14C95081401312D
:10BE7800158D42792E79160C20004C77EA0A60035A
:10BE88002C71084708144131158D020C20004C779D
:10BE9800D60A60032C710A144E31EE79150E631020
:10BEA80000420014403139081200081D45101DF0E9
:10BEB8002C9DD20B20004E781308830302144031C6
:10BEC80023081200081D05100FF0048D0DE8460820
:10BED800A00580C009E8081DC51F07F0081DC5108A
:10BEE80003F0081D8510178D18E8041441310B095B
:10BEF80033002040337810788C20C68687F70421D9
:10BF0800800F000000802FB809F0039D0D08320053
:10BF18002C72560A400303F00C70249D05B5347743
:10BF280006F20E78C2B9D268257E05F0CB4600002D
:10BF3800FFFF0395D079ED70307030400C7023F21C
:10BF48007A8D0C701FEB1B0BF1000C71368D499527
:10BF58002471310A210436AD2F792B09940240252A
:10BF6800021380C1860A200060408DE8748D2E95EA
:10BF780080C08A0820004C7014AD7820400003F07F
:10BF8800F6AD248D0F7811087100C9B585E92395A0
:10BF980028461CF014E9239D83406090419002904C
:10BFA80047B566B52109320008B5C3400000FFFF58
:10BFB80011080020284785273E1006F0239506F033
:10BFC800004103B5041D03108340809061900290E6
:10BFD800D07A67B586B508B5170A800F0000FFFF4D
:10BFE80030780F088000C3B585263E10C947EF7822
:10BFF800C8C7E078E07EE078E6C08098CD708CBE57
:10C00800170E2213C94589450F0C831FFFFFFFEF49
:10C01800CB450000FFEF8198170E2213C9478947C7
:10C028000F0C831FFFFFFFEFCB470000FFEF0298C5
:10C03800150E021008461108830FFFFFFFEFCB46CD
:10C048000000FFEFCE7CEE78AE7D1A244E101E2540
:10C05800411309788C7E402A0D0538603668B8612E
:10C068001076C1420C710EF7B862307060404AF722
:10C078009570CA200A0344F693780E78BF201F04EF
:10C08800C6C4E078E6C3A2C10846008060444024E4
:10C09800C330402405314024863048472845CA0C1F
:10C0A8006FF3031C43310214803028F04308550114
:10C0B8002520000005F007F007F00EF013F0158EAC
:10C0C8000BF0178E09F00C9E81C3A141220E2003AC
:10C0D800E1420FF01A8E81C3A141960E2FF5E1427D
:10C0E80007F00E9681C3A1419A0BAFF6E142021404
:10C0F80080300471021C0230031481300F78B109BA
:10C108002580047701C04128010200AD21ADC6C7D2
:10C11800E8C2504028462C7010DA60408847060E66
:10C128002FFA68450C7007EE0B08912F0C71001D53
:10C13800831000A7C8C6E078E8C3A2C108460080FB
:10C1480060444024C33040240531402486304847A9
:10C158002845160C6FF3031CC331021480304026A7
:10C1680010132EF04F08D5012520000007F00FF01E
:10C1780007F009F009F012F017F0168E0FF0049E80
:10C1880006F0059E04F0099E02F0039E81C3A141BA
:10C198005E0D2003E1420FF0148E81C3A141D20D40
:10C1A8002FF5E14207F081C30240A141220B20068E
:10C1B800E142021480300471021C02300314813001
:10C1C8000F78A5092580047701C04128010200AD38
:10C1D80021ADC8C7E2C208450C70D60B2005A141A5
:10C1E800B60D6003A140C2C6E2C3A5C128402A68B3
:10C1F8003472540026002C704A24C07040240B303E
:10C20800A820C002F4224300F420401014234C104C
:10C218002471627800B480C083C15A0A200583C59E
:10C228004A24C0704A2100008A228606A820C0023B
:10C2380002150315402440323C6024713C22C000A2
:10C2480000AC17F035087100014083C1260A2005AB
:10C2580083C54A24C07040244132A820C002021578
:10C2680000153C2600700000000C011912004A0D50
:10C27800AFF44024403200412040C2C719054003B2
:10C288003860E07F0E78E078E8C21040484554777F
:10C298002978CA252110150D32102847210D331889
:10C2A800CD7000284E030CF08C257F9886F6BA0EC8
:10C2B8002003B379084604F04228CE07096D4C7173
:10C2C800187A10782C70A0E0CA2185002B7EC02631
:10C2D800621010D9920E2003C1400845CE788A0E0C
:10C2E80020030FD9170D2010072700147A0E2003FA
:10C2F8000FD900208E0F0000FF7FCE78C8C6E078E7
:10C30800E07EE078E8C382240C355040084785C0B9
:10C318008A220C00CA0D2FEC28450087402483315F
:10C328004024043340240534402406324024C731D5
:10C33800A1410242D6096FF3061CC33103C5A90DFA
:10C34800111007148E30AD700C7004F08A253E165B
:10C3580095083100CF78061481308D0924000477C0
:10C368007708D5012520000007F01FF00BF011F029
:10C3780015F021F025F085C0EA0B2FF582C116AF24
:10C388002BF085C0C20EA00382C104B725F085C07A
:10C39800B60EA00382C105B71FF085C0AA0EA00380
:10C3A80082C109B719F085C09E0EA00382C103B7E8
:10C3B80013F085C0AE0B2FF582C114AF0DF085C008
:10C3C80082C1F208200680C28340219040900290EA
:10C3D80027B746B708B702C012707407EDFF0C7193
:10C3E800C571B4F1A140C8C7483101000736427091
:10C3F80048470000288003318080E07C48A0E07F27
:10C4080004184300FAC2FC1CC8B682240338041579
:10C418000C006D700A2240210334C0920A21C02109
:10C428000A2580210A210031704458430845C8F67E
:10C4380001348E1F003F00000D00000001348E1FE4
:10C4480000BF000047140F364A24C0705524403DF1
:10C45800A8208002041102040032820F833A6F126E
:10C46800041890005524413D5524823CA1403A09C6
:10C478006FEE5524903C4836C0125524443D1D7833
:10C48800442043005524C53BA14082412342552402
:10C49800CE3B2E08AFEE70434A24C0704A200000FD
:10C4A80055240C3BA8204003014EF02003201524FE
:10C4B80002100031410504710133410020A2618559
:10C4C8004985284D5524013B5524043A260EAFF2E0
:10C4D80010455524013A10DA060C2FECA2405524D9
:10C4E800013ACE0CAFF2A2405524013A10DAF20B11
:10C4F8002FECA2403C85A140520A6FEE62428A2688
:10C50800441BBE66208E104332E9552550180F7023
:10C51800402417304024163010DAC240C20B2FECEA
:10C528000241077140261624F10872B240201024F7
:10C538005527002910DAAA0B2FECA2415425901E8A
:10C548004A26002010DA0240960B2FECE241C67111
:10C5580040201024F10EB2A240271724A1408020C9
:10C56800040520880909B502247120A8430911305F
:10C57800008E1FE856402F31C0065524433D2F3208
:10C588000000A140C6086FEE5524503D4A24C070F3
:10C598005625C018A8208002041001240031810FFC
:10C5A8006A44FBAE041850009E40491D18104A24E6
:10C5B80000712240A82080010415012404185000AD
:10C5C8008A20040BB86000881019C0240FE83E4187
:10C5D8000C70033100804BF74A240071A820C00179
:10C5E80026405220C00704191020001680100DE8BC
:10C5F8004A2400715625C018A8208001041001049F
:10C60800041F501006F00C7003A702A701A700A78B
:10C618008024033804141B34DAC6E078EAC3B0C1B6
:10C628004A24C070C84608450A2140217040484045
:10C638004A2000004024063D4024093AA82040052D
:10C648000349F0200C101526020000338B0F833AA3
:10C658006F1215210F100034831F7A3D00000471FA
:10C66800001AC00260A78DC18AC240240537A140C4
:10C678000243520DAFEE87C74A24C0704A2000001B
:10C68800A8204003024F8AC104490032410480C3F4
:10C6980001344110157B047120A380C183C28A092B
:10C6A800EFEEA14040250F1B83C110DA320A2FECB0
:10C6B800E1401D0831208DC080C26A09AFEEE1411A
:10C6C80001C100C202C034A553A515A54A240071B2
:10C6D8000A208003A82080010417011404185000C0
:10C6E8002C8D3C1580104830000004A60FE92386E5
:10C6F8000C70033100804BF74A240071A820C00158
:10C7080000865220C007041E1010CAC7E2C040208D
:10C7180008028D704C716C7019F0624803324080C9
:10C728004C7015F6402583103D0B33014E25BC1087
:10C7380015204213A820000204120C040334409070
:10C7480003F6647110F08D714C70684589430CEAEA
:10C75800A2488D71033240804C703AF6616DBF0B70
:10C7680032818D716140C2C4E6C076108B008A2583
:10C77800091D00208C0F0000240248330B10BE60F6
:10C788000333C0900DF732248B1FFFFFD4FE130B29
:10C7980031108A2504151D65A08DB5707CF2608E58
:10C7A80008EB80200A01C3434940DB0F60A05CF01E
:10C7B8003224831FFFFFA8FE10EB4832C302502229
:10C7C800FE87496BCA22210015208200BE84A4126C
:10C7D8000206013242035EA4548E10EA3224821FFC
:10C7E800FFFFD4FE86EA004280220405408A06EA5A
:10C7F800C342B23DC2B85AA44831C20275844477D4
:10C80800483282005021FE870032820F32BEC2B801
:10C8180068140B100132810FB23EC2B8C342B23E57
:10C82800C2B8CA2181000131C100DF840131C102CF
:10C83800C3424940DB0FF78402368373803F000010
:10C8480003318080CA2245000033C303BE8400360A
:10C85800811080200A010133410056A401314303AD
:10C8680037A478A4CB44B23DC2B8C3424940DB0FD9
:10C87800033300834041CA21050303338080CA2261
:10C8880045004041CA21C50003330083CA21850001
:10C8980020A0C6C44833C202A08EF02682701300BE
:10C8A8001C766C70141E43107AA47EA4110D7110AE
:10C8B80055A40042AD708022090D60AAB570588455
:10C8C80057A471F59AF1E078E8C382240C345040FB
:10C8D800084784C08A220C0006082FEC28450087E8
:10C8E8004024833040240432402405334024063158
:10C8F8004024C730A1410242120C2FF3021C4335D9
:10C9080002C59BED03148E30AD700C700900000059
:10C918008A253E1691E802148030CF791B086400FE
:10C9280084C281C3C20A6000E14001C012700C7168
:10C9380030F7C571EBF1A140C8C7E078F2C3B3C1C5
:10C948000A2180210A2140110A2200217045504401
:10C958003043110FFE01084744274000CC1F021046
:10C9680080140D301EC64A24C0700C705424083838
:10C9780040240B3DA8204005F0230C20F024012082
:10C988001520031000348C1F833A6F1215230210F0
:10C998000031810F7A3D0000047180A320A290C16C
:10C9A8008DC24024053AE14042430A244002A608C9
:10C9B800EFF44024103A4A24C070A8200002064030
:10C9C80000308003041810208DC140240437E14052
:10C9D800A24222434024103DDA0B200087C61E875E
:10C9E80036874A24C0700030800F744900244024E0
:10C9F8000B3A073048004A200000A8208004F023A2
:10CA08000210F0200120034E80C401318200157C01
:10CA18000030C11004710132410020A480C183C2DA
:10CA2800DA0BEFF4E14040270E1B83C110DAB20E97
:10CA3800EFEBC1401B0A312090C080C2E60D6FEEBB
:10CA4800C14101C100C202C034A753A715A7BE4304
:10CA58009E427E41160DEFFFE1404A2400710A20F4
:10CA68004003A820C00104160114041850002C8F9C
:10CA7800A117001604A510E923850C700331008066
:10CA88004AF74A240071A820000200855220C007F6
:10CA9800041D1010D2C7E078E07EE078E8C3A2C198
:10CAA8000845008060444024C330402405314024B8
:10CAB80086305040284655250F18AE0A2FF3031C20
:10CAC80043350214803074F0650895022520000073
:10CAD8000AF00CF00CF00EF00EF010F016F01EF04C
:10CAE8001EF020F00C8D0CF005851DF006851BF05E
:10CAF800078519F0088517F02415801081C3C141F6
:10CB08009A082FFA024214F02515801081C3C141FA
:10CB18005E0CEFF402420CF0188505F0198503F05D
:10CB2800048581C3C1415E0A6FF702420214803056
:10CB38006BB87308D502252000000CF00DF010F03A
:10CB480011F019F01FF021F021F023F023F025F067
:10CB58006815801011F06915801007F074158010A1
:10CB680003F07515801081C3C14132082FFA0242C3
:10CB780019F07615801081C3C141F60BEFF402421B
:10CB880011F01B850AF0018708F0028706F01C8562
:10CB980004F0008702F0128781C3C141E6096FF7EC
:10CBA8000242021480300471021C023003148130E6
:10CBB8000F7819092580047701C04128010200AEC9
:10CBC80021AEC8C7E8C3A3C1484728452C7010DA6E
:10CBD80060400A2000214E0BEFF968462C700A22AB
:10CBE800800F1300387633ED4A240071A8208002A4
:10CBF8000412030480C03C6024713827C01000ACC4
:10CC0800560E2FF580C038E80FDD001E4310011EB8
:10CC18008310021EC310031E0311041E4311051EB8
:10CC28008311061EC311071E0312081E4312091E94
:10CC3800C3120A1E43130B1E83130C1EC3140D1EAE
:10CC480003150E1E4315330000004A24407110E2FC
:10CC5800A82080020412030481C03C602471382794
:10CC6800C01000AC4E096FF781C026E8AD71001EF8
:10CC7800C31123F0AD701B0FB019B866190F711CE2
:10CC8800B866A572001843030118830304F0A57160
:10CC98000018C302F20BEFF67827001C05E8B86607
:10CCA800A57100188301130F711EBE66A571001EC1
:10CCB800831203F0AD7000184023C8C7F0C3A2C1A7
:10CCC8000846008060444024C33040240531402495
:10CCD80086305044284592082FF3031C033202146F
:10CCE80080305426931954261218552610195526A3
:10CCF8008F1B4026111B48F05108550125200000C4
:10CD080005F00CF011F019F01AF081C32240A1418E
:10CD1800620F2FFA82421AF00A8681C3A141720D6E
:10CD28002FEF824212F03C16801081C3A1416E0E93
:10CD3800EFF982420AF081C3424004F081C36240A5
:10CD4800A141AE0A6FF782420214803025083002F2
:10CD580081C31308F00181C32308B10181C3E140F5
:10CD680009F08C168010A141320EEFF9824207F0CB
:10CD78000240A141FE0E2FFA824202148030047153
:10CD8800021C0230031481300F7871092580047762
:10CD980001C04128010200AD21ADD0C7E2C208455B
:10CDA8000C702608E004A141260A2003A140C2C64F
:10CDB800EEC3B4C1484588464C70304110405520F8
:10CDC8004F08747042A641A640A623F44A24C070B6
:10CDD80091C40C70A820C002014D152403100471E1
:10CDE8000031810FCC3DCDCC20A3691080202C7060
:10CDF8000DE84817821091C1F60B200002408A20E6
:10CE0800040502707417811040880521BE80A403B0
:10CE180022004C70038503308080C7F60130800FF4
:10CE2800003F000005F00130800F00BF00004830CF
:10CE3800C002761081200F783070780325004020DA
:10CE4800132B088F0DE86810802080C62D08B100CC
:10CE580048AF91C180C2BA0B6FF262401EF07510E4
:10CE68008020ED083000402412345520002984C267
:10CE78003A0A6FF2624171F055208D2B91C180C240
:10CE88008E0B6FF20A2040034A240071A82080010B
:10CE980004130024041D1010AD70C1408E0AEFF376
:10CEA80042C501C27FDB17BB0C700332C0804F2321
:10CEB800CC07CA206C00033200836F260B100B7E50
:10CEC80060419D7140403C700332C080560E2FF483
:10CED800CA20490008460330808F4940DB0F86F698
:10CEE80002368E734940DB0F00C043C0B20C2FF5E9
:10CEF80083C045C544C500368D1F003F0000060DA0
:10CF0800AFFAA14003C10031000046C0A60F6FF67A
:10CF1800A1407510812047C008E95520002984C127
:10CF2800BE09EFEB10DA12F040200D2B84C089C245
:10CF38007A096FF2A14189C0760A6FF28DC18DC15D
:10CF480010DA9E09EFEBA1405F02000084C010DAFE
:10CF58008E09EFEB624168108D2091C180C2B20A40
:10CF68006FF242401D0DB0104A2400715520812BEC
:10CF78004020002BA820800104100204041990000E
:10CF8800AD7080C0A609EFF342C500C001C148C01A
:10CF98000331408344F70A0C2FF588C04020002B4A
:10CFA800DA0E2FF242414240EA0E2FF2C14108C286
:10CFB8004A24C0700A208003A820C00120800032C3
:10CFC8004100041850007410802030E84A24C070D2
:10CFD8004C7022430C7043C2A820000204130104C1
:10CFE80000314100013040000330808F614400006F
:10CFF80043C0C6F60030820FBC3862BE7FD817B86F
:10D0080003320080CA2085006C1003204A24C070B7
:10D0180000300100A82040020086003300000031E3
:10D028000000041E1010C1F04A24C07055200D2DB8
:10D03800A140C142A82040026080041201040131CD
:10D04800C10004185000960AEFF9A1400330808F00
:10D05800C8420000DCF602852185408542C0A14017
:10D0680041C17A0AEFF940C24A24C07080C10A223D
:10D07800400343C0A820000304110304073303003E
:10D088000033830FC8420000041AD0007C1000202F
:10D0980008C1488702360B70803F00007C8F003043
:10D0A80041008D700033801089430130420048A749
:10D0B8000CEB00875022C1076D7003310080694076
:10D0C800CA23691043C21DF64A24C0700A21C0123F
:10D0D8000A2340140C7043C4A8200002041301144E
:10D0E800003141000130400031870A2340120D70A1
:10D0F80003304080CA236910CA206C1043C0600006
:10D10800290079230000ACE8018743C2BFBA033283
:10D11800008048002C000D710285701003204085A6
:10D1280021856C100B204A24C0701C1F021242C0BB
:10D1380040240830C14043C341C140C2A820400335
:10D1480004100214208000338200003341100131A2
:10D158008100041850000D700A2340123F0B301054
:10D168004A24C070208570100020418562856C10AB
:10D178000B2040C140240930C14143C041C242C3D1
:10D18800A82040030411031440810030C300003379
:10D1980082100132C200041990000F0810109CAFD1
:10D1A80082A681A680A6F910802084E8F918432079
:10D1B800681080203708B00055208D2A1643581073
:10D1C80002204024043D22412A096FF2A1408DC16A
:10D1D80010DA0E0FAFEBA1408DC1D60F2FF2A14090
:10D1E8008DC110DAFA0EAFEBA140CEC7F0C3A4C1CF
:10D1F8005520CE0D1041284532866516001650423E
:10D20800EA0D2FFAF81943200471651E181080C121
:10D21800A60BEFF9A14000C381C10C7004110204F0
:10D228000471FD08B2800133830065160F164A2485
:10D23800C070146F2270926F5620C008A820800119
:10D2480004150114041850002F33C0008A22090B5A
:10D258002272208A152100234918D8008DE93286C8
:10D26800631600160B0923002C7120AA05F004711F
:10D278002C70631E1810347093F2B28610868E716B
:10D2880009205003170F231442205320270FE114BD
:10D298002C71F143B144A14317F0BF67016F02201D
:10D2A80000044A0D2FFAA14165160F1600416C7251
:10D2B8000BF0F865047102200004320D2FFAA14129
:10D2C80000432C71B14448309020562140294833FE
:10D2D80082204024073007368670803F0000E142F4
:10D2E80007360574803F00001E0C20000A24000544
:10D2F800090A1020208603F02186160CAFFF80C093
:10D308006516011662868D7004B9227149110206EC
:10D3180089410332C08088F723862D70033240800C
:10D3280002F62D718AE8150910100686A168E4E551
:10D33800C2F664DDA6A604F086A6AD70F9118020B9
:10D3480005E8150A1020288607F0224080200405E9
:10D3580080A822F02986BA0BAFFF80C006E82240D9
:10D3680080200405001843002B093010ED702A8630
:10D378009E0BAFFF80C014700C7004F40D8604710E
:10D388002C86150862000DA6224080200405E0A81E
:10D3980002F0EDA605860B0D0210F8190320D0C780
:10D3A8002D04C0028A2401748A2104054C70562079
:10D3B80043091961F4188000F8188200441898008D
:10D3C800F918820000198200A8200001041B11002E
:10D3D8008A21090B9A1898009C1898003860E07FF9
:10D3E80040A8E078EAC268454846304108470E0937
:10D3F800AFF4552010084221C022B508D5022520D7
:10D4080000000CF011F018F01DF024F029F02FF0B6
:10D4180034F03BF03FF046F0C1404A0BAFF4A14175
:10D42800681F0210CAC6C140660FAFF9A141691F43
:10D438000210CAC6C1405A0FAFF9A141741F0210A9
:10D44800CAC6C1404A0FAFF9A141751F0210CAC62A
:10D45800C140120BAFF4A141761F0210CAC6C140E9
:10D4680006092FF7A1411BA7CAC6C140FA082FF722
:10D47800A14104180020CAC6C140EE082FF7A141F7
:10D4880008180020CAC6C140DE082FF7A1411CA712
:10D49800CAC6C140D2082FF7A14100180020CAC649
:10D4A800C140C6082FF7A14148180020CAC6E07835
:10D4B800E07EE078E8C382240C345040084784C0FA
:10D4C8008A220C001A0CAFEB2845008740248330D1
:10D4D8004024043240240533402406314024C73018
:10D4E800A14102422608EFF2021C033202C59BED5D
:10D4F80003148E30AD700C70090000008A253E16AA
:10D5080091E802148030CF791B08640084C281C37B
:10D518001A082000E14001C012700C7130F7C57183
:10D52800EBF1A140C8C7E078E8C3A4C16845484604
:10D5380028475608AFF41040210F301280C2330F2D
:10D54800F011C140290FB11180C2C1400A0FEFF993
:10D55800A1415520802B08F0C140FE0EEFF9A141F2
:10D568005520002980C17A0BAFEB10DAC8C7220E0C
:10D57800AFF9A1418C180220C8C7E078E6C248314B
:10D58800030022920736C2704847000055208D0AD2
:10D5980048310100084607364C7048470000D81546
:10D5A80000900D702C710030800FC8420000E41DFF
:10D5B80042903C1E421007368B70F4490024073015
:10D5C8000303118507360F73803F00004830800041
:10D5D800003400100030800F833A6F12033000824D
:10D5E800041EC0127FA6FEA6C6F60130800F003FBB
:10D5F800000006F00130800F00BF00003885483079
:10D60800C3024831810000344010483381000030A3
:10D61800800F833A6F124831C1020330008232A56D
:10D62800C6F60130800F003F000006F00130800F81
:10D6380000BF00003E854830C3026D70483181004C
:10D6480000344010483381000030800F833A6F1255
:10D658004831C1020330C08239A5C7F60130800FB6
:10D66800003F000005F00130800F00BF00003C853E
:10D678004830C302483181000034401048338100EB
:10D688000030800F833A6F124831C1020330C082E4
:10D698003DA5C7F60130800F003F000005F00130BE
:10D6A800800F00BF00004830C0024A24C0704830D4
:10D6B80080008A210A044830C0023B6649200005E0
:10D6C800482080001FA5C34013002C76A820000224
:10D6D8000410010407318100041B500007368070D4
:10D6E800803F00000730800F72BF22B08E098FFD87
:10D6F80002360070803F00007E1D1810AA0CEFFF54
:10D70800C140C6C6F2C3A4C1D4691E6670BE5042E9
:10D718002845104080C010DAC1410A21C0210A25DD
:10D7280080210A2440210A230021B609AFEB68476B
:10D738002F0DA314926D15200223A1414A240071D4
:10D7480080C04843A82040026080041308140130B8
:10D75800C3100418D0002471E509A28410E2330B29
:10D76800E223346F0271E14270B94A24007180C02B
:10D778000A234010A82040026080041308140130D6
:10D78800C3100418D000727210E14471AFF64A2435
:10D79800007180C00A234004A820C003208004161A
:10D7A8000B14003102050233811004189000003177
:10D7B8004100041B50003F0DA314152002234A24E6
:10D7C800007140240B3022410A248010A820C00395
:10D7D80004130314041400140230C00060810030E4
:10D7E80000000133000004191000A571D30DA294A4
:10D7F80010E2450BE223146F002010204220102471
:10D808004A24007180C30A440A214004A820C003A6
:10D818000413020404140014023080004081003014
:10D828000000013200000419100072774020102413
:10D83800E571A8F64A240071A820C00126400030EE
:10D84800400504191020D2C7E4C249684F7D9F25BE
:10D858000213CB44A000CC492043BA64D18254249B
:10D86800821A5965426E40B10F78C344130060565E
:10D87800360EEFF74C74C4C60F78C100AFF72C70A2
:10D88800F1C004770F781D58D1C0E07EC5000FF7AE
:10D8980005E83F108000216802F02C70E07F3078A6
:10D8A800E2C208453D5806E83F1080000471C2C630
:10D8B8008C2503980C7088F7A1403D5800419608C4
:10D8C8002FF7A140C2C6E078F1C0A1C10477204279
:10D8D8000F7880C1001C0130215800C11470CA2182
:10D8E80021008774D1C0E07F2040E078C341A000C8
:10D8F8002086E07F00A1E078E6C2084502814485E1
:10D9080082850030830F4C3DD0CC0032800F733FAE
:10D9180033330130C00063850130820F7AC40000C0
:10D9280004A5BFBA00810332808F3742868C4181BB
:10D9380002A502300F0301810232CE00BFBFBFBE75
:10D9480003A585F7FE0C2FEFA140048D0137821344
:10D958003308B000CD704B085000A7081100148D93
:10D968000332808FF4415DBB04710F784920810C2C
:10D978008E002C0034AD8508940C041D4310D4ADE2
:10D988003FF0178D04710F793109F40217AD198D25
:10D9980069089501C4ADD7ADD9AD81DE31F0158DDB
:10D9A8000332808FF4415DBB416855ADD0F6188DC8
:10D9B800D6AD047118AD1FF00332808FF4415DBB02
:10D9C8003E000C00198D047119AD1BF0168D047101
:10D9D8000F792309B40116AD188D1508F402A1407A
:10D9E800041D8310D5ADD8ADD6AD0BF0560C0FEF96
:10D9F800558D4F78E5E085F74A0C2FEFA140C140DF
:10DA0800C6C6E07800420280033040800C70E020F7
:10DA1800CE07038203304080CAF74482C3404040A7
:10DA2800000003324080E07FD020AE057FD8E07F41
:10DA380017B8E078E8C382240C375040084787C0FD
:10DA48008A220C009A0E6FEB284500874024833306
:10DA58004024043540240536402406344024C73386
:10DA6800A1410242A60AAFF20E1C033105C5790D89
:10DA780011100F148E30AD700C7004F08A253E160C
:10DA8800B2E80E148130CF785D0904002308300114
:10DA980084C12908B00084C13708F00084C13B085C
:10DAA800710087C0BE0C6FF484C104AF15F0B60CCA
:10DAB8006FF487C015AF11F087C0AA0C2FF880C289
:10DAC80001C100C202C023A742A704A705F0960C13
:10DAD8006FF487C014AF04C01270A407EDFF0C7177
:10DAE800C571CCF1A140C8C7F2C3ACC117C7504536
:10DAF800304208462C7024DAE140E8450A208021AB
:10DB08000A2140210A2300211A0C6FF97044048E5F
:10DB180013083F0014DA15087F0080C014DA624148
:10DB280007F080C0A24105F080C014DA8241B20D2E
:10DB38004FEB04C1D20EEFFFC14044C080C03E0B82
:10DB4800EFF188C188C04E0BEFF185C1048E230820
:10DB58003F014A2440712B087F014A244071330851
:10DB6800BF0180C114DA7A0D6FEBA14021F0A1400A
:10DB7800A8208001041501240418500014F0A140C5
:10DB8800A820800104140124041850000CF04A2431
:10DB98004071A1410A20C004A82080010410020499
:10DBA800041990002485620EEFFFC14004A518C136
:10DBB8004A2440710A204003A8208001041002046E
:10DBC800041F9010158E4A2440710AE8A82080018D
:10DBD800041300240419100011000000A82080017B
:10DBE800041500140419100004C24A24C0704A2005
:10DBF800000085C30C198020A8208004014B152142
:10DC08000C2020A400318B0F7AC40000F0220C20D5
:10DC18001520012004710134CC1280A10C18802039
:10DC2800D2C7E078E07EE078E8C3A2C10846008069
:10DC380060444024C330402405314024863048479E
:10DC480028452609AFF2031C033102148030402610
:10DC5800101220F0170810011708B00081C31F0820
:10DC6800D00027085100048E0AF0158E08F00240F3
:10DC7800A1410E0B2FF8E14207F0148E81C3A14198
:10DC8800EE0A6FF4E142021480300471021C023083
:10DC9800031481300F78C109058001C041280102B1
:10DCA80000AD21ADC8C7E078E8C3A1C14847284501
:10DCB8002C7010DA60400A2000216A0A6FF9684661
:10DCC800B570AD7027F24A24C070C340130068765F
:10DCD80040244130A8200002041002043827821092
:10DCE80001199200A20A2FF64024403004E8AD71D1
:10DCF800A0AE11F0130F101F150FD01E170F911B98
:10DD0800001E831006F0001E031104F0001EC3104D
:10DD1800AD7100184023C8C7F1C0A3C1008060449A
:10DD28004024C330402405314024C6323A08AFF2BB
:10DD3800031C033001C0A3C0D1C0E07EF1C0004184
:10DD4800A60860040C704A24C07040210202C34037
:10DD580013005C7604194300A82080010410030412
:10DD6800041AD000D1C0E07F141905004A24C070FD
:10DD7800402002020A21800F13005C760418430039
:10DD8800A820800104110304041AD000E07F1418AD
:10DD98000500E078E07EE078F1C0A4C1008040246E
:10DDA8008331402404304024053340240632402483
:10DDB800C7315A0F6FF2061C033000C0A4C0D1C08F
:10DDC800E07EE078E07EE078E6C034108C005520F4
:10DDD8008D0E0AEA0D0CD110408D210AB500C96AD2
:10DDE800CD700CF0408DEA108E0044714F7F0D0FFE
:10DDF8008513484640AD03F0C0ADE910820006E93E
:10DE08001D0AB500AD700DF0EA108D00216A2F7A59
:10DE18000F0A45032845E918420005F0A96AE918E0
:10DE28004203EA108B00CF792909C5020D0CD110E5
:10DE3800EB1082001D098500AF7A230AC5022D0C5C
:10DE4800B4102C71EB108100130A6500296C0EF0D8
:10DE5800216C2F7A0D0B840008F0110BF5002C7241
:10DE68003418C200604104F0341842002F791909AF
:10DE78000503110C9010110CD110E8180300C6C44A
:10DE8800E8180500C6C4E078ECC3A1C155204E09C6
:10DE98000845FC8003864A24C070504020427042E6
:10DEA8002C705041A820400304120B044024433036
:10DEB8003C630333009024716F230B0060AC760F32
:10DEC800AFF34024403033E86486FD854A24C070AF
:10DED8000C702241A820400304110B044024423056
:10DEE8001C620333C09004716F220B0040AC460FD4
:10DEF800AFF3402440301BE84586FE854A24C070B5
:10DF08004A200000A820400304110C24402441307A
:10DF18001B610334809004716F210B0020AB160F36
:10DF2800AFF34024403003E8FF85418616867D859F
:10DF380002378110003041001786013241005C85AC
:10DF48000030CC000337409021A6CA21C503033115
:10DF580000834843D0F69E8500300B030331C0820E
:10DF68006843CAF67F8589430030C00003310080CA
:10DF7800C2F66843028607368170803F000007308A
:10DF880080000130800F803F000003304080CA21AC
:10DF9800050007364270803F0000614020A67FD907
:10DFA80017B90332C082CA208900001800200286EF
:10DFB8000133001003304080CA20490003304080FC
:10DFC80002A605F4001AC320CCC70330808F003F97
:10DFD800000045F6001A4320CCC7001A8320CCC79E
:10DFE800EAC382240C385040084588C08A220C00B5
:10DFF800EE086FEB28460085402483304024043225
:10E0080040240537402406314024C730C14102422C
:10E01800FA0C6FF2021C033302C6D57079F40314AC
:10E028008F3055251118CD700C7004F08A263E16D5
:10E03800DF083100EF7802148130D7092400047713
:10E04800C1081503252000000CF013F017F01DF08F
:10E0580021F027F02BF031F03AF041F046F04DF086
:10E0680088C00E0CAFF581C1901D04104AF088C01D
:10E07800F60CAFF681C10CA544F088C0EA0CAFF6E7
:10E0880081C114A53EF088C0DE0CAFF681C115A58C
:10E0980038F088C0D20CAFF681C118A532F088C01C
:10E0A800C60CAFF681C119A52CF088C0BA0CAFF622
:10E0B80081C11AA526F088C081C1760A600583C28D
:10E0C80083C110DA1A086FEB22401CF088C09A0C42
:10E0D800AFF681C1AC1D001014F088C0860E2FF475
:10E0E80081C16D1D02100EF088C07E0CAFF681C193
:10E0F800CC1D001006F088C06E0CAFF681C10BA5D0
:10E1080001C012702807EDFF0C71E5718EF1C14056
:10E11800CAC7E078EEC3ADC1A8470A210021304044
:10E128000845130AFE01001D03000C714678361DD0
:10E1380002100F0BFE010C716678351D0210784D28
:10E148004024C2328AC3620B6FFE0241361580102A
:10E1580008E83515801006E80B1480306E7103E866
:10E168006E7040250E1787C1C140DA08AFF440240D
:10E1780012374A24C07040244136A8208003041274
:10E1880002240C700332808F00470000CA20690007
:10E1980001191200220EAFF34024403607E80C7034
:10E1A80002A601A600A6341D02107670F3F28AC1F9
:10E1B80081C240248332A140D20CEFFF4024123A9E
:10E1C8004A24C0700C70A820800315250110F02087
:10E1D800032021811522022004710233410020A26C
:10E1E80001C44A24C070046D8AC2A8200003041226
:10E1F80001046080003441100133410004185000CC
:10E2080054952A15801004710F79507186012500E4
:10E218002A1D02104A24C0702C702A1D4210A82002
:10E22800400315254010448001808AC3357B0230A5
:10E238008000247100A38AC087C10A08AFF4402473
:10E2480010373F8501C04A24C0704C700730410028
:10E258000C85031C8230021C823000310C00A8207F
:10E26800C00304100324402441360C700333008398
:10E2780059614471CA206A0000A93E0DAFF34024D9
:10E288004036F10830004C70B01500108B854A24D8
:10E29800C0700130810F803F00000A20800F2041AC
:10E2A800000003310080CA20450040240B37B01D10
:10E2B8000010A820C00304130814402443362C700F
:10E2C800033000935B634471CA21690020AB0736B1
:10E2D8001270803F0000C340CC3ECDCC033200A07A
:10E2E800CA220520D20CAFF340244036C9083000BA
:10E2F8008AC2860AAFF58AC06B854A24C07087C176
:10E3080040240B3383C2A820C00204110004033345
:10E318000080CA20C500041A10004A24C070284D85
:10E328008AC20A200020A820000404120104041351
:10E338000C14608000324120003101030133410098
:10E3480004185000402481304024C230C60C2000FC
:10E35800A1404A24C070A820C00104100024081855
:10E368000020031482300214813080D800AF03F0FB
:10E378002C700A14833034159010520AEFFFA14014
:10E38800341580100B080020008F87B800AF2A1DB5
:10E3980003104A24C0700A204004A820C0010416B3
:10E3A80001140418500034158010483000000C196E
:10E3B8000020CEC74A24C070284D0A200020A8207B
:10E3C800000304120104608000324120013341003F
:10E3D80004185000B8F1E078E07EE078E8C3A2C104
:10E3E8000846008060444024C3304024053140245E
:10E3F80086304847284572096FF2031C033302141C
:10E4080080305526101846F07F0815032520000097
:10E418000CF014F014F016F016F018F018F01AF0CA
:10E428001FF022F028F02BF09016001181C3A141B3
:10E438005208AFF5E14229F00C8622F0148620F04C
:10E4480015861EF018861CF019861AF01A8618F020
:10E4580081C30240A141F60E2005E14215F0AC1639
:10E4680000100EF06D16801081C3A141020B2FF42D
:10E47800E1420BF0CC16001002F00B8681C3A141DB
:10E488000209AFF6E142021480300471021C023026
:10E49800031481300F7875092580047701C041285D
:10E4A800010200AD21ADC8C7E8C3A1C1504028454D
:10E4B8002C7010DA604088476A0A2FF96846B570F0
:10E4C800AD702EF44A240071C342130074760C70A8
:10E4D800A82080020412030480C11C610471382042
:10E4E800C12020AC720D6FF480C01AE80CDD001E4C
:10E4F8004310011E8310021E0311031EC311041EC4
:10E508000312051E4312061E8312071EC312091E9C
:10E5180043130A1E83130B1EC313A8AEA0A7C8C7B4
:10E52800F2C3A2C110451015002460444024C33032
:10E538004024053140248630484530442A086FF28B
:10E54800031CC333021480305525CE2C55250F2CBF
:10E558005525102B5525512A4225122340251323D2
:10E5680053F09D08D5032520000010F011F014F099
:10E5780015F018F019F01CF01DF020F021F024F02F
:10E5880025F02CF02DF035F081C3624021F02415E0
:10E59800802029F01A15802025F081C3424019F007
:10E5A800251580201FF0261580201DF08C150020D1
:10E5B80021F081C3A2400DF081C3224009F081C33C
:10E5C800024007F081C3E14003F081C3C1408241AA
:10E5D8001E0AAFF6A14214F0D815802003F0D91511
:10E5E800802081C382418A092FF4A14208F0A01536
:10E5F800002081C382418E0F6FF6A1420214803041
:10E608000471021C0230031481300F7857092580E9
:10E61800047701C041280102001C0220011C42208D
:10E62800D2C7E078E2C208450C70F20FE003A141BE
:10E638000A0B6002A140C2C601034002E07EE078F6
:10E64800F0C382240C375044084587C08A220C0046
:10E658008E0A2FEB28460085402483334024043556
:10E6680040240536402406344024C733C141824241
:10E678009A0E2FF20E1CC333141411303670C7F4DF
:10E688000F14903055254E1B55250F1C5525121D6E
:10E698005525D31D2E700C7003F08A213E26147068
:10E6A800B5F40E1481302F20070430705E012D0060
:10E6B80004778EE048010D00252000000FF052F08D
:10E6C80019F057F01EF061F066F06DF077F021F068
:10E6D80081F02BF038F08EF03DF087C084C1F60849
:10E6E800AFF680C201C100C202C028A547A509A58E
:10E6F80086F087C06E082FF484C12A1D021080F0AE
:10E7080087C062082FF484C1351D021078F087C0D5
:10E7180084C1C208AFF680C201C100C202C021A7ED
:10E7280040A702A76CF087C084C1AA08AFF680C2D0
:10E7380001C100C202C0041B4020001B8020081B2E
:10E7480000205EF087C01E082FF484C1E81D021067
:10E7580056F087C0120E6FF684C1B01D001050F03D
:10E7680087C002082FF484C1341D021048F087C006
:10E7780084C16208AFF680C201C100C202C022A5EE
:10E7880041A503A53CF087C0DA0FEFF384C1361D1D
:10E79800021036F087C0D20D6FF684C19C1D0010A0
:10E7A8002EF087C084C12E08AFF680C201C100C216
:10E7B80002C025A544A506A522F087C084C1160875
:10E7C800AFF680C201C100C202C021A640A602A6BF
:10E7D80016F087C084C1FE0F6FF680C201C100C267
:10E7E80002C0041A4020001A8020081A002008F0ED
:10E7F80087C0720FEFF384C1E91D021004C0927044
:10E808009A06EDFF0C71067147F12240D0C7E078F7
:10E81800E6C06D7000465520CF0C0C716147001A98
:10E82800C2022FF055254C1B6485C38455250D1C49
:10E8380003338083C941CDF660A5A0870035881FC2
:10E8480000C000000133030260A400AA18F0C084CD
:10E8580003338083C9404BF760A4808701340C13CD
:10E868000133030360A500AA0AF060870133C300DF
:10E878000131CD100230C310AAA467A4E471A90F16
:10E88800F4801526CD010019C20227F06482DC123B
:10E898000C005522CE0D55220D0D03330083CEF604
:10E8A80060A6808700348C1F80C0000001330303FA
:10E8B800D01AC00000A964824085033380804CF7D9
:10E8C80060A540870032820F80400000013382003B
:10E8D80040A600A96571B90BF4901526C202C6C4FA
:10E8E800E8C3084558804831000007360F7048478C
:10E8F800000002368070803F00000736CE73C841A2
:10E9080000001A092FFDA7C1720FEFFC0036001096
:10E918000737821FC84100009015011102360370A5
:10E92800803F00004831010077A5003240002C707C
:10E9380003304080C6F60130800F003F000006F02B
:10E948000130800F00BF00004830C00214B5003607
:10E95800801F24BDCAA5260FCFFC02360070803F59
:10E9680000004A240071EC1D0010552502184024AF
:10E97800103383C0A82080020412010402364170BB
:10E98800803F000004185000020BE00383C0ED70C4
:10E998000640EA0EEFFC0036001040274F10F50F36
:10E9A8003291041810204A2400715425021E83C194
:10E9B800A82080020411000402360070803F000085
:10E9C800041A10001F855D8578150110AC150C1010
:10E9D8004A24C07042C05525031A80C041C140C2B4
:10E9E800A82000020410010407344110041B500041
:10E9F8002A1D0310361D4310351D4310C8C7E07883
:10EA0800E4C208455F20020FC340A000704CC34118
:10EA1800F0002C015E600019410067861CEB0022A3
:10EA2800820FA000A94CC340F0000000001A0300A8
:10EA3800B578CB44A0001442289013884084C5B808
:10EA4800027926A606EA607AA14086E867862686C5
:10EA58000709C500C4C600160270A000E841201EC0
:10EA6800011005EA607AA140C4C60F0DF110A1405B
:10EA7800BA088FEAC4C6DE0A4FEAC4C6E6C2084727
:10EA88005F270E1FC340F0002C01CB45A000A04C0F
:10EA980000184100D865560EEFFA09180300C34064
:10EAA800A0001442408006EAA166607AE14084E84A
:10EAB8000C708B58C6C6E078ECC2CB47A0008CE837
:10EAC800167F08450087F0265273F000E802CB460F
:10EAD800F00000001040B57E1CE80C71001F01100A
:10EAE8000A0EEFFA002851035F2500150020800F59
:10EAF800A00010518A0C6FF6AB219A2013169110C2
:10EB08002187489623200004A1405321512105F074
:10EB1800138E532051010422802F0100000005218B
:10EB28003EA009F2C340A000FC41208003E96079BF
:10EB3800A140C340F0002C0100184100CCC6E07889
:10EB4800EAC2104015260070F000E8024A100F864D
:10EB5800CB46A0008CE816260E1400101100A086E3
:10EB6800412F01165321408106F21AED2186104FDC
:10EB7800107A14F014ED5F2000252C71002901048F
:10EB88000020800FA0001051F60B6FF6AB219A0001
:10EB98002186001E0110F07A607D024013091E24B0
:10EBA800C340A000FC41208003E960790240C340D3
:10EBB800F0002C0100184100CAC6E078E4C2E1C4A4
:10EBC800FC1CC8B2FC1C88B2FC1C48B2FC1C08B275
:10EBD800FC1CC8B1FC1C88B1FC1C48B1FC1C08B169
:10EBE800E1C3E1C2E1C1E1C0FC1C88B76A25C010DD
:10EBF800E1C56A258010E1C5FC1C08BFA1C1C3405E
:10EC0800F000440100180102160D0FFB147143F2C5
:10EC1800CB45A000A86DCD70A140001C01302F2667
:10EC28000C102F2188830CF2C340A000308600808E
:10EC38004C716C70360C2FFB402404300426819FE5
:10EC4800FF0000000BF2C340A000148600804C7146
:10EC58006C701A0C2FFB402404300426819F000F8F
:10EC680000000AF2028508E84C716C70FE0B2FFB5D
:10EC7800402404306C26C19609F2018507E84C71DE
:10EC88006C70EA0B2FFB4024043000C003E8D60C5C
:10EC98004FFC8774C1C50A244073C1C56B25801019
:10ECA800C1C56B25C01004141E34C1C0C1C1C1C286
:10ECB800C1C30414043404140534041406340414BD
:10ECC8000734041408340414093404140A340414EA
:10ECD8000B34C1C4C4C26F243F00E078C100CFFB2D
:10ECE800E2C20F7DBA0A6FEAA1401A0F6FF0A14085
:10ECF800C2C6E07839044FEA75044FEA15034FEAB3
:10ED0800001E0070A0002886E07EE078E8C3822418
:10ED18000C345040084784C08A220C00C20BEFEA2A
:10ED2800284500874024833040240432402405339A
:10ED3800402406314024C730A1410242CE0FEFF1F2
:10ED4800021C433102C57D0D111003148E30AD70C5
:10ED58000C7004F08A253E16B4E802148130CF788E
:10ED68006109240004774F0855012520000006F0AA
:10ED78000AF010F014F01AF084C05208EFF881C1BC
:10ED880002A719F084C0E20F2FF681C104A713F07F
:10ED980084C0D60F2FF681C105A70DF084C0CA0F15
:10EDA8002FF681C10AA707F084C02208EFF881C1B5
:10EDB80003A701C01270A007EDFF0C71C571CAF15D
:10EDC800A140C8C7E4C3A7C108450488284614E879
:10EDD8004A24C070B84DC140A82080010410020424
:10EDE80004199000C3408C420000241D0110041D2A
:10EDF80003100AA54A24C0700C7084C4A82000031C
:10EE080015250110034E26811524021004710233C2
:10EE1800410020A284C02E0C2FF481C14A24C07066
:10EE280040250016A820800104160114041850007B
:10EE38008A854A24C07081C140244230A820C0027B
:10EE4800041103040C7003330083CA206900011AFB
:10EE5800120066096FF340244030402503190DE87D
:10EE680029854585C3400100805124711508640037
:10EE78004AA520A308F004852C7029A50AA504F04A
:10EE880000A30041038510710C70C4F700A381D85A
:10EE9800C4C7E078E07EE078E6C3A2C108460080F7
:10EEA80060444024C330402405314024863048471C
:10EEB8002845B60EEFF1031C43310214803023F0CD
:10EEC800390855012520000005F007F007F009F082
:10EED8000EF002860DF0048604F0058602F00A861C
:10EEE80081C3A1419E0E2FF6E14208F0038681C33B
:10EEF800A141F60EAFF8E142021480300471021C01
:10EF08000230031481300F78B9092580047701C0D5
:10EF18004128010200AD21ADC6C7E078E2C22C70DD
:10EF280010DA6040FE0FAFF88845001D0110C2C618
:10EF3800E6C3A2C108461816001460444024C33032
:10EF48004024053140248630484728451A0EEFF101
:10EF5800031C83300214803017F01B08B00081C3F3
:10EF68001D08710081C3C140A14186086FF6E142C6
:10EF780006F00386A141720EAFF8E1420214803018
:10EF88000471021C0230031481300F78CF09058008
:10EF980001C04128010200AD21ADC6C7E2C2084543
:10EFA8000C70960EA003A141420B2002A140C2C6DC
:10EFB80039030002E07EE078EAC382240C3950412C
:10EFC800084589C08A220C001609EFEA2846008500
:10EFD8004024C334402404374024053840240633F1
:10EFE8004024C736C1412242220DEFF1131C833061
:10EFF8001C141030630811201B148F300E700C7015
:10F0080003F08A203E26A9E813148130EF784B09D3
:10F0180004002508700083C13108B10089C103C606
:10F0280085C0D961BA08EFEA4C7405C1046E43C0C3
:10F0380029A50CF089C09E0F2FF680C201C100C21D
:10F0480002C027A546A508A503C03270B607EDFF84
:10F058000C71E571D5F10240CAC7E078483101006A
:10F0680007364270484700002C7003324080C7F6CC
:10F078000132810F003F000005F00132810F00BF0F
:10F0880000004831C102041843004831810048316A
:10F09800C1023579E07F23A0E2C3A3C1204208451D
:10F0A80080C1A2092FF4404000C381C14A2000005A
:10F0B8000411020404710332C080F908B280CA2323
:10F0C800890026858A204C071A6503334080D1F7CA
:10F0D80004850333008042002E00A14105850333D7
:10F0E80000805A002E006D741412C00034F0A14143
:10F0F80080210C07008961896D718968096B8D7B96
:10F108000D7C88233E028C243E924C002A0060A984
:10F1180088D90C712EF080210C07008961896D72E5
:10F128008968096B8D7B0D7C88233E028C243E9276
:10F1380060A952F688D90C721CF0A14180210C07F5
:10F1480001891411C3006D7304770D7C8C243E92E1
:10F1580060A98EF600AA2F2605F0200023000C7463
:10F1680080250C170015C310614005F088D90C7371
:10F1780020AA090B12000C73C2C7E078F2C38224DC
:10F188000C3D5042104155208D0E8DC08A220C0036
:10F198004E0FAFEA284626404024833340240435E6
:10F1A8004024053C402406344024C733C141424230
:10F1B8005A0BEFF10E1C433505C014701C022200D7
:10F1C8008A2404270F148E308A23042D8A200523CD
:10F1D8008A27051F56211528002454240023532468
:10F1E8000020502422770E148130CF783070DE0151
:10F1F8002D008A210800047794E0C2010D00252023
:10F20800000016F01AF020F024F02AF02EF034F066
:10F218003DF043F04CF057F060F06FF07CF087F071
:10F228008CF09BF0A0F0A7F0B4F0C3F08DC04608B6
:10F238002FEE84C100A5C3F08DC03A082FEE84C11B
:10F2480001A5BDF08DC0220B2FF684C102A5B7F031
:10F258008DC0160B2FF684C103A5B1F08DC00A0B23
:10F268002FF684C104A5ABF08DC00A082FEE84C127
:10F2780005A5A5F08DC084C1820C6FF986C286C130
:10F2880018DA5E0EAFEAA24099F08DC0DA0A2FF6BE
:10F2980084C10CA593F08DC084C1620C6FF986C23D
:10F2A80086C118DA3A0EAFEA824089F08DC084C16F
:10F2B8004A0C6FF986C286C118DA260EAFEA624098
:10F2C8007DF08DC084C1360C6FF986C286C118DA0C
:10F2D8000E0EAFEA024073F08DC084C1860C6FF742
:10F2E80080C201C100C202C05A1958205919982079
:10F2F8005B19182063F08DC084C16A0C6FF780C257
:10F3080001C100C202C05D1958205C1998205E191D
:10F31800182055F08DC084C1E20B6FF986C286C1F2
:10F3280018DABE0DAFEAE14049F08DC03A0A2FF66F
:10F3380084C1AC1D001043F08DC084C1260C6FF74A
:10F3480080C201C100C202C06719582066199820FE
:10F358006819182033F08DC01A0FEFED84C1BC1D59
:10F3680000102DF08DC00E0FEFED84C1C01D0010F0
:10F3780025F08DC084C15E0C2FF680C201C100C289
:10F3880002C06C1958206B1998206D19182017F0B5
:10F398008DC084C13E0C2FF680C201C100C202C0DC
:10F3A8006F1958206E1998207019182007F08DC011
:10F3B800C20EEFED84C1DC1D001004C052702A0695
:10F3C800EEFFC5718A203E06D2C7C3421300F47609
:10F3D8003E09200222400C70D2C7E078F0C3ADC1CC
:10F3E800084604888A250C190A2180210A2240210E
:10F3F80070445040304300268F1F0000D401DD6563
:10F4080007E8008D05E8C1407A0C600062414A2493
:10F41800C0706D704024093B402408304A20000029
:10F42800001D4310041EC212A8204007F02001202E
:10F438000031810F7A3D00000331C082C6F60131E8
:10F44800830F003F000006F00131830F00BF00006A
:10F458004833C30214210C1015200210047120A295
:10F4680060B48A25091FDD652C718BC2720B6FF1A0
:10F47800A1403D0C31200E7080C1220CEFFFC1402D
:10F488004A24C070004388C0A820800204130124C5
:10F498000031810FCC3DCDCC041850008A220C01DC
:10F4A800DA6288C10A0F2000C140104059170116BE
:10F4B80017E9C14080200B04008893E88BC2A14063
:10F4C8009E0B6FF14024133B4A24C07080C0A820D3
:10F4D8004002021341254831810004185000581792
:10F4E80000168A250C11DD650030820F744900244E
:10F4F80080C1C3432B3277CC40240434A140F60D9D
:10F508002FF14024133084C110DAD60BAFEAA140A2
:10F5180084C19E0C2FF1A14084C110DAC20BAFEA5E
:10F52800A1404024C1334024823396082000C140C2
:10F53800001903200E148030052010202F2607F410
:10F5480004F280D8001902202187408702874A24C4
:10F55800C07041C1424140C242C0A820C002041349
:10F5680000240030800F20410000041910000F14FF
:10F578008030483000000C1A0020D0C7004180219C
:10F588004C05E07F0089E078A3C14A24C07080C29E
:10F59800A820C00104100104BFB9041A500000C01B
:10F5A80081C22C7004120304247103330080F9090A
:10F5B800B280CA20C900E07FA3C0E078E8C38224F3
:10F5C800023A4847284608455620010F86C090DA77
:10F5D8000E0BAFEA402410364A24807180C0A82060
:10F5E800C0011C1001240418500003C184C24A2021
:10F5F800000004120304047103334080F708B2804A
:10F60800CA21C900C01500100331008044F7001E4C
:10F61800C31011F0BC1500100331008044F7001E20
:10F62800831009F0B8150010033100806F200B001B
:10F6380000AE8A204C05B86000880B089101001EB6
:10F648000310001F031080250C15208D008E0F0855
:10F658004000001F4310008E00ADC8C7FAC2FC1C52
:10F66800C8B6A2C11041008060444024C330402481
:10F678000531402486305042304055218D2EEA0E07
:10F68800AFF1031C4335021481308A2604178A27F8
:10F69800061B8A20050F8A2205098A2305038A2466
:10F6A800041D5621D72D5621D82C5621992B562189
:10F6B8001B2800211620002194200021D52000219C
:10F6C8001323227622776DF0CD08550525200000FA
:10F6D80015F017F017F019F019F01BF01BF01EF0D9
:10F6E8001EF021F022F025F026F029F02EF036F059
:10F6F8003BF03EF03FF042F047F0008547F00185CF
:10F7080045F0028524F0038522F0048520F0058564
:10F718003DF081C3634015F00C851AF081C3C140E8
:10F728000FF081C362400DF081C3A24009F081C38C
:10F73800824016F081C3234012F081C3C2400241C7
:10F74800D60F2FF9424228F0AC15001081C30241B0
:10F75800320EEFF5424220F081C3034002412208F5
:10F768006FF7424218F0BC15001011F0C0150010D8
:10F778000DF081C3E14004F081C3E2400241720808
:10F788002FF6424208F0DC15001081C30241020B3B
:10F79800EFED4242021480302168021C423003140B
:10F7A80080302F7925086580096901C04128010248
:10F7B8000018022001184220A2C004141B34DAC623
:10F7C800E8C3A1C14845284660402C7010DA884734
:10F7D800520F6FF87040D570CD7008F2470D91192F
:10F7E80000188321CD711FF04A240071C342130011
:10F7F800E4760C70A82080020412030480C11C6106
:10F8080004713825C11020AC4E0AEFF380C00BE814
:10F81800CD740018432001188320021843210318CF
:10F82800C321C0A7C8C7E078F2C3A2C108450080B9
:10F8380060444024C330402405314024863050457C
:10F848002846260DAFF1031CC331021480308A21EB
:10F858000C298A208C258A274C158A220C218A217A
:10F86800090C5625141F5625531E0021512300202C
:10F878005023BF67002252233D653FF07108D50130
:10F888002520000007F01EF00CF013F018F021F00E
:10F8980027F081C36240C141AE0F6FF9A24228F040
:10F8A80081C3A140C1414A0FEFF5A24220F081C3B4
:10F8B8004240C141BE0BEFF8A2421AF0008F0BF094
:10F8C80081C38240C141260DEFF9A24210F0001019
:10F8D800802081C3C1419A0E6FF3A24208F0001143
:10F8E800802081C3C141B60AAFF8A2420214803019
:10F8F8000471021C0230031481300F7881092580BD
:10F90800047701C04128010200AE21AED2C7E078D9
:10F91800E2C208450C703A0D6003A141FA09E00102
:10F92800A140C2C6EEC38224073550412846104084
:10F938005624803D2C7024DAA8450A230021704201
:10F94800E20D6FF856248F3D4A24C070A82080012C
:10F9580004150014101F10108D700A2140146C70CB
:10F968000A2080144C705A2280014A24807156243F
:10F978004D3B7860157D0A23001221410C7080A54B
:10F98800A82080020C130714181106040036C601BB
:10F998000130800144710574CF0AF28000A56471BA
:10F9A800C10BB28125745524C83F5524C93F0A2686
:10F9B800800415201E134C7022430C704A24807159
:10F9C8001420010015264D300A27800168432C7049
:10F9D800001D8010A8208002041305140C170404CD
:10F9E8000034440101310101047118E3D108B281E6
:10F9F80020A50A2480044A2480716D70214180402A
:10FA0800A82080020C1007040C1103040033C30162
:10FA18000133CB10142280005624813D986001499F
:10FA28000024833F00004401447101334110157BD9
:10FA38008474C70AF28020A385712574770CF2902C
:10FA4800C4745624403B0024813F000044015524DF
:10FA5800423B420D6FF855244D3B2C704A24C07030
:10FA6800A14262404A230000A820800204100B042F
:10FA780018120C040034CC1201330303204E152055
:10FA88004220247101330000A574D509B281721A8D
:10FA98001800552400392C7024DA8A0C6FF8552484
:10FAA8000D394A248071A8204001071D5310AD70FC
:10FAB8005524483B4A468D704A24C0700141C140D4
:10FAC8006D70A820C002041003041811020400324B
:10FAD800C20001338B105A248011552401398571D5
:10FAE800BA6033218000402407300CE6483080009B
:10FAF8000230C10215278000C10CB29120A0A57167
:10FB0800B50DB2910574AC704C7015208420224359
:10FB18002C705A2180014A2480710A23C0111524AF
:10FB2800080068440C7078185811A8204003041481
:10FB3800061418130914003189110130400278188D
:10FB480018102471CF09B28118E34471BF0AB28139
:10FB5800E474CEC7E6C3822402344A24807108457F
:10FB68000A2780105620400EA820800104110204A4
:10FB78000418900080C02C7090DAAA0B6FF880C629
:10FB88004A248071A8208001041700141C1E10103C
:10FB98005625001F80C14A0D6FEA90DA0C709C1D33
:10FBA80018109D1D18109E1D1810C6C7F0C3BCC1A3
:10FBB8008A214C253042ED70104000208D0F000046
:10FBC800BC020021112099C1424068465043331CB1
:10FBD800C233720EAFF35424943C4A24C0700C70A4
:10FBE800A820C00415200320F0240120D813030006
:10FBF8000024823F000061001A620331C080047152
:10FC08006F210B0020AA0024803F00006100260A13
:10FC1800CFF20011812029E86109D5012520400093
:10FC280007F02CF02DF02AF046F059F065F0178512
:10FC38003F8541684508620057A5841502968515D9
:10FC480001968615009649C24AC14BC04020022839
:10FC580086C1024000198320F7A548C747C7FA0E96
:10FC6800EFFF46C70AF00F09700180208C250018A5
:10FC78004220F7A50019432133148030D0C71785D7
:10FC88005424043C4024C53C047117A50240424159
:10FC980062425A092000C1435424C13B98C2220938
:10FCA800EFFF02405E148030AD08D1000019032137
:10FCB800F7A5E4F10024843F00005F004024C53C20
:10FCC80002404241624226092000C1435F1480304D
:10FCD80054E800198321F1A5D0F1178539850471FD
:10FCE8009908628017A580208C2500108020F7A530
:10FCF800FF1802A0C2F117854A24C070047117A525
:10FD08004A200000A820800315200120F0220320AB
:10FD18009C11010699C2157A02334100047120A290
:10FD28006A08EFFF99C03185E71193A008460130B2
:10FD38004000350BB52211A540234020E71902A049
:10FD48000F7815200020B4189803E71193A04415E4
:10FD580012101EF03C851785210903800019C22363
:10FD6800F7A58CF146858A210B06027102309200B4
:10FD78008DC024DA6A0B6FEA441D8014024080208B
:10FD88000B058DC128DA5A0B6FEA56C67E15019607
:10FD98004833002000304000033200A048F7F1A5A6
:10FDA800E719C2A3F7A50019032168F13B85178558
:10FDB8003070C806CCFF8415029685150196861505
:10FDC800009643C244C145C04020022880C1024079
:10FDD800F1A5E719C2A3F7A542C741C77A0DEFFFFE
:10FDE80040C7001983204AF1F2C38224053A8A25C4
:10FDF8004C15CD700A2440210A2100217043484344
:10FE08003040104255204F081D65001D8203570BD6
:10FE18007100001C82034A24C0700C70A8204004A2
:10FE2800152202209C120306F02001200024823FA4
:10FE380000005C01157A0231C100047120A200247F
:10FE4800803F00005C01460F8FFF2C870330408005
:10FE580068000C0000194320098D14701802020074
:10FE6800E7F0424080208C07208803E9C0A8562488
:10FE7800C13961404209EFF05624D5390C7000248D
:10FE8800813F000014014A24C070A2430A224000A6
:10FE9800A82080010C130C04041A10030471A67422
:10FEA800E708F2800CE1430B30215422812A370BFA
:10FEB800F1205422812D19F027158110498D3072B7
:10FEC800700106000330808F20410000A8012C003B
:10FED80044719F17011649AD013040009F1F18104B
:10FEE800D2C74022012F5524C03FF6096FEA18DA1D
:10FEF80095C02C7090DA2E086FF85424953A4A244D
:10FF080080715524C03FA820C001041001041C1DA5
:10FF180050204A2400795622012F95C0A82040027B
:10FF28006080041102040132C200041890005622B5
:10FF3800412E5524403EAA096FEA18DACC70C8430E
:10FF48004A24C0701423C01240204802A820C005CB
:10FF58003320870F130090760024813F000014019E
:10FF68000349402409334837810015210C10152115
:10FF780002120471057160A420A26571C50BD290AC
:10FF88002C704A24807115228C215524423E21432D
:10FF98004A2000009C1C9813A82080020412080420
:10FFA8000C130B0400330B120130C002C47125740A
:10FFB800D30EF2809C1C18104A24C070A82040045C
:10FFC80015224020F02043209C1000060024823F88
:10FFD80000005C01357A02330000247100A2230B73
:10FFE80010210024803F00005C01A20D8FFF2C87A8
:08FFF80003304080C5F6008DC6
:020000040803EF
:100000006508B1006C714087218702876C7041C11F
:1000100040C242C00019C2205524413E95C283C34C
:100020000024843F00005C01402405300209EFFFFA
:100030004240001C4320D2C71AF44832010000306D
:100040004300013140009F17011602330C000331B9
:100050000083D6F6013300000331008050F7016AB7
:1000600009AD0BF1438724870587D3F1CB09858040
:100070000330808F803F0000FE05C6FFC9AD9F1F83
:100080009813D2C799028001E6C3A6C108458A2009
:1000900007051F65E1404E0A6FF828460330808F40
:1000A0007A440000820026004A24C07083C383C0C3
:1000B000A8208002041601140031810FCC3DCDCC64
:1000C000041850004A24C07080C1A820C002041740
:1000D000021404130004023080000419100000C64A
:1000E00001C402C303C204C105C04A240071731DC8
:1000F00018139E1D1810721D9813741DD8109D1D85
:1001000058109C1D981080250C114A200000A82032
:1001100000033320810F130084760471483181007D
:10012000041D501004F05E0BA001A140C6C7E0788A
:10013000E07EE078F4C382240F355043104255240A
:10014000403D8A220C00A20F2FEA28454640402459
:100150008333402404355524053D4024063440248F
:10016000C733A1416242AE0B6FF10E1CC3311414B0
:10017000113036707EF40F1490308A240C218A27B7
:100180000C198A268C158A254C155622562E562275
:10019000152F2E700C7000249424427742764275FD
:1001A00064F00E148130CD0924000477AB08D5012A
:1001B0002520000007F038F013F023F02DF040F078
:1001C00045F05524403D84C16A0E2FF95524823BE9
:1001D0005524813B18DA120F2FEAC2403DF0552416
:1001E000403D84C1F60DAFF580C201C100C202C01E
:1001F0009D1A58209C1A98209E1A18202DF05524DC
:10020000403D84C15A0AAFF886C286C110DADA0EC0
:100210002FEA824021F05524403D520D2FF384C136
:1002200000AD1BF05524403D84C1AE0BAFF98AC22E
:100230008AC190DAB20E2FEAA2400FF05524403D59
:100240002A0D2FF384C100AE07F05524403D4A0922
:100250006FF884C100AF04C072700C7104F70671AE
:100260000C7004F08A213E263B0830802F200704C2
:100270002240D4C7EAC3A6C1409200208D0F0000DF
:10028000BC02104048320200BB150096073682704F
:1002900048470000CB46C8410000483080008D70C0
:1002A0004831030003328083CA2685100030800362
:1002B0008A228C070030800F833A6F12027203305B
:1002C0000083C7F60130800F003F000005F00130C9
:1002D000800F00BF0000BA1501960736D17048475D
:1002E0000000483181004830C302003640104833D6
:1002F00081000030800F833A6F124831C102033011
:1003000000833CA5C6F60130800F003F000006F0D8
:100310000130800F00BF000007364C74803F0000A2
:100320008B1501964830C30248318000003600101A
:10033000483381006C704831C1023BA50034001085
:100340009EA50030800F833A6F120330C080C7F63D
:100350000130810F003F000005F00130810F00BF28
:1003600000008C1500964831C1024830800032AA46
:1003700000360010003400100030800F833A6F12F6
:100380000330C080C6F60130810F003F000006F048
:100390000130810F00BF0000901500964831C10266
:1003A0006C704830800033AA003100200030800F8C
:1003B000833A6F120330C080C6F60130800F003FD1
:1003C000000006F00130800F00BF0000081501900A
:1003D0004830CC0260AA48318000FE1AC480003642
:1003E000001077A5483481100030800F833A6F12D7
:1003F0004831C1020330C0803FA5C7F60130800FED
:10040000003F000005F00130800F00BF00004830C1
:10041000C0026C704830800055208F2E0036811F3E
:10042000CC3ECDCC4830C0020331C08019A5C7F600
:100430000131800F003F000005F00131800F00BF47
:1004400000004830C1028A20090F02705A0CEFF0F8
:100450003EAA8A200B0502702C7029DACE0A2FF8EA
:10046000C018192040200022E0DA7E0C2FEAE1417A
:100470008A210407027180C018DA6E0C2FEA80C747
:100480004A2480714020012FA82080040417001402
:100490000030800FC8410000073080030030800F1B
:1004A000C842000007304004041910008A21040DDE
:1004B000027180C018DA320C2FEA80C74A2480719A
:1004C0005420812AA8208004041700140030800FD3
:1004D000C8410000073080030030800FC842000090
:1004E00007304004041910008A210503027180C0FE
:1004F00018DAF60B2FEA80C74A2480715420812D28
:10050000A8208004041700140030800FC8410000A8
:10051000073080030030800FC842000007304004DD
:1005200004191000B6150096C34148410000033677
:1005300040900030800FC8410000CA2645100730A7
:100540008003041843207E1D1890CAC7E6C20845E0
:100550000281458584850030830FCC3DD0CCCB47CC
:100560000E42A1C20032800F663F666643850130AD
:10057000CB000D70141DC012018162810146023052
:100580008E00008142850233030302A50230800001
:100590004181BFBEBFB801308003BFBB43A501305E
:1005A000C20002810332C083094104A54F2700160F
:1005B000E48D80816181CA26690003320080CA21EE
:1005C0006910F570CA2181115023C6075024C7173E
:1005D00002378001CB464B4378F1BFB803308083AC
:1005E0000C7494F742810332008290F703378081C4
:1005F000C7F6033400920C72CA20EB0006F00333F6
:1006000000820C70CA206B000733821F7A440000FE
:100610007FDB17BB0332C08006F603320082404303
:1006200042F76C70C2B84A682B0AB5008D7103336B
:10063000808FA33C0AD70C70CA2069000333808FD7
:100640007A3F48E16F220B000D70447803368083B7
:1006500014F08D7096E80333808FA33C0AD70C709A
:10066000CA2069000333808F7A3F48E16F220B0074
:100670000D714478033780836F220B00047A04F0F5
:100680004C708D70310F7010CD70F570ED7047F4B7
:100690004509101003EA1C8D1EE8198DED700471D8
:1006A0000D797B09720219AD191D03121B1D431030
:1006B000ED7035F0188D04710F7B430BF40218AD0B
:1006C0001A8D4B08F402A1408A0ACFEF1C1D43107B
:1006D000ED7025F0198DED7004772F2605F03E00A2
:1006E000230019AD1B8DED70D9AD19E8ED70DBADB0
:1006F00015EA041D4310ED7011F023093010ED7060
:100700001A8DED7004711AAD09F0ED7004EA1F083E
:100710003010ED713E0AEFEFA140F5708A207E00A7
:100720001C7684264210C140C6C6ED7074EC02816E
:10073000ED70BFB80330808F0C4402366CF7ED715A
:10074000EAF1E078E8C382240C345040084584C0C4
:100750008A220C00284792092FEA84C6008540248B
:1007600083314024043240240533402406304024A1
:10077000C731E14102429E0D2FF1061C833002C0B9
:10078000A4E807148F300E7115F01F08B00080C167
:100790002108510000C00966047140C0360B2000DA
:1007A000A140104006F0C60FEFF284C0391D0210C0
:1007B000E57106148130EF78D30925802F2607F4E0
:1007C0000C7004F48A207E06C8C7E078E4C28488EE
:1007D00006EC001F03000418030004F0001F430090
:1007E0004A24C070402009020A2340120A248011C2
:1007F000A820800104130814041C10126D703A1014
:100800008C0048340C100C1E000383830334C09208
:10081000C6F601348C1F003F000006F001348C1F27
:1008200000BF00004834CE12CF7C8C24C39F1CF242
:1008300039108D001D0C64134A24C0700A24C010A6
:10084000A820800104140B140419D0123A18820352
:100850004A240071001F0300A820800104130C0427
:10086000041E10038043020B20000A244001C4C66A
:10087000E07EE078E6C3A2C10846008060444024E0
:10088000C330402405314024863048472845E20CD7
:100890002FF1031C83300214803015F00F089000F4
:1008A000190851003816801003F03916801081C3E2
:1008B000A141C60EEFF2E142021480300471021C25
:1008C0000230031481300F78D509058001C041281A
:1008D000010200AD21ADC6C7F0C3A2C150412845F9
:1008E00010402C7010DA60400A2400213E0EEFF711
:1008F00068464A2740104A24C070011C8330021CFD
:10090000033560C717ED4024403180C1A8200002A4
:10091000011182043822420401189200720EAFF4D1
:1009200040244031E9083000AD70AD72E0AEA1AEB8
:1009300087F00C70A820C00280C1096140244231B8
:100940001A6204713821410420AA460EAFF44024F3
:1009500040316E70AD7005E8AD72E0AEA1AE0640FC
:10096000D342130000773908B10142434A22000004
:10097000041300044024C13059614471382100201F
:10098000F10AB28000A9AA0E6FF54024C03007E832
:10099000B866A572E0A80118830006403708F10187
:1009A000402203224A220000041300044024C130E4
:1009B0005961447138210020F10AB28000A9720EF9
:1009C0006FF54024C03007E8B866A572E0A80118AA
:1009D00083000640502000006708310240221224A4
:1009E000041200244024C130627166713821002055
:1009F000F10BB2A000A93A0E6FF54024C03021E8F7
:100A0000BE66A572E0AE011E83101BF006401308FF
:100A10009101210971250C76E0AE0640AD711508F3
:100A200051021109F12509D8B866E0A8A571064060
:100A30000F0991250B08F101BE66A571E0AE001CFF
:100A40004023D0C7E6C3A2C108460816001460447C
:100A50004024C3304024053140248630484728458F
:100A60000E0B2FF1031C83300214803018F01B088A
:100A7000B00081C31F08710081C3C140A1417A0D3C
:100A80006FF5E14207F032168010A141EA0CEFF257
:100A9000E142021480300471021C023003148130E0
:100AA0000F78CF09058001C04128010200AD21ADBA
:100AB000C6C7E078E2C208450C70B60BE002A1415F
:100AC000420D6001A140C2C639054001E07EE078D8
:100AD00000429FE10C70E020CD070C71E07F381AD6
:100AE0004200E078E6C382240C374847084587C0B7
:100AF0008A220C00F20DEFE9284600854024833459
:100B00004024043340240536402406354024C734AD
:100B1000C141E142FE092FF1121C833003C0A2E85B
:100B200013148E3018F02508B00085C12708710015
:100B300087C085C1A60C6FF580C201C100C202C08A
:100B400023A542A504A507F0220CEFF287C03A1DA9
:100B50000210C57112148130CF78CF09058003C00F
:100B6000C6C7E078EEC3AAC138108C000845884794
:100B700068465041410C3F1030404A24C070E1416A
:100B80000A200004A8208001041002040419900027
:100B90003A1580104A24C070C141483002002240FA
:100BA0000C1F8010A8208001041003040419D00039
:100BB00043A668F04285238504853A15921044C106
:100BC00043C21B0CFF1045C004C103C205C00A2369
:100BD000802441C140C242C013F04F853085118549
:100BE0004815931041C140C2170C3E1142C001C1CB
:100BF00000C202C00A22C02444C143C245C04A24E4
:100C0000007122410A208003A820800104110204FF
:100C1000041890002C7380C22240F60BEFF1C14300
:100C2000608641864833002022864A24007149C0EC
:100C300046C34A20000086C347C248C1A82000031B
:100C4000014B1526021020A2F020012015270210CA
:100C5000047120A22C7383C20240B60BEFF1E14372
:100C60004187228760874832002047C249C048C177
:100C700086C110DAE140720CEFE946C338158C10DA
:100C8000270C7F102C74210CBE1014E52C7402402C
:100C9000E143460D2FF3A1422C742240A1423A0DAC
:100CA0002FF3C143CEC714E50240E143920BEFF1AD
:100CB000A1422C742240A142860BEFF1C143CEC762
:100CC0004A24C0704020020F40200102A820800169
:100CD00004110304041AD0003A10810004184300E0
:100CE000E07F48184200E078EAC3A9C1304086C1DD
:100CF0004847CE082FF80845F20FAFF886C0D34119
:100D0000DB2EFFE603304084CD70D7F6360F4FF66A
:100D1000350813225308502065089020A50811219A
:100D20002085428561855221C10741C640C20030FD
:100D3000CE0042C146F021854085028541C140C2B6
:100D400042C040F04F081022610810287508112495
:100D50002185408562855221C10742C641C20030CB
:100D6000CE0040C12EF02285418560855221C10709
:100D700040C642C20030CE0041C124F021856085CA
:100D800042855221C10740C641C20030C00042C165
:100D900016F06185228540850030C0005221C107D0
:100DA00041C642C240C10CF0208562854185522176
:100DB000C10742C640C20030C00041C15220CE0728
:100DC00080C083C1FA0FEFF780C5220FAFF883C050
:100DD0000136811F803F0000033040840031810FC5
:100DE000003F000044002C002F3340007FD917B98A
:100DF00003364090CA264910013002004A24C070D0
:100E000002368073803F0000073080002F320000E0
:100E10000A20C003A820000204150114003241007A
:100E20000418500063A7CAC70C7063A702A701A7E4
:100E300000A7CAC7F6C3B5C12846104492C1C14035
:100E40000A2740210A2500217040760FEFF7484518
:100E5000481412305014133013C70186228601370C
:100E6000D614402611120032822F6B3CFAED52202C
:100E7000C007033680A04EF7013382246C702F32F6
:100E800080000331C080CA21890004F65222C107C4
:100E90005E0A4FF200A50086560A6FF22F318005D8
:100EA0000018002000858D705220C00700A5264044
:100EB0000330008387F706405220C0070018002047
:100EC00026403FD901378314033000834C7018B992
:100ED000CA2266000333408044F784EA418627F043
:100EE00001338324418603334080C33205833E00AF
:100EF0002500033200830E010600C34335BFF3040F
:100F00000332C080FE002C000330C0802086CDF666
:100F10000330008345F70331808F353FF304E80049
:100F200026000331C080E0000C00208645C246C088
:100F300044C184C020D98BC2B20DEFFF8BC580C0E5
:100F40008BC1A609EFE910DA02C001C103C300C2D8
:100F50005220C0075221C1074CC34DC24BC04EC1E5
:100F600087C28240B6082000A1410AC182096FF2FF
:100F700009C00030800F00C000006C700330C080DA
:100F800045F70130800FC940DB0F001D00202640CF
:100F9000408621860330C08051C08FC04FC250C1EF
:100FA00057F720D9460DEFFFA14280C08BC13A0907
:100FB000EFE910DA02C101C000C303C221A552202B
:100FC000C1075223C00740A522A503A505F010D9EB
:100FD0001A0DEFFFA14287C2824042082000A141C2
:100FE0000AC10E096FF209C0013001000C70033113
:100FF000008046F70131810FC940DB0F001F402000
:10100000D6C7208644C145C246C084C010D98BC211
:10101000DA0CEFFF8BC5A6F1E6C080816380C38147
:10102000A08004110B00E2800033080381800035AA
:101030008313A2810037CB12013303020233C302B0
:10104000484300344C130133030360A28081628063
:10105000C381A180E1814380003306038281003592
:10106000891360800032C803013182110033030309
:10107000013202020232C200041B801080816180B2
:10108000C381A280E1814080003306038281003564
:10109000891363800032C8030231821100330303D5
:1010A000013202020132C200081B80108081608080
:1010B000C381A3804181E1800033080300358C1394
:1010C00000378310428122800234001200318100F7
:1010D0000230C000023040000C1B0010C6C4E07893
:1010E000408102A15470E07C2181007AEEC3A5C149
:1010F00008470080402483324024043340240534D0
:10110000402406304024C73250432846060CEFF0F6
:101110000A1C83300C1411305B0911200A14923020
:101120000B1490302E700C7003F08A213E26A3E839
:101130002F2007043F0A04201F08700000C52D0857
:10114000B100B96681C0A20FAFE94C7401C0A574AB
:1011500040C507A70AF0B96681C08E0FAFE94C748D
:1011600001C0A57440C502A7C30B64A30C7106712E
:10117000DBF12240CEC7E078E4C3A7C14A24C070A7
:10118000084528460C7084C4A820000315250110CA
:10119000034E24811524021004710233410020A261
:1011A00084C0AA082FF381C1048D4025031412E8DE
:1011B0004A24C0706041C140A8208001041002048C
:1011C0000419900046D80C1D0110041D031007A53A
:1011D0004A24C070A820800104160014041B1000CB
:1011E00007854A24C070402441304830030081C044
:1011F000A8208002041002040332C0806F220B007A
:1012000001199200360C2FF24024403014700C70FB
:101210002C7004F22385247142850D0A650023A5F4
:1012200003A581D8C4C7E078E07EE078E6C3A2C118
:101230000846008060444024C330402405314024E7
:101240008630484728452A0BEFF0031C83300214F0
:10125000803013F00D08900015085100028603F04D
:10126000078681C3A1418A0BAFF7E14202148030A7
:101270000471021C0230031481300F78D9090580F3
:1012800001C04128010200AD21ADC6C7E2C22C70E9
:1012900010DA6040960CAFF78845001D0110C2C6F9
:1012A000E8C3A2C10846008060444024C330402403
:1012B00005314024863048472845B60AEFF0031C24
:1012C0008330021480304026101418F01908B00042
:1012D00081C31F08710081C30386A141120BAFF7C0
:1012E000E14207F00240A1410E0D2FF5E142021448
:1012F00080300471021C0230031481300F78D10950
:10130000058001C04128010200AD21ADC8C7E078C9
:101310002C7046DBFADA0418430020A067A042A034
:1013200026A025A024A0E07F23A0E0782C7046DB37
:10133000FADA0418430067A042A026A025A024A042
:10134000E07F23A0E07EE078EAC382240C3950419C
:10135000084589C08A220C008E0DAFE92846008519
:101360004024C33440240437402405384024063345
:101370004024C736C14122429A09EFF0131C833042
:101380001C141030630811201B148F300E700C7069
:1013900003F08A203E26A9E813148130EF784B0928
:1013A00004002508B00083C13108710089C103C65B
:1013B00085C0D961320DAFE94C7405C1046E43C0DC
:1013C00023A50CF089C0160C2FF580C201C100C204
:1013D00002C025A544A506A503C03270B607EDFFDF
:1013E0000C71E571D5F10240CAC7E07848310100BF
:1013F00007364270484700002C7003324080C7F621
:101400000132810F003F000005F00132810F00BF63
:1014100000004831C10204184300483181004831BE
:10142000C1023579E07F22A0E8C382240C34504009
:10143000084555204F0884C08A220C00AA0CAFE949
:10144000284600854024833040240432402405335C
:10145000402406314024C730C1410242B608EFF0B3
:10146000021C433002C6EF0E111003148E3002141A
:1014700080302B088403CF781108710084C02E08B7
:101480002FFA81C1201F021001C0C7082420C57196
:1014900002148030CF79E308458020178010B70808
:1014A0003000CD707DD8CD708A26D5378A25840C42
:1014B000CB440000E67884DBC34200009C6CC3414F
:1014C00000006475C3440000AA7EC3470000BE0A42
:1014D000C346000096E8CB410000EF418A2081120C
:1014E0008A2302188A2704301FA500A70C703E1D0E
:1014F000C511581D4510181D05131A1D0513221D71
:10150000441190B574B553B535B5421D04114E1D47
:101510008417501DC411521D8417541D8411561D6B
:1015200044124C1D0412401DC412441D8413CAB53C
:10153000CBB5481DC417D7B5D9B5DBB5DDB5C7A741
:10154000AA0C6003C6A79E2006041AB503F08A26DB
:101550003E16C140C8C7E078F8C3A8C14A2400714C
:1015600050450A2680210A2440210A27002178407C
:10157000084755200D0880C24A260010A820000701
:10158000041100040030800F03406F120330808389
:10159000C6F60130800F003F000006F00130800FDA
:1015A00000BF00004830C002483080004830C00210
:1015B000041A1000820C200100C010407A0C200197
:1015C00001C000201020720C200102C0320960000E
:1015D00002700E79E140420D200030422897104001
:1015E00010492F2006800A00030013780E78483037
:1015F00080000030800F003D00000A090FF54830E0
:10160000C0022A17531112175111A60E60020E784C
:10161000483080000030800F003F0000E6080FF5E2
:1016200000422240D20E200062412A9F5B978B9796
:10163000689F1E2113001824D11009B705EAE14064
:10164000520D200042412F2346042F22C60440277A
:101650008C16B84F7072CA2109030E9F00115101F8
:101660008E0D20002C710EB7489F309F0E0B20016D
:101670000F9F4897319759612E7B0B08E3000FB7F6
:101680002FB7339F129FF60A20014E7A349748975E
:10169000314A2E7B090B230012B732B7359F4E78A3
:1016A000DA0A200102422F9F4E702109230408B755
:1016B0002C1780101E1F041488E80E9F0D090320AC
:1016C0004E71CEB72C1F8214129F0F080320241FC7
:1016D00004142C1F8213189F160D20002C716C719E
:1016E00018B7530A3020001C8224179714700C710D
:1016F0000AF239971A9758972A78346A2E790E7811
:101700003E2100003B9706E95C973D973D21830011
:1017100015E815EB1F973C17811041092500402162
:1017200050002F21070410713C1F0214CA202520ED
:1017300030F0189F2E70324064F0441700113C1FA7
:101740008213AA0A6003C0B89E2006045427881892
:101750000E702E711AB74EF0589F1A9F746A1B793B
:1017600062792F2146800A00030033792E794017D1
:1017700003111309E3000E710E72001C0224589726
:101780001A9F4217411104BAF20920014E7A1AB782
:1017900044170011560A6003C0B81E2000045427E5
:1017A00088182E702F26078023F24617011148173C
:1017B00009116D714A20002000214202412A0002D5
:1017C0000F78402803025079627A65710B22808F6E
:1017D000000080FFC02062002F24C7127921010081
:1017E000D90E258300201020461F441002F00E70F1
:1017F000001081100C70D8B7C0B9DCB74A1F421076
:101800004C1741111B090300441700113C1F8213A0
:10181000DA096003C0B89E2006041AB702F01A97CE
:101820002F2206801000230010790C708FB8090950
:10183000000033781D79CEB9172040002F2608F01C
:101840000D0A3300C02162003078137918972E7981
:1018500004B80E78130842004A17801005E8001CEF
:1018600043204A1F8213D8AD00148C2008170B1098
:101870006485438725858A203E009570CA20210013
:101880003670CF20A2013D23C8023D218300307273
:10189000CA23010218AD87EB85B8101DC01245A5FB
:1018A00018AD7E873F87290B4400878528853D2416
:1018B000C8123D218C003072CA24011288EC83B812
:1018C0001C1DC01248A52C7018AD03F0216B60855B
:1018D00081852B0B24033EA7828523853D24C812D6
:1018E0003D218C003072CA24011289EC84B8081D95
:1018F000C01243A52C7018AD02F0216B448F20A5B7
:1019000005EA4520000EC4AF18AD001E0220028774
:10191000238783850020008402A7001D0020028504
:101920004121018023A700200084248546C005852D
:1019300041240C9000210184412000804C7086C31A
:10194000041D802347C444C145C084C0444B404863
:1019500015208D3015278120447180A5EF0AB280B3
:1019600000A1D8C7E07EE078E6C3A2C108460080A7
:1019700060444024C3314024053040248631484728
:101980002845EE0BAFF0071C4330071483300614D4
:1019900081302B0B44002F781708510000C041689C
:1019A0000F0FA410B860A4168C1040C280A8247138
:1019B0002F78E70B0580061C423000C04128010249
:1019C00000AD21ADC6C7E078E8C2484530402C7074
:1019D00010DA60408847560D6FF768460F083020D0
:1019E0000C700B0DD11F0C7100AE00A7C8C6E078BB
:1019F000E6C3A2C10846008060444024C3304024AE
:101A000005314024863048472845660BAFF0031C5B
:101A100083350214803073F0D90895052520000025
:101A200016F018F018F01AF01AF01CF021F023F05C
:101A300023F025F026F028F028F02AF02BF02EF0E5
:101A400034F03BF03CF045F045F04DF017860BF0DC
:101A5000188609F0198607F01A8605F01B8603F030
:101A60001C8681C3A1413208EFECE14242F00F9E97
:101A700016F0129E14F0089E12F02C16801035F00D
:101A8000189E0EF00E9E0CF0099E0AF046160011EC
:101A90000DF04A16801029F07416401181C3A1413F
:101AA000560C6000E14226F01C9681C3A141DE097C
:101AB000EFF3E1421EF03C16801017F023860286F9
:101AC00040240431A142460AEFF9E14312F01E8698
:101AD00003F08016001081C3A141160B6FF7E1429D
:101AE00008F09816801081C3A1418E0C6FF2E1427C
:101AF000021480300471021C0230031481300F780C
:101B000019092580047701C04128010200AD21ADEB
:101B1000C6C7E078E2C3A2C1084597801880541573
:101B20004611561545114E154411501543115215C5
:101B3000421141C080C02609200040C40041581510
:101B4000001101C200C358A577A518E81A85998528
:101B500054154611561545114E1544115015431193
:101B60005215421141C080C0F208200040C401C299
:101B700000C300415AA579A52040C2C7E2C208456A
:101B80000C70260B6002A141DE0CE000A140C2C631
:101B9000E2C3A2C108451C805B858C7041C040C275
:101BA00080C0C3420000C83BC343FFFF39C4C345E4
:101BB00000009137A6082000804601C100C21470C1
:101BC0003CA55BA5C6F6741540111F08130007F06D
:101BD0004BF674154011130852003C951378741D90
:101BE000041001691CB5C2C77D04C0001961C3405F
:101BF0000000FF7F1071CA21090007F60B09830F4F
:101C0000FFFF00802168E07F2E78E078E6C2284759
:101C100010D95E0D60000845084610D9520D6000CD
:101C2000E140C7780E784A0D60000FD9FD6594E851
:101C300010D93E0D6000A140C7780E78320D6000CB
:101C40000FD90AE8D570C340FF07FFFF6F25431087
:101C5000CA250910A140C6C6F0C230434979CD70EB
:101C60008DBE0847D8610ED90A2280210A21402161
:101C70000A240021FA0C60006845960FEFFF2187C7
:101C80001E25C114001710100845D861E20C600031
:101C90000ED900417A0FEFFF02401A25411410407F
:101CA000D861CE0C60000ED90041660FEFFF0240F4
:101CB0001E24C12401A7D861B60C60000ED91A25D4
:101CC00081141040D861AA0C60000ED90041420F67
:101CD000EFFF0240C3410000FF7F1709620300A726
:101CE000D375FFFFFF7FCA21490303F6326E2E78BA
:101CF000D0C6E078F1C01E210C000C7003320080C9
:101D0000C6F60132800F003F000006F00132800F5E
:101D100000BF00004830C0026C70483080008FBBAC
:101D20004830C202304B4C787D7998603860420C64
:101D300060000FD9D1C0E07F0E78E078E07EE078D7
:101D4000E8C382240C345040084784C08A220C0027
:101D5000960B6FE9284500874024833040240432E5
:101D600040240533402406314024C730A1410242BB
:101D7000A20F6FF0021C833502C5B570BEF40314C8
:101D80008E30AD700C7004F08A253E161470B6F4D7
:101D900002148130CF78307060012D00047795E017
:101DA0004A010D002520000016F01CF020F026F05E
:101DB0002AF030F034F03AF03EF044F049F04FF0C1
:101DC00053F059F05EF065F06AF070F075F07CF059
:101DD00080F087F084C0A60CAFEC81C117A787F014
:101DE00084C09A0CAFEC81C118A781F084C08E0C1E
:101DF000AFEC81C119A77BF084C0820CAFEC81C12C
:101E00001AA775F084C0760CAFEC81C11BA76FF0E8
:101E100084C06A0CAFEC81C11CA769F084C0320C8D
:101E2000E00081C10FB763F084C0260CE00081C1DF
:101E300012B75DF084C01A0CE00081C108B757F0FA
:101E400084C02A096FF281C12C1F02104FF084C098
:101E5000FE0BE00081C118B749F084C0F20BE0002E
:101E600081C10EB743F084C0E60BE00081C109B721
:101E70003DF084C0020EAFF381C1461F041037F05D
:101E800084C0EA086FF281C14A1F02102FF084C09B
:101E9000BE0BE00081C1741F041029F084C0DA0D6C
:101EA000AFF381C11CB723F084C0C2086FF281C1B7
:101EB0003C1F02101BF084C02208600081C123A7D0
:101EC00002A715F084C00E0F2FF781C11EA70FF0D7
:101ED00084C0020F2FF781C1801F001007F084C05B
:101EE0008A086FF281C1981F021001C012709C060F
:101EF000EDFF0C71C57148F1A140C8C72C709EB9A7
:101F00002042107122B93EF72C700BEA5B610B087E
:101F1000C40062785479412A82803D79F8F5E07FE7
:101F20003078E078E07F04184300E078E2C0001EDB
:101F30000300201089000B095110878086A084EBD4
:101F4000838187A021108C004A2400710A2340114C
:101F50000AEC4844A820800104140814041B101241
:101F600088440BF00A244010A820800104140814AF
:101F7000041B101268440FEC4A24007140200B022D
:101F80000A244011A820800104130814041C101214
:101F90003CF0610930104A240071A5800C150C003A
:101FA0000334409355F687805024FE9711F2A680A3
:101FB000033440938DF74A24007140200B02A8445B
:101FC000A820800104130814041C10121EF04A24D7
:101FD000007140200B02A844A820800104140814BA
:101FE000041B101280DC20180300001E02030EF0F8
:101FF00080DC001E020340200B02A844A8208001C0
:1020000004140814041B101204881F0890004308CD
:1020100051008FEB4A240071A820800104110004B4
:10202000041D100010F0150C30004A240071001639
:102030008000C6B817000000A82080010412000428
:10204000041D10000016800087B8001E0200C2C4E4
:10205000E8C382240C395040084789C08A220C000A
:1020600086086FE9284500874024833540240437DB
:1020700040240538402406364024C735A141024299
:10208000920C6FF0161C033107C5970D1110171431
:102090008E30AD700C7004F08A253E168308310036
:1020A000CF78161481307B0904003108300186C1D5
:1020B0003B08B00086C14D08F00086C1550871008C
:1020C00089C086C1A60EEFF580C201C100C202C060
:1020D00022A741A703A71EF089C0620EEFF383C2B7
:1020E00004C003C110A72FA714F089C07E0EEFF51E
:1020F00080C201C100C202C025A744A706A70AF0FA
:1021000089C03A0EEFF383C204C003C10EA72DA706
:1021100006C012708407EDFF0C71C571BCF1A140BF
:10212000C8C7E078ECC3AFC14A24C07054200D0A80
:10213000084755200E08A140A820400260800411E5
:1021400002040132C2000418900037870C70416904
:1021500087E162022B0057A76185228580854A248A
:10216000C0704832860047C348C140240833402429
:102170000B36C343FA4400002C7046C4A820000468
:10218000F023421015204C1024710732890160425F
:102190000331C090CA224502001C80104A24C0703E
:1021A000A820C003F0200210C341FAC40000152388
:1021B0000310033240800471CA21890020A36C4FB0
:1021C000FC4F5427831886C2402404334024053032
:1021D0001E0D20024024103001C100C202C032A7EF
:1021E00051A713A740270317046FA84F83C24024A9
:1021F000043040240539120E2002704189C118DADA
:10220000E60E2FE92240018602C100C301C24A2422
:10221000C0705427121C3AA70477424159A778A7E7
:10222000041E0010A8200002041100040030000069
:102230000418102080C0B60A2FF8402410304A2419
:10224000C07083C2A82000020412010400314100C2
:10225000041850202F31002080C0920A2FF840240B
:1022600010304A24C07083C1A820800204110304E6
:10227000041202240032C200041890202F300020E3
:1022800080C06A0A2FF800311224073080047417C6
:102290008B100030880F7A440000210B111003309E
:1022A000809F6D4466C6CAF604C305C06D71741F75
:1022B000C2127EA71FA703F004C303C45023C107A3
:1022C0005024C01702304100C340AB43000003312B
:1022D0000080B0002D000334009050F70334809F3D
:1022E000FAC30000CFF60333808FAEC26766CBF629
:1022F0000333808F6A44CDEC8800060005C10331AA
:10230000008080002C004C70950B301040A6018698
:102310008D085300033180AF48440000C5F60330F8
:1023200080AF5444008078000C00033080AF9644A6
:10233000000058F71B870330009054F70033C000AB
:1023400000340C130236007074490024023000037C
:102350002F3000000130800F9642000003310080D2
:102360003C0006001C8728E81E8703330080D8F64F
:102370001F870331008054F7741F03104C7110F055
:102380001C871D0871004C700086216811087201BD
:1023900020A6C340584400805CA71BA7288E0C7061
:1023A00003A502A501A50F0A600000A548AE03EA37
:1023B00081D8CCC74C71C34062443393741F03105F
:1023C000ECF1E078E07EE078ECC3A2C108463C1670
:1023D000001460444024C33040240531402486303A
:1023E000484728458A096FF0031C033102148030E6
:1023F000422610124226111B4226121E21F01F08EF
:10240000300181C31B08B00081C32308F00081C3E1
:102410002508710081C3424004F0C14008F0224009
:10242000A141660BEFF5E14206F00240A1412A0B03
:10243000EFF3E142021480300471021C02300314F5
:1024400081300F78BB09058001C04128010200AD31
:1024500021ADCCC7E2C22C7010DA6040CE0A2FF753
:102460008845001D0110C2C6ECC3A2C1084644162F
:10247000001460444024C330402405314024863099
:1024800048472845EA086FF0031C433302148030A4
:1024900040261017402611134226121A51F09908AF
:1024A0005503252000000EF013F016F01BF01DF070
:1024B0001DF01FF024F026F026F029F02EF036F063
:1024C00081C34240A141A20F2003E14234F081C305
:1024D000224004F081C30240A1411E0BAFF4E1424F
:1024E0002AF0068614F00A8604F00D8602F00E86A5
:1024F00081C3A1419608AFF4E1421EF00B8608F0BB
:10250000108606F0301680100AF00F8681C3A141B4
:10251000860D6FECE14210F04416801081C3A1419A
:10252000560A2FF2E14208F081C3C140A1415A0A84
:10253000EFF5E142021480300471021C02300314F2
:1025400081300F785B092580047701C041280102A2
:1025500000AD21ADCCC7E078E2C208450C7062093D
:102560002002A141360CA000A140C2C62D0480006B
:10257000E07EE078E8C382240C3D504008458DC0E1
:102580008A220C00620B2FE928461C1500144024F7
:102590008333402404354024053C40240634402441
:1025A000C733C14102426E0F2FF00E1C433305C6E4
:1025B000D57090F40F148F30CD700C7003F08A2614
:1025C0003E16147086F40E148130EF7830700401DA
:1025D0002D000477EF085503252000000DF018F0BA
:1025E00022F02EF032F038F03CF042F046F04CF0A1
:1025F00051F057F05CF08DC084C1520E200386C2AA
:1026000086C118DAE20A2FE9A1405DF08DC084C1CD
:10261000CA09AFF480C201C100C202C02EA54DA5F7
:102620000FA551F08DC084C1B209AFF480C201C1C1
:1026300000C202C032A551A513A545F08DC03E0CC5
:102640006FEC84C110A53FF08DC0260F6FF484C1DC
:1026500014A539F08DC01A0F6FF484C117A533F09B
:102660008DC00E0F6FF484C118A52DF08DC00E0C17
:102670006FEC84C115A527F08DC0020C6FEC84C1EE
:102680001AA521F08DC0E6082FF284C1581D021052
:1026900019F08DC0E60B6FEC84C119A513F08DC045
:1026A000CA082FF284C16C1D02100DF08DC084C1C8
:1026B000BA08EFF580C201C100C202C02BA54AA52D
:1026C0000CA504C01270FA06EDFF0C71E57177F1EC
:1026D000C140C8C7E07EE078E4C3A2C1A08128461B
:1026E00008DAB960020A2FE980C001C100C008E51C
:1026F000A0A6C4C7E2C1808385722D0A2403A1C1AC
:10270000021C04304A2000004024823080830112E1
:102710008D0404713C642471F508B280A0AC008380
:10272000047200A3C2C5E078EEC27043484710406F
:10273000C4E1D8002500CD70CB45A0000086008DF7
:102740000B087100FFD8088D04F0001D431008AD80
:10275000D342A00094E00F0821044C2040A9C38577
:1027600020F0C3401200F04ACB441200F44ACA24BD
:10277000011040250611C340A000BC858A2310002B
:10278000C344A00094E48A250800024123200003EA
:102790004242CD7003E8C0AD38F0081D0214C3A555
:1027A0007FD8C47800AF0185766E5423010810717C
:1027B00040DA704140D88AF74F26C01100AF01853A
:1027C000001D03100220400401AF2F2007200185C7
:1027D000022202044C20C0AF02AF21850027001462
:1027E000CA222D0028B923AF0474420FEFF62C70D3
:1027F00000218124046FF2082FE90242216E44D89F
:10280000CD7123A5001B0420C140CEC6EAC2C4E19D
:10281000484710409C0025002C70CB45A000008646
:10282000008D0D08B100FFD8098D05F0001D831043
:1028300009AD0B080104C18508F0C38F028F091D83
:10284000021408BE057EC1A58C26109060000D0004
:10285000008F418FC6B836685861550E0410D341B9
:10286000A00094E0002140047E082FE9246F0017A7
:10287000C010390833004C2040A9C3401200F84A68
:10288000CB471200FC4ACA270110C340A000BC85F8
:10289000C343A00094E48A24080022412320C003FB
:1028A000C1422C7020AD86E82C7104F02C7020AD54
:1028B0002040CAC6E2C20844FDE0684509F2FEE4D1
:1028C0000CF44040DF59001D05110C71C2C625D81B
:1028D0005A0EEFFFA143C2C6BFE40C7009F7150CF6
:1028E0005010150C50110B0CD11021D8F2F1C2C6AA
:1028F00020D8F0F122D8EEF1F1C00043FDE006F45B
:1029000025D80E0FCFFF0DF0BFE30C7009F7170BA2
:102910005000170B50010B0BD10021D8F3F1D1C09F
:10292000E07E20D8EFF122D8EDF1E078E4C3A1C138
:1029300080C0C3411300909AAE0FEFE84C743B582F
:1029400008462845FED880C18C70C142A1436B580F
:10295000F8D880C18C70C142A1436B58C340F000CD
:102960003F00208884B920A8C4C7E0780908120075
:10297000E07F397812783978E07F1278E6C208452E
:1029800028DAC341074900240C18010512188507ED
:10299000C340C049009240250E1750AD21A502A5A5
:1029A0002C703CDAC140681D8112581DC3107E0D89
:1029B000EFF6641D8112F20EAFEFC1401A851908BF
:1029C0007202ED70198511087002C140DA0EAFEF86
:1029D000641D41120995483000000030800FC84244
:1029E00000000030800F833A6F120330C083C7F6B7
:1029F0000130810F003F000005F00130810F00BF62
:102A000000004831C1020AD8307A8BE2CA20450062
:102A100010784820C0000CB5108D48300000003000
:102A2000800FC84200000030800F833A6F12EE0C16
:102A30004FF34830C00205A5C6C6E078E6C2084597
:102A40008A200A00C341FD440020CB461643000003
:102A500001A510B55525401C24A5520FAFEAC7A506
:102A60004609EFEA5625801A4A2400745625011DAE
:102A70000A20800F13005875A8208001041002045A
:102A800004199000078521850D7007360B70803F73
:102A90000000CB441042000048318000C3439644FC
:102AA00000000030800F48410000CB474844000040
:102AB0000030800F833A6F128B1D9813C342AF49C9
:102AC00000C8CB461C49004003300082781D181313
:102AD000891DD8108A1DD81345A5C6A5C41DC012CE
:102AE000C6F60130800F003F000006F00130800F75
:102AF00000BF000030954830C002483082004831A5
:102B000000000030800F484100004832C102003010
:102B1000800F833A6F1249210102482101010330DD
:102B2000008222A5C6F60130800F003F000006F0AB
:102B30000130800F00BF00004830C00248308000E4
:102B40004830C002492040064820000109A50E086F
:102B50002000A140C6C6E078EAC3A4C14A2400769A
:102B600010405520CD082CE04A260010A820000176
:102B7000041811004A2480775520002D0C1880235A
:102B8000401D801353185920A8200001041811007B
:102B90005620802A241D8213C8A5C7A5C6A5620891
:102BA000EFEA1041468527850885CB477A44000027
:102BB00041C140C242C080C110DA22402A0DEFE874
:102BC00043C74A2400745620002BC3411300987554
:102BD0000A220000A820800104110304041AD00076
:102BE0009FBF80C1C0A5C1A5C2A528188023B11868
:102BF0004320E3A5E4A52E0E6000E5A55520402B5B
:102C000080C1E60CEFE810DACAC7E078ECC3822492
:102C1000063E0846542000092C70120BEFF614DA19
:102C20004A2440715426801BA8200001041811007A
:102C30008D708A208E018947AD70D86040DA8FBFD1
:102C4000A0A8FE184483FC18448320F02D831D099E
:102C50007001142600132309510248184403521826
:102C600044037FD817B810F0481884005218C403E2
:102C70004FD818B808F0481884005218C403C3404D
:102C80007F7FFFFF17A38571C50C74911526031371
:102C90008A20070DD8602C70920AEFF68A2206006F
:102CA00045F015265113741102204A24807BD3422B
:102CB0001300187740220323A82080020413000485
:102CC00082C1027106713820800000A99E0FE001C8
:102CD00082C02C700AE814264013FA185C00802089
:102CE0000A0D20B045000000741103204A24C07072
:102CF000A820C00204120224402440313C60247108
:102D00003822C00000AC40244031860AAFF31426BC
:102D10005013024180210A0D04E88A20040003F0C8
:102D200040D8E0B1FA181C20A571DFE57607EEFF68
:102D30000E708EC02C708A220600F209EFF68EC744
:102D40005426911E40244D3021F08020BE0A3308C5
:102D5000750115D92B090E002C710C706C714C711A
:102D600060C102AD01AD20AD75F00C702C716C70BE
:102D700070F00C706C714C706DF00C7169F00C702F
:102D80002C716C714C7140C065F0041100242C71E1
:102D9000D5E0980009008E68E70C759F0C702C71C7
:102DA0006C714C702520000355F0EBF153F0E9F104
:102DB00051F0E7F14FF0E5F14DF0E3F14BF0E1F1C7
:102DC00049F0DFF1DDF1DDF1DBF1DBF12BF0D9F1E1
:102DD00029F0D7F127F0D5F125F0D3F123F0D1F187
:102DE00021F0CFF11FF0CDF1CBF1CBF1C9F1C9F159
:102DF0002DF0C7F12BF0C5F129F0C3F127F0C1F197
:102E000025F0BFF123F0BDF121F0BBF1AFF1B9F135
:102E1000ADF1B7F1ABF1B5F11DF0B3F11BF0B1F1CC
:102E200019F00C702C7015F08C20428D1E07CCFF11
:102E30008C20828D9FF38C20028EF5F38C20828E65
:102E40009DF38C2003808AF39BF10C712C716C71C3
:102E50004C718BE852213E8007F452233E8005F4EA
:102E600052223E8014F23470CB43CC3DCDCCCB44C7
:102E70008B3A58A07D74C3411C410AE874709D715F
:102E8000C340203C12AC54703C7040C080C14C74B4
:102E9000560AEFE8E14006718C2001A8EE06EBFF30
:102EA000E57470168210DF160016760EAFF28EC132
:102EB0007FD9C3437A440000C3427449002417B940
:102EC000C340C8420000DE1E19106AA64BA62CA6FD
:102ED000DD1E181080264E10001E4310CCC7E0786F
:102EE000ECC21040420F6FEB55204D0A83DAC3400D
:102EF000233C0AD74E712E70CB4148430000DB477C
:102F0000D63C62A10A26803F0E3D4DF3C346FA44EB
:102F10000000CB40C03F0000CB4320410000CB4726
:102F2000A042000064DE8A258700CB447A45000079
:102F3000C343C841000017BA8A24040B8A27070D2F
:102F4000C3417041000070180020C340033B6F1262
:102F50007618832068188224691882247418422401
:102F6000751842246C184022DC1D0090E01DC097AB
:102F7000E41D8097381D80113C1D0012401DC012B9
:102F8000F1A5D2A57C1D401196A577A558A5641D75
:102F90000011741DC01129A5CCC6E078E2C02C70C8
:102FA000C3420000FFFF80DD2DDCC3437F4700FFED
:102FB000151883001A18C30037A8ACB08EB068A0EB
:102FC00036A843B044B025B049B034A828B027B0E3
:102FD00026B0C2C4E4C208450A0FEFFF55208E0A8E
:102FE000A20A6FFCA1401186D8160390C341744514
:102FF00000244830800021A50030810F00440000EB
:103000003BDC0033800FC84200006D700031810F3F
:10301000833A6F124C710030800F003B000018BCE7
:103020000331C082E41E82903C1D82109EA51FA524
:10303000C6F60131810F003F000006F00131810F1B
:1030400000BF000018864831C102483080000030BF
:10305000800F00440000483181000030800F833A27
:103060006F124831C1020330C08232A6C6F6013069
:10307000810F003F000006F00130810F00BF00000B
:103080001E864831C1024C70483080000030800FED
:1030900000440000483181000030800F833A6F12F5
:1030A0004831C1020330808039A6C7F60130810F54
:1030B000003F000005F00130810F00BF00001C86BA
:1030C0004831C102483080000030800F00440000C9
:1030D000483181000030800F833A6F124831C102BD
:1030E000033080803DA6C7F60130800F003F00000E
:1030F00005F00130800F00BF00004830C0024A24B4
:10310000C070483080008A210A044830C0023A6505
:1031100049200005482080001FA6C34013001476F4
:10312000A820800104100104041A5000C340063B8B
:1031300000E27E1E18107A0A2FFDA140C4C6E07876
:10314000EAC3A7C1084555204E089018850147D805
:103150004A240071C341A3420BD718B85525101853
:10316000CB477B3ED75ECB44DC44304EC3433B4A27
:10317000C1BFC342D33E98DD39A51AA5C341130090
:10318000E07702406D1D0312ECA594A575A558A526
:10319000A820800104110204041890001885CB4473
:1031A000983DC2B5C343513F18B702360070803F07
:1031B0000000C34283413B6CCB47213DE561C341E5
:1031C0004C3FCDCCEA1D0312EB1D03118AA672A65B
:1031D0004BA5FAA64E08EFFA3BA6AA0E8FFA4A2490
:1031E000007102360170803F00000D6F1AA6402466
:1031F000113383C0281D85115C1D4010A82080025A
:103200000410012402364170803F00000418500071
:10321000820AA00183C0ED706A0EAFFA26404027F3
:103220004F10F90F3291041910204A2400715425CF
:10323000001E83C1A820800204110204023682709D
:10324000803F0000041890003E851F855D856A86DA
:103250004A24C07055250F1A41C142C080C10A20BE
:10326000C00340C2A82000020411020407338200F8
:10327000041890002C702E71046D24DA3040361D35
:103280004214351D42142A1D4210A20CAFF6341D03
:103290004210120CEFFB784D6086418622868A86AA
:1032A0004A24C070C340513917B705A683C0351DE5
:1032B0004214361D4214101E0014181E001444C27D
:1032C00043C345C1A8200002041001040734411083
:1032D000041F50105525001B2C70520CAFF61CDA41
:1032E0005525001D2C70460CAFF61ADACAC7E078D7
:1032F0002C70C3428C420000CB44A0400000FADB9B
:10330000081841010418430044A085A04AA063A006
:1033100029A028A027A0E07F26A0E078E8C24A24C0
:1033200080711040C3400000409CC343FA4300003A
:10333000C3427A440000C341A03F00008D70562074
:103340000B28CB4513008476E8180020EC180020E9
:10335000F018C020F4188020F8184020FC18002332
:10336000A820800298650410C00085714830800054
:10337000041B10108A200407C3412042000040258E
:103380000E1C46185820027018DA5E0DAFE8C141D5
:103390008A20040D0270542501194E0DAFE818DA89
:1033A0008A200503027018DA3E0DAFE8C1417DD9CD
:1033B00017B94A248071C340744900248A22050F3A
:1033C000591858205A1858205B18582081D95C1871
:1033D00018205D1818205E1818200020802017B9CA
:1033E000A8200001041850002415081028150B10FF
:1033F000EB85CB46C84100008A21090F7DDCC34024
:10340000A24400806518982300204E202D7005BC32
:10341000C3431200804FC3421C4500408A260F0A56
:103420006E1818206F181820C140691818236A18E0
:10343000D8206B1858226C1858226D185822701812
:103440009820711898216718D822661818227A0BCC
:103450006FEF6818D82308D98A0C6FEFC14018E5C0
:103460008A2108000240B2082000A1428A210800F7
:103470000240A6082000A1420A0820000240C8C657
:10348000E6C3A6C108465520CF0C8A20090FD86094
:10349000160C6FEF8A250C154A2400718A200C0146
:1034A000B966D860AD70C34213008476A8200002CC
:1034B0000112C304483383000418D0004A248072E8
:1034C0008A200B05D860A0A9A8A9A9A92819830258
:1034D000A1A9A2A9931F58130A194203E81942830C
:1034E000A82000010418110040872187028743C2E9
:1034F00044C145C04026021880C1C1408D1F5813E9
:1035000042C541C55A0E2FFE40C580260C19A0AEFB
:10351000C6C7E078ECC3A6C1409200208D0F000022
:10352000BC02104048320200BB150096073682707C
:1035300048470000CB46C8410000483080008A223E
:103540008C276C700022122403328083CA268510D7
:10355000003080030030800F833A6F124831020040
:103560000330C080C6F60130800F003F000006F037
:103570000130800F00BF0000BA1501960736917028
:1035800048470000483181004830C20200364010F0
:10359000483281000030800F833A6F124831C102F7
:1035A0000330C0803CA5C7F60130800F003F00000B
:1035B00005F00130800F00BF000007364374803FE4
:1035C00000008B1501964830C20248318000003659
:1035D0000010483281004C704831C1023BA50033D5
:1035E00000007EA50030800F833A6F120330808088
:1035F000C6F60130810F003F000006F00130810F58
:1036000000BF00008C1500964831C1024830800090
:10361000121A422000360010003300000030800FE4
:10362000833A6F1203308080C6F60130810F003F6D
:10363000000006F00130810F00BF000090150096D9
:103640004831C1024C7048308000131A42200031CA
:1036500000200030800F833A6F1203308080C7F65D
:103660000130800F003F000005F00130800F00BFE7
:103670000000081501904830C302001A822048312A
:103680008000FE1A84A00036001057A54833810040
:103690000030800F833A6F124831C10203308080BE
:1036A0003FA5C7F60130800F003F000005F0013054
:1036B000800F00BF00004830C0024C7048308000CE
:1036C0000036811FCC3ECDCC4830C0020331808013
:1036D00019A5C7F60131800F003F000005F0013148
:1036E000800F00BF00004830C1028A20090F02701D
:1036F00055208F2EB2096FEF1E1A42204A24807285
:103700008A200B052C700270DE1A42A0A82000014E
:103710000418110031A540200022E0DACA09AFE800
:10372000E1418A210407027180C018DABA09AFE8C2
:1037300080C74A2480714020012FA820C0040417AC
:1037400000140030800FC8410000073080030030B3
:10375000800FC842000007304004041910008A217D
:10376000040D027180C018DA7E09AFE880C74A24D0
:1037700080715420812AA820C0040417001400304E
:10378000800FC8410000073080030030800FC8421E
:10379000000007304004041910008A21050302715B
:1037A00080C018DA4209AFE880C74A2480715420EB
:1037B000812DA820C004041700140030800FC841D8
:1037C0000000073080030030800FC842000007303F
:1037D000400404191000B6150096C341484100008A
:1037E000033640900030800FC8410000CA264510C3
:1037F00007308003041843207E1D1890CCC7E07862
:10380000E4C3A3C108462C70AD714024403007DAF0
:10381000381E4213391E421022A623A624A60E0FDC
:103820006FF63A1E42104A2440722C4E4026031274
:1038300080C160C561C562C5A82000020111C20433
:1038400048328200041890004A24C0704026001FAD
:10385000A82080010413010404185000481E03101E
:10386000C4C7E078E8C208453E18C501181805032A
:103870001A1805037DD8CD708A25D5078A24840CB3
:10388000CB470000E67884DCC34300009C6CC34255
:1038900000006475C3470000AA7EC3460000BE0A4C
:1038A000CB41000096E8CB400000EF410E718A2327
:1038B0008112A0D98A2604301FA5841D00100C7027
:1038C000221D0411F0B594B573B555B5421DC41150
:1038D0004E1D4411501D8411521D4411541D44129B
:1038E000561D0412581D04144C1DC412401D4410D2
:1038F000441D8413CAB5CBB5481D8417D7B5D9B5B7
:10390000DBB5DDB5A01D8013E20860029C1D8013AD
:103910009E2006048A22B50D8A21DD096C70CB47F2
:10392000000033098A24DC1C8BBB1AB557A559A5A6
:1039300038A53AA5552580182C7011DAA41D8213DC
:10394000DBA5DCA52C1D8310D8B5CEB5C9B5461DA9
:1039500084134A1D8213741D0414DCB53C1D8213AC
:10396000C3A5C2A5DEA5801D8013EFB592B5BE0D1F
:103970006FF668B5C8C6E078F1C06C708FBB1E21C9
:103980000C00304B4C787D7998603860E20F6FFF07
:103990000FD9D1C0E07F0E78E4C27FDA0845C3407A
:1039A000D73E1E7417BAC34122BE882FC3431300EB
:1039B0000C784FA530A5218340830DA50EA5028369
:1039C00022A541A503A52483438305834A2480714E
:1039D00040250C17CD7025A544A506A5A8200001FB
:1039E000041C11105425001A2C70420D6FF61CDABD
:1039F000C341304466C6C3407A440000DEA5701D52
:103A00004110841D8013741D4310801D8013881D78
:103A10008213D1A5D2A5D3A53BA51FA5C4C6E07826
:103A20004A240071A8208001141002040419900097
:103A3000E07EE0782C724C7102F00C782F214280ED
:103A400042F70C7AFBF5E07F4040E0784081586017
:103A50000110CC000088626A402C02124578E07F99
:103A600060A1E078E07F00A131880EE91888150890
:103A70005100C340A000D0850088147080D8E07D3C
:103A8000E07FFFD8E07F0C70F1C058884A24C070F6
:103A90002043C341A00018C1A820800100810B0869
:103AA000800008E105F09A0B2000018100A3D1C03D
:103AB000E07EE078E6C24A24C070C343A000ACC0F8
:103AC00028476041A820000240810B0A0100041928
:103AD00003001CE1181082004A24C0705423800D9A
:103AE000A820800120800B09800008E012F0C1802E
:103AF0000336C0930EF2CB45F000340055D8360D96
:103B0000EFF655AD4837C1124836C0122CB50DB589
:103B1000C6C6E078FAC2FC1CC8B6220B2FF4ABC1B3
:103B2000A60EEFF3184148C03B580E70CB47A000DB
:103B3000ECC0124712424027181B46C047C1281F3D
:103B40000014241F0014201F0014650220001C1FF5
:103B5000001423760786147026020200698E318EC7
:103B60008E8E181693107823000079210200047AB3
:103B700004EC0787047107A704EA0887047108A703
:103B800004E90987047109A704EB0A8704710AA7ED
:103B9000792400100520BE80F3F22F26C524D670AC
:103BA000DE012C00AE71C140241CC130260A6FF327
:103BB000281C40352C86341614101041AD702F206F
:103BC000C004033140A344C0D4F74226002D0F782F
:103BD0002708D400198EE5B8ABF45021FE87C34006
:103BE00048440000CFF203310080CA210900CCF024
:103BF000D3417F4700FF6F70C340A000BC8584C1E4
:103C00008AC2402404390343141C4034001F43106B
:103C1000975AB60AAFFB1043001F031000168070BE
:103C2000A000E88531085E00C342A00020C1041254
:103C3000070000128600888A4382301705100010A2
:103C4000843029C305C124C041C22F22C704DE0825
:103C50006FF640C48C233FAD0BF40587A57100318E
:103C6000912F003F00000B0865036F71A5A78A2004
:103C70003F0D033100A539230020C5206B0005202E
:103C8000400579085180CB45F0003400870B322085
:103C900052D8190B303052D89A0BCFF64831C12286
:103CA0004E2300200CB52DB509C17608EFFB03406B
:103CB0004226012D2F791909F50005C00330808FA8
:103CC0007F4700FF44F77FD817B845C0720900004E
:103CD00044161110084510A6160A2FF5C14024E815
:103CE000033140A34BF20C700335009046002C00CA
:103CF0003C96A1E94E1682108A21BF0F0C778C22C8
:103D0000C38FCA2041004E1E0210381E4510FFD836
:103D100017F0220BCFF64831C1224E2300200CB5FC
:103D20002DB52EF02C715E0C2FF3C14027F02E70B4
:103D300063F10335009010F70EE91CB60C700A0A07
:103D4000CFF306C31C14043000422C73AC70D20FA6
:103D5000EFF6C140C3407F43000003350090CA2006
:103D600045034830C00206C31C1404300F7A782281
:103D700005002C72AA0FEFF6C140B1A64671E6719C
:103D800016F00041C340C83F0000033400A0CA2021
:103D90000905033140A0AE70C4F6304110442DF146
:103DA000033100A01044CA21052027F108C00C27C8
:103DB00000A0A205EBFF402FCE21470A30202E7134
:103DC00008C01AE854210D3840210E368016C01460
:103DD0001508520020855021FE8706F2860FE0006C
:103DE0000F7809E808C00671E50822A055250D18CE
:103DF00002F02E70C340A000D08500184204068750
:103E000009088504181F80146A0D8FFBABC00414C9
:103E10001B34DAC6F1C0520C2FE80C71C3411300F9
:103E200030112609EFF60C72C34113007411AE096C
:103E3000EFF60C724E0FC000D1C0E07E004103309F
:103E4000808F7F4700FF0C70E020CA07033100809D
:103E50007FD817B8E07FCA204D00E078E8C3A3C13F
:103E6000084703808A0AA000A08007851D08D000AB
:103E7000890851012885448161910C11100000824C
:103E800082BB61B140C00CF00885028867087F00E2
:103E900080C14485607AA140104030E82E08C000FF
:103EA00004874024C332402404310241A08011879A
:103EB000C485DE0EEFFA4286360A80000B1480308D
:103EC0000F08510000C0238501A66079A140018739
:103ED00007800B20808F0008180010F2048701C3B0
:103EE00000C201802480A38041A18281607D60A402
:103EF00004F04A0B2FF6A140D20F8000C8C7E0782B
:103F0000E2C211809A0FEFFA884500A5C2C6E07898
:103F1000118055002FFB2F79E2C211809A082FFBE8
:103F2000884500A5C2C6E078A1012FFB1180E0788A
:103F30004105EFFA1180E07869052FFB1180E078E8
:103F400055072FFB1180E078FAC2FC1CC8B6A3C14C
:103F5000CB45A000B46D0A850A801470DE056200AE
:103F60008A20FC000B8580204E002088560BE00143
:103F7000A1402A850B85C20D2001301941000B8517
:103F80004BD9CD7070184200DF18580380200E0006
:103F9000C0A8BA082FF654258019B2082FF6542568
:103FA0000018D34413002478D34300000080CB478B
:103FB0007F7FFFFFC3420000EFFF40DBCC75402452
:103FC00007325624C12BA1400A24C004E14542C651
:103FD000001E8073A000B898620B6FF55045DB435C
:103FE0001300B07940DBCC75402407325423813C68
:103FF000A140A2420A24C004420B6FF5E14540DB18
:10400000CC7540240732A1406341A2420A24C00477
:104010002A0B6FF5E145C3401300549176082FF544
:1040200042C6C341A000EC99B20BEFF20C71CB4732
:104030001300B07C2C713A086FF55827401B4024C0
:1040400000252E086FF52C71D3461300E08010D99F
:104050006A092002402600295926012940DA8A24CB
:10406000010840240532A140C60EA0016243552636
:10407000412B40DA8A24010840240532A140B20EC7
:10408000A00162435826C12F40DA8A240108402447
:104090000532A1409A0EA0016243DB401300388F25
:1040A00040DA8A240108402405325820C13FA1404B
:1040B0007E0EA00162435526812D40DA8A24010834
:1040C00040240532A1406A0EA0016243C3401300A0
:1040D000E491C20FCFF4C341A000949AFE0AEFF21C
:1040E0000C734024002F8A0F2FF52C715424002AC2
:1040F0007E0F2FF52C715426802DC208200210D976
:10410000D3411300708A40DA8A2401084024053222
:104110005821412BA1401A0EA0016243D34713003E
:10412000448340DA8A2401084024053254270129B7
:10413000A140FE0DA00162435821012940DA8A24E2
:10414000010840240532A140E60DA001624355203C
:10415000013940DA8A24010840240532A140D20DF9
:10416000A00162435427812D40DA8A2401084024AB
:104170000532A140BA0DA0016243C34013009C91D7
:10418000120FCFF4C341A000409A520AEFF20C7212
:104190005827001ADA0E2FF52C714024002AD20E6F
:1041A0002FF52C71542600291208200210D942261E
:1041B000012940DA8A24010840240532A140720D09
:1041C000A00162435927012940DA8A2401084024CA
:1041D0000532A1405A0DA001624340DA8A24010849
:1041E00040240532A140C241460DA001624358203F
:1041F000013940DA8A24010840240532A140320DF9
:10420000A00162435827C12F40DA8A2401084024C4
:104210000532A1401A0DA00162437A0EEFF4562335
:10422000C039C341A0000899460C20010C762C71BE
:104230003E0E2FF582405423003F360E2FF52C7191
:104240005727001A2A0E2FF52C705521802D6E0F3E
:10425000E00110D95521402B620FE0012C7055214F
:1042600000295A0FE0012C70DB4113007C7E40DAFC
:104270008A240108402405325521813DA140B20C19
:10428000A0016243D3401300D48C40DA8A24010891
:104290004024053256200129A140960CA00162431A
:1042A0005526012940DA8A24010840240532A1401C
:1042B0007E0CA0016243DE0DEFF45623403EC34165
:1042C000A000A099AA0B200109D84227001AA20D2C
:1042D0002FF52C715523403B960D2FF52C7142275D
:1042E00000158E0D2FF52C705820402BCE0EE001BE
:1042F00010D95820802DC60EE0012C705820C02FF8
:10430000BA0EE0012C708E0DEFF45623003CC34131
:10431000A00054995A0B200107D85523C038520DDC
:104320002FF52C715523003A460D2FF52C7142279D
:10433000001F3E0D2FF52C70592000297E0EE00144
:1043400010D956210029760EE0012C705521C02F7E
:104350006A0EE0012C705726812D40DA8A2401086C
:1043600040240532A140CA0BA00162435820813D80
:1043700040DA8A24010840240532A140B20BA00192
:1043800062435626012940DA8A2401084024053276
:10439000A1409E0BA0016243C3401300C490F60CE1
:1043A000CFF4C341A000749C8E0FAFF210D85827F1
:1043B000C01DBE0C2FF52C705521C03FFE0DE00135
:1043C00010D9C34013000C91CA0CCFF4C341A00014
:1043D000B8A14E0920010BD85627C01D920C2FF50D
:1043E0002C705827001F8A0C2FF52C705521403B4C
:1043F000CA0DE00110D9562101394C706C708A2425
:104400000108402405322A0BA001A140592001399E
:104410004C706C708A24010840240532120BA001F4
:10442000A140720CEFF45527001EC341A0008CA6DA
:10443000F608EFF20DD85421803C360C2FF52C7085
:104440004021003A2A0C2FF52C70D34213000C881F
:1044500010D96A0DE0015522C02F5522402B5E0D68
:10446000E00140D92E0CEFF456274019C341A000BB
:104470004CA9E60920010ED84021003FF20B2FF590
:104480002C7056220029360DE0012C705522802D0B
:104490002A0DE00110D9FE0BEFF45627801BC34113
:1044A000A00040984A09EFF229D85521C038C20B24
:1044B0002FF52C705520802D020DE00110D9CB4630
:1044C000A0005E6E20965725002E40C0247800B6CE
:1044D0005520C02FE60CE00150D92A9600C040DAE2
:1044E0008A24010824780AB65821C12F40240532B5
:1044F000A1403E0AA00162435420813D40DA8A2453
:10450000010840240532A140260AA0016243402749
:10451000012940DA8A24010840240532A140120A08
:10452000A0016243592101294C706C708A24010852
:1045300040240532FA09A001A140542001394C70F1
:104540006C708A24010840240532E609A001A140CC
:10455000C340130004933E0BCFF4C341A000049C5E
:10456000A60FAFF212D85421003A060B2FF52C708B
:104570005821802D460CE00110D91A0BEFF4552379
:10458000003FC341A000209E9A0820010CD8402182
:104590000035DE0A2FF52C70542200291E0CE00194
:1045A00010D940D9160CE0014240402200290E0CDF
:1045B000E00140D9572601294C706C708A2401080B
:1045C000402405326A09A001A1405820413B4C70AB
:1045D0006C708A240108402405325609A001A140CC
:1045E000B20AEFF45524002AC341A000149F2E0EF6
:1045F000AFF215D85424802C760A2FF5A241CB4671
:104600001300A88510D9B60BE001422600195426E4
:104610000019AA0BE0012C702C70A20BE001C14024
:1046200000160171A0000E6E4025002341C02478C1
:10463000001E0470A0000E6E4C4E820BE0012C7028
:1046400000160171A000226E01C040DA8A24010820
:104650002478001E0470A000226E5822C12F40242E
:104660000532A140CA08A00162434220013940DA64
:104670008A24010840240532A140B608A001624303
:104680005827012940DA8A24010840240532A14034
:104690009E08A0016243FE09EFF455278019C3412B
:1046A000A0009C9B8A0DAFF217D85424002FC2099A
:1046B0002FF5A24155260019020BE00110D954260E
:1046C000801DFA0AE0012C705922012940DA8A245F
:1046D000010840240532A1405608A001624357203A
:1046E000013940DA8A24010840240532A1404208F9
:1046F000A00162435827412B40DA8A240108402454
:104700000532A1402A08A00162438A09EFF455242A
:10471000802EC341A000E8A3B60EE00018D85524AF
:10472000C0284E092FF5A2415526C01F8E0AE00170
:1047300010D95526401B860AE0012C705526801D95
:104740007A0AE0012C7000160171A000366E01C0DB
:104750002478001E0470A000366E562600195E0AEA
:10476000E0012C7040DA8A24010840240532A1407F
:104770002241BE0F600162435520813D40DA8A2408
:10478000010840240532A140A60F6001624355276D
:10479000812D40DA8A24010840240532A140920F7D
:1047A00060016243EE08EFF456248029C341A00063
:1047B000A8973E0EE0002AD84023003AB2082FF511
:1047C000A2414023003FAA082FF5A2415423003AFA
:1047D0009E082FF5A24158220029E209E0012C7021
:1047E00000160171A0004A6E00C02478001E0470FB
:1047F000A0004A6E5722802DC209E00110D957222D
:104800000029BA09E00110D942220029AE09E001CD
:1048100010D94A24C070C34313004895A820400211
:104820000413000400C108804190447921B0C343BF
:10483000000000805721812D40DA8A24010840249D
:104840000532A140EA0E6001704340DA8A24010873
:1048500040240532A1400341D60E60016243572730
:10486000012940DA8A24010840240532A140C20E01
:10487000600162435721012940DA8A24010840245B
:104880000532A140AA0E600162434020013940DA9E
:104890008A24010840240532A140960E600162433B
:1048A00040DA8A24010840240532A140E241820E08
:1048B000600162434221012940DA8A240108402430
:1048C0000532A1406A0E600162435520413B40DA47
:1048D0008A24010840240532A140560E600162433B
:1048E0005527012940DA8A24010840240532A140D5
:1048F0003E0E60016243C34013002494960F8FF470
:10490000C341A000789DA20DE0001FD85523803C34
:104910005E0FEFF42C705421003F560FEFF42C7013
:104920005521003A4A0FEFF42C702C70420FEFF42F
:10493000234010D98608E0010240402001294C7034
:104940006C708A24010840240532E60D6001A14004
:10495000562001394C706C708A24010840240532BD
:10496000CE0D6001A1405826C11F4C706C708A2486
:10497000010840240532BA0D6001A14040210129FF
:104980004C706C708A24010840240532A20D60012D
:10499000A1405520C13F4C706C708A24010840240E
:1049A00005328E0D6001A140592601194C706C70C2
:1049B0008A24010840240532760D6001A140C340DD
:1049C00013009493CE0E8FF4C341A000CC98B60B85
:1049D000AFF220D82C709A0EEFF4E1405820002955
:1049E000DA0FA00110D95720812D4C706C708A24E9
:1049F0000108402405323A0D6001A1405527C12F1E
:104A00004C706C708A24010840240532220D60012C
:104A1000A140C3401300B4947A0E8FF4C341A000A8
:104A2000E89AA60BAFF221D85523C03D420EEFF411
:104A30002C7055200029860FA00110D95520412B3C
:104A40004C706C708A24010840240532E20C60012D
:104A5000A1405826411B4C706C708A2401084024E8
:104A60000532CE0C6001A140C3401300FC94260E19
:104A70008FF4C341A000EC9C460CE0003CD87C4F76
:104A8000EE0DEFF42C70C34013007C902E0FA001AC
:104A900010D9C3411300A0904C706C708A24010897
:104AA000402405328A0C6001A140582601194C703F
:104AB0006C708A24010840240532760C6001A14004
:104AC000D20DAFF45427001AC341A00044A09E08A1
:104AD000AFF222D85827801C960DEFF42C70582680
:104AE000802DDA0EA00110D958260029CE0EA00183
:104AF0002C705826412B4C706C708A24010840247D
:104B000005322E0C6001A1405526C12F4C706C70EF
:104B10008A24010840240532160C6001A140C340DC
:104B200013006C946E0D8FF4C341A000409B820A69
:104B3000AFF22BD8584F3A0DEFF42C7054200029C7
:104B40007A0EA00110D95420812D4C706C708A24EB
:104B5000010840240532DA0B6001A1405826811D6E
:104B60004C706C708A24010840240532C20B60012D
:104B7000A140C340130074921A0D8FF4C341A000EA
:104B8000C097E608AFF22CD85827C018E20CEFF413
:104B90002C705822802D260EA00110D95822412BAE
:104BA0004C706C708A24010840240532820B60012D
:104BB000A1405727812D4C706C708A240108402435
:104BC00005326E0B6001A140C34013004C93C60C2C
:104BD0008FF4C341A000DC977E09AFF22DD8572790
:104BE000801C8E0CEFF42C7054210029CE0DA001F6
:104BF00010D95421812D4C706C708A2401084024F6
:104C000005322E0B6001A1405527412B4C706C7072
:104C10008A24010840240532160B6001A140C340DC
:104C20001300DC936E0C8FF4C341A000FC975E0A66
:104C3000E0003DD82C4F3A0CEFF42C70572000299F
:104C40007A0DA00110D9422001294C706C708A2481
:104C5000010840240532DA0A6001A14056270129E3
:104C60004C706C708A24010840240532C20A60012D
:104C7000A140C3401300BC921A0C8FF4C341A000A2
:104C80006498BE09E00040D85727001FE20BEFF4FC
:104C90002C705422802D260DA00110D955220129F7
:104CA0004C706C708A24010840240532820A60012D
:104CB000A140422701294C706C708A2401084024CD
:104CC00005326E0A6001A140C34013002C92C60B4E
:104CD0008FF4C341A0001C98DE08E00041D84023B7
:104CE00000358E0BEFF42C705726801DCE0CA001E2
:104CF00010D9572601194C706C708A240108402481
:104D000005322E0A6001A1405720813D4C706C7025
:104D10008A24010840240532160A6001A140582760
:104D2000812D4C706C708A24010840240532020ADF
:104D30006001A140E6086FF5A140A3C004141B3434
:104D4000DAC6E078E4C20846038000804880118615
:104D5000648281922382A08382BCD608AFFB81B299
:104D60001908FE0100422486C6BA0081248083808F
:104D7000A1A16281607C40ABC4C6E078E2C2118030
:104D80000E0BAFFB884500A5C2C6E07811808D03ED
:104D9000AFFB2F79E2C21180AA0BAFFB884500A5BB
:104DA000C2C6E078E104AFFB1180E078C9076FFB71
:104DB0001180E0785905AFFB1180E0783506AFFB34
:104DC0001180E078ECC3A8C14380084700822282AA
:104DD0008880C8812182021409110C160B10A88149
:104DE0004F21801001B404840215081123846385C7
:104DF000001011004F2080100F0B301001B50196EC
:104E000082B801B605F040240B330C1C013003823C
:104E10004128881008804380404506EA419082BAC4
:104E200041B006F040240532081C013050878094C0
:104E3000A09501921D083E00442044104421081111
:104E400005243E822DF40420800F0000FEFF01B2F5
:104E50004834021048350010073086000487498F17
:104E600080809140110AB40010141210A180C485F2
:104E7000828603F084C40812072065421187920DD0
:104E8000AFFB40C41E4102406079041A4024098FE0
:104E90000F08B400A14023856079041E4014CCC7DC
:104EA000E6C243802082618250802881688302129A
:104EB000080102110B01A4810C1107004F238C1073
:104EC00081B181930C1309002091E093A0854F24B8
:104ED0008E1022BCC1B31F083E104424431044234B
:104EE0000C1105233E831CF404208C1F0000FEFFE0
:104EF00081B2448048310C00118048370110C082D3
:104F0000073105032141E042E486A1441A0FAFFBBB
:104F1000081706102386C1406079A1A7C6C6E078AD
:104F2000E6C3A6C100410380EC704080A280E88205
:104F300041800380021705114882C4874F258300F2
:104F400061B7819268850C1708104F248D10A1B2AB
:104F5000A193412C84100C1209004F258C1081B3B1
:104F600088800C130B00C08601941908BF00412DE6
:104F70008610A38482B801B40015871085273E00EF
:104F800090810093A0974092619444244400230BA5
:104F90003E0044264600442505010525050105255A
:104FA000BE8125F40423830F0000FEFF61B4483066
:104FB0000300048148350C102F27C7014832020036
:104FC000E08007330303118107320203A487C14540
:104FD000228542C1214141C3614340C26A09EFFBBE
:104FE00001422387E1406079C1A5C6C7E2C21180B2
:104FF000B60AEFFB884500A5C2C6E0781180D10350
:10500000EFFB2F79E2C21180BE0CEFFB884500A5B3
:10501000C2C6E07895032FFC1180E078B500EFFB65
:105020001180E07899042FFC1180E07859052FFC5D
:105030001180E078ECC2A080684650418A85EB85FB
:105040000C84170871003040E14080200E00301CB5
:10505000011000180300442052A00BF280270E100C
:10506000008F0F08A503A140CA094001C0AF7822F4
:10507000012084EE0C773AE97826001005207E8026
:105080002EF40A248073ED702C704C706C702240EA
:10509000A820400488909571CA2301000AF29575F2
:1050A000CA21010006F20B0CD110004202F0E1808F
:1050B00018E004EAE18207F003EBE18303F003E97F
:1050C000E181D5714A204000CA208D030A24007076
:1050D00040210121A82000011819D003A14002415C
:1050E0002242620BEFF4C143CCC6E0783E78E07E0A
:1050F00048886C7060B142223C80E07C8380A820AC
:10510000400304140014088042880D0A9F01059092
:10511000057B60B1E078E07E52D9001803010118E8
:10512000030003184300E07F22A8E07860820C703F
:105130008A213C0197E300A2E07FCA204D00E0787D
:10514000FAC2FC1CC8B6B9C1A380084744171B109B
:10515000B140008540241736288044810381619145
:1051600045C0008282BB14DA44C061B186C0BE0D66
:10517000AFF52C70088F6108B4008D7004770A2495
:10518000007086C340240436A82040090E420882DD
:1051900020904109850F0000F0FF219035099F0004
:1051A0004C928C2205850FF28C22858608F28C2287
:1051B00005860FF444800C10170008F044806380CB
:1051C00004F044800C100400C08282B921B08571C3
:1051D000067405F04024043686C3308741912D0AB9
:1051E0003E006D7104138030110834044128080119
:1051F000C3B8090800026D728F789F08C4020422A8
:10520000800F0000FEFF01B10487298F4180081044
:105210001300001014005041101218001013192030
:105220001D093401101415204480A3805040101231
:10523000160010151210D640564104F08BC090C1D4
:1052400008110730081006300815052040C105C1B7
:1052500041C063409E086FFCE24204C09E41041DB1
:1052600000206079824004C03E410418003060791B
:1052700022407E416240607904198033098F1B0807
:105280003401A14023856079041A80231E41024025
:105290006079041E8023B9C004141B34DAC6E07898
:1052A000E2C211808E096FFC884500A5C2C6E07875
:1052B000118001026FFC2F79E2C21180660A6FFC37
:1052C000884500A5C2C6E078E4C063809180088864
:1052D0004083848C4882A5924B08B400A0B1047727
:1052E0000A240070412C0E11A820400741830C9223
:1052F0008C2005850BF28C20058607F28C20858694
:1053000007F40C7206F00C7104F00C7402F00C70CF
:105310008B7804F4CB7806F208820590057DA0B165
:105320006474C4C451026FFC1180E07811072FFC33
:105330001180E0786D026FFC1180E078F2C20847BE
:10534000038091873040D3440000EFFF0080748CCD
:10535000041492109141488021920421010521B248
:1053600033EB698F2C70684137EB8487CC70C04772
:10537000234CA28BA94325ED081308000A24C07210
:10538000A820C007041003140A23C0110A248001B6
:10539000CC706883EC716093D3730000FFFFCA2662
:1053A0000101CA27C1020CF2150950000A27C002E8
:1053B0000D0B31100A260001EC70CC71E0782471DD
:1053C000B10944820AF030872608AFF52091108792
:1053D00054270E1815F0CC70190E300054270E18F3
:1053E000A492A1410A08AFF5A3B2001844230CF01F
:1053F000308740DB63B2FA0F6FF520911087009081
:1054000000180420412A15216E713AF003874048A4
:105410006880AC9081938C250595A94304240115DF
:1054200021B30BF28C2305962C710AF28C238596FE
:1054300005F42C7204F02C7402F02C700B21808483
:1054400014208D2005F2208684BC81B308F00B2146
:10545000408505F4151181200AE92086920F6FF529
:1054600020910086009000B566710AF0C3410000EB
:10547000FFFF7E0F4FF5001DC51FF8F1088F2F228B
:10548000C7048D0A0480D2C645016FFC1180E07804
:10549000EEC3A8C10847018023870E70CD70078036
:1054A000A0810B20808F2000010003F2C181190828
:1054B0009E000420800F2200000052207E8404F20F
:1054C000081110002A0CCFFF07851F08D000A9087B
:1054D00051012885448161910C111300008282BB27
:1054E00061B140C00CF0088502883D087F0080C192
:1054F0004485607AA1408108300010434E705241CB
:1055000027EE288641914B0ABF002E70078633088C
:10551000D0006508710182BA6481038141B1608362
:1055200043C313F0160D6FF5A14005EE0E0D6FF598
:10553000C140450830200240020D4FF51CF0448662
:1055400083C1607AC1400010910085213E203F0850
:105550001020201001204191330A9F001E441F0893
:10556000D0001508710182BA6481038141B1608362
:1055700042C309F056090000CEC7064682C1607AD0
:1055800002400010920085223E204209000001875F
:105590001E8817087F00402404340487A080C48537
:1055A0000816041001F011872F2247042F238704C7
:1055B0004024C5316A0B6FFC6241018707801908DE
:1055C0005F040714C0301108130000C0238501A632
:1055D0006079A140CEC7E078E2C211800A0E6FFC6C
:1055E000884500A5C2C6E0781180C9066FFC2F79F6
:1055F000E2C21180360F6FFC884500A5C2C6E07874
:105600004100AFFC1180E078E1016FFC1180E0788F
:105610003900AFFC1180E078D102AFFC1180E07856
:10562000E4C208460380008048801186648281922B
:105630002382A08382BC9A0FAFFC81B21908FE01BD
:1056400000422486C6BA008124808380A1A16281A1
:10565000607C40ABC4C6E078E2C211804608EFFC33
:10566000884500A5C2C6E0781180BD00EFFC2F7907
:10567000E2C21180C608EFFC884500A5C2C6E078EA
:105680003901EFFC1180E0788D06AFFC1180E078E5
:105690003101EFFC1180E078CD01EFFC1180E07862
:1056A000C341A000B46D498120A0007A08E9170920
:1056B0005100C341A000B46D20A006F0E07F8A2015
:1056C000BC002080098100785E78E07EE8C228472F
:1056D000504008452C708A2206005208AFF5E14080
:1056E0001F0830202C70CD7006ED048520487A0FFD
:1056F0002FF5E141C571CF79F1092484E574C8C65D
:10570000EEC3A4C108470380A180C0802885088615
:1057100002111101DA09EFFF0210100107852308B9
:10572000D000E1085101DD099F2008856480419087
:105730000C101200208382BA41B040C10CF00885E1
:1057400002883F087F0080C14485607AA140B50887
:105750003000104207863908F00081C1A5087101A8
:1057600041289020442053A01EF408864480619074
:105770000C101000208282BB61B041C119F0BE0A3A
:105780006FF5A140B60A6FF5C1403CF0658600C2D6
:10579000607BC1401040147083C078201320CA2061
:1057A000012007F06F2043004024103341C01E0F3A
:1057B000CFFF3087019119081E004D099F20490B2A
:1057C00011200420800F0000FEFF01B104870014A7
:1057D00004304024C6320241A08011874242624315
:1057E000C485060CEFFC081605100609CFFF0B1444
:1057F000C0301108130000C0238501A66079A140C4
:10580000CA0ECFFFCEC7E078E2C211805A0EEFFC7D
:10581000884500A5C2C6E0781180B107EFFC2F795A
:10582000E2C211800E082FFD884500A5C2C6E078AF
:1058300055006FFD1180E0784D01EFFC1180E0789C
:10584000F5006FFD1180E0782D026FFD1180E0788A
:10585000E2C22908B1004C73CB45A000EC8521853C
:10586000C340A000AC6D0080247121A52C71820F73
:10587000AFF76C70001D4310C2C6E078F0C3A9C139
:1058800063802083A881218381954881C48582BC5F
:1058900081B5E1928180001611104F27811021B24D
:1058A0002385A4829E8C4382F1431D0C3F1000157A
:1058B000141062838883A1940D0DBF1082BD638490
:1058C000A1B40BF08D70CB457F43000080C342C470
:1058D00041C440C443C58480118040240435402421
:1058E000C734E284C084A18410171210101610105F
:1058F00008120620DA0E6FFD081005202386C1402D
:10590000041840246079041A4024170BBF2085C175
:10591000A1404A0BE000824223856079A140131424
:10592000803085E823876079E140D0C7E2C21180EA
:10593000460F6FFD884500A5C2C6E07811809D071F
:105940006FFD2F79E2C21180FE08AFFD884500A5EA
:10595000C2C6E0789D078FFF7101AFFD1180E0782E
:10596000E5056FFD1180E0787D01AFFD1180E078E5
:10597000110200004D03AFFD1180E078F0C3A9C112
:10598000A380418020856185888127826883419436
:105990000421810F2200000052217E8482BA41B48A
:1059A000C48423848483E19343830016111000147C
:1059B00014104F278C10F14381B30BF2628588835A
:1059C000A1940F0DBF1082BD6384A1B40AF08D7045
:1059D000CB457F43000080C342C441C440C443C59B
:1059E00084801180402404354024C734E284C0847C
:1059F000A184101712101016101008120620D20DD4
:105A00006FFD081005202386C140041840246079EA
:105A1000041A4024150BBF2085C1A1403E0AE000B6
:105A2000824223856079A1401314803084E8238763
:105A30006079E140D0C7E078E2C211803A0E6FFD94
:105A4000884500A5C2C6E078118091066FFD2F79C8
:105A5000E2C21180F20F6FFD884500A5C2C6E07852
:105A600091068FFF6500AFFD1180E078D9046FFDCE
:105A70001180E0787100AFFD1180E0780501000031
:105A80004102AFFD1180E078F0C3A9C1838020847A
:105A900068812184A1934881228482BDA1B3E192CF
:105AA000A881C483238364824F278C1081B281959F
:105AB00043820016111000131400110CBF10F143A3
:105AC000638582BC81B50BF08D70CB457F430000B0
:105AD00080C342C441C440C443C584801180402473
:105AE00004354024C734E284C084A1841017121006
:105AF0001016101008120620D60C6FFD0810052095
:105B00002386C140041840246079041A4024170BEE
:105B1000BF2085C1A1404609E0008242238560790B
:105B2000A1401314803085E823876079E140D0C715
:105B3000E2C21180420D6FFD884500A5C2C6E07823
:105B4000118099056FFD2F79E2C21180FA0E6FFD69
:105B5000884500A5C2C6E07899058FFF6D076FFDE7
:105B60001180E078E1036FFD1180E07879076FFD27
:105B70001180E0780D0000004901AFFD1180E07850
:105B8000E6C20847508703802845C092008062081B
:105B90006FF5C1410387C141C0B556086FF501805B
:105BA000C1B5C6C6E2C3A4C148452F7A28B980C38F
:105BB0004E0F20012F7900C000A5C2C7E2C3A9C1C2
:105BC00080C1F6086001484580C124DA1A0D6FE7EC
:105BD000A140C2C7E4C20846038000804880118605
:105BE000648281922382A08382BC920DAFFD81B238
:105BF0001908FE0100422486C6BA008124808380F1
:105C0000A1A16281607C40ABC4C6E078E2C2118091
:105C10001E0EAFFD884500A5C2C6E0781180710652
:105C2000AFFD2F79E2C211807A0EAFFD884500A545
:105C3000C2C6E078F906AFFD1180E078B104AFFD8F
:105C40001180E0780507AFFD1180E078A107AFFD76
:105C50001180E078F4C3A5C10845038084852185BF
:105C60000080E184C0841C110B0008801017101004
:105C7000101612106480419023800013110082BA24
:105C80000D0B7F1641B00C7283C308F042840C7375
:105C900050431012140096430B0B7F17402404311D
:105CA00007F0F0241510101516200816042008120D
:105CB000052016421185A608EFFD4024C6300314C6
:105CC000C030150813002386C1406079041A4024AF
:105CD000031480300F08FE00E14023876079041828
:105CE0004024018507801D085E06031481301509D4
:105CF0001E017E4162406079041C402401850780BA
:105D000017085E07031480300F087E01A240BE41D1
:105D10006079041E4024D4C7E2C211804E0CEFFD0E
:105D2000884500A5C2C6E0781180A104EFFD2F7957
:105D3000E2C21180BE0CEFFD884500A5C2C6E07826
:105D4000A906EFFD1180E078E106AFFD1180E07853
:105D5000F107EFFD1180E078CD012FFE1180E07892
:105D60004128C100442101073021820FA00074E0C6
:105D70002C7100290000047AE07F79220000E0788D
:105D8000C341A00074E04281018160810522820F3D
:105D90000070F97805208C0FFFF900000523800FB3
:105DA000FF0F00FC81A142A1E07F00A18C200288AE
:105DB000E020C5074128C10044210207C372A000AA
:105DC00074E02082C4B80F210000E07F00A2E078D8
:105DD00021038FFFE6C2D180084510802847448EFA
:105DE0002F0A7100009095E803852C70020E2FF5A4
:105DF00000800385C3410000FFFF001F0510F20D66
:105E00002FF501801085021FC51F448E009094E875
:105E1000250A91000385C3410000FFFFD20D2FF535
:105E2000008003852C70001FC51FC60D2FF5018053
:105E3000021F0510C6C6E078FAC2FC1CC8B6A5C190
:105E4000081C003143C341C240C1A08001C0EE70B4
:105E5000D3407F4700FF208002C03043008044C011
:105E6000F90930002C1518102F70D342103AE02D8C
:105E7000D341484200003B430A2400240A25002461
:105E8000ED7000C6F67E0086C9083000EAE01AF21E
:105E9000E8E031F41D8DBD081E0001868A21013A1B
:105EA000033000841044CA24012454F2033480A433
:105EB0008A263F2D96F7033440A4DAF67D030000CE
:105EC0001D8D91081E0001868A23813A03300084CB
:105ED0001045CA2501243EF2033580A48A263F2DB1
:105EE00058032500033540A450030900041EC015C3
:105EF00030F001860330C08558000C000330808FDD
:105F00007F4700EF4C000D000730800FC83F0000B6
:105F10000A08EFF110464830C00229680B7910F2E8
:105F20004A2400714A208000A8208001052902002F
:105F30000C78457901694830000007F048300000CE
:105F4000033600A006F20030800FC83F000001A613
:105F5000E571330FC49408F06F700A2500240A24F9
:105F600000247B418A240E110374008C33E80285DF
:105F7000208828402DE9C180ED70C3420000FFFF5A
:105F8000E14E00914508D1020889708142203C8091
:105F900040B310F20C110B00A820000304130014EE
:105FA0000880639005EB649003EB43B044B0E07865
:105FB000098942203C800AF210110100A8208001CA
:105FC00004110004048040B0E571B90F0492001C74
:105FD000C2158A234E1100230B1600138010BF0830
:105FE000100002852088B309300028406180ED70E0
:105FF000CB440000FFFFE14B009145089103088965
:10600000508142203C8080B20EF24381A8200003E0
:10601000041200040880C39005EEC49003EE83B020
:1060200084B0E078098942203C800AF21011010016
:10603000A820800104110004048080B0E571BB0F2A
:106040000492ED70CB440000FFFFE14B0091450846
:1060500051030889508142203C8080B20EF2438176
:10606000A8200003041200040880C39005EEC49029
:1060700003EE83B084B0E078098942203C800AF2C4
:1060800010110100A820800104110004048080B0D8
:10609000E571BB0F0492001BC21580208E310010E9
:1060A000803033E80285208828432DE98180CD7037
:1060B000CB470000FFFFC14C009145081103088940
:1060C000508142203C80E0B20EF24381A8200003C0
:1060D000041200040880639005EB649003EBE3B0C6
:1060E000E4B0E078098942203C800AF210110100F6
:1060F000A8208001041100040480E0B0C571BB0E2B
:10610000C4920018C23500C101C203C30814043090
:106110006E08EFF4A140F108310010460785E90848
:106120001E02390930301FD9B60FEFF30285033450
:1061300080AF7F4700EF004210F710EA1082009016
:106140004830000000340120073640704847000006
:1061500031824830C0021FA1390B30301FD9820F65
:10616000EFF30285033580AF7F4700EF004212F75F
:1061700010EA1082009048300000003501200736F8
:1061800040704847000031824830C0028419000046
:1061900000C0ED70C46834F000C00810010440C0B5
:1061A000EAE112F2E8E12AF400860330808F7F47AB
:1061B00000FF24F202852A0FEFF31FD931801080EF
:1061C0003F8110F000860330808F7F4700FF16F27A
:1061D00002850E0FEFF31FD931801080841101006A
:1061E0000090483101004830000000304000073680
:1061F00000704847000000A608E6E57101C0008075
:10620000990F04904A856C708D70301A41002C1AD9
:10621000C00510F003C116210000208009E90180AB
:106220000330808F7F4700EF03F764716BA28571A5
:1062300004C18F78E1084480C240A5C004141B3417
:10624000DAC6E078E4C20846038000804880118600
:10625000648281922382A08382BCCE0EEFFD81B244
:106260001908FE0100422486C6BA0081248083807A
:10627000A1A16281607C40ABC4C6E078E2C211801B
:106280004A092FFE884500A5C2C6E0781180C901E1
:106290002FFE2F79E2C21180D2092FFE884500A57A
:1062A000C2C6E078C9022FFE1180E078A505EFFD97
:1062B0001180E078C1022FFE1180E07819042FFED2
:1062C0001180E078F4C382240C3F084602898A27B3
:1062D0008E1028458A253E278C20838FDF67CBF4DC
:1062E0004A24C0734A200000A820800181C119619E
:1062F000047100A9038D09E82E718A25FE260F0876
:10630000340461C0B7F04A21C0238A23072D5426E4
:1063100016195426941B0E7100239323001C01317F
:1063200081C1AE700C70422152000C2040A4460185
:106330002D0014709FF43222002404778EE02C018B
:106340000D002520000010F01BF02CF036F04AF074
:106350004EF054F058F05FF064F06BF06FF075F0B1
:1063600079F07FF080C15624423D7E0D2000A1408F
:106370005624413D14DA720D2FE7C24076F080C1F9
:106380000024823F00009401520E2000A14000240E
:10639000813F0000940114DA4E0D2FE7824066F031
:1063A00080C185C252086000A14085C18A220600D2
:1063B000360D2FE762405AF080C10024823F000072
:1063C000BC0136096000A140701682100024813F94
:1063D0000000BC014A092FF1DF160016104546F0F7
:1063E00080C18E0B6000A1400AA640F080C1820BE4
:1063F0006000A1400BA63AF080C1760B6000A1407E
:106400000CA634F080C16A0B6000A140DD1E18109C
:106410002CF080C15A0B6000A140DE1E181026F03F
:1064200080C1DE0DE000A140FF1F02901EF080C180
:10643000CE0DE000A14000AF18F080C1C20DE00019
:10644000A14001AF12F080C1B60DE000A14002AF43
:106450000CF080C1AA0DE000A14003AF06F080C19E
:106460009E0DE000A14004AFB6700C715FF506719F
:1064700058F1A240D4C7E0784A24C070A820400256
:1064800002104205070A1300537A02199400E07EB5
:10649000E4C208454A2600108A0D2FF90085C5710F
:1064A000F90E3291041D1010C4C6E0782C724C71A4
:1064B00003F00E7809782F21428043F7097A53219F
:1064C0008183F9F5E07F4E78F1C0004114730C77B9
:1064D00007F7F0264170130054B403E94079D1C0A6
:1064E000E07EE078E6C3A5C168456083284614E3F2
:1064F0002B0AE400004180C014DAEE0B2FE780C7BE
:106500004A240075A8200002008501178114D86074
:10651000C57120A8008514E000A5C6C7E4C20846DE
:10652000204028451A0D2FFE00190100C0A5A140EA
:10653000C4C6E078E4C2AD70084670184203542027
:1065400000092C70E6092FF54A2200054A24407103
:106550005426801BA8200001041811008A20070D72
:10656000D8602C70C6092FF58A2206004A24407193
:106570004026001DA8200001041811008A2401787B
:106580005426801EA820000104181100C140820E6C
:106590002FFEDF1E58134A244071C140A82040013D
:1065A000A1A0081850038A200E00D860A0A8C140FE
:1065B000C4C6E078E4C208460C7000A104A92040DB
:1065C000DE096FFE2845C0A5A140C4C6E6C2084743
:1065D000CD7020402845020A6FFEC0A1A140FA09F3
:1065E0006FFED6A5E0A5A140C6C6E0784A24C070DB
:1065F000402103020A22800F13005C76001901007B
:1066000004194300A820800104120C04041B100389
:1066100000A11419030015190300E07F2040E07861
:10662000E4C20846784928453E0E2FFA00190100B9
:10663000120B6FFEA140C0A5A140C4C6E4C208462B
:106640000C7000A104A92040AA0C6FFE2845C0A52B
:10665000A140C4C6E4C208460C7000A104A92040B1
:10666000BE0C6FFE2845C0A5A140C4C6E4C20846C2
:106670000C7000A104A93819020020408609AFFE61
:106680002845C0A5A140C4C64C7046DCFADB00A179
:106690000419430087A162A146A145A144A143A1D9
:1066A000E07F2040E4C208460C7000A104A920400D
:1066B000B609AFFE2845C0A5A140C4C6E4C208463D
:1066C00020402845D60AAFFE00190100C0A5A14010
:1066D000C4C6E0786C7002104205090A1300537AB0
:1066E0006471F70BB28002199400E07EE6C1A6C186
:1066F00081800080C08145C4808144C0018168439D
:106700006C7084C55024FE9743C042C615F2033412
:10671000809F803F000011F24A200000C085047174
:1067200007360813F908B280041D101201810730E2
:106730000F0343C702F003C74A24C0704A24001065
:10674000A8204009F0230D13864A80C04024093454
:106750002C7041C340C504110814A0802471003678
:10676000081201350812F309B2800418100200C1A2
:1067700001C015250D030037481015240E03023003
:106780000002857100A541C020A6C6C5E6C3A5C10B
:1067900068456083284614E32B0AE400004180C06A
:1067A00014DA46092FE780C74A240075A8200002A2
:1067B000008501178114D860C57120A8008514E0F8
:1067C00000A5C6C7E105CFF7F1C0004101808420D4
:1067D000030C1308300890E00C7008F400819C5AF8
:1067E00004F06E0EEFF70081D1C0E07E4A22000077
:1067F000041003044471BFBBF90AB2800419D0002D
:10680000E07EE078E6C1A9C18180A08047C4828093
:10681000018146C5A08148C441C0808102815025C4
:10682000FE9740C442C01DF27FDE17BE0335809341
:1068300017F24A24C07086C0A820C001208007310A
:1068400041030418500081C04A2100008080247157
:1068500007344C13F909B2800418100340C62D7098
:106860004024083040241E33214683C168440C7004
:1068700004140D140471A1A1F908B2800419500385
:10688000F0228B014A24C07086C483C0141C40329D
:10689000A820C00204140114A08000334110013567
:1068A00041100418500003C74A200000142087013B
:1068B000047103C4F0200B1015260130A0810034B0
:1068C000CC121525CE0102350C13E47180A1E50828
:1068D000B28080A615248001C47108E38F0EF28077
:1068E000E0A0C6C5E2C228452081404314DA196100
:1068F000AE0DEFF46040008514E000A5C2C6E0785C
:10690000E6C3822406306845608328465623030C7C
:106910002F0AE400004180C08A220600CA0FEFE679
:1069200080C78A240670A8204002008501178114C0
:10693000D860C57120A800855620000C00A5C6C7E8
:10694000E2C208450471CA0AEFF10F7810D9A140DC
:106950000C58C340A00020862080C3401200CCC049
:1069600009092000B571C2C660D8CA202106B570D9
:10697000CA20A1010F58C2C6E6C248452846D60B18
:106980002FF2084714700C7026F28CD85F2701177D
:10699000EA783021820FA000A84D3020800FA0009F
:1069A000104A50700C71D8F780852D0C85105F2728
:1069B000011F3021830FA000CC4C99620AE1190914
:1069C000E5006C24411040865961001901002085C2
:1069D000247420A5C6C6E078E2C228452081404341
:1069E00014DA1961BA0CEFF46040008514E000A5D8
:1069F000C2C6E078E6C38224063068456083284634
:106A00005623030C2F0AE400004180C08A220600AE
:106A1000D60EEFE680C78A240670A82040020085C3
:106A200001178114D860C57120A800855620000C7C
:106A300000A5C6C7E2C0084414701CD82AF22AE98F
:106A40006091E1D84D0B810F00002B667681B684F2
:106A5000410B4103A1940D0DDE11390B340470BBC1
:106A600080233E012D0B84004191290A4103629449
:106A70004291210AC10063944391190AC1007884AC
:106A80005881110AC10059843981090981000C70AB
:106A9000C2C4E078E2C2084514701CD81AF22095EE
:106AA0003109810F00002B665E8578D9B20C6FEA40
:106AB000A14014701DD80EF21B8556850AB81072BD
:106AC000E1D808F7388580223E09090A44000C7095
:106AD000C2C6E078E8C2CB45120000402D0D811FF0
:106AE000120000402C70ED71176900208E0FA0007D
:106AF000E05E00963508800F00002B660169ED0806
:106B0000B4802C71CD7012F03825811F20000070E8
:106B10003825801F2000002025780F087100CD70D7
:106B2000CB461200843FED706E0FEFFFC140C308EB
:106B30001100C3411300C4A7B249FE0EEFFFC140CC
:106B4000AF0811001E0900004E0FEFFF0845A30813
:106B5000110001962D085E009708BE0016D8168514
:106B60002C774128BC800AF25425801FA820800180
:106B7000041002040639810017857708610013D8D4
:106B80007C150B10002340135420810FA140AA0E46
:106B9000EFFF6142ADE85425821F5423831FC1409B
:106BA0005E0DEFF7A141104000160070A000D85E06
:106BB0002C707A0BEFF480DAD20FE000A14099E854
:106BC00016EF368516861670C22122043860002022
:106BD0008E0F12007C4002260D70EDFF85BF060867
:106BE0008FED1A652C70460BEFF4C140C8C6520EEB
:106BF0006FEC2C71E2C22845208140438A220600B6
:106C000019619E0AEFF4604000855620000C00A533
:106C1000C2C6E078E2C180838574290A2403A1C139
:106C20004A24007140C00C70A820400280C2A0839A
:106C30000C620471BA61247180AA0083047400A3F9
:106C4000C2C5E078C34313001875808380A0018318
:106C500000A10283E07F00A2B901AFF2C0D8E078C2
:106C6000C340130028B3E07EE2C04C702C718D70DD
:106C700015F0218D34702C7011F4826B390CB31B1C
:106C80004E233C0B00240110A82080010111820436
:106C900083EA857110F04C712C7081439D604843EC
:106CA0000AE9208D4C7134702C70FBF5816BC70C98
:106CB000B29B4C716140C2C4E2C2A20AAFF2084565
:106CC0008C25839F0CF28C25839E12F28C25C39E0B
:106CD0000CF28C25439E0FF40C730BF0A60AEFE820
:106CE0000C73A20AEFE80C720C7103F00C72960A96
:106CF000CFE8C2C6E2C22845208140438A2206006E
:106D000019619E09EFF4604000855620000C00A533
:106D1000C2C6E078E2C0A083816D110A2403B96184
:106D200000A90083047100A3C2C4E07842223C8021
:106D3000E07C40214306A8200003071301000D0951
:106D40000100208B87B920AB55230308E07EE07853
:106D50001470E07C398887B939A80080FCE8E07EAF
:106D6000E8C3A1C1C341A0002C86008904E8001932
:106D70000300925A8A20422CCB47F0004B00CB46AE
:106D80000000FC7F0C70C3410000FFFF80C2A60C16
:106D90002FF76C7700C078E8AD705AD9001F021445
:106DA000AB21080E0EF00B09500005E916F06058F3
:106DB00006E8C340A00024860080407800C00EF0A2
:106DC00019086E03AF794A69DF0A5583C4789B5A64
:106DD00000C1D278247840C0A571AD0D1594F2E8B9
:106DE000D2F1E078F1C004770F7804E9215803F07C
:106DF0001D58D1C0E07EE078F1C02F7B8CD86A7836
:106E00000020800FA000254A2F27BF006F233F00DE
:106E10006F263F0420880018C30F2F26BF008C2147
:106E2000C38F07F2F026C0701300849A8C58D1C02B
:106E3000E07EE078E2C24D08D101C340F0005B0083
:106E4000A0882088E078FD0D4190C340A000B241A9
:106E50002088350D4010A0A84E096FE6A140AE0D68
:106E60006FECA140CB45F0004700CE0A6FE6008DE5
:106E70000BE8008D00160170A0002886407907F00D
:106E8000BE0BCFF2C2C60C700F58C340A000A04288
:106E900020882F27FF006F233F00C342F0005002DD
:106EA00000821020400000A22F26FF00C2C6E0781A
:106EB000E07F00A1408102A15470E07C2181007A32
:106EC000E2C3A3C108B88FB897B88845FFDCC344B4
:106ED00013002C5740240532CC7098B842C4BE0829
:106EE0002FF340C52E08EFF782C1C2C7E2C3A3C18A
:106EF00008B897B88845FFDCC34413002C574024DA
:106F00000532CC7098B842C492082FF340C50608E9
:106F1000EFF782C1C2C7E078402008014C702C71A5
:106F20006C7017F0F420C10034702C7011F4626C96
:106F3000390BF3004E247C1014200113A82080018B
:106F40000211020583EA647110F04C712C706844E0
:106F500048430CE9F42001034C7134702C70FAF5AD
:106F6000616CC50BF2804C71E07F6140E4C3A1C14C
:106F7000A08128464C74B9606E09EFE680C000C05D
:106F8000246D20A6C4C7E078E6C3AAC16845608323
:106F9000284628E32B0AE400004180C028DA4A0989
:106FA000EFE680C74A24007AA82000020085011776
:106FB0008114D860C57120A8008528E000A5C6C747
:106FC000E2C2C342A000AE4AFFD8CB44A000224A8E
:106FD000C341A0003A4BF5DDFBDB03AA03AC03A9D8
:106FE000A0AC60AA620A2FF360A9C341A0000442CA
:106FF0000019800F1300B056C2C6E078F1C0001629
:107000000270A000F886C3401300DC55C341130092
:10701000949A6C70C345A100CC1AC346A00038E80E
:107020001A09AFF88A248200001E0070A000308682
:10703000D1C0E07EE4C2C340F0003E00208881B9A8
:1070400020A800168070F0000C011B083E01AD70F6
:10705000360B4FF8084529680C7097B81071CA258F
:107060000610820B4FED6A0B6FED08460041A142FE
:107070000E0E2FF8C1400E098FF60C70C4C6E078D2
:10708000E4C3A2C1CB45A00094E60C71A20AEFF6BE
:107090009C4D00160270A0000087CB46A000108611
:1070A00000A65425861AC3401300346EC341130052
:1070B0006F9A6C70C345A100CC108208AFF88A2487
:1070C000C20001A64A260010C34069724E5640C055
:1070D00074D8041C04306A4E60C054D8CC78F026B2
:1070E0008273A0000487F0268573A00010875525C1
:1070F000811A00204600626E4E26C411C340130060
:1071000044743A08AFF880C115258113C571BD0ECE
:10711000F49000A1C4C7E078F2C2704250453043F9
:107120000846CB47F000340097D8347006012100A0
:1071300017AF2E708A24032032401A200D25DD65FA
:107140003215C110290932005321000121087506AA
:1071500025B9532142009E0A6FF3A14132158110D7
:107160000C71C342F0006002387800A208858420C8
:10717000030CA0E0560022008D712E1580102F15F3
:107180008210002C01102F27FF006F233F00C34007
:10719000F0004002110A10004580267A45A02F26F3
:1071A000FF0007F04580457925A02F26FF002E150A
:1071B0008210587C86A02F27FF006F233F00248079
:1071C0001021810024A02F26FF0006710C20C0A4EE
:1071D0006A07C5FF6F26FF0598D8AD7017AF5AD95B
:1071E0000C70AB21080EAA1E0210AD1E0210AF1EBD
:1071F00002101A0A2FF3C1402508B4000843008684
:10720000520BEFFF071E4310C140A241220BEFFFBC
:107210004242188E0A21C02216AF07F032168010A3
:10722000F60FAFF1C4B8A571B70DE49455260E1C46
:1072300006F06F26FF0598D82E7017AF99D8350A3B
:10724000302017AFCD70B76EA275A1403E0B2FF363
:107250003A1D05101708B4000042A140F60AEFFFDE
:10726000071D4310188D504116AFC571DB0E849475
:107270009AD85AD917AF2F204704AB21080ED2C68F
:10728000E2C228452081404328DA1961120CAFF48C
:107290006040008528E000A5C2C6E07848812392BE
:1072A0000B084400249209210100E07F2040E0788F
:1072B000F8C3A3C158403045920E6FF30845D3423E
:1072C0000000FFFF9308A00410416E70D34400003B
:1072D000EFFF402417304A4722F00385F0200E04C8
:1072E00007860D08F100C140520F4FF4150C6424BD
:1072F0000A2680242240C141232040050342104633
:10730000C140EE08AFF4C2411427002400188405E0
:10731000F0780A0D6FF3C24108476671088D2F207F
:10732000C724BB0824A0F07E1085870CA423E0B0FE
:10733000478505EA80C1607AA140698505EB80C276
:10734000A140607BC141F60C6FF3A14010852190F4
:1073500080B921B0D8C7088D11E8CD704A27001038
:107360000385C04823804079288D80C0E571D4789A
:10737000EF7EF10E64900018C50F69851085001826
:10738000840406EB80C2A140607B4241098D11E874
:107390004A2600102485CF780049C3410000FFFF32
:1073A000760F8FF3098DC571CF79ED090480D8C7A9
:1073B000F1C08881628C0F0B9E016594647A170A74
:1073C000C100C3420000FFFF1908800087E8439412
:1073D00008F0C3420000FFFF04F0C60ECFFF0042DA
:1073E000D1C0E07F5078E078E2C28881A1940F0D8F
:1073F0009E116594647A1B0AC100C3420000FFFF1E
:107400001D08800003E8130D1F11449408F0C342C7
:107410000000FFFF04F08A0ECFFF00425078C2C682
:10742000F1C08881628C0F0B9E016594647A170A03
:10743000C100C3420000FFFF1908800087E84494A0
:1074400008F0C3420000FFFF04F0560ECFFF0042D9
:10745000D1C0E07F5078E078E6C08480CD7041A450
:10746000A88C16F0038C42203C8011F246841A2628
:107470000310757A0A234000A8204002E08204131A
:1074800000040130C003041A1000C571D90E4493E2
:10749000C6C4E078E8C2A48010400095BF08850FFC
:1074A0000000F0FF990830000240CA0900000C15E6
:1074B00008101C150910ED70E9433AF016406648B3
:1074C00008868090670C801F0000FFFF0644009034
:1074D000052C0C100C7090790700000004710F7AD5
:1074E0002F26C703250A8501F4218610F109818121
:1074F000017300AB2485638D858508864A7B5579A9
:1075000024A0757C83A013F00173E0AB038D1421DC
:107510008111448580B11F20810165850886E57150
:1075200015228201357B44A063A065710210802082
:107530002F23C702890B0480E8AD13F002108020CE
:1075400042203C800DF2448565851641A820C0018B
:1075500004110004088063A044A0081D03100C70EF
:10756000C8C6E078EAC2448008460092D5083000D8
:10757000AD70081288000C121100201210001C12AD
:107580000900ED7044F0F420C0230471001E0400D3
:10759000F421C11310783D084100238A284315E9DE
:1075A00066821A27C11285820A24C07248300700F9
:1075B000357B357CA820400200830730C001041CC5
:1075C0001010041B500304822182001E44031DF08E
:1075D0003B0994002412800033085100838A42241E
:1075E0003C900FF225821A27001366821579157BCD
:1075F000A820C001008304191000041B110004829C
:107600002182001E0500F57820A0E5717B0F2492F1
:107610001420C623241A42030FF032214020F42004
:1076200000208AE8028620482880228909091E0055
:10763000B2098FF3A571028EAF79E309048013F0CC
:10764000428E11EAAD702286AF78004928802289E7
:107650000B091E008E098FF3428EA571AF78EB08DF
:107660008480CAC60480658060A10480E07F00A297
:10767000E4C2C480084542882C70038621A628AE47
:10768000AA08AFF4241E4310228D048652699E0876
:10769000AFF42C70228D038E0A79058652698E080C
:1076A000AFF42C70228D038E0A79068652697E080B
:1076B000AFF42C70228D07863B7A7208AFF42C70E1
:1076C000228D08863B7A6608AFF42C70C4C6E07839
:1076D000E4C2A48022880846048552694E08AFF4AB
:1076E0002C70228E08853B7A4208AFF42C70228ED3
:1076F000038D0A79068552693208AFF42C70C4C62E
:1077000044802288041A010005823B7A1D00AFF4F0
:107710002C70E078F1C021800D09500086E9E60F59
:10772000CFFF04F0AE0FCFFFD1C0E07EEAC2A84683
:10773000E0868B8028452C910024C4037040504182
:107740001524C2131424C31314240C113DA2FA1BD4
:107750005C04FA1C1C144C9525800422800F000048
:10776000FEFF3860E0B02C700A0F2FF4A14028858E
:10777000016F00A60619440408190404CAC6E0787B
:10778000E6C0998860822840AD0B24038A217F1CC3
:107790002D70CB430000EFFFED704BF024805A2793
:1077A0000E15E3490176A8836C9320951B0B64109A
:1077B00060A67921030009EB4831010007364370C8
:1077C0004847000007F03470C3437F4700FFCA23D7
:1077D000410223951B0B641061A67921030009EB7C
:1077E00048310100073643704847000008F0347004
:1077F0002C70C3437F4700FFCA23410024951D0B13
:10780000641062A67921030008EB483101000736B5
:1078100041704847000009F034706C70C3417F47E5
:1078200000FFCA21C100659523A6E57168B6710FF6
:10783000049380A22140C6C4FAC2FC1CC8B6ADC1E4
:10784000AD700A23C0310A2380210A2140310A2564
:10785000002170425047304608478A20BC20041C53
:10786000013442C5F30A300040C5EF0D1020EB098A
:1078700014320A870A804C200080AE0121008A2140
:10788000FC204C2200A8A20125008A21FF26D10E4F
:1078900030208E708E7092402FF001802C7083C348
:1078A000F02011044024043CC24238110C20232053
:1078B000000322400B0000008671AD70C5710CC042
:1078C000350E2510402404300110833434110C206F
:1078D0002240A24123200003234200C370EB81C257
:1078E000E24042410A244005DA0AAFF30A25400685
:1078F000084564E806710287CD7020889F0864A05F
:10790000402418332C7083C34024043BE1404609D3
:10791000EFF3C2421AF001108334E140A241420960
:10792000EFF3234202C011E800C381C2E2404241AA
:107930000A2440058E0AAFF30A2540069508310057
:1079400010418671AD70C5710BC0CF0E24904024DC
:107950000432B1413EF08A21BC2067F0CD7063C58E
:107960001AF0018023C3A06023428D8023200003EE
:10797000A24100C30EEB81C2E24042410A2440050D
:10798000420AAFF30A25400610408CE886710E705B
:10799000A574C57102872088CB0E64904024043002
:1079A0006C7040240432E140A241B608EFF3234258
:1079B00002C37470CA2101240CF281C2E240424128
:1079C0000A244005FE09AFF30A25400610418671DE
:1079D000330931202F25078515F201C081C2E2410C
:1079E00070B841C0E140A2430A2440060A2680053F
:1079F000960DAFF30A27C00601C02E70001B0020B1
:107A00000EF02C70E2404242220D6FF4001B012068
:107A10002F2607F58A20FF06CA2101202C70A240DC
:107A20000A0D6FF423422240ADC004141B34DAC6A1
:107A3000ECC2BE0EAFFE0847018704E8960F0FF3B5
:107A40004E70CD7029F001803240C54813F0038597
:107A50003020400428804780619154730423820FB2
:107A60000000F9FF82BA41B103F4D20F0FF426747B
:107A70000671088DDB0804A0098D0EE82E703240D7
:107A80000485960CEFFF30204004098D0671F5083F
:107A900024A02674C57102872088AF0E64902E70D2
:107AA000AD700AF003873020800404E86A0CCFFF31
:107AB0004674A571188FF10D0490120CCFFECCC640
:107AC0001509F0000A801B0991002418800F13008B
:107AD000645CE07E2418800F13002C5CE07E241888
:107AE000800F13009C5CE07EF0C3A6C10E700A21DB
:107AF000002170445043304208455470041C003447
:107B000006F256708A20BC2002F296709202210082
:107B10004C2100A28A0205000A858A20FC200A80E6
:107B2000047714717A022D002C70CB858240FE0BF5
:107B30006FF4224240240532402406344024873327
:107B4000A1404241624282434A092FF40A24400480
:107B500014704E022200104002C70E7030F0402414
:107B6000C5334024C6354024073142406241824338
:107B7000060AEFF30A2440041040AAE80F148130EB
:107B80008C21838F07F401C2A1400E0DEFF38241D7
:107B900009F04E0D2FF302850FE86A8001C2607B69
:107BA00082410E7002C02C702242E96882407E0B36
:107BB0006FF442C704F08A20BC20F6F108EF1108E8
:107BC000112004C09B08E48484C20E702C860A86AF
:107BD0006B864A8500304C000031C0004834C11229
:107BE0004830C0022DA2150831200EA20E1480309C
:107BF00009081501281A81007016801042203C8067
:107C000013F26485C1428A21070D80220A0D3C6669
:107C1000A820C0020413000402140115088023B038
:107C20000212010524B0188D4E70ED70B1083000BD
:107C3000084343852C700D71204A6090828800288B
:107C4000C31042243C90001CC4300AF2081000000B
:107C5000A820800104100C04888465B42471DD0917
:107C6000C482ED703CF00180F02051002011022010
:107C700005EA80C1607A224017F008118020001CBC
:107C8000843442203C8011F23E432C70A8204003F3
:107C900004130004088042880D0A9F0105900579AD
:107CA000001C4430E07809118820330830102C7013
:107CB00010110C2000140331204C021082004222CB
:107CC0003C800AF208100B00A82080010413001465
:107CD000088065B02471E5090482E5710285EF79B9
:107CE0004088870984808A274E10A140A60B200077
:107CF000DF67208F1042CE0DEFFFA140018F05E816
:107D0000A6082000A1408026CE10008E8D083000ED
:107D10002E703FF0248506498A20BE0A2C963860D2
:107D20001B08740115DA204080203D0023087502ED
:107D30008A2245000B0A0F000BF0EF0A0E808A2002
:107D4000840040C080C18E092FF4C1402C962309C5
:107D5000D504C3400500405117084E00C34020BC65
:107D600012AC40C080C16E092FF4C1402C96422154
:107D7000000E1D08750115D915092E0080C1C340DC
:107D80001CC10AE840C04E092FF4C1402671398D4C
:107D90002F204704810844801670CA2081240240A5
:107DA000D0C7E078EAC258882B80AD70CD7023F040
:107DB0006380C44B628C42233C801CF208140B107D
:107DC00014218C035214081148140F11A8208004A8
:107DD000041303146883839304ECE3B3081B0402C5
:107DE000CB440000FFFF0B0F011383B384B3E07893
:107DF000C571C10EA49054214C0A62804021080D27
:107E00000A26C030830220000013910004160030BF
:107E1000A748088F004511E80C170B100A24407181
:107E20004A230000A8204002041300140880019097
:107E300024B8C0B81B6309179F106D700C70714097
:107E400000471CF0C487F026091002118610422654
:107E50003C8013F2081104100A21C011A82040032D
:107E600004140E04C8860A1607110C21C091C520FF
:107E7000C2210A21C0110471CD08C487CE813411FA
:107E80000900EF713C110400002F87330F274E02C9
:107E90002F2008040F2606110C208081002F463267
:107EA0003DF442253C80F0F20C170410A820800D10
:107EB000F024C0026F7E570EB51008800A101F0113
:107EC000AC700A20002289471DF004100E240029FE
:107ED00089130421CE9715F206100901D076CC261D
:107EE000C29109F41B091010C4900BEEC097C3B0E7
:107EF00006F00F091010C49003EEC097C4B0E572ED
:107F0000A471CB0DA4802D7107F0C39005EEC49031
:107F100003EEC094C4B06571B6F0002F043105249F
:107F200089016F08610242253C80AEF20C170910EE
:107F3000A820400B6F785508B500AC70F021C01236
:107F40000A200022894708800A101F011BF0041034
:107F50000424002F07010427C48713F2170CA10182
:107F6000061007011B0F1000C4900BEEC097C3B0A2
:107F700006F00F0F1000C49003EEC097C4B0E57276
:107F8000A471CF0DA480EC716571FD0000005F0845
:107F9000A10342253C8078F20C170910A820800923
:107FA0006F784708B5008C70F021C01209478145F1
:107FB00008800A101F0116F004170E14002E860305
:107FC0000426C6870CF2190EC101C39008EEC490B6
:107FD00006EE00150E0122BEC3B0C4B0A4728471B7
:107FE000D90CA480CC7165714EF0052707016B0890
:107FF000E10142253C8048F20C1707104A25000099
:10800000A820800A6F784F08B5000A200022F027C8
:10801000400189472D7008800A10060118F00410ED
:108020001F24002BCB1704238B9110F2110B21116D
:10803000C3900CEEC4900AEEC09707F006EEC49011
:1080400004EEC097C3B0C4B0E5722571D309A49003
:108050006D71A47118F03108210142253C8014F2A1
:108060000C170E10A8200004041603146883E5936F
:10807000130F0110E39307EFE49305EF56110F017F
:10808000E4B3E078A57132758405E5FF6C70CAC66B
:10809000ECC2181089002C1006000E7008460A4326
:1080A000AD701FF02386024914260000481003011A
:1080B0000212880011F022820049088023900B09E7
:1080C000C5000FDD63B0C3410000FFFF090B410095
:1080D00023B024B085719078DF08048265712F2069
:1080E000C802C50864828D70D3420000FFFF5CF0B7
:1080F0000180424227480BF02387004908802390E3
:108100001A0FEFF2507800422671288F2F20480472
:10811000E9084480096A10784F08850F0000EFFFD6
:10812000098F42203C803FF2101708102D70507BC1
:10813000A8208006F0204B128D700213861010F0DC
:10814000754100490880239009E91309C50024906E
:108150000FDD0B09E50043B044B085719078E50868
:10816000848125711FF050783B088104098F4220DB
:108170003C8019F2E4876C70A8204005604F22888B
:10818000284310E982800C704A210000004C2471C1
:1081900048803078061AC50FF508E482081AC50F22
:1081A0006471067102862F21070440884509A48066
:1081B0002E70A140CCC6E078088085210201842180
:1081C000430F0018C50F0A180500E07F21B0E078C2
:1081D0006880C3400000F8FF276820B34193047A09
:1081E00082BAE07F41B3E0780F0834042C71C341B8
:1081F0000000FFFF02F01879E07F3078408148608E
:108200004471E07F40A1E078ECC2CB45F00034003F
:1082100093DA2C7094D857AD001E4270A000B44180
:1082200017ADA35A34E8A45A95D80E096FF717ADC5
:1082300096D817AD345810423E5810412E58104071
:108240002F5808470241224200434240A55A08469F
:1082500003E8C14067589BD99CD837ADBA086FF77F
:1082600017AD9DD89A0D6FFF17AD9ED8160E6FFFF4
:1082700017AD9FD8C20D6FFF17ADA0D8D4AD17AD05
:10828000424002412242E143B25A06F0148D84E892
:1082900020D814ADA2D8C2086FF717ADA3D817AD78
:1082A0004058E07800168170F0000601C340A0003D
:1082B000348601184300E07F20A8E078C342A00084
:1082C0003486218A00430C703470E07C408A7FD968
:1082D00044790021C180100024008C2102802040BC
:1082E00082F67FD884220200057A001E8270F00098
:1082F0000601E07F0C71E078E07EE078EAC3AAC175
:1083000008450180E285C08583850037051030412E
:10831000003408100036CB130037C6136847003608
:1083200004130030070002330812003689130134A9
:1083300040010236CB01013003000034011341C378
:108340000233401201300E120131000040C6AB0A68
:10835000700042C0210A300183C15472ABF4446FF3
:108360004027031280C140270513A140CA0A6FFCB1
:10837000E144CAC7E60F6FEFA14043852285C1855E
:10838000008505C403C3003182000030800302333E
:108390000103023080002242013141000236417067
:1083A000803F0000BE0CAFEE0130000001C1084567
:1083B00000A75221C0070031410002364170803FC2
:1083C00000002F3140000131810F803F0000960CEA
:1083D000AFEE224204C203C10130030000C40231E7
:1083E000800061A7013001005224C017023641709D
:1083F000803F00005AF080C0C6096FF487C107C0F3
:10840000402410390330808F7C3FAE5DD3F609C124
:108410003208EFF20130400001C102C26C7000303E
:1084200040000332C0805220C007CAF67FD917B976
:1084300009F001C002C15220C00705F0C34180BF4E
:108440000000220CAFEE22420846064108C0F60F9B
:10845000AFF20130400002C110400331808F80BF75
:108460000000CCF60331808F35BFF30446F7218539
:1084700000855221C10704F023850285E60BAFEE8B
:10848000224200308D0F00C000000C7003350090B8
:1084900045F701358D1FC940DB0F00C07FD9A0A76C
:1084A000C1A70030002017B9BA0BAFEE224202A7D5
:1084B000A3A7CAC709038FECE2C228452081404325
:1084C0004C761961DA092FF460400085047600A526
:1084D000C2C6E078E6C3A2C16845608328466476D8
:1084E0002B0AE400004180C04C76FE0B2FE680C7CB
:1084F0004A248071A8200002008501178114D860E9
:10850000C57120A80085047600A5C6C7E2C308454A
:1085100001808420030C15083104A1C10E8D0015C3
:1085200004101D789E5AC2C7FFD840C0C344130030
:10853000E02240240530A140AB5AA140175800C0AA
:10854000C2C7E078EAC208464830000048473040D9
:10855000C3411300745660420A21002168458358C4
:10856000147712F29F250213C341A000CC49B961D0
:1085700000258D1FA000254AE5A110190004CAA1FD
:1085800000ADCAC6F02640731300789A090910207E
:108590008D58CAC68B58CAC6004114700C70E07C56
:1085A000AB11800014700C71E07DAC11810034704F
:1085B000E07DE07F0C70E078ECC3A1C1345810403E
:1085C0003E5808472E5808462F58084510D88D5851
:1085D0008A21822CFFD90C7010B980C2560C6FF61C
:1085E0006C7700C078E84A220024001E4274F00034
:1085F0004B0003F000C0112080843CF22F20870440
:108600001D0810044B08B00491E034F40240C1414D
:10861000E142A1439A5A4C20C0882CF40016007005
:10862000A00010862C704C775A0D2FF66C7078E8ED
:108630000240C141E142A143995A00160070A000D6
:1086400010862C704C709A0E2FF66C7012F02F273B
:10865000FF006F233F00C340A0007449268047807D
:10866000181801001C1801002F26FF00FFD84558DC
:1086700046714C22C0A48007CEFFAEF17FD9CB4417
:10868000733F3186C343853FC203C342803F50B529
:1086900017B942A023A080A061A010E02C708D002B
:1086A0002FF41ADA001E0270A000E885E07EE07860
:1086B000C3431300187500A321A3E07F42A3E07811
:1086C000F1C02C7100290000B45AD1C0E07EE078DE
:1086D000F1C02C7100290000B55AD1C0E07EE078CD
:1086E000F1C02C71002900008E58D1C0E07EE078E6
:1086F0002F27FF006F233F00C342A000A86D2082F8
:10870000257800A22F26FF00C340F000400100188A
:108710000102E07EE4C3A1C108452F277F006F233B
:108720003F00AA209002AB20D002CB46A000A86D4B
:10873000AA2088010F7814730CF70086A57800A68C
:108740002F267F00C340F000400100180102C4C77B
:108750002F267F00D2094FF63D0870002F21488355
:10876000001C013005F2C340A000308609F004254A
:10877000819FFF00000011F2C340A000148600801A
:108780004C716C70EE086FF64024043000C004E8B1
:10879000DA098FF7C4C70425819F000F000004F297
:1087A0000286F0E86C25C196F2F30186EAE8F0F162
:1087B000E2C276096FF608452D0870002F21488324
:1087C00005F2C340A000308609F00425819FFF0018
:1087D00000000BF2C340A000148600804C71120808
:1087E0006FF66C70C2C60425819F000F0000C34263
:1087F000A000A86D03F20282F2E86C25C196F4F3A2
:108800000182EEE8F0F1E078F1C062B83908F500D5
:10881000A1C10F78F0260070A00094E607E92C7142
:108820004C73CE0F2FF66C700EF02C714C736C7075
:10883000402404303E086FF6001C013000C004E8FC
:108840002A098FF78774D1C0E07EE078F1C09F20BD
:1088500002030020810FA000254A008905E80D7859
:108860000019C30F8558D1C0E07EE078E4C2084605
:1088700012580845A4160011B570CA256110B170D0
:108880000C700AF2568605EAB078607AC1410C7124
:10889000A41E4413C4C6E078EAC28CDB0A7B0845F8
:1088A000C340A000244A1F63008F2846504035E98A
:1088B000B2E8C340A0006441218FB6784180E080D7
:1088C0008C21C38FCB44A000CC4906F278640A8087
:1088D000450E0510166E412E8B16002711900122B1
:1088E000CF828C21C38F10F27864258044803B278F
:1088F00040103D2182203077CA2081008CE8520F41
:10890000EFFFA140C1402241E142A1433A0CEFFFF9
:108910000A240004CAC692E8360FEFFFA140A14026
:108920009F200203C342A000CC492C705860001F56
:10893000431025A024A02AA0F02640731300789AA3
:10894000090810208D58CAC68B58CAC6E2C2598879
:10895000C1BA547217F22F277F036F233F00508054
:10896000043240800DF24C7004318080C5F730A095
:108970000E18430003F01318430010D88D582F260B
:108980007F03C2C6E2C25988C1BA547211F22F27BE
:108990007F036F233F004C100201130A40004C1864
:1089A00044000F18430010D88D582F267F03C2C6ED
:1089B000E6C3A4C1084519882846C1B8147227F235
:1089C0004024C13383C240248332402404304024F5
:1089D0000531A140395800C1C1404C700431808339
:1089E000CA20450004318080CA2609102F27FF03C2
:1089F0006F233F0010850430808307F210D8D0A584
:108A00000E1D43108D582F26FF03C6C7CB441300FD
:108A100060B480849570E0200203E07ECB441300B4
:108A20005CB480849570E07C007CE078E8C2360914
:108A30008FF7CB45130028B42A8510403209AFF7D1
:108A400009694D087402084608852609AFF70477BE
:108A50008A0BAFEC0847390F7512216F5526831F1B
:108A60002F794020C2206F7E082040004F7AD960C5
:108A7000250A64002C710F78860BAFECC1413A0CCB
:108A8000AFECC1404E0C60010085C8C62FD8B20FB4
:108A90006FEB2C71AA0F6FEB2DD8E078C340130059
:108AA00024B4FD036FF40080EAC2CB4513002CB45C
:108AB00000852185E485C585027926B91E21810FAF
:108AC000AAAAABAA081511100C1510104A0C6FF4C5
:108AD0002F790285F24E0220412427B927BA2F7937
:108AE000960C6FF44F7ACAC6E4C2CB45130044B467
:108AF000F208AFECC0856385428500416477C140D0
:108B0000A65AC4C600160370A000FC860018800F89
:108B1000A00094870019800FA100CC08E07F60A21C
:108B2000F1C05AD8AB20080E985AD1C0E07EE07848
:108B3000E07EE078E2C228452081404310DA1961E6
:108B40005E0BEFF36040008510E000A5C2C6E07840
:108B5000E6C3A4C168456083284610E32B0AE400FD
:108B6000004180C010DA820DEFE580C74A2400740E
:108B7000A8200002008501178114D860C57120A8C3
:108B8000008510E000A5C6C7E2C208450090D3707A
:108B900000002B661CD817F45E8578D9C20B6FE9EC
:108BA000A14014701DD80FF24A2400710C704C7053
:108BB000A82040024F79152541104B11010604E908
:108BC0004471C2C61ED8C2C6E4C3A1C10F7D110D37
:108BD000B5110C73482580108020830FD368C340E3
:108BE000A000744984261F1E1E662C770C7080C25C
:108BF000420E2FF6204300C079E89E7841862086F9
:108C0000041E0110001E0110BE78A1404558EFF16E
:108C1000E2C3084501808420030C15083104A1C17A
:108C20000E8D001504101D78A25AC2C7FFD840C08F
:108C3000C3441300E02240240530A140B65AA140AD
:108C4000175800C0C2C7E078E2C2284520814043DF
:108C500018DA19614A0AEFF36040008518E000A5B0
:108C6000C2C6E078E6C3A6C168456083284618E31B
:108C70002B0AE400004180C018DA6E0CEFE580C7D3
:108C80004A240076A8200002008501178114D860CC
:108C9000C57120A8008518E000A5C6C70000000027
:108CA00000000000000000000000000000000000C4
:108CB00000000000000000000000000000000000B4
:108CC0000000000000000000000000002000000084
:108CD00001000000020000001F000000BD378635C3
:108CE0000000000000000000000000000000000084
:108CF000BD378635000000000000000000000000C5
:108D000000000000BD3786350000000000000000B4
:108D100000000000000000000000000017B7D1387C
:108D20000000000000000000000000000000000043
:108D300017B7D1380000000000000000000000005C
:108D40000000000017B7D13800000000000000004C
:108D5000000000000000000000000000AA413200F6
:108D6000ACC5A736ACC5A736ACC5A7360000000019
:108D7000ACC52737ACC52737ACC527370000000086
:108D8000000000000001000000000001D30237389D
:108D9000A9681237A968923635FA8E3788C36436C7
:108DA00088C3E435DB0F4940F366DF3EC2B8B23D0D
:108DB00035FA0E3C88C3E43A88C3643A02000000E6
:108DC000290000002C0000002D0000000100000020
:108DD00002000000290000002C0000002D0000000F
:108DE000F3665F3FF366DF3E5077563E01000000BA
:108DF000020000000300000021000000010000004C
:108E0000020000001F00000000000001060606042A
:108E10000404000001000000010000000100000047
:108E20000008000000000000000000000000803F7B
:108E30009A99193E9A99993D0AD7A33C0AD7A33C1F
:108E40000AD7A33CBD378635BD378635BD37863555
:108E50000024F4490024F4490024F44900000000EF
:108E600000000000000000002200000001000000DF
:108E7000020000001F0000000008000000000000C9
:108E800000000000200000001F0000002100000082
:108E90001F000000220000001F0000005000000022
:108EA00052000000540000000A000000B60000005C
:108EB0001C000000B80000002E000000BA000000F6
:108EC0005C0000005E000000600000006200000026
:108ED000860000008800000064000000BC00000064
:108EE00066000000680000006A0000006C000000DE
:108EF0006E000000700000007E0000008000000096
:108F000076000000780000007A0000007C0000007D
:108F1000720000007400000096000000980000003D
:108F2000E4000000E6000000F6000000F800000089
:108F30009A0000009C0000008A0000008C000000E5
:108F40008E0000009E0000008200000084000000EF
:108F5000A0000000A2000000A4000000A600000085
:108F60000100000017B751396F12033B5305A33CB2
:108F7000B6F33D3E3FFF7FFF000000000000BACA8D
:108F8000000000000201000012AC20BC0AE81CC175
:108F90008CE05A3C8CE0DA3C8CE05A3C0000803F8C
:108FA000F8DFD2BFF96D333F6B0010000000000006
:108FB000849813007CD211000478A000770004008C
:108FC00001000000E4971300E05D13000883A00097
:108FD0007900040001000000F4971300E05D130025
:108FE0003083A00069000400000000000498130012
:108FF0007CD211000C76A000750004000100000076
:1090000014981300E05D13005883A000BD02040013
:1090100000000000249813007CD211006076A000AC
:10902000C102040000000000449813007CD211002B
:109030007C76A000C30204000000000054981300D6
:109040007CD211009876A00015000000B46DA0003D
:10905000040100003498130080951300E46DA00013
:109060004036130000000000000000004C661100B4
:109070003466110004661100406611001C66110080
:109080001066110028661100786FA000149FA000E0
:1090900018000000B46DA0000401000064981300E3
:1090A00088951300E46DA0009C37130000000000B9
:1090B00000000000A8381300983813006838130027
:1090C000A03813008038130078381300903813004C
:1090D000886FA000E8A3A0002A000000B46DA000E3
:1090E000040300004495130000971300E46DA000F2
:1090F000BC391300B83B1300443B1300043D13007C
:10910000A83B13001C3B1300B03B1300343B13007F
:109110002C3B1300A03B1300A06FA000A897A00059
:109120000100030000000000DC9613007CD2110057
:109130004875A0000300030000000000E89613003B
:109140007CD21100B875A00065010300000000008A
:10915000F49613007CD211004476A0002303030090
:10916000000000000C9713007CD21100D076A00004
:109170002503030000000000189713007CD21100A3
:10918000EC76A000290303000000000024971300E0
:109190007CD211000877A000050003000000000049
:1091A000489713007CD211009477A0007B00030045
:1091B0000100000060971300E05D13008083A000B1
:1091C0006D00030000000000789713007CD21100AE
:1091D0003C78A0007D000300010000009097130080
:1091E000E05D1300A883A0008100030001000000DF
:1091F000B4971300E05D1300D083A0004101030089
:1092000000000000CC9713007CD211000079A00070
:109210003901030000000000D89713007CD2110030
:109220003879A0000C000000B46DA000030100001C
:109230003097130098951300EC6DA0000C3D1300BF
:109240000000000000000000943E1300843E130064
:10925000543E13008C3E13006C3E1300643E13001A
:109260007C3E1300A86FA000209EA0000600000016
:10927000B46DA000030300006C9713005497130013
:10928000E46DA000F8401300EC411300D04113003E
:10929000F0411300DC411300A8411300E441130026
:1092A000C0411300B8411300D4411300F86FA0006F
:1092B0000899A00007000000B46DA000030300009F
:1092C0009C97130084971300E46DA000F8411300ED
:1092D000F8421300DC421300FC421300E842130082
:1092E000B4421300F0421300CC421300C4421300F6
:1092F000E04213000470A0005499A000090000008F
:10930000B46DA00003030000C0971300A8971300DA
:10931000E46DA00004431300F0431300D443130092
:10932000F4431300E0431300AC431300E84313007D
:10933000C4431300BC431300D84313001070A000B3
:10934000A099A000CB0002000000000004961300CA
:109350007CD211002C75A0002D010200000000003D
:109360000C9613007CD211006475A0005501020018
:10937000000000001C9613007CD211009C75A00018
:109380006500020000000000349613007CD211003A
:10939000D475A0006700020000000000449613008E
:1093A0007CD21100F075A0004F0102000000000007
:1093B000649613007CD21100B476A0006301020011
:1093C000000000006C9613007CD211004077A000D2
:1093D00051010200000000008C9613007CD21100A5
:1093E000E877A000890002000000000094961300B6
:1093F0007CD211002078A00087000200000000004D
:109400009C9613007CD211005878A00071000200D5
:1094100000000000A49613007CD211007478A00014
:109420008500020000000000AC9613007CD2110001
:109430009078A0004B01020000000000B4961300D9
:109440007CD21100AC78A0005D0102000000000099
:10945000BC9613007CD21100C878A0004D01020018
:1094600000000000C49613007CD211001C79A000FB
:109470005B01020000000000D49613007CD21100B2
:109480008C79A00022000000B46DA0000201000051
:109490002496130064951300E46DA000F46211009B
:1094A00000000000000000009863110080631100BC
:1094B000506311008C631100686311005C6311003C
:1094C00074631100306FA00044A0A00017000000DA
:1094D000B46DA000020100005C9613008495130097
:1094E000E46DA0001C371300000000000000000025
:1094F000E0661100C866110098661100D46611007C
:10950000B0661100A4661100BC661100806FA00057
:109510009C9BA0000D000000B46DA00002020000A2
:109520007C96130074961300EC6DA000F06D110092
:109530000000000000000000386F1100206F1100D3
:10954000F06E11002C6F1100086F1100FC6E1100FD
:10955000146F1100CC6FA0008CA6A0000E000000BC
:10956000B46DA0000201000084961300AC951300B6
:10957000EC6DA0007C3F1300000000000000000024
:10958000C4401300B440130084401300BC401300D7
:109590009C40130094401300AC401300D06FA00017
:1095A0004CA9A00029000000B46DA0000201000039
:1095B000CC961300F4951300E46DA000FC77110025
:1095C000504613004C46130078791100EC781100D6
:1095D00094781100F8781100AC781100A07811008F
:1095E000E07811006870A0004098A000C900010058
:1095F000000000005C9513007CD211008075A00073
:109600004701010000000000749513007CD2110096
:109610002876A000D30001000000000094951300FC
:109620007CD211002477A000DF00010000000000C0
:10963000A49513007CD211005C77A000E700010024
:1096400000000000A89513007CD211007877A000DC
:109650003101010000000000B09513007CD2110020
:10966000B077A000DD00010000000000BC951300F1
:109670007CD21100CC77A000430101000000000063
:10968000D89513007CD21100E478A00027030100D4
:1096900000000000F09513007CD211005479A00066
:1096A0004501010000000000F89513007CD2110074
:1096B0007079A0000C911300FC7B13003CEC1100AE
:1096C00054EC110050EB1100BCEB1100CC00000079
:1096D00003000000F883A00000000000287A1300B7
:1096E000B8EC1100C4EC1100000000000000000004
:1096F0000800000006000000A879A000C490130034
:1097000024781300B8EC1100C4EC1100A0EC110097
:10971000B4EC1100E8000000050000005C72A0003D
:1097200000000000607C1300B8EC1100C4EC1100D4
:1097300000000000000000000A0000000600000019
:10974000C879A000000000009C791300B8EC11005B
:10975000C4EC110000000000000000000200000046
:1097600006000000E879A00000000000387813002F
:10977000B8EC1100C4EC1100000000000000000073
:109780000600000006000000087AA000007D13001B
:1097900024781300B8EC1100C4EC1100A0EC110007
:1097A000B4EC110002010000050000007072A0007E
:1097B00000000000E87B1300B8EC1100C4EC1100BD
:1097C00000000000000000007E0000000600000015
:1097D000287AA000007D13008C7A1300B8EC1100E9
:1097E000C4EC1100A0EC1100B4EC1100CE0100009B
:1097F000050000008472A00000000000507A1300F1
:10980000B8EC1100C4EC11000000000000000000E2
:109810001A00000006000000487AA00000000000C6
:10982000747C1300B8EC1100C4EC110000000000BF
:10983000000000001C00000006000000687AA00084
:1098400000000000B0791300B8EC1100C4EC110066
:1098500000000000000000001400000006000000EE
:10986000887AA000000000004C781300B8EC1100CA
:10987000C4EC11000000000000000000180000000F
:1098800006000000A87AA000549113009C791300F0
:10989000B8EC1100C4EC1100A0EC1100B4EC110004
:1098A000AC000000050000009872A0009C9113001D
:1098B000B0791300B8EC1100C4EC1100A0EC110059
:1098C000B4EC1100AE00000005000000AC72A00076
:1098D000E4911300147A1300B8EC1100C4EC1100E9
:1098E000A0EC1100B4EC1100B00000000500000075
:1098F000C072A00000000000287A1300B8EC11002C
:10990000C4EC110000000000000000001000000086
:1099100006000000C87AA000000000009C79130037
:10992000B8EC1100C4EC11000000000000000000C1
:109930000400000006000000E87AA000000000001B
:1099400038781300B8EC1100C4EC110000000000DE
:10995000000000001200000006000000087BA000CC
:1099600000000000E87B1300B8EC1100C4EC11000B
:109970000000000000000000800000000600000061
:10998000287BA00000000000507A1300B8EC110002
:10999000C4EC1100000000000000000022000000E4
:1099A00006000000487BA00000000000B079130012
:1099B000B8EC1100C4EC1100000000000000000031
:1099C0001600000006000000687BA00000000000F8
:1099D0004C781300B8EC1100C4EC1100000000003A
:1099E000000000002400000006000000887BA000AA
:1099F00000000000C4791300B8EC1100C4EC1100A1
:109A000000000000000000008E00000006000000C2
:109A1000A87BA000000000009C781300B8EC1100A7
:109A2000C4EC110000000000000000004E00000027
:109A300006000000C87BA00000000000887813002A
:109A4000B8EC1100C4EC11000000000000000000A0
:109A50005400000006000000E87BA00000000000A9
:109A6000247C1300B8EC1100C4EC110000000000CD
:109A7000000000007800000006000000087CA00044
:109A800000000000D8791300B8EC1100C4EC1100FC
:109A900000000000000000003C0000000600000084
:109AA000287CA00000000000387C1300B8EC1100F6
:109AB000C4EC110000000000000000009C00000049
:109AC00006000000487CA00000000000EC791300B4
:109AD000B8EC1100C4EC1100000000000000000010
:109AE0004200000006000000687CA00000000000AA
:109AF000647A1300B8EC1100C4EC110000000000FF
:109B0000000000003400000006000000887CA00077
:109B100000000000147A1300B8EC1100C4EC11002E
:109B20000000000000000000280000000600000007
:109B3000A87CA0000000000074781300B8EC1100AD
:109B4000C4EC11000000000000000000360000001E
:109B500006000000C87CA00000000000007A13008E
:109B6000B8EC1100C4EC110000000000000000007F
:109B70005A00000006000000E87CA0000000000081
:109B80004C7C1300B8EC1100C4EC11000000000084
:109B9000000000007C00000006000000087DA0001E
:109BA00000000000B0781300B8EC1100C4EC110004
:109BB0000000000000000000480000000600000057
:109BC000287DA00000000000B07C1300B8EC11005C
:109BD000C4EC110000000000000000007000000054
:109BE00006000000487DA00000000000C47C1300B7
:109BF000B8EC1100C4EC11000000000000000000EF
:109C00009800000006000000687DA0000000000031
:109C10007C7E1300B8EC1100C4EC110000000000C1
:109C2000000000006C00000006000000887DA0001D
:109C300000000000787A1300B8EC1100C4EC1100A9
:109C400000000000000000006600000006000000A8
:109C5000A87DA00000000000D87C1300B8EC110023
:109C6000C4EC1100000000000000000074000000BF
:109C700006000000C87DA000000000008C7A1300E0
:109C8000B8EC1100C4EC110000000000000000005E
:109C90006200000006000000E87DA0000000000057
:109CA000EC7C1300B8EC1100C4EC110000000000C3
:109CB000000000008800000006000000087EA000F0
:109CC0002C92130024781300B8EC1100C4EC11009E
:109CD000A0EC1100B4EC110016010000050000001A
:109CE000D472A00000000000C4791300B8EC110089
:109CF000C4EC110000000000000000008A00000019
:109D000006000000287EA000C47813002478130009
:109D1000B8EC1100C4EC1100A0EC1100B4EC11007F
:109D2000EE00000005000000E872A000C4781300F7
:109D3000C07B1300B8EC1100C4EC1100A0EC1100C2
:109D4000B4EC1100BC010000050000000C6EA00086
:109D5000C4781300A47E1300B8EC1100C4EC110009
:109D6000A0EC1100B4EC1100C201000005000000DD
:109D7000206EA000C4781300887C1300B8EC11009A
:109D8000C4EC1100A0EC1100B4EC1100340100008F
:109D900005000000FC72A000487D13002478130029
:109DA000B8EC1100C4EC1100A0EC1100B4EC1100EF
:109DB000F0000000050000001073A000487D1300B3
:109DC0003C7A1300B8EC1100C4EC1100A0EC1100B7
:109DD000B4EC11001A010000050000002473A0007B
:109DE0000C79130024781300B8EC1100C4EC1100B6
:109DF000A0EC1100B4EC1100F2000000050000001E
:109E00003873A0000C791300D47B1300B8EC110058
:109E1000C4EC1100A0EC1100B4EC11009A01000098
:109E200005000000346EA0000C7913003C7A13008A
:109E3000B8EC1100C4EC1100A0EC1100B4EC11005E
:109E40001C010000050000004C73A0000C791300F9
:109E5000887C1300B8EC1100C4EC1100A0EC1100D8
:109E6000B4EC110032010000050000006073A00096
:109E7000000000009C781300B8EC1100C4EC110045
:109E800000000000000000004A0000000600000082
:109E9000487EA0000000000088781300B8EC110094
:109EA000C4EC1100000000000000000050000000A1
:109EB00006000000687EA00074921300247813004E
:109EC000B8EC1100C4EC1100A0EC1100B4EC1100CE
:109ED00006010000050000007473A00000000000EF
:109EE000247C1300B8EC1100C4EC11000000000049
:109EF000000000007600000006000000887EA00040
:109F00005479130024781300B8EC1100C4EC11004C
:109F1000A0EC1100B4EC1100F400000005000000FA
:109F2000486EA0005479130088781300B8EC110033
:109F3000C4EC1100A0EC1100B4EC110054010000BD
:109F4000050000008873A000547913009C7813006A
:109F5000B8EC1100C4EC1100A0EC1100B4EC11003D
:109F60005A010000050000009C73A0005479130002
:109F7000B0781300B8EC1100C4EC1100A0EC110093
:109F8000B4EC11005801000005000000B073A000FF
:109F9000A07A1300D47B13003CEC110054EC1100A8
:109FA00050EB1100BCEB1100960100000300000013
:109FB0003084A000A07A1300CC7E13003CEC11008A
:109FC00054EC110050EB1100BCEB1100B00100008B
:109FD000030000006884A000A07A1300107C130026
:109FE0003CEC110054EC110050EB1100BCEB1100E3
:109FF000D000000003000000A084A000BC92130069
:10A0000024781300B8EC1100C4EC1100A0EC11008E
:10A01000B4EC11001401000005000000C473A0009E
:10A0200000000000387C1300B8EC1100C4EC1100F3
:10A0300000000000000000009A0000000600000080
:10A04000A87EA000907D1300C07B13003CEC1100A3
:10A0500054EC110050EB1100BCEB1100BA010000F0
:10A0600003000000D884A000D87D13003C7A1300C0
:10A070003CEC110054EC110050EB1100BCEB110052
:10A080001E010000030000001085A000907D130059
:10A09000607813003CEC110054EC110050EB1100FF
:10A0A000BCEB1100D6000000030000004885A000B2
:10A0B000D87D1300607813003CEC110054EC1100C3
:10A0C00050EB1100BCEB1100D800000003000000B1
:10A0D0008085A000000000009C7C1300B8EC1100FB
:10A0E000C4EC110000000000000000002E00000081
:10A0F00006000000C87EA00000000000647A130083
:10A10000B8EC1100C4EC11000000000000000000D9
:10A110002C00000006000000E87EA000049313005D
:10A1200060781300B8EC1100C4EC1100A0EC110031
:10A13000B4EC1100DA00000005000000D873A000A4
:10A1400000000000147A1300B8EC1100C4EC1100F8
:10A1500000000000000000002600000006000000D3
:10A16000087FA0000000000074781300B8EC110014
:10A17000C4EC110000000000000000002A000000F4
:10A1800006000000287FA00000000000D87913001E
:10A19000B8EC1100C4EC1100000000000000000049
:10A1A0003800000006000000487FA000000000000A
:10A1B000EC791300B8EC1100C4EC110000000000B1
:10A1C000000000003E00000006000000687FA000C4
:10A1D00000000000007A1300B8EC1100C4EC11007C
:10A1E0000000000000000000560000000600000013
:10A1F000887FA00000000000B0781300B8EC1100C8
:10A20000C4EC110000000000000000004400000049
:10A2100006000000A87FA00000000000F47E1300EC
:10A22000B8EC1100C4EC11000000000000000000B8
:10A230006800000006000000C87FA0004C931300D7
:10A2400024781300B8EC1100C4EC1100A0EC11004C
:10A25000B4EC11000801000005000000EC73A00040
:10A26000000000004C7C1300B8EC1100C4EC11009D
:10A2700000000000000000007A000000060000005E
:10A28000E87FA000E87A1300687E1300B8EC1100A4
:10A29000C4EC1100A0EC1100B4EC11003801000076
:10A2A000050000000074A000E87A1300387813005D
:10A2B000B8EC1100C4EC1100A0EC1100B4EC1100DA
:10A2C000DC000000050000001474A000E87A130010
:10A2D000FC7B1300B8EC1100C4EC1100A0EC1100E1
:10A2E000B4EC1100CA000000050000002874A000B2
:10A2F000307B1300907E1300B8EC1100C4EC110009
:10A30000A0EC1100B4EC11003A01000005000000BF
:10A310003C74A000307B13004C781300B8EC1100A3
:10A32000C4EC1100A0EC1100B4EC1100DE00000040
:10A33000050000005074A000307B1300107C130057
:10A34000B8EC1100C4EC1100A0EC1100B4EC110049
:10A35000CE000000050000006474A000787B1300AC
:10A36000087F1300B8EC1100C4EC1100A0EC110040
:10A37000B4EC11003E010000050000007874A0005C
:10A38000787B130074781300B8EC1100C4EC110052
:10A39000A0EC1100B4EC1100E20000000500000088
:10A3A0008C74A000787B130060781300B8EC110067
:10A3B000C4EC1100A0EC1100B4EC1100D4000000BA
:10A3C00005000000A074A0009493130024781300EB
:10A3D000B8EC1100C4EC1100A0EC1100B4EC1100B9
:10A3E000FC00000005000000B474A00000000000A4
:10A3F000B07C1300B8EC1100C4EC110000000000A8
:10A40000000000006E000000060000000880A000B0
:10A41000DC93130024781300B8EC1100C4EC110095
:10A42000A0EC1100B4EC11000E01000005000000CA
:10A43000C874A00000000000C47C1300B8EC110038
:10A44000C4EC1100000000000000000096000000B5
:10A45000060000002880A000249413002478130034
:10A46000B8EC1100C4EC1100A0EC1100B4EC110028
:10A47000FE00000005000000DC74A00000000000E9
:10A48000787A1300B8EC1100C4EC11000000000051
:10A490000000000064000000060000004880A000EA
:10A4A0006C94130024781300B8EC1100C4EC110074
:10A4B000A0EC1100B4EC1100040100000500000044
:10A4C000F074A00000000000D87C1300B8EC11006C
:10A4D000C4EC110000000000000000007200000049
:10A4E000060000006880A000B494130024781300D4
:10A4F000B8EC1100C4EC1100A0EC1100B4EC110098
:10A5000000010000050000000475A000000000002C
:10A510008C7A1300B8EC1100C4EC110000000000AC
:10A520000000000060000000060000008880A0001D
:10A53000207E1300E07E1300B8EC1100C4EC110083
:10A54000A0EC1100B4EC1100400100000500000077
:10A550005C6EA000207E1300B87E1300B8EC1100E2
:10A56000C4EC1100A0EC1100B4EC11004201000099
:10A5700005000000706EA00000000000287A1300A3
:10A58000B8EC1100C4EC1100000000000000000055
:10A590000C00000006000000A880A00000000000E1
:10A5A000607C1300B8EC1100C4EC11000000000046
:10A5B00000000000B600000006000000C880A000F7
:10A5C0000000000038781300B8EC1100C4EC110052
:10A5D00000000000000000000E0000000600000067
:10A5E000E880A00000000000507A1300B8EC1100D1
:10A5F000C4EC110000000000000000001E0000007C
:10A60000060000000881A00000000000747C130018
:10A61000B8EC1100C4EC11000000000000000000C4
:10A62000B8000000060000002881A0000000000023
:10A630004C781300B8EC1100C4EC110000000000CD
:10A640000000000020000000060000004881A0007B
:10A6500000000000C4791300B8EC1100C4EC110034
:10A6600000000000000000008C0000000600000058
:10A670006881A000000000009C781300B8EC110075
:10A68000C4EC110000000000000000004C000000BD
:10A69000060000008881A0000000000088781300F8
:10A6A000B8EC1100C4EC1100000000000000000034
:10A6B0005200000006000000A881A0000000000079
:10A6C000D8791300B8EC1100C4EC110000000000B0
:10A6D000000000003A00000006000000C881A00051
:10A6E00000000000EC791300B8EC1100C4EC11007C
:10A6F0000000000000000000400000000600000014
:10A70000E881A000000000009C7C1300B8EC110060
:10A71000C4EC11000000000000000000BA000000BE
:10A72000060000000882A00000000000647A130008
:10A73000B8EC1100C4EC11000000000000000000A3
:10A7400030000000060000002882A0000000000089
:10A7500074781300B8EC1100C4EC11000000000084
:10A760000000000032000000060000004882A00047
:10A7700000000000007A1300B8EC1100C4EC1100D6
:10A78000000000000000000058000000060000006B
:10A790006882A00000000000B0781300B8EC11003F
:10A7A000C4EC1100000000000000000046000000A2
:10A7B000060000008882A000000000001C7F13003B
:10A7C000B8EC1100C4EC1100000000000000000013
:10A7D0006A00000006000000A882A000000000003F
:10A7E000787A1300B8EC1100C4EC110000000000EE
:10A7F00000000000BC00000006000000C882A000AD
:10A80000FC94130024781300B8EC1100C4EC110080
:10A81000A0EC1100B4EC11000C01000005000000D8
:10A820001875A00000000000EC7C1300B8EC1100CB
:10A83000C4EC1100000000000000000086000000D1
:10A8400006000000E882A00010000000B46DA00027
:10A85000010100005895130054951300E46DA00009
:10A86000806111000000000000000000FC61110088
:10A87000E4611100B4611100F0611100CC611100BC
:10A88000C0611100D8611100186FA000749CA00075
:10A890000B000000B46DA0000102000060951300E1
:10A8A00014961300EC6DA000D826130000000000E1
:10A8B00000000000BC271300AC2713007C27130006
:10A8C000B4271300942713008C271300A427130028
:10A8D000286FA000B8A1A00001000000B46DA00086
:10A8E00001020000689513003C961300E46DA0007F
:10A8F000BC6311000000000000000000446411006F
:10A900002C641100FC631100386411001464110000
:10A910000864110020641100406FA000EC99A000B1
:10A9200002000000B46DA000010200006C9513004D
:10A930004C961300E46DA00050641100000000006C
:10A9400000000000D8641100C06411009064110080
:10A95000CC641100A86411009C641100B46411005F
:10A96000506FA000409AA00003000000B46DA0004A
:10A97000010200007095130054961300E46DA000CE
:10A98000E464110000000000000000006C6511008C
:10A990005465110024651100606511003C651100CB
:10A9A0003065110048651100606FA000949AA00006
:10A9B00041000000B46DA000010100007C9513006F
:10A9C00078951300E46DA000C0351300000000006E
:10A9D000000000003836130028361300F835130045
:10A9E00030361300103613000836130020361300DB
:10A9F000706FA0001C98A0002C000000B46DA00097
:10AA000001010000909513008C951300E46DA000E7
:10AA1000206A110000000000000000009C6A110084
:10AA2000846A1100546A1100906A11006C6A110066
:10AA3000606A1100786A1100906FA000C097A000B2
:10AA400040000000B46DA00001010000A0951300BB
:10AA50009C951300E46DA0009C3E130000000000D4
:10AA600000000000143F1300043F1300D43E130005
:10AA70000C3F1300EC3E1300E43E1300FC3E1300B9
:10AA8000B46FA0006498A00012000000B46DA00094
:10AA900001010000B8951300B4951300E46DA00007
:10AAA000647011000000000000000000E070110060
:10AAB000C870110098701100D4701100B0701100AE
:10AAC000A4701100BC701100D86FA000049CA000FD
:10AAD0002D000000B46DA00001010000C49513001A
:10AAE000C0951300E46DA000F0701100000000009C
:10AAF000000000006C7111005471110024711100EC
:10AB0000607111003C711100307111004871110029
:10AB1000E86FA000DC97A00020000000B46DA0004A
:10AB200001010000CC951300C8951300E46DA0004E
:10AB3000507511000000000000000000CC751100ED
:10AB4000B475110084751100C07511009C75110059
:10AB500090751100A87511002470A000CC98A00079
:10AB60003D000000B46DA00001010000D495130069
:10AB7000D0951300E46DA0005044130000000000C5
:10AB800000000000C8441300B844130088441300B8
:10AB9000C0441300A044130098441300B0441300B1
:10ABA0003470A000FC97A0001F000000B46DA0004E
:10ABB00001040000DC95130074981300E46DA000FC
:10ABC000D04413000000000000000000D445130032
:10ABD000C445130094451300CC451300AC45130045
:10ABE000A4451300BC4513004870A000789DA00048
:10ABF0002B000000B46DA00001010000E4951300DB
:10AC0000E0951300E46DA000EC7611000000000058
:10AC100000000000687711005077110020771100C4
:10AC20005C771100387711002C7711004477110000
:10AC30005070A000409BA00021000000B46DA00057
:10AC400001010000EC951300E8951300E46DA000ED
:10AC5000747711000000000000000000F077110080
:10AC6000D8771100A8771100E4771100C0771100A0
:10AC7000B4771100CC7711006070A000E89AA000B2
:10AC80003C000000B46DA00001010000009613001C
:10AC9000FC951300E46DA000C04A13000000000002
:10ACA00000000000384B1300284B1300F84A130033
:10ACB000304B1300104B1300084B1300204B1300B4
:10ACC0007470A000EC9CA0007C871300E887130040
:10ACD000C4871300A0871300D47B1300787F130070
:10ACE000008B1300307F1300E87B130004811300F6
:10ACF000288113004C81130088841300C479130049
:10AD00003C851300887813009C781300B0781300FA
:10AD1000247C1300348713006C8B1300907E130087
:10AD2000387C130078881300CC851300D08D130075
:10AD3000B87E130030881300CC7E1300988913006E
:10AD4000AC8D13004C7C1300B88A1300B07C130048
:10AD5000448C1300C47C13008C8C1300948A130061
:10AD6000D48C1300D87C13001C8D13008C7A130034
:10AD7000648D1300D88B1300087F130034901300E8
:10AD8000EC7C13007C901300C0881300A88513008E
:10AD90000C88130080861300687E1300C07B1300AC
:10ADA0002C801300DC8113000880130050801300F6
:10ADB0001C000000C4981300307F1300488B130060
:10ADC000FC7B13003878130054881300B48B1300F5
:10ADD000107C13004C781300607813007478130013
:10ADE000388613001486130058871300D882130086
:10ADF0009C88130020831300E07E1300A47E1300C0
:10AE000008891300C08813002C891300E4881300FC
:10AE1000DC8A1300F88313009C7F1300188E130044
:10AE200098801300848E1300F0851300C8861300E9
:10AE300050891300808F1300688C13004084130026
:10AE4000B08C130064841300408D1300D084130071
:10AE5000AC8D1300D08D1300A09013001885130043
:10AE600004811300C07F1300948113002881130014
:10AE7000BC8013002482130060851300CC8E130065
:10AE80006C821300D8791300EC791300007A130058
:10AE9000048A1300388F1300FC821300288A1300E1
:10AEA0005C8F1300448313004C8A1300EC8F130053
:10AEB000D4831300548813000C88130030881300C7
:10AEC0009C791300147A1300B07913004C8113009D
:10AED000BC8913008C83130024781300287A130094
:10AEE000607C1300547F1300F48D130070811300F5
:10AEF000488B1300248B1300008B1300E48813008D
:10AF000038861300A48613003C7A1300507A13008D
:10AF1000747C130074801300608E13000082130091
:10AF2000B48B1300908B13006C8B1300887C130080
:10AF3000647A13009C7C130074891300A48F13009F
:10AF400068831300208C1300FC8B1300D88B130034
:10AF5000F88C130058901300AC8413005080130039
:10AF6000888D1300F4841300248B1300E47F1300F6
:10AF70003C8E1300B8811300908B1300E080130007
:10AF8000A88E1300488213009889130008891300C3
:10AF90002C891300208C1300FC8B1300E089130014
:10AFA000C88F1300B0831300A0871300108713000D
:10AFB000148F1300B482130084851300F0851300EE
:10AFC000A8851300CC851300C4871300EC861300FA
:10AFD000F08E130090821300E8871300708A13002C
:10AFE000109013001C841300A48613005C861300C9
:10AFF000C886130080861300787A1300F47E13004D
:10B000001C7F13007C7E1300D48C1300448C13002F
:10B01000648D13007C901300088013001C8D1300B6
:10B0200034871300B88A13008C8C130078881300BF
:10B030003C851300787F1300848513001486130069
:10B040005C8613007C87130054911300E491130075
:10B050009C911300049313000C911300907D130036
:10B06000E87A13002494130094931300B49413000B
:10B07000FC941300007D13006C9413007492130071
:10B080004C931300DC931300BC9213002C9213001A
:10B09000C4901300A07A1300307B1300D87D1300F6
:10B0A000207E1300787B1300C4781300487D1300C2
:10B0B0000C79130054791300C07F1300948113009E
:10B0C000E47F13003C8E1300B8811300BC89130089
:10B0D0008C831300E0891300C88F1300B083130022
:10B0E000BC80130024821300E0801300A88E13009C
:10B0F00048821300547F1300F48D130070811300F5
:10B1000074801300608E1300008213009C7F130074
:10B11000188E130074891300A48F13006883130022
:10B1200050891300808F130098801300848E1300C1
:10B1300010871300148F1300B4821300EC861300E1
:10B14000F08E130090821300708A13001090130089
:10B150001C841300048A1300388F1300FC82130030
:10B16000288A13005C8F1300448313004C8A130059
:10B17000EC8F1300D4831300F88C13005890130045
:10B18000AC841300948A1300349013008884130055
:10B19000688C130040841300888D1300F48413001E
:10B1A000A0901300188513002C801300DC8113007D
:10B1B000408D1300D084130058871300D8821300E9
:10B1C000DC8A1300F8831300B08C1300648413002E
:10B1D0009C8813002083130060851300CC8E13001D
:10B1E0006C82130043616C6962425358004E566989
:10B1F00072740053656E736F7200000003000000EC
:10B200000400000005000000060000000700000028
:10B210000800000010671700486F737400A91AA196
:10B22000AB551748656C6C6F20776F726C642100AA
:10B23000506172616D202575206C656E202575202A
:10B2400074696D6520256C6C752E20200025642E98
:10B250002054657374696E67207072696E7466201D
:10B26000627566666572696E672074657374202501
:10B27000752E20200054686520717569636B20620B
:10B28000726F776E20666F78206A756D70656420C6
:10B290006F76657220746865206C617A7920646FBE
:10B2A000672E2020546869732069732061207465BB
:10B2B00073742C2074686973206973206F6E6C79C5
:10B2C000206120746573742E20204520706C757287
:10B2D0006962757320756E756D2E2020436F6769E6
:10B2E000746F206572676F2073756D2E202056690C
:10B2F0006E692C20766964692C20766963692E005A
:10B3000049646C650000000065787066000000000C
:10B310000000003F000000BF8071313F807131BFED
:10B32000D1F71737D1F717B76C6F6700000000002F
:10B330000000000042CE0200EB3CEBAE1FA4E4A1F3
:10B34000AF7B987F6BC88E6D7B9DC19802329689CA
:10B3500048A410CD17CEB83C4D124F2B3211C03A35
:10B36000421529EA00000000000000000000000073
:10B3700000000000000000000000000000000000CD
:10B3800000000000000000000000000000000000BD
:10B3900000000000000000000000000000000000AD
:10B3A000000000000000000000000000000000009D
:10B3B000000000000000000000000000000000008D
:10B3C000A89B1300AC9B13000000000000000000CD
:10B3D000000000000000000000000000000000006D
:10B3E000000000000000000000000000000000005D
:10B3F000AC9B1300B09B1300000000000000000095
:10B40000000000000000000000000000000000003C
:10B41000C340120000406B2040090A22808F1000B8
:10B42000842BE22082000A22808F1300EC9CE22011
:10B4300082009A080000DB44A000205CAB2409399C
:10B44000DB44A000206CAB2449398E0E8FFD6A20AE
:10B4500080028EB829200080DB42A0001C5C6F7047
:10B460002220800F1300EC9E09008FE4CCA513006E
:10B47000C3401200844BD3701200844BE07CAB209D
:10B480008A04E07EE4C0C1880210C3000844048836
:10B49000402E0D17546B24BEC57A1CB841B1408CA8
:10B4A000638C5CBD5CB808B808BDA57A657840B10E
:10B4B00002B1C4C40010C3000110C2000210C000D9
:10B4C00060B141B1E07F02B1E6C3ABC100160D70BF
:10B4D000A000D85ECB46F00034000C7040258F12DF
:10B4E00014AE16AE15AE0AD84C74660A2FEAE141C6
:10B4F000088D278D08B8257810B835B88C208F8333
:10B50000CC20828F0000EA05CC20828F0000D50776
:10B51000CC20828F0000DD0707F2018E842003001B
:10B520004520C00001AE6615801006E8001E0270BE
:10B53000F000060180C04A09AFFE5425CE1C00175A
:10B54000C0107B0832001AD919D9CE092FEAC140A0
:10B550007F158110382042006AC1B7086100291C9C
:10B56000823067D8B86084C1C7FF5425801D40244D
:10B570008135C5FF71D8B86040248138C2FF751588
:10B58000C1106B1580107015821004B924B8842185
:10B590003C008422030C2578457848308000003038
:10B5A000800F75378FC20130800F803F0000073653
:10B5B0000070803F000043C02BF05E092FEAC140BD
:10B5C0002D8D382042006AC147086100291C823055
:10B5D0006715CB106815C1106915C2106A15C31024
:10B5E0006B15CC106C15CE106D15CF106E15C010EC
:10B5F0006F15CD10101CC432121C4430141C843042
:10B6000083416BB18CB1CDB1F1B112B1B3B1C340D3
:10B61000A100FF7F5A0D0FF6490874020845460D38
:10B620000FF6084742250012B20F2FEB0F7E236F53
:10B63000D8602F79350924002DD8A20F2FEB55257E
:10B640008D1FAF7DBA0F2FEBA1416E086FEBA140AC
:10B65000C3401300187580C18E0AAFE42CDAC6C748
:10B660002FD8DE0B2FEA2C71D60B2FEA2C71E07845
:10B67000F1C0CB44F00034002294C34000002E14EB
:10B6800010784B0921001AD8C340A0009487C34109
:10B69000A100D8261249C343000067170D0A7200A3
:10B6A00063B48A08AFF22C70C340130040A8260888
:10B6B0000000C3400000000005E82220800F0000C9
:10B6C0000000920E0000D1C0E07E760B2FEA2C70B5
:10B6D000EAC3A1C1084514700C7041F2520B6FE42B
:10B6E000A1407B081100038D0D08F40040250F12C6
:10B6F000C18511F0E46DCB461000CC2A0BF0046F2D
:10B70000E46809F04E2002202C702208AFF281403C
:10B710002A47018780871470104011F240271112C8
:10B72000F2F680C322400241607E81424020C02068
:10B730006C2040001F6708E7EDF1E3ECC343AD0B5D
:10B74000D0BAC342D0BAAD0B0C70C34100000B0A93
:10B7500061A740A720B5021D4313CAC7E6C20C71FA
:10B76000A75ACB45A000488602A50C71A85A04A58B
:10B770000C71C34112004C56AF5A08460C71C341BC
:10B7800012004057B05A08470C73A75A03A50C7310
:10B79000C34112002456AF5A00410C7004EE04EF6E
:10B7A00079210000C6C6E078F1C0C3401200C0573E
:10B7B000AD5AC341A0006086D1C0E07F00A1E0780F
:10B7C000E2C242213C80C3430000FFFFAD7015F28E
:10B7D00040200C07A820400400841B0881002E8C08
:10B7E0000694C0B98420CF8F257D05F27070CA23DE
:10B7F000050055240C1C8382BB782C8CA1B90579DB
:10B800002CAC23829E08EFF06040C2C6084442225E
:10B810003C804A200000E07C40210307A820C001B2
:10B82000C0130104382101032578E07EEEC2CB4726
:10B83000F0000001138FCB45F000400280B813AF39
:10B84000128F80B812AF118FA0B811AF018521857A
:10B850004420420050210000457801A500160170E7
:10B86000A000A46DC340A000206C720DCFF5AA20EB
:10B8700049095E0DEFF5AA210909B6098FFE4E0CA4
:10B880006FFD0C701A0A8FFE220A8FFE5E0A8FFE71
:10B890004E080FF010401470D8F2CA0B8FFD0390C1
:10B8A000CB46F000340004B60E108020228522B86A
:10B8B000A0B9C0B8257802A502108120088F0F0911
:10B8C0007F006C20400080B802F081B808AF1208F9
:10B8D0002FF0171E83142F1081002E108200402994
:10B8E000000245781108800F0000FFFF8C20538F65
:10B8F000C6F708F0001E4370A0009C428A20930FF8
:10B90000AA5A147092F2C340A000205CC341A00068
:10B91000206C120B2FEA171EC314CB45A000E8873A
:10B9200028D9C342A00054405625001C171E4315B9
:10B930007E092FF6171E8315C340A000888CC342D2
:10B94000A00074406A092FF628D9C340A000A88F30
:10B95000C342A000EC40B20F6FEB20D9C340A0005F
:10B96000A893C342A00008419E0F6FEB20D9108F0F
:10B9700010D980B810AFA1403A08EFF3171EC315D5
:10B98000D20820000240AB083000AD70345810439C
:10B990002E5810423E5810412F5800440240624138
:10B9A0004242DA0A2000224387081000F20F8FEA91
:10B9B0000EE80B8E19085F00345810402E580042D4
:10B9C00030D80241335804E8660F8FEA4E0D00006C
:10B9D0002FE891D80609AFF517AE148EA9E8820DAD
:10B9E000CFFF8A20080EAADA2C70C168AB22080E9D
:10B9F0002B218003088FC343FA0280F0C341310139
:10BA0000002DC1B8147255DCCA21C100016EC943B2
:10BA1000AB24081E2B210000C340A000E042008898
:10BA2000AD7109E80C750DF02AD8AD7014AEA140C7
:10BA3000CEC6C340A000E14200887BE80C73AB2275
:10BA4000080E2B20C002F5F12ED8F60FEFE92C706E
:10BA5000E6C2CB45F0003400171D03162F884D8831
:10BA6000CE888C8808B908BA257E857A10BEC34373
:10BA7000F00040025322C102457E3AB32CBE9588A5
:10BA800053264B11D7883488568808BC08BE257CBD
:10BA9000052681104A24407610B985792D700D71E4
:10BAA000CD7024A3A8204102717645F20F0E141424
:10BAB0005C883D88FF889E8805F058883988FB8817
:10BAC0009A8808B908BF45790527021310BA457945
:10BAD00001294102C1B934713E00210034720FF2D4
:10BAE00034731FF42F27BF006F233F0025830F21DE
:10BAF000810325A32F26BF000BF02F27BF006F2344
:10BB00003F0025831021810325A32F26BF002C7120
:10BB1000D87926A30FF00028811328A30BF02F2734
:10BB2000BF006F233F0027830F21810327A32F2608
:10BB3000BF002572C5716140AE5AA70830004A2483
:10BB4000407111D84A210000A820C001AB20D002CA
:10BB50000471AB2188014A24807116DC6C7123DAF0
:10BB60000C7224D9AB24D012AB238801AB22D002B3
:10BB7000AB208801AB21D002AB20880117D82C74F0
:10BB8000A820C001AB20D0020471AB2188014A2457
:10BB9000C0701DDC1EDB4C731FD8AB24D012AB2150
:10BBA0008801AB23D002AB228801AB20D00215D88C
:10BBB000AB218801A820C0024020020442200104D9
:10BBC0000471AB22D002AB21880128DA07D90C71AD
:10BBD000AB22D002AB218801171D4316C6C6B0D9CF
:10BBE0000C7034ADC6C6E078EAC230410E7136E959
:10BBF00040200F07AD7045DE01871D08920429081B
:10BC000090042F0850083B089108001F801FA000D7
:10BC100008411CF012E82B085104001F801FA000EF
:10BC2000544014F0001F801FA00074400EF0001F4D
:10BC3000801FA000EC400AF0001F011006F00E70FB
:10BC4000001E8273F0004900920FEFF5E140A571EC
:10BC5000A90D649455270F1C0240CAC6F1C0A95A09
:10BC600014700C7107F429DAC341F00048000C701D
:10BC700040A9D1C0E07EE078ECC250423041104093
:10BC8000CB45F0004B002040404160428043D20F42
:10BC9000EFFF001D831614700C704FF2C342A0001A
:10BCA0005440224042411E0BEFFF001DC316C34209
:10BCB000A000744022400E0BEFFF4241CB46F00043
:10BCC0004002C341F0007702E0862D1083200089F6
:10BCD0006C20420053234000457800A902402241D5
:10BCE0004242120A2000001D031728BFCABF0DE8F8
:10BCF00002402241BE092000424205E88527071084
:10BD000003F08527031022414242060A2000001D4D
:10BD1000431760868A2118001470C52742104627F1
:10BD2000021008BA0423810FF8FFFF000C71457957
:10BD300020A6001D8317CCC6F1C0C340130028B352
:10BD40004A0E4FFE83E8D1C0E07EF60CEFE92C717D
:10BD5000E2C2C341A000E042CB45F0003400C34042
:10BD6000A000E14200190300171D4314CE0FEFFF9E
:10BD700000184300BA0ACFFF05E892D88E0C2FFEB8
:10BD800017AD148D83E820D814ADAFD817AD405847
:10BD9000EEC2704350413042830B30001040AD7012
:10BDA000D76D2276C14035580B0895003E1E831092
:10BDB00005F00B0854013E1EC31F198E40260F17B5
:10BDC000C1B823087100E140019717E8483000002E
:10BDD000C3411200684BC142B35A2308330001AF7C
:10BDE0001AF002419E082000424209E8004100800A
:10BDF000FEE8C0A103F0011FC31F28860CE921162D
:10BE00008010C1B814720C7005F42F7802414242C0
:10BE1000335808A6A5718D0DC4940240CE0DEFFFD6
:10BE200042415B0B30201042ED70CD7011F035585F
:10BE30001040A1403A5835580C2000A0E14056F778
:10BE4000A1403A5835583E1D02100C710EF0176E85
:10BE500000210DA009F2A1403A5807E8198DC1B898
:10BE6000CF087180A140E140C57172763C26CF14A5
:10BE7000CA262610047FADF7EBE84240CEC6E07834
:10BE8000E2C261880845402B80074228BE870E0029
:10BE90002400808D81403D5807F0C1BB0B0BB100E1
:10BEA0000C708140335800A5C2C6E078E07F0C7169
:10BEB0008D7017EA2D108300270B70000A24807004
:10BEC0003C49C342A0000841A820C00220800F09BD
:10BED0008100348807099F008D715520000CE07F98
:10BEE0008140E0782D108000E07F78204000E078ED
:10BEF0002D1080000F085100C340A00054401101D4
:10BF0000CFFFC340A00008410501CFFFC340A00000
:10BF10007440FD00CFFFE078C342F0004B001BD916
:10BF20000C70001AC307AB21D002AB208801C340BC
:10BF3000F000200120D926A020A06F26FF0590D96F
:10BF40000C71E07F20AA00002B660000000067173C
:10BF500000000000000000000000000000000000E1
:10BF600000000000000000000000000000000000D1
:10BF700000000000000000000000000000000000C1
:10BF800000000000000000000000000000000000B1
:10BF900000000000000000000000000000000000A1
:10BFA0002873010000000000B05B01002E140000A7
:10BFB00000000000F0000000000000000000000091
:10BFC00000000000494E4903543B1100A89B130098
:10BFD00005000000018886A000000000AC9B130053
:10BFE00005000000016C86A000000000206CA0008D
:10BFF000B00A0000002000FC231000CC02045422F0
:10C000001000B4FF1100B8E200001000AC001200F4
:10C010004036110018A01100503900001100043AF8
:10C02000110084A11100F4A31100C87100001300D5
:10C0300004A4110000A21100801D1200281E000897
:10C040001200581F12002C0A1200040204F40912F4
:10C05000000200DC0204D46C1200A4011200E8000B
:10C06000120080680000120068041200B49F1100E2
:10C07000108011008C7480201300844B1200C402C5
:10C0800004044C1200440204342780B21000044D12
:10C090001200240204440204886D02240218C4021F
:10C0A0000420809C241000640214445013008C135C
:10C0B0001100A002048200B8020494AE11003C02F8
:10C0C00004F47E11002C1A1200CA02B00204BC0251
:10C0D00004541B027C020418020CDC6B1200FC18D6
:10C0E00080321200D819120094021014020CF017BA
:10C0F00002E002ECA81113820264025C902602D4D2
:10C10000231300900204E422130030020820480C9C
:10C110009912000002041C3F1300B802203475027B
:10C120006469012002F497120054671000C0661081
:10C1300000E00208FC6828A810000C02084C020865
:10C1400020691000680208D802042C02048200143E
:10C150000204C4981200E40204389D1200206B13FC
:10C16000005200380204AC3A028C5E1214381200FD
:10C17000A0F31100610041000D01E46DA000EC028C
:10C18000042C9613003C9713003400009913001000
:10C19000B5A000034B00006F7F40FF010960022F34
:10C1A000C42702B098A00010BDA000006E020402D7
:10C1B00014F48312023402070010B6A000022450C7
:10C1C000030C50B7090CFFFF00DC1F000403150A25
:10C1D000040314030A10030B03140240030B0804A6
:10C1E0000314040040E8FF00008008130005140950
:10C1F00010030A0F1403140F040F100F100F100F69
:10C20000100F10FFFF0F100F100F10031003A803E3
:10C21000080704071007080F180F100F100F10075A
:10C22000480F080710FFFF0F300B180B0C072803EF
:10C230000803180304070C0308070407180F10036A
:10C24000100B1C0B0C031CFFFF03040F140F100B2F
:10C25000240F1C071007080B2C030C0F040F100FE2
:10C26000100F100F100F100F10FFFF0F100F100FF7
:10C27000100F100F100F100F100F100F100F100FC6
:10C28000100F100F100F100F100F10FF700F100F66
:10C29000100F100F100F100F100B1013F4040000EC
:10C2A0001002020817061404FBFF4B69031401086F
:10C2B00022050903144F500F14032A0F1409140206
:10C2C00062027D031003040528F0FB000100100347
:10C2D0000E05040F140316051442C802030E0504CC
:10C2E0000F1403160F14DF630F1403100304052843
:10C2F000027820030E050406141F0400050002281E
:10C300005E40057EEC00028C0F140F1455B80F50E0
:10C3100012010008000F7853E30405880306068C19
:10C32000FFFF030B080405140F7803390F140314DF
:10C33000083704090F3C03150F140914030A0904F4
:10C340000F28FFFD031A0F14091412CA1FCC038F04
:10C350000FDC0F14152C01126A034B040405641240
:10C360002A1F2C0B400E3C022D010204000C6FA072
:10C37000005471A000140208100D0002048E7560B4
:10C38000047A68ADA00098ACA0008C70A0005AD5CB
:10C39000840204D8051C04381C022C5C02382402D8
:10C3A0000820020490051C0438AAAE7802382C023A
:10C3B00014940214920204840204026C04383402BD
:10C3C000186402386A553C020838020496051C04B9
:10C3D00038880238A402709C026C940204DC555523
:10C3E0000A1C98021C6C0238480234440204980A61
:10C3F0001CB8021C84021C5855D502185402049A19
:10C400000A1CD8021CE80204A402209C0204640254
:10C4100020028C527502020400BC02106C02109EB5
:10C4200002309C0204850204021804A87455030219
:10C4300018B0028CAC0288A40204E0051C22D700CC
:10C440000058AFA000A0AE08AEA000CC0240C402CD
:10C45000047C022C0238041C6C021C18021CAAAAC0
:10C46000DC0218D40204840A1C80021C28021CEC82
:10C470000218E402048C051C55AD047094020CF4FF
:10C4800002149C0208980204A005701418380234A3
:10C49000BC028CAAAABC0288B40204E40A1C4802AA
:10C4A0001CC8021CCC0218C40204E8051C55AD04CB
:10C4B0008C940270D4021CDC0218D40204EC051C1B
:10C4C0000454580238AC0268EAAAA40214A2020476
:10C4D00086020402C4048CB80218FC028CC0020854
:10C4E000BC02045675A6051C943BF80250C8021401
:10C4F000AA0214A80204870204023804549855AB17
:10C500000254D4021CAE0214AC0204880204071CBC
:10C51000B8021C041288EC02885AD5E40204F00523
:10C520001C0470DC0234E00204B20214B00204897C
:10C5300002040738AA2EC80238E4021CB60214B45A
:10C5400002048A0204021C0438EC02180472A805D2
:10C55000A000F40208F00204B8051C048CD80238CC
:10C5600050B3A00060D055B0A000400204E8021013
:10C570000238041CF8020C0C0238000288FC5555E5
:10C580000238BA0A380812341C02A80C120004023D
:10C5900004F80A1C18021C14555502380C023808FD
:10C5A0000204BC0A1C28021C1C021C1802181402DB
:10C5B00004BE55AD0A1C38021C24021C2002181CA3
:10C5C0000204C0051C04C42802102C021C56D530DD
:10C5D00003080204C20A1C38021034021C4002087C
:10C5E0003C0204C4051C24BCAAAE3C02184402143C
:10C5F000C80214C602048B020402E004544C021860
:10C600004002C46A553C02C03402040402E4071C20
:10C6100054021C44023C5C0208580204CA55AD0A8C
:10C62000386402104C02384C0234440204080538C5
:10C6300014344802C46C0220EAAACE0230CC0204B0
:10C640008C02040254048C4C025070021CD202145E
:10C65000D00204AE6A8D0204021C048C78021854C5
:10C6600002208002087C0204D4021C45A4017CFC48
:10C6700000EF42C0022804030465020A3CE711B639
:10C680006C0F20021D02030F200213FF7D0403071D
:10C6900040030D0F6003140720074053350B80063D
:10C6A000032506040F4003170F4004FFFF52750BCC
:10C6B000400F200F200720034C0F600314072007B2
:10C6C000A00F400F200F200720034C0F60FFFF0337
:10C6D00014072007601F001F000F600F400F200786
:10C6E00020036C0F80031407200F80031C0304EE4B
:10C6F000FF0A030506040340051F60061C03070F1D
:10C700002003140760030C03200FE00F600FC0FF2D
:10C71000FF07400FA0035003040F400F400F400FCE
:10C72000200F200F200720036C03C00F20072007D5
:10C73000A0FBBF1F20072010F2BC03401F000FC04A
:10C740000F40074007800F400F400F200F20021EB0
:10C75000C0FFFF2F600F400F400F200F200F200F52
:10C76000200F200F200F200F201F201F200F200F31
:10C77000200F60FFFF0F600F200F202F00076027A2
:10C78000000F200F200F20072017E00F2007200F99
:10C790006003300304FFFF0F200F400F201F20070E
:10C7A0002027A00F200720036C23C02F402F401FFD
:10C7B000401F400F200F20FFFF0F200F200F200FE2
:10C7C000200F200F200F200F201F4017001F801365
:10C7D0001003040F200F400F20FFFF0F200F200F2A
:10C7E000200F200F200F200FE00FE01FE007400375
:10C7F000CC13E00F200F200F800720FFFF1F200326
:10C800005003040F200F400F200F200F200F200F88
:10C81000200FC007202FE0039C03040720FF2B03F9
:10C820000C13002FE02FE01F601F600F200B200271
:10C8300064086F4C92C4A892D410B2805EA000D05D
:10C84000B1A0007C92D87402040224030308285C7F
:10C850000228C855AF0228900228500204940224EE
:10C860008C0204032502040828680228F80228AA7A
:10C870005710B25CD00228B40224AC020402240394
:10C88000030828F492E8100228E0D5ABB27CB0028D
:10C8900004FC92FCF40204032502040828FC02288C
:10C8A00028022840029CEA551002041C024C140283
:10C8B00004022403030828000278340228A002247A
:10C8C00070F5D402042C0224240204032513500220
:10C8D000291000FA448002748CC2AC0320AED658F2
:10C8E00002380308070404C4CA00A4680107150637
:10C8F00008C0A2E8E00204030FCEB5A40274030846
:10C9000007040108050A03700F38000270200204B2
:10C910000322B00F3833D80A3802A80200061003E9
:10C920002C90B8A00090124C030C68C2980308B970
:10C93000F607040418050A0F700316E002DCEC0287
:10C9400004030CC40F700AE00470B4A6015D032A4E
:10C95000000010BAA000F00670780F700A7002385C
:10C96000080BA850D01BB4A000A81618880F3826B2
:10C97000BD03A8043820056C030690BBA0ECFD00A5
:10C98000B0023C030CA80F380670031C0F04FF0212
:10C99000010F140F100F10071003880340070C0B32
:10C9A00008CCC012009C821100D84A12001CC0D3CF
:10C9B000F0E3120084D2090403340C2003110E04A6
:10C9C000F36124A0130E16050F13DF000D6C5D122A
:10C9D000000002F0000369B0044D090CA001F00052
:10C9E000AD251323A00718023180030C0822C112C1
:10C9F00041E8030C00A0024D04001F0F053C021883
:10CA0000128D0518033A80004804240223030313FF
:10CA1000F00200008081000E04CCEAA000CCF402F9
:10CA200004FEA0000B0B070B02000006030D0D090E
:10CA30000D0208051F1F131D0610070000252515F0
:10CA4000250614097965695D14620B797700007712
:10CA50007714760D00000E0E090E03080411110064
:10CA6000000B11030A07272719240908092F2F1A79
:10CA70002F000008190C987F84741A7B0E989595E6
:10CA8000951A94060011037D0504A91AA1AB551748
:10CA900000003D7E0DBF00000000803F3A3FD4C043
:10CAA0007077120000000000000000002B660200FA
:10CAB00002006717E27659B986BBC21FF42374ECF3
:10CAC000C40A0B8698AE75CF819C1E5BC065C533CA
:10CAD0004EB34FF30000000052502D9DD469BDAD00
:10CAE0009B7E1A8A0AF1ABB4952683C7000000002A
:10CAF000FB0BE7178B79A883A9CDA4706541676408
:10CB0000224937B54C32000031DCE1E90000000079
:10CB10006717000000000000F000000000000000A7
:10CB200000000000901EB40D040000002B660200FF
:10CB30000200671700000000000000000000000075
:10CB400000000000000000000000000000000000E5
:10CB500000000000000000000000000000000000D5
:10CB600000000000000000000000000000000000C5
:10CB700000000000000000000000000000000000B5
:10CB8000000000004C320000000000000000000027
:10CB90006717000000000000F00000000000000027
:10CBA0000000000000000000A8DA1300C8DE130037
:10CBB000902AA100102CA100102CA100103DA10072
:10CBC000103DA100903DA100D8DA13000000140030
:10CBD000B03DA1000080A1008CDE13006CB41300F6
:10CBE000B0B413008CB41300A91AA1AB5517000000
:10CBF000C341F00034003444047106A10C70E07E9F
:10CC0000F1C02C7127D82220800F1300B4BBE0782C
:10CC1000E2C0CB44A100F4284F7AB36A16248210F4
:10CC200080452F24C7004C43A264C2C02020800F3F
:10CC3000130044B9E2C0CB44A100F4284F7AB36A90
:10CC4000162482102F24C7004C43A264C2C02020A7
:10CC5000800F130064BAE0786A2480125124809314
:10CC6000E020820F1200AC3A5DDC3E796A2480122B
:10CC700051248093E020820F120068385FDC3E79F7
:10CC80006A24801251248093E020820F1200945E67
:10CC90005EDC3E796A24801251248093E020820F6A
:10CCA0001200044C20DC3E796A24801251248093C7
:10CCB000E020820F1200444C21DC3E796A2480126D
:10CCC00051248093E020820F1200844B1EDC3E79B9
:10CCD0006A24801251248093E020820F1200C44BFA
:10CCE0001FDC3E796A24801251248093E020820F59
:10CCF00013008C741DDC3E796A24801251248093C9
:10CD0000E020820F1200244D24DC3E796A24801238
:10CD100051248093E020820F1200444D25DC3E799F
:10CD20006A24801251248093E020820F100034275F
:10CD300022DC3E796A24801251248093E020820F05
:10CD40001200044D23DC3E796A2480125124809322
:10CD5000E020820F1300C8710CDC3E796A24801237
:10CD600051248093E020820F1200581F11DC3E797D
:10CD70006A24801251248093E020820F1200281E22
:10CD800010DC3E796A24801251248093E020820FC7
:10CD90001200801D0FDC3E796A248012512480939A
:10CDA000E020820F1200A41B36DC3E796A24801238
:10CDB00051248093E020820F1200541B35DC3E7911
:10CDC0006A24801251248093E020820F1200BC1A42
:10CDD00034DC3E796A24801251248093E020820F53
:10CDE0001200B01A33DC3E796A24801251248093F9
:10CDF000E020820F1200941A3BDC3E796A248012F4
:10CE000051248093E020820F12002C1A32DC3E79EC
:10CE10006A24801251248093E020820F1200181A95
:10CE200037DC3E796A24801251248093E020820FFF
:10CE30001200D8193ADC3E796A248012512480937A
:10CE4000E020820F1200DC6B38DC3E796A2480120D
:10CE500051248093E020820F1200FC1839DC3E79C7
:10CE60006A24801251248093E020820F120014184B
:10CE70003CDC3E796A24801251248093E020820FAA
:10CE80001200F0173DDC3E796A2480125124809311
:10CE9000E020820F12002C0ACB44000012003E79E1
:10CEA0006A24801251248093E020820F1200040A29
:10CEB000CB44000013003E796A24801251248093F1
:10CEC000E020820F1200F409CB44000014003E79E8
:10CED0006A24801251248093E020820F1200DC0922
:10CEE000CB44000015003E796A24801251248093BF
:10CEF000E020820F12006804CB4400001A003E7943
:10CF00006A24801251248093E020820F1200D46C96
:10CF1000CB44000016003E796A248012512480938D
:10CF2000E020820F1200A401CB44000017003E79DC
:10CF30006A24801251248093E020820F12008068BE
:10CF4000CB44000019003E796A248012512480935A
:10CF5000E020820F1200E800CB44000018003E7968
:10CF60006A24801251248093E020820F1200AC00CA
:10CF7000CB44000005003E796A248012512480933E
:10CF8000E020820F1100B4FFCB44000003003E7983
:10CF90006A24801251248093E020820F110040FF08
:10CFA000CB4400003E003E796A24801251248093D5
:10CFB000E020820F1200C44CCB44000028003E79D0
:10CFC0006A24801251248093E020820F1200844C46
:10CFD000CB44000027003E796A24801251248093BC
:10CFE000E020820F1300886DCB44000026003E79BC
:10CFF0006A24801251248093E020820F1200644D35
:10D00000CB4400002A003E796A2480125124809388
:10D01000E020820F10009C24CB44000029003E79C0
:10D020006A24801251248093E020820F100084240F
:10D03000CB44000040003E796A2480125124809342
:10D04000E020820F1000FC23CB44000000003E795A
:10D050006A24801251248093E020820F1000CC2398
:10D06000CB44000001003E796A2480125124809351
:10D07000E020820F10005422CB44000002003E79D1
:10D080006A24801251248093E020820F1300386BB1
:10D09000CB4400005C003E796A24801251248093C6
:10D0A000E020820F1300206BCB4400005B003E7930
:10D0B0006A24801251248093E020820F110094AEE4
:10D0C000CB4400002F003E796A24801251248093C3
:10D0D000E020820F11003CAECB44000030003E79CE
:10D0E0006A24801251248093E020820F110004A44E
:10D0F000CB4400000D003E796A24801251248093B5
:10D10000E020820F1100F4A3CB4400000B003E7915
:10D110006A24801251248093E020820F110000A223
:10D12000CB4400000E003E796A2480125124809383
:10D13000E020820F110084A1CB4400000A003E7958
:10D140006A24801251248093E020820F110018A0DD
:10D15000CB44000007003E796A248012512480935A
:10D16000E020820F1100043ACB44000009003E7910
:10D170006A24801251248093E020820F11005039DC
:10D18000CB44000008003E796A2480125124809329
:10D19000E020820F1100B49FCB4400001B003E79B9
:10D1A0006A24801251248093E020820F11004036BF
:10D1B000CB44000006003E796A24801251248093FB
:10D1C000E020820F13004450CB4400002B003E7936
:10D1D0006A24801251248093E020820F1100108075
:10D1E000CB4400001C003E796A24801251248093B5
:10D1F000E020820F1100F47ECB44000031003E7924
:10D200006A24801251248093E020820F110034752B
:10D21000CB4400004A003E796A2480125124809356
:10D22000E020820F13001C3FCB44000048003E79F1
:10D230006A24801251248093E020820F11002C690F
:10D24000CB4400004B003E796A2480125124809325
:10D25000E020820F1300B826CB44000049003E793D
:10D260006A24801251248093E020820F13009026BC
:10D27000CB44000041003E796A24801251248093FF
:10D28000E020820F13009023CB44000043003E793E
:10D290006A24801251248093E020820F13003023EF
:10D2A000CB44000045003E796A24801251248093CB
:10D2B000E020820F13000423CB44000042003E799B
:10D2C0006A24801251248093E020820F1300E4220C
:10D2D000CB44000044003E796A248012512480939C
:10D2E000E020820F1300A811CB4400003F003E79DC
:10D2F0006A24801251248093E020820F1100B81319
:10D30000CB4400002E003E796A2480125124809381
:10D31000E020820F1100A013CB4400002D003E79C5
:10D320006A24801251248093E020820F11008C1314
:10D33000CB4400002C003E796A2480125124809353
:10D34000E020820F1000B8E2CB44000004003E79D8
:10D350006A24801251248093E020820F1200389DAD
:10D36000CB4400005A003E796A24801251248093F5
:10D37000E020820F10002069CB44000053003E796A
:10D380006A24801251248093E020820F1000FC68F0
:10D39000CB44000050003E796A24801251248093CF
:10D3A000E020820F12000C99CB44000046003E7929
:10D3B0006A24801251248093E020820F1000D868E4
:10D3C000CB44000055003E796A248012512480939A
:10D3D000E020820F12000099CB44000047003E7904
:10D3E0006A24801251248093E020820F1000686824
:10D3F000CB44000054003E796A248012512480936B
:10D40000E020820F10004C68CB44000052003E79AF
:10D410006A24801251248093E020820F10002C682F
:10D42000CB44000056003E796A2480125124809338
:10D43000E020820F1200E498CB44000059003E79AE
:10D440006A24801251248093E020820F1000146817
:10D45000CB44000057003E796A2480125124809307
:10D46000E020820F1200C498CB44000058003E799F
:10D470006A24801251248093E020820F1000E0671C
:10D48000CB4400004F003E796A24801251248093DF
:10D49000E020820F10005467CB4400004D003E791D
:10D4A0006A24801251248093E020820F10000C67C0
:10D4B000CB44000051003E796A24801251248093AD
:10D4C000E020820F1000C066CB4400004E003E7981
:10D4D0006A24801251248093E020820F12008097EA
:10D4E000CB4400004C003E79E8C2684673087100E6
:10D4F0002845710AB40123D8FF86FC1710108C2030
:10D50000C3AF06F2FFD87A082000C141408D2C70CD
:10D51000EA0F6000C140428D2C71E20F6000C140F3
:10D52000448D2C72D60F6000C140008D5627011823
:10D530008027441000A9018D00AF028D01AF038D3B
:10D5400002AF048D03AF058D04AF360F6000C140FC
:10D550008C20C3AF05F2024026082000C1410C70A8
:10D56000C8C60000E4C2DA0D2000284508460C7049
:10D570001A09EFFFA141C140C4C60000F6C3A4C10F
:10D580007C111000ED703042084555200E2F0C1C08
:10D59000C4334F08730442C7830DB51090E5164499
:10D5A00014100F200C101120CE0860001010132052
:10D5B00028E8C6086000624024E8BE0860002240F7
:10D5C00020E8B6086000E1401CE82C70660F2000DF
:10D5D00042402C704C70B608A000424016F0D50DA9
:10D5E00070148C2502907CF28C25C39F9AF40C1643
:10D5F0001110FFD93E0F20004240B821022078F0E0
:10D6000080D9320F20004240B91280205520CF2F00
:10D610002E70C6B8B91A02206CF084F4038660DD5F
:10D620000F1CC2338C200280041CC43340C7CC20A2
:10D63000828F0000FF000AF207868C200280CC2037
:10D64000828F0000FF008AF4CD70D1412F22460462
:10D65000CE7B2F24C6034240AA08EFFFA14134121B
:10D66000012023D82018002060794240A412002114
:10D6700058120220607A42410E4106E9A4110001CD
:10D680005681407A7A08A0004240CD08B10010DDF2
:10D6900008100E20C10E3010C1402F8640792D8613
:10D6A00008476079C1404E86C141607AE14054F03C
:10D6B000A3868C25C39F38F482C14024823283C361
:10D6C000260D200042400C1444310A144331081442
:10D6D000423100414608EFFF42403DF00C16111068
:10D6E00080D9520E20004240B821C32F5520CF2FA1
:10D6F0000C704241C60FAFFFA0A7250910207C1275
:10D7000001200086EC110D00360C2000424103354B
:10D71000009006F20C70760FAFFF4241A0871CF01C
:10D72000A3861AF0FFD8424195FF82C1402482327D
:10D7300083C3B60C200042400C1444310A14433118
:10D74000081442310041D60FAFFF4240A140424190
:10D750008BFF11DDA140D6C7A60F600042402D0807
:10D760009100E60B0FEF560A2FEF084600420C75AA
:10D77000CE0B2FEFC1412F8040798C200280CC202E
:10D78000828F0000FF0062F37ED9B6DA6C71BE0EA4
:10D7900060004240AA0C600042407ED911DA0ADBE8
:10D7A000AA0E6000424008D91E0D20004240AE0D76
:10D7B0006FEE0AD840D92CDA6C7042408E0E6000B1
:10D7C00040221727960D6FEE0AD85AD88C70D34690
:10D7D00048420000AB20080E6DD94024C2336C7162
:10D7E0008045E2400A268005C20CAFFF0F1C433281
:10D7F00012D980C26C76E60FAFFFE2408C7020C772
:10D8000004149130051494300214933003149530AD
:10D8100001148E306DD94024C2336C718045E240D2
:10D820000A268005860CAFFF0F1C433312D980C235
:10D830006C76AA0FAFFFE2400114803003148930E8
:10D84000402C012208BE0014853002148430C57FAC
:10D8500005214104402D0222EE7C2E7F402801024A
:10D8600040290012051486300522C2040521410119
:10D8700005200001041487304E7B2E790E78402E4F
:10D8800002020221110376480522C2019A210F2AC1
:10D890009A260F1A4E78F748CB4000000010042E4D
:10D8A0000E129A270F1A82C08A220F0A6E7104295B
:10D8B0001122CE7931798C21CF898343C5B3042FCE
:10D8C0000F12001844042F20460411783A209400C7
:10D8D000E6B3CA23092508F68C200F8A4F2454206A
:10D8E000CA23AB20EE7811788C20C78C04F66671C1
:10D8F0004F2494207ED9B6DA6C73520D60004240FA
:10D900003E0B600042402F20C70414710DF71B0C22
:10D910003F2061DD110C7F20512480A064DDCA25E9
:10D92000A11003F062DD2905CFFF0000E4C27F8172
:10D930004A24C0700844C340A100742928452C70B3
:10D940000A220000A820C00108128E040B0E051345
:10D95000247110DE2C73367841802188A140F41B9D
:10D960008203660B2000E81B80000C70360DAFFFB1
:10D97000A141C140C4C60000ECC2284155218D0818
:10D9800002E8CCC67C111010B911C010081012208A
:10D9900004101120147056002A005520802BCE1040
:10D9A000C1204B0913000010CE00BA10C1207480B2
:10D9B000B7108220B9108C200410CF0008BE08B91F
:10D9C000BB108B20457E409B8579819B629B08BF65
:10D9D0000527CF1240100800524E8279734F49A09C
:10D9E0002AA06BA023200002214021091020B91198
:10D9F000C02019081300CE1080201108BE01224259
:10DA00002185D20CAFFF00857B0A10A0B912C0207F
:10DA100073081380CE1080206B087E8142422185DE
:10DA2000B20CAFFF0085CCC614702045E07D7C159C
:10DA30000200402500072C748022420AC3441300D0
:10DA4000F4C18105AFFF14DB5F8120456C75F81AC6
:10DA500000003C4980228303C3441300A4C265052F
:10DA6000AFFF1BD9E8C214716847504028460C70BC
:10DA700021F400100021147623D89DF7BF872C7065
:10DA8000420A6000E14000AE80254410008D2C71F8
:10DA900001AE320A6000E14002AE028D2C7203AE8C
:10DAA000220A6000E14004AE248D0C7025AE0018FF
:10DAB0008521C8C6E4C208451F80B9158110418080
:10DAC000C280C6B9B91D421005EAB912C0002508C6
:10DAD00012002E0C6000A14007EE0F089100B9164D
:10DAE000C010110812002C744C70A20B6000A140F1
:10DAF0000C70C4C6E4C20845B910C0003308120057
:10DB00001F852180C28006E9B911C00023081200D8
:10DB1000EE0B6000A14008EE0D089100B916C01090
:10DB20000F0812002C744C71620B6000A140B915F3
:10DB300081100C7087B9B91D4210C4C6E6C3A1C1DB
:10DB4000BF810330808F484100008D70ED70F01D63
:10DB50000010D7F70330808FC8410000ED71D1F776
:10DB60004A240071ED72C342A100A429A82000023A
:10DB7000081203040333008043F6E571ED76FC15CB
:10DB80000010CB46A10094298C20C38F08F28C2072
:10DB9000028025F4090FF4108D71ED733C491626AF
:10DBA000C11368158210248995708422010C776C4A
:10DBB000C3B96579CA2221082415061045798C70ED
:10DBC000031C423040D94024C2306C71DE08AFFFE4
:10DBD000804503148030681D0210F67E0086EC1D1F
:10DBE0000010C6C7EEC3A1C1504130422C704C7327
:10DBF000704008455E096000031C03302C714C73B3
:10DC000052096000A140B815C010147707F21471D2
:10DC100065D859F42C724C7103F02C724C72360991
:10DC20006000A1401F8508D9F41093009A082000D5
:10DC3000A1402A096FEE0AD8A1402A0860004025B9
:10DC40000E171A096FEE64D81BD94024C2306C71CC
:10DC50008A0BAFFFC1400314803023B844204080BA
:10DC6000031C0230EFF3DF852C705A086000A140DE
:10DC700056260F1800AF2C714A086000A14080267C
:10DC8000841000AE2C723E086000A14002AE120A61
:10DC90002000008F001A0420060A2000008E0019C0
:10DCA0000420FE092000028E00180420D20F20005C
:10DCB000A140A140120820006241A2086FEE0AD8DC
:10DCC0000C70CEC7E4C3A1C1670975032845C341E1
:10DCD000000028115B096E035325C210DF808C7091
:10DCE0001CE06C7169168110241606108045842191
:10DCF000030C4579031C423041D9B20F6FFF402419
:10DD0000C23003148130C34013002875190D30133D
:10DD1000691E4210150D5011090D10120F0DD01073
:10DD20000CE005F012E003F00476421E1810C4C7A0
:10DD3000EAC3A1C1BF80031C0330D4150210D10A6D
:10DD4000600030418C2102A040200E0709F28C2196
:10DD5000C3AF0AF4031C4334241D011009F0031C53
:10DD6000833404F0031C03347FD817B809A58C70E2
:10DD7000CB47A04000007ED94024C2306C71804562
:10DD8000C1402A0F6FFFE146031480305425101D57
:10DD90008C2102A0A61D02100DF4B7D88C70031CB4
:10DDA000023040D94024C2306C718045C140E14608
:10DDB00011F0681580108C7040D9C3B885B8031C69
:10DDC00002304024C2306C718045C346803F000061
:10DDD000C140DA0E4FFF031480308C708C2102A0FA
:10DDE0006CD94024C2306C718045031C033000188C
:10DDF000022006F4C346803F000003F08046AE0ECA
:10DE00006FFFC14003148030941D0210D41D4014D4
:10DE1000CAC70000E4C20845DF80A9D82C70D860CA
:10DE20000A096FF114DA0C707FDA23DB17BAC341E9
:10DE3000130034751CAED81E0210FC1E0010A14049
:10DE4000A0A6D41E011468A649A66A082000421E96
:10DE50005810C4C61F80E07FEC1000001F80E07FD8
:10DE6000FC1000001F80E07FF41080001F80E07F26
:10DE7000E8100000F1C0004214700C710EF22F8205
:10DE80006079404000418C2002800C70CC21828F50
:10DE90000000FF0002F20C71D1C0E07E00412F268D
:10DEA00005F0C521840F000000FFE07F2E78000000
:10DEB000ECC3A8C13F8008471F1C03303040D81175
:10DEC00080008BE8C341F000FC0200898420430FEE
:10DED00000A9D81843201C1080204027121787085B
:10DEE0003100031C033008877B0871041C18432091
:10DEF000CB45F0007702008DC1B86B08B10018DA8D
:10DF0000008D42418420030F00ADDE096FE381C024
:10DF100021D88C7042C081C07FD9C342A100B128F2
:10DF20006C718045C346803F0000041C803FA00008
:10DF3000EC407A08AFFF161C4336B6DE81C07ED9AE
:10DF40004024C2306C71A20D6FFF031C82330E0E91
:10DF50002FEE32D8A6188223008D8420030F81B8BB
:10DF600000ADDE0C2000E1402C704024C2376C7103
:10DF70006A08AFFF424014704A2080288AF41F14B8
:10DF800080304A2040288420030C8C20038482F4B3
:10DF9000DF870E70031C02340886F1083000E14070
:10DFA0009E0C0000B6D8031C02307ED94024C2303B
:10DFB0006C71360D6FFF4240A20D2FEE0C71820C7A
:10DFC0002000E1401F878A2402700A21800FA100EF
:10DFD000CC2928E0A82080010111820401189200B8
:10DFE000AD707FD94024C2306C714240FA0C6FFF93
:10DFF000031C4233660D2FEE0C710314803054D98C
:10E000004024C230A71E02106C714240DA0C6FFF30
:10E01000031C4233460D2FEE0C7103148130BBD824
:10E02000D341803F000061C07C1E421053D981C2A1
:10E030006C71A144A1454240720C6FFF0A26400456
:10E0400055D981C26C71A144A14542400A264004C1
:10E050005A0C6FFF61C590D861C056D981C26C71EE
:10E06000A144A1454240460C6FFF0A26400457D9FF
:10E0700081C26C71A144A14542400A2640042E0C85
:10E080006FFF041CC33FA8A64E870C70607AE14165
:10E090000240CCC7F1C0A1C17F808C70031C42300C
:10E0A0001CE069837ED98045013386004024C2305C
:10E0B000FA0B6FFF6C718774D1C0E07EECC3A1C115
:10E0C0000A200021DF8040200D078C70A847704196
:10E0D0005042031C42304DD94024C2306C718045FF
:10E0E000C346803F0000C60B6FFFA14009862C7419
:10E0F000AC7001300604A14042422243AE0E6FFFD5
:10E10000E144CCC7E8C3A1C188478C70DF804020C0
:10E110000D077040031C4230021C82304FD940244E
:10E1200082306C718045C346803F00007E0B6FFFDC
:10E13000A14009864ED94024C230013006046C71DA
:10E14000AC70A140660B6FFFE144C8C7E2C3A1C138
:10E150008C70BF80031C42301CE060D94024C23068
:10E160006C71C346803F0000420B6FFF8045031473
:10E170008030881D0210C2C7F1C0A1C1031C42300B
:10E180001CE07ED94024C2305E0B6FFF6C71877437
:10E19000D1C0E07EE6C3A1C140200D0768464847D4
:10E1A000031C42304DD94024C2306C713A0B6FFFD2
:10E1B000A140AA0B2FEE0C712C74A140E1421E0E5F
:10E1C0006FFFC143C6C70000E2C3A1C140200D07D5
:10E1D000031C4230021C82304FD9402482306C71C3
:10E1E000060B6FFFA140760B2FEE0C714ED9402429
:10E1F000C2306C71F20A6FFFA140C2C7E4C3A1C173
:10E200003F09B00040200D076B0970004024C23068
:10E2100034702C7047F474D94024C2306C71BE0D38
:10E220006FFFA14003148E3077D94024C2306C7147
:10E23000AA0D6FFFA140031480300EB830F076D9DC
:10E240004024C2306C71960D6FFFA14003148E30D4
:10E2500077D94024C2306C71820D6FFFA140031446
:10E2600080300AB80420800F000000C00E7926B963
:10E2700018F075D96C71660D6FFFA14003148E30D4
:10E2800077D94024C2306C71520D6FFFA140031446
:10E2900080300CB80420800F000000C00E783E686B
:10E2A000C5792E78C4C70000E6C3A1C1DF80484706
:10E2B0006109B00040200D07A50970004024C2305C
:10E2C000347082F474D94024C2306C710E0D6FFF2B
:10E2D000A14074D9402482306C71A1400A0A6FFFBA
:10E2E000021CC233760A2FEE0C710214803077D9EB
:10E2F0004024C2309C1E02106C71E20C6FFFA140E2
:10E3000003148130412F0012C1B88421030F4BF058
:10E3100076D94024C2306C71C20C6FFFA14076D90F
:10E32000402482306C71A140BE096FFF021CC233D1
:10E330002A0A2FEE0C710214803077D94024C230A3
:10E340009E1E02106C71960C6FFFA1400314813069
:10E3500024BF4427001C8421C30325F075D96C71A8
:10E360007A0C6FFFA14075D9402482306C71A140B6
:10E3700076096FFF021CC233E2092FEE0C71021402
:10E38000803077D94024C2309D1E02106C714E0C33
:10E390006FFFA1400314813026BF4427001384215E
:10E3A000C30C2578021C023077D9402482306C716E
:10E3B00036096FFFA140A6092FEE0C7102148030C0
:10E3C0009F1E0210C6C70000E2C3A1C128451CE081
:10E3D00077D94024C2306C71020C6FFF031C0330EC
:10E3E0000314803027B800ADC2C70000E6C3A1C146
:10E3F000BF8040200E07284777D94024C2306C7177
:10E40000C140DA0B6FFF031C033003148030376FF9
:10E4100040248230C6B82578021C023077D96C714E
:10E42000C6086FFFC140098532092FEE4830C0028F
:10E43000021480309F1D0210C6C70000F1C0A1C1A8
:10E440001CE07FD94024C2306C71920B6FFF031C1B
:10E4500003300A092FEE0C718774D1C0E07E0000F2
:10E46000F1C0A1C11CE07ED94024C2306C717A0891
:10E470006FFF031CC3308774D1C0E07EE4C3A1C129
:10E48000BF8040200E0777D94024C2306C71C14054
:10E490004A0B6FFF031C03300314803077D94024EC
:10E4A000C23086B8031C02306C713E086FFFC14059
:10E4B000AA082FEE0C71031480309F1D0210C4C7F0
:10E4C000F1C0A1C14C701CE01309B000031C8230E4
:10E4D0000F0950008DE971D904F073D902F072D997
:10E4E0004024C230F60A6FFF6C71031482308774C7
:10E4F000D1C0E07F40400000E2C3A1C1BF801CE06A
:10E500002909B000031C8230370970004024C23052
:10E5100096E971D94024C230CE0F2FFF6C710314DD
:10E520008030991D0210C2C773D94024C230BA0F7F
:10E530002FFF6C71031480309B1D0210C2C772D96B
:10E54000A60F2FFF6C71031480309A1D0210C2C7F2
:10E55000E6C3A1C1BF804847547321DA8C002D0067
:10E56000031C03303309B00040200E074709700038
:10E570004024C23022DABAE969D94024C2306C7131
:10E580005A0A6FFFC14003148130146F4420000CFD
:10E590008421C3031BF069D94024C2306C713E0A48
:10E5A0006FFFC14003148030C1BF8420030FE578A2
:10E5B0000EF069D96C71260A6FFFC14003148130D7
:10E5C000126F442000038421C30C2578031C023001
:10E5D00069D94024C2306C710E0F2FFFC140031463
:10E5E00081304C70911D42104040C6C7E4C3A1C1A8
:10E5F000CD7048451CE02D09B000031C823337095B
:10E6000070004024C23022DE9EE969D94024C23025
:10E61000CA096FFF6C7103148030CD7024B812F0FA
:10E6200069D94024C230B6096FFF6C710314803081
:10E6300008F069D9A6096FFF6C710314803022B805
:10E64000C1B800ADC140C4C7E6C3A1C1DF806847FF
:10E65000031C82301CE04024C2306C718A0E2FFFF4
:10E660002845FA0EEFED016F03148030DD65281D9B
:10E670000210C6C720462C70C342A100B0286C719E
:10E68000204429016FFF2045E2C3A1C1BF801CE0E7
:10E69000031C03301DE967093101346A79158310C1
:10E6A000442101048423C30B65798C70031C423020
:10E6B00051D94024C2306C71C346803F0000EE0D3A
:10E6C0002FFF804503148030791D0210C2C77815D2
:10E6D00081108C706C718421030E4579031C4230CB
:10E6E00050D94024C230C346803F0000BE0D2FFFEA
:10E6F000804503148030781D0210C2C73F808021FE
:10E700000501E07F008900001F8080200501E07F77
:10E7100020A80000E8C2DF83684500268F1F0000A4
:10E720000C016708F0000E707508B00056268219BB
:10E73000B10871004A2000290189408908B8057A8A
:10E74000991E9C10038962894E7A08B8657814B7BF
:10E750000589248908B825789B1E1C102C704E0B47
:10E76000EFFFA140549F2C71420BEFFFA1409B167D
:10E7700042172C72360BEFFFA1402C71720CEFFF89
:10E78000A1400E702EF020890087C0B95508B50051
:10E79000BD1E421052082000A14124F08A20440CE2
:10E7A00020891E66008E442141800E7020AA0DF43F
:10E7B000310871002C708A0A2000A14000872508CA
:10E7C000B5000C71E8F18EE800878C20C38F06F24B
:10E7D000FFD98A0E2000A1402C71660A2000A140BA
:10E7E0000240C8C6EEC3A1C1FF81304000278E1F82
:10E7F00000000C012F0873040845630DB5108A2032
:10E80000440CF860008886E80240520E2000A141C6
:10E81000B910802080270413C6B8B9180220A0A61A
:10E8200017F091E5ADF28C250290CC25829F000077
:10E83000FF00BAF48A20440CF860008885E8FFD90C
:10E840001A0E20000240FFD88027041300A60C7087
:10E850006A0E2FFF0241A087EFF090E5A4F4008636
:10E86000E9458C20C38F104207F2FFD9EE0D20003E
:10E8700002407C100D20FC1500108A210128021C8A
:10E8800003308C200280CC20828F0000FF00A2F297
:10E89000431500168C200280CC20828F0000FF00E0
:10E8A00098F25E0EEFFF02401908910002852F805A
:10E8B00040798C200280CC20828F0000FF008AF2F9
:10E8C0005ADE7ED915DA32DB0240AB26081E7E0DF9
:10E8D000EFFF40201327AD700C75820CEFEDAB26D7
:10E8E000081E2C73402482306C71F20E2FFF6240A0
:10E8F00002148030442000030F081001A571AF7886
:10E90000D9085481AD757C100E206DD94024423059
:10E910006C716240C60E2FFF011C03300114803061
:10E920008C706DD984B8011C0230402442306C7167
:10E930008045A20B2FFF624001148030951E02100B
:10E940001A0CEFED32D85AD8AB20080E0E0CEFEDB2
:10E950000C751BD94024C2306C7162407E0E2FFFB3
:10E96000031C0330031480301D7844204080021CB7
:10E9700002302FF4A571AF78CF0854812AF00086B9
:10E9800011DD8C20C38F104110F4FE0A20000240DC
:10E990009B174417749E9917421700417E0D2FFF55
:10E9A00002404BF0A08649F0FFD9B20C2000024093
:10E9B000D60A200002409B174417749E99174217ED
:10E9C00000415A0D2FFF02400240224133F02E72C7
:10E9D0004C706C70404402402A0D2FFF22413410CD
:10E9E000012023D808A760790240A4100021581004
:10E9F0000220607A0241208705E9A41100015681B6
:10EA0000407AFE0CEFFF02401F089100A2870DED37
:10EA10002F856079A1402D8508466079A1404E85FB
:10EA2000A141607AC1408C22C3AF10DD05F20240E3
:10EA300042412A0C0000A140CEC70000E2C3A1C1A0
:10EA40008A23440CBF8034707921020079659315C4
:10EA50008C1040A9241506104624011CCF21220148
:10EA60008C70031C42301CE06BD94024C2306C71A6
:10EA70003A0A2FFF804503148030931D0210C2C74D
:10EA8000E4C208451F80B91581104080C280C6B914
:10EA9000B91D421005EAB912C00025081200620C27
:10EAA000EFFFA14007EE0F089100B916C010110842
:10EAB00012002C744C70D60BEFFFA1400C70C4C632
:10EAC000E4C20845B910C000330812001F85208039
:10EAD000C28006E9B911C00023081200220CEFFF22
:10EAE000A14008EE0D089100B916C0100F081200E1
:10EAF0002C744C71960BEFFFA140B91581100C706E
:10EB000087B9B91D4210C4C6EAC23041B911C1006B
:10EB100034700C010A007C111020CB4613001875CC
:10EB2000CB44A100B22855204D2CB210CF20F015B7
:10EB3000C39013A5B1108020B3108120B610C2205D
:10EB400008BF08BBB5108B20E57865794830830095
:10EB5000008608BA0522C20248318B00218648325D
:10EB6000880000330200028600334310208C0030FE
:10EB7000001034704832C2024833C10257A54830F1
:10EB8000C00238A519A548F2881100207D855E8550
:10EB90008C1101201DA50220C0803EA5020CEFE2D1
:10EBA0000321818008473E0D2FFF2240238600303D
:10EBB0004000073601707A4700000231C003073079
:10EBC00040005020C1070331808F4C3ECDCC48001F
:10EBD0000600C3418F3D295C0330408009F6C342E3
:10EBE0008FBD295C033080800041CA2185001F85CC
:10EBF000013102000031800FC84200005FA50032E1
:10EC0000810F48420000013040004830C002760CBD
:10EC10002FFF0D784410012660792240CAC60000FB
:10EC2000E2C3A1C1BF8120452C70C342A100722A5A
:10EC30006192447411097501483303000333008065
:10EC40002471B8F6008A6A158110461DD810C3B821
:10EC50008421030C2578031C02304025000742D98B
:10EC60004024C230C344130004B7C346803F0000B1
:10EC70003A082FFF6C7103148130461500166A1D87
:10EC80004210C2C7EAC3A3C10846FF86AD701CE0AC
:10EC90008A2081262C734024C2306C71081C4433B6
:10ECA00041C5031C4233021C4233AB20082E2E0BFD
:10ECB0002FFF1041031480307ED94024423022B807
:10ECC000C1B8031C02306C7122401E082FFF011CCA
:10ECD00043358A08EFED32D801148030A61F0210A8
:10ECE0000C757A08EFEDAB20082E2C73402482308F
:10ECF0006C71EA0A2FFF22400214803022B8C1B89A
:10ED000015087000021C0230A571B078D5089482F5
:10ED100023D8CAC769D9402482306C71BE0A2FFF3C
:10ED200022400214803069D94024423086B8011C48
:10ED300002306C71B20FEFFE2240011480307ED998
:10ED400040244230911F02106C7122409A0FEFFE56
:10ED5000011CC3300608EFED32D801148030AD70CD
:10ED6000A61F02105AD8AB20080EF20FAFED32D812
:10ED70001BD9402482306C71620A2FFF224002149A
:10ED8000803023B844204080021C023005F4A57175
:10ED9000B078D50894822C70660CAFFFC140991FE3
:10EDA0001C102C715A0CAFFFC1409A1F1C102C7202
:10EDB0004E0CAFFFC1409B1F1C102C71320EAFFFD9
:10EDC000C1400CD981C26C76120A2FFF2240031475
:10EDD00080301708D00019087000147023D83CF454
:10EDE000011C033506F0011CC33504F0011C43353A
:10EDF0007ED9402442306C71EE0EEFFE22405E0F51
:10EE0000AFED32D8011480305ADDCD70A61F02104C
:10EE1000AB25081E0C75460FAFEDAB25081E2C73F5
:10EE2000402482306C71B6092FFF224002148030DA
:10EE30000314813022B8C1B813086000021C0230EC
:10EE4000C571D07AD10A948202F00041307065D841
:10EE5000CA20E100CAC70000E2C3A1C1BF801CE014
:10EE60001509B500031C0330BD15811007E9031C0B
:10EE7000C33507F0031C433503F0031C03358C70C6
:10EE80007ED94024C2306C71C346A04200001E0EE1
:10EE9000EFFE804503148030A61D0210C2C700009B
:10EEA000E6C3A1C1BF8128462C70CB44A1004C2AE7
:10EEB000307A162483100F0A3501E093F50F249061
:10EEC00024716B158110028B418324150610842157
:10EED000030EC2B825788C70451D9810031C0230B3
:10EEE0003C4E43D94024C2306C718045BE0DEFFECC
:10EEF0008E1DDC1303148030C1416B1D0210A60F60
:10EF0000EFFE0C70E140C6C7E2C208451F802C70BE
:10EF1000A1A0431858004F1858004E1858007E09F9
:10EF20002FFF501858008E0F6FFFA140C2C600007F
:10EF3000E4C03908F0007F833708B000147124D88A
:10EF40001FF49B130D0799130E079A130C07A4A91E
:10EF5000C0A928BE82A928BC28BD0C70C1A983A95C
:10EF6000A5A9001A8501C4C4BD13830004F056236B
:10EF7000800960880C70C0BB60A9001A4500C4C439
:10EF80001F80E07F451000061F80E07F46100006CE
:10EF90001F80E07F431000061F80E07F8E10000777
:10EFA000C341A100B228E07F00A90000EEC3822483
:10EFB000183C4FD840C0C340A000BC8581C1760A30
:10EFC0002FFF80C2B2E8820B4FEEF2096FEE1043C2
:10EFD00010420E7026F05A200D25A060360E6FEEFE
:10EFE0001D7808471DE807879BE881C0B8601010AE
:10EFF0001101AD70CD711D096E23A1406241420B1C
:10F000006FEE42420AE8078878200100247E85E8F6
:10F01000A571E70D149885EE198F87B819AF0671A1
:10F0200000C0B70824A081C0CEC70000F2C394245A
:10F030002F3AC340A000BC85E2092FFF1042CB4706
:10F04000F000340003E850D92CF0CB461300E8DA86
:10F05000008E1EE8AD70D3411300E0DA0A20802F45
:10F060001300D8DA04100224041101240024833F81
:10F07000000030068A2408008A092FFF4240250834
:10F08000320058D9008EA571DD0D04904FD840C0D4
:10F0900081C180C242409E092FFF81C605E857D931
:10F0A00034AF15AFD2C78E70924241F000861D7802
:10F0B000620D6FEE1043084537E80785B5E8028614
:10F0C0003415111086092FFF3015101010457E09D8
:10F0D0002FFF0386033000A5CA214E05C6F7033073
:10F0E00040A50241CA214905033100A04C70CA2045
:10F0F0004904033580A0D1F7033040A005F2502128
:10F10000FE8703F22CA5033100A00FF25020FE87EA
:10F110000BF20DA509F059D814AF161FC21455AF44
:10F12000198D87B819AD14E6467100C0810A04A094
:10F13000C340A100102C9E0B0FFFD2C7001E4370CE
:10F14000A100AA28E07EE078E6C2A2C10A250090CC
:10F1500058F22847AD091000DA852220800F1300ED
:10F16000A4B9F5434830000000368E1FFF4600FE6C
:10F1700007360E100C7032682163C342FF4600FE52
:10F18000003181030431808074000900C34200C74C
:10F190000000043180806800050082C24831C1024D
:10F1A000147AFA1A44800471CF08D1800016817055
:10F1B000A100AA28021443312B7904144231061409
:10F1C0004031C341A100A4280AF48099110CC11058
:10F1D00081990D0C81108299210C001002B160B14F
:10F1E00041B1001E0370A100AA2840248130A14033
:10F1F0002220800F1300C4B70C7005F04041CFF1FE
:10F2000023D8A2C0C6C6E078C340F000400280D92F
:10F2100028A04C802B7AE07D2F27BF006F233F0072
:10F220000445A7B924A02F26BF00E07E9BC900009B
:10F230000223000067170500000000000000000026
:10F24000D2005E010000000000000000000000008D
:10F250000000000000000000000100006803000042
:10F260003800000024DB1300ECDA13000200000079
:10F27000015200047F20014004006F000000FF00E5
:10F280000000227A084100050000177A0841000AB0
:10F290000000187A0841000A0000FE7A08410007C1
:10F2A000002800003900C300015200047F500140D3
:10F2B00006006F030000FF0000022A0008000001A2
:10F2C0000040FEFF18FF0001004040004010000019
:10F2D000FF000000FF80800800FFFE7F187FFF0214
:10F2E00000FF007F007FFF4FFFFF7F7FFF7FFF7FDB
:10F2F0000140FE4088000003004040FF40FF000046
:10F3000000FFFFFF40FFFFFF0040404040000000C3
:10F31000004040404000000000404000400000002D
:10F3200000FFFFFF00FFFFFF0000000000000000E3
:10F33000FFFFFF40FF00FFFF00FF40FF40FFFF0017
:10F34000FF404040FF000000004040FF40FF000041
:10F35000FF00FF00FF0000FF0000000000000000B1
:10F36000000000000000000000000000000000009D
:10F37000000000000000000000000000000000008D
:10F3800000000000000000000040404000000000BD
:10F39000004040404000000000404040400000006D
:10F3A000004040404000000000404040400000005D
:10F3B0000000400040808000800000FF00FF80804F
:10F3C00080FFFFFF00FFFFFF8000000000808080C3
:10F3D00080000000008080808000000000008080AD
:10F3E00000FFFFFF00FFFFFF000000000000000023
:10F3F000FFFFFF00FF80FFFF80FF00FF00FFFF8097
:10F40000FF000000FF808080800000FF00FF808000
:10F41000FF00FF00FF0000FF0000000000000000F0
:10F4200000000000000000000000000000000000DC
:10F4300000000000000000000000000000000000CC
:10F44000000000000000000000000000008080803C
:10F4500080000000008080808000000000808080AC
:10F46000800000000080808080000000008080809C
:10F4700080000000000000800100FE008800000401
:10F4800000120020003CAC00AC122020123CAC3C2E
:10F490000000000000000000CCCDCCCCCD3DCC3D28
:10F4A000CC00CC00CD00003D0058008B003AA000FD
:10F4B000A0588B8B583AA03AAC122020123CAC3C9E
:10F4C000AC58208B123AA03CA0588B8B583AA03AEB
:10F4D000AC122020123CAC3CCCCDCCCCCD3DCC3DB4
:10F4E000CCCDCCCCCD3DCC3DCC58CC8BCD3AA03D79
:10F4F000A0008B005800003A00000000000000004F
:10F5000000000000000000000000000000000000FB
:10F510000000000000000000E80A1C1C0A41E8414D
:10F52000E8121C200A3CAC41AC122020123CAC3C3E
:10F5300001010000010001000100000001000000C5
:10F5400000000000000000000000000000000000BB
:10F5500000000000000000000000000000000000AB
:10F56000000000000000000000000000000000009B
:10F57000000000000000000000000000000000008B
:10F58000000000000000000000000000000000007B
:10F59000000000000000000000000000000000006B
:10F5A000000000000000000000000000000000005B
:10F5B000000000000000000000000000000000004B
:10F5C000000000000000000000000000000000003B
:10F5D000000000000000000000000000000000002B
:10F5E000000000000000000000000000000000001B
:10F5F000000000000000000000000000000000000B
:10F600000001FE000800000A0087000003006E00F1
:10F61000F1C02220800F13009CDE0C70D1C0E07E70
:10F62000E2C2AD70C341A100F428136D162142035C
:10F6300000614C41A57102793474C229A900E2200D
:10F64000890F13002CB9E10D1194C2C6494E49032C
:10F65000543B1100AC28A1003A0000000050A80063
:10F6600056340003010502053CBB130003082406C1
:10F67000080C06082005F4BA1300060220A8D805D5
:10F6800020DC021001000000280000D81300050053
:10F69000000084DA13000000F428A100F700000045
:10F6A00000B0DAB03DA1000F040B10900220940EC0
:10F6B000049802100B049C02100F04ED010310A02B
:10F6C00002180304AC020803040B58070C020300E1
:10F6D0000014057A00083D04050000D6FFF93D0836
:10F6E000080308793E100C81C00308F93E00004869
:10F6F00041021B000000C8410602060210644C4291
:10F70000070408C842022B020A48430902060220E5
:10F71000430A040848741D440B0208D102040F0375
:10F7200006100104088004060F050810280328208D
:10F730000C000B88801002112080424C0207070346
:10F740000730810B0098C000141424040A184808DC
:10F7500011071708081503030B08217D0004020791
:10F76000803DFA00040F3EF4010203103EE822003F
:10F7700003047F3FD007020F00803F1900060032CC
:10F78000000700000064000800C800090090010A9A
:10F790000020030B00000000902AA100F4000000EC
:10F7A00000422A000201200110000F01010A051287
:10F7B000210207F00204E8030000000010271900EE
:10F7C0000378220090C61300F8BDA8A01300D80249
:10F7D00008E00208D0020870C31300300204E802F7
:10F7E0000C001EC4C21300A8C11300E0020C023BAF
:10F7F0000F030410B427A1300400D826A1040C0B79
:10F8000005B81E053E09104844000080129D3F02C5
:10F810007A000807150100FF030B0102900308039B
:10F820000421010FC038000000030FC0023005C0E2
:10F83000A00084D7130060D0130000020CD813007E
:10F840009CD413000402083CD31300FCD2ABA002EA
:10F8500004021C84020C1C020814021890CF13002E
:10F86000AC020C000E01C602F80FC00620CDCC4C35
:10F8700002B0060D0003C0C8410000D0070400D04C
:10F880000706140100FF0000000001030000000053
:10F8900000000000102CA1001F04000000B269004D
:10F8A0000201F00102050E03C00E10090F484409C1
:10F8B0000C03090B060A14F06DBC13004402040685
:10F8C0000F0F070F100410F10F800216040204033B
:10F8D000030106320203060B04C8430000C83F05BB
:10F8E00012020605080D0604BD869B130D11020EBB
:10F8F0007FD6D03D02070F030410D10F80021605FA
:10F90000200205FFBE02030F80027C028002190460
:10F91000030F800415000F8003160F8003140704E3
:10F92000CD0F80CFF7021907130F800580484102E1
:10F930002302030F8002130203341F0002140F037B
:10F940000B10FE77CB076D0A1517DA0F8005801FA5
:10F95000800A39020B1F000213001F000314070462
:10F96000EB73960F8002193F3402050F030F10004E
:10F97000022F1E0422EC2280FCBB2F04B7B7041B0D
:10F980000F050410A30F800216452600020B0F037B
:10F990000A10020F3A041CD40280BE7DA4020404A3
:10F9A0000D0F050F100210FC0F4602142502040F64
:10F9B000030510338018800A3B3B05140D061C2FED
:10F9C000000D1F0F0E00EA0F8002223B1F80021461
:10F9D0000F030000EBED1F7F05227402FCE41F8083
:10F9E000051B0F060410F70F8002161C0204030308
:10F9F0002F80FFB62F8003240F042F8003202F8039
:10FA000003140704F30F8002190D02040303030F0C
:10FA1000E33EDC004F8003260D040F80031EE12E21
:10FA2000654203080F040310D00F800215FEE80E94
:10FA300026800F801500022104034F00041500C426
:10FA4000D925FCB8060803160F80FBFE0314070433
:10FA5000CF0F80021927590F800580C84F800232CE
:10FA600009034F80091A0F0A0510F6FFF40F8002F0
:10FA7000170C020403030F8006806F00032B080499
:10FA80001F8003191F0003140704F67FF60F80027E
:10FA9000191F020403032F800F8003240F040F801B
:10FAA00003202F8003140704E9FB6F0F8002193D28
:10FAB0003F8002140F033F8007203F8007180F0884
:10FAC0000710FA0F80021937FFED0F8002140F03A1
:10FAD0000F8007200F8007180F080710F90F80020A
:10FAE00019343600020B0F038DDE0A100287270A35
:10FAF0001400002C42808C02040C150F0D0A10F823
:10FB00000F80021C7CDF323002050F030F105F00F4
:10FB10000620BC027C5F00061B0F070410EC0F8060
:10FB20000216FEDB301F8002140F031F8007200F18
:10FB30008007180F080710C00F80021906165A3FD9
:10FB400000FFF63F00022B0F039F0004203F00043C
:10FB5000150605CC0F800218070F80021405035FFD
:10FB6000807F7305160B063F80031C0F800314076C
:10FB700004A40F800219462402050F030F1000BFD2
:10FB8000FD8F0005218F0005160F060910C80F8094
:10FB9000021B261600020B0E038F000E1F020F6FB2
:10FBA000FF8F0002130F030C10E80F80021E392F85
:10FBB0008002140F032F8007204F0007180F08ED55
:10FBC0007F0710C60F8002191D16002F802F80029C
:10FBD0002B0F032F8004202F0004150605C2FBDF26
:10FBE0000F8002180F06806F800F80022B0F030F0B
:10FBF0008004206F8004150605C30F800218FE6F75
:10FC0000100F80021405033F0005160B063F00038A
:10FC10001C0F8003140704C50F80021920FFDB06A8
:10FC2000801F801F00022B0F031F0004201F800471
:10FC3000150605A00F8002184D2F8002147FFB0FC0
:10FC4000032F8007202F8007180F080710A10F80AF
:10FC500002194B0F8002140F030F8007206FFF0F54
:10FC60008007180F080710E70F800219354F800230
:10FC7000140F03028016A60D1A7F000D1EB1FF0F90
:10FC80000E0000E60F8002235E1F0002140F030225
:10FC9000800F1304106F8004150F05ED1F0A10A2CA
:10FCA0000F80021C430F8002140F030F8007200FE8
:10FCB0008007180F0800000000000000103DA100A0
:10FCC000360000000032DD000201E00102050E03F3
:10FCD000D04103111903050F040A10030A0C090B84
:10FCE00018004CBA13090D0F0A00000000000000B4
:10FCF000000000000000000000000000903DA10096
:10FD00000500000001BC28A100000000943DA100F6
:10FD10000500000001C428A100000000983DA100DA
:10FD20000500000001CC28A1000000009C3DA100BE
:10FD30000500000001B428A100000000A03DA100C2
:10FD40000D00000001D428A100DC28A100EC28A1AE
:10FD500000000000AC3DA1000500000001E428A166
:10FD600000000000D826A1002DFEFFFF00000000CB
:10FD700000000000102840587088A0B80000000063
:10FD8000000000002D2B0008512B0008453501080C
:10FD9000102840587088A0B802030604001202031D
:10FDA0000604010002100000FD0F0000F80F000023
:10FDB000F30F0000EE0F0000E90F0000E30F00005A
:10FDC000DE0F0000D90F0000D40F0000CF0F00009D
:10FDD000CA0F0000C50F0000C00F0000BB0F0000DD
:10FDE000B60F0000B00F0000AB0F0000A60F000020
:10FDF000A10F00009C0F0000970F0000920F000061
:10FE00008D0F0000880F0000830F00007D0F0000A1
:10FE1000780F0000730F00006E0F0000690F0000E4
:10FE2000640F00005F0F00005A0F0000550F000024
:10FE3000500F00004A0F0000450F0000400F000067
:10FE40003B0F0000360F0000310F00002C0F0000A8
:10FE5000270F0000220F00001C0F0000170F0000EA
:10FE6000120F00000D0F0000080F0000030F00002C
:10FE7000FE0E0000F90E0000F30E0000EE0E000072
:10FE8000E90E0000E40E0000DF0E0000DA0E0000B4
:10FE9000D50E0000D00E0000CA0E0000C50E0000F6
:10FEA000C00E0000BB0E0000B60E0000B10E000038
:10FEB000AC0E0000A60E0000A10E00009C0E00007B
:10FEC000970E0000920E00008D0E0000880E0000BC
:10FED000820E00007D0E0000780E0000730E000000
:10FEE0006E0E0000690E0000640E00005E0E000041
:10FEF000590E0000540E00004F0E00004A0E000084
:10FF0000450E00003F0E00003A0E0000350E0000C6
:10FF1000300E00002B0E0000250E0000200E000009
:10FF20001B0E0000160E0000110E00000C0E00004B
:10FF3000060E0000010E0000FC0D0000F70D000091
:10FF4000F20D0000EC0D0000E70D0000E20D0000D6
:10FF5000DD0D0000D80D0000D20D0000CD0D000019
:10FF6000C80D0000C30D0000BD0D0000B80D00005D
:10FF7000B30D0000AE0D0000A90D0000A30D0000A0
:10FF80009E0D0000990D0000940D00008E0D0000E4
:10FF9000890D0000840D00007F0D0000790D000028
:10FFA000740D00006F0D00006A0D0000640D00006C
:10FFB0005F0D00005A0D0000540D00004F0D0000B1
:10FFC0004A0D0000450D00003F0D00003A0D0000F5
:10FFD000350D00002F0D00002A0D0000250D00003A
:10FFE000200D00001A0D0000150D0000100D00007E
:10FFF0000A0D0000050D0000000D0000FA0C0000C5
:020000040804EE
:10000000F50C0000F00C0000EA0C0000E50C00000C
:10001000E00C0000DA0C0000D50C0000D00C000051
:10002000CA0C0000C50C0000BF0C0000BA0C000098
:10003000B50C0000AF0C0000AA0C0000A50C0000DD
:100040009F0C00009A0C0000940C00008F0C000024
:100050008A0C0000840C00007F0C0000790C00006A
:10006000740C00006F0C0000690C0000640C0000B0
:100070005E0C0000590C0000530C00004E0C0000F8
:10008000480C0000430C00003E0C0000380C00003F
:10009000330C00002D0C0000280C0000220C000086
:1000A0001D0C0000170C0000120C00000C0C0000CE
:1000B000070C0000010C0000FC0B0000F60B000018
:1000C000F10B0000EB0B0000E50B0000E00B000063
:1000D000DA0B0000D50B0000CF0B0000CA0B0000AC
:1000E000C40B0000BF0B0000B90B0000B30B0000F5
:1000F000AE0B0000A80B0000A30B00009D0B00003E
:10010000970B0000920B00008C0B0000870B000087
:10011000810B00007B0B0000760B0000700B0000D1
:100120006A0B0000650B00005F0B0000590B00001C
:10013000540B00004E0B0000480B0000430B000066
:100140003D0B0000370B0000310B00002C0B0000B2
:10015000260B0000200B00001A0B0000150B0000FE
:100160000F0B0000090B0000030B0000FE0A00004B
:10017000F80A0000F20A0000EC0A0000E60A00009B
:10018000E10A0000DB0A0000D50A0000CF0A0000E7
:10019000C90A0000C30A0000BE0A0000B80A000035
:1001A000B20A0000AC0A0000A60A0000A00A000083
:1001B0009A0A0000940A00008E0A0000890A0000D2
:1001C000830A00007D0A0000770A0000710A00001F
:1001D0006B0A0000650A00005F0A0000590A00006F
:1001E000530A00004D0A0000470A0000410A0000BF
:1001F0003B0A0000350A00002F0A0000290A00000F
:10020000230A00001C0A0000160A0000100A000061
:100210000A0A0000040A0000FE090000F8090000B4
:10022000F2090000EB090000E5090000DF09000009
:10023000D9090000D3090000CD090000C60900005B
:10024000C0090000BA090000B4090000AD090000AF
:10025000A7090000A10900009A0900009409000004
:100260008E09000088090000810900007B09000058
:10027000740900006E0900006809000061090000AF
:100280005B090000540900004E0900004809000005
:10029000410900003B090000340900002E0900005C
:1002A00027090000210900001A09000014090000B4
:1002B0000D0900000609000000090000F90800000F
:1002C000F3080000EC080000E5080000DF0800006B
:1002D000D8080000D1080000CB080000C4080000C6
:1002E000BD080000B6080000B0080000A908000022
:1002F000A20800009B080000950800008E0800007E
:1003000087080000800800007908000072080000DB
:100310006B080000640800005D080000560800003B
:100320004F08000048080000410800003A0800009B
:10033000330800002C080000250800001E080000FB
:10034000170800001008000008080000010800005D
:10035000FA070000F3070000EC070000E4070000C4
:10036000DD070000D6070000CE070000C707000029
:10037000C0070000B8070000B1070000A90700008F
:10038000A20700009A070000930700008B070000F7
:10039000840700007C070000750700006D0700005F
:1003A000650700005E070000560700004E070000CA
:1003B000460700003E070000370700002F07000037
:1003C000270700001F070000170700000F070000A5
:1003D00007070000FF060000F7060000EF06000018
:1003E000E7060000DF060000D7060000CE0600008A
:1003F000C6060000BE060000B5060000AD060000FF
:10040000A50600009C060000940600008B06000074
:10041000830600007A0600007206000069060000EC
:1004200060060000580600004F0600004606000067
:100430003D060000340600002B06000022060000E6
:10044000190600001006000007060000FE05000067
:10045000F5050000EC050000E2050000D9050000EC
:10046000D0050000C6050000BD050000B305000072
:10047000A9050000A0050000960500008C050000FD
:1004800082050000780500006E050000640500008C
:100490005A05000050050000460500003B0500001D
:1004A00031050000260500001C05000011050000B4
:1004B00006050000FC040000F1040000E604000052
:1004C000DB040000D0040000C4040000B9040000F4
:1004D000AE040000A2040000960400008B0400009B
:1004E0007F04000073040000670400005A04000049
:1004F0004E04000041040000350400002804000000
:100500001B0400000E04000001040000F3030000BF
:10051000E6030000D8030000CA030000BC0300008B
:10052000AE0300009F030000900300008203000060
:100530007203000063030000530300004303000044
:100540003303000022030000110300000003000039
:10055000EE020000DC020000C9020000B60200004A
:10056000A20200008E020000790200006302000077
:100570004D020000360200001E02000004020000CE
:10058000EA010000CE010000B0010000900100006F
:100590006D010000460100001B010000E7000000A3
:1005A000A30000000000000006000000070000009B
:1005B00008000000090000000A0000000B00000015
:1005C0000B0000000C0000000D0000000D000000FA
:1005D0000E0000000E0000000F0000000F000000E1
:1005E00010000000100000001100000011000000C9
:1005F00012000000120000001300000013000000B1
:100600001400000014000000140000001500000099
:100610001500000016000000160000001600000083
:10062000170000001700000017000000180000006D
:100630001800000018000000190000001900000058
:10064000190000001A0000001A0000001A00000043
:100650001B0000001B0000001B0000001B0000002E
:100660001C0000001C0000001C0000001D00000019
:100670001D0000001D0000001D0000001E00000005
:100680001E0000001E0000001E0000001F000000F1
:100690001F0000001F0000001F00000020000000DD
:1006A00020000000200000002000000021000000C9
:1006B00021000000210000002100000022000000B5
:1006C00022000000220000002200000023000000A1
:1006D000230000002300000023000000240000008D
:1006E000240000002400000024000000240000007A
:1006F0002500000025000000250000002500000066
:100700002600000026000000260000002600000051
:10071000260000002700000027000000270000003E
:10072000270000002700000028000000280000002B
:100730002800000028000000280000002900000018
:100740002900000029000000290000002900000005
:100750002A0000002A0000002A0000002A000000F1
:100760002A0000002B0000002B0000002B000000DE
:100770002B0000002B0000002B0000002C000000CC
:100780002C0000002C0000002C0000002C000000B9
:100790002D0000002D0000002D0000002D000000A5
:1007A0002D0000002D0000002E0000002E00000093
:1007B0002E0000002E0000002E0000002E00000081
:1007C0002F0000002F0000002F0000002F0000006D
:1007D0002F0000002F00000030000000300000005B
:1007E0003000000030000000300000003000000049
:1007F0003100000031000000310000003100000035
:100800003100000031000000320000003200000022
:100810003200000032000000310000003300000010
:1008200034000000350000003600000037000000F2
:10083000390000003A0000003B0000003C000000CE
:100840003D0000003E0000003F00000040000000AE
:10085000410000004200000043000000440000008E
:10086000450000004600000047000000480000006E
:1008700048000000490000004A0000004B00000052
:100880004C0000004D0000004E0000004E00000033
:100890004F00000050000000510000005200000016
:1008A00052000000530000005400000055000000FA
:1008B00055000000560000005700000058000000DE
:1008C00058000000590000005A0000005B000000C2
:1008D0005B0000005C0000005D0000005D000000A7
:1008E0005E0000005F0000005F000000600000008C
:1008F0006100000061000000620000006300000071
:100900006300000064000000650000006500000056
:10091000660000006600000067000000680000003C
:1009200068000000690000006A0000006A00000022
:100930006B0000006B0000006C0000006D00000008
:100940006D0000006E0000006E0000006F000000EF
:100950006F000000700000007100000071000000D6
:1009600072000000720000007300000073000000BD
:1009700074000000740000007500000076000000A4
:10098000760000007700000077000000780000008B
:100990007800000079000000790000007A00000073
:1009A0007A0000007B0000007B0000007C0000005B
:1009B0007C0000007D0000007D0000007E00000043
:1009C0007E0000007F0000007F000000800000002B
:1009D0008000000081000000810000008200000013
:1009E00082000000830000008300000084000000FB
:1009F00084000000850000008500000086000000E3
:100A000086000000870000008700000088000000CA
:100A10008800000089000000890000008A000000B2
:100A20008A0000008B0000008B0000008B0000009B
:100A30008C0000008C0000008D0000008D00000084
:100A40008E0000008E0000008F0000008F0000006C
:100A50009000000090000000900000009100000055
:100A6000910000009200000092000000930000003E
:100A70009300000094000000940000009400000027
:100A80009500000095000000960000009600000010
:100A900097000000970000009700000098000000F9
:100AA00098000000990000009900000099000000E3
:100AB0009A0000009A0000009B0000009B000000CC
:100AC0009C0000009C0000009C0000009D000000B5
:100AD0009D0000009E0000009E0000009E0000009F
:100AE0009F0000009F000000A0000000A000000088
:100AF000A0000000A1000000A1000000A200000072
:100B0000A2000000A2000000A3000000A30000005B
:100B1000A4000000A4000000A4000000A500000044
:100B2000A5000000A6000000A6000000A60000002E
:100B3000A7000000A7000000A7000000A800000018
:100B4000A8000000A9000000A9000000A900000002
:100B5000AA000000AA000000AA000000AB000000EC
:100B6000AB000000AC000000AC000000AC000000D6
:100B7000AD000000AD000000AD000000AE000000C0
:100B8000AE000000AF000000AF000000AF000000AA
:100B9000B0000000B0000000B0000000B100000094
:100BA000B1000000B1000000B2000000B20000007F
:100BB000B3000000B3000000B3000000B400000068
:100BC000B4000000B4000000B5000000B500000053
:100BD000B5000000B6000000B6000000B60000003E
:100BE000B7000000B7000000B7000000B800000028
:100BF000B8000000B9000000B9000000B900000012
:100C0000BA000000BA000000BA000000BB000000FB
:100C1000BB000000BB000000BC000000BC000000E6
:100C2000BC000000BD000000BD000000BD000000D1
:100C3000BE000000BE000000BE000000BF000000BB
:100C4000BF000000BF000000C0000000C0000000A6
:100C5000C0000000C1000000C1000000C100000091
:100C6000C2000000C2000000C2000000C30000007B
:100C7000C3000000C3000000C4000000C400000066
:100C8000C4000000C5000000C5000000C500000051
:100C9000C6000000C6000000C6000000C70000003B
:100CA000C7000000C7000000C8000000C800000026
:100CB000C8000000C8000000C9000000C900000012
:100CC000C9000000CA000000CA000000CA000000FD
:100CD000CB000000CB000000CB000000CC000000E7
:100CE000CC000000CC000000CD000000CD000000D2
:100CF000CD000000CE000000CE000000CE000000BD
:100D0000CE000000CF000000CF000000CF000000A8
:100D1000D0000000D0000000D0000000D100000092
:100D2000D1000000D1000000D2000000D20000007D
:100D3000D2000000D2000000D3000000D300000069
:100D4000D3000000D4000000D4000000D400000054
:100D5000D5000000D5000000D5000000D50000003F
:100D6000D6000000D6000000D6000000D70000002A
:100D7000D7000000D7000000D8000000D800000015
:100D8000D8000000D8000000D9000000D900000001
:100D9000D9000000DA000000DA000000DA000000EC
:100DA000DB000000DB000000DB000000DB000000D7
:100DB000DC000000DC000000DC000000DD000000C2
:100DC000DD000000DD000000DD000000DE000000AE
:100DD000DE000000DE000000DF000000DF00000099
:100DE000DF000000DF000000E0000000E000000085
:100DF000E0000000E1000000E1000000E100000070
:100E0000E1000000E2000000E2000000E20000005B
:100E1000E3000000E3000000E3000000E300000046
:100E2000E4000000E4000000E4000000E500000031
:100E3000E5000000E5000000E5000000E60000001D
:100E4000E6000000E6000000E6000000E700000009
:100E5000E7000000E7000000E8000000E8000000F4
:100E6000E8000000E8000000E9000000E9000000E0
:100E7000E9000000EA000000EA000000EA000000CB
:100E8000EA000000EB000000EB000000EB000000B7
:100E9000EB000000EC000000EC000000EC000000A3
:100EA000ED000000ED000000ED000000ED0000008E
:100EB000EE000000EE000000EE000000EE0000007A
:100EC000EF000000EF000000EF000000EF00000066
:100ED000F0000000F0000000F0000000F100000051
:100EE000F1000000F1000000F1000000F20000003D
:100EF000F2000000F2000000F2000000F300000029
:100F0000F3000000F3000000F3000000F400000014
:100F1000F4000000F4000000F4000000F500000000
:100F2000F5000000F5000000F6000000F6000000EB
:100F3000F6000000F6000000F7000000F7000000D7
:100F4000F7000000F7000000F8000000F8000000C3
:100F5000F8000000F8000000F9000000F9000000AF
:100F6000F9000000F9000000FA000000FA0000009B
:100F7000FA000000FA000000FB000000FB00000087
:100F8000FB000000FB000000FC000000FC00000073
:100F9000FC000000FC000000FD000000FD0000005F
:100FA000FD000000FD000000FE000000FE0000004B
:100FB000FE000000FE000000FF000000FF00000037
:100FC000FF000000FF000000000100000001000021
:100FD000000100000001000001010000010100000B
:100FE00001010000010100000201000002010000F7
:100FF00002010000020100000301000003010000E3
:1010000003010000030100000401000004010000CE
:1010100004010000040100000501000005010000BA
:1010200005010000050100000601000006010000A6
:101030000601000006010000070100000701000092
:10104000070100000701000008010000080100007E
:10105000080100000801000009010000090100006A
:1010600009010000090100000A0100000A01000056
:101070000A0100000A0100000B0100000B01000042
:101080000B0100000B0100000B0100000C0100002F
:101090000C0100000C0100000C0100000D0100001B
:1010A0000D0100000D0100000D0100000E01000007
:1010B0000E0100000E0100000E0100000F010000F3
:1010C0000F0100000F0100000F01000010010000DF
:1010D00010010000100100001001000010010000CC
:1010E00011010000110100001101000011010000B8
:1010F00012010000120100001201000012010000A4
:10110000130100001301000013010000130100008F
:10111000140100001401000014010000140100007B
:101120001401000015010000150100001501000068
:101130001501000016010000160100001601000054
:101140001601000017010000170100001701000040
:10115000170100001701000018010000180100002D
:101160001801000018010000190100001901000019
:101170001901000019010000190100001A01000006
:101180001A0100001A0100001A0100001B010000F2
:101190001B0100001B0100001B0100001C010000DE
:1011A0001C0100001C0100001C0100001C010000CB
:1011B0001D0100001D0100001D0100001D010000B7
:1011C0001E0100001E0100001E0100001E010000A3
:1011D0001E0100001F0100001F0100001F01000090
:1011E0001F0100002001000020010000200100007C
:1011F0002001000020010000210100002101000069
:101200002101000021010000220100002201000054
:101210002201000022010000220100002301000041
:10122000230100002301000023010000240100002D
:10123000240100002401000024010000240100001A
:101240002501000025010000250100002501000006
:1012500026010000260100002601000026010000F2
:1012600026010000270100002701000027010000DF
:1012700027010000270100002801000028010000CC
:1012800028010000280100002901000029010000B8
:101290002901000029010000290100002A010000A5
:1012A0002A0100002A0100002A0100002A01000092
:1012B0002B0100002B0100002B0100002B0100007E
:1012C0002C0100002C0100002C0100003863ED3ED1
:1012D000DA0F493F5E987B3FDA0FC93F6937AC317F
:1012E00068212233B40F14336821A23300000000B8
:1012F000000000000000F03F748515D3B0D9EF3F27
:101300000F89F96C58B5EF3F515B12D00193EF3F55
:101310007B517D3CB872EF3FAAB968318754EF3FEB
:101320003862756E7A38EF3FE1DE1FF59D1EEF3FA4
:1013300015B7310AFE06EF3FCBA93A37A7F1EE3FCA
:101340002234124CA6DEEE3F2D89616008CEEE3FBE
:10135000272A36D5DABFEE3F824F9D562BB4EE3F9B
:10136000295448DD07ABEE3F85553AB07EA4EE3FE9
:10137000CD3B7F669EA0EE3F745FECE8759FEE3F2D
:101380008701EB7314A1EE3F13CE4C9989A5EE3F74
:10139000DBA02A42E5ACEE3FE5C5CDB037B7EE3F66
:1013A00090F0A38291C4EE3F5D253EB203D5EE3F9F
:1013B000ADD35A999FE8EE3F475EFBF276FFEE3FD2
:1013C0009C5285DD9B19EF3F6990EFDC2037EF3FA2
:1013D00087A4FBDC1858EF3F5F9B7B33977CEF3F84
:1013E000DA90A4A2AFA4EF3F40456E5B76D0EF3F0A
:1013F000000000000000E8429423914BF86AAC3FE3
:10140000F3C4FA50CEBFCE3FD6520CFF422EE63F79
:101410000000000000003843FE822B65471547405E
:101420009423914BF86ABC3EF3C4FA50CEBF2E3FD2
:10143000D6520CFF422E963FBEF3F879EC61F63F90
:10144000DEAA8C80F77BD5BF3D88AF4AED71F53FB2
:10145000DB6DC0A7F0BED2BFB010F0F03995F43FFD
:10146000673A517FAE1ED0BF8503B8B095C9F33F30
:10147000E92482A6D831CBBFA564880C190DF33FAF
:101480005877C00A4F57C6BFA08E0B7B225EF23F33
:1014900000819CC72BAAC1BF3F341A4A4ABBF13F07
:1014A0005E0E8CCE764EBABFBAE58AF05823F13F75
:1014B000CC1C615A3C97B1BFA70099413F95F03FC2
:1014C0001E0CE138F452A2BF000000000000F03F03
:1014D0000000000000000000AC479AFD8C60EE3F69
:1014E0008459F25DAAA5AA3FA06A021FB3A4EC3FEB
:1014F000B42E36AA535EBC3FE6FC6A573620EB3F5B
:1015000008DB2077E526C53F2DAAA163D1C2E93FBC
:101510007047220D86C2CB3FED417803E686E83F57
:10152000E17EA0C88B05D13F624853F5DC67E73FF9
:1015300009EEB6573004D43FEF39FAFE422EE63FAB
:101540003483B848A30ED0BF6A0BE00B5B57D53F7E
:1015500023410AF2FEFFDFBFBEF3F879EC61F63FEC
:101560001930965BC6FEDEBF3D88AF4AED71F53F90
:10157000A4FCD432680BDBBFB010F0F03995F43F17
:101580007BB71F0A8B41D7BF8503B8B095C9F33F1E
:101590007BCF6D1AE99DD3BFA564880C190DF33F6D
:1015A00031B6F2F39B1DD0BFA08E0B7B225EF23FC3
:1015B000F07A3B1B1D7CC9BF3F341A4A4ABBF13F3E
:1015C0009F3CAF93E3F9C2BFBAE58AF05823F13FDD
:1015D0005C8D78BFCB60B9BFA70099413F95F03FC4
:1015E000CE5F47B69D6FAABF000000000000F03F2D
:1015F0000000000000000000AC479AFD8C60EE3F48
:101600003DF5249FCA38B33FA06A021FB3A4EC3F44
:10161000BA913854A976C43FE6FC6A573620EB3FAE
:10162000D2E4C44A0B84CE3F2DAAA163D1C2E93FC4
:101630001C65C6F04506D43FED417803E686E83FD9
:10164000F89F1B2C9C8ED83F624853F5DC67E73F20
:10165000CC7BB14EA4E0DC3F0B6E49C91676D23F7D
:101660007AC675A06919D7BFDDBAA76C0AC7DE3F75
:10167000C8F6BE484715E7BF2BB82A654715F73FA0
:10168000A2000000F9A2000083F9A2006E83F9A273
:101690004E6E83F9444E6E8315444E6E2915444EAA
:1016A000FC29154427FC29155727FC29D15727FC6D
:1016B000F5D1572734F5D157DD34F5D1C0DD34F5F8
:1016C000DBC0DD3462DBC0DD9562DBC0999562DB97
:1016D0003C999562433C999590433C994190433C99
:1016E000000000000000F03F000000000000F0BF1C
:1016F000000000000000F0BF000000000000F03F0C
:1017000083C8C96D305F6441182D4454FB21F93FF3
:10171000000000000000F03F1C620CFDFFFFDFBF77
:10172000198F06E15355A53F9D359AE887C056BFEE
:10173000C3F87B024393F93E03A695595455C5BFA0
:10174000C40B23057610813F24CF7437EB9429BF57
:10175000000000000000F03F000000000000F0BFAB
:10176000000000000000F0BF000000000000F03F9B
:1017700083C8C96D305F6441182D4454FB21F93F83
:10178000000000000000F0BF1C620CFDFFFFDF3F07
:10179000198F06E15355A5BF9D359AE887C0563F7E
:1017A000C3F87B024393F9BE03A695595455C5BFB0
:1017B000C40B23057610813F24CF7437EB9429BFE7
:1017C000DB0F49BFE4CB1640E4CB16C0000000801D
:1017D000DB0F4940DB0F49C0000000000000008023
:1017E000000FC93F000F494000CB9640000FC94091
:1017F0000053FB4000CB164100ED2F41000F494143
:101800000031624100537B41003A8A4100CB96414E
:10181000005CA34100EDAF41007EBC41000FC94117
:1018200000A0D5410031E24100C2EE410053FB412E
:1018300000F20342003A0A420083104200CB1642F3
:1018400000141D42005C234200A5294200ED2F42F6
:1018500000363642007E3C4200C74242000F4942F9
:10186000A2000000F9000000830000006E000000EC
:101870004E00000044000000150000002900000098
:10188000FC0000002700000057000000D10000000D
:10189000F500000034000000DD000000C000000082
:1018A000DB000000620000009500000099000000CD
:1018B0003C000000430000009000000041000000D8
:1018C000FE0000005100000063000000AB000000BB
:1018D000DE000000BB000000C50000006100000049
:1018E000B7000000240000006E0000003A00000075
:1018F000420000004D000000D2000000E0000000A7
:1019000006000000490000002E000000EA00000070
:1019100009000000D1000000920000001C0000003F
:10192000FE0000001D000000EB0000001C00000095
:10193000B100000029000000A70000003E000000E8
:10194000E80000008200000035000000F500000003
:101950002E000000BB0000004400000084000000D6
:10196000E90000009C00000070000000260000005C
:10197000B40000005F0000007E0000004100000095
:101980003900000091000000D6000000390000007E
:10199000830000005300000039000000F400000044
:1019A0009C000000840000005F0000008B0000002D
:1019B000BD000000F9000000280000003B0000000E
:1019C0001F000000F800000097000000FF0000006A
:1019D000DE00000005000000980000000F0000007D
:1019E000EF0000002F000000110000008B0000003D
:1019F0005A0000000A0000006D0000001F000000F7
:101A00006D000000360000007E000000CF000000E6
:101A100027000000CB00000009000000B700000014
:101A20004F000000460000003F000000660000007C
:101A30009E0000005F000000EA0000002D00000092
:101A40007500000027000000BA000000C700000079
:101A5000EB000000E5000000F10000007B0000004A
:101A60003D0000000700000039000000F700000002
:101A70008A0000005200000092000000EA0000000E
:101A80006B000000FB0000005F000000B1000000E0
:101A90001F0000008D0000005D0000000800000035
:101AA0005600000003000000300000004600000067
:101AB000FC0000007B0000006B000000AB00000099
:101AC000F0000000CF000000BC000000200000007B
:101AD0009A000000F4000000360000001D00000025
:101AE000A9000000E3000000910000006100000078
:101AF0005E000000E60000001B000000080000007F
:101B00006500000099000000850000005F000000F3
:101B100014000000A0000000680000004000000069
:101B20008D000000FF000000D800000080000000D1
:101B30004D0000007300000027000000310000008D
:101B4000060000000600000015000000560000001E
:101B5000CA00000073000000A8000000C9000000D7
:101B600060000000E20000007B000000C0000000F8
:101B70008C0000006B0000000000C93F0000F0393D
:101B80000000DA370000A2330000842E0000502B42
:101B90000000C2270000D0220000C41F0000C61BA6
:101BA00000004417040000000700000009000000C6
:101BB000AC0100245245454E54206D616C6C6F633E
:101BC00020737563636565646564002F6275696C75
:101BD000642F676E752D746F6F6C732D666F722D29
:101BE00073746D33325F392D323032302D71322DB6
:101BF0007570646174652E32303230313030312D81
:101C0000313632312F7372632F6E65776C69622FB4
:101C10006E65776C69622F6C6962632F7374646C94
:101C200069622F72616E642E63002C2066756E638C
:101C300074696F6E3A2000617373657274696F6EB8
:101C40002022257322206661696C65643A206669EA
:101C50006C6520222573222C206C696E652025641A
:101C6000257325730A00232D302B2000686C4C004F
:101C7000656667454647003031323334353637388C
:101C800039414243444546003031323334353637EA
:101C9000383961626364656600000000000000007E
:101CA0000000000000000000000000000000000034
:101CB0000000000000000000000000000000000024
:101CC0000000000000000000000000000000000014
:101CD0000000000000000000000000000000000004
:101CE00000000000000000000000000000000000F4
:0C1CF000000000000000000000000000E8
:081CFC002CEAFB7F010000004F
:101D0400C5020008850A0008712B0008452E00084A
:101D1400A5FD0008B902010871160108D91A0108C5
:081D2400591C0108D9DA01087D
:041D2C00A102000808
:101D30006CE3012424E60124DCE8012494EB012473
:101D40004CEE01240090D0030090D003100000005E
:101D5000010000000A06000200000040010000002F
:101D60004DD000084BD10008C1D100080000000090
:101D700071D4000851D300081BD4000800000000F3
:101D80000000000000000000EDD40008CDD40008E1
:101D90000DD500082DD5000809024300020100C03E
:101DA00032090400000102020100052400100105AF
:101DB0002401000104240202052406000107058213
:101DC0000308001009040100020A000000070501D1
:101DD0000200020007058102000200000902430020
:101DE000020100C0320904000001020201000524C2
:101DF000001001052401000104240202052406004C
:101E0000010705820308001009040100020A00000E
:101E100000070501024000000705810240000000A4
:101E200009074300020104C0320904000001020254
:101E30000100052400100105240100010424020210
:101E400005240600010705820308001009040100AB
:101E5000020A000000070501024000000705810298
:101E600040000000F8340208FF00000061F501089E
:101E700089F5010899F5010855F60108C9F6010828
:101E8000EDF6010811F7010871F7010835F70108AF
:101E900099F70108BDF70108F9F7010812010002DE
:101EA00002020040830440570002010203010000C7
:101EB000040309041A0300000000000000000000F1
:101EC0000000000000000000000000000000000012
:101ED0004D240208FF000000AC01002400000000B7
:101EE000BC1C0408DC1C04089C1C04080000000046
:101EF00000000000000000000000000000000000E2
:101F000000000000000000000000000000000000D1
:101F100000000000000000000000000000000000C1
:101F200000000000000000000000000000000000B1
:0C1F3000000000000000000000000000A5
:0400000508006B453F
:00000001FF
